 INFORMATION **** EXCBUF **** EXCH. BIPO BUFFER: WORDS USED =      313479

 *******************************************************************************
 UREA BULK BASE 6-21 + POLARIZATION                                              
 CRYSTAL - SCF - TYPE OF CALCULATION :  RESTRICTED CLOSED SHELL
 *******************************************************************************

 CAPPA:IS1  2;IS2  2;IS3  2; K PTS MONK NET   6; SYMMOPS:K SPACE  16;G SPACE   8

 TTTTTTTTTTTTTTTTTTTTTTTTTTTTTT SDIK        TELAPSE       93.22 TCPU       93.01

 INFORMATION FROM INTEGRAL EVALUATION

 RESTART FROM A PREVIOUS DENSITY MATRIX - DEP ACTIVE
 NUMBER OF COUPLE SETS (NEW, OLD, FOUND):     361     361     361
 NUMBER OF IRREDUCIBLE G VECTORS        :    1564    1564    1564
 CHARGE NORMALIZATION FACTOR   0.99874720
 TOTAL ATOMIC CHARGES:
   4.8201473   4.8201473   8.7688538   8.7688538   7.7455442   7.7455442
   7.7455442   7.7455442   0.7298434   0.7298434   0.7298434   0.7298434
   0.7301119   0.7301119   0.7301119   0.7301119
 TTTTTTTTTTTTTTTTTTTTTTTTTTTTTT MOQGAD      TELAPSE       93.25 TCPU       93.04
 TTTTTTTTTTTTTTTTTTTTTTTTTTTTTT SHELLXN     TELAPSE      100.85 TCPU      100.51
 TTTTTTTTTTTTTTTTTTTTTTTTTTTTTT MONMO3      TELAPSE      101.03 TCPU      100.69
 CYC   0 ETOT(AU) -4.474341783706E+02 DETOT -4.47E+02 tst  6.13E-10 PX  1.00E+00
 TTTTTTTTTTTTTTTTTTTTTTTTTTTTTT DIIS        TELAPSE      101.03 TCPU      100.70
 TTTTTTTTTTTTTTTTTTTTTTTTTTTTTT FDIK        TELAPSE      101.05 TCPU      100.71
 INSULATING STATE
 TOP OF VALENCE BANDS -    BAND     32; K    1; EIG -3.8711942E-01 AU
 BOTTOM OF VIRTUAL BANDS - BAND     33; K    1; EIG  2.0944013E-01 AU
 DIRECT ENERGY BAND GAP:  16.2332 eV
 TTTTTTTTTTTTTTTTTTTTTTTTTTTTTT PDIG        TELAPSE      101.06 TCPU      100.72
 CHARGE NORMALIZATION FACTOR   1.00000000
 TOTAL ATOMIC CHARGES:
   4.7805089   4.7805089   8.7922695   8.7922695   7.7476024   7.7476024
   7.7476024   7.7476024   0.7333709   0.7333709   0.7333709   0.7333709
   0.7326375   0.7326375   0.7326375   0.7326375
 TTTTTTTTTTTTTTTTTTTTTTTTTTTTTT MOQGAD      TELAPSE      101.07 TCPU      100.74
 TTTTTTTTTTTTTTTTTTTTTTTTTTTTTT SHELLXN     TELAPSE      108.47 TCPU      108.00
 TTTTTTTTTTTTTTTTTTTTTTTTTTTTTT MONMO3      TELAPSE      108.65 TCPU      108.18
 CYC   1 ETOT(AU) -4.476832327108E+02 DETOT -2.49E-01 tst  0.00E+00 PX  1.25E-02
 TTTTTTTTTTTTTTTTTTTTTTTTTTTTTT DIIS        TELAPSE      108.65 TCPU      108.18
 DIIS TEST: 0.15974E-02 AT SCF   CYCLE   1 - MIX   30 %
 TTTTTTTTTTTTTTTTTTTTTTTTTTTTTT FDIK        TELAPSE      108.66 TCPU      108.19
 INSULATING STATE
 TOP OF VALENCE BANDS -    BAND     32; K    1; EIG -3.8484665E-01 AU
 BOTTOM OF VIRTUAL BANDS - BAND     33; K    1; EIG  2.1208564E-01 AU
 DIRECT ENERGY BAND GAP:  16.2434 eV
 TTTTTTTTTTTTTTTTTTTTTTTTTTTTTT PDIG        TELAPSE      108.67 TCPU      108.20
 CHARGE NORMALIZATION FACTOR   1.00000000
 TOTAL ATOMIC CHARGES:
   4.7886813   4.7886813   8.7802529   8.7802529   7.7459877   7.7459877
   7.7459877   7.7459877   0.7354796   0.7354796   0.7354796   0.7354796
   0.7340656   0.7340656   0.7340656   0.7340656
 TTTTTTTTTTTTTTTTTTTTTTTTTTTTTT MOQGAD      TELAPSE      108.69 TCPU      108.22
 TTTTTTTTTTTTTTTTTTTTTTTTTTTTTT SHELLXN     TELAPSE      116.34 TCPU      115.66
 TTTTTTTTTTTTTTTTTTTTTTTTTTTTTT MONMO3      TELAPSE      116.58 TCPU      115.89
 CYC   2 ETOT(AU) -4.476834559641E+02 DETOT -2.23E-04 tst  4.40E-06 PX  3.91E-03
 TTTTTTTTTTTTTTTTTTTTTTTTTTTTTT DIIS        TELAPSE      116.58 TCPU      115.90
 DIIS TEST: 0.92844E-04 AT SCF   CYCLE   2 - DIIS ACTIVE - HISTORY:     2 CYCLES
 TTTTTTTTTTTTTTTTTTTTTTTTTTTTTT FDIK        TELAPSE      116.59 TCPU      115.91
 INSULATING STATE
 TOP OF VALENCE BANDS -    BAND     32; K    1; EIG -3.8431551E-01 AU
 BOTTOM OF VIRTUAL BANDS - BAND     33; K    1; EIG  2.1241727E-01 AU
 DIRECT ENERGY BAND GAP:  16.2379 eV
 TTTTTTTTTTTTTTTTTTTTTTTTTTTTTT PDIG        TELAPSE      116.60 TCPU      115.92
 CHARGE NORMALIZATION FACTOR   1.00000000
 TOTAL ATOMIC CHARGES:
   4.7833720   4.7833720   8.7826833   8.7826833   7.7463835   7.7463835
   7.7463835   7.7463835   0.7362220   0.7362220   0.7362220   0.7362220
   0.7343669   0.7343669   0.7343669   0.7343669
 TTTTTTTTTTTTTTTTTTTTTTTTTTTTTT MOQGAD      TELAPSE      116.62 TCPU      115.94
 TTTTTTTTTTTTTTTTTTTTTTTTTTTTTT SHELLXN     TELAPSE      125.47 TCPU      124.35
 TTTTTTTTTTTTTTTTTTTTTTTTTTTTTT MONMO3      TELAPSE      125.97 TCPU      124.75
 CYC   3 ETOT(AU) -4.476834757368E+02 DETOT -1.98E-05 tst  8.10E-07 PX  1.54E-03
 TTTTTTTTTTTTTTTTTTTTTTTTTTTTTT DIIS        TELAPSE      125.97 TCPU      124.75
 DIIS TEST: 0.12542E-04 AT SCF   CYCLE   3 - DIIS ACTIVE - HISTORY:     3 CYCLES
 TTTTTTTTTTTTTTTTTTTTTTTTTTTTTT FDIK        TELAPSE      125.98 TCPU      124.76
 INSULATING STATE
 TOP OF VALENCE BANDS -    BAND     32; K    1; EIG -3.8469794E-01 AU
 BOTTOM OF VIRTUAL BANDS - BAND     33; K    1; EIG  2.1240698E-01 AU
 DIRECT ENERGY BAND GAP:  16.2481 eV
 TTTTTTTTTTTTTTTTTTTTTTTTTTTTTT PDIG        TELAPSE      125.99 TCPU      124.77
 CHARGE NORMALIZATION FACTOR   1.00000000
 TOTAL ATOMIC CHARGES:
   4.7827190   4.7827190   8.7819001   8.7819001   7.7471555   7.7471555
   7.7471555   7.7471555   0.7362852   0.7362852   0.7362852   0.7362852
   0.7342497   0.7342497   0.7342497   0.7342497
 TTTTTTTTTTTTTTTTTTTTTTTTTTTTTT MOQGAD      TELAPSE      126.01 TCPU      124.79
 TTTTTTTTTTTTTTTTTTTTTTTTTTTTTT SHELLXN     TELAPSE      131.93 TCPU      130.57
 TTTTTTTTTTTTTTTTTTTTTTTTTTTTTT MONMO3      TELAPSE      132.12 TCPU      130.75
 CYC   4 ETOT(AU) -4.476834794054E+02 DETOT -3.67E-06 tst  1.28E-07 PX  5.82E-04
 TTTTTTTTTTTTTTTTTTTTTTTTTTTTTT DIIS        TELAPSE      132.12 TCPU      130.76
 DIIS TEST: 0.17529E-05 AT SCF   CYCLE   4 - DIIS ACTIVE - HISTORY:     4 CYCLES
 TTTTTTTTTTTTTTTTTTTTTTTTTTTTTT FDIK        TELAPSE      132.13 TCPU      130.77
 INSULATING STATE
 TOP OF VALENCE BANDS -    BAND     32; K    1; EIG -3.8453161E-01 AU
 BOTTOM OF VIRTUAL BANDS - BAND     33; K    1; EIG  2.1244037E-01 AU
 DIRECT ENERGY BAND GAP:  16.2444 eV
 TTTTTTTTTTTTTTTTTTTTTTTTTTTTTT PDIG        TELAPSE      132.14 TCPU      130.78
 CHARGE NORMALIZATION FACTOR   1.00000000
 TOTAL ATOMIC CHARGES:
   4.7826823   4.7826823   8.7820493   8.7820493   7.7469120   7.7469120
   7.7469120   7.7469120   0.7364147   0.7364147   0.7364147   0.7364147
   0.7343076   0.7343076   0.7343076   0.7343076
 TTTTTTTTTTTTTTTTTTTTTTTTTTTTTT MOQGAD      TELAPSE      132.16 TCPU      130.80
 TTTTTTTTTTTTTTTTTTTTTTTTTTTTTT SHELLXN     TELAPSE      138.02 TCPU      136.65
 TTTTTTTTTTTTTTTTTTTTTTTTTTTTTT MONMO3      TELAPSE      138.20 TCPU      136.83
 CYC   5 ETOT(AU) -4.476834797110E+02 DETOT -3.06E-07 tst  1.89E-08 PX  1.50E-04
 TTTTTTTTTTTTTTTTTTTTTTTTTTTTTT DIIS        TELAPSE      138.20 TCPU      136.83
 DIIS TEST: 0.10915E-06 AT SCF   CYCLE   5 - DIIS ACTIVE - HISTORY:     5 CYCLES
 TTTTTTTTTTTTTTTTTTTTTTTTTTTTTT FDIK        TELAPSE      138.21 TCPU      136.84
 INSULATING STATE
 TOP OF VALENCE BANDS -    BAND     32; K    1; EIG -3.8454170E-01 AU
 BOTTOM OF VIRTUAL BANDS - BAND     33; K    1; EIG  2.1243599E-01 AU
 DIRECT ENERGY BAND GAP:  16.2446 eV
 TTTTTTTTTTTTTTTTTTTTTTTTTTTTTT PDIG        TELAPSE      138.22 TCPU      136.85
 CHARGE NORMALIZATION FACTOR   1.00000000
 TOTAL ATOMIC CHARGES:
   4.7826682   4.7826682   8.7820000   8.7820000   7.7469385   7.7469385
   7.7469385   7.7469385   0.7364290   0.7364290   0.7364290   0.7364290
   0.7342984   0.7342984   0.7342984   0.7342984
 TTTTTTTTTTTTTTTTTTTTTTTTTTTTTT MOQGAD      TELAPSE      138.24 TCPU      136.87
 TTTTTTTTTTTTTTTTTTTTTTTTTTTTTT SHELLXN     TELAPSE      143.68 TCPU      142.30
 TTTTTTTTTTTTTTTTTTTTTTTTTTTTTT MONMO3      TELAPSE      143.85 TCPU      142.48
 CYC   6 ETOT(AU) -4.476834798120E+02 DETOT -1.01E-07 tst  4.41E-09 PX  5.14E-05
 TTTTTTTTTTTTTTTTTTTTTTTTTTTTTT DIIS        TELAPSE      143.86 TCPU      142.49
 DIIS TEST: 0.13955E-07 AT SCF   CYCLE   6 - DIIS ACTIVE - HISTORY:     6 CYCLES
 TTTTTTTTTTTTTTTTTTTTTTTTTTTTTT FDIK        TELAPSE      143.87 TCPU      142.50
 INSULATING STATE
 TOP OF VALENCE BANDS -    BAND     32; K    1; EIG -3.8454500E-01 AU
 BOTTOM OF VIRTUAL BANDS - BAND     33; K    1; EIG  2.1243302E-01 AU
 DIRECT ENERGY BAND GAP:  16.2446 eV
 TTTTTTTTTTTTTTTTTTTTTTTTTTTTTT PDIG        TELAPSE      143.88 TCPU      142.50
 CHARGE NORMALIZATION FACTOR   1.00000000
 TOTAL ATOMIC CHARGES:
   4.7826958   4.7826958   8.7820021   8.7820021   7.7469248   7.7469248
   7.7469248   7.7469248   0.7364318   0.7364318   0.7364318   0.7364318
   0.7342944   0.7342944   0.7342944   0.7342944
 TTTTTTTTTTTTTTTTTTTTTTTTTTTTTT MOQGAD      TELAPSE      143.89 TCPU      142.52
 TTTTTTTTTTTTTTTTTTTTTTTTTTTTTT SHELLXN     TELAPSE      149.21 TCPU      147.84
 TTTTTTTTTTTTTTTTTTTTTTTTTTTTTT MONMO3      TELAPSE      149.39 TCPU      148.02
 CYC   7 ETOT(AU) -4.476834798384E+02 DETOT -2.65E-08 tst  3.40E-10 PX  1.69E-05
 TTTTTTTTTTTTTTTTTTTTTTTTTTTTTT DIIS        TELAPSE      149.40 TCPU      148.02
 DIIS TEST: 0.10853E-08 AT SCF   CYCLE   7 - DIIS ACTIVE - HISTORY:     7 CYCLES
 TTTTTTTTTTTTTTTTTTTTTTTTTTTTTT FDIK        TELAPSE      149.41 TCPU      148.03
 INSULATING STATE
 TOP OF VALENCE BANDS -    BAND     32; K    1; EIG -3.8454367E-01 AU
 BOTTOM OF VIRTUAL BANDS - BAND     33; K    1; EIG  2.1243346E-01 AU
 DIRECT ENERGY BAND GAP:  16.2446 eV
 TTTTTTTTTTTTTTTTTTTTTTTTTTTTTT PDIG        TELAPSE      149.42 TCPU      148.04
 CHARGE NORMALIZATION FACTOR   1.00000000
 TOTAL ATOMIC CHARGES:
   4.7826957   4.7826957   8.7819978   8.7819978   7.7469243   7.7469243
   7.7469243   7.7469243   0.7364334   0.7364334   0.7364334   0.7364334
   0.7342955   0.7342955   0.7342955   0.7342955
 TTTTTTTTTTTTTTTTTTTTTTTTTTTTTT MOQGAD      TELAPSE      149.43 TCPU      148.06
 TTTTTTTTTTTTTTTTTTTTTTTTTTTTTT SHELLXN     TELAPSE      154.70 TCPU      153.33
 +++ ENERGIES IN A.U. +++
 ::: EXT EL-POLE                                  -5.9020366902161E+02
 ::: EXT EL-SPHEROPOLE                             7.1502909058985E+00
 ::: BIELET ZONE E-E                               6.8211058148205E+02
 ::: TOTAL E-E                                     9.9057203366344E+01
 ::: TOTAL E-N + N-E                              -9.2056930175350E+02
 ::: TOTAL N-N                                    -7.3729888693687E+01
 ::: KINETIC ENERGY                                4.4755850724478E+02
 ::: TOTAL   ENERGY                               -4.4768347983606E+02
 ::: VIRIAL COEFFICIENT                            9.9986040356341E-01
 TTTTTTTTTTTTTTTTTTTTTTTTTTTTTT MONMO3      TELAPSE      154.88 TCPU      153.51
 CYC   8 ETOT(AU) -4.476834798361E+02 DETOT  2.38E-09 tst  7.06E-11 PX  1.69E-05

 == SCF ENDED - CONVERGENCE ON ENERGY      E(AU) -4.4768347983606E+02 CYCLES   8

 TOTAL ENERGY(HF)(AU)(   8) -4.4768347983606E+02 DE 2.4E-09 tst 7.1E-11 PX 1.7E-05

 *******************************************************************************
 *                             FORCE CALCULATION                               *
 *******************************************************************************

 INFORMATION **** EXCPOG **** EXCH. BIPO BUFFER LENGTH (WORDS) =     1253916
 INFORMATION **** GENPOG **** BIPO BUFFER LENGTH (WORDS) =      288800
 TTTTTTTTTTTTTTTTTTTTTTTTTTTTTT SHELXG      TELAPSE      216.45 TCPU      213.34

 CARTESIAN FORCES IN HARTREE/BOHR (ANALYTICAL)
   ATOM                     X                   Y                   Z
   1   6             1.471045507628E-15  1.068589661202E-15  3.098424611073E-03
   2   6            -1.498801083244E-15  1.082467449010E-15 -3.098424611071E-03
   3   8             3.330669073875E-16  4.163336342344E-17  4.732732578400E-03
   4   8            -2.775557561563E-17 -8.881784197001E-16 -4.732732578418E-03
   5   7             4.689466019860E-03  4.689466019868E-03 -3.772045715624E-03
   6   7            -4.689466019861E-03 -4.689466019866E-03 -3.772045715626E-03
   7   7             4.689466019866E-03 -4.689466019870E-03  3.772045715632E-03
   8   7            -4.689466019866E-03  4.689466019868E-03  3.772045715630E-03
   9   1            -5.524593946578E-04 -5.524593946593E-04 -1.421039631334E-03
  10   1             5.524593946571E-04  5.524593946584E-04 -1.421039631334E-03
  11   1            -5.524593946575E-04  5.524593946575E-04  1.421039631334E-03
  12   1             5.524593946569E-04 -5.524593946573E-04  1.421039631334E-03
  13   1            -1.706316299736E-04 -1.706316299739E-04 -5.559668585815E-04
  14   1             1.706316299732E-04  1.706316299743E-04 -5.559668585813E-04
  15   1            -1.706316299718E-04  1.706316299749E-04  5.559668585813E-04
  16   1             1.706316299737E-04 -1.706316299739E-04  5.559668585815E-04

 RESULTANT FORCE    -1.332267629550E-15  1.137978600241E-15 -4.440892098501E-15

 ATOMIC PART

 SYMMETRY ALLOWED FORCES (ANALYTICAL) (DIRECTION, FORCE)

    1  4.3512923E-03    2  6.6464431E-03    3  1.3254403E-02    4 -7.4915084E-03
    5 -1.5614825E-03    6 -2.8222697E-03    7 -4.8227673E-04    8 -1.1041834E-03

 CELL PART

 GRADIENT WITH RESPECT TO THE CELL PARAMETER IN HARTREE/BOHR
ORDER: -D/DA1X, -D/DA1Y, -D/DA1Z
       -D/DA2X, -D/DA2Y, -D/DA2Z
       -D/DA3X, -D/DA3Y, -D/DA3Z
  0.420369799490E-02 -0.188645353589E-14  0.121721035975E-14
  0.448474674685E-15  0.420369799491E-02  0.200258157225E-15
  0.121140171213E-14  0.206444916134E-15  0.946528179210E-02

STRESS TENSOR, IN HARTREE/BOHR^3:
ORDER: 11 12 13
       21 22 23
       31 32 33
 -0.455090333037E-04 -0.485516536413E-17 -0.109692404995E-16
  0.204226556938E-16 -0.455090333038E-04 -0.186935837411E-17
 -0.131774610989E-16 -0.216798522575E-17 -0.857081109708E-04

STRESS TENSOR DOES NOT CORRESPOND TO
HYDROSTATIC PRESSURE, NO PRESSURE COMPUTED!

 SYMMETRY ALLOWED FORCES (ANALYTICAL) (DIRECTION, FORCE)

    1  8.8749945E-03    2 -3.1692389E-03
 TTTTTTTTTTTTTTTTTTTTTTTTTTTTTT TOTGRA_C    TELAPSE      221.27 TCPU      218.16
 INFORMATION **** optc002 **** GEOMETRY OUTPUT FILE
 INFORMATION **** EXCBUF **** EXCH. BIPO BUFFER: WORDS USED =      313479

 *******************************************************************************
 UREA BULK BASE 6-21 + POLARIZATION                                              
 CRYSTAL - SCF - TYPE OF CALCULATION :  RESTRICTED CLOSED SHELL
 *******************************************************************************

 CAPPA:IS1  2;IS2  2;IS3  2; K PTS MONK NET   6; SYMMOPS:K SPACE  16;G SPACE   8

 TTTTTTTTTTTTTTTTTTTTTTTTTTTTTT SDIK        TELAPSE      221.31 TCPU      218.20

 INFORMATION FROM INTEGRAL EVALUATION

 RESTART FROM A PREVIOUS DENSITY MATRIX - DEP ACTIVE
 NUMBER OF COUPLE SETS (NEW, OLD, FOUND):     361     361     361
 NUMBER OF IRREDUCIBLE G VECTORS        :    1564    1564    1564
 CHARGE NORMALIZATION FACTOR   1.00028126
 TOTAL ATOMIC CHARGES:
   4.7776879   4.7776879   8.7830180   8.7830180   7.7496812   7.7496812
   7.7496812   7.7496812   0.7357740   0.7357740   0.7357740   0.7357740
   0.7341919   0.7341919   0.7341919   0.7341919
 TTTTTTTTTTTTTTTTTTTTTTTTTTTTTT MOQGAD      TELAPSE      221.33 TCPU      218.22
 TTTTTTTTTTTTTTTTTTTTTTTTTTTTTT SHELLXN     TELAPSE      227.19 TCPU      224.08
 TTTTTTTTTTTTTTTTTTTTTTTTTTTTTT MONMO3      TELAPSE      227.39 TCPU      224.27
 CYC   0 ETOT(AU) -4.477398215075E+02 DETOT -4.48E+02 tst  7.06E-11 PX  1.00E+00
 TTTTTTTTTTTTTTTTTTTTTTTTTTTTTT DIIS        TELAPSE      227.39 TCPU      224.28
 TTTTTTTTTTTTTTTTTTTTTTTTTTTTTT FDIK        TELAPSE      227.41 TCPU      224.30
 INSULATING STATE
 TOP OF VALENCE BANDS -    BAND     32; K    1; EIG -3.8421774E-01 AU
 BOTTOM OF VIRTUAL BANDS - BAND     33; K    1; EIG  2.1101075E-01 AU
 DIRECT ENERGY BAND GAP:  16.1970 eV
 TTTTTTTTTTTTTTTTTTTTTTTTTTTTTT PDIG        TELAPSE      227.42 TCPU      224.31
 CHARGE NORMALIZATION FACTOR   1.00000000
 TOTAL ATOMIC CHARGES:
   4.7899158   4.7899158   8.7799913   8.7799913   7.7434706   7.7434706
   7.7434706   7.7434706   0.7374024   0.7374024   0.7374024   0.7374024
   0.7341734   0.7341734   0.7341734   0.7341734
 TTTTTTTTTTTTTTTTTTTTTTTTTTTTTT MOQGAD      TELAPSE      227.46 TCPU      224.35
 TTTTTTTTTTTTTTTTTTTTTTTTTTTTTT SHELLXN     TELAPSE      233.37 TCPU      230.26
 TTTTTTTTTTTTTTTTTTTTTTTTTTTTTT MONMO3      TELAPSE      233.57 TCPU      230.46
 CYC   1 ETOT(AU) -4.476840107085E+02 DETOT  5.58E-02 tst  0.00E+00 PX  3.90E-03
 TTTTTTTTTTTTTTTTTTTTTTTTTTTTTT DIIS        TELAPSE      233.57 TCPU      230.46
 DIIS TEST: 0.11076E-03 AT SCF   CYCLE   1 - MIX   30 %
 TTTTTTTTTTTTTTTTTTTTTTTTTTTTTT FDIK        TELAPSE      233.58 TCPU      230.47
 INSULATING STATE
 TOP OF VALENCE BANDS -    BAND     32; K    1; EIG -3.8539142E-01 AU
 BOTTOM OF VIRTUAL BANDS - BAND     33; K    1; EIG  2.1041750E-01 AU
 DIRECT ENERGY BAND GAP:  16.2128 eV
 TTTTTTTTTTTTTTTTTTTTTTTTTTTTTT PDIG        TELAPSE      233.59 TCPU      230.48
 CHARGE NORMALIZATION FACTOR   1.00000000
 TOTAL ATOMIC CHARGES:
   4.7875189   4.7875189   8.7807350   8.7807350   7.7449259   7.7449259
   7.7449259   7.7449259   0.7371275   0.7371275   0.7371275   0.7371275
   0.7338196   0.7338196   0.7338196   0.7338196
 TTTTTTTTTTTTTTTTTTTTTTTTTTTTTT MOQGAD      TELAPSE      233.61 TCPU      230.50
 TTTTTTTTTTTTTTTTTTTTTTTTTTTTTT SHELLXN     TELAPSE      239.26 TCPU      236.14
 TTTTTTTTTTTTTTTTTTTTTTTTTTTTTT MONMO3      TELAPSE      239.45 TCPU      236.33
 CYC   2 ETOT(AU) -4.476840387549E+02 DETOT -2.80E-05 tst  2.74E-07 PX  5.51E-04
 TTTTTTTTTTTTTTTTTTTTTTTTTTTTTT DIIS        TELAPSE      239.45 TCPU      236.34
 DIIS TEST: 0.70087E-05 AT SCF   CYCLE   2 - DIIS ACTIVE - HISTORY:     2 CYCLES
 TTTTTTTTTTTTTTTTTTTTTTTTTTTTTT FDIK        TELAPSE      239.46 TCPU      236.35
 INSULATING STATE
 TOP OF VALENCE BANDS -    BAND     32; K    1; EIG -3.8549043E-01 AU
 BOTTOM OF VIRTUAL BANDS - BAND     33; K    1; EIG  2.1035997E-01 AU
 DIRECT ENERGY BAND GAP:  16.2139 eV
 TTTTTTTTTTTTTTTTTTTTTTTTTTTTTT PDIG        TELAPSE      239.47 TCPU      236.36
 CHARGE NORMALIZATION FACTOR   1.00000000
 TOTAL ATOMIC CHARGES:
   4.7888214   4.7888214   8.7800410   8.7800410   7.7444486   7.7444486
   7.7444486   7.7444486   0.7372702   0.7372702   0.7372702   0.7372702
   0.7338500   0.7338500   0.7338500   0.7338500
 TTTTTTTTTTTTTTTTTTTTTTTTTTTTTT MOQGAD      TELAPSE      239.49 TCPU      236.38
 TTTTTTTTTTTTTTTTTTTTTTTTTTTTTT SHELLXN     TELAPSE      245.04 TCPU      241.93
 TTTTTTTTTTTTTTTTTTTTTTTTTTTTTT MONMO3      TELAPSE      245.23 TCPU      242.12
 CYC   3 ETOT(AU) -4.476840446466E+02 DETOT -5.89E-06 tst  6.98E-08 PX  3.47E-04
 TTTTTTTTTTTTTTTTTTTTTTTTTTTTTT DIIS        TELAPSE      245.23 TCPU      242.12
 DIIS TEST: 0.93242E-06 AT SCF   CYCLE   3 - DIIS ACTIVE - HISTORY:     3 CYCLES
 TTTTTTTTTTTTTTTTTTTTTTTTTTTTTT FDIK        TELAPSE      245.24 TCPU      242.13
 INSULATING STATE
 TOP OF VALENCE BANDS -    BAND     32; K    1; EIG -3.8547889E-01 AU
 BOTTOM OF VIRTUAL BANDS - BAND     33; K    1; EIG  2.1035565E-01 AU
 DIRECT ENERGY BAND GAP:  16.2135 eV
 TTTTTTTTTTTTTTTTTTTTTTTTTTTTTT PDIG        TELAPSE      245.25 TCPU      242.14
 CHARGE NORMALIZATION FACTOR   1.00000000
 TOTAL ATOMIC CHARGES:
   4.7888022   4.7888022   8.7800641   8.7800641   7.7443213   7.7443213
   7.7443213   7.7443213   0.7373562   0.7373562   0.7373562   0.7373562
   0.7338894   0.7338894   0.7338894   0.7338894
 TTTTTTTTTTTTTTTTTTTTTTTTTTTTTT MOQGAD      TELAPSE      245.27 TCPU      242.16
 TTTTTTTTTTTTTTTTTTTTTTTTTTTTTT SHELLXN     TELAPSE      250.92 TCPU      247.80
 TTTTTTTTTTTTTTTTTTTTTTTTTTTTTT MONMO3      TELAPSE      251.10 TCPU      247.99
 CYC   4 ETOT(AU) -4.476840455621E+02 DETOT -9.15E-07 tst  1.94E-08 PX  1.58E-04
 TTTTTTTTTTTTTTTTTTTTTTTTTTTTTT DIIS        TELAPSE      251.10 TCPU      247.99
 DIIS TEST: 0.98313E-07 AT SCF   CYCLE   4 - DIIS ACTIVE - HISTORY:     4 CYCLES
 TTTTTTTTTTTTTTTTTTTTTTTTTTTTTT FDIK        TELAPSE      251.11 TCPU      248.00
 INSULATING STATE
 TOP OF VALENCE BANDS -    BAND     32; K    1; EIG -3.8552184E-01 AU
 BOTTOM OF VIRTUAL BANDS - BAND     33; K    1; EIG  2.1035798E-01 AU
 DIRECT ENERGY BAND GAP:  16.2147 eV
 TTTTTTTTTTTTTTTTTTTTTTTTTTTTTT PDIG        TELAPSE      251.12 TCPU      248.01
 CHARGE NORMALIZATION FACTOR   1.00000000
 TOTAL ATOMIC CHARGES:
   4.7888508   4.7888508   8.7799547   8.7799547   7.7443500   7.7443500
   7.7443500   7.7443500   0.7373617   0.7373617   0.7373617   0.7373617
   0.7338856   0.7338856   0.7338856   0.7338856
 TTTTTTTTTTTTTTTTTTTTTTTTTTTTTT MOQGAD      TELAPSE      251.14 TCPU      248.03
 TTTTTTTTTTTTTTTTTTTTTTTTTTTTTT SHELLXN     TELAPSE      258.03 TCPU      254.91
 TTTTTTTTTTTTTTTTTTTTTTTTTTTTTT MONMO3      TELAPSE      258.25 TCPU      255.13
 CYC   5 ETOT(AU) -4.476840456855E+02 DETOT -1.23E-07 tst  3.69E-09 PX  4.06E-05
 TTTTTTTTTTTTTTTTTTTTTTTTTTTTTT DIIS        TELAPSE      258.26 TCPU      255.13
 DIIS TEST: 0.20846E-07 AT SCF   CYCLE   5 - DIIS ACTIVE - HISTORY:     5 CYCLES
 TTTTTTTTTTTTTTTTTTTTTTTTTTTTTT FDIK        TELAPSE      258.27 TCPU      255.14
 INSULATING STATE
 TOP OF VALENCE BANDS -    BAND     32; K    1; EIG -3.8551743E-01 AU
 BOTTOM OF VIRTUAL BANDS - BAND     33; K    1; EIG  2.1036078E-01 AU
 DIRECT ENERGY BAND GAP:  16.2147 eV
 TTTTTTTTTTTTTTTTTTTTTTTTTTTTTT PDIG        TELAPSE      258.28 TCPU      255.15
 CHARGE NORMALIZATION FACTOR   1.00000000
 TOTAL ATOMIC CHARGES:
   4.7888348   4.7888348   8.7799746   8.7799746   7.7443272   7.7443272
   7.7443272   7.7443272   0.7373743   0.7373743   0.7373743   0.7373743
   0.7338938   0.7338938   0.7338938   0.7338938
 TTTTTTTTTTTTTTTTTTTTTTTTTTTTTT MOQGAD      TELAPSE      258.31 TCPU      255.18
 TTTTTTTTTTTTTTTTTTTTTTTTTTTTTT SHELLXN     TELAPSE      264.61 TCPU      261.48
 TTTTTTTTTTTTTTTTTTTTTTTTTTTTTT MONMO3      TELAPSE      264.79 TCPU      261.67
 CYC   6 ETOT(AU) -4.476840457371E+02 DETOT -5.16E-08 tst  5.55E-10 PX  2.55E-05
 TTTTTTTTTTTTTTTTTTTTTTTTTTTTTT DIIS        TELAPSE      264.80 TCPU      261.67
 DIIS TEST: 0.14094E-08 AT SCF   CYCLE   6 - DIIS ACTIVE - HISTORY:     6 CYCLES
 TTTTTTTTTTTTTTTTTTTTTTTTTTTTTT FDIK        TELAPSE      264.81 TCPU      261.68
 INSULATING STATE
 TOP OF VALENCE BANDS -    BAND     32; K    1; EIG -3.8551799E-01 AU
 BOTTOM OF VIRTUAL BANDS - BAND     33; K    1; EIG  2.1036244E-01 AU
 DIRECT ENERGY BAND GAP:  16.2147 eV
 TTTTTTTTTTTTTTTTTTTTTTTTTTTTTT PDIG        TELAPSE      264.82 TCPU      261.69
 CHARGE NORMALIZATION FACTOR   1.00000000
 TOTAL ATOMIC CHARGES:
   4.7888287   4.7888287   8.7799645   8.7799645   7.7443283   7.7443283
   7.7443283   7.7443283   0.7373783   0.7373783   0.7373783   0.7373783
   0.7338968   0.7338968   0.7338968   0.7338968
 TTTTTTTTTTTTTTTTTTTTTTTTTTTTTT MOQGAD      TELAPSE      264.84 TCPU      261.71
 TTTTTTTTTTTTTTTTTTTTTTTTTTTTTT SHELLXN     TELAPSE      272.43 TCPU      269.21
 +++ ENERGIES IN A.U. +++
 ::: EXT EL-POLE                                  -5.8813990234434E+02
 ::: EXT EL-SPHEROPOLE                             7.0609105930656E+00
 ::: BIELET ZONE E-E                               6.8062215121883E+02
 ::: TOTAL E-E                                     9.9543159467557E+01
 ::: TOTAL E-N + N-E                              -9.2160179893190E+02
 ::: TOTAL N-N                                    -7.3058810684037E+01
 ::: KINETIC ENERGY                                4.4743340439092E+02
 ::: TOTAL   ENERGY                               -4.4768404575746E+02
 ::: VIRIAL COEFFICIENT                            9.9971999052583E-01
 TTTTTTTTTTTTTTTTTTTTTTTTTTTTTT MONMO3      TELAPSE      272.61 TCPU      269.39
 CYC   7 ETOT(AU) -4.476840457575E+02 DETOT -2.04E-08 tst  1.34E-10 PX  2.55E-05

 == SCF ENDED - CONVERGENCE ON ENERGY      E(AU) -4.4768404575746E+02 CYCLES   7

 TOTAL ENERGY(HF)(AU)(   7) -4.4768404575746E+02 DE-2.0E-08 tst 1.3E-10 PX 2.5E-05

 *******************************************************************************
 *                             FORCE CALCULATION                               *
 *******************************************************************************

 INFORMATION **** EXCPOG **** EXCH. BIPO BUFFER LENGTH (WORDS) =     1253916
 INFORMATION **** GENPOG **** BIPO BUFFER LENGTH (WORDS) =      288800
 TTTTTTTTTTTTTTTTTTTTTTTTTTTTTT SHELXG      TELAPSE      319.41 TCPU      316.05

 CARTESIAN FORCES IN HARTREE/BOHR (ANALYTICAL)
   ATOM                     X                   Y                   Z
   1   6            -4.579669976579E-16  1.360023205166E-15  2.393875363355E-03
   2   6            -1.304512053935E-15 -1.887379141863E-15 -2.393875363348E-03
   3   8            -1.221245327088E-15  2.498001805407E-16 -3.086835311965E-03
   4   8             4.718447854657E-16 -1.415534356397E-15  3.086835311954E-03
   5   7             3.798488727047E-04  3.798488727105E-04 -8.995477115192E-06
   6   7            -3.798488727056E-04 -3.798488727114E-04 -8.995477112972E-06
   7   7             3.798488727091E-04 -3.798488727096E-04  8.995477116081E-06
   8   7            -3.798488727083E-04  3.798488727100E-04  8.995477116525E-06
   9   1            -2.618311868716E-04 -2.618311868727E-04 -6.311989665477E-04
  10   1             2.618311868716E-04  2.618311868730E-04 -6.311989665481E-04
  11   1            -2.618311868718E-04  2.618311868716E-04  6.311989665482E-04
  12   1             2.618311868714E-04 -2.618311868716E-04  6.311989665477E-04
  13   1            -4.118058516706E-04 -4.118058516723E-04 -5.232379013895E-04
  14   1             4.118058516703E-04  4.118058516724E-04 -5.232379013891E-04
  15   1            -4.118058516697E-04  4.118058516722E-04  5.232379013891E-04
  16   1             4.118058516717E-04 -4.118058516709E-04  5.232379013889E-04

 RESULTANT FORCE    -1.179611963664E-15 -5.828670879282E-16  3.330669073875E-16

 ATOMIC PART

 SYMMETRY ALLOWED FORCES (ANALYTICAL) (DIRECTION, FORCE)

    1  3.3733271E-03    2 -4.3498109E-03    3  1.0797836E-03    4 -1.7926525E-05
    5 -7.4429868E-04    6 -1.2578771E-03    7 -1.1706266E-03    8 -1.0427282E-03

 CELL PART

 GRADIENT WITH RESPECT TO THE CELL PARAMETER IN HARTREE/BOHR
ORDER: -D/DA1X, -D/DA1Y, -D/DA1Z
       -D/DA2X, -D/DA2Y, -D/DA2Z
       -D/DA3X, -D/DA3Y, -D/DA3Z
  0.115973921034E-02 -0.443273969803E-15  0.102568773836E-14
  0.447506535111E-15  0.115973921034E-02  0.164413336925E-15
  0.484430317571E-15  0.101765268712E-14  0.169707101902E-02

STRESS TENSOR, IN HARTREE/BOHR^3:
ORDER: 11 12 13
       21 22 23
       31 32 33
 -0.124410702452E-04 -0.480061395603E-17 -0.433652118225E-17
  0.475520922896E-17 -0.124410702453E-04 -0.910981884041E-17
 -0.110030367939E-16 -0.176373951634E-17 -0.151918328701E-04

PRESSURE FROM THE STRESS TENSOR,
IN HARTREE/BOHR^3:  0.13358E-04
PRESSURE IN GIGAPASCAL:  0.3930E+00
CONVERSION FACTOR: 1 HARTREE/BOHR^3= 29421 GIGAPASCAL
WHEN USING VALUES FOR BOHR RADIUS AND HARTREE
FROM IUPAC WEBSITE, APRIL 2009
ENTHALPY: -4.4767088476409E+02

 SYMMETRY ALLOWED FORCES (ANALYTICAL) (DIRECTION, FORCE)

    1  2.0426193E-03    2 -2.2011509E-04
 TTTTTTTTTTTTTTTTTTTTTTTTTTTTTT TOTGRA_C    TELAPSE      340.68 TCPU      331.71
 INFORMATION **** optc003 **** GEOMETRY OUTPUT FILE
 INFORMATION **** EXCBUF **** EXCH. BIPO BUFFER: WORDS USED =      313479

 *******************************************************************************
 UREA BULK BASE 6-21 + POLARIZATION                                              
 CRYSTAL - SCF - TYPE OF CALCULATION :  RESTRICTED CLOSED SHELL
 *******************************************************************************

 CAPPA:IS1  2;IS2  2;IS3  2; K PTS MONK NET   6; SYMMOPS:K SPACE  16;G SPACE   8

 TTTTTTTTTTTTTTTTTTTTTTTTTTTTTT SDIK        TELAPSE      340.74 TCPU      331.77

 INFORMATION FROM INTEGRAL EVALUATION

 RESTART FROM A PREVIOUS DENSITY MATRIX - DEP ACTIVE
 NUMBER OF COUPLE SETS (NEW, OLD, FOUND):     361     361     361
 NUMBER OF IRREDUCIBLE G VECTORS        :    1564    1564    1564
 CHARGE NORMALIZATION FACTOR   1.00021738
 TOTAL ATOMIC CHARGES:
   4.7890893   4.7890893   8.7806661   8.7806661   7.7459456   7.7459456
   7.7459456   7.7459456   0.7358497   0.7358497   0.7358497   0.7358497
   0.7333270   0.7333270   0.7333270   0.7333270
 TTTTTTTTTTTTTTTTTTTTTTTTTTTTTT MOQGAD      TELAPSE      340.76 TCPU      331.79
 TTTTTTTTTTTTTTTTTTTTTTTTTTTTTT SHELLXN     TELAPSE      347.53 TCPU      338.56
 TTTTTTTTTTTTTTTTTTTTTTTTTTTTTT MONMO3      TELAPSE      347.76 TCPU      338.79
 CYC   0 ETOT(AU) -4.477335250036E+02 DETOT -4.48E+02 tst  1.34E-10 PX  1.00E+00
 TTTTTTTTTTTTTTTTTTTTTTTTTTTTTT DIIS        TELAPSE      347.76 TCPU      338.79
 TTTTTTTTTTTTTTTTTTTTTTTTTTTTTT FDIK        TELAPSE      347.79 TCPU      338.81
 INSULATING STATE
 TOP OF VALENCE BANDS -    BAND     32; K    1; EIG -3.8541624E-01 AU
 BOTTOM OF VIRTUAL BANDS - BAND     33; K    1; EIG  2.0862115E-01 AU
 DIRECT ENERGY BAND GAP:  16.1646 eV
 TTTTTTTTTTTTTTTTTTTTTTTTTTTTTT PDIG        TELAPSE      347.80 TCPU      338.83
 CHARGE NORMALIZATION FACTOR   1.00000000
 TOTAL ATOMIC CHARGES:
   4.7895902   4.7895902   8.7794456   8.7794456   7.7432431   7.7432431
   7.7432431   7.7432431   0.7383036   0.7383036   0.7383036   0.7383036
   0.7339354   0.7339354   0.7339354   0.7339354
 TTTTTTTTTTTTTTTTTTTTTTTTTTTTTT MOQGAD      TELAPSE      347.82 TCPU      338.85
 TTTTTTTTTTTTTTTTTTTTTTTTTTTTTT SHELLXN     TELAPSE      358.25 TCPU      348.59
 TTTTTTTTTTTTTTTTTTTTTTTTTTTTTT MONMO3      TELAPSE      358.67 TCPU      349.01
 CYC   1 ETOT(AU) -4.476842625223E+02 DETOT  4.93E-02 tst  0.00E+00 PX  2.67E-03
 TTTTTTTTTTTTTTTTTTTTTTTTTTTTTT DIIS        TELAPSE      358.70 TCPU      349.03
 DIIS TEST: 0.37620E-04 AT SCF   CYCLE   1 - MIX   30 %
 TTTTTTTTTTTTTTTTTTTTTTTTTTTTTT FDIK        TELAPSE      358.75 TCPU      349.08
 INSULATING STATE
 TOP OF VALENCE BANDS -    BAND     32; K    1; EIG -3.8632431E-01 AU
 BOTTOM OF VIRTUAL BANDS - BAND     33; K    1; EIG  2.0837343E-01 AU
 DIRECT ENERGY BAND GAP:  16.1826 eV
 TTTTTTTTTTTTTTTTTTTTTTTTTTTTTT PDIG        TELAPSE      358.78 TCPU      349.11
 CHARGE NORMALIZATION FACTOR   1.00000000
 TOTAL ATOMIC CHARGES:
   4.7895042   4.7895042   8.7789929   8.7789929   7.7438948   7.7438948
   7.7438948   7.7438948   0.7382868   0.7382868   0.7382868   0.7382868
   0.7335699   0.7335699   0.7335699   0.7335699
 TTTTTTTTTTTTTTTTTTTTTTTTTTTTTT MOQGAD      TELAPSE      358.85 TCPU      349.17
 TTTTTTTTTTTTTTTTTTTTTTTTTTTTTT SHELLXN     TELAPSE      369.31 TCPU      358.53
 TTTTTTTTTTTTTTTTTTTTTTTTTTTTTT MONMO3      TELAPSE      369.50 TCPU      358.72
 CYC   2 ETOT(AU) -4.476842803769E+02 DETOT -1.79E-05 tst  2.19E-07 PX  3.84E-04
 TTTTTTTTTTTTTTTTTTTTTTTTTTTTTT DIIS        TELAPSE      369.50 TCPU      358.72
 DIIS TEST: 0.49463E-05 AT SCF   CYCLE   2 - DIIS ACTIVE - HISTORY:     2 CYCLES
 TTTTTTTTTTTTTTTTTTTTTTTTTTTTTT FDIK        TELAPSE      369.51 TCPU      358.73
 INSULATING STATE
 TOP OF VALENCE BANDS -    BAND     32; K    1; EIG -3.8635755E-01 AU
 BOTTOM OF VIRTUAL BANDS - BAND     33; K    1; EIG  2.0836023E-01 AU
 DIRECT ENERGY BAND GAP:  16.1831 eV
 TTTTTTTTTTTTTTTTTTTTTTTTTTTTTT PDIG        TELAPSE      369.52 TCPU      358.74
 CHARGE NORMALIZATION FACTOR   1.00000000
 TOTAL ATOMIC CHARGES:
   4.7895387   4.7895387   8.7787407   8.7787407   7.7436260   7.7436260
   7.7436260   7.7436260   0.7386101   0.7386101   0.7386101   0.7386101
   0.7336242   0.7336242   0.7336242   0.7336242
 TTTTTTTTTTTTTTTTTTTTTTTTTTTTTT MOQGAD      TELAPSE      369.54 TCPU      358.76
 TTTTTTTTTTTTTTTTTTTTTTTTTTTTTT SHELLXN     TELAPSE      376.14 TCPU      365.29
 TTTTTTTTTTTTTTTTTTTTTTTTTTTTTT MONMO3      TELAPSE      376.32 TCPU      365.47
 CYC   3 ETOT(AU) -4.476842862889E+02 DETOT -5.91E-06 tst  1.38E-07 PX  2.89E-04
 TTTTTTTTTTTTTTTTTTTTTTTTTTTTTT DIIS        TELAPSE      376.32 TCPU      365.48
 DIIS TEST: 0.68896E-06 AT SCF   CYCLE   3 - DIIS ACTIVE - HISTORY:     3 CYCLES
 TTTTTTTTTTTTTTTTTTTTTTTTTTTTTT FDIK        TELAPSE      376.42 TCPU      365.50
 INSULATING STATE
 TOP OF VALENCE BANDS -    BAND     32; K    1; EIG -3.8645662E-01 AU
 BOTTOM OF VIRTUAL BANDS - BAND     33; K    1; EIG  2.0835149E-01 AU
 DIRECT ENERGY BAND GAP:  16.1856 eV
 TTTTTTTTTTTTTTTTTTTTTTTTTTTTTT PDIG        TELAPSE      376.43 TCPU      365.52
 CHARGE NORMALIZATION FACTOR   1.00000000
 TOTAL ATOMIC CHARGES:
   4.7894732   4.7894732   8.7785209   8.7785209   7.7436284   7.7436284
   7.7436284   7.7436284   0.7387370   0.7387370   0.7387370   0.7387370
   0.7336376   0.7336376   0.7336376   0.7336376
 TTTTTTTTTTTTTTTTTTTTTTTTTTTTTT MOQGAD      TELAPSE      376.45 TCPU      365.54
 TTTTTTTTTTTTTTTTTTTTTTTTTTTTTT SHELLXN     TELAPSE      382.32 TCPU      371.39
 TTTTTTTTTTTTTTTTTTTTTTTTTTTTTT MONMO3      TELAPSE      382.51 TCPU      371.58
 CYC   4 ETOT(AU) -4.476842872898E+02 DETOT -1.00E-06 tst  6.26E-08 PX  1.11E-04
 TTTTTTTTTTTTTTTTTTTTTTTTTTTTTT DIIS        TELAPSE      382.52 TCPU      371.58
 DIIS TEST: 0.10456E-06 AT SCF   CYCLE   4 - DIIS ACTIVE - HISTORY:     4 CYCLES
 TTTTTTTTTTTTTTTTTTTTTTTTTTTTTT FDIK        TELAPSE      382.53 TCPU      371.60
 INSULATING STATE
 TOP OF VALENCE BANDS -    BAND     32; K    1; EIG -3.8645236E-01 AU
 BOTTOM OF VIRTUAL BANDS - BAND     33; K    1; EIG  2.0835229E-01 AU
 DIRECT ENERGY BAND GAP:  16.1855 eV
 TTTTTTTTTTTTTTTTTTTTTTTTTTTTTT PDIG        TELAPSE      382.55 TCPU      371.62
 CHARGE NORMALIZATION FACTOR   1.00000000
 TOTAL ATOMIC CHARGES:
   4.7894442   4.7894442   8.7785717   8.7785717   7.7435735   7.7435735
   7.7435735   7.7435735   0.7387698   0.7387698   0.7387698   0.7387698
   0.7336488   0.7336488   0.7336488   0.7336488
 TTTTTTTTTTTTTTTTTTTTTTTTTTTTTT MOQGAD      TELAPSE      382.58 TCPU      371.65
 TTTTTTTTTTTTTTTTTTTTTTTTTTTTTT SHELLXN     TELAPSE      388.47 TCPU      377.53
 TTTTTTTTTTTTTTTTTTTTTTTTTTTTTT MONMO3      TELAPSE      388.73 TCPU      377.80
 CYC   5 ETOT(AU) -4.476842874320E+02 DETOT -1.42E-07 tst  3.46E-09 PX  4.96E-05
 TTTTTTTTTTTTTTTTTTTTTTTTTTTTTT DIIS        TELAPSE      388.74 TCPU      377.80
 DIIS TEST: 0.14736E-07 AT SCF   CYCLE   5 - DIIS ACTIVE - HISTORY:     5 CYCLES
 TTTTTTTTTTTTTTTTTTTTTTTTTTTTTT FDIK        TELAPSE      388.75 TCPU      377.81
 INSULATING STATE
 TOP OF VALENCE BANDS -    BAND     32; K    1; EIG -3.8645661E-01 AU
 BOTTOM OF VIRTUAL BANDS - BAND     33; K    1; EIG  2.0835728E-01 AU
 DIRECT ENERGY BAND GAP:  16.1857 eV
 TTTTTTTTTTTTTTTTTTTTTTTTTTTTTT PDIG        TELAPSE      388.76 TCPU      377.82
 CHARGE NORMALIZATION FACTOR   1.00000000
 TOTAL ATOMIC CHARGES:
   4.7894516   4.7894516   8.7785307   8.7785307   7.7435767   7.7435767
   7.7435767   7.7435767   0.7387785   0.7387785   0.7387785   0.7387785
   0.7336536   0.7336536   0.7336536   0.7336536
 TTTTTTTTTTTTTTTTTTTTTTTTTTTTTT MOQGAD      TELAPSE      388.78 TCPU      377.84
 TTTTTTTTTTTTTTTTTTTTTTTTTTTTTT SHELLXN     TELAPSE      394.38 TCPU      383.45
 TTTTTTTTTTTTTTTTTTTTTTTTTTTTTT MONMO3      TELAPSE      394.57 TCPU      383.63
 CYC   6 ETOT(AU) -4.476842874465E+02 DETOT -1.44E-08 tst  1.33E-09 PX  1.73E-05
 TTTTTTTTTTTTTTTTTTTTTTTTTTTTTT DIIS        TELAPSE      394.57 TCPU      383.64
 DIIS TEST: 0.11659E-08 AT SCF   CYCLE   6 - DIIS ACTIVE - HISTORY:     6 CYCLES
 TTTTTTTTTTTTTTTTTTTTTTTTTTTTTT FDIK        TELAPSE      394.58 TCPU      383.64
 INSULATING STATE
 TOP OF VALENCE BANDS -    BAND     32; K    1; EIG -3.8645729E-01 AU
 BOTTOM OF VIRTUAL BANDS - BAND     33; K    1; EIG  2.0835662E-01 AU
 DIRECT ENERGY BAND GAP:  16.1857 eV
 TTTTTTTTTTTTTTTTTTTTTTTTTTTTTT PDIG        TELAPSE      394.59 TCPU      383.65
 CHARGE NORMALIZATION FACTOR   1.00000000
 TOTAL ATOMIC CHARGES:
   4.7894432   4.7894432   8.7785372   8.7785372   7.7435782   7.7435782
   7.7435782   7.7435782   0.7387776   0.7387776   0.7387776   0.7387776
   0.7336540   0.7336540   0.7336540   0.7336540
 TTTTTTTTTTTTTTTTTTTTTTTTTTTTTT MOQGAD      TELAPSE      394.61 TCPU      383.67
 TTTTTTTTTTTTTTTTTTTTTTTTTTTTTT SHELLXN     TELAPSE      400.20 TCPU      389.26
 +++ ENERGIES IN A.U. +++
 ::: EXT EL-POLE                                  -5.8537172922682E+02
 ::: EXT EL-SPHEROPOLE                             6.9563876842517E+00
 ::: BIELET ZONE E-E                               6.7894716507182E+02
 ::: TOTAL E-E                                     1.0053182352925E+02
 ::: TOTAL E-N + N-E                              -9.2374751607807E+02
 ::: TOTAL N-N                                    -7.1856857661970E+01
 ::: KINETIC ENERGY                                4.4738826274222E+02
 ::: TOTAL   ENERGY                               -4.4768428746857E+02
 ::: VIRIAL COEFFICIENT                            9.9966927292510E-01
 TTTTTTTTTTTTTTTTTTTTTTTTTTTTTT MONMO3      TELAPSE      400.38 TCPU      389.44
 CYC   7 ETOT(AU) -4.476842874686E+02 DETOT -2.21E-08 tst  3.81E-11 PX  1.73E-05

 == SCF ENDED - CONVERGENCE ON ENERGY      E(AU) -4.4768428746857E+02 CYCLES   7

 TOTAL ENERGY(HF)(AU)(   7) -4.4768428746857E+02 DE-2.2E-08 tst 3.8E-11 PX 1.7E-05

 *******************************************************************************
 *                             FORCE CALCULATION                               *
 *******************************************************************************

 INFORMATION **** EXCPOG **** EXCH. BIPO BUFFER LENGTH (WORDS) =     1253916
 INFORMATION **** GENPOG **** BIPO BUFFER LENGTH (WORDS) =      288800
 TTTTTTTTTTTTTTTTTTTTTTTTTTTTTT SHELXG      TELAPSE      442.84 TCPU      431.87

 CARTESIAN FORCES IN HARTREE/BOHR (ANALYTICAL)
   ATOM                     X                   Y                   Z
   1   6            -1.276756478319E-15 -2.914335439641E-16  7.688019958825E-04
   2   6            -1.498801083244E-15 -1.637578961322E-15 -7.688019958774E-04
   3   8             8.326672684689E-17  1.013078509970E-15 -2.965399926973E-03
   4   8            -1.526556658860E-15 -7.494005416220E-16  2.965399926964E-03
   5   7            -2.726357543303E-04 -2.726357543259E-04  2.967470140418E-04
   6   7             2.726357543321E-04  2.726357543259E-04  2.967470140414E-04
   7   7            -2.726357543263E-04  2.726357543268E-04 -2.967470140383E-04
   8   7             2.726357543281E-04 -2.726357543259E-04 -2.967470140387E-04
   9   1            -4.176158068010E-04 -4.176158068017E-04 -4.933538275825E-04
  10   1             4.176158068008E-04  4.176158068010E-04 -4.933538275828E-04
  11   1            -4.176158068006E-04  4.176158068001E-04  4.933538275826E-04
  12   1             4.176158068006E-04 -4.176158068001E-04  4.933538275826E-04
  13   1            -3.398542255070E-04 -3.398542255086E-04  2.340330923156E-04
  14   1             3.398542255067E-04  3.398542255088E-04  2.340330923167E-04
  15   1            -3.398542255061E-04  3.398542255085E-04 -2.340330923163E-04
  16   1             3.398542255084E-04 -3.398542255073E-04 -2.340330923163E-04

 RESULTANT FORCE     9.992007221626E-16 -5.551115123126E-17  2.220446049250E-15

 ATOMIC PART

 SYMMETRY ALLOWED FORCES (ANALYTICAL) (DIRECTION, FORCE)

    1  1.0858889E-03    2 -4.1884579E-03    3 -7.8034419E-04    4  5.9275093E-04
    5 -1.1953094E-03    6 -9.8547222E-04    7 -9.7273842E-04    8  4.6748013E-04

 CELL PART

 GRADIENT WITH RESPECT TO THE CELL PARAMETER IN HARTREE/BOHR
ORDER: -D/DA1X, -D/DA1Y, -D/DA1Z
       -D/DA2X, -D/DA2Y, -D/DA2Z
       -D/DA3X, -D/DA3Y, -D/DA3Z
 -0.247647443361E-03 -0.465797601307E-15  0.365580189018E-15
 -0.197782824269E-15 -0.247647443360E-03  0.589901651206E-15
  0.781401229407E-15  0.638373025546E-15 -0.880887032877E-03

STRESS TENSOR, IN HARTREE/BOHR^3:
ORDER: 11 12 13
       21 22 23
       31 32 33
  0.263232656410E-05  0.210229903923E-17 -0.689968420655E-17
  0.495111672778E-17  0.263232656409E-05 -0.563676139285E-17
 -0.388587271405E-17 -0.627025971116E-17  0.777813256463E-05

PRESSURE FROM THE STRESS TENSOR,
IN HARTREE/BOHR^3: -0.43476E-05
PRESSURE IN GIGAPASCAL: -0.1279E+00
CONVERSION FACTOR: 1 HARTREE/BOHR^3= 29421 GIGAPASCAL
WHEN USING VALUES FOR BOHR RADIUS AND HARTREE
FROM IUPAC WEBSITE, APRIL 2009
ENTHALPY: -4.4768864023762E+02

 SYMMETRY ALLOWED FORCES (ANALYTICAL) (DIRECTION, FORCE)

    1 -6.7556070E-04    2  4.1842643E-04
 TTTTTTTTTTTTTTTTTTTTTTTTTTTTTT TOTGRA_C    TELAPSE      447.78 TCPU      436.81
 INFORMATION **** optc004 **** GEOMETRY OUTPUT FILE
 INFORMATION **** EXCBUF **** EXCH. BIPO BUFFER: WORDS USED =      313479

 *******************************************************************************
 UREA BULK BASE 6-21 + POLARIZATION                                              
 CRYSTAL - SCF - TYPE OF CALCULATION :  RESTRICTED CLOSED SHELL
 *******************************************************************************

 CAPPA:IS1  2;IS2  2;IS3  2; K PTS MONK NET   6; SYMMOPS:K SPACE  16;G SPACE   8

 TTTTTTTTTTTTTTTTTTTTTTTTTTTTTT SDIK        TELAPSE      447.82 TCPU      436.85

 INFORMATION FROM INTEGRAL EVALUATION

 RESTART FROM A PREVIOUS DENSITY MATRIX - DEP ACTIVE
 NUMBER OF COUPLE SETS (NEW, OLD, FOUND):     361     361     361
 NUMBER OF IRREDUCIBLE G VECTORS        :    1564    1564    1564
 CHARGE NORMALIZATION FACTOR   1.00006626
 TOTAL ATOMIC CHARGES:
   4.7905043   4.7905043   8.7781622   8.7781622   7.7445642   7.7445642
   7.7445642   7.7445642   0.7376809   0.7376809   0.7376809   0.7376809
   0.7334216   0.7334216   0.7334216   0.7334216
 TTTTTTTTTTTTTTTTTTTTTTTTTTTTTT MOQGAD      TELAPSE      447.84 TCPU      436.87
 TTTTTTTTTTTTTTTTTTTTTTTTTTTTTT SHELLXN     TELAPSE      453.18 TCPU      442.20
 TTTTTTTTTTTTTTTTTTTTTTTTTTTTTT MONMO3      TELAPSE      453.36 TCPU      442.38
 CYC   0 ETOT(AU) -4.477016978777E+02 DETOT -4.48E+02 tst  3.81E-11 PX  1.00E+00
 TTTTTTTTTTTTTTTTTTTTTTTTTTTTTT DIIS        TELAPSE      453.36 TCPU      442.39
 TTTTTTTTTTTTTTTTTTTTTTTTTTTTTT FDIK        TELAPSE      453.38 TCPU      442.40
 INSULATING STATE
 TOP OF VALENCE BANDS -    BAND     32; K    1; EIG -3.8642955E-01 AU
 BOTTOM OF VIRTUAL BANDS - BAND     33; K    1; EIG  2.0736790E-01 AU
 DIRECT ENERGY BAND GAP:  16.1581 eV
 TTTTTTTTTTTTTTTTTTTTTTTTTTTTTT PDIG        TELAPSE      453.39 TCPU      442.41
 CHARGE NORMALIZATION FACTOR   1.00000000
 TOTAL ATOMIC CHARGES:
   4.7890338   4.7890338   8.7791547   8.7791547   7.7424296   7.7424296
   7.7424296   7.7424296   0.7396399   0.7396399   0.7396399   0.7396399
   0.7338363   0.7338363   0.7338363   0.7338363
 TTTTTTTTTTTTTTTTTTTTTTTTTTTTTT MOQGAD      TELAPSE      453.40 TCPU      442.43
 TTTTTTTTTTTTTTTTTTTTTTTTTTTTTT SHELLXN     TELAPSE      459.07 TCPU      448.10
 TTTTTTTTTTTTTTTTTTTTTTTTTTTTTT MONMO3      TELAPSE      459.25 TCPU      448.28
 CYC   1 ETOT(AU) -4.476843624145E+02 DETOT  1.73E-02 tst  0.00E+00 PX  2.01E-03
 TTTTTTTTTTTTTTTTTTTTTTTTTTTTTT DIIS        TELAPSE      459.26 TCPU      448.29
 DIIS TEST: 0.20129E-04 AT SCF   CYCLE   1 - MIX   30 %
 TTTTTTTTTTTTTTTTTTTTTTTTTTTTTT FDIK        TELAPSE      459.27 TCPU      448.29
 INSULATING STATE
 TOP OF VALENCE BANDS -    BAND     32; K    1; EIG -3.8692130E-01 AU
 BOTTOM OF VIRTUAL BANDS - BAND     33; K    1; EIG  2.0737318E-01 AU
 DIRECT ENERGY BAND GAP:  16.1716 eV
 TTTTTTTTTTTTTTTTTTTTTTTTTTTTTT PDIG        TELAPSE      459.28 TCPU      448.30
 CHARGE NORMALIZATION FACTOR   1.00000000
 TOTAL ATOMIC CHARGES:
   4.7893558   4.7893558   8.7779531   8.7779531   7.7429075   7.7429075
   7.7429075   7.7429075   0.7397647   0.7397647   0.7397647   0.7397647
   0.7336733   0.7336733   0.7336733   0.7336733
 TTTTTTTTTTTTTTTTTTTTTTTTTTTTTT MOQGAD      TELAPSE      459.29 TCPU      448.32
 TTTTTTTTTTTTTTTTTTTTTTTTTTTTTT SHELLXN     TELAPSE      464.58 TCPU      453.61
 TTTTTTTTTTTTTTTTTTTTTTTTTTTTTT MONMO3      TELAPSE      464.76 TCPU      453.79
 CYC   2 ETOT(AU) -4.476843713877E+02 DETOT -8.97E-06 tst  1.89E-07 PX  4.35E-04
 TTTTTTTTTTTTTTTTTTTTTTTTTTTTTT DIIS        TELAPSE      464.76 TCPU      453.79
 DIIS TEST: 0.28836E-05 AT SCF   CYCLE   2 - DIIS ACTIVE - HISTORY:     2 CYCLES
 TTTTTTTTTTTTTTTTTTTTTTTTTTTTTT FDIK        TELAPSE      464.77 TCPU      453.80
 INSULATING STATE
 TOP OF VALENCE BANDS -    BAND     32; K    1; EIG -3.8692318E-01 AU
 BOTTOM OF VIRTUAL BANDS - BAND     33; K    1; EIG  2.0737722E-01 AU
 DIRECT ENERGY BAND GAP:  16.1717 eV
 TTTTTTTTTTTTTTTTTTTTTTTTTTTTTT PDIG        TELAPSE      464.79 TCPU      453.81
 CHARGE NORMALIZATION FACTOR   1.00000000
 TOTAL ATOMIC CHARGES:
   4.7889941   4.7889941   8.7780114   8.7780114   7.7427694   7.7427694
   7.7427694   7.7427694   0.7400204   0.7400204   0.7400204   0.7400204
   0.7337074   0.7337074   0.7337074   0.7337074
 TTTTTTTTTTTTTTTTTTTTTTTTTTTTTT MOQGAD      TELAPSE      464.80 TCPU      453.83
 TTTTTTTTTTTTTTTTTTTTTTTTTTTTTT SHELLXN     TELAPSE      470.16 TCPU      459.19
 TTTTTTTTTTTTTTTTTTTTTTTTTTTTTT MONMO3      TELAPSE      470.35 TCPU      459.37
 CYC   3 ETOT(AU) -4.476843749393E+02 DETOT -3.55E-06 tst  5.41E-08 PX  2.46E-04
 TTTTTTTTTTTTTTTTTTTTTTTTTTTTTT DIIS        TELAPSE      470.35 TCPU      459.38
 DIIS TEST: 0.54504E-06 AT SCF   CYCLE   3 - DIIS ACTIVE - HISTORY:     3 CYCLES
 TTTTTTTTTTTTTTTTTTTTTTTTTTTTTT FDIK        TELAPSE      470.36 TCPU      459.39
 INSULATING STATE
 TOP OF VALENCE BANDS -    BAND     32; K    1; EIG -3.8696723E-01 AU
 BOTTOM OF VIRTUAL BANDS - BAND     33; K    1; EIG  2.0738947E-01 AU
 DIRECT ENERGY BAND GAP:  16.1733 eV
 TTTTTTTTTTTTTTTTTTTTTTTTTTTTTT PDIG        TELAPSE      470.37 TCPU      459.39
 CHARGE NORMALIZATION FACTOR   1.00000000
 TOTAL ATOMIC CHARGES:
   4.7890016   4.7890016   8.7777446   8.7777446   7.7427723   7.7427723
   7.7427723   7.7427723   0.7401325   0.7401325   0.7401325   0.7401325
   0.7337221   0.7337221   0.7337221   0.7337221
 TTTTTTTTTTTTTTTTTTTTTTTTTTTTTT MOQGAD      TELAPSE      470.39 TCPU      459.41
 TTTTTTTTTTTTTTTTTTTTTTTTTTTTTT SHELLXN     TELAPSE      475.73 TCPU      464.76
 TTTTTTTTTTTTTTTTTTTTTTTTTTTTTT MONMO3      TELAPSE      475.91 TCPU      464.94
 CYC   4 ETOT(AU) -4.476843754770E+02 DETOT -5.38E-07 tst  3.37E-08 PX  8.44E-05
 TTTTTTTTTTTTTTTTTTTTTTTTTTTTTT DIIS        TELAPSE      475.92 TCPU      464.94
 DIIS TEST: 0.68570E-07 AT SCF   CYCLE   4 - DIIS ACTIVE - HISTORY:     4 CYCLES
 TTTTTTTTTTTTTTTTTTTTTTTTTTTTTT FDIK        TELAPSE      475.93 TCPU      464.95
 INSULATING STATE
 TOP OF VALENCE BANDS -    BAND     32; K    1; EIG -3.8698692E-01 AU
 BOTTOM OF VIRTUAL BANDS - BAND     33; K    1; EIG  2.0738404E-01 AU
 DIRECT ENERGY BAND GAP:  16.1737 eV
 TTTTTTTTTTTTTTTTTTTTTTTTTTTTTT PDIG        TELAPSE      475.94 TCPU      464.96
 CHARGE NORMALIZATION FACTOR   1.00000000
 TOTAL ATOMIC CHARGES:
   4.7889537   4.7889537   8.7777770   8.7777770   7.7427567   7.7427567
   7.7427567   7.7427567   0.7401579   0.7401579   0.7401579   0.7401579
   0.7337201   0.7337201   0.7337201   0.7337201
 TTTTTTTTTTTTTTTTTTTTTTTTTTTTTT MOQGAD      TELAPSE      475.95 TCPU      464.98
 TTTTTTTTTTTTTTTTTTTTTTTTTTTTTT SHELLXN     TELAPSE      481.31 TCPU      470.33
 TTTTTTTTTTTTTTTTTTTTTTTTTTTTTT MONMO3      TELAPSE      481.49 TCPU      470.51
 CYC   5 ETOT(AU) -4.476843756585E+02 DETOT -1.82E-07 tst  3.47E-09 PX  3.76E-05
 TTTTTTTTTTTTTTTTTTTTTTTTTTTTTT DIIS        TELAPSE      481.49 TCPU      470.52
 DIIS TEST: 0.74801E-08 AT SCF   CYCLE   5 - DIIS ACTIVE - HISTORY:     5 CYCLES
 TTTTTTTTTTTTTTTTTTTTTTTTTTTTTT FDIK        TELAPSE      481.50 TCPU      470.52
 INSULATING STATE
 TOP OF VALENCE BANDS -    BAND     32; K    1; EIG -3.8698525E-01 AU
 BOTTOM OF VIRTUAL BANDS - BAND     33; K    1; EIG  2.0738749E-01 AU
 DIRECT ENERGY BAND GAP:  16.1737 eV
 TTTTTTTTTTTTTTTTTTTTTTTTTTTTTT PDIG        TELAPSE      481.51 TCPU      470.53
 CHARGE NORMALIZATION FACTOR   1.00000000
 TOTAL ATOMIC CHARGES:
   4.7889557   4.7889557   8.7777600   8.7777600   7.7427501   7.7427501
   7.7427501   7.7427501   0.7401670   0.7401670   0.7401670   0.7401670
   0.7337251   0.7337251   0.7337251   0.7337251
 TTTTTTTTTTTTTTTTTTTTTTTTTTTTTT MOQGAD      TELAPSE      481.53 TCPU      470.55
 TTTTTTTTTTTTTTTTTTTTTTTTTTTTTT SHELLXN     TELAPSE      486.85 TCPU      475.87
 TTTTTTTTTTTTTTTTTTTTTTTTTTTTTT MONMO3      TELAPSE      487.03 TCPU      476.05
 CYC   6 ETOT(AU) -4.476843756705E+02 DETOT -1.20E-08 tst  8.07E-10 PX  1.52E-05
 TTTTTTTTTTTTTTTTTTTTTTTTTTTTTT DIIS        TELAPSE      487.03 TCPU      476.06
 DIIS TEST: 0.68445E-09 AT SCF   CYCLE   6 - DIIS ACTIVE - HISTORY:     6 CYCLES
 TTTTTTTTTTTTTTTTTTTTTTTTTTTTTT FDIK        TELAPSE      487.04 TCPU      476.06
 INSULATING STATE
 TOP OF VALENCE BANDS -    BAND     32; K    1; EIG -3.8698636E-01 AU
 BOTTOM OF VIRTUAL BANDS - BAND     33; K    1; EIG  2.0738715E-01 AU
 DIRECT ENERGY BAND GAP:  16.1737 eV
 TTTTTTTTTTTTTTTTTTTTTTTTTTTTTT PDIG        TELAPSE      487.05 TCPU      476.07
 CHARGE NORMALIZATION FACTOR   1.00000000
 TOTAL ATOMIC CHARGES:
   4.7889566   4.7889566   8.7777606   8.7777606   7.7427503   7.7427503
   7.7427503   7.7427503   0.7401658   0.7401658   0.7401658   0.7401658
   0.7337253   0.7337253   0.7337253   0.7337253
 TTTTTTTTTTTTTTTTTTTTTTTTTTTTTT MOQGAD      TELAPSE      487.07 TCPU      476.09
 TTTTTTTTTTTTTTTTTTTTTTTTTTTTTT SHELLXN     TELAPSE      492.53 TCPU      481.55
 +++ ENERGIES IN A.U. +++
 ::: EXT EL-POLE                                  -5.8337312633336E+02
 ::: EXT EL-SPHEROPOLE                             6.8875360111122E+00
 ::: BIELET ZONE E-E                               6.7777939644642E+02
 ::: TOTAL E-E                                     1.0129380612417E+02
 ::: TOTAL E-N + N-E                              -9.2542275855925E+02
 ::: TOTAL N-N                                    -7.0950478586714E+01
 ::: KINETIC ENERGY                                4.4739505533750E+02
 ::: TOTAL   ENERGY                               -4.4768437568429E+02
 ::: VIRIAL COEFFICIENT                            9.9967676572966E-01
 TTTTTTTTTTTTTTTTTTTTTTTTTTTTTT MONMO3      TELAPSE      492.74 TCPU      481.75
 CYC   7 ETOT(AU) -4.476843756843E+02 DETOT -1.38E-08 tst  2.61E-11 PX  1.52E-05

 == SCF ENDED - CONVERGENCE ON ENERGY      E(AU) -4.4768437568429E+02 CYCLES   7

 TOTAL ENERGY(HF)(AU)(   7) -4.4768437568429E+02 DE-1.4E-08 tst 2.6E-11 PX 1.5E-05

 *******************************************************************************
 *                             FORCE CALCULATION                               *
 *******************************************************************************

 INFORMATION **** EXCPOG **** EXCH. BIPO BUFFER LENGTH (WORDS) =     1253916
 INFORMATION **** GENPOG **** BIPO BUFFER LENGTH (WORDS) =      288800
 TTTTTTTTTTTTTTTTTTTTTTTTTTTTTT SHELXG      TELAPSE      532.80 TCPU      521.79

 CARTESIAN FORCES IN HARTREE/BOHR (ANALYTICAL)
   ATOM                     X                   Y                   Z
   1   6            -8.326672684689E-16  1.873501354055E-15 -1.999298642348E-04
   2   6            -1.637578961322E-15  3.608224830032E-16  1.999298642346E-04
   3   8            -6.245004513517E-16  7.494005416220E-16 -1.253016664096E-03
   4   8            -1.110223024625E-16 -6.106226635438E-16  1.253016664092E-03
   5   7            -2.292765493275E-04 -2.292765493266E-04  2.671459858252E-04
   6   7             2.292765493266E-04  2.292765493248E-04  2.671459858266E-04
   7   7            -2.292765493230E-04  2.292765493204E-04 -2.671459858230E-04
   8   7             2.292765493239E-04 -2.292765493248E-04 -2.671459858257E-04
   9   1             4.796626543557E-05  4.796626543468E-05 -2.296384782164E-04
  10   1            -4.796626543557E-05 -4.796626543402E-05 -2.296384782163E-04
  11   1             4.796626543579E-05 -4.796626543646E-05  2.296384782162E-04
  12   1            -4.796626543602E-05  4.796626543602E-05  2.296384782160E-04
  13   1            -1.469813449957E-04 -1.469813449967E-04  8.837380688576E-06
  14   1             1.469813449952E-04  1.469813449970E-04  8.837380689242E-06
  15   1            -1.469813449947E-04  1.469813449966E-04 -8.837380688798E-06
  16   1             1.469813449963E-04 -1.469813449956E-04 -8.837380688576E-06

 RESULTANT FORCE    -2.373101715136E-15 -2.400857290752E-15 -7.771561172376E-16

 ATOMIC PART

 SYMMETRY ALLOWED FORCES (ANALYTICAL) (DIRECTION, FORCE)

    1 -2.8268143E-04    2 -1.7716440E-03    3 -6.5922047E-04    4  5.3417463E-04
    5  1.3791356E-04    6 -4.5917609E-04    7 -4.2260367E-04    8  1.7670880E-05

 CELL PART

 GRADIENT WITH RESPECT TO THE CELL PARAMETER IN HARTREE/BOHR
ORDER: -D/DA1X, -D/DA1Y, -D/DA1Z
       -D/DA2X, -D/DA2Y, -D/DA2Z
       -D/DA3X, -D/DA3Y, -D/DA3Z
 -0.250415515975E-03 -0.485767677378E-15  0.678295852015E-15
  0.399914125197E-15 -0.250415515977E-03  0.837293785417E-17
  0.526155520467E-15  0.754116063791E-15 -0.540137537373E-03

STRESS TENSOR, IN HARTREE/BOHR^3:
ORDER: 11 12 13
       21 22 23
       31 32 33
  0.264698072157E-05 -0.422723398571E-17 -0.460398545912E-17
  0.513473644863E-17  0.264698072159E-05 -0.659869422087E-17
 -0.716982746382E-17 -0.885049194999E-19  0.472633141962E-05

PRESSURE FROM THE STRESS TENSOR,
IN HARTREE/BOHR^3: -0.33401E-05
PRESSURE IN GIGAPASCAL: -0.9827E-01
CONVERSION FACTOR: 1 HARTREE/BOHR^3= 29421 GIGAPASCAL
WHEN USING VALUES FOR BOHR RADIUS AND HARTREE
FROM IUPAC WEBSITE, APRIL 2009
ENTHALPY: -4.4768775368479E+02

 SYMMETRY ALLOWED FORCES (ANALYTICAL) (DIRECTION, FORCE)

    1 -5.2427418E-04    2  1.7079591E-04
 TTTTTTTTTTTTTTTTTTTTTTTTTTTTTT TOTGRA_C    TELAPSE      538.28 TCPU      527.20
 INFORMATION **** optc005 **** GEOMETRY OUTPUT FILE
 INFORMATION **** EXCBUF **** EXCH. BIPO BUFFER: WORDS USED =      313479

 *******************************************************************************
 UREA BULK BASE 6-21 + POLARIZATION                                              
 CRYSTAL - SCF - TYPE OF CALCULATION :  RESTRICTED CLOSED SHELL
 *******************************************************************************

 CAPPA:IS1  2;IS2  2;IS3  2; K PTS MONK NET   6; SYMMOPS:K SPACE  16;G SPACE   8

 TTTTTTTTTTTTTTTTTTTTTTTTTTTTTT SDIK        TELAPSE      538.32 TCPU      527.24

 INFORMATION FROM INTEGRAL EVALUATION

 RESTART FROM A PREVIOUS DENSITY MATRIX - DEP ACTIVE
 NUMBER OF COUPLE SETS (NEW, OLD, FOUND):     361     361     361
 NUMBER OF IRREDUCIBLE G VECTORS        :    1564    1564    1564
 CHARGE NORMALIZATION FACTOR   1.00000852
 TOTAL ATOMIC CHARGES:
   4.7894521   4.7894521   8.7775985   8.7775985   7.7429093   7.7429093
   7.7429093   7.7429093   0.7398390   0.7398390   0.7398390   0.7398390
   0.7337265   0.7337265   0.7337265   0.7337265
 TTTTTTTTTTTTTTTTTTTTTTTTTTTTTT MOQGAD      TELAPSE      538.34 TCPU      527.26
 TTTTTTTTTTTTTTTTTTTTTTTTTTTTTT SHELLXN     TELAPSE      543.75 TCPU      532.67
 TTTTTTTTTTTTTTTTTTTTTTTTTTTTTT MONMO3      TELAPSE      543.94 TCPU      532.86
 CYC   0 ETOT(AU) -4.476873125045E+02 DETOT -4.48E+02 tst  2.61E-11 PX  1.00E+00
 TTTTTTTTTTTTTTTTTTTTTTTTTTTTTT DIIS        TELAPSE      543.95 TCPU      532.87
 TTTTTTTTTTTTTTTTTTTTTTTTTTTTTT FDIK        TELAPSE      543.96 TCPU      532.88
 INSULATING STATE
 TOP OF VALENCE BANDS -    BAND     32; K    1; EIG -3.8692326E-01 AU
 BOTTOM OF VIRTUAL BANDS - BAND     33; K    1; EIG  2.0721462E-01 AU
 DIRECT ENERGY BAND GAP:  16.1673 eV
 TTTTTTTTTTTTTTTTTTTTTTTTTTTTTT PDIG        TELAPSE      543.97 TCPU      532.89
 CHARGE NORMALIZATION FACTOR   1.00000000
 TOTAL ATOMIC CHARGES:
   4.7884761   4.7884761   8.7780803   8.7780803   7.7426422   7.7426422
   7.7426422   7.7426422   0.7403029   0.7403029   0.7403029   0.7403029
   0.7337767   0.7337767   0.7337767   0.7337767
 TTTTTTTTTTTTTTTTTTTTTTTTTTTTTT MOQGAD      TELAPSE      543.99 TCPU      532.91
 TTTTTTTTTTTTTTTTTTTTTTTTTTTTTT SHELLXN     TELAPSE      549.25 TCPU      538.17
 TTTTTTTTTTTTTTTTTTTTTTTTTTTTTT MONMO3      TELAPSE      549.43 TCPU      538.35
 CYC   1 ETOT(AU) -4.476843899241E+02 DETOT  2.92E-03 tst  0.00E+00 PX  6.75E-04
 TTTTTTTTTTTTTTTTTTTTTTTTTTTTTT DIIS        TELAPSE      549.44 TCPU      538.36
 DIIS TEST: 0.17618E-05 AT SCF   CYCLE   1 - MIX   30 %
 TTTTTTTTTTTTTTTTTTTTTTTTTTTTTT FDIK        TELAPSE      549.45 TCPU      538.37
 INSULATING STATE
 TOP OF VALENCE BANDS -    BAND     32; K    1; EIG -3.8701343E-01 AU
 BOTTOM OF VIRTUAL BANDS - BAND     33; K    1; EIG  2.0724036E-01 AU
 DIRECT ENERGY BAND GAP:  16.1705 eV
 TTTTTTTTTTTTTTTTTTTTTTTTTTTTTT PDIG        TELAPSE      549.46 TCPU      538.38
 CHARGE NORMALIZATION FACTOR   1.00000000
 TOTAL ATOMIC CHARGES:
   4.7886600   4.7886600   8.7776725   8.7776725   7.7427605   7.7427605
   7.7427605   7.7427605   0.7403439   0.7403439   0.7403439   0.7403439
   0.7337294   0.7337294   0.7337294   0.7337294
 TTTTTTTTTTTTTTTTTTTTTTTTTTTTTT MOQGAD      TELAPSE      549.48 TCPU      538.40
 TTTTTTTTTTTTTTTTTTTTTTTTTTTTTT SHELLXN     TELAPSE      555.25 TCPU      544.15
 TTTTTTTTTTTTTTTTTTTTTTTTTTTTTT MONMO3      TELAPSE      555.50 TCPU      544.41
 CYC   2 ETOT(AU) -4.476843909823E+02 DETOT -1.06E-06 tst  1.20E-08 PX  1.39E-04
 TTTTTTTTTTTTTTTTTTTTTTTTTTTTTT DIIS        TELAPSE      555.51 TCPU      544.41
 DIIS TEST: 0.18483E-06 AT SCF   CYCLE   2 - DIIS ACTIVE - HISTORY:     2 CYCLES
 TTTTTTTTTTTTTTTTTTTTTTTTTTTTTT FDIK        TELAPSE      555.53 TCPU      544.42
 INSULATING STATE
 TOP OF VALENCE BANDS -    BAND     32; K    1; EIG -3.8700799E-01 AU
 BOTTOM OF VIRTUAL BANDS - BAND     33; K    1; EIG  2.0724300E-01 AU
 DIRECT ENERGY BAND GAP:  16.1704 eV
 TTTTTTTTTTTTTTTTTTTTTTTTTTTTTT PDIG        TELAPSE      555.54 TCPU      544.43
 CHARGE NORMALIZATION FACTOR   1.00000000
 TOTAL ATOMIC CHARGES:
   4.7885107   4.7885107   8.7777181   8.7777181   7.7427549   7.7427549
   7.7427549   7.7427549   0.7404057   0.7404057   0.7404057   0.7404057
   0.7337250   0.7337250   0.7337250   0.7337250
 TTTTTTTTTTTTTTTTTTTTTTTTTTTTTT MOQGAD      TELAPSE      555.56 TCPU      544.44
 TTTTTTTTTTTTTTTTTTTTTTTTTTTTTT SHELLXN     TELAPSE      560.88 TCPU      549.77
 TTTTTTTTTTTTTTTTTTTTTTTTTTTTTT MONMO3      TELAPSE      561.08 TCPU      549.96
 CYC   3 ETOT(AU) -4.476843915170E+02 DETOT -5.35E-07 tst  2.32E-09 PX  8.53E-05
 TTTTTTTTTTTTTTTTTTTTTTTTTTTTTT DIIS        TELAPSE      561.08 TCPU      549.96
 DIIS TEST: 0.31816E-07 AT SCF   CYCLE   3 - DIIS ACTIVE - HISTORY:     3 CYCLES
 TTTTTTTTTTTTTTTTTTTTTTTTTTTTTT FDIK        TELAPSE      561.09 TCPU      549.97
 INSULATING STATE
 TOP OF VALENCE BANDS -    BAND     32; K    1; EIG -3.8701805E-01 AU
 BOTTOM OF VIRTUAL BANDS - BAND     33; K    1; EIG  2.0724544E-01 AU
 DIRECT ENERGY BAND GAP:  16.1707 eV
 TTTTTTTTTTTTTTTTTTTTTTTTTTTTTT PDIG        TELAPSE      561.10 TCPU      549.98
 CHARGE NORMALIZATION FACTOR   1.00000000
 TOTAL ATOMIC CHARGES:
   4.7884947   4.7884947   8.7776637   8.7776637   7.7427609   7.7427609
   7.7427609   7.7427609   0.7404362   0.7404362   0.7404362   0.7404362
   0.7337237   0.7337237   0.7337237   0.7337237
 TTTTTTTTTTTTTTTTTTTTTTTTTTTTTT MOQGAD      TELAPSE      561.12 TCPU      550.00
 TTTTTTTTTTTTTTTTTTTTTTTTTTTTTT SHELLXN     TELAPSE      566.83 TCPU      555.71
 TTTTTTTTTTTTTTTTTTTTTTTTTTTTTT MONMO3      TELAPSE      567.01 TCPU      555.89
 CYC   4 ETOT(AU) -4.476843916030E+02 DETOT -8.61E-08 tst  1.84E-09 PX  3.02E-05
 TTTTTTTTTTTTTTTTTTTTTTTTTTTTTT DIIS        TELAPSE      567.01 TCPU      555.89
 DIIS TEST: 0.41587E-08 AT SCF   CYCLE   4 - DIIS ACTIVE - HISTORY:     4 CYCLES
 TTTTTTTTTTTTTTTTTTTTTTTTTTTTTT FDIK        TELAPSE      567.02 TCPU      555.90
 INSULATING STATE
 TOP OF VALENCE BANDS -    BAND     32; K    1; EIG -3.8702153E-01 AU
 BOTTOM OF VIRTUAL BANDS - BAND     33; K    1; EIG  2.0724451E-01 AU
 DIRECT ENERGY BAND GAP:  16.1708 eV
 TTTTTTTTTTTTTTTTTTTTTTTTTTTTTT PDIG        TELAPSE      567.03 TCPU      555.91
 CHARGE NORMALIZATION FACTOR   1.00000000
 TOTAL ATOMIC CHARGES:
   4.7884901   4.7884901   8.7776696   8.7776696   7.7427542   7.7427542
   7.7427542   7.7427542   0.7404440   0.7404440   0.7404440   0.7404440
   0.7337220   0.7337220   0.7337220   0.7337220
 TTTTTTTTTTTTTTTTTTTTTTTTTTTTTT MOQGAD      TELAPSE      567.05 TCPU      555.93
 TTTTTTTTTTTTTTTTTTTTTTTTTTTTTT SHELLXN     TELAPSE      572.42 TCPU      561.30
 +++ ENERGIES IN A.U. +++
 ::: EXT EL-POLE                                  -5.8302721026646E+02
 ::: EXT EL-SPHEROPOLE                             6.8763345204200E+00
 ::: BIELET ZONE E-E                               6.7760052281817E+02
 ::: TOTAL E-E                                     1.0144964707213E+02
 ::: TOTAL E-N + N-E                              -9.2576498003566E+02
 ::: TOTAL N-N                                    -7.0771064153892E+01
 ::: KINETIC ENERGY                                4.4740200548057E+02
 ::: TOTAL   ENERGY                               -4.4768439163685E+02
 ::: VIRIAL COEFFICIENT                            9.9968451519631E-01
 TTTTTTTTTTTTTTTTTTTTTTTTTTTTTT MONMO3      TELAPSE      572.60 TCPU      561.48
 CYC   5 ETOT(AU) -4.476843916369E+02 DETOT -3.38E-08 tst  1.95E-10 PX  3.02E-05

 == SCF ENDED - CONVERGENCE ON ENERGY      E(AU) -4.4768439163685E+02 CYCLES   5

 TOTAL ENERGY(HF)(AU)(   5) -4.4768439163685E+02 DE-3.4E-08 tst 1.9E-10 PX 3.0E-05

 *******************************************************************************
 *                             FORCE CALCULATION                               *
 *******************************************************************************

 INFORMATION **** EXCPOG **** EXCH. BIPO BUFFER LENGTH (WORDS) =     1253916
 INFORMATION **** GENPOG **** BIPO BUFFER LENGTH (WORDS) =      288800
 TTTTTTTTTTTTTTTTTTTTTTTTTTTTTT SHELXG      TELAPSE      614.80 TCPU      603.59

 CARTESIAN FORCES IN HARTREE/BOHR (ANALYTICAL)
   ATOM                     X                   Y                   Z
   1   6             3.816391647149E-16 -1.249000902703E-16 -2.073083951897E-04
   2   6            -1.137978600241E-15  2.026157019941E-15  2.073083951899E-04
   3   8             4.163336342344E-16  2.775557561563E-16 -2.950089327367E-04
   4   8            -8.326672684689E-16  3.330669073875E-16  2.950089327207E-04
   5   7            -8.009026424904E-05 -8.009026424283E-05  7.179746978414E-05
   6   7             8.009026424904E-05  8.009026424460E-05  7.179746978370E-05
   7   7            -8.009026424372E-05  8.009026423839E-05 -7.179746977526E-05
   8   7             8.009026424194E-05 -8.009026424194E-05 -7.179746978014E-05
   9   1             8.247020376517E-05  8.247020376340E-05 -3.018426764529E-04
  10   1            -8.247020376495E-05 -8.247020376362E-05 -3.018426764529E-04
  11   1             8.247020376362E-05 -8.247020376451E-05  3.018426764533E-04
  12   1            -8.247020376473E-05  8.247020376428E-05  3.018426764528E-04
  13   1             5.588624797492E-06  5.588624795660E-06 -2.907565147514E-05
  14   1            -5.588624797992E-06 -5.588624795494E-06 -2.907565147492E-05
  15   1             5.588624798103E-06 -5.588624796216E-06  2.907565147514E-05
  16   1            -5.588624796160E-06  5.588624797381E-06  2.907565147536E-05

 RESULTANT FORCE    -2.393918396848E-15  1.623701173514E-15 -2.664535259100E-15

 ATOMIC PART

 SYMMETRY ALLOWED FORCES (ANALYTICAL) (DIRECTION, FORCE)

    1 -2.9307176E-04    2 -4.1705396E-04    3 -2.3047698E-04    4  1.4354274E-04
    5  2.3732576E-04    6 -6.0346589E-04    7  1.6082471E-05    8 -5.8130163E-05

 CELL PART

 GRADIENT WITH RESPECT TO THE CELL PARAMETER IN HARTREE/BOHR
ORDER: -D/DA1X, -D/DA1Y, -D/DA1Z
       -D/DA2X, -D/DA2Y, -D/DA2Z
       -D/DA3X, -D/DA3Y, -D/DA3Z
 -0.174285087844E-03  0.985314303523E-15  0.160405389270E-15
 -0.798059107271E-16 -0.174285087844E-03 -0.234324613017E-15
  0.110275399976E-14 -0.626384616829E-15 -0.866746655204E-05

STRESS TENSOR, IN HARTREE/BOHR^3:
ORDER: 11 12 13
       21 22 23
       31 32 33
  0.184092257158E-05  0.842966568283E-18 -0.963263075944E-17
 -0.104075877282E-16  0.184092257158E-05  0.547151198599E-17
 -0.169431536205E-17  0.247510257197E-17  0.757109064520E-07

PRESSURE FROM THE STRESS TENSOR,
IN HARTREE/BOHR^3: -0.12525E-05
PRESSURE IN GIGAPASCAL: -0.3685E-01
CONVERSION FACTOR: 1 HARTREE/BOHR^3= 29421 GIGAPASCAL
WHEN USING VALUES FOR BOHR RADIUS AND HARTREE
FROM IUPAC WEBSITE, APRIL 2009
ENTHALPY: -4.4768566038606E+02

 SYMMETRY ALLOWED FORCES (ANALYTICAL) (DIRECTION, FORCE)

    1 -1.9691307E-04    2 -1.4522371E-04
 TTTTTTTTTTTTTTTTTTTTTTTTTTTTTT TOTGRA_C    TELAPSE      619.55 TCPU      608.34
 INFORMATION **** optc006 **** GEOMETRY OUTPUT FILE
 INFORMATION **** EXCBUF **** EXCH. BIPO BUFFER: WORDS USED =      313479

 *******************************************************************************
 UREA BULK BASE 6-21 + POLARIZATION                                              
 CRYSTAL - SCF - TYPE OF CALCULATION :  RESTRICTED CLOSED SHELL
 *******************************************************************************

 CAPPA:IS1  2;IS2  2;IS3  2; K PTS MONK NET   6; SYMMOPS:K SPACE  16;G SPACE   8

 TTTTTTTTTTTTTTTTTTTTTTTTTTTTTT SDIK        TELAPSE      619.59 TCPU      608.38

 INFORMATION FROM INTEGRAL EVALUATION

 RESTART FROM A PREVIOUS DENSITY MATRIX - DEP ACTIVE
 NUMBER OF COUPLE SETS (NEW, OLD, FOUND):     361     361     361
 NUMBER OF IRREDUCIBLE G VECTORS        :    1564    1564    1564
 CHARGE NORMALIZATION FACTOR   0.99999197
 TOTAL ATOMIC CHARGES:
   4.7886734   4.7886734   8.7775149   8.7775149   7.7427913   7.7427913
   7.7427913   7.7427913   0.7403049   0.7403049   0.7403049   0.7403049
   0.7338096   0.7338096   0.7338096   0.7338096
 TTTTTTTTTTTTTTTTTTTTTTTTTTTTTT MOQGAD      TELAPSE      619.61 TCPU      608.40
 TTTTTTTTTTTTTTTTTTTTTTTTTTTTTT SHELLXN     TELAPSE      625.30 TCPU      614.09
 TTTTTTTTTTTTTTTTTTTTTTTTTTTTTT MONMO3      TELAPSE      625.48 TCPU      614.27
 CYC   0 ETOT(AU) -4.476830795602E+02 DETOT -4.48E+02 tst  1.95E-10 PX  1.00E+00
 TTTTTTTTTTTTTTTTTTTTTTTTTTTTTT DIIS        TELAPSE      625.48 TCPU      614.27
 TTTTTTTTTTTTTTTTTTTTTTTTTTTTTT FDIK        TELAPSE      625.50 TCPU      614.29
 INSULATING STATE
 TOP OF VALENCE BANDS -    BAND     32; K    1; EIG -3.8687279E-01 AU
 BOTTOM OF VIRTUAL BANDS - BAND     33; K    1; EIG  2.0731748E-01 AU
 DIRECT ENERGY BAND GAP:  16.1687 eV
 TTTTTTTTTTTTTTTTTTTTTTTTTTTTTT PDIG        TELAPSE      625.51 TCPU      614.30
 CHARGE NORMALIZATION FACTOR   1.00000000
 TOTAL ATOMIC CHARGES:
   4.7883318   4.7883318   8.7778577   8.7778577   7.7426592   7.7426592
   7.7426592   7.7426592   0.7405597   0.7405597   0.7405597   0.7405597
   0.7336864   0.7336864   0.7336864   0.7336864
 TTTTTTTTTTTTTTTTTTTTTTTTTTTTTT MOQGAD      TELAPSE      625.53 TCPU      614.31
 TTTTTTTTTTTTTTTTTTTTTTTTTTTTTT SHELLXN     TELAPSE      630.82 TCPU      619.61
 TTTTTTTTTTTTTTTTTTTTTTTTTTTTTT MONMO3      TELAPSE      631.00 TCPU      619.79
 CYC   1 ETOT(AU) -4.476844015978E+02 DETOT -1.32E-03 tst  0.00E+00 PX  4.70E-04
 TTTTTTTTTTTTTTTTTTTTTTTTTTTTTT DIIS        TELAPSE      631.01 TCPU      619.79
 DIIS TEST: 0.40107E-06 AT SCF   CYCLE   1 - MIX   30 %
 TTTTTTTTTTTTTTTTTTTTTTTTTTTTTT FDIK        TELAPSE      631.02 TCPU      619.80
 INSULATING STATE
 TOP OF VALENCE BANDS -    BAND     32; K    1; EIG -3.8688593E-01 AU
 BOTTOM OF VIRTUAL BANDS - BAND     33; K    1; EIG  2.0734607E-01 AU
 DIRECT ENERGY BAND GAP:  16.1699 eV
 TTTTTTTTTTTTTTTTTTTTTTTTTTTTTT PDIG        TELAPSE      631.03 TCPU      619.81
 CHARGE NORMALIZATION FACTOR   1.00000000
 TOTAL ATOMIC CHARGES:
   4.7883929   4.7883929   8.7776355   8.7776355   7.7427229   7.7427229
   7.7427229   7.7427229   0.7405966   0.7405966   0.7405966   0.7405966
   0.7336662   0.7336662   0.7336662   0.7336662
 TTTTTTTTTTTTTTTTTTTTTTTTTTTTTT MOQGAD      TELAPSE      631.04 TCPU      619.83
 TTTTTTTTTTTTTTTTTTTTTTTTTTTTTT SHELLXN     TELAPSE      636.35 TCPU      625.14
 TTTTTTTTTTTTTTTTTTTTTTTTTTTTTT MONMO3      TELAPSE      636.54 TCPU      625.33
 CYC   2 ETOT(AU) -4.476844015889E+02 DETOT  8.88E-09 tst  2.07E-09 PX  9.34E-05
 TTTTTTTTTTTTTTTTTTTTTTTTTTTTTT DIIS        TELAPSE      636.55 TCPU      625.33
 DIIS TEST: 0.51105E-07 AT SCF   CYCLE   2 - DIIS ACTIVE - HISTORY:     2 CYCLES
 TTTTTTTTTTTTTTTTTTTTTTTTTTTTTT FDIK        TELAPSE      636.56 TCPU      625.34
 INSULATING STATE
 TOP OF VALENCE BANDS -    BAND     32; K    1; EIG -3.8688137E-01 AU
 BOTTOM OF VIRTUAL BANDS - BAND     33; K    1; EIG  2.0735073E-01 AU
 DIRECT ENERGY BAND GAP:  16.1699 eV
 TTTTTTTTTTTTTTTTTTTTTTTTTTTTTT PDIG        TELAPSE      636.57 TCPU      625.35
 CHARGE NORMALIZATION FACTOR   1.00000000
 TOTAL ATOMIC CHARGES:
   4.7883121   4.7883121   8.7776641   8.7776641   7.7427327   7.7427327
   7.7427327   7.7427327   0.7406271   0.7406271   0.7406271   0.7406271
   0.7336521   0.7336521   0.7336521   0.7336521
 TTTTTTTTTTTTTTTTTTTTTTTTTTTTTT MOQGAD      TELAPSE      636.58 TCPU      625.37
 TTTTTTTTTTTTTTTTTTTTTTTTTTTTTT SHELLXN     TELAPSE      641.98 TCPU      630.76
 +++ ENERGIES IN A.U. +++
 ::: EXT EL-POLE                                  -5.8307902218324E+02
 ::: EXT EL-SPHEROPOLE                             6.8790332614051E+00
 ::: BIELET ZONE E-E                               6.7764690813712E+02
 ::: TOTAL E-E                                     1.0144691921528E+02
 ::: TOTAL E-N + N-E                              -9.2576148687228E+02
 ::: TOTAL N-N                                    -7.0777813612069E+01
 ::: KINETIC ENERGY                                4.4740797961410E+02
 ::: TOTAL   ENERGY                               -4.4768440165497E+02
 ::: VIRIAL COEFFICIENT                            9.9969118043383E-01
 TTTTTTTTTTTTTTTTTTTTTTTTTTTTTT MONMO3      TELAPSE      642.16 TCPU      630.94
 CYC   3 ETOT(AU) -4.476844016550E+02 DETOT -6.61E-08 tst  2.98E-10 PX  9.34E-05

 == SCF ENDED - CONVERGENCE ON ENERGY      E(AU) -4.4768440165497E+02 CYCLES   3

 TOTAL ENERGY(HF)(AU)(   3) -4.4768440165497E+02 DE-6.6E-08 tst 3.0E-10 PX 9.3E-05

 *******************************************************************************
 *                             FORCE CALCULATION                               *
 *******************************************************************************

 INFORMATION **** EXCPOG **** EXCH. BIPO BUFFER LENGTH (WORDS) =     1253916
 INFORMATION **** GENPOG **** BIPO BUFFER LENGTH (WORDS) =      288800
 TTTTTTTTTTTTTTTTTTTTTTTTTTTTTT SHELXG      TELAPSE      681.07 TCPU      669.84

 CARTESIAN FORCES IN HARTREE/BOHR (ANALYTICAL)
   ATOM                     X                   Y                   Z
   1   6            -1.741662369881E-15  1.110223024625E-16 -7.481501173512E-05
   2   6            -3.053113317719E-16 -1.221245327088E-15  7.481501174222E-05
   3   8             2.914335439641E-16  1.387778780781E-17  8.666785164202E-05
   4   8            -4.440892098501E-16 -7.494005416220E-16 -8.666785165090E-05
   5   7             4.240978426573E-05  4.240978427283E-05  2.729816297853E-05
   6   7            -4.240978426129E-05 -4.240978427283E-05  2.729816297853E-05
   7   7             4.240978426839E-05 -4.240978426662E-05 -2.729816297720E-05
   8   7            -4.240978427017E-05  4.240978426751E-05 -2.729816297631E-05
   9   1             1.851114469054E-04  1.851114469038E-04 -3.096942336531E-04
  10   1            -1.851114469056E-04 -1.851114469038E-04 -3.096942336529E-04
  11   1             1.851114469049E-04 -1.851114469062E-04  3.096942336531E-04
  12   1            -1.851114469060E-04  1.851114469060E-04  3.096942336525E-04
  13   1             1.048177478682E-04  1.048177478662E-04 -4.077418087811E-05
  14   1            -1.048177478686E-04 -1.048177478660E-04 -4.077418087722E-05
  15   1             1.048177478686E-04 -1.048177478669E-04  4.077418087722E-05
  16   1            -1.048177478666E-04  1.048177478680E-04  4.077418087745E-05

 RESULTANT FORCE     6.869504964868E-16  9.714451465470E-17  6.661338147751E-16

 ATOMIC PART

 SYMMETRY ALLOWED FORCES (ANALYTICAL) (DIRECTION, FORCE)

    1 -1.0573456E-04    2  1.2248595E-04    3  1.2203358E-04    4  5.4560288E-05
    5  5.3265568E-04    6 -6.1897962E-04    7  3.0161165E-04    8 -8.1494533E-05

 CELL PART

 GRADIENT WITH RESPECT TO THE CELL PARAMETER IN HARTREE/BOHR
ORDER: -D/DA1X, -D/DA1Y, -D/DA1Z
       -D/DA2X, -D/DA2Y, -D/DA2Z
       -D/DA3X, -D/DA3Y, -D/DA3Z
  0.253806176573E-04 -0.931574065118E-15 -0.275639418795E-15
 -0.829225380035E-15  0.253806176564E-04  0.212117376641E-15
  0.260427308468E-15  0.339425228773E-15  0.227830535873E-03

STRESS TENSOR, IN HARTREE/BOHR^3:
ORDER: 11 12 13
       21 22 23
       31 32 33
 -0.268188942612E-06  0.876216177483E-17 -0.227521198038E-17
  0.984364789154E-17 -0.268188942603E-06 -0.296537391372E-17
  0.291259437682E-17 -0.224137709014E-17 -0.199043167848E-05

PRESSURE FROM THE STRESS TENSOR,
IN HARTREE/BOHR^3:  0.84227E-06
PRESSURE IN GIGAPASCAL:  0.2478E-01
CONVERSION FACTOR: 1 HARTREE/BOHR^3= 29421 GIGAPASCAL
WHEN USING VALUES FOR BOHR RADIUS AND HARTREE
FROM IUPAC WEBSITE, APRIL 2009
ENTHALPY: -4.4768354885946E+02

 SYMMETRY ALLOWED FORCES (ANALYTICAL) (DIRECTION, FORCE)

    1  1.3235601E-04    2 -1.4162411E-04
 TTTTTTTTTTTTTTTTTTTTTTTTTTTTTT TOTGRA_C    TELAPSE      685.64 TCPU      674.41
 INFORMATION **** optc007 **** GEOMETRY OUTPUT FILE
 INFORMATION **** EXCBUF **** EXCH. BIPO BUFFER: WORDS USED =      313479

 *******************************************************************************
 UREA BULK BASE 6-21 + POLARIZATION                                              
 CRYSTAL - SCF - TYPE OF CALCULATION :  RESTRICTED CLOSED SHELL
 *******************************************************************************

 CAPPA:IS1  2;IS2  2;IS3  2; K PTS MONK NET   6; SYMMOPS:K SPACE  16;G SPACE   8

 TTTTTTTTTTTTTTTTTTTTTTTTTTTTTT SDIK        TELAPSE      685.68 TCPU      674.45

 INFORMATION FROM INTEGRAL EVALUATION

 RESTART FROM A PREVIOUS DENSITY MATRIX - DEP ACTIVE
 NUMBER OF COUPLE SETS (NEW, OLD, FOUND):     361     361     361
 NUMBER OF IRREDUCIBLE G VECTORS        :    1564    1564    1564
 CHARGE NORMALIZATION FACTOR   0.99998431
 TOTAL ATOMIC CHARGES:
   4.7882426   4.7882426   8.7776338   8.7776338   7.7426327   7.7426327
   7.7426327   7.7426327   0.7406486   0.7406486   0.7406486   0.7406486
   0.7337805   0.7337805   0.7337805   0.7337805
 TTTTTTTTTTTTTTTTTTTTTTTTTTTTTT MOQGAD      TELAPSE      685.70 TCPU      674.47
 TTTTTTTTTTTTTTTTTTTTTTTTTTTTTT SHELLXN     TELAPSE      691.10 TCPU      679.87
 TTTTTTTTTTTTTTTTTTTTTTTTTTTTTT MONMO3      TELAPSE      691.28 TCPU      680.05
 CYC   0 ETOT(AU) -4.476807477874E+02 DETOT -4.48E+02 tst  2.98E-10 PX  1.00E+00
 TTTTTTTTTTTTTTTTTTTTTTTTTTTTTT DIIS        TELAPSE      691.28 TCPU      680.05
 TTTTTTTTTTTTTTTTTTTTTTTTTTTTTT FDIK        TELAPSE      691.30 TCPU      680.07
 INSULATING STATE
 TOP OF VALENCE BANDS -    BAND     32; K    1; EIG -3.8670125E-01 AU
 BOTTOM OF VIRTUAL BANDS - BAND     33; K    1; EIG  2.0759141E-01 AU
 DIRECT ENERGY BAND GAP:  16.1715 eV
 TTTTTTTTTTTTTTTTTTTTTTTTTTTTTT PDIG        TELAPSE      691.31 TCPU      680.08
 CHARGE NORMALIZATION FACTOR   1.00000000
 TOTAL ATOMIC CHARGES:
   4.7882530   4.7882530   8.7775683   8.7775683   7.7428712   7.7428712
   7.7428712   7.7428712   0.7406115   0.7406115   0.7406115   0.7406115
   0.7336067   0.7336067   0.7336067   0.7336067
 TTTTTTTTTTTTTTTTTTTTTTTTTTTTTT MOQGAD      TELAPSE      691.33 TCPU      680.10
 TTTTTTTTTTTTTTTTTTTTTTTTTTTTTT SHELLXN     TELAPSE      696.66 TCPU      685.43
 TTTTTTTTTTTTTTTTTTTTTTTTTTTTTT MONMO3      TELAPSE      696.84 TCPU      685.61
 CYC   1 ETOT(AU) -4.476844096512E+02 DETOT -3.66E-03 tst  0.00E+00 PX  3.44E-04
 TTTTTTTTTTTTTTTTTTTTTTTTTTTTTT DIIS        TELAPSE      696.85 TCPU      685.62
 DIIS TEST: 0.20862E-06 AT SCF   CYCLE   1 - MIX   30 %
 TTTTTTTTTTTTTTTTTTTTTTTTTTTTTT FDIK        TELAPSE      696.85 TCPU      685.62
 INSULATING STATE
 TOP OF VALENCE BANDS -    BAND     32; K    1; EIG -3.8665152E-01 AU
 BOTTOM OF VIRTUAL BANDS - BAND     33; K    1; EIG  2.0760685E-01 AU
 DIRECT ENERGY BAND GAP:  16.1706 eV
 TTTTTTTTTTTTTTTTTTTTTTTTTTTTTT PDIG        TELAPSE      696.86 TCPU      685.63
 CHARGE NORMALIZATION FACTOR   1.00000000
 TOTAL ATOMIC CHARGES:
   4.7882504   4.7882504   8.7775780   8.7775780   7.7428480   7.7428480
   7.7428480   7.7428480   0.7406305   0.7406305   0.7406305   0.7406305
   0.7336073   0.7336073   0.7336073   0.7336073
 TTTTTTTTTTTTTTTTTTTTTTTTTTTTTT MOQGAD      TELAPSE      696.88 TCPU      685.65
 TTTTTTTTTTTTTTTTTTTTTTTTTTTTTT SHELLXN     TELAPSE      702.25 TCPU      691.02
 TTTTTTTTTTTTTTTTTTTTTTTTTTTTTT MONMO3      TELAPSE      702.43 TCPU      691.20
 CYC   2 ETOT(AU) -4.476844091099E+02 DETOT  5.41E-07 tst  6.30E-10 PX  5.88E-05
 TTTTTTTTTTTTTTTTTTTTTTTTTTTTTT DIIS        TELAPSE      702.43 TCPU      691.20
 DIIS TEST: 0.25797E-07 AT SCF   CYCLE   2 - DIIS ACTIVE - HISTORY:     2 CYCLES
 TTTTTTTTTTTTTTTTTTTTTTTTTTTTTT FDIK        TELAPSE      702.44 TCPU      691.21
 INSULATING STATE
 TOP OF VALENCE BANDS -    BAND     32; K    1; EIG -3.8665727E-01 AU
 BOTTOM OF VIRTUAL BANDS - BAND     33; K    1; EIG  2.0760830E-01 AU
 DIRECT ENERGY BAND GAP:  16.1708 eV
 TTTTTTTTTTTTTTTTTTTTTTTTTTTTTT PDIG        TELAPSE      702.45 TCPU      691.22
 CHARGE NORMALIZATION FACTOR   1.00000000
 TOTAL ATOMIC CHARGES:
   4.7882391   4.7882391   8.7775812   8.7775812   7.7428791   7.7428791
   7.7428791   7.7428791   0.7406248   0.7406248   0.7406248   0.7406248
   0.7335859   0.7335859   0.7335859   0.7335859
 TTTTTTTTTTTTTTTTTTTTTTTTTTTTTT MOQGAD      TELAPSE      702.47 TCPU      691.24
 TTTTTTTTTTTTTTTTTTTTTTTTTTTTTT SHELLXN     TELAPSE      707.87 TCPU      696.64
 TTTTTTTTTTTTTTTTTTTTTTTTTTTTTT MONMO3      TELAPSE      708.06 TCPU      696.82
 CYC   3 ETOT(AU) -4.476844089035E+02 DETOT  2.06E-07 tst  2.92E-10 PX  3.00E-05
 TTTTTTTTTTTTTTTTTTTTTTTTTTTTTT DIIS        TELAPSE      708.06 TCPU      696.83
 DIIS TEST: 0.20060E-08 AT SCF   CYCLE   3 - DIIS ACTIVE - HISTORY:     3 CYCLES
 TTTTTTTTTTTTTTTTTTTTTTTTTTTTTT FDIK        TELAPSE      708.17 TCPU      696.84
 INSULATING STATE
 TOP OF VALENCE BANDS -    BAND     32; K    1; EIG -3.8665151E-01 AU
 BOTTOM OF VIRTUAL BANDS - BAND     33; K    1; EIG  2.0760980E-01 AU
 DIRECT ENERGY BAND GAP:  16.1707 eV
 TTTTTTTTTTTTTTTTTTTTTTTTTTTTTT PDIG        TELAPSE      708.18 TCPU      696.85
 CHARGE NORMALIZATION FACTOR   1.00000000
 TOTAL ATOMIC CHARGES:
   4.7882410   4.7882410   8.7775902   8.7775902   7.7428764   7.7428764
   7.7428764   7.7428764   0.7406259   0.7406259   0.7406259   0.7406259
   0.7335821   0.7335821   0.7335821   0.7335821
 TTTTTTTTTTTTTTTTTTTTTTTTTTTTTT MOQGAD      TELAPSE      708.20 TCPU      696.86
 TTTTTTTTTTTTTTTTTTTTTTTTTTTTTT SHELLXN     TELAPSE      713.38 TCPU      702.05
 TTTTTTTTTTTTTTTTTTTTTTTTTTTTTT MONMO3      TELAPSE      713.56 TCPU      702.23
 CYC   4 ETOT(AU) -4.476844089007E+02 DETOT  2.83E-09 tst  2.42E-11 PX  1.23E-05
 TTTTTTTTTTTTTTTTTTTTTTTTTTTTTT DIIS        TELAPSE      713.56 TCPU      702.23
 DIIS TEST: 0.18136E-09 AT SCF   CYCLE   4 - DIIS ACTIVE - HISTORY:     4 CYCLES
 TTTTTTTTTTTTTTTTTTTTTTTTTTTTTT FDIK        TELAPSE      713.57 TCPU      702.24
 INSULATING STATE
 TOP OF VALENCE BANDS -    BAND     32; K    1; EIG -3.8665215E-01 AU
 BOTTOM OF VIRTUAL BANDS - BAND     33; K    1; EIG  2.0760981E-01 AU
 DIRECT ENERGY BAND GAP:  16.1707 eV
 TTTTTTTTTTTTTTTTTTTTTTTTTTTTTT PDIG        TELAPSE      713.58 TCPU      702.25
 CHARGE NORMALIZATION FACTOR   1.00000000
 TOTAL ATOMIC CHARGES:
   4.7882422   4.7882422   8.7775874   8.7775874   7.7428794   7.7428794
   7.7428794   7.7428794   0.7406253   0.7406253   0.7406253   0.7406253
   0.7335805   0.7335805   0.7335805   0.7335805
 TTTTTTTTTTTTTTTTTTTTTTTTTTTTTT MOQGAD      TELAPSE      713.60 TCPU      702.27
 TTTTTTTTTTTTTTTTTTTTTTTTTTTTTT SHELLXN     TELAPSE      718.91 TCPU      707.58
 +++ ENERGIES IN A.U. +++
 ::: EXT EL-POLE                                  -5.8346444308227E+02
 ::: EXT EL-SPHEROPOLE                             6.8929490850947E+00
 ::: BIELET ZONE E-E                               6.7787880515093E+02
 ::: TOTAL E-E                                     1.0130731115376E+02
 ::: TOTAL E-N + N-E                              -9.2545711156948E+02
 ::: TOTAL N-N                                    -7.0943837497958E+01
 ::: KINETIC ENERGY                                4.4740922901120E+02
 ::: TOTAL   ENERGY                               -4.4768440890248E+02
 ::: VIRIAL COEFFICIENT                            9.9969256859884E-01
 TTTTTTTTTTTTTTTTTTTTTTTTTTTTTT MONMO3      TELAPSE      719.10 TCPU      707.76
 CYC   5 ETOT(AU) -4.476844089025E+02 DETOT -1.83E-09 tst  3.71E-12 PX  1.23E-05

 == SCF ENDED - CONVERGENCE ON ENERGY      E(AU) -4.4768440890248E+02 CYCLES   5

 TOTAL ENERGY(HF)(AU)(   5) -4.4768440890248E+02 DE-1.8E-09 tst 3.7E-12 PX 1.2E-05

 *******************************************************************************
 *                             FORCE CALCULATION                               *
 *******************************************************************************

 INFORMATION **** EXCPOG **** EXCH. BIPO BUFFER LENGTH (WORDS) =     1253916
 INFORMATION **** GENPOG **** BIPO BUFFER LENGTH (WORDS) =      288800
 TTTTTTTTTTTTTTTTTTTTTTTTTTTTTT SHELXG      TELAPSE      757.39 TCPU      746.06

 CARTESIAN FORCES IN HARTREE/BOHR (ANALYTICAL)
   ATOM                     X                   Y                   Z
   1   6            -3.261280134836E-16  1.651456749130E-15 -1.647018718387E-05
   2   6            -1.110223024625E-16 -1.554312234475E-15  1.647018718320E-05
   3   8            -1.110223024625E-16  7.216449660064E-16  3.079638884493E-04
   4   8            -7.494005416220E-16 -3.608224830032E-16 -3.079638884511E-04
   5   7            -1.208500627392E-05 -1.208500626770E-05  6.647784089875E-06
   6   7             1.208500627481E-05  1.208500626859E-05  6.647784091207E-06
   7   7            -1.208500626948E-05  1.208500626859E-05 -6.647784091651E-06
   8   7             1.208500627037E-05 -1.208500627037E-05 -6.647784091207E-06
   9   1             1.393344259373E-04  1.393344259362E-04 -2.545537157139E-04
  10   1            -1.393344259373E-04 -1.393344259359E-04 -2.545537157144E-04
  11   1             1.393344259362E-04 -1.393344259368E-04  2.545537157144E-04
  12   1            -1.393344259366E-04  1.393344259368E-04  2.545537157140E-04
  13   1             1.400727828312E-04  1.400727828294E-04 -3.386810986306E-05
  14   1            -1.400727828317E-04 -1.400727828292E-04 -3.386810986328E-05
  15   1             1.400727828316E-04 -1.400727828296E-04  3.386810986350E-05
  16   1            -1.400727828300E-04  1.400727828308E-04  3.386810986372E-05

 RESULTANT FORCE     1.200428645376E-15  1.235123114895E-15 -3.219646771413E-15

 ATOMIC PART

 SYMMETRY ALLOWED FORCES (ANALYTICAL) (DIRECTION, FORCE)

    1 -2.3266840E-05    2  4.3504948E-04    3 -3.4746719E-05    4  1.3281000E-05
    5  4.0061330E-04    6 -5.0854958E-04    7  4.0273621E-04    8 -6.7661999E-05

 CELL PART

 GRADIENT WITH RESPECT TO THE CELL PARAMETER IN HARTREE/BOHR
ORDER: -D/DA1X, -D/DA1Y, -D/DA1Z
       -D/DA2X, -D/DA2Y, -D/DA2Z
       -D/DA3X, -D/DA3Y, -D/DA3Z
  0.444295951887E-04  0.550802449957E-15  0.658091324033E-15
  0.392942613643E-15  0.444295951878E-04  0.275589815616E-15
  0.427083335900E-15  0.100658017959E-14  0.437240599888E-03

STRESS TENSOR, IN HARTREE/BOHR^3:
ORDER: 11 12 13
       21 22 23
       31 32 33
 -0.470052930463E-06 -0.415722507177E-17 -0.373715134625E-17
 -0.582733884046E-17 -0.470052930454E-06 -0.880798232350E-17
 -0.696242569982E-17 -0.291566465745E-17 -0.382603150054E-05

PRESSURE FROM THE STRESS TENSOR,
IN HARTREE/BOHR^3:  0.15887E-05
PRESSURE IN GIGAPASCAL:  0.4674E-01
CONVERSION FACTOR: 1 HARTREE/BOHR^3= 29421 GIGAPASCAL
WHEN USING VALUES FOR BOHR RADIUS AND HARTREE
FROM IUPAC WEBSITE, APRIL 2009
ENTHALPY: -4.4768280360006E+02

 SYMMETRY ALLOWED FORCES (ANALYTICAL) (DIRECTION, FORCE)

    1  2.4914697E-04    2 -2.7541014E-04
 TTTTTTTTTTTTTTTTTTTTTTTTTTTTTT TOTGRA_C    TELAPSE      761.98 TCPU      750.65
 INFORMATION **** optc008 **** GEOMETRY OUTPUT FILE
 INFORMATION **** EXCBUF **** EXCH. BIPO BUFFER: WORDS USED =      313479

 *******************************************************************************
 UREA BULK BASE 6-21 + POLARIZATION                                              
 CRYSTAL - SCF - TYPE OF CALCULATION :  RESTRICTED CLOSED SHELL
 *******************************************************************************

 CAPPA:IS1  2;IS2  2;IS3  2; K PTS MONK NET   6; SYMMOPS:K SPACE  16;G SPACE   8

 TTTTTTTTTTTTTTTTTTTTTTTTTTTTTT SDIK        TELAPSE      762.02 TCPU      750.68

 INFORMATION FROM INTEGRAL EVALUATION

 RESTART FROM A PREVIOUS DENSITY MATRIX - DEP ACTIVE
 NUMBER OF COUPLE SETS (NEW, OLD, FOUND):     361     361     361
 NUMBER OF IRREDUCIBLE G VECTORS        :    1564    1564    1564
 CHARGE NORMALIZATION FACTOR   0.99999026
 TOTAL ATOMIC CHARGES:
   4.7880540   4.7880540   8.7776218   8.7776218   7.7427842   7.7427842
   7.7427842   7.7427842   0.7407381   0.7407381   0.7407381   0.7407381
   0.7336398   0.7336398   0.7336398   0.7336398
 TTTTTTTTTTTTTTTTTTTTTTTTTTTTTT MOQGAD      TELAPSE      762.04 TCPU      750.70
 TTTTTTTTTTTTTTTTTTTTTTTTTTTTTT SHELLXN     TELAPSE      767.27 TCPU      755.93
 TTTTTTTTTTTTTTTTTTTTTTTTTTTTTT MONMO3      TELAPSE      767.46 TCPU      756.12
 CYC   0 ETOT(AU) -4.476818013922E+02 DETOT -4.48E+02 tst  3.71E-12 PX  1.00E+00
 TTTTTTTTTTTTTTTTTTTTTTTTTTTTTT DIIS        TELAPSE      767.47 TCPU      756.13
 TTTTTTTTTTTTTTTTTTTTTTTTTTTTTT FDIK        TELAPSE      767.48 TCPU      756.14
 INSULATING STATE
 TOP OF VALENCE BANDS -    BAND     32; K    1; EIG -3.8647820E-01 AU
 BOTTOM OF VIRTUAL BANDS - BAND     33; K    1; EIG  2.0787310E-01 AU
 DIRECT ENERGY BAND GAP:  16.1731 eV
 TTTTTTTTTTTTTTTTTTTTTTTTTTTTTT PDIG        TELAPSE      767.50 TCPU      756.16
 CHARGE NORMALIZATION FACTOR   1.00000000
 TOTAL ATOMIC CHARGES:
   4.7883375   4.7883375   8.7774599   8.7774599   7.7429752   7.7429752
   7.7429752   7.7429752   0.7406166   0.7406166   0.7406166   0.7406166
   0.7335095   0.7335095   0.7335095   0.7335095
 TTTTTTTTTTTTTTTTTTTTTTTTTTTTTT MOQGAD      TELAPSE      767.51 TCPU      756.17
 TTTTTTTTTTTTTTTTTTTTTTTTTTTTTT SHELLXN     TELAPSE      772.90 TCPU      761.56
 TTTTTTTTTTTTTTTTTTTTTTTTTTTTTT MONMO3      TELAPSE      773.08 TCPU      761.74
 CYC   1 ETOT(AU) -4.476844111460E+02 DETOT -2.61E-03 tst  0.00E+00 PX  2.43E-04
 TTTTTTTTTTTTTTTTTTTTTTTTTTTTTT DIIS        TELAPSE      773.09 TCPU      761.74
 DIIS TEST: 0.29156E-06 AT SCF   CYCLE   1 - MIX   30 %
 TTTTTTTTTTTTTTTTTTTTTTTTTTTTTT FDIK        TELAPSE      773.09 TCPU      761.75
 INSULATING STATE
 TOP OF VALENCE BANDS -    BAND     32; K    1; EIG -3.8643747E-01 AU
 BOTTOM OF VIRTUAL BANDS - BAND     33; K    1; EIG  2.0787390E-01 AU
 DIRECT ENERGY BAND GAP:  16.1720 eV
 TTTTTTTTTTTTTTTTTTTTTTTTTTTTTT PDIG        TELAPSE      773.10 TCPU      761.76
 CHARGE NORMALIZATION FACTOR   1.00000000
 TOTAL ATOMIC CHARGES:
   4.7883129   4.7883129   8.7775682   8.7775682   7.7429398   7.7429398
   7.7429398   7.7429398   0.7406009   0.7406009   0.7406009   0.7406009
   0.7335187   0.7335187   0.7335187   0.7335187
 TTTTTTTTTTTTTTTTTTTTTTTTTTTTTT MOQGAD      TELAPSE      773.12 TCPU      761.78
 TTTTTTTTTTTTTTTTTTTTTTTTTTTTTT SHELLXN     TELAPSE      778.38 TCPU      767.04
 TTTTTTTTTTTTTTTTTTTTTTTTTTTTTT MONMO3      TELAPSE      778.57 TCPU      767.23
 CYC   2 ETOT(AU) -4.476844106097E+02 DETOT  5.36E-07 tst  1.40E-09 PX  4.93E-05
 TTTTTTTTTTTTTTTTTTTTTTTTTTTTTT DIIS        TELAPSE      778.58 TCPU      767.23
 DIIS TEST: 0.37617E-07 AT SCF   CYCLE   2 - DIIS ACTIVE - HISTORY:     2 CYCLES
 TTTTTTTTTTTTTTTTTTTTTTTTTTTTTT FDIK        TELAPSE      778.59 TCPU      767.24
 INSULATING STATE
 TOP OF VALENCE BANDS -    BAND     32; K    1; EIG -3.8644310E-01 AU
 BOTTOM OF VIRTUAL BANDS - BAND     33; K    1; EIG  2.0787576E-01 AU
 DIRECT ENERGY BAND GAP:  16.1722 eV
 TTTTTTTTTTTTTTTTTTTTTTTTTTTTTT PDIG        TELAPSE      778.60 TCPU      767.25
 CHARGE NORMALIZATION FACTOR   1.00000000
 TOTAL ATOMIC CHARGES:
   4.7883569   4.7883569   8.7775424   8.7775424   7.7429681   7.7429681
   7.7429681   7.7429681   0.7405718   0.7405718   0.7405718   0.7405718
   0.7335104   0.7335104   0.7335104   0.7335104
 TTTTTTTTTTTTTTTTTTTTTTTTTTTTTT MOQGAD      TELAPSE      778.61 TCPU      767.27
 TTTTTTTTTTTTTTTTTTTTTTTTTTTTTT SHELLXN     TELAPSE      783.90 TCPU      772.55
 TTTTTTTTTTTTTTTTTTTTTTTTTTTTTT MONMO3      TELAPSE      784.09 TCPU      772.74
 CYC   3 ETOT(AU) -4.476844103369E+02 DETOT  2.73E-07 tst  4.54E-10 PX  2.09E-05
 TTTTTTTTTTTTTTTTTTTTTTTTTTTTTT DIIS        TELAPSE      784.09 TCPU      772.74
 DIIS TEST: 0.67008E-08 AT SCF   CYCLE   3 - DIIS ACTIVE - HISTORY:     3 CYCLES
 TTTTTTTTTTTTTTTTTTTTTTTTTTTTTT FDIK        TELAPSE      784.10 TCPU      772.75
 INSULATING STATE
 TOP OF VALENCE BANDS -    BAND     32; K    1; EIG -3.8643706E-01 AU
 BOTTOM OF VIRTUAL BANDS - BAND     33; K    1; EIG  2.0787548E-01 AU
 DIRECT ENERGY BAND GAP:  16.1721 eV
 TTTTTTTTTTTTTTTTTTTTTTTTTTTTTT PDIG        TELAPSE      784.11 TCPU      772.76
 CHARGE NORMALIZATION FACTOR   1.00000000
 TOTAL ATOMIC CHARGES:
   4.7883516   4.7883516   8.7775694   8.7775694   7.7429681   7.7429681
   7.7429681   7.7429681   0.7405620   0.7405620   0.7405620   0.7405620
   0.7335094   0.7335094   0.7335094   0.7335094
 TTTTTTTTTTTTTTTTTTTTTTTTTTTTTT MOQGAD      TELAPSE      784.13 TCPU      772.78
 TTTTTTTTTTTTTTTTTTTTTTTTTTTTTT SHELLXN     TELAPSE      789.29 TCPU      777.94
 TTTTTTTTTTTTTTTTTTTTTTTTTTTTTT MONMO3      TELAPSE      789.47 TCPU      778.12
 CYC   4 ETOT(AU) -4.476844103366E+02 DETOT  3.08E-10 tst  2.09E-10 PX  8.23E-06
 TTTTTTTTTTTTTTTTTTTTTTTTTTTTTT DIIS        TELAPSE      789.48 TCPU      778.12
 DIIS TEST: 0.70936E-09 AT SCF   CYCLE   4 - DIIS ACTIVE - HISTORY:     4 CYCLES
 TTTTTTTTTTTTTTTTTTTTTTTTTTTTTT FDIK        TELAPSE      789.49 TCPU      778.13
 INSULATING STATE
 TOP OF VALENCE BANDS -    BAND     32; K    1; EIG -3.8643509E-01 AU
 BOTTOM OF VIRTUAL BANDS - BAND     33; K    1; EIG  2.0787620E-01 AU
 DIRECT ENERGY BAND GAP:  16.1720 eV
 TTTTTTTTTTTTTTTTTTTTTTTTTTTTTT PDIG        TELAPSE      789.49 TCPU      778.14
 CHARGE NORMALIZATION FACTOR   1.00000000
 TOTAL ATOMIC CHARGES:
   4.7883564   4.7883564   8.7775657   8.7775657   7.7429701   7.7429701
   7.7429701   7.7429701   0.7405590   0.7405590   0.7405590   0.7405590
   0.7335099   0.7335099   0.7335099   0.7335099
 TTTTTTTTTTTTTTTTTTTTTTTTTTTTTT MOQGAD      TELAPSE      789.51 TCPU      778.16
 TTTTTTTTTTTTTTTTTTTTTTTTTTTTTT SHELLXN     TELAPSE      794.80 TCPU      783.45
 +++ ENERGIES IN A.U. +++
 ::: EXT EL-POLE                                  -5.8388319678721E+02
 ::: EXT EL-SPHEROPOLE                             6.9076510173240E+00
 ::: BIELET ZONE E-E                               6.7811342436947E+02
 ::: TOTAL E-E                                     1.0113787859958E+02
 ::: TOTAL E-N + N-E                              -9.2508747324157E+02
 ::: TOTAL N-N                                    -7.1141553644596E+01
 ::: KINETIC ENERGY                                4.4740673795697E+02
 ::: TOTAL   ENERGY                               -4.4768441032961E+02
 ::: VIRIAL COEFFICIENT                            9.9968978313196E-01
 TTTTTTTTTTTTTTTTTTTTTTTTTTTTTT MONMO3      TELAPSE      794.99 TCPU      783.63
 CYC   5 ETOT(AU) -4.476844103296E+02 DETOT  7.01E-09 tst  2.83E-11 PX  8.23E-06

 == SCF ENDED - CONVERGENCE ON ENERGY      E(AU) -4.4768441032961E+02 CYCLES   5

 TOTAL ENERGY(HF)(AU)(   5) -4.4768441032961E+02 DE 7.0E-09 tst 2.8E-11 PX 8.2E-06

 *******************************************************************************
 *                             FORCE CALCULATION                               *
 *******************************************************************************

 INFORMATION **** EXCPOG **** EXCH. BIPO BUFFER LENGTH (WORDS) =     1253916
 INFORMATION **** GENPOG **** BIPO BUFFER LENGTH (WORDS) =      288800
 TTTTTTTTTTTTTTTTTTTTTTTTTTTTTT SHELXG      TELAPSE      835.01 TCPU      823.63

 CARTESIAN FORCES IN HARTREE/BOHR (ANALYTICAL)
   ATOM                     X                   Y                   Z
   1   6             1.845745778439E-15  1.651456749130E-15  9.444048199381E-05
   2   6            -2.331468351713E-15  2.775557561563E-15 -9.444048199381E-05
   3   8             2.775557561563E-16  2.636779683485E-16 -4.376711427767E-05
   4   8            -3.885780586188E-16  2.775557561563E-17  4.376711426879E-05
   5   7             3.318214868919E-05  3.318214869363E-05  3.029544700972E-05
   6   7            -3.318214868919E-05 -3.318214869452E-05  3.029544700794E-05
   7   7             3.318214869719E-05 -3.318214870163E-05 -3.029544700439E-05
   8   7            -3.318214869452E-05  3.318214869541E-05 -3.029544700750E-05
   9   1             9.967351823836E-05  9.967351823770E-05 -1.106753736372E-04
  10   1            -9.967351823836E-05 -9.967351823725E-05 -1.106753736372E-04
  11   1             9.967351823859E-05 -9.967351823903E-05  1.106753736371E-04
  12   1            -9.967351823925E-05  9.967351823881E-05  1.106753736365E-04
  13   1             6.571852631082E-05  6.571852630916E-05  5.609161650799E-05
  14   1            -6.571852631110E-05 -6.571852630893E-05  5.609161650888E-05
  15   1             6.571852631138E-05 -6.571852630904E-05 -5.609161650844E-05
  16   1            -6.571852630954E-05  6.571852631027E-05 -5.609161650844E-05

 RESULTANT FORCE     2.955968803064E-15 -7.216449660064E-16 -3.885780586188E-15

 ATOMIC PART

 SYMMETRY ALLOWED FORCES (ANALYTICAL) (DIRECTION, FORCE)

    1  1.3340606E-04    2 -6.1825163E-05    3  9.5307113E-05    4  6.0521505E-05
    5  2.8628632E-04    6 -2.2109725E-04    7  1.8875942E-04    8  1.1205476E-04

 CELL PART

 GRADIENT WITH RESPECT TO THE CELL PARAMETER IN HARTREE/BOHR
ORDER: -D/DA1X, -D/DA1Y, -D/DA1Z
       -D/DA2X, -D/DA2Y, -D/DA2Z
       -D/DA3X, -D/DA3Y, -D/DA3Z
  0.905603905803E-04 -0.350459476245E-15  0.792023768294E-15
 -0.150925475677E-14  0.905603905821E-04  0.652044375038E-15
  0.129188575049E-14  0.303445828017E-15  0.154806148419E-03

STRESS TENSOR, IN HARTREE/BOHR^3:
ORDER: 11 12 13
       21 22 23
       31 32 33
 -0.959136290364E-06  0.159847036806E-16 -0.113277695287E-16
  0.371175963149E-17 -0.959136290383E-06 -0.266073404936E-17
 -0.838842162819E-17 -0.690588257205E-17 -0.135740205374E-05

PRESSURE FROM THE STRESS TENSOR,
IN HARTREE/BOHR^3:  0.10919E-05
PRESSURE IN GIGAPASCAL:  0.3212E-01
CONVERSION FACTOR: 1 HARTREE/BOHR^3= 29421 GIGAPASCAL
WHEN USING VALUES FOR BOHR RADIUS AND HARTREE
FROM IUPAC WEBSITE, APRIL 2009
ENTHALPY: -4.4768330935496E+02

 SYMMETRY ALLOWED FORCES (ANALYTICAL) (DIRECTION, FORCE)

    1  1.7087403E-04    2 -3.2615194E-05
 TTTTTTTTTTTTTTTTTTTTTTTTTTTTTT TOTGRA_C    TELAPSE      839.66 TCPU      828.28
 INFORMATION **** optc009 **** GEOMETRY OUTPUT FILE

 GCALCO - MAX INDICES DIRECT LATTICE VECTOR    14    14    16
 NO.OF VECTORS CREATED 6999 STARS  525 RMAX   118.86364 BOHR
 TTTTTTTTTTTTTTTTTTTTTTTTTTTTTT gordsh1     TELAPSE      839.96 TCPU      828.30

 MATRIX SIZE: P(G)  104172, F(G)   17190, P(G) IRR   10592, F(G) IRR    4123
 MAX G-VECTOR INDEX FOR 1- AND 2-ELECTRON INTEGRALS  81

 TTTTTTTTTTTTTTTTTTTTTTTTTTTTTT INPUT       TELAPSE      839.96 TCPU      828.30

 NEIGHBORS OF THE NON-EQUIVALENT ATOMS

 N = NUMBER OF NEIGHBORS AT DISTANCE R
    ATOM  N     R/ANG      R/AU   NEIGHBORS (ATOM LABELS AND CELL INDICES)
   1 C    1     1.2432     2.3494    3 O    0 0 1
   1 C    2     1.3335     2.5199    5 N    0 1 0    6 N    0 0 0
   1 C    2     2.0182     3.8138    9 H    0 1 0   10 H    0 0 0
   1 C    2     2.0305     3.8370   13 H    0 1 0   14 H    0 0 0
   1 C    2     2.7422     5.1820   11 H    0 1 1   12 H    0 0 1
   1 C    2     3.1648     5.9805   15 H    0 1 0   16 H    0 0 0

   3 O    1     1.2432     2.3494    1 C    0 0-1
   3 O    2     2.0656     3.9035   13 H    0 1 0   14 H    0 0 0
   3 O    2     2.0903     3.9501   11 H    0 1 0   12 H    0 0 0
   3 O    2     2.2510     4.2538    5 N    0 1-1    6 N    0 0-1
   3 O    2     2.4824     4.6910    9 H    0 1-1   10 H    0 0-1
   3 O    2     2.9610     5.5954    5 N    0 1 0    6 N    0 0 0

   5 N    1     0.9962     1.8825   13 H    0 0 0
   5 N    1     0.9966     1.8833    9 H    0 0 0
   5 N    1     1.3335     2.5199    1 C    0-1 0
   5 N    1     2.2510     4.2538    3 O    0-1 1
   5 N    1     2.2686     4.2870    6 N    0-1 0
   5 N    1     2.4597     4.6481   14 H    0-1 0

   9 H    1     0.9966     1.8833    5 N    0 0 0
   9 H    1     1.7265     3.2627   13 H    0 0 0
   9 H    1     2.0182     3.8138    1 C    0-1 0
   9 H    1     2.0903     3.9501    4 O    0 0 0
   9 H    1     2.4824     4.6910    3 O    0-1 1
   9 H    2     2.5282     4.7776   15 H    1 0 0   16 H    0 0 0

  13 H    1     0.9962     1.8825    5 N    0 0 0
  13 H    1     1.7265     3.2627    9 H    0 0 0
  13 H    1     2.0305     3.8370    1 C    0-1 0
  13 H    1     2.0656     3.9035    3 O    0-1 0
  13 H    1     2.2294     4.2129   14 H    0-1 0
  13 H    1     2.4597     4.6481    6 N    0-1 0

 TTTTTTTTTTTTTTTTTTTTTTTTTTTTTT SYMM        TELAPSE      839.97 TCPU      828.31

 ***** NEW REFERENCE GEOMETRY *****
 TTTTTTTTTTTTTTTTTTTTTTTTTTTTTT INT_SCREEN  TELAPSE      839.98 TCPU      828.32
 INFORMATION **** EXCBUF **** EXCH. BIPO BUFFER: WORDS USED =      297558

 *******************************************************************************
 UREA BULK BASE 6-21 + POLARIZATION                                              
 CRYSTAL - SCF - TYPE OF CALCULATION :  RESTRICTED CLOSED SHELL
 *******************************************************************************

 CAPPA:IS1  2;IS2  2;IS3  2; K PTS MONK NET   6; SYMMOPS:K SPACE  16;G SPACE   8

 TTTTTTTTTTTTTTTTTTTTTTTTTTTTTT SDIK        TELAPSE      840.09 TCPU      828.43

 INFORMATION FROM INTEGRAL EVALUATION

 RESTART FROM A PREVIOUS DENSITY MATRIX - DEP ACTIVE
 NUMBER OF COUPLE SETS (NEW, OLD, FOUND):     361     361     361
 NUMBER OF IRREDUCIBLE G VECTORS        :    1513    1564    1511
 CHARGE NORMALIZATION FACTOR   0.99999866
 TOTAL ATOMIC CHARGES:
   4.7882730   4.7882730   8.7776177   8.7776177   7.7429342   7.7429342
   7.7429342   7.7429342   0.7406420   0.7406420   0.7406420   0.7406420
   0.7334784   0.7334784   0.7334784   0.7334784
 TTTTTTTTTTTTTTTTTTTTTTTTTTTTTT MOQGAD      TELAPSE      840.12 TCPU      828.46
 TTTTTTTTTTTTTTTTTTTTTTTTTTTTTT SHELLXN     TELAPSE      844.93 TCPU      833.27
 TTTTTTTTTTTTTTTTTTTTTTTTTTTTTT MONMO3      TELAPSE      845.13 TCPU      833.46
 CYC   0 ETOT(AU) -4.476838860639E+02 DETOT -4.48E+02 tst  2.83E-11 PX  1.00E+00
 TTTTTTTTTTTTTTTTTTTTTTTTTTTTTT DIIS        TELAPSE      845.13 TCPU      833.47
 TTTTTTTTTTTTTTTTTTTTTTTTTTTTTT FDIK        TELAPSE      845.15 TCPU      833.48
 INSULATING STATE
 TOP OF VALENCE BANDS -    BAND     32; K    1; EIG -3.8642937E-01 AU
 BOTTOM OF VIRTUAL BANDS - BAND     33; K    1; EIG  2.0760037E-01 AU
 DIRECT ENERGY BAND GAP:  16.1644 eV
 TTTTTTTTTTTTTTTTTTTTTTTTTTTTTT PDIG        TELAPSE      845.15 TCPU      833.49
 CHARGE NORMALIZATION FACTOR   1.00000000
 TOTAL ATOMIC CHARGES:
   4.7883455   4.7883455   8.7775344   8.7775344   7.7430511   7.7430511
   7.7430511   7.7430511   0.7404688   0.7404688   0.7404688   0.7404688
   0.7335402   0.7335402   0.7335402   0.7335402
 TTTTTTTTTTTTTTTTTTTTTTTTTTTTTT MOQGAD      TELAPSE      845.17 TCPU      833.51
 TTTTTTTTTTTTTTTTTTTTTTTTTTTTTT SHELLXN     TELAPSE      849.97 TCPU      838.31
 TTTTTTTTTTTTTTTTTTTTTTTTTTTTTT MONMO3      TELAPSE      850.15 TCPU      838.49
 CYC   1 ETOT(AU) -4.476844564560E+02 DETOT -5.70E-04 tst  0.00E+00 PX  3.23E-02
 TTTTTTTTTTTTTTTTTTTTTTTTTTTTTT DIIS        TELAPSE      850.15 TCPU      838.49
 DIIS TEST: 0.48559E-05 AT SCF   CYCLE   1 - MIX   30 %
 TTTTTTTTTTTTTTTTTTTTTTTTTTTTTT FDIK        TELAPSE      850.16 TCPU      838.50
 INSULATING STATE
 TOP OF VALENCE BANDS -    BAND     32; K    1; EIG -3.8642391E-01 AU
 BOTTOM OF VIRTUAL BANDS - BAND     33; K    1; EIG  2.0759768E-01 AU
 DIRECT ENERGY BAND GAP:  16.1642 eV
 TTTTTTTTTTTTTTTTTTTTTTTTTTTTTT PDIG        TELAPSE      850.17 TCPU      838.51
 CHARGE NORMALIZATION FACTOR   1.00000000
 TOTAL ATOMIC CHARGES:
   4.7882632   4.7882632   8.7775982   8.7775982   7.7431199   7.7431199
   7.7431199   7.7431199   0.7404016   0.7404016   0.7404016   0.7404016
   0.7335479   0.7335479   0.7335479   0.7335479
 TTTTTTTTTTTTTTTTTTTTTTTTTTTTTT MOQGAD      TELAPSE      850.19 TCPU      838.52
 TTTTTTTTTTTTTTTTTTTTTTTTTTTTTT SHELLXN     TELAPSE      855.02 TCPU      843.36
 TTTTTTTTTTTTTTTTTTTTTTTTTTTTTT MONMO3      TELAPSE      855.21 TCPU      843.54
 CYC   2 ETOT(AU) -4.476844568808E+02 DETOT -4.25E-07 tst  2.81E-08 PX  5.16E-04
 TTTTTTTTTTTTTTTTTTTTTTTTTTTTTT DIIS        TELAPSE      855.21 TCPU      843.54
 DIIS TEST: 0.62546E-06 AT SCF   CYCLE   2 - DIIS ACTIVE - HISTORY:     2 CYCLES
 TTTTTTTTTTTTTTTTTTTTTTTTTTTTTT FDIK        TELAPSE      855.26 TCPU      843.55
 INSULATING STATE
 TOP OF VALENCE BANDS -    BAND     32; K    1; EIG -3.8641523E-01 AU
 BOTTOM OF VIRTUAL BANDS - BAND     33; K    1; EIG  2.0761540E-01 AU
 DIRECT ENERGY BAND GAP:  16.1644 eV
 TTTTTTTTTTTTTTTTTTTTTTTTTTTTTT PDIG        TELAPSE      855.27 TCPU      843.56
 CHARGE NORMALIZATION FACTOR   1.00000000
 TOTAL ATOMIC CHARGES:
   4.7882520   4.7882520   8.7775810   8.7775810   7.7431686   7.7431686
   7.7431686   7.7431686   0.7403523   0.7403523   0.7403523   0.7403523
   0.7335626   0.7335626   0.7335626   0.7335626
 TTTTTTTTTTTTTTTTTTTTTTTTTTTTTT MOQGAD      TELAPSE      855.29 TCPU      843.58
 TTTTTTTTTTTTTTTTTTTTTTTTTTTTTT SHELLXN     TELAPSE      860.57 TCPU      848.86
 TTTTTTTTTTTTTTTTTTTTTTTTTTTTTT MONMO3      TELAPSE      860.74 TCPU      849.03
 CYC   3 ETOT(AU) -4.476844562058E+02 DETOT  6.75E-07 tst  1.74E-08 PX  4.09E-04
 TTTTTTTTTTTTTTTTTTTTTTTTTTTTTT DIIS        TELAPSE      860.75 TCPU      849.04
 DIIS TEST: 0.19494E-07 AT SCF   CYCLE   3 - DIIS ACTIVE - HISTORY:     3 CYCLES
 TTTTTTTTTTTTTTTTTTTTTTTTTTTTTT FDIK        TELAPSE      860.76 TCPU      849.05
 INSULATING STATE
 TOP OF VALENCE BANDS -    BAND     32; K    1; EIG -3.8641167E-01 AU
 BOTTOM OF VIRTUAL BANDS - BAND     33; K    1; EIG  2.0761393E-01 AU
 DIRECT ENERGY BAND GAP:  16.1643 eV
 TTTTTTTTTTTTTTTTTTTTTTTTTTTTTT PDIG        TELAPSE      860.77 TCPU      849.05
 CHARGE NORMALIZATION FACTOR   1.00000000
 TOTAL ATOMIC CHARGES:
   4.7882340   4.7882340   8.7776126   8.7776126   7.7431619   7.7431619
   7.7431619   7.7431619   0.7403487   0.7403487   0.7403487   0.7403487
   0.7335661   0.7335661   0.7335661   0.7335661
 TTTTTTTTTTTTTTTTTTTTTTTTTTTTTT MOQGAD      TELAPSE      860.79 TCPU      849.08
 TTTTTTTTTTTTTTTTTTTTTTTTTTTTTT SHELLXN     TELAPSE      865.84 TCPU      854.12
 TTTTTTTTTTTTTTTTTTTTTTTTTTTTTT MONMO3      TELAPSE      866.02 TCPU      854.29
 CYC   4 ETOT(AU) -4.476844561810E+02 DETOT  2.48E-08 tst  1.14E-10 PX  3.66E-05
 TTTTTTTTTTTTTTTTTTTTTTTTTTTTTT DIIS        TELAPSE      866.02 TCPU      854.30
 DIIS TEST: 0.12591E-08 AT SCF   CYCLE   4 - DIIS ACTIVE - HISTORY:     4 CYCLES
 TTTTTTTTTTTTTTTTTTTTTTTTTTTTTT FDIK        TELAPSE      866.03 TCPU      854.31
 INSULATING STATE
 TOP OF VALENCE BANDS -    BAND     32; K    1; EIG -3.8641365E-01 AU
 BOTTOM OF VIRTUAL BANDS - BAND     33; K    1; EIG  2.0761503E-01 AU
 DIRECT ENERGY BAND GAP:  16.1643 eV
 TTTTTTTTTTTTTTTTTTTTTTTTTTTTTT PDIG        TELAPSE      866.04 TCPU      854.32
 CHARGE NORMALIZATION FACTOR   1.00000000
 TOTAL ATOMIC CHARGES:
   4.7882422   4.7882422   8.7775991   8.7775991   7.7431658   7.7431658
   7.7431658   7.7431658   0.7403462   0.7403462   0.7403462   0.7403462
   0.7335674   0.7335674   0.7335674   0.7335674
 TTTTTTTTTTTTTTTTTTTTTTTTTTTTTT MOQGAD      TELAPSE      866.06 TCPU      854.33
 TTTTTTTTTTTTTTTTTTTTTTTTTTTTTT SHELLXN     TELAPSE      872.07 TCPU      860.34
 +++ ENERGIES IN A.U. +++
 ::: EXT EL-POLE                                  -5.7019502827057E+02
 ::: EXT EL-SPHEROPOLE                             6.9119031416590E+00
 ::: BIELET ZONE E-E                               6.6436010007420E+02
 ::: TOTAL E-E                                     1.0107697494529E+02
 ::: TOTAL E-N + N-E                              -9.2495457925504E+02
 ::: TOTAL N-N                                    -7.1211278636856E+01
 ::: KINETIC ENERGY                                4.4740442678595E+02
 ::: TOTAL   ENERGY                               -4.4768445616066E+02
 ::: VIRIAL COEFFICIENT                            9.9968714908648E-01
 TTTTTTTTTTTTTTTTTTTTTTTTTTTTTT MONMO3      TELAPSE      872.26 TCPU      860.53
 CYC   5 ETOT(AU) -4.476844561607E+02 DETOT  2.03E-08 tst  2.03E-11 PX  3.66E-05

 == SCF ENDED - CONVERGENCE ON ENERGY      E(AU) -4.4768445616066E+02 CYCLES   5

 TOTAL ENERGY(HF)(AU)(   5) -4.4768445616066E+02 DE 2.0E-08 tst 2.0E-11 PX 3.7E-05

 *******************************************************************************
 *                             FORCE CALCULATION                               *
 *******************************************************************************

 INFORMATION **** EXCPOG **** EXCH. BIPO BUFFER LENGTH (WORDS) =     1190232
 INFORMATION **** GENPOG **** BIPO BUFFER LENGTH (WORDS) =      276400
 TTTTTTTTTTTTTTTTTTTTTTTTTTTTTT SHELXG      TELAPSE      930.39 TCPU      914.43

 CARTESIAN FORCES IN HARTREE/BOHR (ANALYTICAL)
   ATOM                     X                   Y                   Z
   1   6            -5.273559366969E-16  2.595146320061E-15  1.051051838787E-04
   2   6            -1.082467449010E-15 -9.436895709314E-16 -1.051051838759E-04
   3   8            -3.053113317719E-16  9.853229343548E-16 -8.548844788159E-05
   4   8            -8.326672684689E-17 -4.996003610813E-16  8.548844787271E-05
   5   7             4.471753571877E-07  4.471753598523E-07 -6.984049354797E-05
   6   7            -4.471753562996E-07 -4.471753625168E-07 -6.984049355019E-05
   7   7             4.471753634050E-07 -4.471753634050E-07  6.984049355285E-05
   8   7            -4.471753625168E-07  4.471753625168E-07  6.984049355507E-05
   9   1             2.836251346872E-05  2.836251346738E-05 -1.300428809548E-05
  10   1            -2.836251346849E-05 -2.836251346761E-05 -1.300428809592E-05
  11   1             2.836251346805E-05 -2.836251346916E-05  1.300428809592E-05
  12   1            -2.836251346872E-05  2.836251346849E-05  1.300428809514E-05
  13   1             9.458481934954E-06  9.458481933566E-06  4.963115654788E-05
  14   1            -9.458481935620E-06 -9.458481933233E-06  4.963115654832E-05
  15   1             9.458481936064E-06 -9.458481933455E-06 -4.963115654810E-05
  16   1            -9.458481934010E-06  9.458481935121E-06 -4.963115654788E-05

 RESULTANT FORCE     7.216449660064E-16 -3.053113317719E-16  3.663735981263E-15

 ATOMIC PART

 SYMMETRY ALLOWED FORCES (ANALYTICAL) (DIRECTION, FORCE)

    1  1.4849688E-04    2 -1.2078156E-04    3  1.2839083E-06    4 -1.3954539E-04
    5  8.1433079E-05    6 -2.5983328E-05    7  2.7156737E-05    8  9.9165951E-05

 CELL PART

 GRADIENT WITH RESPECT TO THE CELL PARAMETER IN HARTREE/BOHR
ORDER: -D/DA1X, -D/DA1Y, -D/DA1Z
       -D/DA2X, -D/DA2Y, -D/DA2Z
       -D/DA3X, -D/DA3Y, -D/DA3Z
 -0.146598600015E-05 -0.105384751200E-14  0.749497042014E-15
 -0.117701287879E-14 -0.146598600104E-05  0.497560086604E-15
  0.576003493571E-15  0.372525653800E-15  0.204109832407E-03

STRESS TENSOR, IN HARTREE/BOHR^3:
ORDER: 11 12 13
       21 22 23
       31 32 33
  0.155296150479E-07  0.124684389293E-16 -0.505445979559E-17
  0.111637124630E-16  0.155296150573E-07 -0.326893145784E-17
 -0.793963962876E-17 -0.527079836189E-17 -0.179107410511E-05

PRESSURE FROM THE STRESS TENSOR,
IN HARTREE/BOHR^3:  0.58667E-06
PRESSURE IN GIGAPASCAL:  0.1726E-01
CONVERSION FACTOR: 1 HARTREE/BOHR^3= 29421 GIGAPASCAL
WHEN USING VALUES FOR BOHR RADIUS AND HARTREE
FROM IUPAC WEBSITE, APRIL 2009
ENTHALPY: -4.4768386495389E+02

 SYMMETRY ALLOWED FORCES (ANALYTICAL) (DIRECTION, FORCE)

    1  9.1756778E-05    2 -1.4786194E-04
 TTTTTTTTTTTTTTTTTTTTTTTTTTTTTT TOTGRA_C    TELAPSE      940.20 TCPU      923.65
 INFORMATION **** optc010 **** GEOMETRY OUTPUT FILE
 INFORMATION **** EXCBUF **** EXCH. BIPO BUFFER: WORDS USED =      297558

 *******************************************************************************
 UREA BULK BASE 6-21 + POLARIZATION                                              
 CRYSTAL - SCF - TYPE OF CALCULATION :  RESTRICTED CLOSED SHELL
 *******************************************************************************

 CAPPA:IS1  2;IS2  2;IS3  2; K PTS MONK NET   6; SYMMOPS:K SPACE  16;G SPACE   8

 TTTTTTTTTTTTTTTTTTTTTTTTTTTTTT SDIK        TELAPSE      940.26 TCPU      923.71

 INFORMATION FROM INTEGRAL EVALUATION

 RESTART FROM A PREVIOUS DENSITY MATRIX - DEP ACTIVE
 NUMBER OF COUPLE SETS (NEW, OLD, FOUND):     361     361     361
 NUMBER OF IRREDUCIBLE G VECTORS        :    1513    1513    1513
 CHARGE NORMALIZATION FACTOR   1.00000223
 TOTAL ATOMIC CHARGES:
   4.7882181   4.7882181   8.7776242   8.7776242   7.7431762   7.7431762
   7.7431762   7.7431762   0.7403666   0.7403666   0.7403666   0.7403666
   0.7335361   0.7335361   0.7335361   0.7335361
 TTTTTTTTTTTTTTTTTTTTTTTTTTTTTT MOQGAD      TELAPSE      940.29 TCPU      923.74
 TTTTTTTTTTTTTTTTTTTTTTTTTTTTTT SHELLXN     TELAPSE      947.64 TCPU      930.92
 TTTTTTTTTTTTTTTTTTTTTTTTTTTTTT MONMO3      TELAPSE      947.86 TCPU      931.14
 CYC   0 ETOT(AU) -4.476848695741E+02 DETOT -4.48E+02 tst  2.03E-11 PX  1.00E+00
 TTTTTTTTTTTTTTTTTTTTTTTTTTTTTT DIIS        TELAPSE      947.87 TCPU      931.15
 TTTTTTTTTTTTTTTTTTTTTTTTTTTTTT FDIK        TELAPSE      947.90 TCPU      931.17
 INSULATING STATE
 TOP OF VALENCE BANDS -    BAND     32; K    1; EIG -3.8638092E-01 AU
 BOTTOM OF VIRTUAL BANDS - BAND     33; K    1; EIG  2.0762791E-01 AU
 DIRECT ENERGY BAND GAP:  16.1638 eV
 TTTTTTTTTTTTTTTTTTTTTTTTTTTTTT PDIG        TELAPSE      947.92 TCPU      931.19
 CHARGE NORMALIZATION FACTOR   1.00000000
 TOTAL ATOMIC CHARGES:
   4.7882911   4.7882911   8.7775672   8.7775672   7.7431656   7.7431656
   7.7431656   7.7431656   0.7403413   0.7403413   0.7403413   0.7403413
   0.7335639   0.7335639   0.7335639   0.7335639
 TTTTTTTTTTTTTTTTTTTTTTTTTTTTTT MOQGAD      TELAPSE      947.96 TCPU      931.23
 TTTTTTTTTTTTTTTTTTTTTTTTTTTTTT SHELLXN     TELAPSE      957.97 TCPU      940.55
 TTTTTTTTTTTTTTTTTTTTTTTTTTTTTT MONMO3      TELAPSE      958.15 TCPU      940.73
 CYC   1 ETOT(AU) -4.476844558802E+02 DETOT  4.14E-04 tst  0.00E+00 PX  6.32E-05
 TTTTTTTTTTTTTTTTTTTTTTTTTTTTTT DIIS        TELAPSE      958.16 TCPU      940.74
 DIIS TEST: 0.20986E-07 AT SCF   CYCLE   1 - MIX   30 %
 TTTTTTTTTTTTTTTTTTTTTTTTTTTTTT FDIK        TELAPSE      958.17 TCPU      940.74
 INSULATING STATE
 TOP OF VALENCE BANDS -    BAND     32; K    1; EIG -3.8638879E-01 AU
 BOTTOM OF VIRTUAL BANDS - BAND     33; K    1; EIG  2.0762344E-01 AU
 DIRECT ENERGY BAND GAP:  16.1639 eV
 TTTTTTTTTTTTTTTTTTTTTTTTTTTTTT PDIG        TELAPSE      958.18 TCPU      940.75
 CHARGE NORMALIZATION FACTOR   1.00000000
 TOTAL ATOMIC CHARGES:
   4.7882903   4.7882903   8.7775828   8.7775828   7.7431655   7.7431655
   7.7431655   7.7431655   0.7403280   0.7403280   0.7403280   0.7403280
   0.7335700   0.7335700   0.7335700   0.7335700
 TTTTTTTTTTTTTTTTTTTTTTTTTTTTTT MOQGAD      TELAPSE      958.20 TCPU      940.77
 TTTTTTTTTTTTTTTTTTTTTTTTTTTTTT SHELLXN     TELAPSE      963.59 TCPU      946.16
 TTTTTTTTTTTTTTTTTTTTTTTTTTTTTT MONMO3      TELAPSE      963.76 TCPU      946.33
 CYC   2 ETOT(AU) -4.476844559354E+02 DETOT -5.53E-08 tst  7.55E-11 PX  1.39E-05
 TTTTTTTTTTTTTTTTTTTTTTTTTTTTTT DIIS        TELAPSE      963.77 TCPU      946.34
 DIIS TEST: 0.41698E-08 AT SCF   CYCLE   2 - DIIS ACTIVE - HISTORY:     2 CYCLES
 TTTTTTTTTTTTTTTTTTTTTTTTTTTTTT FDIK        TELAPSE      963.78 TCPU      946.35
 INSULATING STATE
 TOP OF VALENCE BANDS -    BAND     32; K    1; EIG -3.8639043E-01 AU
 BOTTOM OF VIRTUAL BANDS - BAND     33; K    1; EIG  2.0762384E-01 AU
 DIRECT ENERGY BAND GAP:  16.1640 eV
 TTTTTTTTTTTTTTTTTTTTTTTTTTTTTT PDIG        TELAPSE      963.79 TCPU      946.36
 CHARGE NORMALIZATION FACTOR   1.00000000
 TOTAL ATOMIC CHARGES:
   4.7883033   4.7883033   8.7775669   8.7775669   7.7431655   7.7431655
   7.7431655   7.7431655   0.7403202   0.7403202   0.7403202   0.7403202
   0.7335792   0.7335792   0.7335792   0.7335792
 TTTTTTTTTTTTTTTTTTTTTTTTTTTTTT MOQGAD      TELAPSE      963.81 TCPU      946.38
 TTTTTTTTTTTTTTTTTTTTTTTTTTTTTT SHELLXN     TELAPSE      979.16 TCPU      959.53
 +++ ENERGIES IN A.U. +++
 ::: EXT EL-POLE                                  -5.7024191084740E+02
 ::: EXT EL-SPHEROPOLE                             6.9135770740450E+00
 ::: BIELET ZONE E-E                               6.6437748393490E+02
 ::: TOTAL E-E                                     1.0104915016155E+02
 ::: TOTAL E-N + N-E                              -9.2489459934228E+02
 ::: TOTAL N-N                                    -7.1242007518515E+01
 ::: KINETIC ENERGY                                4.4740300074284E+02
 ::: TOTAL   ENERGY                               -4.4768445595641E+02
 ::: VIRIAL COEFFICIENT                            9.9968555562760E-01
 TTTTTTTTTTTTTTTTTTTTTTTTTTTTTT MONMO3      TELAPSE      979.45 TCPU      959.82
 CYC   3 ETOT(AU) -4.476844559564E+02 DETOT -2.10E-08 tst  5.49E-11 PX  1.39E-05

 == SCF ENDED - CONVERGENCE ON ENERGY      E(AU) -4.4768445595641E+02 CYCLES   3

 TOTAL ENERGY(HF)(AU)(   3) -4.4768445595641E+02 DE-2.1E-08 tst 5.5E-11 PX 1.4E-05
 GRADIENT CALCULATION CANCELLED

 GCALCO - MAX INDICES DIRECT LATTICE VECTOR    14    14    16
 NO.OF VECTORS CREATED 6999 STARS  524 RMAX   118.85995 BOHR
 TTTTTTTTTTTTTTTTTTTTTTTTTTTTTT gordsh1     TELAPSE      979.46 TCPU      959.83

 MATRIX SIZE: P(G)  104172, F(G)   17190, P(G) IRR   10592, F(G) IRR    4123
 MAX G-VECTOR INDEX FOR 1- AND 2-ELECTRON INTEGRALS  81

 TTTTTTTTTTTTTTTTTTTTTTTTTTTTTT INPUT       TELAPSE      979.46 TCPU      959.84

 NEIGHBORS OF THE NON-EQUIVALENT ATOMS

 N = NUMBER OF NEIGHBORS AT DISTANCE R
    ATOM  N     R/ANG      R/AU   NEIGHBORS (ATOM LABELS AND CELL INDICES)
   1 C    1     1.2433     2.3494    3 O    0 0 1
   1 C    2     1.3335     2.5200    5 N    0 1 0    6 N    0 0 0
   1 C    2     2.0182     3.8138    9 H    0 1 0   10 H    0 0 0
   1 C    2     2.0305     3.8372   13 H    0 1 0   14 H    0 0 0
   1 C    2     2.7423     5.1822   11 H    0 1 1   12 H    0 0 1
   1 C    2     3.1646     5.9803   15 H    0 1 0   16 H    0 0 0

   3 O    1     1.2433     2.3494    1 C    0 0-1
   3 O    2     2.0660     3.9041   13 H    0 1 0   14 H    0 0 0
   3 O    2     2.0902     3.9500   11 H    0 1 0   12 H    0 0 0
   3 O    2     2.2511     4.2540    5 N    0 1-1    6 N    0 0-1
   3 O    2     2.4825     4.6912    9 H    0 1-1   10 H    0 0-1
   3 O    2     2.9613     5.5960    5 N    0 1 0    6 N    0 0 0

   5 N    1     0.9962     1.8825   13 H    0 0 0
   5 N    1     0.9966     1.8833    9 H    0 0 0
   5 N    1     1.3335     2.5200    1 C    0-1 0
   5 N    1     2.2511     4.2540    3 O    0-1 1
   5 N    1     2.2685     4.2869    6 N    0-1 0
   5 N    1     2.4597     4.6481   14 H    0-1 0

   9 H    1     0.9966     1.8833    5 N    0 0 0
   9 H    1     1.7265     3.2626   13 H    0 0 0
   9 H    1     2.0182     3.8138    1 C    0-1 0
   9 H    1     2.0902     3.9500    4 O    0 0 0
   9 H    1     2.4825     4.6912    3 O    0-1 1
   9 H    2     2.5281     4.7774   15 H    1 0 0   16 H    0 0 0

  13 H    1     0.9962     1.8825    5 N    0 0 0
  13 H    1     1.7265     3.2626    9 H    0 0 0
  13 H    1     2.0305     3.8372    1 C    0-1 0
  13 H    1     2.0660     3.9041    3 O    0-1 0
  13 H    1     2.2294     4.2130   14 H    0-1 0
  13 H    1     2.4597     4.6481    6 N    0-1 0

 TTTTTTTTTTTTTTTTTTTTTTTTTTTTTT SYMM        TELAPSE      979.47 TCPU      959.84

 ***** NEW REFERENCE GEOMETRY *****
 TTTTTTTTTTTTTTTTTTTTTTTTTTTTTT INT_SCREEN  TELAPSE      979.47 TCPU      959.84
 INFORMATION **** EXCBUF **** EXCH. BIPO BUFFER: WORDS USED =      297558

 *******************************************************************************
 UREA BULK BASE 6-21 + POLARIZATION                                              
 CRYSTAL - SCF - TYPE OF CALCULATION :  RESTRICTED CLOSED SHELL
 *******************************************************************************

 CAPPA:IS1  2;IS2  2;IS3  2; K PTS MONK NET   6; SYMMOPS:K SPACE  16;G SPACE   8

 TTTTTTTTTTTTTTTTTTTTTTTTTTTTTT SDIK        TELAPSE      979.52 TCPU      959.89

 INFORMATION FROM INTEGRAL EVALUATION

 RESTART FROM A PREVIOUS DENSITY MATRIX - DEP ACTIVE
 NUMBER OF COUPLE SETS (NEW, OLD, FOUND):     361     361     361
 NUMBER OF IRREDUCIBLE G VECTORS        :    1513    1513    1513
 CHARGE NORMALIZATION FACTOR   0.99999934
 TOTAL ATOMIC CHARGES:
   4.7883225   4.7883225   8.7775529   8.7775529   7.7431646   7.7431646
   7.7431646   7.7431646   0.7403016   0.7403016   0.7403016   0.7403016
   0.7335961   0.7335961   0.7335961   0.7335961
 TTTTTTTTTTTTTTTTTTTTTTTTTTTTTT MOQGAD      TELAPSE      979.55 TCPU      959.92
 TTTTTTTTTTTTTTTTTTTTTTTTTTTTTT SHELLXN     TELAPSE      988.29 TCPU      968.26
 TTTTTTTTTTTTTTTTTTTTTTTTTTTTTT MONMO3      TELAPSE      988.49 TCPU      968.45
 CYC   0 ETOT(AU) -4.476843718225E+02 DETOT -4.48E+02 tst  5.49E-11 PX  1.00E+00
 TTTTTTTTTTTTTTTTTTTTTTTTTTTTTT DIIS        TELAPSE      988.49 TCPU      968.46
 TTTTTTTTTTTTTTTTTTTTTTTTTTTTTT FDIK        TELAPSE      988.51 TCPU      968.48
 INSULATING STATE
 TOP OF VALENCE BANDS -    BAND     32; K    1; EIG -3.8641381E-01 AU
 BOTTOM OF VIRTUAL BANDS - BAND     33; K    1; EIG  2.0760534E-01 AU
 DIRECT ENERGY BAND GAP:  16.1641 eV
 TTTTTTTTTTTTTTTTTTTTTTTTTTTTTT PDIG        TELAPSE      988.53 TCPU      968.49
 CHARGE NORMALIZATION FACTOR   1.00000000
 TOTAL ATOMIC CHARGES:
   4.7882666   4.7882666   8.7776019   8.7776019   7.7431556   7.7431556
   7.7431556   7.7431556   0.7403242   0.7403242   0.7403242   0.7403242
   0.7335860   0.7335860   0.7335860   0.7335860
 TTTTTTTTTTTTTTTTTTTTTTTTTTTTTT MOQGAD      TELAPSE      988.55 TCPU      968.51
 TTTTTTTTTTTTTTTTTTTTTTTTTTTTTT SHELLXN     TELAPSE      994.48 TCPU      974.43
 TTTTTTTTTTTTTTTTTTTTTTTTTTTTTT MONMO3      TELAPSE      994.66 TCPU      974.61
 CYC   1 ETOT(AU) -4.476844562422E+02 DETOT -8.44E-05 tst  0.00E+00 PX  4.33E-05
 TTTTTTTTTTTTTTTTTTTTTTTTTTTTTT DIIS        TELAPSE      994.67 TCPU      974.62
 DIIS TEST: 0.87046E-08 AT SCF   CYCLE   1 - MIX   30 %
 TTTTTTTTTTTTTTTTTTTTTTTTTTTTTT FDIK        TELAPSE      994.68 TCPU      974.63
 INSULATING STATE
 TOP OF VALENCE BANDS -    BAND     32; K    1; EIG -3.8641272E-01 AU
 BOTTOM OF VIRTUAL BANDS - BAND     33; K    1; EIG  2.0760803E-01 AU
 DIRECT ENERGY BAND GAP:  16.1641 eV
 TTTTTTTTTTTTTTTTTTTTTTTTTTTTTT PDIG        TELAPSE      994.68 TCPU      974.63
 CHARGE NORMALIZATION FACTOR   1.00000000
 TOTAL ATOMIC CHARGES:
   4.7882712   4.7882712   8.7775825   8.7775825   7.7431591   7.7431591
   7.7431591   7.7431591   0.7403320   0.7403320   0.7403320   0.7403320
   0.7335821   0.7335821   0.7335821   0.7335821
 TTTTTTTTTTTTTTTTTTTTTTTTTTTTTT MOQGAD      TELAPSE      994.70 TCPU      974.65
 TTTTTTTTTTTTTTTTTTTTTTTTTTTTTT SHELLXN     TELAPSE      999.82 TCPU      979.73
 TTTTTTTTTTTTTTTTTTTTTTTTTTTTTT MONMO3      TELAPSE     1000.00 TCPU      979.91
 CYC   2 ETOT(AU) -4.476844562464E+02 DETOT -4.17E-09 tst  3.00E-11 PX  8.41E-06
 TTTTTTTTTTTTTTTTTTTTTTTTTTTTTT DIIS        TELAPSE     1000.01 TCPU      979.92
 DIIS TEST: 0.13765E-08 AT SCF   CYCLE   2 - DIIS ACTIVE - HISTORY:     2 CYCLES
 TTTTTTTTTTTTTTTTTTTTTTTTTTTTTT FDIK        TELAPSE     1000.02 TCPU      979.93
 INSULATING STATE
 TOP OF VALENCE BANDS -    BAND     32; K    1; EIG -3.8641116E-01 AU
 BOTTOM OF VIRTUAL BANDS - BAND     33; K    1; EIG  2.0760797E-01 AU
 DIRECT ENERGY BAND GAP:  16.1641 eV
 TTTTTTTTTTTTTTTTTTTTTTTTTTTTTT PDIG        TELAPSE     1000.03 TCPU      979.94
 CHARGE NORMALIZATION FACTOR   1.00000000
 TOTAL ATOMIC CHARGES:
   4.7882626   4.7882626   8.7775918   8.7775918   7.7431568   7.7431568
   7.7431568   7.7431568   0.7403376   0.7403376   0.7403376   0.7403376
   0.7335783   0.7335783   0.7335783   0.7335783
 TTTTTTTTTTTTTTTTTTTTTTTTTTTTTT MOQGAD      TELAPSE     1000.04 TCPU      979.95
 TTTTTTTTTTTTTTTTTTTTTTTTTTTTTT SHELLXN     TELAPSE     1004.91 TCPU      984.82
 +++ ENERGIES IN A.U. +++
 ::: EXT EL-POLE                                  -5.7019811151038E+02
 ::: EXT EL-SPHEROPOLE                             6.9119179650897E+00
 ::: BIELET ZONE E-E                               6.6435907404099E+02
 ::: TOTAL E-E                                     1.0107288049569E+02
 ::: TOTAL E-N + N-E                              -9.2494592475997E+02
 ::: TOTAL N-N                                    -7.1215313783073E+01
 ::: KINETIC ENERGY                                4.4740390179598E+02
 ::: TOTAL   ENERGY                               -4.4768445625137E+02
 ::: VIRIAL COEFFICIENT                            9.9968656227862E-01
 TTTTTTTTTTTTTTTTTTTTTTTTTTTTTT MONMO3      TELAPSE     1005.09 TCPU      985.00
 CYC   3 ETOT(AU) -4.476844562514E+02 DETOT -4.99E-09 tst  1.30E-11 PX  8.41E-06

 == SCF ENDED - CONVERGENCE ON ENERGY      E(AU) -4.4768445625137E+02 CYCLES   3

 TOTAL ENERGY(HF)(AU)(   3) -4.4768445625137E+02 DE-5.0E-09 tst 1.3E-11 PX 8.4E-06

 *******************************************************************************
 *                             FORCE CALCULATION                               *
 *******************************************************************************

 INFORMATION **** EXCPOG **** EXCH. BIPO BUFFER LENGTH (WORDS) =     1190232
 INFORMATION **** GENPOG **** BIPO BUFFER LENGTH (WORDS) =      276400
 TTTTTTTTTTTTTTTTTTTTTTTTTTTTTT SHELXG      TELAPSE     1041.35 TCPU     1021.25

 CARTESIAN FORCES IN HARTREE/BOHR (ANALYTICAL)
   ATOM                     X                   Y                   Z
   1   6             4.163336342344E-17  1.457167719821E-15  6.023480001915E-05
   2   6            -2.192690473635E-15 -1.332267629550E-15 -6.023480001915E-05
   3   8             2.359223927328E-16  4.163336342344E-16 -1.013145305659E-04
   4   8            -1.054711873394E-15 -4.440892098501E-16  1.013145305677E-04
   5   7             5.853177976967E-06  5.853177981407E-06 -4.168691874540E-05
   6   7            -5.853177975190E-06 -5.853177981407E-06 -4.168691874717E-05
   7   7             5.853177979631E-06 -5.853177979631E-06  4.168691874851E-05
   8   7            -5.853177981407E-06  5.853177979631E-06  4.168691874940E-05
   9   1             2.372372438297E-05  2.372372438164E-05 -9.039425781343E-06
  10   1            -2.372372438297E-05 -2.372372438186E-05 -9.039425781232E-06
  11   1             2.372372438297E-05 -2.372372438364E-05  9.039425781343E-06
  12   1            -2.372372438297E-05  2.372372438297E-05  9.039425780899E-06
  13   1             2.949557333376E-06  2.949557331433E-06  5.388447742183E-05
  14   1            -2.949557333876E-06 -2.949557331489E-06  5.388447742316E-05
  15   1             2.949557334042E-06 -2.949557332044E-06 -5.388447742249E-05
  16   1            -2.949557332210E-06  2.949557333265E-06 -5.388447742249E-05

 RESULTANT FORCE    -1.637578961322E-15  3.747002708110E-16  6.772360450213E-15

 ATOMIC PART

 SYMMETRY ALLOWED FORCES (ANALYTICAL) (DIRECTION, FORCE)

    1  8.5110270E-05    2 -1.4315490E-04    3  1.6804634E-05    4 -8.3300822E-05
    5  6.8111462E-05    6 -1.8063019E-05    7  8.4682599E-06    8  1.0767458E-04

 CELL PART

 GRADIENT WITH RESPECT TO THE CELL PARAMETER IN HARTREE/BOHR
ORDER: -D/DA1X, -D/DA1Y, -D/DA1Z
       -D/DA2X, -D/DA2Y, -D/DA2Z
       -D/DA3X, -D/DA3Y, -D/DA3Z
 -0.502093819676E-05 -0.511712557149E-15  0.714357703738E-15
  0.381670032979E-15 -0.502093819321E-05  0.224527966008E-15
  0.608407948953E-15  0.755136039712E-15  0.145513327436E-03

STRESS TENSOR, IN HARTREE/BOHR^3:
ORDER: 11 12 13
       21 22 23
       31 32 33
  0.531854997930E-07 -0.404293195106E-17 -0.533927293048E-17
  0.542043877773E-17  0.531854997554E-07 -0.662693086538E-17
 -0.756700640705E-17 -0.237836667604E-17 -0.127699740205E-05

PRESSURE FROM THE STRESS TENSOR,
IN HARTREE/BOHR^3:  0.39021E-06
PRESSURE IN GIGAPASCAL:  0.1148E-01
CONVERSION FACTOR: 1 HARTREE/BOHR^3= 29421 GIGAPASCAL
WHEN USING VALUES FOR BOHR RADIUS AND HARTREE
FROM IUPAC WEBSITE, APRIL 2009
ENTHALPY: -4.4768406302279E+02

 SYMMETRY ALLOWED FORCES (ANALYTICAL) (DIRECTION, FORCE)

    1  6.1030064E-05    2 -1.0887008E-04
 TTTTTTTTTTTTTTTTTTTTTTTTTTTTTT TOTGRA_C    TELAPSE     1046.01 TCPU     1025.90
 INFORMATION **** optc012 **** GEOMETRY OUTPUT FILE
