LiF                                                                             
LIMINF LIMTOL LIMPAR
       500        50       200
INF   
        48        48         4         0       105         0       144        30
        87         3     33616    214736         0         0         0        10
        50         0      5020        48         1         1        15        16
         8         0         1       133        16         0         0         6
        16         0         3         0        44         1        20         4
        18         2        14        90        70         0         1         0
         0        24         1         8         4         4         4       150
         0         0         6         0         0         1         1         1
         0         0         0         0         0         1         7         0
       186         0       152      1200         0         0      6999         0
         0         0         0         0         0         0         0         4
         1         1         1         0         0         0         1         3
         0         0         0         1         0         1         0         0
         1         1         1         0         0         0         0         0
         0         1         0         0         0         0         0         0
         1         0         0         0         0         0         0         0
        16         0         0         0        19         0         0         0
         0         0         0         0        44        44         0         0
        43         0         0        43         1         0        55        55
         0         0         0         0         0         0         0         0
         0         0         0         0         0         0         0         0
         0         0         0         0         0         0         1         0
         0         0         2         0         0         0       240         0
         0         0         0         0         0         0      2056         0
         0         0         0         0         0         0         3         0
         0         0         0         0         0         0         0         0
         0  90000000         0         0         0         0         0         0
         0         0         0         5         0         0         0        16
         0        16         0      2121         0         0         0         0
       136         0         0         0         0         0      3500         0
        40         0         0       225        48         0         0         0
         0         0         0         0         0         0         0         0
         0         0         0   1000000         0         0         0         0
         0         0         0         0         0         0         0         0
         0         0         0         0         0         0         0         0
         0         0         0         0         0         0         0         0
         0         0         0         0         0         0         0         0
         0         0         0         0         0         0         0         0
         0         0         0         0         0         0         0         0
         0         0         0         0         0         0         0         0
       225         1         0         0         0         0         0         0
         0         0         0         0         0         0         0         0
         0         0         0         0         0         0         0         0
         0         0         0         0         0         0         0         0
         0         0         0         0         0         0         0         0
         0         0         0         0         0         0         0         0
         0         0         0         0         0         0         0         0
         0         0         0         0         0         0         0         0
         0         0         0         0         0         0         0         0
         0         0         0         0         0         0         0         0
         0         0         0         0         0         0         0         0
         0         0         0         0         0         0         0         0
         0         0         0         0         0         0         0         0
         0         0         0         0         0         0         0         0
         0         0         0         0         0         0         0         0
         0         0         0         0         0         0         0         0
         0         0         0         0         0         0         0         0
         0         0         0         0         0         0         0         0
         0         0         0         0         0         0         0         0
         0         0         0         0         0         0         0         0
         0         0         0         0         0         0         0         0
         0         0         0         0         0         0         0         0
         0         0         0         0
TOL   
         6         6         6         6        12         0         0         0
         0         0        20         6        16         0         0        30
         0         0        20         0         0         0         0         0
         0         0         0         0         0         0         0         0
         0         0         0         0         0         0         0         0
         0         0         0         0         0         0         0         0
         0         0
PAR   
 3.1415926535898E+00 1.8897261339213E+00 1.7453292519943E-02 2.7211383400000E+01
 8.7680852246193E+02-7.5681272153596E+02-1.3348427746448E-01 0.0000000000000E+00
 3.1830988618379E-01-3.4199842957605E-08-7.5681272153596E+02 6.9314718055995E-01
 3.4037789651714E-11 0.0000000000000E+00 7.5564486303774E+02 9.9922784049607E-01
 0.0000000000000E+00-2.0771910011887E+02 0.0000000000000E+00 0.0000000000000E+00
 0.0000000000000E+00 0.0000000000000E+00 0.0000000000000E+00 0.0000000000000E+00
 0.0000000000000E+00-1.3815510557964E+01 1.6605387300000E-27 2.6424608160000E+07
 2.9979245800000E+08 0.0000000000000E+00 2.6254996300000E+03 5.2917720830000E-01
 5.7295779513082E+01 6.2831853071796E+00 0.0000000000000E+00 0.0000000000000E+00
 0.0000000000000E+00 1.0000000000000E+00 1.0000000000000E+00 1.7320508075689E+00
 5.7735026918963E-01 4.1117228237205E-01 0.0000000000000E+00 0.0000000000000E+00
-2.3025850929940E+00 0.0000000000000E+00 0.0000000000000E+00 1.0000000000000E+02
-5.0000000000000E-01 0.0000000000000E+00 0.0000000000000E+00 0.0000000000000E+00
 0.0000000000000E+00 9.9999999999995E-01 0.0000000000000E+00 0.0000000000000E+00
 0.0000000000000E+00 0.0000000000000E+00 0.0000000000000E+00 0.0000000000000E+00
 0.0000000000000E+00 0.0000000000000E+00 0.0000000000000E+00 0.0000000000000E+00
 0.0000000000000E+00 0.0000000000000E+00 0.0000000000000E+00 0.0000000000000E+00
 0.0000000000000E+00 0.0000000000000E+00 0.0000000000000E+00 0.0000000000000E+00
 0.0000000000000E+00 0.0000000000000E+00 0.0000000000000E+00 0.0000000000000E+00
 0.0000000000000E+00 0.0000000000000E+00 0.0000000000000E+00 0.0000000000000E+00
 0.0000000000000E+00 0.0000000000000E+00 0.0000000000000E+00 0.0000000000000E+00
 0.0000000000000E+00 0.0000000000000E+00 0.0000000000000E+00 0.0000000000000E+00
 0.0000000000000E+00 0.0000000000000E+00 0.0000000000000E+00 0.0000000000000E+00
 0.0000000000000E+00 0.0000000000000E+00 0.0000000000000E+00 0.0000000000000E+00
 0.0000000000000E+00 0.0000000000000E+00 0.0000000000000E+00 0.0000000000000E+00
 0.0000000000000E+00 0.0000000000000E+00 0.0000000000000E+00 0.0000000000000E+00
 0.0000000000000E+00 0.0000000000000E+00 0.0000000000000E+00 0.0000000000000E+00
 0.0000000000000E+00 0.0000000000000E+00 0.0000000000000E+00 0.0000000000000E+00
 0.0000000000000E+00 0.0000000000000E+00 0.0000000000000E+00 0.0000000000000E+00
 0.0000000000000E+00 0.0000000000000E+00 0.0000000000000E+00 0.0000000000000E+00
 0.0000000000000E+00 0.0000000000000E+00 0.0000000000000E+00 0.0000000000000E+00
 0.0000000000000E+00 0.0000000000000E+00 0.0000000000000E+00 0.0000000000000E+00
 0.0000000000000E+00 0.0000000000000E+00 0.0000000000000E+00 0.0000000000000E+00
 0.0000000000000E+00 0.0000000000000E+00 0.0000000000000E+00 0.0000000000000E+00
 0.0000000000000E+00 0.0000000000000E+00 0.0000000000000E+00 0.0000000000000E+00
 0.0000000000000E+00 0.0000000000000E+00 0.0000000000000E+00 0.0000000000000E+00
 0.0000000000000E+00 0.0000000000000E+00 0.0000000000000E+00 0.0000000000000E+00
 0.0000000000000E+00 0.0000000000000E+00 0.0000000000000E+00 0.0000000000000E+00
 0.0000000000000E+00 0.0000000000000E+00 0.0000000000000E+00 0.0000000000000E+00
 0.0000000000000E+00 0.0000000000000E+00 0.0000000000000E+00 0.0000000000000E+00
 0.0000000000000E+00 0.0000000000000E+00 0.0000000000000E+00 0.0000000000000E+00
 0.0000000000000E+00 0.0000000000000E+00 0.0000000000000E+00 0.0000000000000E+00
 0.0000000000000E+00 0.0000000000000E+00 0.0000000000000E+00 0.0000000000000E+00
 0.0000000000000E+00 0.0000000000000E+00 0.0000000000000E+00 0.0000000000000E+00
 0.0000000000000E+00 0.0000000000000E+00 0.0000000000000E+00 0.0000000000000E+00
 0.0000000000000E+00 0.0000000000000E+00 0.0000000000000E+00 0.0000000000000E+00
 0.0000000000000E+00 0.0000000000000E+00 0.0000000000000E+00 0.0000000000000E+00
 0.0000000000000E+00 0.0000000000000E+00 0.0000000000000E+00 0.0000000000000E+00
 0.0000000000000E+00 0.0000000000000E+00 0.0000000000000E+00 0.0000000000000E+00
 0.0000000000000E+00 0.0000000000000E+00 1.0000000000000E+00 0.0000000000000E+00
XYVGVE
 1.0000000000000E+00 0.0000000000000E+00 0.0000000000000E+00 0.0000000000000E+00
 1.0000000000000E+00 0.0000000000000E+00 0.0000000000000E+00 0.0000000000000E+00
 1.0000000000000E+00-1.0000000000000E+00 0.0000000000000E+00 0.0000000000000E+00
 0.0000000000000E+00-1.0000000000000E+00 0.0000000000000E+00 0.0000000000000E+00
 0.0000000000000E+00 1.0000000000000E+00 1.0000000000000E+00 0.0000000000000E+00
 0.0000000000000E+00 0.0000000000000E+00-1.0000000000000E+00 0.0000000000000E+00
 0.0000000000000E+00 0.0000000000000E+00-1.0000000000000E+00-1.0000000000000E+00
 0.0000000000000E+00 0.0000000000000E+00 0.0000000000000E+00 1.0000000000000E+00
 0.0000000000000E+00 0.0000000000000E+00 0.0000000000000E+00-1.0000000000000E+00
 0.0000000000000E+00 1.0000000000000E+00 0.0000000000000E+00 0.0000000000000E+00
 0.0000000000000E+00 1.0000000000000E+00 1.0000000000000E+00 0.0000000000000E+00
 0.0000000000000E+00 0.0000000000000E+00 0.0000000000000E+00 1.0000000000000E+00
 1.0000000000000E+00 0.0000000000000E+00 0.0000000000000E+00 0.0000000000000E+00
 1.0000000000000E+00 0.0000000000000E+00 0.0000000000000E+00-1.0000000000000E+00
 0.0000000000000E+00 0.0000000000000E+00 0.0000000000000E+00 1.0000000000000E+00
-1.0000000000000E+00 0.0000000000000E+00 0.0000000000000E+00 0.0000000000000E+00
 0.0000000000000E+00-1.0000000000000E+00-1.0000000000000E+00 0.0000000000000E+00
 0.0000000000000E+00 0.0000000000000E+00 1.0000000000000E+00 0.0000000000000E+00
 0.0000000000000E+00-1.0000000000000E+00 0.0000000000000E+00 0.0000000000000E+00
 0.0000000000000E+00-1.0000000000000E+00 1.0000000000000E+00 0.0000000000000E+00
 0.0000000000000E+00 0.0000000000000E+00 0.0000000000000E+00 1.0000000000000E+00
-1.0000000000000E+00 0.0000000000000E+00 0.0000000000000E+00 0.0000000000000E+00
-1.0000000000000E+00 0.0000000000000E+00 0.0000000000000E+00 1.0000000000000E+00
 0.0000000000000E+00 0.0000000000000E+00 0.0000000000000E+00-1.0000000000000E+00
-1.0000000000000E+00 0.0000000000000E+00 0.0000000000000E+00 0.0000000000000E+00
 0.0000000000000E+00-1.0000000000000E+00 1.0000000000000E+00 0.0000000000000E+00
 0.0000000000000E+00 0.0000000000000E+00-1.0000000000000E+00 0.0000000000000E+00
 0.0000000000000E+00-1.0000000000000E+00 0.0000000000000E+00-1.0000000000000E+00
 0.0000000000000E+00 0.0000000000000E+00 0.0000000000000E+00 0.0000000000000E+00
-1.0000000000000E+00 0.0000000000000E+00 1.0000000000000E+00 0.0000000000000E+00
 1.0000000000000E+00 0.0000000000000E+00 0.0000000000000E+00 0.0000000000000E+00
 0.0000000000000E+00-1.0000000000000E+00 0.0000000000000E+00-1.0000000000000E+00
 0.0000000000000E+00 1.0000000000000E+00 0.0000000000000E+00 0.0000000000000E+00
 0.0000000000000E+00 0.0000000000000E+00 1.0000000000000E+00 0.0000000000000E+00
 1.0000000000000E+00 0.0000000000000E+00-1.0000000000000E+00 0.0000000000000E+00
 0.0000000000000E+00 0.0000000000000E+00 0.0000000000000E+00 1.0000000000000E+00
-1.0000000000000E+00 0.0000000000000E+00 0.0000000000000E+00 0.0000000000000E+00
 0.0000000000000E+00-1.0000000000000E+00 0.0000000000000E+00-1.0000000000000E+00
 0.0000000000000E+00 0.0000000000000E+00 0.0000000000000E+00-1.0000000000000E+00
 0.0000000000000E+00-1.0000000000000E+00 0.0000000000000E+00-1.0000000000000E+00
 0.0000000000000E+00 0.0000000000000E+00 1.0000000000000E+00 0.0000000000000E+00
 0.0000000000000E+00 0.0000000000000E+00 0.0000000000000E+00-1.0000000000000E+00
 0.0000000000000E+00 1.0000000000000E+00 0.0000000000000E+00 0.0000000000000E+00
 0.0000000000000E+00 1.0000000000000E+00 0.0000000000000E+00 1.0000000000000E+00
 0.0000000000000E+00-1.0000000000000E+00 0.0000000000000E+00 0.0000000000000E+00
 1.0000000000000E+00 0.0000000000000E+00 0.0000000000000E+00 0.0000000000000E+00
 0.0000000000000E+00 1.0000000000000E+00 0.0000000000000E+00-1.0000000000000E+00
 0.0000000000000E+00 0.0000000000000E+00 0.0000000000000E+00-1.0000000000000E+00
 0.0000000000000E+00 1.0000000000000E+00 0.0000000000000E+00 1.0000000000000E+00
 0.0000000000000E+00 0.0000000000000E+00-1.0000000000000E+00 0.0000000000000E+00
 0.0000000000000E+00 0.0000000000000E+00 0.0000000000000E+00 1.0000000000000E+00
 0.0000000000000E+00 1.0000000000000E+00 0.0000000000000E+00 0.0000000000000E+00
 0.0000000000000E+00 1.0000000000000E+00 0.0000000000000E+00-1.0000000000000E+00
 0.0000000000000E+00 1.0000000000000E+00 0.0000000000000E+00 0.0000000000000E+00
-1.0000000000000E+00 0.0000000000000E+00 0.0000000000000E+00 0.0000000000000E+00
-1.0000000000000E+00 0.0000000000000E+00 0.0000000000000E+00 0.0000000000000E+00
-1.0000000000000E+00 1.0000000000000E+00 0.0000000000000E+00 0.0000000000000E+00
 0.0000000000000E+00 1.0000000000000E+00 0.0000000000000E+00 0.0000000000000E+00
 0.0000000000000E+00-1.0000000000000E+00-1.0000000000000E+00 0.0000000000000E+00
 0.0000000000000E+00 0.0000000000000E+00 1.0000000000000E+00 0.0000000000000E+00
 0.0000000000000E+00 0.0000000000000E+00 1.0000000000000E+00 1.0000000000000E+00
 0.0000000000000E+00 0.0000000000000E+00 0.0000000000000E+00-1.0000000000000E+00
 0.0000000000000E+00 0.0000000000000E+00 0.0000000000000E+00 1.0000000000000E+00
 0.0000000000000E+00-1.0000000000000E+00 0.0000000000000E+00 0.0000000000000E+00
 0.0000000000000E+00-1.0000000000000E+00-1.0000000000000E+00 0.0000000000000E+00
 0.0000000000000E+00 0.0000000000000E+00 0.0000000000000E+00-1.0000000000000E+00
-1.0000000000000E+00 0.0000000000000E+00 0.0000000000000E+00 0.0000000000000E+00
-1.0000000000000E+00 0.0000000000000E+00 0.0000000000000E+00 1.0000000000000E+00
 0.0000000000000E+00 0.0000000000000E+00 0.0000000000000E+00-1.0000000000000E+00
 1.0000000000000E+00 0.0000000000000E+00 0.0000000000000E+00 0.0000000000000E+00
 0.0000000000000E+00 1.0000000000000E+00 1.0000000000000E+00 0.0000000000000E+00
 0.0000000000000E+00 0.0000000000000E+00-1.0000000000000E+00 0.0000000000000E+00
 0.0000000000000E+00 1.0000000000000E+00 0.0000000000000E+00 0.0000000000000E+00
 0.0000000000000E+00 1.0000000000000E+00-1.0000000000000E+00 0.0000000000000E+00
 0.0000000000000E+00 0.0000000000000E+00 0.0000000000000E+00-1.0000000000000E+00
 1.0000000000000E+00 0.0000000000000E+00 0.0000000000000E+00 0.0000000000000E+00
 1.0000000000000E+00 0.0000000000000E+00 0.0000000000000E+00-1.0000000000000E+00
 0.0000000000000E+00 0.0000000000000E+00 0.0000000000000E+00 1.0000000000000E+00
 1.0000000000000E+00 0.0000000000000E+00 0.0000000000000E+00 0.0000000000000E+00
 0.0000000000000E+00 1.0000000000000E+00-1.0000000000000E+00 0.0000000000000E+00
 0.0000000000000E+00 0.0000000000000E+00 1.0000000000000E+00 0.0000000000000E+00
 0.0000000000000E+00 1.0000000000000E+00 0.0000000000000E+00 1.0000000000000E+00
 0.0000000000000E+00 0.0000000000000E+00 0.0000000000000E+00 0.0000000000000E+00
 1.0000000000000E+00 0.0000000000000E+00-1.0000000000000E+00 0.0000000000000E+00
-1.0000000000000E+00 0.0000000000000E+00 0.0000000000000E+00 0.0000000000000E+00
 0.0000000000000E+00 1.0000000000000E+00 0.0000000000000E+00 1.0000000000000E+00
 0.0000000000000E+00-1.0000000000000E+00 0.0000000000000E+00 0.0000000000000E+00
 0.0000000000000E+00 0.0000000000000E+00-1.0000000000000E+00 0.0000000000000E+00
-1.0000000000000E+00 0.0000000000000E+00 1.0000000000000E+00 0.0000000000000E+00
 0.0000000000000E+00 0.0000000000000E+00 0.0000000000000E+00-1.0000000000000E+00
 1.0000000000000E+00 0.0000000000000E+00 0.0000000000000E+00 0.0000000000000E+00
 0.0000000000000E+00 1.0000000000000E+00 0.0000000000000E+00 1.0000000000000E+00
 0.0000000000000E+00 0.0000000000000E+00 0.0000000000000E+00 1.0000000000000E+00
 0.0000000000000E+00 1.0000000000000E+00 0.0000000000000E+00 1.0000000000000E+00
 0.0000000000000E+00 0.0000000000000E+00-1.0000000000000E+00 0.0000000000000E+00
 0.0000000000000E+00 0.0000000000000E+00 0.0000000000000E+00 1.0000000000000E+00
 0.0000000000000E+00-1.0000000000000E+00 0.0000000000000E+00 0.0000000000000E+00
 0.0000000000000E+00-1.0000000000000E+00 0.0000000000000E+00-1.0000000000000E+00
 0.0000000000000E+00 1.0000000000000E+00 0.0000000000000E+00 0.0000000000000E+00
-1.0000000000000E+00 0.0000000000000E+00 0.0000000000000E+00 0.0000000000000E+00
 0.0000000000000E+00-1.0000000000000E+00 0.0000000000000E+00 1.0000000000000E+00
 0.0000000000000E+00 0.0000000000000E+00 0.0000000000000E+00 1.0000000000000E+00
 0.0000000000000E+00-1.0000000000000E+00 0.0000000000000E+00-1.0000000000000E+00
 0.0000000000000E+00 0.0000000000000E+00 1.0000000000000E+00 0.0000000000000E+00
 0.0000000000000E+00 0.0000000000000E+00 0.0000000000000E+00-1.0000000000000E+00
 0.0000000000000E+00-1.0000000000000E+00 0.0000000000000E+00 0.0000000000000E+00
 0.0000000000000E+00-1.0000000000000E+00 0.0000000000000E+00 1.0000000000000E+00
 0.0000000000000E+00-1.0000000000000E+00 0.0000000000000E+00 0.0000000000000E+00
 0.0000000000000E+00 0.0000000000000E+00 0.0000000000000E+00 0.0000000000000E+00
 0.0000000000000E+00 0.0000000000000E+00 0.0000000000000E+00 0.0000000000000E+00
 0.0000000000000E+00 0.0000000000000E+00 0.0000000000000E+00 0.0000000000000E+00
 0.0000000000000E+00 0.0000000000000E+00 0.0000000000000E+00 0.0000000000000E+00
 0.0000000000000E+00 0.0000000000000E+00 0.0000000000000E+00 0.0000000000000E+00
 0.0000000000000E+00 0.0000000000000E+00 0.0000000000000E+00 0.0000000000000E+00
 0.0000000000000E+00 0.0000000000000E+00 0.0000000000000E+00 0.0000000000000E+00
 0.0000000000000E+00 0.0000000000000E+00 0.0000000000000E+00 0.0000000000000E+00
 0.0000000000000E+00 0.0000000000000E+00 0.0000000000000E+00 0.0000000000000E+00
 0.0000000000000E+00 0.0000000000000E+00 0.0000000000000E+00 0.0000000000000E+00
 0.0000000000000E+00 0.0000000000000E+00 0.0000000000000E+00 0.0000000000000E+00
 0.0000000000000E+00 0.0000000000000E+00 0.0000000000000E+00 0.0000000000000E+00
 0.0000000000000E+00 0.0000000000000E+00 0.0000000000000E+00 0.0000000000000E+00
 0.0000000000000E+00 0.0000000000000E+00 0.0000000000000E+00 0.0000000000000E+00
 0.0000000000000E+00 0.0000000000000E+00 0.0000000000000E+00 0.0000000000000E+00
 0.0000000000000E+00 0.0000000000000E+00 0.0000000000000E+00 0.0000000000000E+00
 0.0000000000000E+00 0.0000000000000E+00 0.0000000000000E+00 0.0000000000000E+00
 0.0000000000000E+00 0.0000000000000E+00 0.0000000000000E+00 0.0000000000000E+00
 0.0000000000000E+00 0.0000000000000E+00 0.0000000000000E+00 0.0000000000000E+00
 0.0000000000000E+00 0.0000000000000E+00 0.0000000000000E+00 0.0000000000000E+00
 0.0000000000000E+00 0.0000000000000E+00 0.0000000000000E+00 0.0000000000000E+00
 0.0000000000000E+00 0.0000000000000E+00 0.0000000000000E+00 0.0000000000000E+00
 0.0000000000000E+00 0.0000000000000E+00 0.0000000000000E+00 0.0000000000000E+00
 0.0000000000000E+00 0.0000000000000E+00 0.0000000000000E+00 0.0000000000000E+00
 0.0000000000000E+00 0.0000000000000E+00 0.0000000000000E+00 0.0000000000000E+00
 0.0000000000000E+00 0.0000000000000E+00 0.0000000000000E+00 0.0000000000000E+00
 0.0000000000000E+00 0.0000000000000E+00 0.0000000000000E+00 0.0000000000000E+00
 0.0000000000000E+00 0.0000000000000E+00 0.0000000000000E+00 0.0000000000000E+00
 0.0000000000000E+00 0.0000000000000E+00 0.0000000000000E+00 0.0000000000000E+00
 0.0000000000000E+00 0.0000000000000E+00 0.0000000000000E+00 0.0000000000000E+00
 0.0000000000000E+00 0.0000000000000E+00 0.0000000000000E+00 0.0000000000000E+00
 0.0000000000000E+00 0.0000000000000E+00 0.0000000000000E+00 0.0000000000000E+00
 0.0000000000000E+00 0.0000000000000E+00 0.0000000000000E+00 0.0000000000000E+00
 0.0000000000000E+00 0.0000000000000E+00 0.0000000000000E+00 0.0000000000000E+00
 0.0000000000000E+00 0.0000000000000E+00 0.0000000000000E+00 0.0000000000000E+00
 0.0000000000000E+00 0.0000000000000E+00 0.0000000000000E+00 0.0000000000000E+00
 0.0000000000000E+00 7.5966990583634E+00 7.5966990583634E+00 7.5966990583634E+00
 0.0000000000000E+00 7.5966990583634E+00 7.5966990583634E+00 7.5966990583634E+00
 0.0000000000000E+00 1.0000000000000E+00 0.0000000000000E+00 0.0000000000000E+00
 0.0000000000000E+00 1.0000000000000E+00 0.0000000000000E+00 0.0000000000000E+00
 0.0000000000000E+00 1.0000000000000E+00
BASATO
 0.0000000000000E+00 9.0000000000000E+00 9.0000000000000E+00 9.0000000000000E+00
 9.0000000000000E+00 9.0000000000000E+00 9.0000000000000E+00 9.0000000000000E+00
 3.0000000000000E+00 3.0000000000000E+00 3.0000000000000E+00 3.0000000000000E+00
 3.0000000000000E+00 3.0000000000000E+00 3.0000000000000E+00 3.0000000000000E+00
 0.0000000000000E+00 0.0000000000000E+00 0.0000000000000E+00 3.7983495291817E+00
 3.7983495291817E+00-1.8959167812004E-16 3.7983495291817E+00-1.8959167812004E-16
 3.7983495291817E+00 7.5966990583634E+00 3.7983495291817E+00 3.7983495291817E+00
-1.5600161589445E-35 3.7983495291817E+00 3.7983495291817E+00 3.7983495291817E+00
 7.5966990583634E+00 3.7983495291817E+00 3.7983495291817E+00 3.7983495291817E+00
 7.5966990583634E+00 7.5966990583634E+00 7.5966990583634E+00 7.5966990583634E+00
 1.1193849781448E-17-2.1085075514358E-16-3.7983495291817E+00-3.7983495291817E+00
-3.7983495291817E+00-3.7983495291817E+00 3.7983495291817E+00-2.1085075514358E-16
-2.1085075514358E-16-1.1193849781448E-17-3.7983495291817E+00-2.1085075514358E-16
 1.1193849781448E-17 3.7983495291817E+00 2.1085075514358E-16-3.7983495291817E+00
 2.1085075514358E-16 2.1085075514358E-16 3.7983495291817E+00 3.7983495291817E+00
 3.7983495291817E+00-1.1193849781448E-17 2.1085075514358E-16 3.7983495291817E+00
 0.0000000000000E+00 0.0000000000000E+00 0.0000000000000E+00 0.0000000000000E+00
 2.0000000000000E+00 7.0000000000000E+00 0.0000000000000E+00 0.0000000000000E+00
 2.0000000000000E+00 7.0000000000000E+00 0.0000000000000E+00 0.0000000000000E+00
 2.0000000000000E+00 7.0000000000000E+00 0.0000000000000E+00 0.0000000000000E+00
 2.0000000000000E+00 7.0000000000000E+00 0.0000000000000E+00 0.0000000000000E+00
 2.0000000000000E+00 7.0000000000000E+00 0.0000000000000E+00 0.0000000000000E+00
 2.0000000000000E+00 7.0000000000000E+00 0.0000000000000E+00 0.0000000000000E+00
 2.0000000000000E+00 7.0000000000000E+00 0.0000000000000E+00 0.0000000000000E+00
 2.0000000000000E+00 1.0000000000000E+00 2.0000000000000E+00 1.0000000000000E+00
 2.0000000000000E+00 1.0000000000000E+00 2.0000000000000E+00 1.0000000000000E+00
 2.0000000000000E+00 1.0000000000000E+00 2.0000000000000E+00 1.0000000000000E+00
 2.0000000000000E+00 1.0000000000000E+00 2.0000000000000E+00 1.0000000000000E+00
 4.7600000000000E+00 1.3870000000000E+00 4.3700000000000E-01 1.3700000000000E-01
 4.7600000000000E+00 1.3870000000000E+00 4.3700000000000E-01 1.3700000000000E-01
 4.7600000000000E+00 1.3870000000000E+00 4.3700000000000E-01 1.3700000000000E-01
 4.7600000000000E+00 1.3870000000000E+00 4.3700000000000E-01 1.3700000000000E-01
 4.7600000000000E+00 1.3870000000000E+00 4.3700000000000E-01 1.3700000000000E-01
 4.7600000000000E+00 1.3870000000000E+00 4.3700000000000E-01 1.3700000000000E-01
 4.7600000000000E+00 1.3870000000000E+00 4.3700000000000E-01 1.3700000000000E-01
 4.7600000000000E+00 1.3870000000000E+00 4.3700000000000E-01 1.3700000000000E-01
 1.5000000000000E+00 5.2500000000000E-01 1.5000000000000E+00 5.2500000000000E-01
 1.5000000000000E+00 5.2500000000000E-01 1.5000000000000E+00 5.2500000000000E-01
 1.5000000000000E+00 5.2500000000000E-01 1.5000000000000E+00 5.2500000000000E-01
 1.5000000000000E+00 5.2500000000000E-01 1.5000000000000E+00 5.2500000000000E-01
 0.0000000000000E+00 0.0000000000000E+00 0.0000000000000E+00 0.0000000000000E+00
 0.0000000000000E+00 0.0000000000000E+00 0.0000000000000E+00 0.0000000000000E+00
 0.0000000000000E+00 0.0000000000000E+00 0.0000000000000E+00 0.0000000000000E+00
 3.7983495291817E+00 3.7983495291817E+00-1.8959167812004E-16 3.7983495291817E+00
 3.7983495291817E+00-1.8959167812004E-16 3.7983495291817E+00 3.7983495291817E+00
-1.8959167812004E-16 3.7983495291817E+00 3.7983495291817E+00-1.8959167812004E-16
 3.7983495291817E+00-1.8959167812004E-16 3.7983495291817E+00 3.7983495291817E+00
-1.8959167812004E-16 3.7983495291817E+00 3.7983495291817E+00-1.8959167812004E-16
 3.7983495291817E+00 3.7983495291817E+00-1.8959167812004E-16 3.7983495291817E+00
 7.5966990583634E+00 3.7983495291817E+00 3.7983495291817E+00 7.5966990583634E+00
 3.7983495291817E+00 3.7983495291817E+00 7.5966990583634E+00 3.7983495291817E+00
 3.7983495291817E+00 7.5966990583634E+00 3.7983495291817E+00 3.7983495291817E+00
-1.5600161589445E-35 3.7983495291817E+00 3.7983495291817E+00-1.5600161589445E-35
 3.7983495291817E+00 3.7983495291817E+00-1.5600161589445E-35 3.7983495291817E+00
 3.7983495291817E+00-1.5600161589445E-35 3.7983495291817E+00 3.7983495291817E+00
 3.7983495291817E+00 7.5966990583634E+00 3.7983495291817E+00 3.7983495291817E+00
 7.5966990583634E+00 3.7983495291817E+00 3.7983495291817E+00 7.5966990583634E+00
 3.7983495291817E+00 3.7983495291817E+00 7.5966990583634E+00 3.7983495291817E+00
 3.7983495291817E+00 3.7983495291817E+00 7.5966990583634E+00 3.7983495291817E+00
 3.7983495291817E+00 7.5966990583634E+00 3.7983495291817E+00 3.7983495291817E+00
 7.5966990583634E+00 3.7983495291817E+00 3.7983495291817E+00 7.5966990583634E+00
 7.5966990583634E+00 7.5966990583634E+00 7.5966990583634E+00 7.5966990583634E+00
 7.5966990583634E+00 7.5966990583634E+00 7.5966990583634E+00 7.5966990583634E+00
 7.5966990583634E+00 7.5966990583634E+00 7.5966990583634E+00 7.5966990583634E+00
 1.1193849781448E-17-2.1085075514358E-16-3.7983495291817E+00 1.1193849781448E-17
-2.1085075514358E-16-3.7983495291817E+00-3.7983495291817E+00-3.7983495291817E+00
-3.7983495291817E+00-3.7983495291817E+00-3.7983495291817E+00-3.7983495291817E+00
 3.7983495291817E+00-2.1085075514358E-16-2.1085075514358E-16 3.7983495291817E+00
-2.1085075514358E-16-2.1085075514358E-16-1.1193849781448E-17-3.7983495291817E+00
-2.1085075514358E-16-1.1193849781448E-17-3.7983495291817E+00-2.1085075514358E-16
 1.1193849781448E-17 3.7983495291817E+00 2.1085075514358E-16 1.1193849781448E-17
 3.7983495291817E+00 2.1085075514358E-16-3.7983495291817E+00 2.1085075514358E-16
 2.1085075514358E-16-3.7983495291817E+00 2.1085075514358E-16 2.1085075514358E-16
 3.7983495291817E+00 3.7983495291817E+00 3.7983495291817E+00 3.7983495291817E+00
 3.7983495291817E+00 3.7983495291817E+00-1.1193849781448E-17 2.1085075514358E-16
 3.7983495291817E+00-1.1193849781448E-17 2.1085075514358E-16 3.7983495291817E+00
 1.3770000000000E+04 1.5900000000000E+03 3.2650000000000E+02 9.1660000000000E+01
 3.0460000000000E+01 1.1500000000000E+01 4.7600000000000E+00 1.9000000000000E+01
 4.5300000000000E+00 1.3870000000000E+00 4.3700000000000E-01 1.3700000000000E-01
 1.3770000000000E+04 1.5900000000000E+03 3.2650000000000E+02 9.1660000000000E+01
 3.0460000000000E+01 1.1500000000000E+01 4.7600000000000E+00 1.9000000000000E+01
 4.5300000000000E+00 1.3870000000000E+00 4.3700000000000E-01 1.3700000000000E-01
 1.3770000000000E+04 1.5900000000000E+03 3.2650000000000E+02 9.1660000000000E+01
 3.0460000000000E+01 1.1500000000000E+01 4.7600000000000E+00 1.9000000000000E+01
 4.5300000000000E+00 1.3870000000000E+00 4.3700000000000E-01 1.3700000000000E-01
 1.3770000000000E+04 1.5900000000000E+03 3.2650000000000E+02 9.1660000000000E+01
 3.0460000000000E+01 1.1500000000000E+01 4.7600000000000E+00 1.9000000000000E+01
 4.5300000000000E+00 1.3870000000000E+00 4.3700000000000E-01 1.3700000000000E-01
 1.3770000000000E+04 1.5900000000000E+03 3.2650000000000E+02 9.1660000000000E+01
 3.0460000000000E+01 1.1500000000000E+01 4.7600000000000E+00 1.9000000000000E+01
 4.5300000000000E+00 1.3870000000000E+00 4.3700000000000E-01 1.3700000000000E-01
 1.3770000000000E+04 1.5900000000000E+03 3.2650000000000E+02 9.1660000000000E+01
 3.0460000000000E+01 1.1500000000000E+01 4.7600000000000E+00 1.9000000000000E+01
 4.5300000000000E+00 1.3870000000000E+00 4.3700000000000E-01 1.3700000000000E-01
 1.3770000000000E+04 1.5900000000000E+03 3.2650000000000E+02 9.1660000000000E+01
 3.0460000000000E+01 1.1500000000000E+01 4.7600000000000E+00 1.9000000000000E+01
 4.5300000000000E+00 1.3870000000000E+00 4.3700000000000E-01 1.3700000000000E-01
 1.3770000000000E+04 1.5900000000000E+03 3.2650000000000E+02 9.1660000000000E+01
 3.0460000000000E+01 1.1500000000000E+01 4.7600000000000E+00 1.9000000000000E+01
 4.5300000000000E+00 1.3870000000000E+00 4.3700000000000E-01 1.3700000000000E-01
 8.4000000000000E+02 2.1750000000000E+02 7.2300000000000E+01 1.9660000000000E+01
 5.0440000000000E+00 1.5000000000000E+00 5.2500000000000E-01 8.4000000000000E+02
 2.1750000000000E+02 7.2300000000000E+01 1.9660000000000E+01 5.0440000000000E+00
 1.5000000000000E+00 5.2500000000000E-01 8.4000000000000E+02 2.1750000000000E+02
 7.2300000000000E+01 1.9660000000000E+01 5.0440000000000E+00 1.5000000000000E+00
 5.2500000000000E-01 8.4000000000000E+02 2.1750000000000E+02 7.2300000000000E+01
 1.9660000000000E+01 5.0440000000000E+00 1.5000000000000E+00 5.2500000000000E-01
 8.4000000000000E+02 2.1750000000000E+02 7.2300000000000E+01 1.9660000000000E+01
 5.0440000000000E+00 1.5000000000000E+00 5.2500000000000E-01 8.4000000000000E+02
 2.1750000000000E+02 7.2300000000000E+01 1.9660000000000E+01 5.0440000000000E+00
 1.5000000000000E+00 5.2500000000000E-01 8.4000000000000E+02 2.1750000000000E+02
 7.2300000000000E+01 1.9660000000000E+01 5.0440000000000E+00 1.5000000000000E+00
 5.2500000000000E-01 8.4000000000000E+02 2.1750000000000E+02 7.2300000000000E+01
 1.9660000000000E+01 5.0440000000000E+00 1.5000000000000E+00 5.2500000000000E-01
 1.9388523550303E+00 4.0069472695051E+00 6.4922217969072E+00 8.7121067301412E+00
 8.3614546701550E+00 4.5234797303907E+00 7.3196966239128E-01-1.9678021585042E+00
-7.9108924231542E-01 2.5261332526719E+00 9.3163831086814E-01 3.9032528631045E-01
 1.9388523550303E+00 4.0069472695051E+00 6.4922217969072E+00 8.7121067301412E+00
 8.3614546701550E+00 4.5234797303907E+00 7.3196966239128E-01-1.9678021585042E+00
-7.9108924231542E-01 2.5261332526719E+00 9.3163831086814E-01 3.9032528631045E-01
 1.9388523550303E+00 4.0069472695051E+00 6.4922217969072E+00 8.7121067301412E+00
 8.3614546701550E+00 4.5234797303907E+00 7.3196966239128E-01-1.9678021585042E+00
-7.9108924231542E-01 2.5261332526719E+00 9.3163831086814E-01 3.9032528631045E-01
 1.9388523550303E+00 4.0069472695051E+00 6.4922217969072E+00 8.7121067301412E+00
 8.3614546701550E+00 4.5234797303907E+00 7.3196966239128E-01-1.9678021585042E+00
-7.9108924231542E-01 2.5261332526719E+00 9.3163831086814E-01 3.9032528631045E-01
 1.9388523550303E+00 4.0069472695051E+00 6.4922217969072E+00 8.7121067301412E+00
 8.3614546701550E+00 4.5234797303907E+00 7.3196966239128E-01-1.9678021585042E+00
-7.9108924231542E-01 2.5261332526719E+00 9.3163831086814E-01 3.9032528631045E-01
 1.9388523550303E+00 4.0069472695051E+00 6.4922217969072E+00 8.7121067301412E+00
 8.3614546701550E+00 4.5234797303907E+00 7.3196966239128E-01-1.9678021585042E+00
-7.9108924231542E-01 2.5261332526719E+00 9.3163831086814E-01 3.9032528631045E-01
 1.9388523550303E+00 4.0069472695051E+00 6.4922217969072E+00 8.7121067301412E+00
 8.3614546701550E+00 4.5234797303907E+00 7.3196966239128E-01-1.9678021585042E+00
-7.9108924231542E-01 2.5261332526719E+00 9.3163831086814E-01 3.9032528631045E-01
 1.9388523550303E+00 4.0069472695051E+00 6.4922217969072E+00 8.7121067301412E+00
 8.3614546701550E+00 4.5234797303907E+00 7.3196966239128E-01-1.9678021585042E+00
-7.9108924231542E-01 2.5261332526719E+00 9.3163831086814E-01 3.9032528631045E-01
 4.2927248229868E-01 5.0168721084719E-01 8.6560187467588E-01 1.7747293329763E+00
 2.2374511845795E+00 1.4124988490687E+00 1.0690690067042E+00 4.2927248229868E-01
 5.0168721084719E-01 8.6560187467588E-01 1.7747293329763E+00 2.2374511845795E+00
 1.4124988490687E+00 1.0690690067042E+00 4.2927248229868E-01 5.0168721084719E-01
 8.6560187467588E-01 1.7747293329763E+00 2.2374511845795E+00 1.4124988490687E+00
 1.0690690067042E+00 4.2927248229868E-01 5.0168721084719E-01 8.6560187467588E-01
 1.7747293329763E+00 2.2374511845795E+00 1.4124988490687E+00 1.0690690067042E+00
 4.2927248229868E-01 5.0168721084719E-01 8.6560187467588E-01 1.7747293329763E+00
 2.2374511845795E+00 1.4124988490687E+00 1.0690690067042E+00 4.2927248229868E-01
 5.0168721084719E-01 8.6560187467588E-01 1.7747293329763E+00 2.2374511845795E+00
 1.4124988490687E+00 1.0690690067042E+00 4.2927248229868E-01 5.0168721084719E-01
 8.6560187467588E-01 1.7747293329763E+00 2.2374511845795E+00 1.4124988490687E+00
 1.0690690067042E+00 4.2927248229868E-01 5.0168721084719E-01 8.6560187467588E-01
 1.7747293329763E+00 2.2374511845795E+00 1.4124988490687E+00 1.0690690067042E+00
 0.0000000000000E+00 0.0000000000000E+00 0.0000000000000E+00 0.0000000000000E+00
 0.0000000000000E+00 0.0000000000000E+00 0.0000000000000E+00 1.1748806384457E+01
 8.3754969344946E+00 3.5836611753415E+00 1.2317371875123E+00 2.8894618593272E-01
 0.0000000000000E+00 0.0000000000000E+00 0.0000000000000E+00 0.0000000000000E+00
 0.0000000000000E+00 0.0000000000000E+00 0.0000000000000E+00 1.1748806384457E+01
 8.3754969344946E+00 3.5836611753415E+00 1.2317371875123E+00 2.8894618593272E-01
 0.0000000000000E+00 0.0000000000000E+00 0.0000000000000E+00 0.0000000000000E+00
 0.0000000000000E+00 0.0000000000000E+00 0.0000000000000E+00 1.1748806384457E+01
 8.3754969344946E+00 3.5836611753415E+00 1.2317371875123E+00 2.8894618593272E-01
 0.0000000000000E+00 0.0000000000000E+00 0.0000000000000E+00 0.0000000000000E+00
 0.0000000000000E+00 0.0000000000000E+00 0.0000000000000E+00 1.1748806384457E+01
 8.3754969344946E+00 3.5836611753415E+00 1.2317371875123E+00 2.8894618593272E-01
 0.0000000000000E+00 0.0000000000000E+00 0.0000000000000E+00 0.0000000000000E+00
 0.0000000000000E+00 0.0000000000000E+00 0.0000000000000E+00 1.1748806384457E+01
 8.3754969344946E+00 3.5836611753415E+00 1.2317371875123E+00 2.8894618593272E-01
 0.0000000000000E+00 0.0000000000000E+00 0.0000000000000E+00 0.0000000000000E+00
 0.0000000000000E+00 0.0000000000000E+00 0.0000000000000E+00 1.1748806384457E+01
 8.3754969344946E+00 3.5836611753415E+00 1.2317371875123E+00 2.8894618593272E-01
 0.0000000000000E+00 0.0000000000000E+00 0.0000000000000E+00 0.0000000000000E+00
 0.0000000000000E+00 0.0000000000000E+00 0.0000000000000E+00 1.1748806384457E+01
 8.3754969344946E+00 3.5836611753415E+00 1.2317371875123E+00 2.8894618593272E-01
 0.0000000000000E+00 0.0000000000000E+00 0.0000000000000E+00 0.0000000000000E+00
 0.0000000000000E+00 0.0000000000000E+00 0.0000000000000E+00 1.1748806384457E+01
 8.3754969344946E+00 3.5836611753415E+00 1.2317371875123E+00 2.8894618593272E-01
 0.0000000000000E+00 0.0000000000000E+00 0.0000000000000E+00 0.0000000000000E+00
 0.0000000000000E+00 0.0000000000000E+00 1.5492281743825E+00 0.0000000000000E+00
 0.0000000000000E+00 0.0000000000000E+00 0.0000000000000E+00 0.0000000000000E+00
 0.0000000000000E+00 1.5492281743825E+00 0.0000000000000E+00 0.0000000000000E+00
 0.0000000000000E+00 0.0000000000000E+00 0.0000000000000E+00 0.0000000000000E+00
 1.5492281743825E+00 0.0000000000000E+00 0.0000000000000E+00 0.0000000000000E+00
 0.0000000000000E+00 0.0000000000000E+00 0.0000000000000E+00 1.5492281743825E+00
 0.0000000000000E+00 0.0000000000000E+00 0.0000000000000E+00 0.0000000000000E+00
 0.0000000000000E+00 0.0000000000000E+00 1.5492281743825E+00 0.0000000000000E+00
 0.0000000000000E+00 0.0000000000000E+00 0.0000000000000E+00 0.0000000000000E+00
 0.0000000000000E+00 1.5492281743825E+00 0.0000000000000E+00 0.0000000000000E+00
 0.0000000000000E+00 0.0000000000000E+00 0.0000000000000E+00 0.0000000000000E+00
 1.5492281743825E+00 0.0000000000000E+00 0.0000000000000E+00 0.0000000000000E+00
 0.0000000000000E+00 0.0000000000000E+00 0.0000000000000E+00 1.5492281743825E+00
 0.0000000000000E+00 0.0000000000000E+00 0.0000000000000E+00 0.0000000000000E+00
 0.0000000000000E+00 0.0000000000000E+00 0.0000000000000E+00 0.0000000000000E+00
 0.0000000000000E+00 0.0000000000000E+00 0.0000000000000E+00 0.0000000000000E+00
 0.0000000000000E+00 0.0000000000000E+00 0.0000000000000E+00 0.0000000000000E+00
 0.0000000000000E+00 0.0000000000000E+00 0.0000000000000E+00 0.0000000000000E+00
 0.0000000000000E+00 0.0000000000000E+00 0.0000000000000E+00 0.0000000000000E+00
 0.0000000000000E+00 0.0000000000000E+00 0.0000000000000E+00 0.0000000000000E+00
 0.0000000000000E+00 0.0000000000000E+00 0.0000000000000E+00 0.0000000000000E+00
 0.0000000000000E+00 0.0000000000000E+00 0.0000000000000E+00 0.0000000000000E+00
 0.0000000000000E+00 0.0000000000000E+00 0.0000000000000E+00 0.0000000000000E+00
 0.0000000000000E+00 0.0000000000000E+00 0.0000000000000E+00 0.0000000000000E+00
 0.0000000000000E+00 0.0000000000000E+00 0.0000000000000E+00 0.0000000000000E+00
 0.0000000000000E+00 0.0000000000000E+00 0.0000000000000E+00 0.0000000000000E+00
 0.0000000000000E+00 0.0000000000000E+00 0.0000000000000E+00 0.0000000000000E+00
 0.0000000000000E+00 0.0000000000000E+00 0.0000000000000E+00 0.0000000000000E+00
 0.0000000000000E+00 0.0000000000000E+00 0.0000000000000E+00 0.0000000000000E+00
 0.0000000000000E+00 0.0000000000000E+00 0.0000000000000E+00 0.0000000000000E+00
 0.0000000000000E+00 0.0000000000000E+00 0.0000000000000E+00 0.0000000000000E+00
 0.0000000000000E+00 0.0000000000000E+00 0.0000000000000E+00 0.0000000000000E+00
 0.0000000000000E+00 0.0000000000000E+00 0.0000000000000E+00 0.0000000000000E+00
 0.0000000000000E+00 0.0000000000000E+00 0.0000000000000E+00 0.0000000000000E+00
 0.0000000000000E+00 0.0000000000000E+00 0.0000000000000E+00 0.0000000000000E+00
 0.0000000000000E+00 0.0000000000000E+00 0.0000000000000E+00 0.0000000000000E+00
 0.0000000000000E+00 0.0000000000000E+00 0.0000000000000E+00 0.0000000000000E+00
 0.0000000000000E+00 0.0000000000000E+00 0.0000000000000E+00 0.0000000000000E+00
 0.0000000000000E+00 0.0000000000000E+00 0.0000000000000E+00 0.0000000000000E+00
 0.0000000000000E+00 0.0000000000000E+00 0.0000000000000E+00 0.0000000000000E+00
 0.0000000000000E+00 0.0000000000000E+00 0.0000000000000E+00 0.0000000000000E+00
 0.0000000000000E+00 0.0000000000000E+00 0.0000000000000E+00 0.0000000000000E+00
 0.0000000000000E+00 0.0000000000000E+00 0.0000000000000E+00 0.0000000000000E+00
 0.0000000000000E+00 0.0000000000000E+00 0.0000000000000E+00 0.0000000000000E+00
 0.0000000000000E+00 0.0000000000000E+00 0.0000000000000E+00 0.0000000000000E+00
 0.0000000000000E+00 0.0000000000000E+00 0.0000000000000E+00 0.0000000000000E+00
 0.0000000000000E+00 0.0000000000000E+00 0.0000000000000E+00 0.0000000000000E+00
 0.0000000000000E+00 0.0000000000000E+00 0.0000000000000E+00 0.0000000000000E+00
 0.0000000000000E+00 0.0000000000000E+00 0.0000000000000E+00 0.0000000000000E+00
 0.0000000000000E+00 0.0000000000000E+00 0.0000000000000E+00 0.0000000000000E+00
 0.0000000000000E+00 0.0000000000000E+00 0.0000000000000E+00 0.0000000000000E+00
 1.7791127433136E+01 3.6768199138355E+01 5.9573357926554E+01 7.9943271928309E+01
 7.6725649158983E+01 4.1507959136648E+01 6.7166360073816E+00 1.8056774088196E+01
 1.8054697619789E+01 2.3180083050040E+01 8.5488179990828E+00 3.5816687594121E+00
 1.7791127433136E+01 3.6768199138355E+01 5.9573357926554E+01 7.9943271928309E+01
 7.6725649158983E+01 4.1507959136648E+01 6.7166360073816E+00 1.8056774088196E+01
 1.8054697619789E+01 2.3180083050040E+01 8.5488179990828E+00 3.5816687594121E+00
 1.7791127433136E+01 3.6768199138355E+01 5.9573357926554E+01 7.9943271928309E+01
 7.6725649158983E+01 4.1507959136648E+01 6.7166360073816E+00 1.8056774088196E+01
 1.8054697619789E+01 2.3180083050040E+01 8.5488179990828E+00 3.5816687594121E+00
 1.7791127433136E+01 3.6768199138355E+01 5.9573357926554E+01 7.9943271928309E+01
 7.6725649158983E+01 4.1507959136648E+01 6.7166360073816E+00 1.8056774088196E+01
 1.8054697619789E+01 2.3180083050040E+01 8.5488179990828E+00 3.5816687594121E+00
 1.7791127433136E+01 3.6768199138355E+01 5.9573357926554E+01 7.9943271928309E+01
 7.6725649158983E+01 4.1507959136648E+01 6.7166360073816E+00 1.8056774088196E+01
 1.8054697619789E+01 2.3180083050040E+01 8.5488179990828E+00 3.5816687594121E+00
 1.7791127433136E+01 3.6768199138355E+01 5.9573357926554E+01 7.9943271928309E+01
 7.6725649158983E+01 4.1507959136648E+01 6.7166360073816E+00 1.8056774088196E+01
 1.8054697619789E+01 2.3180083050040E+01 8.5488179990828E+00 3.5816687594121E+00
 1.7791127433136E+01 3.6768199138355E+01 5.9573357926554E+01 7.9943271928309E+01
 7.6725649158983E+01 4.1507959136648E+01 6.7166360073816E+00 1.8056774088196E+01
 1.8054697619789E+01 2.3180083050040E+01 8.5488179990828E+00 3.5816687594121E+00
 1.7791127433136E+01 3.6768199138355E+01 5.9573357926554E+01 7.9943271928309E+01
 7.6725649158983E+01 4.1507959136648E+01 6.7166360073816E+00 1.8056774088196E+01
 1.8054697619789E+01 2.3180083050040E+01 8.5488179990828E+00 3.5816687594121E+00
 3.9390526134185E+00 4.6035383130645E+00 7.9428602279928E+00 1.6285116110253E+01
 2.0531103901233E+01 1.2961248419840E+01 9.8098975322922E+00 3.9390526134185E+00
 4.6035383130645E+00 7.9428602279928E+00 1.6285116110253E+01 2.0531103901233E+01
 1.2961248419840E+01 9.8098975322922E+00 3.9390526134185E+00 4.6035383130645E+00
 7.9428602279928E+00 1.6285116110253E+01 2.0531103901233E+01 1.2961248419840E+01
 9.8098975322922E+00 3.9390526134185E+00 4.6035383130645E+00 7.9428602279928E+00
 1.6285116110253E+01 2.0531103901233E+01 1.2961248419840E+01 9.8098975322922E+00
 3.9390526134185E+00 4.6035383130645E+00 7.9428602279928E+00 1.6285116110253E+01
 2.0531103901233E+01 1.2961248419840E+01 9.8098975322922E+00 3.9390526134185E+00
 4.6035383130645E+00 7.9428602279928E+00 1.6285116110253E+01 2.0531103901233E+01
 1.2961248419840E+01 9.8098975322922E+00 3.9390526134185E+00 4.6035383130645E+00
 7.9428602279928E+00 1.6285116110253E+01 2.0531103901233E+01 1.2961248419840E+01
 9.8098975322922E+00 3.9390526134185E+00 4.6035383130645E+00 7.9428602279928E+00
 1.6285116110253E+01 2.0531103901233E+01 1.2961248419840E+01 9.8098975322922E+00
 0.0000000000000E+00 0.0000000000000E+00 0.0000000000000E+00 0.0000000000000E+00
 0.0000000000000E+00 0.0000000000000E+00 0.0000000000000E+00 3.0917911538046E-01
 9.2444778526431E-01 1.2918749730863E+00 1.4093102831948E+00 1.0545481238420E+00
 0.0000000000000E+00 0.0000000000000E+00 0.0000000000000E+00 0.0000000000000E+00
 0.0000000000000E+00 0.0000000000000E+00 0.0000000000000E+00 3.0917911538046E-01
 9.2444778526431E-01 1.2918749730863E+00 1.4093102831948E+00 1.0545481238420E+00
 0.0000000000000E+00 0.0000000000000E+00 0.0000000000000E+00 0.0000000000000E+00
 0.0000000000000E+00 0.0000000000000E+00 0.0000000000000E+00 3.0917911538046E-01
 9.2444778526431E-01 1.2918749730863E+00 1.4093102831948E+00 1.0545481238420E+00
 0.0000000000000E+00 0.0000000000000E+00 0.0000000000000E+00 0.0000000000000E+00
 0.0000000000000E+00 0.0000000000000E+00 0.0000000000000E+00 3.0917911538046E-01
 9.2444778526431E-01 1.2918749730863E+00 1.4093102831948E+00 1.0545481238420E+00
 0.0000000000000E+00 0.0000000000000E+00 0.0000000000000E+00 0.0000000000000E+00
 0.0000000000000E+00 0.0000000000000E+00 0.0000000000000E+00 3.0917911538046E-01
 9.2444778526431E-01 1.2918749730863E+00 1.4093102831948E+00 1.0545481238420E+00
 0.0000000000000E+00 0.0000000000000E+00 0.0000000000000E+00 0.0000000000000E+00
 0.0000000000000E+00 0.0000000000000E+00 0.0000000000000E+00 3.0917911538046E-01
 9.2444778526431E-01 1.2918749730863E+00 1.4093102831948E+00 1.0545481238420E+00
 0.0000000000000E+00 0.0000000000000E+00 0.0000000000000E+00 0.0000000000000E+00
 0.0000000000000E+00 0.0000000000000E+00 0.0000000000000E+00 3.0917911538046E-01
 9.2444778526431E-01 1.2918749730863E+00 1.4093102831948E+00 1.0545481238420E+00
 0.0000000000000E+00 0.0000000000000E+00 0.0000000000000E+00 0.0000000000000E+00
 0.0000000000000E+00 0.0000000000000E+00 0.0000000000000E+00 3.0917911538046E-01
 9.2444778526431E-01 1.2918749730863E+00 1.4093102831948E+00 1.0545481238420E+00
 0.0000000000000E+00 0.0000000000000E+00 0.0000000000000E+00 0.0000000000000E+00
 0.0000000000000E+00 0.0000000000000E+00 1.4754554041738E+00 0.0000000000000E+00
 0.0000000000000E+00 0.0000000000000E+00 0.0000000000000E+00 0.0000000000000E+00
 0.0000000000000E+00 1.4754554041738E+00 0.0000000000000E+00 0.0000000000000E+00
 0.0000000000000E+00 0.0000000000000E+00 0.0000000000000E+00 0.0000000000000E+00
 1.4754554041738E+00 0.0000000000000E+00 0.0000000000000E+00 0.0000000000000E+00
 0.0000000000000E+00 0.0000000000000E+00 0.0000000000000E+00 1.4754554041738E+00
 0.0000000000000E+00 0.0000000000000E+00 0.0000000000000E+00 0.0000000000000E+00
 0.0000000000000E+00 0.0000000000000E+00 1.4754554041738E+00 0.0000000000000E+00
 0.0000000000000E+00 0.0000000000000E+00 0.0000000000000E+00 0.0000000000000E+00
 0.0000000000000E+00 1.4754554041738E+00 0.0000000000000E+00 0.0000000000000E+00
 0.0000000000000E+00 0.0000000000000E+00 0.0000000000000E+00 0.0000000000000E+00
 1.4754554041738E+00 0.0000000000000E+00 0.0000000000000E+00 0.0000000000000E+00
 0.0000000000000E+00 0.0000000000000E+00 0.0000000000000E+00 1.4754554041738E+00
 0.0000000000000E+00 0.0000000000000E+00 0.0000000000000E+00 0.0000000000000E+00
 0.0000000000000E+00 0.0000000000000E+00 0.0000000000000E+00 0.0000000000000E+00
 0.0000000000000E+00 0.0000000000000E+00 0.0000000000000E+00 0.0000000000000E+00
 0.0000000000000E+00 0.0000000000000E+00 0.0000000000000E+00 0.0000000000000E+00
 0.0000000000000E+00 0.0000000000000E+00 0.0000000000000E+00 0.0000000000000E+00
 0.0000000000000E+00 0.0000000000000E+00 0.0000000000000E+00 0.0000000000000E+00
 0.0000000000000E+00 0.0000000000000E+00 0.0000000000000E+00 0.0000000000000E+00
 0.0000000000000E+00 0.0000000000000E+00 0.0000000000000E+00 0.0000000000000E+00
 0.0000000000000E+00 0.0000000000000E+00 0.0000000000000E+00 0.0000000000000E+00
 0.0000000000000E+00 0.0000000000000E+00 0.0000000000000E+00 0.0000000000000E+00
 0.0000000000000E+00 0.0000000000000E+00 0.0000000000000E+00 0.0000000000000E+00
 0.0000000000000E+00 0.0000000000000E+00 0.0000000000000E+00 0.0000000000000E+00
 0.0000000000000E+00 0.0000000000000E+00 0.0000000000000E+00 0.0000000000000E+00
 0.0000000000000E+00 0.0000000000000E+00 0.0000000000000E+00 0.0000000000000E+00
 0.0000000000000E+00 0.0000000000000E+00 0.0000000000000E+00 0.0000000000000E+00
 0.0000000000000E+00 0.0000000000000E+00 0.0000000000000E+00 0.0000000000000E+00
 0.0000000000000E+00 0.0000000000000E+00 0.0000000000000E+00 0.0000000000000E+00
 0.0000000000000E+00 0.0000000000000E+00 0.0000000000000E+00 0.0000000000000E+00
 0.0000000000000E+00 0.0000000000000E+00 0.0000000000000E+00 0.0000000000000E+00
 0.0000000000000E+00 0.0000000000000E+00 0.0000000000000E+00 0.0000000000000E+00
 0.0000000000000E+00 0.0000000000000E+00 0.0000000000000E+00 0.0000000000000E+00
 0.0000000000000E+00 0.0000000000000E+00 0.0000000000000E+00 0.0000000000000E+00
 0.0000000000000E+00 0.0000000000000E+00 0.0000000000000E+00 0.0000000000000E+00
 0.0000000000000E+00 0.0000000000000E+00 0.0000000000000E+00 0.0000000000000E+00
 0.0000000000000E+00 0.0000000000000E+00 0.0000000000000E+00 0.0000000000000E+00
 0.0000000000000E+00 0.0000000000000E+00 0.0000000000000E+00 0.0000000000000E+00
 0.0000000000000E+00 0.0000000000000E+00 0.0000000000000E+00 0.0000000000000E+00
 0.0000000000000E+00 0.0000000000000E+00 0.0000000000000E+00 0.0000000000000E+00
 0.0000000000000E+00 0.0000000000000E+00 0.0000000000000E+00 0.0000000000000E+00
 0.0000000000000E+00 0.0000000000000E+00 0.0000000000000E+00 0.0000000000000E+00
 0.0000000000000E+00 0.0000000000000E+00 0.0000000000000E+00 0.0000000000000E+00
 0.0000000000000E+00 0.0000000000000E+00 0.0000000000000E+00 0.0000000000000E+00
 0.0000000000000E+00 0.0000000000000E+00 0.0000000000000E+00 0.0000000000000E+00
 0.0000000000000E+00 0.0000000000000E+00 0.0000000000000E+00 0.0000000000000E+00
 0.0000000000000E+00 0.0000000000000E+00 0.0000000000000E+00 0.0000000000000E+00
 0.0000000000000E+00 0.0000000000000E+00 0.0000000000000E+00 0.0000000000000E+00
 0.0000000000000E+00 0.0000000000000E+00 0.0000000000000E+00 0.0000000000000E+00
 0.0000000000000E+00 0.0000000000000E+00 0.0000000000000E+00 0.0000000000000E+00
NINV  
         1         2         3         4         6         5         8         7
        10         9        12        11        13        14        16        15
        17        18        21        22        19        20        23        24
        25        26        27        28        30        29        32        31
        34        33        36        35        37        38        40        39
        41        42        45        46        43        44        47        48
BASATO
         0         9         9         9         9         9         9         9
         3         3         3         3         3         3         3         3
         1         5         9        13        17        21        25        29
        33        35        37        39        41        43        45        47
        49         0         0         0         0         0         0         0
         0         0         0         0         0         0         0         0
         0         1         8        11        12        13        20        23
        24        25        32        35        36        37        44        47
        48        49        56        59        60        61        68        71
        72        73        80        83        84        85        92        95
        96        97       103       104       110       111       117       118
       124       125       131       132       138       139       145       146
       152       153         7         3         1         1         7         3
         1         1         7         3         1         1         7         3
         1         1         7         3         1         1         7         3
         1         1         7         3         1         1         7         3
         1         1         6         1         6         1         6         1
         6         1         6         1         6         1         6         1
         6         1         0         1         1         1         0         1
         1         1         0         1         1         1         0         1
         1         1         0         1         1         1         0         1
         1         1         0         1         1         1         0         1
         1         1         0         1         0         1         0         1
         0         1         0         1         0         1         0         1
         0         1         1         4         4         4         1         4
         4         4         1         4         4         4         1         4
         4         4         1         4         4         4         1         4
         4         4         1         4         4         4         1         4
         4         4         1         4         1         4         1         4
         1         4         1         4         1         4         1         4
         1         4         0         1         5         9        13        14
        18        22        26        27        31        35        39        40
        44        48        52        53        57        61        65        66
        70        74        78        79        83        87        91        92
        96       100       104       105       109       110       114       115
       119       120       124       125       129       130       134       135
       139       140       144         1         1         1         1         2
         2         2         2         3         3         3         3         4
         4         4         4         5         5         5         5         6
         6         6         6         7         7         7         7         8
         8         8         8         9         9        10        10        11
        11        12        12        13        13        14        14        15
        15        16        16
SPINOR
         0         0         0         0         0         0         0         0
         0         0         0         0         0         0         0         0
         0         0         0         0         0         0         0         0
         0         0         0         0         0         0         0         0
IGHOST
         9         0         0         0         0         0         0         0
         0         0         0         0         0         0         0         0
  9.1067660232617E-01  9.9882232677927E+00  9.9882232677927E+00  9.9882232677927E+00
  9.9882232677927E+00  9.9882232677927E+00  9.9882232677927E+00  9.9734484887647E+00
  2.0233348004182E+00  2.0232632498220E+00  2.0233348004182E+00  2.0233348004182E+00
  2.0233348004182E+00  2.0233348004182E+00  2.0232632498220E+00  2.0233348004182E+00
  3.7562208610231E+01 -2.8620715714870E+00 -1.7650426161215E-18  1.2441454770526E-18
 -1.1656092562775E-18  2.2875318442956E+00 -1.5919958966586E-18  3.9078778050436E-18
 -1.3075566735657E-17 -1.5542799383005E-18  6.0885512464119E+00 -7.1542881436834E-18
 -1.5762683086663E-18  3.9349021011111E-18 -6.2493084098490E-18  6.0885512464119E+00
 -5.3607682795930E-18 -9.5422121693971E-18  7.8747852352367E-19 -5.4488641652104E-18
  6.0885512464119E+00  2.3071099391730E-01 -1.1312257380336E-19  2.9690403629022E-19
 -3.0345389496465E-19  6.4708155663679E-01  5.7499495507962E-18  1.3291206324378E-17
 -3.8738749970333E-18  4.6919212737962E-18  9.5128661948826E-01  1.4294361915891E-18
 -2.2627223892296E-18  1.0128446188294E-17  1.2919370659523E-18  9.5128661948826E-01
  1.0753369160757E-17 -1.0809958375347E-18 -2.8574961349131E-18  1.0782869926885E-17
  9.5128661948827E-01  3.7867688846053E-01  3.9667587998574E-17  3.1839207730995E-17
  3.2106429510960E-18  3.9664603347843E-17  1.0224092752898E+00  1.0101856528324E-17
  1.1245718756020E-17  3.1839300562275E-17  1.0602690634377E-17  1.0224092752898E+00
  9.1186667550462E-17  3.1954449022360E-18  1.1818504785282E-17  9.1315367432214E-17
  1.0224092752898E+00  3.3840880553181E-03 -3.6706564790998E-20  4.1033082120840E-20
 -1.3180418569389E-19 -7.4999973186599E-03 -1.2442146052655E-18  4.4427843646488E-18
  1.1014206330507E-18  7.4345920296653E-19  1.0706529215788E-01  4.5503708634514E-19
  1.7367452915594E-18  1.4138106534883E-18 -1.3265944220953E-19  1.0706529215787E-01
  6.6073020598284E-18 -1.6195575468079E-18  1.3119472327995E-18  6.3916083489662E-18
  1.0706529215788E-01 -8.4334233916967E-02  3.0991356402420E-17  3.9067374133756E-17
 -1.0477576000765E-17  1.2049633706673E-17  2.4482634907468E-01 -1.0284413445061E-17
 -7.8612651548413E-18  2.1377462260486E-17 -9.6016775318730E-18  2.4482634907459E-01
  6.0198585332374E-17 -5.1135922638839E-18 -5.4973462774105E-18  5.8992483751003E-17
  2.4482634907476E-01 -4.3601460622542E-05  9.7933336685668E-21 -2.5511127687417E-04
 -2.5511127687417E-04 -2.0948621164305E-20 -4.7533251560031E-05 -3.0965788521160E-20
  5.5088935362658E-20  7.7724130801134E-04 -3.7161421224390E-20 -1.7343707162320E-04
 -1.4602146251877E-04  7.7724130801134E-04 -2.5478177688628E-20 -1.4602146251877E-04
 -1.7343707162320E-04 -2.8793663557279E-01 -5.0278285724615E-17  3.0828962316129E-17
 -6.0377805543350E-17 -5.0549325493435E-17 -9.1751172611578E-03 -6.7172081174806E-17
 -5.2252886438463E-17  3.1248406366396E-17 -7.1430386273423E-17 -9.1751172614277E-03
 -9.5884396817593E-17 -4.6055621601275E-17 -4.9868219191878E-17 -9.7587387525622E-17
 -9.1751172612005E-03 -8.7798409489534E-04 -3.4482135252373E-19 -2.4553073946401E-03
 -2.4553073946400E-03  3.2050880191642E-19 -7.4023539306514E-04  5.8738532966995E-19
  8.5260320572503E-19  2.4553073946401E-03  1.3775020356791E-18  3.7351214764744E-03
  4.3805159469728E-03  2.4553073946400E-03  8.4617844340635E-19  4.3805159469728E-03
  3.7351214764744E-03 -5.2423879303063E-05 -2.7077316736600E-04 -2.7077316736600E-04
  3.2665386584480E-21 -4.9710678112837E-02 -1.3707451475759E-01 -1.3707451475759E-01
  5.8679849385208E-18 -2.2331536244313E-05 -6.6269959469854E-05  6.6269959469854E-05
  1.3104295537006E-04 -2.6181749837245E+01  1.9982028441500E-03 -3.5190741346718E-03
 -3.5190741346718E-03  6.2596913615709E-21 -1.7717122491752E-03  5.7029249708326E-03
  6.3084314359992E-03  1.6674260581124E-19 -1.7717122491752E-03  6.3084314359992E-03
  5.7029249708326E-03  1.6787322311340E-20  1.5900345565780E-20 -7.5868917843799E-19
  4.3210777722057E-19 -1.2985695061231E-03 -5.5832481161332E-02 -1.4186172800361E-01
 -1.4186172800360E-01 -7.6245285302853E-19  2.5030836822123E-02  4.7875227644408E-02
  6.7854969007937E-02  1.9582533421648E-18  2.5030836822124E-02  6.7854969007937E-02
  4.7875227644409E-02  1.3055725989617E-18  9.6892882112348E-19  2.0281485478199E-18
 -2.8469013860129E-19 -2.1936405503040E-02  6.0593522897510E-06 -1.8037314823815E-04
  1.8037314823815E-04  3.9209606632603E-04  9.2503134921990E-06 -2.5940083055109E-06
 -2.5078181762277E-04 -3.0411552303343E-04 -9.2503134921995E-06 -2.5078181762277E-04
 -2.5940083055114E-06  3.0411552303343E-04  2.1065577530048E-05 -2.7384812964855E-04
  2.7384812964855E-04  6.0892175492913E-04 -6.8093997266576E+00 -2.2607152074735E-18
 -1.3891606812828E-18 -6.1021724157431E-19 -2.6601129397449E+00 -1.4284005118886E-19
 -4.2767170623720E-18  3.4650435101777E-18 -3.6637107003955E-18 -4.6585923406764E-02
 -1.0886962267788E-03 -8.9568240642304E-18 -4.3012405809067E-18 -1.0886962267788E-03
 -4.6585923406792E-02  3.8637365535647E-19  3.4736447753240E-18 -8.9143969570154E-18
 -4.6369365391733E-19 -4.5190846867129E-02 -1.7054747328387E-04  5.0471076997469E-04
  5.0471076997469E-04 -9.6793678929629E-20 -1.2529345834822E-03 -7.7116066676614E-04
 -7.7116066676614E-04  4.5051360624782E-20  3.7153480779742E-03  2.0847781787499E-03
  2.3772002967925E-03 -1.2850269146206E-19  3.7153480779742E-03  2.3772002967925E-03
  2.0847781787499E-03 -5.1002081917300E-20 -5.6583317012400E-19 -7.4994952959697E-20
  1.9947923006777E-20 -4.4693770817251E-04 -7.0420284517914E-03 -1.2458555975270E-02
 -1.2458555975270E-02  4.6486261242932E-19  1.4710329098606E-02  1.8394601657487E-02
  2.3314899566101E-02  9.1193545778408E-19  1.4710329098606E-02  2.3314899566101E-02
  1.8394601657487E-02  2.8957589069284E-19 -1.2217157561475E-18  1.1476040457839E-18
 -2.3499935309824E-19 -5.1964179607452E-03 -6.7826356000889E-02 -1.3738761012993E-01
 -1.3738761012991E-01 -1.3465566443039E-17  3.9616408610403E-02  3.0592291563864E-02
  5.9435246729848E-02  1.5342390855399E-17  3.9616408610406E-02  5.9435246729830E-02
  3.0592291563864E-02  1.4431713328567E-17  4.9367566137885E-18  2.5126835828669E-17
  5.1938290220574E-18 -2.5579509479206E-02 -2.6130965146198E-04 -5.2390234181854E-04
  5.2390234181853E-04  1.0283149883178E-03  2.6591764924761E-04  2.7633784032369E-04
 -5.1677985010953E-04 -9.7974745098766E-04 -2.6591764924761E-04 -5.1677985010952E-04
  2.7633784032369E-04  9.7974745098767E-04 -5.4915721691460E-04 -1.0276593192644E-03
  1.0276593192644E-03  1.8182660869370E-03 -5.4619501406487E+00  8.4406869931950E-20
 -4.8520745951221E-20  5.9035964256117E-19 -2.8267319688638E+00  8.5444258162551E-18
 -1.1899109338793E-17 -3.6758380935650E-18  1.1381734591127E-17 -8.3099031165782E-01
  1.3552989819178E-04  3.9497129380811E-18 -7.8943954391941E-18  1.3552989819174E-04
 -8.3099031165785E-01  7.8510527102830E-19  6.2487041202823E-18 -3.0931130558877E-18
  1.7269720891592E-18 -8.3093502039226E-01 -2.3339661892142E+00 -1.4243137440555E-17
 -1.2865366599224E-17 -3.4921828568034E-17 -1.5027575163846E-17  3.7953014779188E-02
 -3.1955866402724E-04 -7.9988688712859E-17 -1.2716666978665E-17 -3.1955866402722E-04
  3.7953014779216E-02 -3.0980247428847E-17 -4.8764983558232E-17 -8.1386407282994E-17
 -2.9726134449113E-17  3.8384060196975E-02 -4.0863918683192E-03  6.9513688065668E-03
  6.9513688065668E-03 -5.5098368657569E-19 -5.7419072225908E-05  5.4035899536385E-05
 -5.4035899536384E-05 -1.4211090531849E-04 -2.2148297136580E-02 -3.9535607915247E-03
 -3.9535607915247E-03 -2.4249620926078E-19  3.5659097912394E-02  1.4272018818319E-03
  4.1166184972626E-03  2.7910939247650E-19  3.5659097912393E-02  4.1166184972628E-03
  1.4272018818318E-03  1.3471830362072E-18  1.9163539952660E-18  1.4033237634817E-18
  1.4521845887013E-18 -2.9907209814759E-03 -3.1083351539465E-04 -2.4077663186210E-05
  2.4077663186209E-05  3.8308158267993E-05  3.0919254676221E-04  3.8008649142357E-05
 -3.7757340053338E-05 -7.6755607646159E-05 -3.0919254676221E-04 -3.7757340053337E-05
  3.8008649142357E-05  7.6755607646159E-05 -8.0042669813393E-04 -9.4633168023508E-05
  9.4633168023509E-05  1.4295369452005E-04 -4.3993543940038E-02 -1.9270858586314E-02
 -1.9270858586318E-02  2.8603872536682E-18  6.2250952345570E-02 -4.2131028782096E-04
  1.6596852465566E-02  1.3422029333386E-17  6.2250952345567E-02  1.6596852465563E-02
 -4.2131028780944E-04  4.4304483225314E-19  1.0778584408148E-17  1.8879270836517E-17
  1.1744295485455E-17 -1.2830256672320E-02 -6.8399519297593E-04 -2.4793571809542E-04
  2.4793571809541E-04  4.6472032829659E-04  8.0260508647028E-04  3.3078730263252E-04
 -3.6238759906237E-04 -8.9377717191878E-04 -8.0260508647030E-04 -3.6238759906236E-04
  3.3078730263252E-04  8.9377717191878E-04 -1.9076219376509E-03 -8.7952555328277E-04
  8.7952555328276E-04  1.5239766499551E-03 -1.0927670504842E-01 -1.1638573582060E-01
 -1.1638573582066E-01 -4.2204643353005E-17  1.0041056403636E-01 -8.2529997971950E-03
  8.2315566046833E-02  1.1485355444067E-16  1.0041056403636E-01  8.2315566046855E-02
 -8.2529997971772E-03  7.1085197247664E-17  9.1958021733400E-17  1.1351348120422E-16
  1.0456680345366E-16 -5.3096400472245E-02 -4.2742467390004E-03 -4.8406462343242E-03
  4.8406462343242E-03  9.5053276151186E-03  5.1396877310523E-03  2.0722424982852E-03
 -6.0185967151390E-03 -1.1696655630665E-02 -5.1396877310523E-03 -6.0185967151382E-03
  2.0722424982856E-03  1.1696655630665E-02 -1.0596922791232E-02 -1.1758727748808E-02
  1.1758727748810E-02  2.0307459121411E-02 -8.7356962949785E-05  2.5950099270410E-04
 -5.3156116906276E-04 -2.5858283981982E-20 -1.0699992584047E-04 -4.1702151889919E-05
 -3.8370620092042E-04  1.6398237234468E-19  3.9831041117580E-04 -6.7420984842908E-04
  1.6290960482394E-03  1.6596501861171E-19 -8.3653867390649E-20 -3.8562963931967E-20
 -1.3897890225467E-19 -1.2612107852209E-04 -2.4114295915495E+00 -2.4139885740063E-19
 -1.9709133657650E-20  4.3414423121779E-19 -1.7240113043283E+00  1.0273191525979E-17
 -5.6641075531498E-18  1.9287115217610E-18  5.4816812719376E-18 -5.0649394882543E-01
  1.1435779507397E-03 -1.5329792544555E-17 -2.1754989210757E-18  1.1435779507397E-03
 -5.0649394882546E-01  4.0323413434098E-19  1.6720618012179E-18 -1.7575131885414E-17
  1.0319190941699E-17 -5.0762983247512E-01 -1.4074729299667E+00  4.4052626479869E-17
 -1.3711143577232E-19  2.9849615278647E-17  2.0892661187778E-17 -1.4999373872769E-01
 -1.9480082816768E-03  4.9563817852599E-17  7.9888690613750E-19 -1.9480082816761E-03
 -1.4999373872780E-01 -4.7699906992285E-17  5.5051846717217E-18  3.0549181885655E-17
 -8.1692920061360E-17 -1.4821338152007E-01 -2.4188697394270E-05  7.2956347186471E-06
 -3.3856092989775E-05 -4.1110843704494E-05 -8.6700456278691E-06  1.4642690328430E-05
  9.3736561046945E-07 -1.5436982384290E-05  4.7467636079031E-05  1.7516110779533E-05
  1.1953796293374E-04  1.1932621620171E-04  5.2767097813322E-05 -5.3731878447407E-06
  1.1329440349600E-04  1.0145328314710E-04 -5.3291808357450E-05  5.2462355674371E-05
 -5.2462355674372E-05 -6.6571765069736E-20 -4.4118054844215E-05  9.9273621506515E-05
 -1.1124504959855E-04 -8.4037390704762E-20  4.4118054844216E-05 -1.1124504959855E-04
  9.9273621506512E-05 -3.1391816605317E-19  6.2152049113566E-20 -2.2264172400369E-19
 -4.7779940817632E-20 -1.5491608999740E-06  4.5208170105082E-05  6.1279524167038E-06
  6.1279524167041E-06 -5.5532898080481E-20  8.3304354381715E-05  3.5561842373649E-04
  3.7609750286372E-04  6.6161332269988E-20  8.3304354381716E-05  3.7609750286373E-04
  3.5561842373649E-04  7.2060968333323E-20 -1.1223282281081E-19  8.6250478717147E-20
 -6.0912437833028E-22 -3.2654979411002E-05 -8.8541751891668E-01 -4.4904676505578E-17
  3.4212364981918E-17 -1.1732664867555E-17 -4.5072495800863E-17 -1.6577564487535E-01
  4.5389599523622E-04  1.5783722650908E-16  4.8287173622739E-17  4.5389599523622E-04
 -1.6577564487500E-01 -1.0976347427349E-17 -1.1240547919921E-17  1.4739228908912E-16
 -7.1442212392023E-18 -1.6685226277211E-01 -5.8359464506047E-04 -3.5330655379072E-05
 -1.6570518482252E-03 -1.6678046413230E-03  3.5330655379071E-05 -7.5746620737202E-04
 -2.3958024743320E-05  1.8294141070348E-04  1.6570518482252E-03 -2.3958024743320E-05
  4.1647941611730E-03  4.8368480128162E-03  1.6678046413230E-03  1.8294141070348E-04
  4.8368480128162E-03  4.0294474653589E-03 -4.6986053101717E-04  1.5173328109941E-03
 -1.5173328109941E-03 -5.2876144969514E-19 -1.5173328109941E-03  4.0310563532642E-03
 -4.6313087239918E-03 -9.8192059495812E-19  1.5173328109941E-03 -4.6313087239918E-03
  4.0310563532639E-03  4.3687029131058E-19  4.1676508847391E-19 -8.0484919165017E-19
  7.7353991096694E-19 -6.4717677981121E-04 -2.2563849474434E-03 -4.3030358603982E-03
 -4.3030358603982E-03 -1.9157574258933E-19  4.3030358603982E-03  7.8647877293558E-03
  8.3702208741466E-03  1.0544203913337E-18  4.3030358603982E-03  8.3702208741465E-03
  7.8647877293562E-03  1.0273985251502E-18  2.5995220484365E-19  9.7629400680612E-19
  9.1453411413178E-19 -5.7039887839329E-04 -4.6365908616322E-06  1.9081404857898E-05
  1.1735141117414E-04 -9.6698578350027E-05 -4.9683043507213E-02  1.6130489033287E-05
  1.3704106991398E-01 -1.3702649494175E-01 -1.6154967440139E-05 -1.2353204810889E-04
  6.1146834297049E-05  6.2288397782679E-05 -5.4742993380378E-05  1.3189472479484E-04
  8.6973655241682E-05  5.1199784443252E-05 -5.6036100921976E-04 -3.6575356369339E-05
  2.3478929716655E-03 -2.3608187773993E-03 -2.9913538870112E-05 -3.2011720513626E-04
  7.4823936605193E-05 -4.2596891680165E-05 -9.1960982720559E-04 -1.3465580085556E-05
  3.1363074396434E-03 -3.6575321856838E-03  8.9284533618725E-04  6.2098600097341E-05
 -3.5841409641244E-03  3.1024838987435E-03 -5.9076239524977E-02 -5.8854045032497E-04
  1.4083132049641E-01 -1.4135183383289E-01 -5.1093243661434E-04 -2.0522744053931E-02
  7.0646712146923E-04  1.1650429504547E-04 -2.9665547100339E-02  1.3166861157336E-04
  4.6370030099536E-02 -6.6192839718798E-02  2.9118467060374E-02  7.7490261039598E-04
 -6.5535050042340E-02  4.6376627696526E-02 -1.3384868749281E-04 -4.0373191378419E-04
  2.3407984741521E-04  1.7142831753342E-04  2.5744924379640E-04  5.5049004502240E-04
 -2.8247032248219E-04 -1.9714834225965E-04 -7.9461037553829E-05 -2.5260698863537E-04
  2.5873496855279E-05  3.0462647254652E-04 -1.6929699709805E-04 -2.8792776075704E-04
  3.5145225972209E-04  2.8712173096199E-05  4.0586003276460E-04 -2.8044538399180E-04
 -5.5594620544329E-04  2.4525900862864E-04  7.5626388688604E-04 -5.2463380529766E-04
 -1.0038811956983E-03  3.9815120371821E-04 -1.7894988139690E-04  3.9195861406615E-04
  2.7550895072307E-05  3.0219692558606E-04  9.5264280983804E-04 -8.1769030563016E-04
 -9.8689904970188E-04  8.4975018007966E-05 -5.9385068901610E-03  1.8567617837002E-05
  1.2239207369674E-02 -1.2222499438272E-02  1.8567617837001E-05 -4.7678160399659E-03
 -7.0054828442119E-05  1.2395461542171E-05 -1.2222499438272E-02  1.2395461542169E-05
  1.8339148272343E-02 -2.3279485056351E-02  1.2239207369674E-02 -7.0054828442119E-05
 -2.3342515656278E-02  1.8339148272343E-02 -6.6744382243171E-02  2.0894747281160E-04
  1.3712857371096E-01 -1.3693863591761E-01  3.2449941506544E-04 -2.5459628525976E-02
 -6.4489328058704E-04  1.7980870211729E-04 -3.6739973396856E-02  1.5206023906155E-04
  2.9731544355387E-02 -5.8337602075093E-02  3.6989841805544E-02 -5.7885986741951E-04
 -5.8987677722750E-02  2.9771751864916E-02 -2.8616458240710E-04 -1.0178050422280E-03
  5.2664587969897E-04  5.0988275173363E-04  5.7944147706993E-04  1.8267396998900E-03
 -1.0220769219848E-03 -1.0058075122932E-03 -2.6058755451432E-04 -9.7361969983313E-04
  2.9935238172345E-04  5.3647514751667E-04 -2.8878092775313E-04 -9.7484469318770E-04
  5.4183592716283E-04  2.8502745469673E-04 -1.7495328490099E-04  1.0248870876428E-03
  4.7146229959463E-04  5.7445427306280E-04 -4.6415935149470E-04  2.0254224279684E-03
  1.1197026737271E-03  1.1384459329495E-03 -3.3630984168260E-04  1.0913156654017E-03
  3.5171901486329E-04  5.4422371351976E-04 -1.1466693197754E-04  1.1417992824989E-03
  5.9074982064120E-04  3.7763561733649E-04 -1.1130359838969E-01  1.4308381776836E-03
  1.2378310167660E-01 -1.2257829571271E-01  1.4308381776836E-03 -5.7961712634673E-02
 -6.7800194340705E-04 -3.4899435314729E-04 -1.2257829571270E-01 -3.4899435314739E-04
  2.9101158355339E-03 -9.8152169337887E-02  1.2378310167659E-01 -6.7800194340740E-04
 -9.8200663081337E-02  2.9101158355428E-03 -3.7535295220113E-03 -9.4615160207152E-03
  4.6651662096118E-03  4.8383517988876E-03  9.4615160207161E-03  2.0509954103390E-02
 -1.1741915761776E-02 -1.1915021846769E-02 -4.8383517988875E-03 -1.1915021846770E-02
  1.9650376284315E-03  5.9932795857128E-03 -4.6651662096120E-03 -1.1741915761780E-02
  5.8180252585047E-03  1.9650376284315E-03 -5.2252357118046E-03  1.1525425168730E-02
  7.0115379725054E-03  4.6545779670063E-03 -1.1525425168730E-02  2.2734429399022E-02
  1.4324464727178E-02  1.1448938425365E-02 -4.6545779670056E-03  1.1448938425363E-02
  1.9098902261948E-03  6.0223853422537E-03 -7.0115379725058E-03  1.4324464727177E-02
  8.9348048571745E-03  1.9098902261948E-03 -1.9276193341858E-04  4.6930827203846E-05
 -1.7657275179675E-04 -5.2005476863910E-04  7.8649612953931E-05 -1.2808281926567E-04
  8.1087756278750E-05  2.2476491981455E-04  1.6377240714469E-04  2.9747136497230E-06
  1.1058985780805E-04  5.3111800857368E-04  4.6532190856837E-04 -7.1907951415076E-05
  6.0146392382944E-04  1.6880909527282E-03 -1.9276193341858E-04  7.8649612953931E-05
  4.6532190856836E-04  1.6377240714470E-04  4.6930827203846E-05 -1.2808281926568E-04
 -7.1907951415075E-05  2.9747136497224E-06 -5.2005476863907E-04  2.2476491981455E-04
  1.6880909527282E-03  5.3111800857372E-04 -1.7657275179675E-04  8.1087756278749E-05
  6.0146392382943E-04  1.1058985780806E-04 -1.0255883253715E-03  5.6751010260839E-03
 -3.5465770076700E-19 -2.8196205970876E-19 -1.0380506475410E-03 -2.9541792257757E-20
 -2.6450158435056E-05  5.6792086357562E-03 -1.8770747371388E-03  9.5810476867168E-03
 -3.8534063318047E-19 -3.7898886278332E-19 -1.7488863211882E-03  8.8838075280929E-03
  5.1571958745144E-20 -1.9111158532518E-19  3.3145998062799E-19 -2.1574594551749E-18
 -9.7538147120488E-04 -2.6641057961540E-05  2.6349611438177E-19 -7.5381401792154E-19
 -2.6641057961540E-05 -9.7538147120488E-04 -1.5129210686539E-03 -9.6500032516071E-21
  6.9769984861442E-04  9.0472686784530E-03  3.8802973971505E-19 -1.0598322893511E-03
 -1.1156539198654E-19 -5.3342947270663E-19  7.2147306190969E-04 -2.3919215044067E-20
  7.4686932305940E-05 -8.1982476428625E-04 -1.1100123270279E-03 -1.9142277282789E-20
  1.1181821744119E-03  8.0476155097324E-03  1.9905210923886E-05 -1.4669734327004E-05
  4.8643700351212E-20  2.3311707462016E-20  1.4669734327004E-05  1.7178891898453E-04
  2.6836964589504E-19  2.2814718124203E-19  1.6619647343676E-19 -3.6866275657958E-19
 -5.2450415138167E-05  6.4615133394462E-20  1.0695363257165E-19 -2.7857728513429E-19
  4.1116769735508E-20 -5.2450415138167E-05  4.7981161817942E-05 -3.4152565750907E-20
  4.6896212026968E-05 -4.6449719778149E-05 -1.8282741148009E-20 -5.5597744123040E-05
 -8.4712016249057E-20  2.7896070508646E-19  4.6896212026970E-05  1.1074831779536E-19
  1.9923273594231E-05 -4.7513991864425E-05  4.6449719778151E-05 -1.4580122569259E-19
  4.7513991864424E-05  1.4827763389652E-04 -4.1192444253662E-03  1.6107333035018E-02
 -7.8484710030061E-19 -1.7496572000368E-19 -7.4769950339612E-03  2.4006582275416E-02
 -7.3548291267727E-19  3.2174834730226E-19  1.9366259832993E-19 -1.2218171415406E-18
 -2.5143062363893E-03 -2.6717898794750E-05  3.2383854540863E-19 -3.8533065964008E-18
 -2.6717898794750E-05 -2.5143062363893E-03 -4.1554548387964E-03  1.9523606100636E-19
 -5.6782122166670E-05  1.6257918676187E-02 -1.6170671078797E-19 -2.5511319992036E-03
 -3.8116327962814E-20 -1.2174958635012E-18 -1.0249398084959E-04 -1.1884146066139E-20
 -2.6878086054514E-03  4.1251136893793E-04 -7.6154877829775E-03 -9.5611649732517E-20
 -2.3912429219217E-04  2.4455814640151E-02 -2.3329568176175E-02  5.5773442388367E-02
 -4.8341205145737E-18  6.7518503166376E-18 -5.5773442388367E-02  1.1265896131789E-01
 -3.3195571882799E-17  3.9427747830646E-18 -5.5095084995784E-18  1.5219734569060E-17
 -1.7641816225033E-02 -4.5697257025343E-19  7.3157107502242E-18 -2.2755145243869E-17
 -8.0181642749644E-19 -1.7641816225034E-02 -2.4511171051684E-02  2.0213248980236E-18
 -1.9553332793078E-03  5.7192621489235E-02 -3.9141375511465E-19 -1.7373318530814E-02
 -7.6616639406171E-19  5.6766551862226E-18 -1.9553332793078E-03  3.0797087560310E-19
 -1.9486293955977E-02  1.5572742362761E-03 -5.7192621489235E-02 -8.6004003464256E-18
 -1.5572742362761E-03  1.1357140967000E-01 -1.0617437497045E-04  1.2363931817014E-04
 -4.9959312129836E-05 -4.9959312129834E-05 -2.2264713627252E-05  6.3006351732727E-05
 -7.5359943738959E-05 -7.5359943738958E-05  3.9024758922997E-05 -2.9263861560485E-04
  1.7631167608974E-04  1.8414140300800E-04  3.9024758922992E-05 -2.9263861560484E-04
  1.8414140300801E-04  1.7631167608975E-04 -1.0617437497045E-04  2.2264713627253E-05
  3.9024758922997E-05 -3.9024758922991E-05 -1.2363931817014E-04  6.3006351732727E-05
  2.9263861560486E-04 -2.9263861560485E-04 -4.9959312129834E-05  7.5359943738961E-05
  1.7631167608974E-04 -1.8414140300800E-04  4.9959312129838E-05 -7.5359943738958E-05
 -1.8414140300800E-04  1.7631167608975E-04 -1.0233915450040E-03 -5.6645393101148E-03
  2.3036316598557E-20  2.3009877124938E-20  1.7938496048608E-05 -9.7670159135935E-05
 -9.7670159135934E-05 -5.3588295564732E-20 -4.9657544618127E-02 -1.3702506231725E-01
 -1.3702506231725E-01 -7.8267007164938E-19 -4.4562154461964E-06 -6.2408469605154E-05
  6.2408469605154E-05  1.2318900410545E-04 -2.6180498660295E+01 -2.2590589422822E-03
 -9.5810480836785E-03 -2.8207452315644E-20  1.5984326770072E-20  2.3934512875158E-03
  8.5481833338914E-03  2.1595978102416E-20  4.8100993542807E-20 -5.7136960761014E-20
  8.4136502258465E-19 -1.0808962932495E-03  9.2931779942217E-20 -1.7233481254868E-19
  3.9699235059024E-19 -4.3564753689382E-20 -1.0808962932495E-03 -5.8058082573709E-04
 -2.4026852494308E-03 -2.4026852494308E-03 -3.1227370155984E-19  9.3359173838912E-04
  3.1344559235539E-03  3.6884543920370E-03 -3.5076492723202E-21  9.3359173838912E-04
  3.6884543920370E-03  3.1344559235539E-03  2.3843385697425E-19  2.3351540960822E-19
  2.4104145719324E-19  7.9410049359283E-19 -3.7976013174533E-04 -5.9634247616256E-02
 -1.4143903379805E-01 -1.4143903379805E-01 -8.0485027982009E-18  2.9742824201955E-02
  4.6175267903810E-02  6.6279556082729E-02  5.0714308822542E-18  2.9742824201955E-02
  6.6279556082729E-02  4.6175267903811E-02  4.9654196888911E-18  2.1136524417369E-18
  6.2940685103765E-18  7.5241705595860E-18 -2.1374332346293E-02 -2.2036219558471E-04
 -2.7985353390067E-04  2.7985353390067E-04  4.4770470197565E-04  1.5290231515096E-04
 -4.9603347210060E-05 -3.1148621274137E-04 -3.1452070731691E-04 -1.5290231515096E-04
 -3.1148621274137E-04 -4.9603347210060E-05  3.1452070731691E-04 -4.6792257423685E-04
 -4.0733172061419E-04  4.0733172061419E-04  5.4977404211686E-04 -6.8089128963996E+00
 -2.5660444546175E-19 -2.0720813013444E-18 -1.6377803189366E-18 -2.6571597466715E+00
  5.6072962513541E-18  1.0291354379594E-17  1.4184556794244E-17  5.6240857160015E-18
 -4.3659883789842E-02 -1.8767703068756E-18 -5.0947218486396E-19  1.0285948331494E-17
 -5.8467138782048E-19 -4.3659883789807E-02 -6.2865823923111E-18  1.0680849629342E-17
  1.0564407318677E-18 -6.3929915732697E-18 -4.3659883789839E-02  1.1407363104909E-04
  1.2627595030046E-05  2.2586739565655E-20 -5.0353963269243E-21 -3.6928947370911E-04
  1.1585317941635E-04 -6.5681343298198E-20  3.8452234462300E-20  4.0313192205285E-21
  1.2027945692637E-19 -5.9676620641434E-05  1.4531816836748E-19 -3.1614363883527E-20
  1.2494089740501E-19  2.5255653712909E-20 -5.9676620641435E-05 -4.0427556414959E-03
 -1.6018438383515E-02  3.9866190215329E-19  7.6018699441328E-20  7.1579021268504E-03
  2.3737070363359E-02  2.0549824794498E-19 -1.1464073551506E-20 -4.0838464668766E-19
 -3.1645037581003E-19 -2.5267148879568E-03  1.7555323292062E-19 -6.9380207232186E-19
 -1.3220595355741E-18  1.5171613259986E-19 -2.5267148879566E-03  1.4093945609897E-05
  9.4581103500062E-05  9.4581103500061E-05  3.2678382587714E-20 -5.7869563271587E-04
 -9.2278225341041E-04 -9.2278225341041E-04  5.7357348906728E-19  2.4083611718203E-03
  3.1226929740467E-03  3.6840510170360E-03  5.3837228869515E-20  2.4083611718203E-03
  3.6840510170360E-03  3.1226929740467E-03 -8.6189300638497E-19 -1.1840681818666E-20
  5.3671657824564E-19 -1.7614317883819E-19 -3.7586419098521E-04 -5.9267052961822E-03
 -1.2221117760727E-02 -1.2221117760727E-02 -5.8884279489784E-19  1.2221061045595E-02
  1.8325802851664E-02  2.3267374907360E-02  1.3468780386335E-18  1.2221061045595E-02
  2.3267374907361E-02  1.8325802851664E-02  9.3295192255993E-19  3.9795260167499E-19
  2.0757683211303E-18  1.9423063252163E-18 -4.6971982608722E-03 -6.6607792931093E-02
 -1.3686959172470E-01 -1.3686959172470E-01 -1.6975782516642E-17  3.6611808613786E-02
  2.9682942569506E-02  5.8231607804412E-02  1.5997128033421E-17  3.6611808613780E-02
  5.8231607804414E-02  2.9682942569516E-02  1.6972401455596E-17  1.0231777965446E-17
  2.1662176003575E-17  8.3265118822648E-18 -2.4928086337548E-02 -3.0525260806187E-04
 -5.2479120756712E-04  5.2479120756714E-04  1.0169954865146E-03  2.9057244168106E-04
  2.7619061931772E-04 -5.4371953741679E-04 -9.8025536123930E-04 -2.9057244168106E-04
 -5.4371953741680E-04  2.7619061931772E-04  9.8025536123929E-04 -6.2785474891308E-04
 -1.0016724026759E-03  1.0016724026759E-03  1.7789503287579E-03 -5.4615896189626E+00
 -1.1867252130421E-19  2.3449983635574E-19  4.1782934224160E-19 -2.8252005883172E+00
 -3.4752229661064E-17 -4.0448282081814E-19  1.1870937598023E-17 -2.3653248409217E-17
 -8.3053343963705E-01  1.9756496921036E-17  2.0459447388584E-17  1.0962734771053E-18
  1.9402184019241E-17 -8.3053343963718E-01  2.9394346551091E-18  1.0067062872785E-17
  1.9910235089175E-17  3.2105411811571E-18 -8.3053343963708E-01 -2.3331007495616E+00
 -5.2560617552204E-17  6.7066906809727E-17  6.6661542548377E-17 -5.2581181416812E-17
  3.8279777518178E-02 -2.5228516789357E-17 -2.3198284249503E-17  6.7074781120373E-17
 -2.7953378962054E-17  3.8279777518178E-02 -8.5723678890497E-17  6.6620042855988E-17
 -2.2948568375570E-17 -8.6247469482492E-17  3.8279777518135E-02 -1.8804095395502E-04
  9.1134189051549E-04 -8.5556360884775E-21 -1.4693721133345E-20 -1.1939109527915E-03
 -6.6134351925799E-04 -6.4769937276346E-21 -3.1754162678219E-20  5.4658257950686E-03
  2.4942225829391E-03  2.3967840032062E-20  1.0935304943499E-19  2.3341782273799E-19
 -1.5245182561603E-20 -2.6333202341622E-04  3.7293129965976E-20  1.3913504343888E-19
 -1.3954235605001E-20 -3.5536402800781E-20 -2.6333202341622E-04 -3.8479386774652E-03
 -6.7565035778073E-03  4.1808701234565E-20 -4.8929035920920E-20  1.4426099287395E-02
  1.9668965730266E-02  1.1631379268737E-18  1.4657757437120E-18 -3.4552002011062E-19
 -6.2932384063462E-19 -1.9995683787664E-03  5.2146488983058E-19 -4.4825719157614E-19
 -4.6671462749329E-19 -5.6096314869366E-20 -1.9995683787662E-03 -2.3393738299040E-02
 -5.5273044391997E-02  3.5977255977937E-19  6.5950311081686E-19  5.7117573615413E-02
  1.1119080212444E-01 -7.8260107595906E-18 -1.0201052940100E-17  4.0181058777185E-18
  1.1998210652707E-17 -1.7271841768672E-02 -2.0154035582147E-18  5.0370907156140E-18
  1.3875248852407E-17 -1.0736035740689E-18 -1.7271841768670E-02 -7.3303305806098E-05
 -1.1718151000332E-05 -1.1718151000333E-05 -1.1718151000323E-05  5.5689781245237E-05
  7.4717987429034E-05  1.0898464792189E-04  1.0898464792189E-04  5.5689781245236E-05
  1.0898464792189E-04  7.4717987429039E-05  1.0898464792190E-04  5.5689781245236E-05
  1.0898464792190E-04  1.0898464792190E-04  7.4717987429037E-05 -4.9667953035767E-02
  1.3703162965860E-01  1.3703162965860E-01 -6.0277376783412E-19 -2.0569008091276E-05
  5.9033956013913E-05 -5.9033956013913E-05 -1.2657982547065E-04 -5.9516018362094E-02
 -2.9657545336586E-02 -2.9657545336585E-02  2.2760528018053E-18  1.4134735831429E-01
  4.6383104385240E-02  6.6075446364742E-02 -4.4060447222367E-19  1.4134735831429E-01
  6.6075446364741E-02  4.6383104385239E-02 -4.3108937717363E-19  4.7049829866619E-18
  2.9310277322446E-18  3.4530823551050E-18 -2.1325700312322E-02 -1.4299823869023E-04
 -1.0804059306768E-04  1.0804059306768E-04  3.1371416873826E-04  2.1565648688832E-04
  1.3081264895374E-05 -3.4462211617294E-04 -2.6374234934601E-04 -2.1565648688832E-04
 -3.4462211617294E-04  1.3081264895374E-05  2.6374234934601E-04 -3.3634880846473E-04
 -1.1699938725664E-04  1.1699938725664E-04  6.1483179930881E-04 -6.6620028397407E-02
 -3.6631058083312E-02 -3.6631058083317E-02 -1.0979643149849E-17  1.3689898505683E-01
  2.9536015205373E-02  5.8357525588802E-02  2.4544020271124E-17  1.3689898505682E-01
  5.8357525588819E-02  2.9536015205373E-02  2.3617455359202E-17  1.2653009433979E-17
  1.3045688318113E-17  7.9383870792211E-18 -2.4925948128599E-02 -2.9466854301437E-04
 -2.8493917937690E-04  2.8493917937690E-04  5.9518712461674E-04  5.3015666627112E-04
  3.0624526234546E-04 -5.6572191868901E-04 -1.0194241953073E-03 -5.3015666627111E-04
 -5.6572191868902E-04  3.0624526234547E-04  1.0194241953072E-03 -1.0270176242151E-03
 -9.9127681253902E-04  9.9127681253901E-04  1.8475879039354E-03 -1.0984621692064E-01
 -1.2232207010205E-01 -1.2232207010202E-01 -1.0453144257802E-16  1.2271712553122E-01
  2.7451531431159E-03  9.8447785923070E-02  1.3433441361897E-16  1.2271712553123E-01
  9.8447785923074E-02  2.7451531430751E-03  1.4188808909070E-16  3.1268476591364E-17
  3.3330513246876E-17  4.4675275503883E-17 -5.6978736075107E-02 -3.7279421517086E-03
 -4.8165832038689E-03  4.8165832038693E-03  9.3488088462075E-03  4.7463007876241E-03
  2.1318356464928E-03 -5.9996281906675E-03 -1.1756503258575E-02 -4.7463007876240E-03
 -5.9996281906679E-03  2.1318356464931E-03  1.1756503258573E-02 -9.7084205371332E-03
 -1.2246671323738E-02  1.2246671323740E-02  2.0387263136532E-02 -2.1957004159954E-04
  2.3900375530274E-04 -4.5706193974525E-04  8.2588454058140E-20 -1.7168099640779E-04
  1.2994367632558E-04 -5.5315474667639E-04 -3.2176693914112E-19  7.7572157389020E-04
 -1.1931710667449E-03  2.0561683850396E-03 -4.0947665194419E-19 -2.5363784445456E-20
 -3.2491574640936E-19  7.7588943907763E-20 -9.7398699657899E-05 -2.4112610228549E+00
 -2.7139869473089E-19  1.9384491279484E-19  2.1026963945912E-19 -1.7244514586115E+00
 -8.7259760500391E-18  5.9810787687714E-18  2.8037510518296E-18 -3.8835222282679E-18
 -5.0764131711946E-01  1.0841846578788E-18  1.1643176600653E-18  1.7486791232786E-18
  5.0635693470264E-19 -5.0764131711944E-01 -9.5006794314606E-18  3.4805529390192E-18
  1.0616118777696E-18 -7.8314485019280E-18 -5.0764131711945E-01 -1.4068458516619E+00
 -9.4789793106384E-17 -4.1273410706049E-17 -5.0736654210550E-17 -3.9075957850221E-17
 -1.4815701053525E-01  1.3763122018683E-17  1.1549274695480E-17 -2.1114250862354E-17
  1.1900389956857E-17 -1.4815701053494E-01  7.3664122191677E-18 -2.9368621362568E-17
  1.6952249397893E-17  1.0753016136144E-17 -1.4815701053523E-01 -4.7163126299727E-05
 -4.0041631991687E-20 -6.7755956833477E-05 -6.7755956833483E-05  8.5234721348617E-20
 -7.5049031920131E-07  3.2272079790133E-20  3.7376962539059E-20  5.5988622345744E-05
  2.4454880935083E-19  7.9489981100825E-05  1.1537364539057E-04  5.5988622345740E-05
  7.3960837840805E-20  1.1537364539058E-04  7.9489981100825E-05 -8.8243510827972E-01
  1.2366130113170E-16 -8.2960661969329E-17 -2.3418628858363E-18  1.2359070068433E-16
 -1.6660217788239E-01  3.2197719936362E-17  3.7173605746114E-17 -8.3052236134316E-17
  3.0294484040172E-17 -1.6660217788157E-01  9.0747960956742E-18 -2.3632740552817E-18
  3.3494905281015E-17  1.1487457156160E-17 -1.6660217788242E-01 -4.9175687689426E-04
 -5.7532223321591E-19 -1.5464575222136E-03 -1.5464575222134E-03  5.7026324783227E-19
 -6.1364287938155E-04  9.7488896726927E-19  9.9691378032007E-19  1.5464575222136E-03
  1.0449609316506E-18  4.0358081511755E-03  4.7098197163455E-03  1.5464575222134E-03
  1.1415205210814E-18  4.7098197163455E-03  4.0358081511744E-03  1.2605449654198E-03
  1.4698234855311E-21  4.2097228827625E-20  1.1906020412333E-03 -1.8576098537697E-02
  5.4719490519086E-20  4.5205257063741E-18  7.6271871020870E-02 -1.8611372910664E-01
 -2.3006267808408E-18  2.5695735916879E-17  4.7356297084541E-01 -1.3935804245298E-04
  1.5682329802149E-21 -9.2164711584663E-04 -5.5658445501634E-04 -5.2180402967637E-03
  1.3487275326868E-02  1.3487275326868E-02  1.4129736191048E-02 -5.6189460812452E-03
  1.4096583713737E-02 -1.4096583713737E-02 -1.4063323291893E-02  6.0152335385817E-04
  1.4033594247904E-03 -3.1479917355438E-19 -1.0827470134728E-04 -2.0469656697216E-02
 -7.3786600580369E-02  3.0654696271488E-19  6.3363624621191E-05 -1.8889586248870E-01
 -4.7193478367900E-01 -3.4843564224681E-19  5.0815201772680E-04  2.7742322674598E-04
 -2.3922871194945E-04 -4.0796371481389E-21  2.0388286421639E-04 -2.1560191641318E-04
  5.3876754203054E-04 -8.9148593564100E-04 -7.0500907891541E-06 -2.3840846827435E-04
  5.9729814919211E-04 -9.3169583115155E-20 -9.0972916869646E-04  7.3117802208404E-04
  4.1433937927667E-19 -3.3627771799072E-19  1.5334293047369E-03 -2.0515364224703E-02
  3.6264166394679E-19 -3.0540527645288E-19 -7.3942228117740E-02 -1.8931038556474E-01
 -8.6315224182681E-19 -1.2354208233395E-18 -4.7239276397918E-01 -2.3195904367400E-04
  8.4473417606804E-04 -9.8294176889217E-20  5.6926992088942E-04 -2.1917328462631E+00
 -3.5126643395671E-03 -8.7187213830156E-20 -3.6232421072327E-19 -1.0585798800285E-02
 -2.5190561061689E-02 -9.7621352766370E-20  1.1989298437656E-18  1.8298978725535E-02
  2.3452796075786E-19 -6.8913410468296E-03 -4.4113826701924E-20 -3.2130329357732E-19
 -3.6820247670057E-18  2.2795882436142E-21 -6.8913410468297E-03  2.6212568758298E-18
 -6.7437798153557E-02 -5.9928605562127E-20  3.6011160421803E-18  4.2054608256402E-02
 -6.5245918475971E-02 -1.9905173112975E-18  2.6055847486705E-18  9.2828123159471E-02
  4.5639881571521E-19 -2.4499822215691E-02  2.5890257035943E-19 -8.8086804515113E-18
 -5.3143511946522E-18  4.0387214678442E-19 -2.4499822215691E-02  8.2431416555126E-18
 -1.0244175590261E-01 -7.1188924320475E-18 -2.4609176028921E-18  2.7144493209219E-02
 -1.6883469435102E-01 -5.8326859843500E-19  1.3816971592590E-17  2.9651850813371E-01
  1.5287499676039E-17 -2.4213103675160E-02 -2.9107390669783E-18 -1.2228824714407E-17
 -1.7821765796607E-17 -1.7574779031730E-18 -2.4213103675159E-02  6.1682840712657E-17
 -6.9098985588791E-02  5.8929957807162E-18  1.3230664778226E-17 -5.3684517234470E-02
 -7.3670233299064E-04 -1.9190184578027E-19 -2.4673126956727E-03 -9.1478475220340E-04
 -2.2902190479041E-19 -6.3223278483592E-04  5.6554817992932E-20  2.2946698338028E-19
  1.5159918937351E-03 -2.5574736614701E-19  3.6988520178833E-03  1.0095021211283E-03
  5.0685974032490E-04  5.6811104089327E-20  2.5330581707872E-03  9.1187024096134E-04
 -2.5152771292017E-04  6.8800109326340E-04  6.8800109326340E-04  6.8899216568603E-04
 -5.5831016650398E-04  1.1237134801044E-03  1.3887102059699E-03  1.2511019136785E-03
 -5.5831016650398E-04  1.3887102059699E-03  1.1237134801044E-03  1.2511019136785E-03
 -7.2029905864774E-04  1.7757512208528E-03  1.7757512208528E-03  1.1956746987652E-03
 -2.4545856445156E-04  5.9292830118091E-04 -5.9292830118091E-04 -5.9161582251359E-04
 -5.0167423203380E-04  9.7580648422861E-04 -1.2318082577657E-03 -1.2357127557981E-03
  5.0167423203381E-04 -1.2318082577657E-03  9.7580648422860E-04  1.2357127557981E-03
  4.9293047063488E-04 -1.2205371535214E-03  1.2205371535214E-03  9.7383109296231E-04
 -1.1962974354639E-02  2.2560154277895E-02  2.2560154277895E-02  2.0154383948250E-02
 -7.7820022956398E-03  7.0447616111022E-03  1.2729864511572E-02  1.2995623275179E-02
 -7.7820022956402E-03  1.2729864511571E-02  7.0447616111023E-03  1.2995623275178E-02
 -1.1669783039587E-02  1.8337121632583E-02  1.8337121632583E-02  6.7410942986595E-03
 -1.0488726131338E-02  2.0177791321174E-02 -2.0177791321174E-02 -2.0251350234320E-02
 -7.8876383815718E-03  7.0293523709538E-03 -1.3008755986077E-02 -1.2891240755134E-02
  7.8876383815718E-03 -1.3008755986078E-02  7.0293523709529E-03  1.2891240755134E-02
  7.5525404175304E-03 -1.2745172721296E-02  1.2745172721296E-02  6.8327312958561E-03
 -5.5362331255913E-03  2.7203761796720E-02 -1.0004917375853E-19 -1.0311313973353E-06
 -3.0419596617314E-02 -4.3939400659940E-02  8.0208276803668E-19  3.1846865890406E-04
  1.0059063714633E-01  1.2683094382055E-01 -1.6677175127308E-18  8.6538724949877E-05
 -5.0698799178843E-19 -1.3705406329848E-18 -1.8779583684117E-02 -2.1982351378572E-19
  8.6066271863526E-04  7.5314195839951E-04 -1.0453084144382E-19 -1.7982125697940E-02
 -6.3391534316899E-02 -1.1324108153528E-01  2.4231846934694E-18 -4.5049049101001E-04
  1.1542027583513E-01  9.3818468441136E-02 -5.1056850645373E-18  2.7668495905980E-04
 -6.0516044728727E-18 -1.4208593506164E-17 -3.3595168093660E-02 -8.1277415191865E-20
 -4.5150105899481E-04 -1.2956319486271E-03 -6.2028779634513E-19 -3.4506933602850E-02
 -1.5941738178114E-01 -3.0547128930240E-01  1.1264273789421E-17 -2.0758752285445E-03
  5.2758168651350E-02 -2.7248520188216E-02 -2.7310003643281E-17 -8.0374711686391E-05
  8.0423784075822E-18 -3.3712824038790E-18 -2.7371686334170E-02 -1.6360215862223E-18
 -3.2456871168559E-03 -3.2443542808973E-03 -9.3747822036548E-19 -3.0655024947666E-02
 -2.1382689919805E-03  3.8112326002905E-03 -3.8516133483310E-19  5.2215637935381E-03
 -7.2640248364643E-04  8.1798269330912E-04 -1.9048810218492E-19  2.4314409354032E-03
 -1.1416560842050E-19  5.8255712088156E-19 -5.4627088173787E-04 -3.4399431912168E-19
 -5.3572675896126E-03  9.0094184623921E-03 -1.4544791431781E-19  1.1056371901647E-02
 -5.2807950829028E-04  9.8836232723317E-04 -2.5598547271678E-03 -7.0502367119485E-06
 -8.5705032704278E-04  1.0684707971136E-03 -2.7592342586612E-03  2.4342960594388E-06
  7.1526696751289E-04 -1.3763298770626E-03  3.8803980050688E-03 -1.2704773827017E-04
 -1.6884402214711E-04  1.2654108847963E-04 -3.3218103680320E-04 -6.6229474696978E-04
 -4.7355215234088E-04  8.6743594082118E-04 -1.1181265246204E-19 -2.4851239973145E-03
 -9.5865059950204E-04  8.8752024036178E-04  1.9465128293475E-19 -2.8939573918444E-03
 -2.7497908820828E-20 -1.8007525954108E-19 -6.0219227791238E-04  2.1392209089949E-19
  5.6925348617995E-04 -1.2749461745152E-03  8.9859440488249E-20  3.8272859939312E-03
 -5.5371585521526E-03 -6.1477024433029E-20 -3.6424050831932E-20  2.7203231897231E-02
 -3.0805632034316E-02  1.5541924255930E-19  6.9338238299742E-19 -4.4297585208077E-02
 -8.2989242120532E-19 -1.8762975132497E-02 -3.6864109914205E-19 -6.1110800723411E-19
  5.7880022508910E-19 -4.1373635102563E-19 -1.8762975132497E-02  7.4430990992717E-19
  1.0068096345451E-01  1.3572727192056E-18 -1.5018900698298E-18  1.2677813721118E-01
 -6.3213570436625E-02 -4.1751506661628E-19 -2.9285041472889E-18 -1.1268530283928E-01
 -5.4777792789185E-19 -3.3461683767556E-02  8.6369707892188E-19  4.0371805695921E-18
 -1.6925137380519E-18  6.2711665454883E-19 -3.3461683767551E-02 -4.6753339357894E-18
  1.1541737843978E-01  3.2294673172264E-18  6.1650444005085E-18  9.3797224584079E-02
 -1.5788168560790E-01 -1.2208356997833E-17  1.4721773188498E-17 -3.0378503580614E-01
 -3.8007963501182E-18 -2.7163652101302E-02  4.9544060421023E-20  4.4820239469266E-18
  3.4272757915762E-17 -1.5736260612501E-18 -2.7163652101292E-02  8.3945854098286E-17
  5.2247457997199E-02  1.3651513894133E-18 -2.6914204021868E-17 -2.8175659809452E-02
 -5.1601508387925E-04  2.8010249496362E-03  1.3122604874685E-19  9.3657249785030E-04
 -6.1819122558663E-04  3.8749944497443E-03 -1.6188579988487E-19  1.2717005400589E-03
  1.7189794847430E-19 -1.3584868796780E-19 -5.8786162751474E-04  2.1834932386812E-19
 -1.0100741517576E-03  3.6362261315575E-03  1.7917695730318E-19  1.0684899516436E-03
 -2.0126388156496E+00 -6.7062291884217E-18 -4.0097694040532E-18  7.9540650532981E-04
 -9.2222121289785E-01 -8.4928534582103E-18  1.1844296420681E-16 -3.5703981325051E-03
 -3.2105837568536E-18  8.4506356001991E-01  5.4167791952367E-18 -5.2409289089031E-18
  1.1284057446717E-16  5.0583931968698E-18  8.4506356001996E-01 -5.2988373527133E-18
 -3.5703981325051E-03 -5.2482548833094E-18 -4.5612716075723E-18  8.4113997916914E-01
 -5.4292682660087E-03  1.4079882041019E-02  1.4079882041018E-02  1.4079882041019E-02
  6.9609641919166E-04  1.4390458025804E-19 -2.8141274520981E-19 -1.5247001786025E-03
 -2.0496457540494E-02  1.0872872399080E-19  5.1765554080039E-19  7.3869436196792E-02
 -1.8919409491894E-01 -2.3208637998939E-18  1.2300747183304E-18  4.7231863149196E-01
 -2.2018475636884E-04  8.9221566118473E-04 -4.7224361621194E-05 -5.6149697057649E-04
 -5.6703680570719E-03  1.4093836703463E-02  1.4093836703463E-02 -1.4093836703463E-02
 -4.1962995241823E-06  1.4885551476303E-04  1.4885551476303E-04  6.5477832589269E-05
 -2.1901812959288E+00 -1.0900590485136E-03  7.2218999130267E-04  7.2218999130267E-04
  7.2218999130267E-04 -1.5676657139339E-03  1.2572949486702E-03  1.3532861836155E-03
  1.3532861836155E-03 -1.5676657139339E-03  1.3532861836155E-03  1.2572949486702E-03
  1.3532861836155E-03 -1.5676657139339E-03  1.3532861836155E-03  1.3532861836155E-03
  1.2572949486702E-03 -1.1351372181019E-02  2.0319599920828E-02  2.0319599920827E-02
  2.0319599920827E-02 -8.9920947314655E-03  7.4177438404651E-03  1.3060931266521E-02
  1.3060931266520E-02 -8.9920947314661E-03  1.3060931266521E-02  7.4177438404653E-03
  1.3060931266520E-02 -8.9920947314655E-03  1.3060931266520E-02  1.3060931266520E-02
  7.4177438404650E-03 -5.5370272069372E-03  9.5308599158517E-20 -1.2066949312076E-19
 -2.7203551631779E-02 -3.0671190963020E-02  9.5052820128484E-19 -9.3829414257927E-19
  4.4244838848635E-02  6.3318891433798E-19 -1.8543472476133E-02  1.8288484297153E-04
  3.3237815453743E-19 -1.0961097415174E-18  1.8288484297153E-04 -1.8543472476133E-02
  1.3960400812490E-18 -1.0056695487942E-01 -2.1076906590529E-19  2.6153841396820E-19
  1.2672977581230E-01 -6.3188157908721E-02 -3.8167611399118E-18 -4.6128336903906E-18
  1.1270241341679E-01 -2.2117059479310E-19 -3.3423866562385E-02  2.7495595383181E-05
 -3.2923940034496E-18 -4.2824992807972E-18  2.7495595383182E-05 -3.3423866562383E-02
  2.4589968930858E-17 -1.1526621163123E-01  4.9343178031531E-19 -1.0504209088088E-17
  9.3465534739864E-02 -1.5798747982971E-01  1.2144445530988E-17  2.2536040493534E-17
  3.0328939306860E-01  1.0878488489654E-17 -2.7563046003025E-02 -4.9283338302884E-04
 -3.2403798144100E-17  2.6538731182052E-17 -4.9283338302885E-04 -2.7563046003005E-02
 -1.2125187234565E-16 -5.2697976434170E-02  1.6616038411501E-17  3.8741920637029E-17
 -2.7330642719103E-02 -5.2204943492720E-04  2.5773245318735E-03  1.1060156788864E-04
 -9.3342094670317E-04 -7.0496581155804E-04  4.0281113969342E-03  1.3330852266021E-04
 -1.2766570795629E-03  9.8697652129483E-05 -1.8054030773532E-04 -7.4283553922092E-04
  6.7070304442670E-06  9.2446473919926E-04 -2.8980402326279E-03 -1.5632054353954E-04
  1.0808284599784E-03 -2.5215158012642E-04  5.9456474737482E-04  5.9456474737482E-04
 -5.9456474737482E-04 -4.9418200316741E-04  9.7845007207225E-04  1.2216215166351E-03
 -1.2216215166351E-03 -4.9418200316741E-04  1.2216215166351E-03  9.7845007207226E-04
 -1.2216215166351E-03  4.9418200316740E-04 -1.2216215166351E-03 -1.2216215166351E-03
  9.7845007207225E-04 -1.0384875541847E-02  2.0149786298093E-02  2.0149786298096E-02
 -2.0149786298093E-02 -7.7618358090856E-03  7.1343727183937E-03  1.2885697474936E-02
 -1.2885697474934E-02 -7.7618358090858E-03  1.2885697474934E-02  7.1343727183939E-03
 -1.2885697474934E-02  7.7618358090853E-03 -1.2885697474934E-02 -1.2885697474936E-02
  7.1343727183940E-03  4.5067948648010E-06 -1.1856880279648E-04 -1.1856880279648E-04
  3.2876974637120E-05 -2.6529242303795E-03  5.8456707108172E-03  5.8456707108171E-03
 -2.7215996968747E-04 -5.9242096067586E-03  1.0962762621595E-02  1.2272199523306E-02
 -3.4211665632368E-04 -5.9242096067587E-03  1.2272199523306E-02  1.0962762621595E-02
 -3.4211665632367E-04 -1.1155800590314E-04  1.5131301297807E-05  1.5131301297807E-05
 -2.5419877270712E-03 -2.0122565989408E+00 -1.2459327635141E-17  1.4048120335137E-17
  6.0580951296767E-18 -9.1968834307710E-01  5.4628681821694E-17  4.0791896517012E-17
  1.0780528790028E-17  7.5967090317848E-17  8.4624119943019E-01 -5.2770089556517E-18
 -5.2414856152952E-19  6.6509119629969E-17 -6.3173728532462E-18  8.4624119943019E-01
 -1.1272223420752E-18  3.5859742196596E-17 -1.3758417503681E-18 -9.1785270299764E-19
  8.4624119943019E-01  2.8619823624819E-04 -1.8447945437969E-04  8.8410156463541E-20
  6.4827721785957E-04 -1.1599791311836E-05  1.2723705189839E-04 -1.1331367031096E-19
  1.8666280175507E-04 -4.0387579453046E-03 -5.7801785896522E-03  9.0742458772066E-20
 -9.4857067497072E-03  9.4857067497072E-03  1.0496571455305E-02  8.3140680406739E-19
  2.1121328282145E-02 -8.1068038699360E-20 -5.1793518316707E-19 -2.2369507142355E-03
 -1.2094914929047E-18  5.7801785896522E-03  1.2375133599048E-02  4.7281832317966E-19
  1.0496571455305E-02 -2.5991313959931E-03  5.8737688948389E-03 -2.9422867473184E-19
  5.7189828979636E-03 -5.7189828979635E-03  1.0744104080111E-02 -4.5090595015509E-19
  1.2353610383163E-02 -4.0262867575921E-20  1.0810467273164E-19 -2.2418975393305E-03
 -1.9567479313131E-19 -5.8737688948389E-03  1.2198787451612E-02  7.3237200614413E-20
  1.0744104080111E-02  3.7578507879930E+01 -2.8230878520966E+00 -1.7588694368157E-18
  1.2470022433546E-18 -1.1540899063224E-18  2.4494449684718E+00 -1.5386300224193E-18
  3.8863900446899E-18 -1.3062530923941E-17 -1.5549880645676E-18  6.1253123530875E+00
 -7.1052511550943E-18 -1.5218338804328E-18  3.8596692904225E-18 -6.1943231153795E-18
  6.1253123530875E+00 -5.4102933523407E-18 -9.6370396000819E-18  8.4076734839520E-19
 -5.5050706110403E-18  6.1253123530875E+00  2.7825789972591E-01 -1.7762044818110E-19
  2.8244856005534E-19 -2.8798706645041E-19  8.6883018598039E-01  6.3783417976589E-18
  1.2726875223881E-17 -4.4800300650671E-18  4.8367085749270E-18  9.9591288934485E-01
  1.3570356403738E-18 -2.3742411650000E-18  1.0229842430032E-17  1.2093422853006E-18
  9.9591288934484E-01  1.0853896952485E-17 -9.6440117336787E-19 -2.9571712067988E-18
  1.0874036705572E-17  9.9591288934485E-01  7.1455751301246E-01  3.8771236876591E-17
  3.3310597404186E-17  4.3951437418732E-18  3.8773341662593E-17  1.1127601860558E+00
  1.1076601841935E-17  1.2126275460856E-17  3.3309705726945E-17  1.1566321792478E-17
  1.1127601860558E+00  9.0496823340477E-17  4.3822627646141E-18  1.2739828101243E-17
  9.0568699010167E-17  1.1127601860558E+00  4.6195168180848E-02 -9.2751228503721E-20
 -3.6708358249182E-20 -1.8158807775593E-19  2.0550988827511E-01 -7.7107891047409E-19
  4.0216392596006E-18  7.3658958594986E-19  7.4174290887947E-19  1.3440015649961E-01
  5.6518376624307E-19  1.7994825420723E-18  2.1369943770726E-18 -4.2970200823813E-20
  1.3440015649961E-01  6.5291689001153E-18 -1.2623981404506E-18  1.3469467642948E-18
  6.3380163411098E-18  1.3440015649962E-01  2.6126832853823E-01  3.1701878355985E-17
  3.8074494191015E-17 -1.1262116129876E-17  1.0897196973262E-17  3.1490688602388E-01
 -9.1081686231587E-18 -6.2387370752601E-18  2.3320511926234E-17 -8.3937099973978E-18
  3.1490688602379E-01  6.0200656412974E-17 -3.6695697185641E-18 -4.0183573095917E-18
  5.9187158626703E-17  3.1490688602396E-01  1.8146156375631E-04  3.7591681274493E-20
  2.3836837492366E-04  2.3836837492366E-04 -5.5442128217013E-20  5.4878919926401E-06
 -5.5046393235076E-20  8.2569280098570E-20 -2.4865486563366E-04 -7.4564916720744E-20
 -2.7395559939782E-04 -2.7298384238884E-04 -2.4865486563366E-04  1.9053766853954E-20
 -2.7298384238884E-04 -2.7395559939782E-04  8.9063577852174E-02 -5.1350798127419E-17
  3.1589920424974E-17 -5.9494563228548E-17 -5.1125174567958E-17  5.4777945436463E-02
 -7.0940527312292E-17 -5.5776822514433E-17  3.1165314817171E-17 -7.5068680280482E-17
  5.4777945436193E-02 -9.6451765664301E-17 -4.6054327304108E-17 -5.2659489006659E-17
 -9.7891214044231E-17  5.4777945436420E-02 -1.3156461645106E-04 -4.1546764720854E-19
 -1.1144914735903E-03 -1.1144914735902E-03  4.7493140061755E-19 -5.9640654745452E-04
  6.6087726100830E-19  8.7150080503219E-19  1.1144914735903E-03  1.4338211805129E-18
  3.5379055323816E-03  4.1231201298238E-03  1.1144914735902E-03  7.2000246737929E-19
  4.1231201298239E-03  3.5379055323815E-03 -1.0276054634808E-04 -2.8991980163169E-04
 -2.8991980163169E-04  3.2769470001553E-21 -4.9746629095487E-02 -1.3709473360620E-01
 -1.3709473360620E-01  5.8697067124174E-18 -1.6564900808285E-05 -6.3511663428215E-05
  6.3511663428215E-05  1.2716310213271E-04 -2.6180836808552E+01 -1.7759988123923E-03
 -4.1644945845071E-03 -4.1644945845071E-03  9.8669264482338E-20  3.7869767236927E-03
  6.2550947899278E-03  6.9066358068773E-03  8.0950177681095E-20  3.7869767236927E-03
  6.9066358068773E-03  6.2550947899278E-03 -8.2873724673695E-20  3.3252495411449E-20
 -7.6411192648913E-19  4.2499159131118E-19 -1.2706984226294E-03 -6.0603130089900E-02
 -1.4258168281308E-01 -1.4258168281308E-01 -7.3036925172876E-19  3.2125930176122E-02
  4.8362558827509E-02  6.8408031092611E-02  1.6615536405130E-18  3.2125930176122E-02
  6.8408031092611E-02  4.8362558827511E-02  1.3073659112355E-18  1.0126415123458E-18
  1.9832902355389E-18 -3.0361398218287E-19 -2.1933248056540E-02 -1.9326858936257E-04
 -2.2994054325679E-04  2.2994054325679E-04  4.8598437202392E-04  1.4920671741571E-04
 -7.2842074555571E-05 -3.4978202617112E-04 -3.1850137160593E-04 -1.4920671741571E-04
 -3.4978202617112E-04 -7.2842074555572E-05  3.1850137160593E-04 -3.6895465718099E-04
 -2.9584417300221E-04  2.9584417300221E-04  6.4066951252307E-04 -6.8086572140274E+00
 -2.2202844869615E-18 -1.3599783158356E-18 -6.0488500939207E-19 -2.6557685757068E+00
 -2.7563586471515E-19 -4.3853514810244E-18  3.4366902832703E-18 -3.6518308935442E-18
 -4.0395914473140E-02  3.3291938164200E-03 -9.0712944423015E-18 -4.3486811025080E-18
  3.3291938164199E-03 -4.0395914473168E-02  3.6779733772719E-19  3.4578399043990E-18
 -8.9632135969092E-18 -5.0390028873873E-19 -4.3733608953460E-02 -4.9838558484932E-05
  1.7497292309662E-04  1.7497292309662E-04 -2.4771148238541E-20 -6.7372784983117E-04
 -6.5464632896101E-04 -6.5464632896101E-04  1.0191571172381E-19  2.0653426869125E-03
  1.7227696465865E-03  1.9360614620483E-03 -1.6903334400983E-19  2.0653426869125E-03
  1.9360614620483E-03  1.7227696465865E-03 -8.3963241018022E-20 -3.5259359124380E-19
 -5.1085154610608E-20  3.5864516172200E-20 -2.9970570506052E-04 -6.0745604861178E-03
 -1.2068042364316E-02 -1.2068042364316E-02  6.1134570553385E-19  1.1906520924307E-02
  1.7177856371092E-02  2.1820385948762E-02  7.6567851276006E-19  1.1906520924307E-02
  2.1820385948763E-02  1.7177856371091E-02  3.0084578729114E-19 -5.9311920307884E-19
  1.1075931057308E-18 -1.7623995360517E-19 -4.6797911795279E-03 -6.6780971260355E-02
 -1.3687635456787E-01 -1.3687635456785E-01 -1.3527505970872E-17  3.6508010147300E-02
  2.9206813612125E-02  5.7740625956294E-02  1.5215558465853E-17  3.6508010147303E-02
  5.7740625956276E-02  2.9206813612125E-02  1.4357090098849E-17  5.2656270744313E-18
  2.5235291158403E-17  5.2400672886505E-18 -2.4969799167305E-02 -2.8616926764042E-04
 -5.1343363697872E-04  5.1343363697872E-04  1.0197635175245E-03  2.7692225201906E-04
  2.7073259441567E-04 -5.3949300211573E-04 -9.7838068235977E-04 -2.7692225201906E-04
 -5.3949300211571E-04  2.7073259441566E-04  9.7838068235979E-04 -6.0438259824439E-04
 -1.0215259321013E-03  1.0215259321013E-03  1.8212510460778E-03 -5.4614262910546E+00
  6.7805960151528E-20 -4.8710291954959E-20  5.8787492116970E-19 -2.8242752239035E+00
  8.6459502687227E-18 -1.1642800799445E-17 -3.6799290625437E-18  1.1325682516130E-17
 -8.2924922347560E-01  1.3184352983024E-03  3.9872261314094E-18 -8.1024610658075E-18
  1.3184352983024E-03 -8.2924922347563E-01  7.8511689287489E-19  6.2154405363128E-18
 -3.1446768918284E-18  1.7125460610063E-18 -8.3054700604095E-01 -2.3324849606534E+00
 -1.4302685279676E-17 -1.2629251646614E-17 -3.4845738251613E-17 -1.5209374120075E-17
  3.8792410395306E-02  5.5753940338861E-04 -8.0095509647743E-17 -1.2799247131914E-17
  5.5753940338863E-04  3.8792410395335E-02 -3.1207931802822E-17 -4.8758343820520E-17
 -8.1219318889150E-17 -3.0223887008763E-17  3.8347823800507E-02 -1.0361742406698E-03
  1.4439805142059E-03  1.4439805142060E-03 -3.7607406589260E-20  3.4075536142333E-06
  2.8004898192606E-06 -2.8004898192607E-06 -3.5182596664106E-06 -6.2966391175149E-03
 -2.0279335162691E-03 -2.0279335162691E-03 -1.4149692167936E-19  7.3067001764242E-03
 -1.2726993199608E-03  1.6632736156189E-04  1.5114224955269E-19  7.3067001764239E-03
  1.6632736156204E-04 -1.2726993199608E-03  1.1899245029542E-18  2.8991705256267E-18
  1.4881441867993E-18  1.4988713100988E-18 -1.5071680553067E-03  1.3636648885958E-05
 -2.1612803975388E-06  2.1612803975387E-06 -2.3371656278191E-09  3.8944066591142E-05
  3.7547410988546E-05 -6.7521354975965E-06 -4.7371416163977E-05 -3.8944066591142E-05
 -6.7521354975957E-06  3.7547410988546E-05  4.7371416163977E-05 -7.0398900074748E-05
 -5.1550431548155E-05  5.1550431548155E-05  7.9089423899542E-05 -1.6656603077849E-02
 -1.3501598695727E-02 -1.3501598695731E-02  2.9655670877334E-18  1.4194869298901E-02
 -7.9831900545915E-03  5.3912691598130E-03  1.3447221455446E-17  1.4194869298899E-02
  5.3912691598094E-03 -7.9831900545799E-03 -1.9476576721659E-19  1.3387845711005E-17
  1.8908139766185E-17  1.1752718971036E-17 -8.3200756848677E-03 -7.7961541127572E-05
 -1.4258960681389E-04  1.4258960681389E-04  2.8392883041361E-04  3.2094396092693E-04
  3.6137850154313E-04 -2.3145314096109E-04 -7.9531015852928E-04 -3.2094396092695E-04
 -2.3145314096108E-04  3.6137850154313E-04  7.9531015852927E-04 -6.0212520196141E-04
 -7.2627839981848E-04  7.2627839981847E-04  1.3016419983659E-03 -7.7596374963794E-02
 -1.1031856636305E-01 -1.1031856636311E-01 -4.1577409916441E-17  4.5937202594296E-02
 -1.5474112940810E-02  7.1481513577464E-02  1.1515665998413E-16  4.5937202594294E-02
  7.1481513577485E-02 -1.5474112940792E-02  6.9412451331539E-17  8.9423309346670E-17
  1.1267942191830E-16  1.0530135479094E-16 -4.8315226656691E-02 -3.4330640121789E-03
 -4.5938664981711E-03  4.5938664981711E-03  9.0893246373269E-03  4.5489317951357E-03
  2.2403615598110E-03 -5.7431448874865E-03 -1.1580070568436E-02 -4.5489317951356E-03
 -5.7431448874857E-03  2.2403615598113E-03  1.1580070568436E-02 -8.9762022566051E-03
 -1.1549316735830E-02  1.1549316735832E-02  2.0030274154720E-02 -1.2375442974098E-04
  1.3123358096850E-04 -3.7468814807401E-04 -5.1959790403523E-20 -1.8467542657294E-04
  1.3033961050615E-04 -5.6932253380244E-04  1.3531450592209E-19  3.3976182676413E-04
 -4.6682390489936E-04  1.3891376802401E-03  2.5657853431664E-19 -7.7655137909889E-20
  4.8550128960093E-20  1.5656471196423E-20 -6.6389415368114E-05 -2.4111997618159E+00
 -2.2313191854147E-19 -5.9325966580104E-20  4.2412665731504E-19 -1.7245285899261E+00
  1.0274679594559E-17 -5.3595543689479E-18  1.9771539136495E-18  5.2698674364468E-18
 -5.0903873390184E-01 -1.4288567042338E-03 -1.5345154074075E-17 -2.3735856338851E-18
 -1.4288567042337E-03 -5.0903873390187E-01  4.7458678954779E-19  1.5472113167263E-18
 -1.7600519990083E-17  9.9713631945907E-18 -5.0765704476093E-01 -1.4066118701223E+00
  4.4024220321891E-17  4.1614315494078E-19  3.0149592630869E-17  2.0763847263279E-17
 -1.4776537566031E-01  3.4818192351594E-04  4.9897543902325E-17  1.4614031995940E-18
  3.4818192351670E-04 -1.4776537566042E-01 -4.8668527325836E-17  5.5134705587052E-18
  2.9726901310408E-17 -8.2496396340175E-17 -1.4802975271192E-01 -3.9201838577882E-05
 -4.4894554248787E-06 -5.5076838564726E-05 -5.3475202128784E-05  4.6801829962185E-07
  7.2310024931270E-06  4.7492100673670E-06 -6.6044926102970E-07  5.7708411735113E-05
  3.5501104405677E-06  1.0483532920595E-04  1.1723659412720E-04  5.8803290987212E-05
  5.2738936965148E-06  1.2218930633764E-04  1.0009108066223E-04 -3.8232394019537E-05
  4.9594461882510E-05 -4.9594461882511E-05 -5.1195030277871E-20 -5.7302250051413E-05
  1.0085403717899E-04 -1.1938394486515E-04 -8.0559312327261E-20  5.7302250051415E-05
 -1.1938394486514E-04  1.0085403717898E-04 -2.5969652258545E-19  5.9518490220725E-20
 -2.5819977653566E-19 -4.2786699998321E-20  2.3292922581478E-06 -2.3451567112127E-05
 -3.9215796528264E-05 -3.9215796528267E-05  1.7772146448839E-20  6.0541789591019E-05
  1.3515928972003E-04  1.5426710454245E-04  6.6716885000625E-20  6.0541789591019E-05
  1.5426710454245E-04  1.3515928972002E-04 -8.0213690364648E-20 -1.0851610356418E-19
 -1.3660893432808E-19 -7.9574089028672E-20 -1.0663906450068E-05 -8.7667435307663E-01
 -4.4668607423412E-17  3.2100253605311E-17 -1.0201708344782E-17 -4.4562269144397E-17
 -1.4247754064677E-01  2.2971607858565E-02  1.5573780656388E-16  4.5632578837041E-17
  2.2971607858565E-02 -1.4247754064641E-01 -1.2600752280357E-17 -1.0692656237469E-17
  1.4562328183841E-16 -9.0741403845385E-18 -1.6509034010180E-01 -4.5742656797638E-04
  1.8610829620286E-05 -1.4878755447221E-03 -1.5059827453045E-03 -1.8610829620286E-05
 -6.3127535546748E-04 -4.3038445213172E-05 -1.9744932052133E-05  1.4878755447221E-03
 -4.3038445213172E-05  3.9401340812289E-03  4.5837340667051E-03  1.5059827453045E-03
 -1.9744932052134E-05  4.5837340667051E-03  3.9897663780179E-03 -4.7812742396072E-04
  1.5297818774072E-03 -1.5297818774073E-03 -4.5986375928213E-19 -1.5297818774072E-03
  4.0371067257390E-03 -4.6122017431254E-03 -1.0289559787495E-18  1.5297818774073E-03
 -4.6122017431254E-03  4.0371067257387E-03  5.4778285954662E-19  4.2421497290303E-19
 -8.3328303564077E-19  9.0590458672293E-19 -6.0312704471417E-04 -4.3628932898216E-04
 -1.0079868896370E-03 -1.0079868896369E-03 -5.6764546915689E-19  1.0079868896370E-03
  1.9810439209301E-03  2.4029998495165E-03  1.0983847227985E-18  1.0079868896369E-03
  2.4029998495165E-03  1.9810439209305E-03  9.0129187965877E-19  5.8199960423634E-19
  1.0696346905195E-18  1.2038088277382E-18 -3.8751998417089E-04  1.7139720585786E-05
 -5.9977659349872E-06  9.0375900016342E-05 -9.5251317013383E-05 -4.9666852744987E-02
  1.1345332076162E-05  1.3703072908537E-01 -1.3701909222526E-01 -1.3139405276647E-05
 -1.2291358445935E-04  6.1539499077506E-05  6.1533877748079E-05 -1.8019703519481E-05
  1.2349091509699E-04  6.4770166852897E-05  6.0799375765188E-05 -5.6510765562504E-04
 -2.4839263401681E-05  2.3731917742061E-03 -2.3934475517011E-03 -8.8670852447038E-06
 -3.4140561562814E-04  3.1378384748024E-05  2.1305456748187E-06 -9.1803774171284E-04
 -1.0572539133370E-05  3.1358558503795E-03 -3.6633026705520E-03  9.1148441795663E-04
  3.8942374596279E-05 -3.6291747615962E-03  3.1498832967299E-03 -5.9692579529557E-02
  1.9653667188601E-04  1.4168017988261E-01 -1.4150063948217E-01  2.8129532005042E-04
 -2.1817359701883E-02 -5.3903160564706E-04  1.1182053616371E-04 -2.9722321033934E-02
  6.2121145737149E-05  4.6302002730383E-02 -6.6214804635864E-02  2.9961009407011E-02
 -4.6875815209398E-04 -6.6753127986034E-02  4.6371486323606E-02 -1.7198245574516E-04
 -4.6095055955440E-04  2.0560641186227E-04  2.1859234432010E-04  3.4008176083374E-04
  6.1532892094949E-04 -2.6734285359775E-04 -2.9325010389297E-04 -1.4438982280618E-04
 -3.2057077955445E-04 -4.5431269386985E-05  3.0599977763949E-04 -1.1421427361447E-04
 -2.9596217646051E-04  3.0267581803774E-04 -5.2466777231732E-05 -1.3409170676859E-04
  4.4575573883863E-04  1.6560414010577E-04  2.5818647822578E-04 -2.6598396659465E-04
  6.4698055381346E-04  2.2736080345633E-04  3.8987275032337E-04 -1.8817968940905E-04
  3.8953134768694E-04  2.1719481856933E-05  3.0466588051735E-04 -6.6224927298911E-05
  3.4782163092723E-04  2.3862223159722E-04  7.1500748470908E-05 -5.9270605993909E-03
  3.6557121874026E-06  1.2225457024097E-02 -1.2222523883503E-02  3.6557121874046E-06
 -4.6974002739656E-03  8.9224638370071E-07  2.9063821193355E-06 -1.2222523883503E-02
  2.9063821193339E-06  1.8331533666037E-02 -2.3269601531202E-02  1.2225457024097E-02
  8.9224638370131E-07 -2.3270206500038E-02  1.8331533666038E-02 -6.6645805763838E-02
  3.2820560320104E-05  1.3689970480883E-01 -1.3687209592526E-01  2.4853094767785E-05
 -2.4929425834840E-02  3.0408639036062E-05 -2.2543939389077E-05 -3.6649737660301E-02
 -2.2503537775819E-06  2.9607646872717E-02 -5.8291508377750E-02  3.6661085604567E-02
  1.5195270170685E-05 -5.8251253461066E-02  2.9602397933585E-02 -2.9612321211651E-04
 -1.0346750813007E-03  5.1370676873717E-04  5.1824040486811E-04  6.0545646757939E-04
  1.8358652727087E-03 -1.0169892308363E-03 -1.0284315132403E-03 -2.8105896517906E-04
 -9.9034394154188E-04  2.7664580853349E-04  5.3525089112110E-04 -2.6645676620051E-04
 -9.7933358499898E-04  5.3594275487616E-04  2.7091096303082E-04 -2.8911196446782E-04
  1.0430960024588E-03  5.1603759301633E-04  5.2959719719400E-04 -5.9136458919399E-04
  1.8604932235231E-03  1.0369864677177E-03  1.0435158673796E-03 -3.0253000464555E-04
  1.0133954362618E-03  3.0112705749490E-04  5.3389970392066E-04 -2.6960974206727E-04
  1.0212847959505E-03  5.5366335214981E-04  3.0584006527814E-04 -1.0777054334545E-01
 -3.6623085268658E-03  1.1807969961307E-01 -1.2165556931752E-01 -3.6623085268658E-03
 -4.8951228539397E-02  8.6026306775399E-03 -1.1177171329201E-03 -1.2165556931751E-01
 -1.1177171329202E-03  2.3700220016486E-03 -9.7807522124071E-02  1.1807969961306E-01
  8.6026306775396E-03 -8.8266975223795E-02  2.3700220016575E-03 -3.6250846965193E-03
 -9.2801514803298E-03  4.7277810100194E-03  4.6771807350414E-03  9.2801514803307E-03
  2.0313217929017E-02 -1.1730009835645E-02 -1.1658447898189E-02 -4.6771807350413E-03
 -1.1658447898189E-02  2.1843528037371E-03  5.9630747601883E-03 -4.7277810100196E-03
 -1.1730009835649E-02  6.0004946562279E-03  2.1843528037371E-03 -3.1176879540746E-03
  7.6556488099327E-03  3.3802648165487E-03  4.3311236135427E-03 -7.6556488099331E-03
  1.5710222596735E-02  7.6447652117233E-03  1.0840876452707E-02 -4.3311236135420E-03
  1.0840876452705E-02  1.5595642887162E-03  5.9265960275737E-03 -3.3802648165491E-03
  7.6447652117228E-03  2.6686676840942E-03  1.5595642887161E-03 -1.3409941204495E-04
  1.4558640127035E-06 -1.3710912203584E-04 -3.8027699782827E-04 -6.3916418606333E-06
 -8.5252390691372E-05 -1.8474649889367E-05 -5.4036378920508E-06  1.4079115353157E-04
  4.0623482309524E-06  1.0665301918582E-04  5.0534885184376E-04  3.6920564480245E-04
 -9.0137819094279E-06  4.8724257293507E-04  1.4112911683350E-03 -1.3409941204495E-04
 -6.3916418606323E-06  3.6920564480243E-04  1.4079115353158E-04  1.4558640127033E-06
 -8.5252390691379E-05 -9.0137819094270E-06  4.0623482309521E-06 -3.8027699782824E-04
 -5.4036378920498E-06  1.4112911683349E-03  5.0534885184381E-04 -1.3710912203584E-04
 -1.8474649889367E-05  4.8724257293506E-04  1.0665301918583E-04 -1.0221255418618E-03
  5.6741580502515E-03 -3.1772833983594E-19 -3.2486418678288E-19 -1.0259861165335E-03
 -1.5773399587514E-20 -7.7535628416636E-06  5.6824344792019E-03 -1.9699084600170E-03
  9.6915073229791E-03 -4.4422818781774E-19 -3.0938067680577E-19 -1.8496503473845E-03
  8.9051238749714E-03  3.7384523813014E-20 -1.9179380817042E-19  2.3896165418516E-19
 -2.1478503243270E-18 -1.0648113242880E-03 -1.0428373905292E-05  1.8534665389194E-19
 -6.8727121506731E-19 -1.0428373905292E-05 -1.0648113242880E-03 -1.9911311721014E-03
  4.6480047448909E-20 -4.6155986578111E-05  9.8110874811776E-03  3.6166776999980E-19
 -1.0728889479321E-03 -9.2330868358382E-20 -5.5128487870654E-19 -1.0161026867057E-04
  1.9446549200347E-19 -1.1543894455490E-03  3.1955234278350E-04 -1.9426595076138E-03
 -8.9233504873021E-20 -1.4429038472767E-04  9.2329478161520E-03  1.8366151836863E-05
 -1.0281935798835E-05  2.9387371534012E-20  3.6326027988563E-20  1.0281935798835E-05
  1.7255509233900E-04  3.2305323110221E-19  1.5670172432723E-19  2.9083722131340E-20
 -3.9418875160587E-19 -5.3068110418886E-05  5.8775513846839E-20 -9.6913695736048E-22
 -1.8929202624471E-19  1.1625918227790E-19 -5.3068110418887E-05  2.1097237129192E-05
 -2.4786293079143E-20  1.8182590808479E-06 -1.0728453488969E-05 -2.0449320807210E-20
 -5.2350684209854E-05 -6.5973342561996E-20  6.3766649843113E-20  1.8182590808469E-06
  1.0733333027527E-19 -4.5932428343509E-05  3.0507395804229E-07  1.0728453488971E-05
 -8.5321965720368E-20 -3.0507395804447E-07  1.7648039511670E-04 -4.1188447901345E-03
  1.6102246127013E-02 -8.0105744676534E-19 -3.5002869805714E-19 -7.4775278051024E-03
  2.3995834174947E-02 -6.2229908984110E-19  3.5202803638900E-19  2.0336465086960E-19
 -1.2171966824575E-18 -2.5047575729492E-03 -7.2343316468743E-06  3.8338364399049E-19
 -3.9355872775191E-18 -7.2343316468745E-06 -2.5047575729491E-03 -4.1259413010147E-03
  2.4432490220984E-19 -1.5782487922513E-05  1.6126480259362E-02 -2.0956673434348E-19
 -2.5086993370668E-03 -4.6515228158902E-20 -1.3674905402465E-18 -2.3626457635428E-05
  3.0015105563131E-19 -2.5253937939835E-03  3.3648984270891E-05 -7.4839260137362E-03
 -3.3809402568015E-19 -8.9655538627528E-06  2.3990549838251E-02 -2.2942027740631E-02
  5.5321083107725E-02 -5.2281323809389E-18  5.5972222287045E-18 -5.5321083107725E-02
  1.1247885883288E-01 -3.2844179330508E-17  4.0440857920098E-18 -5.7728878817610E-18
  1.4979261527178E-17 -1.7187815295319E-02 -1.0325408705074E-18  6.6971404976249E-18
 -2.2639360537492E-17 -1.4770558760870E-18 -1.7187815295320E-02 -2.1906792544039E-02
  2.0397346410802E-18  2.2048933669835E-03  5.2368687121673E-02  7.4281779078424E-19
 -1.6993814476026E-02 -8.9617800944461E-19  5.0388640738925E-18  2.2048933669835E-03
  2.3036316915323E-19 -1.2688444337968E-02 -6.1234840010446E-03 -5.2368687121673E-02
 -8.6572355558008E-18  6.1234840010445E-03  1.0470759462538E-01 -6.8869823205562E-05
  1.3899123646753E-05 -1.1014588628824E-05 -1.1014588628823E-05 -5.1107918004812E-06
  4.5303087258000E-05 -6.5802375190740E-05 -6.5802375190739E-05  7.0490944245769E-06
 -7.2313215899064E-05  6.6318297482134E-05  7.2404113631548E-05  7.0490944245717E-06
 -7.2313215899055E-05  7.2404113631556E-05  6.6318297482144E-05 -6.8869823205562E-05
  5.1107918004809E-06  7.0490944245765E-06 -7.0490944245725E-06 -1.3899123646754E-05
  4.5303087258000E-05  7.2313215899067E-05 -7.2313215899060E-05 -1.1014588628823E-05
  6.5802375190741E-05  6.6318297482136E-05 -7.2404113631550E-05  1.1014588628827E-05
 -6.5802375190739E-05 -7.2404113631551E-05  6.6318297482145E-05 -1.0202866584082E-03
 -5.6697027089564E-03  2.0019174578156E-20  1.3988040297145E-20  1.3285504573808E-05
 -9.7000895020959E-05 -9.7000895020958E-05 -5.2409549205332E-20 -4.9662579504466E-02
 -1.3702161387059E-01 -1.3702161387059E-01 -7.7938030878182E-19 -1.3075051047981E-05
 -6.2357473235924E-05  6.2357473235924E-05  1.2307113290462E-04 -2.6180489954642E+01
 -1.8870153925420E-03 -9.5464549376896E-03 -6.7286381318904E-20 -5.8671535242154E-22
  1.5670229936340E-03  8.5289821259855E-03 -9.6056251875077E-20 -5.6678333920867E-20
  4.3744482898660E-20  8.8436837559289E-19 -1.0362889639070E-03  3.7124602701223E-20
 -6.6655297603992E-20  4.5425779720387E-19  3.3713873709830E-20 -1.0362889639070E-03
 -5.7657993950368E-04 -2.3977602839914E-03 -2.3977602839914E-03 -3.0801676642324E-19
  9.2408028184606E-04  3.1335192924433E-03  3.6804351786053E-03 -8.9830160077852E-21
  9.2408028184606E-04  3.6804351786053E-03  3.1335192924433E-03  2.2226193904908E-19
  2.3296154461830E-19  2.6135320928773E-19  7.7539886663233E-19 -3.7836534073409E-04
 -5.9530679314218E-02 -1.4143282832012E-01 -1.4143282832012E-01 -8.0591687661955E-18
  2.9617186001356E-02  4.6329296505425E-02  6.6136166158602E-02  5.0430229149329E-18
  2.9617186001355E-02  6.6136166158602E-02  4.6329296505425E-02  4.9655709335495E-18
  2.1169616077393E-18  6.3168502066924E-18  7.4735945704582E-18 -2.1337900379744E-02
 -1.6156065596116E-04 -2.0519827745450E-04  2.0519827745450E-04  4.4046661742908E-04
  1.3291901834873E-04 -3.7969760134247E-05 -2.9894905827683E-04 -3.0216916709334E-04
 -1.3291901834873E-04 -2.9894905827683E-04 -3.7969760134248E-05  3.0216916709334E-04
 -2.9824530562222E-04 -2.4130788585492E-04  2.4130788585492E-04  5.7027269114916E-04
 -6.8089112232099E+00 -2.5803521457032E-19 -2.0819663992102E-18 -1.6482809294321E-18
 -2.6571220935946E+00  5.5941220661650E-18  1.0246075067890E-17  1.4132513836266E-17
  5.6097688082358E-18 -4.3650232156246E-02 -1.8650351985822E-18 -7.9065716965240E-19
  1.0251353517275E-17 -6.4676925634778E-19 -4.3650232156211E-02 -6.5411308233076E-18
  1.0649660099853E-17  7.7787222190545E-19 -6.9768977841346E-18 -4.3650232156243E-02
  2.9159026318137E-05 -2.3140943453524E-05  3.6389617359640E-20 -9.7145694942390E-21
 -8.4034813120686E-05  2.7445569718971E-04 -1.8612494522428E-20  8.1122839415849E-20
  1.4502071352797E-19  1.0120163313613E-19 -5.2411406016049E-05  1.0161384932382E-19
  8.8954842656441E-20  1.0174874164521E-19  7.2587472654412E-20 -5.2411406016050E-05
 -4.1005894836302E-03 -1.6093855752611E-02  3.7557441210318E-19  4.9704441153726E-20
  7.3808215066562E-03  2.3978225221506E-02  2.7260984817368E-19  1.0731231546057E-19
  4.4126805595084E-21 -4.5489965157541E-19 -2.4988281027411E-03  3.1227085491606E-20
 -3.0378353998053E-19 -1.3649263878268E-18  2.9221669710220E-19 -2.4988281027409E-03
  1.3060182261925E-05  9.8197694636592E-05  9.8197694636590E-05  3.6992711481035E-20
 -5.7621701072496E-04 -9.2288244986001E-04 -9.2288244986001E-04  5.8269014371892E-19
  2.4005297269039E-03  3.1444628567907E-03  3.6672357171376E-03  4.7044899708358E-20
  2.4005297269039E-03  3.6672357171376E-03  3.1444628567907E-03 -8.6463520573548E-19
 -3.0366744660792E-20  5.4856771346989E-19 -2.3880115692226E-19 -3.8001293878843E-04
 -5.9282115585869E-03 -1.2222798949149E-02 -1.2222798949149E-02 -5.9785968275785E-19
  1.2221175865011E-02  1.8333108266315E-02  2.3274528599885E-02  1.3811233816998E-18
  1.2221175865011E-02  2.3274528599886E-02  1.8333108266315E-02  9.5510431145539E-19
  4.3287148313656E-19  2.0464338494251E-18  1.9355067973511E-18 -4.6999584023128E-03
 -6.6620444722977E-02 -1.3687625461135E-01 -1.3687625461135E-01 -1.7019797401107E-17
  3.6635664441107E-02  2.9644838102800E-02  5.8299475309048E-02  1.6003798091591E-17
  3.6635664441101E-02  5.8299475309050E-02  2.9644838102811E-02  1.6697539747215E-17
  1.0361646547119E-17  2.1809854558940E-17  7.7298591186275E-18 -2.4926744091733E-02
 -2.9149605694126E-04 -5.1244106613245E-04  5.1244106613246E-04  1.0278820194467E-03
  2.7857340314397E-04  2.7749885639497E-04 -5.3155555893998E-04 -9.8449358544601E-04
 -2.7857340314397E-04 -5.3155555893998E-04  2.7749885639497E-04  9.8449358544600E-04
 -5.8335338676845E-04 -9.9900484939863E-04  9.9900484939868E-04  1.8196180773466E-03
 -5.4615885221680E+00 -1.0793956815018E-19  2.1318221833925E-19  3.9661726403365E-19
 -2.8251933625920E+00 -3.4744871120130E-17 -4.7959520356947E-19  1.1813196922370E-17
 -2.3554988984066E-17 -8.3055049626389E-01  1.9665144437683E-17  2.0031253283864E-17
  9.6686938573746E-19  1.9234495078566E-17 -8.3055049626402E-01  2.8394535638794E-18
  9.9714876562801E-18  1.9664039629707E-17  2.8932548945897E-18 -8.3055049626392E-01
 -2.3330932319244E+00 -5.2335541135980E-17  6.6756944326757E-17  6.6304701285658E-17
 -5.2309809152796E-17  3.8305137077223E-02 -2.4972044073784E-17 -2.3506189942497E-17
  6.6741389100381E-17 -2.8202283899776E-17  3.8305137077223E-02 -8.5825492748171E-17
  6.6337764602946E-17 -2.2890835259291E-17 -8.6692134977942E-17  3.8305137077181E-02
 -6.3983081265037E-05  2.9042235561527E-04  8.4746260688917E-20  6.0323304668294E-20
 -5.4738099224201E-04 -5.2439562470697E-04 -1.8361898863954E-20 -3.1672545882261E-20
  2.2133446634210E-03  1.8719118349596E-03  9.5096901791808E-21  1.0789085818961E-19
  3.0793073817594E-19 -2.9276453415423E-20 -1.8168180542488E-04  4.2724257362471E-20
  3.5168686167445E-19 -1.5902547879186E-20 -2.9488361630356E-20 -1.8168180542488E-04
 -2.7178218939298E-03 -6.3427852160260E-03  2.2495648937013E-20 -4.5918727312355E-20
  8.7383785036833E-03  1.7786418867129E-02  1.2810911737952E-18  1.5972968516147E-18
  6.7420679761535E-19 -5.1696538735862E-19 -1.7182052125808E-03  4.7804425762809E-19
  4.3011596248234E-19 -3.4894128494278E-19 -4.3007433151318E-20 -1.7182052125806E-03
 -2.2071426000159E-02 -5.4846417965863E-02  1.3287052200665E-19  2.3952693309163E-19
  5.0448066430661E-02  1.0930599361071E-01 -7.8427092924833E-18 -1.0352243200417E-17
  1.8596071815596E-18  1.1716266476124E-17 -1.6889483295262E-02 -2.2044939344643E-18
  2.3858264077373E-18  1.3683828735506E-17 -9.7819379931007E-19 -1.6889483295260E-02
 -5.3605545697868E-05  3.9423406100935E-06  3.9423406100925E-06  3.9423406101018E-06
  1.3805682394838E-05  6.7708799861981E-05  7.4523048149573E-05  7.4523048149575E-05
  1.3805682394837E-05  7.4523048149578E-05  6.7708799861987E-05  7.4523048149591E-05
  1.3805682394837E-05  7.4523048149583E-05  7.4523048149584E-05  6.7708799861985E-05
 -4.9661232009670E-02  1.3701833709383E-01  1.3701833709383E-01 -6.2283585130736E-19
 -1.3524793012311E-05  6.1690009062873E-05 -6.1690009062873E-05 -1.2446956552885E-04
 -5.9555566627569E-02 -2.9665084426524E-02 -2.9665084426523E-02  2.2849999490458E-18
  1.4144914394230E-01  4.6223458232031E-02  6.6251636500969E-02 -4.3941261378787E-19
  1.4144914394230E-01  6.6251636500969E-02  4.6223458232031E-02 -4.0793373754471E-19
  4.8802572199374E-18  2.9940105902155E-18  3.4645212695723E-18 -2.1359845592838E-02
 -1.6498657657099E-04 -1.2575865738387E-04  1.2575865738387E-04  3.2049895149111E-04
  2.1872934202967E-04 -2.3196811171957E-05 -3.1834190464400E-04 -2.7791361346004E-04
 -2.1872934202966E-04 -3.1834190464400E-04 -2.3196811171957E-05  2.7791361346004E-04
 -4.5455629362025E-04 -3.1772854226770E-04  3.1772854226770E-04  6.0753199259672E-04
 -6.6623136222624E-02 -3.6650342986335E-02 -3.6650342986341E-02 -1.0969207178541E-17
  1.3686898977729E-01  2.9633510138668E-02  5.8306078215006E-02  2.4595283344986E-17
  1.3686898977729E-01  5.8306078215023E-02  2.9633510138668E-02  2.3537148989090E-17
  1.2335891195423E-17  1.2974454993099E-17  7.6402534955059E-18 -2.4930529402325E-02
 -2.9278489885387E-04 -2.7169982866670E-04  2.7169982866669E-04  5.9417388510284E-04
  5.1831517322605E-04  2.8514094779522E-04 -5.4113399384634E-04 -1.0202450715532E-03
 -5.1831517322604E-04 -5.4113399384634E-04  2.8514094779524E-04  1.0202450715532E-03
 -1.0314144858289E-03 -9.8598506790513E-04  9.8598506790513E-04  1.8310943986662E-03
 -1.0955059102663E-01 -1.2229039841597E-01 -1.2229039841595E-01 -1.0455166321457E-16
  1.2189225864946E-01  3.8985800116374E-03  9.7146023431471E-02  1.3421990767334E-16
  1.2189225864947E-01  9.7146023431475E-02  3.8985800115965E-03  1.4187025666696E-16
  3.0917542617802E-17  3.2514890277033E-17  4.4235950495196E-17 -5.6828774314694E-02
 -3.6140081311701E-03 -4.6279871960600E-03  4.6279871960605E-03  9.3056240441517E-03
  4.6803269329731E-03  2.1101040798508E-03 -5.9261752205787E-03 -1.1711121661841E-02
 -4.6803269329731E-03 -5.9261752205791E-03  2.1101040798511E-03  1.1711121661839E-02
 -9.1474393203967E-03 -1.1302869854594E-02  1.1302869854596E-02  2.0248336884518E-02
 -1.2700776571959E-04  1.1746063895615E-04 -3.4563320459029E-04  9.7399272602756E-20
 -1.3135998401030E-04  8.0654205212221E-05 -4.7441638126169E-04 -3.6392093271526E-19
  3.5318617946534E-04 -4.3499225767446E-04  1.2700755632889E-03 -3.9877956845791E-19
  1.1335007146234E-19 -1.3414576903943E-19  1.4582628789277E-19 -6.3467759594028E-05
 -2.4112614547443E+00 -2.8461631953173E-19  1.9419882612147E-19  2.1580498040193E-19
 -1.7244416876133E+00 -8.7222125592483E-18  5.9669775911767E-18  2.7555346722954E-18
 -3.8128774980353E-18 -5.0758687757608E-01  1.1261269913909E-18  1.0462290611732E-18
  1.6241162027636E-18  5.4500364908604E-19 -5.0758687757606E-01 -9.5969560256084E-18
  3.3949573167048E-18  1.0633423001023E-18 -8.0274266225836E-18 -5.0758687757607E-01
 -1.4068249752308E+00 -9.5176504014499E-17 -4.0968872229731E-17 -5.0417277212256E-17
 -3.8895087146583E-17 -1.4812144805995E-01  1.4624709154095E-17  1.2075866585706E-17
 -2.1211968814597E-17  1.2437216114821E-17 -1.4812144805964E-01  6.3749977587878E-18
 -2.9622789349123E-17  1.7532236447105E-17  9.8944701710918E-18 -1.4812144805992E-01
 -3.9819215801137E-05 -5.5400934826468E-20 -4.9345160240839E-05 -4.9345160240845E-05
  6.7690864086226E-20  3.4718809206316E-06  1.0690326769238E-19  6.4150856628759E-20
  5.6042602934749E-05  1.8476085722839E-19  9.9560653033176E-05  1.1539730596263E-04
  5.6042602934746E-05  8.2943674247445E-20  1.1539730596264E-04  9.9560653033176E-05
 -8.8234265943784E-01  1.2283831267206E-16 -8.2581246050002E-17 -1.2827460833034E-18
  1.2291062365289E-16 -1.6614660635799E-01  3.1787132371786E-17  3.6818831576054E-17
 -8.2514192309738E-17  3.0972622144663E-17 -1.6614660635716E-01  9.3247347442059E-18
 -1.2860564048802E-18  3.2629147194194E-17  1.2963952141682E-17 -1.6614660635802E-01
 -4.7716134410352E-04 -5.3347550301053E-19 -1.5195627881132E-03 -1.5195627881129E-03
  5.2216667696056E-19 -6.0230450437578E-04  9.8640722124751E-19  7.5160340469696E-19
  1.5195627881132E-03  9.9638156171262E-19  4.0102950269364E-03  4.5973151490098E-03
  1.5195627881129E-03  1.0830837077851E-18  4.5973151490098E-03  4.0102950269352E-03
 -6.4990959583164E-04 -1.6711385900713E-20  4.0433384086896E-20  1.3337415468858E-03
 -2.2038914298138E-02 -1.2442490182618E-19  4.2094116175988E-18  7.6886887025210E-02
 -1.9050054974871E-01 -2.5226233408946E-18  2.5116813487573E-17  4.7425198319552E-01
 -2.8087826447081E-04 -3.0811122424349E-20 -9.6321631296273E-04 -5.9510250915590E-04
 -5.7228570028264E-03  1.4211071423494E-02  1.4211071423493E-02  1.4193563581616E-02
 -5.6870694249967E-03  1.4102266663161E-02 -1.4102266663160E-02 -1.4112917738656E-02
  7.7408755128845E-04  1.6543792599794E-03 -3.2964328277331E-19  1.1180247264041E-04
 -2.0475812045321E-02 -7.3819120284608E-02  2.4776758074770E-19  4.2854878797464E-05
 -1.8944207359039E-01 -4.7264900494747E-01 -5.3131661590640E-19 -3.0532999870418E-04
 -1.7390012521877E-04  4.2661099016421E-04  5.9656436531850E-20  8.6923100503791E-04
 -2.6367892502046E-04  5.7874319780723E-04 -9.4111767112534E-04  5.8671785156921E-06
 -2.5505456629558E-04  5.6465534194380E-04 -3.8691033533939E-20 -9.3483443349671E-04
  7.0529103056492E-04  4.2439866041358E-19 -3.4331864246853E-19  1.4928816976315E-03
 -2.0492253423427E-02  2.8535039803725E-19 -2.4851321319377E-19 -7.3850674359312E-02
 -1.8920839926294E-01 -8.5349763533154E-19 -1.3558791211148E-18 -4.7224729193700E-01
 -2.5513340323737E-04  9.3906253112108E-04  3.9246115531687E-20  5.7671136044716E-04
 -2.1888696349674E+00 -1.0462395756212E-03  6.3505491780797E-22 -2.8368830466967E-19
 -4.2034357511725E-03 -1.2109900162927E-02 -1.0865044762076E-19  9.4026270807712E-19
  1.5352781449278E-02 -3.1745823682624E-19 -5.5810984816442E-03 -3.6908190073111E-20
 -2.3724614311822E-19 -1.7736318588214E-18  2.1173470794598E-21 -5.5810984816443E-03
  2.1229774894602E-18 -3.3631533536442E-02 -7.6601736125155E-20  3.2001732433385E-18
  3.4746639509948E-02 -4.2160335435674E-02 -2.2354704287828E-18  2.0377914336605E-18
  8.3555795063762E-02  8.7213882737077E-19 -2.0234173554953E-02  2.0776855823273E-19
 -8.4839648195829E-18 -3.0605519668949E-18  3.0209540784067E-19 -2.0234173554952E-02
  6.6180017899531E-18 -4.3196937871458E-02 -6.5278814822304E-18 -4.4708963734226E-18
  5.0883855842103E-03 -1.4173032302871E-01  3.1602568899329E-19  1.1759037327172E-17
  2.8696914124371E-01  1.4615128569385E-17 -1.9602438551694E-02 -2.8513057405102E-18
 -1.1919031167018E-17 -1.3775776114541E-17 -1.8342236073434E-18 -1.9602438551693E-02
  6.0232108658148E-17  1.3476201740285E-04  6.0363668009520E-18  1.1455731968404E-17
 -7.5530051991595E-02 -3.0304625248582E-04 -2.6530175862327E-19 -2.2768230339700E-03
 -7.5492496319185E-04 -2.4703193258100E-19 -5.8390977781085E-04  4.9810463898938E-20
  2.4649346550784E-19  2.7992818809253E-04 -1.6679254968496E-19  3.5447417694637E-03
  9.1246114316541E-04  9.7808446869769E-04  5.0972908276991E-20  2.9272807415469E-03
  1.2606772569490E-03 -2.6240491776176E-04  6.2616477562260E-04  6.2616477562260E-04
  6.1591153865147E-04 -5.0503878681400E-04  1.0005673724926E-03  1.2441099599090E-03
  1.2136431058683E-03 -5.0503878681400E-04  1.2441099599090E-03  1.0005673724926E-03
  1.2136431058683E-03 -5.2746172059977E-04  1.3003053719904E-03  1.3003053719904E-03
  1.0109615844645E-03 -2.5255270310371E-04  5.9431470479707E-04 -5.9431470479707E-04
 -5.9870293473874E-04 -4.9441663364675E-04  9.6488012876962E-04 -1.2338251210173E-03
 -1.2233752419042E-03  4.9441663364676E-04 -1.2338251210173E-03  9.6488012876961E-04
  1.2233752419042E-03  4.9547788167336E-04 -1.2226022688982E-03  1.2226022688982E-03
  9.7466318316356E-04 -9.7904167420096E-03  1.8766629427678E-02  1.8766629427679E-02
  1.9495387306886E-02 -7.3456372705171E-03  6.5224031053325E-03  1.1965252550949E-02
  1.2724204725676E-02 -7.3456372705175E-03  1.1965252550948E-02  6.5224031053326E-03
  1.2724204725675E-02 -5.8529256327756E-03  8.4315123264908E-03  8.4315123264906E-03
  5.2485562012749E-03 -1.0323064760823E-02  2.0102477549708E-02 -2.0102477549708E-02
 -2.0070055061877E-02 -7.7115573506591E-03  7.2229548991724E-03 -1.2776607304634E-02
 -1.2831572758551E-02  7.7115573506591E-03 -1.2776607304635E-02  7.2229548991715E-03
  1.2831572758550E-02  7.8613823575565E-03 -1.2929531457592E-02  1.2929531457591E-02
  7.3070158443476E-03 -5.5451598107771E-03  2.7205731229627E-02 -7.7680115706059E-20
 -2.5592292771600E-05 -3.0965170622997E-02 -4.4631498722151E-02  8.0117886930158E-19
 -3.4282777752299E-04  1.0088750597652E-01  1.2698506427192E-01 -1.6629993996139E-18
  1.9536937288537E-04 -5.3321797234092E-19 -1.3230587361106E-18 -1.8785106960938E-02
 -1.2313409963511E-19 -5.4161012077984E-04 -1.1774612050208E-03 -8.7146453226926E-20
 -1.9868888426220E-02 -6.3254480368503E-02 -1.1268434511027E-01  2.3403432903884E-18
 -1.5437236816607E-05  1.1538823993836E-01  9.3532442308723E-02 -5.1575022282775E-18
  6.3885696968024E-06 -6.0937742855673E-18 -1.4344095582884E-17 -3.3457370445471E-02
  1.3363216825776E-19 -8.0328773801497E-05  4.2582110527512E-05 -4.7808123967126E-19
 -3.3531859826379E-02 -1.5594151995852E-01 -2.9925005695540E-01  1.0967993245427E-17
  2.9032194832060E-03  5.1664771985903E-02 -2.8327571852064E-02 -2.7235318249701E-17
 -1.1466008484977E-03  9.4700797076410E-18 -3.9328852220286E-18 -2.6552539819651E-02
 -5.8126752934922E-19  5.3101282391471E-03  1.1896182656101E-02 -5.5925339005649E-19
 -1.7972828939031E-02 -5.7896760142124E-04  1.1276809519710E-03 -1.6264060491333E-19
  2.2833621163872E-03 -5.4984193404188E-04  6.3535935757547E-04  1.8159797587703E-20
  2.0598785923042E-03  7.4597412286200E-21  6.4846156140811E-20 -3.8827320621409E-04
 -4.6195251414055E-19 -9.2869133557227E-04  1.6504817536032E-03 -1.2822828226976E-20
  3.0985737261209E-03 -4.1869661634779E-04  8.6056405127507E-04 -2.4031693628745E-03
 -2.5696356516830E-05 -8.2707695912723E-04  1.0743142595912E-03 -2.7178326984050E-03
  9.0184428661255E-06  5.4674589525093E-04 -1.1598375395654E-03  3.8246547737458E-03
  5.5391781840899E-05  5.3076274117343E-05 -8.8988208898758E-05  8.1299730606347E-05
 -6.0093357948216E-04 -4.4304167260614E-04  9.2993369086200E-04 -1.0294743778659E-19
 -2.4092356557419E-03 -8.1963391826268E-04  1.0866129446944E-03  1.2316038247805E-19
 -2.6860474417277E-03 -5.5361573298120E-20 -1.5792603607049E-19 -5.7476542676301E-04
  2.6699867201442E-19  6.1156681227318E-04 -1.2394956028417E-03  2.7544890944283E-20
  3.8654872427523E-03 -5.5368114159655E-03 -6.3503836392660E-20 -3.3264446279669E-20
  2.7204920652720E-02 -3.0766700421335E-02  1.2262366112153E-19  6.8946549075283E-19
 -4.4229034939964E-02 -8.2664038462700E-19 -1.8723833505356E-02 -3.9010054852297E-19
 -6.1465903080760E-19  5.7019110395523E-19 -4.1269284574531E-19 -1.8723833505356E-02
  7.3975832928723E-19  1.0079877528164E-01  1.3560300739480E-18 -1.4571455580291E-18
  1.2698369467401E-01 -6.3215557262454E-02 -3.8411828955377E-19 -3.0703802256873E-18
 -1.1269687134411E-01 -5.0249580617555E-19 -3.3459219600530E-02  8.4616615192687E-19
  4.0171201558686E-18 -1.7580967627672E-18  6.4507853344886E-19 -3.3459219600526E-02
 -4.6448805669770E-18  1.1535364322109E-01  3.2270003985546E-18  6.1834963742363E-18
  9.3543203068786E-02 -1.5760920556885E-01 -1.1851021982302E-17  1.4332689676002E-17
 -3.0265761124937E-01 -3.9994298308670E-18 -2.7021748435152E-02  4.1289976434619E-20
  4.9257189188893E-18  3.4493887504984E-17 -1.5877006593346E-18 -2.7021748435142E-02
  8.3524707902732E-17  5.2651465677828E-02  1.3482335202965E-18 -2.6711560522765E-17
 -2.5993896264517E-02 -4.2686219483299E-04  2.3388396471693E-03  2.4445134077688E-20
  8.7811475388678E-04 -5.8464735906176E-04  3.7555208884949E-03 -1.4382909084112E-19
  1.2257613972381E-03  8.6743944933127E-20 -1.8383376036677E-19 -5.6424181882159E-04
  2.1494313621139E-19 -7.7624041324102E-04  2.4257848264612E-03 -8.0673352480880E-20
  9.6701238279756E-04 -2.0121330791261E+00 -6.4986500739365E-18 -4.1629192314551E-18
 -1.4259487746087E-03 -9.1665623028705E-01 -8.8013040029719E-18  1.1917346828172E-16
  7.6379102102746E-03 -3.4132277739613E-18  8.4737274409675E-01  5.3713496639256E-18
 -5.1619178734497E-18  1.1381803016432E-16  4.9129188210038E-18  8.4737274409680E-01
 -4.5096379673897E-18  7.6379102102746E-03 -5.1569955718477E-18 -3.9411230051706E-18
  8.6906843242709E-01 -5.6633093027238E-03  1.4096092708260E-02  1.4096092708259E-02
  1.4096092708260E-02  7.2081372189646E-04  1.3706622001240E-19 -2.8451865401718E-19
 -1.5295885579903E-03 -2.0494216145934E-02  1.0543043505253E-19  5.3553427953079E-19
  7.3873168846209E-02 -1.8926352020531E-01 -2.3517654698064E-18  1.2488793884274E-18
  4.7234080442243E-01 -2.5442967717375E-04  9.3145920335917E-04 -3.7259781874418E-07
 -5.6394481639889E-04 -5.6728901438597E-03  1.4099392105828E-02  1.4099392105828E-02
 -1.4099392105828E-02 -2.7688750323452E-05  1.5713408191686E-04  1.5713408191686E-04
  2.1107254860581E-06 -2.1901369986937E+00 -3.1288556969803E-04  5.9985542816406E-04
  5.9985542816406E-04  5.9985542816406E-04 -6.6408157916031E-04  1.1246153415065E-03
  1.1906871611489E-03  1.1906871611489E-03 -6.6408157916030E-04  1.1906871611489E-03
  1.1246153415065E-03  1.1906871611489E-03 -6.6408157916031E-04  1.1906871611489E-03
  1.1906871611489E-03  1.1246153415065E-03 -1.0433975704979E-02  2.0141470881156E-02
  2.0141470881155E-02  2.0141470881156E-02 -7.9109285889187E-03  7.2714859246081E-03
  1.2869163360754E-02  1.2869163360752E-02 -7.9109285889194E-03  1.2869163360754E-02
  7.2714859246083E-03  1.2869163360753E-02 -7.9109285889188E-03  1.2869163360753E-02
  1.2869163360753E-02  7.2714859246080E-03 -5.5366751494159E-03  1.2168505658902E-19
 -1.3584057327501E-19 -2.7201388109037E-02 -3.0782424238087E-02  9.0114847538534E-19
 -8.7159811520423E-19  4.4274155215346E-02  5.8788497380688E-19 -1.8749321668696E-02
 -4.6672412551509E-06  3.4392475811667E-19 -1.0702439327717E-18 -4.6672412551511E-06
 -1.8749321668696E-02  1.4030247529838E-18 -1.0072467068664E-01 -2.2353569085020E-19
  2.9234034996211E-19  1.2677602625158E-01 -6.3226240911535E-02 -3.9024182008660E-18
 -4.6514020838246E-18  1.1271528421149E-01 -1.9136420703324E-19 -3.3492095894619E-02
 -2.5607881155782E-05 -3.1958538035986E-18 -4.2776909282372E-18 -2.5607881155780E-05
 -3.3492095894617E-02  2.4611243251935E-17 -1.1535618561012E-01  5.2844296808759E-19
 -1.0361010993790E-17  9.3530989034773E-02 -1.5774669125756E-01  1.2191693753487E-17
  2.2533021433684E-17  3.0321622364303E-01  1.1164920214985E-17 -2.7148093033915E-02
 -7.8920393461276E-05 -3.2706784182154E-17  2.6372083255440E-17 -7.8920393461288E-05
 -2.7148093033895E-02 -1.2119040698690E-16 -5.2466887332588E-02  1.6475132778659E-17
  3.9055837272337E-17 -2.7332258563345E-02 -4.5018438417936E-04  2.4461400787126E-03
  1.0397542472227E-05 -9.0986965481148E-04 -6.0199045436748E-04  3.8815281058888E-03
  9.3956375280763E-06 -1.2500373932623E-03  1.8218997320170E-05 -3.3258684913445E-05
 -6.0562092877083E-04  3.7642990633991E-06  8.4263003789334E-04 -2.7511111941335E-03
 -1.8598193211879E-05  1.0767517586103E-03 -2.5059960207948E-04  5.9323391526569E-04
  5.9323391526569E-04 -5.9323391526569E-04 -4.9458556519820E-04  9.7863568635817E-04
  1.2220545684191E-03 -1.2220545684191E-03 -4.9458556519820E-04  1.2220545684191E-03
  9.7863568635817E-04 -1.2220545684191E-03  4.9458556519819E-04 -1.2220545684191E-03
 -1.2220545684191E-03  9.7863568635816E-04 -1.0378752293452E-02  2.0130301308992E-02
  2.0130301308994E-02 -2.0130301308992E-02 -7.7643123122989E-03  7.1577140210064E-03
  1.2872110154142E-02 -1.2872110154140E-02 -7.7643123122991E-03  1.2872110154140E-02
  7.1577140210067E-03 -1.2872110154140E-02  7.7643123122986E-03 -1.2872110154140E-02
 -1.2872110154142E-02  7.1577140210068E-03 -2.7613845731906E-05 -1.5404430606117E-04
 -1.5404430606117E-04  6.6108199393569E-06 -2.5590549330874E-03  5.8097520514354E-03
  5.8097520514354E-03 -1.3633512354700E-05 -5.8179431657861E-03  1.0949935331832E-02
  1.2226302386062E-02 -2.3949271611791E-05 -5.8179431657861E-03  1.2226302386062E-02
  1.0949935331832E-02 -2.3949271611791E-05 -2.2225614201744E-05  6.7502054228864E-06
  6.7502054228861E-06 -2.2686188989465E-03 -2.0122653490912E+00 -1.2478922375937E-17
  1.4130087964177E-17  6.1224738402535E-18 -9.1967494886671E-01  5.4625026139933E-17
  4.0798862695466E-17  1.0781043452056E-17  7.5976609784151E-17  8.4620282981478E-01
 -5.3408547014631E-18 -5.7943457287040E-19  6.6493130846182E-17 -6.4176137801319E-18
  8.4620282981478E-01 -1.0209326206882E-18  3.5810165526790E-17 -1.4610050133122E-18
 -8.0166115508074E-19  8.4620282981478E-01 -5.5774194704839E-05 -2.5142956956554E-04
  1.0730420587207E-19 -2.5363765856944E-04 -3.9329381016673E-05  1.8069154587235E-04
 -1.5353212740624E-19  1.3948124322891E-04 -2.2639706608986E-03 -5.2659861288601E-03
 -8.4576137902494E-21 -4.8571712747211E-03  4.8571712747211E-03  9.2826755106682E-03
  1.5141080353436E-19  9.0881091004151E-03  1.6512749729624E-19 -4.7342946512366E-19
 -1.9502660268233E-03 -3.6497639615800E-19  5.2659861288601E-03  1.2000270118925E-02
  4.4165010808191E-19  9.2826755106682E-03 -2.5181448119429E-03  5.7476909338609E-03
 -1.9557615960721E-19  5.8752134429547E-03 -5.8752134429547E-03  1.1100994433192E-02
 -4.8413042265227E-19  1.2150179674081E-02 -4.5652295582065E-20  9.1182554556971E-20
 -2.1968322112166E-03 -2.0147145421515E-19 -5.7476909338608E-03  1.2148565751695E-02
  7.2291823573129E-20  1.1100994433192E-02
  1.5251253030830E-06  1.5145688562279E-05 -1.0271626370065E-33 -3.3896367021215E-32
  0.0000000000000E+00  1.5104147532147E-04  0.0000000000000E+00 -4.1086505480261E-33
  0.0000000000000E+00  0.0000000000000E+00  6.1860241753634E-07  0.0000000000000E+00
 -4.1359030627651E-25 -4.1086505480261E-33  0.0000000000000E+00  6.1860241753634E-07
  5.5145374170202E-25  0.0000000000000E+00 -4.1359030627651E-25  6.2038545941477E-25
  6.1860241753634E-07 -1.2788465317248E-04  0.0000000000000E+00 -2.9171418890985E-31
  0.0000000000000E+00 -1.2370970605348E-03  0.0000000000000E+00  9.2444637330587E-33
  0.0000000000000E+00 -6.5738408768418E-32 -7.2568856475443E-06  0.0000000000000E+00
  4.4116299336161E-24 -1.6434602192104E-32  0.0000000000000E+00 -7.2568856475443E-06
 -1.6543612251061E-24  0.0000000000000E+00  8.8232598672323E-24 -1.6543612251061E-24
 -7.2568856475443E-06  1.2640276534656E-02  3.2869204384209E-32 -1.6434602192104E-32
  0.0000000000000E+00  0.0000000000000E+00  1.0185817031403E-04  0.0000000000000E+00
  0.0000000000000E+00 -8.2173010960522E-32  0.0000000000000E+00  1.0185817031403E-04
  1.7646519734465E-23  0.0000000000000E+00  0.0000000000000E+00  1.7646519734465E-23
  1.0185817031403E-04  2.9779590569395E-04  0.0000000000000E+00  1.8562251563747E-04
  1.8562251563747E-04 -1.1249656330721E-21  4.0303342846120E-05 -6.1762819070626E-23
 -1.0587911840679E-22 -1.8562251563747E-04 -2.6469779601697E-23  3.0201063195196E-05
  4.7034118754342E-06 -1.8562251563747E-04 -1.0587911840679E-22  4.7034118754342E-06
  3.0201063195196E-05  1.1846059458955E-03  0.0000000000000E+00  1.9516090103124E-31
  0.0000000000000E+00  3.9135195910197E-05  0.0000000000000E+00 -8.8319840438163E-06
 -8.8319840438163E-06  1.1410856346784E-02  0.0000000000000E+00  2.0543252740131E-33
  0.0000000000000E+00  0.0000000000000E+00  3.1888626102530E-05  0.0000000000000E+00
  0.0000000000000E+00 -1.7667197356512E-31  0.0000000000000E+00  3.1888626102530E-05
  0.0000000000000E+00  0.0000000000000E+00  0.0000000000000E+00  0.0000000000000E+00
  3.1888626102530E-05  4.0579555043758E-04  5.6027700156925E-22  1.1942822344279E-04
  1.1942822344279E-04  4.9410255256501E-22  1.5766741287732E-05  6.6174449004242E-24
  1.7646519734465E-23 -8.4829951915634E-05  4.4116299336161E-24  1.0528155123250E-05
  1.7244308934078E-06 -8.4829951915634E-05  3.5293039468929E-23  1.7244308934078E-06
  1.0528155123250E-05 -1.2084103025372E-01 -1.3147681753684E-31 -1.6434602192104E-32
  0.0000000000000E+00  6.5738408768418E-32 -3.9273935803368E-04  0.0000000000000E+00
  0.0000000000000E+00 -2.4651903288157E-32  0.0000000000000E+00 -3.9273935803368E-04
 -1.4117215787572E-22  0.0000000000000E+00  2.8234431575143E-22 -1.4117215787572E-22
 -3.9273935803368E-04 -1.1037522261562E-03  9.0350181040459E-21 -1.8215445482104E-03
 -1.8215445482104E-03 -9.0350181040459E-21 -2.0133462919227E-04  2.9557920555228E-22
  2.7131524091739E-22  9.0147761849613E-04  3.0219665045271E-22 -1.3306154821838E-04
 -1.2372238454013E-05  9.0147761849613E-04  1.1029074834040E-23 -1.2372238454013E-05
 -1.3306154821838E-04  3.9932989276581E-04  0.0000000000000E+00  1.7668577884133E-21
  4.1970900757595E-05  0.0000000000000E+00 -1.3628628429042E-04  0.0000000000000E+00
  0.0000000000000E+00 -1.5176006971640E-21  0.0000000000000E+00 -1.3628628429042E-04
  0.0000000000000E+00  1.3373190923648E-05  0.0000000000000E+00  0.0000000000000E+00
 -1.5942097942089E-05  1.1802545087446E+00  0.0000000000000E+00  7.3955709864470E-32
  0.0000000000000E+00  1.3147681753684E-31  2.2998376461887E-03  0.0000000000000E+00
 -1.1293772630057E-21  6.3273218439602E-31  0.0000000000000E+00  2.2998376461887E-03
  5.6468863150287E-22  0.0000000000000E+00 -1.1293772630057E-21  5.6468863150287E-22
  2.2998376461887E-03 -6.1244759292617E-03 -3.5575383784681E-20  9.0394340191539E-03
  9.0394340191539E-03 -1.1293772630057E-21  9.3425991584880E-04  2.8234431575143E-22
 -1.4117215787572E-21 -9.0394340191539E-03  2.8234431575143E-22  6.4166286589241E-04
  7.8194309184881E-05 -9.0394340191539E-03 -8.4703294725430E-22  7.8194309184881E-05
  6.4166286589241E-04 -7.6323992089319E-04  0.0000000000000E+00 -1.0587911840679E-21
 -6.4535658838779E-04 -3.5575383784681E-20  6.3089102816318E-04  0.0000000000000E+00
  0.0000000000000E+00 -7.0586078937858E-23  0.0000000000000E+00  6.3089102816318E-04
  0.0000000000000E+00  6.4535658838779E-04  0.0000000000000E+00  0.0000000000000E+00
 -9.8839938988943E-06  6.3714160334970E-04 -3.5478854463738E-06  3.5478854463741E-06
 -1.2693271754023E-04  3.5478854463737E-06  4.3620216693356E-04  1.8835658250619E-05
  1.1960763457221E-05 -3.5478854463749E-06  1.8835658250619E-05  4.3620216693356E-04
 -1.1960763457221E-05  1.2693271754023E-04  1.1960763457221E-05 -1.1960763457221E-05
  2.6041027766764E-04 -6.9434035308601E-04  8.5389634567924E-05  8.5389634567924E-05
  4.5880951309608E-22  9.1604436233912E-03  1.8636034519165E-04  1.8636034519165E-04
 -8.8232598672323E-22  5.1965097565619E-04  2.0333970151936E-04 -2.0333970151936E-04
 -3.3310333525804E-04 -3.2456013988537E-04  2.7971604666763E-05 -2.3218831515219E-05
  7.0586078937858E-23  2.1082859209110E+00  4.2870271641878E-05 -8.4932788166645E-06
 -8.4932788166645E-06 -3.7498854435737E-23  2.3620449129755E-04  2.5999420024040E-05
 -5.1258212573897E-05 -2.6469779601697E-22  2.3620449129755E-04 -5.1258212573897E-05
  2.5999420024040E-05  2.4705127628250E-22 -2.8234431575143E-22  3.5293039468931E-23
 -6.1762819070628E-23  7.8258575231846E-05  1.7658161488242E-03  9.3735234318653E-05
  9.3735234318653E-05  1.5440704767657E-22 -5.4152941656647E-03  4.5777945651707E-04
  1.0371490360004E-03 -4.2351647362715E-22 -5.4152941656647E-03  1.0371490360004E-03
  4.5777945651707E-04 -1.1293772630057E-21 -1.1293772630057E-21  3.2098832406454E-35
  1.4117215787568E-22 -1.0601382950935E-03 -1.8196489634548E-02 -1.4096349922564E-03
 -1.4096349922564E-03  2.5410988417629E-21  4.1799338060863E-02  9.7381871644192E-04
  2.3714582656411E-03  1.1293772630057E-21  4.1799338060863E-02  2.3714582656411E-03
  9.7381871644192E-04  6.7762635780344E-21 -1.0164395367052E-20  0.0000000000000E+00
  1.9764102102600E-21  5.4800196704021E-03 -1.0245575275984E-03 -5.6105615012941E-04
  5.6105615012941E-04  6.7347286028352E-04  1.0879805281187E-03  1.3599720604114E-03
 -1.0578678381831E-03 -1.1360409008173E-03 -1.0879805281187E-03 -1.0578678381831E-03
  1.3599720604114E-03  1.1360409008173E-03 -1.7722143411350E-03 -4.6534044737816E-04
  4.6534044737816E-04  2.7264159110619E-04  5.0164382507246E-04 -7.2447955852392E-05
  2.8799356104804E-04  1.7646519734465E-21 -3.5460937489853E-04  1.0584517683341E-03
 -9.2392042996283E-04 -4.5175090520230E-21 -1.3227438557727E-03 -4.3739380064725E-05
 -6.4622265843866E-04  9.0350181040459E-21 -1.1293772630057E-20 -3.3881317890172E-21
 -8.4703294725430E-22  8.6166373845562E-04 -7.5703986805734E-05 -7.8252108828716E-05
 -2.9100996017748E-04 -4.5343530421973E-04  9.7476506672346E-05  8.9387869934379E-05
  2.4578621447291E-05  8.1804751899401E-04  4.3277225683679E-05 -4.3590153682811E-04
  4.1506647967928E-04  1.0057417918724E-03  4.5762069128729E-04  3.6167052639323E-04
  7.7749097257250E-04  1.1147530672562E-03 -1.9530591320340E-01  2.6295363507367E-31
  3.9443045261051E-31  1.6040171739494E-29  4.1079338847602E-01 -8.2173010960522E-33
  5.5466782398352E-32 -1.5202007027697E-31  3.0814879110196E-33  7.0386771490063E-01
 -1.4056243835855E-03 -2.6421251672427E-20  6.3684083494405E-32 -1.4056243835855E-03
  7.0386771490063E-01  1.8070036208092E-20 -1.3969411863289E-31  3.4706292687758E-20
  0.0000000000000E+00  7.0512486450271E-01 -1.9903563030427E-05  2.3159101614805E-05
  2.3159101614805E-05  1.1470237827402E-22 -1.4548660565599E-04 -1.3473506644303E-05
 -1.3473506644303E-05  1.0367330343998E-22  1.9610004134637E-04  1.3906906515184E-05
 -3.7012120587415E-05  2.8675594568505E-23  1.9610004134637E-04 -3.7012120587415E-05
  1.3906906515184E-05  1.7646519734464E-23  9.1761902619216E-22  8.8232598672253E-24
  8.8232598672393E-24  5.0836267441547E-05  4.2970998902217E-03  1.7281029574972E-04
  1.7281029574972E-04 -1.0764377038023E-21 -4.1205177365961E-03  3.7715682652710E-04
  7.3185824993653E-04 -4.5880951309608E-22 -4.1205177365961E-03  7.3185824993653E-04
  3.7715682652710E-04 -1.1293772630057E-21  8.4703294725430E-22 -1.4117215787585E-22
  4.9410255256514E-22 -6.8198171159720E-04  3.9478075402040E-04  1.4046557029376E-04
 -1.4046557029376E-04 -1.6623934412956E-04 -1.0373671309778E-04 -2.1231471758373E-04
  2.4273029822965E-05  1.3532255171685E-04  1.0373671309778E-04  2.4273029822965E-05
 -2.1231471758373E-04 -1.3532255171685E-04 -1.9482604662052E-04 -1.3038391690636E-05
  1.3038391690636E-05  1.1446225782674E-04 -4.2527431507800E-02 -1.8791318661275E-03
 -1.8791318661275E-03  7.0586078937858E-22  3.2862818506501E-02  4.3333085847467E-04
  1.5516770938848E-03 -1.5811281682080E-20  3.2862818506501E-02  1.5516770938848E-03
  4.3333085847467E-04 -4.5175090520229E-21 -5.6468863150287E-21  1.1293772630059E-21
  1.4117215787570E-21  3.6211972171105E-03 -2.0852773902322E-03 -8.3762210149614E-04
  8.3762210149614E-04  9.8531600292921E-04  9.5626165260969E-04  7.7039482524655E-04
 -7.4193647645630E-04 -7.3584859805045E-04 -9.5626165260969E-04 -7.4193647645630E-04
  7.7039482524655E-04  7.3584859805045E-04 -1.0635458663956E-03 -3.2200266386734E-04
  3.2200266386734E-04  2.8318014799339E-05  2.5854395638913E-03  1.0603634205622E-04
  1.6985430007137E-04  2.8234431575143E-22 -6.2201929627130E-05  5.7542962820050E-04
 -5.6652790859549E-04  6.2115749465315E-21 -1.8518710375104E-03 -4.6292802831401E-05
 -4.9923866355664E-04  5.6468863150287E-21 -2.2587545260115E-21  3.3881317890171E-21
  1.2839532962582E-34  4.6375846900269E-04  5.7651220239673E-04 -5.9450670497860E-05
 -5.1788743304012E-04 -7.0595517368844E-04  1.0042310616162E-05 -6.4134166125014E-05
  4.8317981830622E-05  6.0658718077531E-04 -8.0233677732906E-05 -3.2600354972662E-04
  2.1479010564421E-04  7.1307011904802E-04  4.1097544325918E-04  2.3404251507310E-04
  5.0456834044312E-04  6.3614178353854E-04 -9.6620974998583E-04 -7.9815462646875E-05
 -7.9815462646875E-05 -2.3999266838872E-21  4.8919705594244E-05 -1.0555229263210E-03
 -1.1175134660069E-03  5.0821976835258E-21  4.8919705594243E-05 -1.1175134660069E-03
 -1.0555229263210E-03  9.6296497219362E-35 -1.1293772630057E-21 -1.1293772630057E-21
  8.0247081016135E-36  1.1519149016707E-04  3.8251590216860E-04 -3.1828545904625E-05
 -3.1828545904625E-05  6.5187256421370E-05 -3.2298106715878E-05 -4.9329686317073E-05
 -3.8191159712659E-04 -5.0520821390601E-05 -3.2298106715877E-05 -3.8191159712659E-04
 -4.9329686317073E-05 -5.0520821390601E-05 -2.1008789053432E-04 -7.4990535883964E-06
 -7.4990535883965E-06 -5.5022685702562E-05 -2.7475982446097E-01  1.0518145402947E-30
 -3.1554436208840E-30 -2.8398992587956E-29  4.9180980691130E-01  2.9145739825060E-32
 -2.5884498452564E-31  6.5738408768418E-32  1.4380276918091E-32  4.9006843415024E-01
  1.2552245993054E-04  2.7528570785765E-21  5.7521107672365E-32  1.2552245993054E-04
  4.9006843415024E-01  1.8070036208092E-20 -5.6288512507958E-31  8.1879851567916E-21
  0.0000000000000E+00  4.8986298961792E-01  5.9132367755474E-01  5.2385294487333E-32
 -1.1915086589276E-31 -5.1358131850326E-32  4.7249481302300E-32  3.4143859229167E-01
  8.8497168605992E-04 -4.9410255256501E-22 -1.1915086589276E-31  8.8497168605992E-04
  3.4143859229167E-01  4.5175090520229E-21  5.9575432946379E-32  1.6199505116238E-20
  9.0350181040459E-21  3.4049216619109E-01  9.3271546320307E-04  1.2745992952328E-04
  1.3527080350944E-03  1.2171597022458E-03 -1.2745992952328E-04 -2.7121429260646E-04
  3.9865566511399E-04 -6.8282383580306E-05 -1.3527080350944E-03  3.9865566511400E-04
 -1.1081483310958E-03 -1.1966669234129E-03 -1.2171597022458E-03 -6.8282383580306E-05
 -1.1966669234129E-03 -1.3438912478293E-03  1.9609572898901E-04 -1.1157161825430E-03
  1.1157161825430E-03 -2.2587545260135E-21  1.1157161825430E-03 -1.3750411355626E-03
  1.2106097336690E-03 -1.1293772630068E-21 -1.1157161825430E-03  1.2106097336690E-03
 -1.3750411355626E-03  5.0635908121181E-33  2.2587545260094E-21  3.9528204205190E-21
 -4.5175090520180E-21 -6.4260934640134E-04  4.0732392274892E-04 -3.9753462688077E-04
 -3.9753462688077E-04 -1.1293772630078E-21  3.9753462688077E-04  1.0602451182614E-03
  1.3337108051789E-03 -3.5033924767358E-21  3.9753462688077E-04  1.3337108051789E-03
  1.0602451182614E-03 -4.4640588214964E-21 -1.1293772630078E-21  9.4784965697312E-21
  6.1477377392590E-21 -4.5702181104415E-04  2.2604334753819E-05  4.5692235004098E-06
  4.5692235004098E-06 -1.9852334701273E-23  7.5964253848375E-07 -2.7966398324807E-07
  2.7966398324807E-07  3.7927609373034E-06 -2.7166730927609E-08 -8.3677606065954E-07
  3.1784198203502E-07  2.2058149668081E-23  2.1916107969430E-04 -1.9974822550085E-06
 -1.9974822550085E-06  2.7021233343399E-23  3.1167302721970E-05  3.2096429188665E-05
 -1.7322002799965E-05  7.4997708871474E-23  3.1167302721970E-05 -1.7322002799965E-05
  3.2096429188665E-05  1.7646519734465E-23  7.4115382884751E-22 -1.7646519734441E-23
  2.8675594568481E-23  5.0064384092943E-05  9.0314252738608E-06 -7.7408204367933E-07
  7.7408204367934E-07  1.7597010132366E-06 -3.5182559756935E-06  2.7294582351726E-05
  7.7274726635392E-07 -1.0196605312266E-05  3.5182559756935E-06  7.7274726635392E-07
  2.7294582351726E-05  1.0196605312266E-05  4.1503926406394E-05 -1.3816240369554E-06
  1.3816240369554E-06  6.3884516357376E-06  1.7083637195401E-06 -3.5226948371363E-06
  4.8507805331026E-06 -2.4815418376591E-24 -7.3754550056968E-06  2.3099504900753E-05
 -1.0558519428654E-05 -3.9704669402545E-23  2.1200829404154E-06 -1.4483419321284E-06
  1.7977909539979E-07 -3.5293039468929E-23  1.4117215787572E-22  2.6469779601673E-23
  6.6174449004483E-24  1.7438665564536E-05  6.7775832028848E-06 -7.5243175405713E-07
  1.7634731041878E-06 -8.9884424706250E-07  1.2269244512056E-05  1.0834489373491E-05
 -1.9373024355167E-07  4.6888699921063E-06  6.9742734728008E-06 -2.1855002987505E-06
  7.8078844332403E-06  7.7194220819853E-06  5.0697383265061E-06  2.3368095664431E-06
  6.7131932385841E-06  1.6933103591777E-05 -2.3134470714817E-03  3.7580157993394E-05
  3.7580157993394E-05 -3.6175365455652E-22 -1.2846666039595E-03 -9.9595701450371E-05
  3.3607516946634E-04 -6.5292123017519E-22 -1.2846666039595E-03  3.3607516946634E-04
 -9.9595701450371E-05 -2.8234431575143E-22  1.9764102102600E-21  7.0586078937826E-22
  3.5293039469250E-23 -6.3733877551356E-04  4.0471329976113E-05 -2.9461608363785E-06
  2.9461608363785E-06  1.6625360811869E-05 -2.2424680321936E-05 -3.3756215516986E-04
  3.2412151623388E-05  1.1907862911414E-04  2.2424680321936E-05  3.2412151623388E-05
 -3.3756215516986E-04 -1.1907862911414E-04  1.9143612492246E-05  3.5011997300565E-05
 -3.5011997300565E-05 -1.0597457402571E-04  1.8407172064294E-04  5.1654981210088E-05
 -7.2137434247987E-05  3.0109374296930E-22  1.4280754831525E-04 -2.8480582678961E-04
  1.2509448798977E-04  8.8232598672323E-22 -1.6170234223979E-04  2.8358002358056E-05
 -1.8091466388825E-05  5.6468863150287E-22  0.0000000000000E+00  9.8820510513034E-22
 -7.0586078938179E-23 -2.2499185701576E-04  7.4807832601491E-05  9.0590838933722E-06
 -3.0292600390863E-05 -1.0517196546164E-06 -8.3018151931969E-05 -1.4249000337351E-04
  5.0185534189942E-06 -6.0489559018659E-05 -4.5353586137600E-05  2.7063601171787E-05
 -1.1825985421972E-04 -1.0659421010009E-04 -2.5663062597151E-05 -3.4289997116854E-05
 -8.9913735157658E-05 -2.2750047675221E-04 -3.4663279129486E-04 -3.3578891649876E-05
 -3.3578891649876E-05  4.3013391852757E-23  4.7095425593809E-04  3.9104907878059E-06
  9.8506419286586E-05  9.1761902619215E-22  4.7095425593809E-04  9.8506419286586E-05
  3.9104907878059E-06 -1.4117215787571E-22  1.4117215787572E-21 -8.4703294725430E-22
 -1.4117215787572E-22 -1.3078555820031E-04  5.4933599564229E-05  5.6340452967411E-06
  5.6340452967411E-06 -2.9685501886964E-05 -1.1045890624778E-05 -1.2710781291464E-04
  5.0299528377420E-05  6.7903647773160E-06 -1.1045890624778E-05  5.0299528377420E-05
 -1.2710781291464E-04  6.7903647773160E-06  1.6265689601878E-05 -1.4892737304107E-05
 -1.4892737304107E-05 -8.6351522068569E-05  2.1821780560297E-02 -1.7452371400388E-04
 -1.7452371400388E-04  9.1761902619216E-22  7.8739899465240E-03  1.6215915579409E-03
  1.1706910519785E-03  2.2587545260115E-21  7.8739899465240E-03  1.1706910519785E-03
  1.6215915579409E-03 -1.1293772630057E-21 -1.6940658945086E-21 -1.1293772630062E-21
  5.2939559203923E-23  3.2606759282990E-03 -1.3205193156759E-04 -9.2750172199433E-05
  9.2750172199433E-05  1.1269826696169E-05 -3.7605153314842E-04  1.4175034863947E-03
 -5.5618200327006E-04 -7.1412098102061E-04  3.7605153314842E-04 -5.5618200327006E-04
  1.4175034863947E-03  7.1412098102061E-04 -1.3431089850965E-03 -4.2700617849851E-04
  4.2700617849851E-04  7.8633408666747E-04 -2.9690277733609E-03 -2.9171200674411E-04
  3.9297919189452E-04  1.4117215787572E-22 -1.3574629396410E-03  1.1744294972123E-03
 -5.5174477167084E-04  8.4703294725431E-22  3.0045961772891E-03 -1.6825186684604E-05
  2.1818477965229E-05 -8.0247081016135E-36 -5.6468863150287E-21  1.1293772630063E-21
  1.1470237827397E-21  9.8788928690321E-04 -7.0901681945665E-04 -9.4284422376108E-05
  8.1586091360844E-05  1.0548410839039E-05 -9.8572075282542E-05  6.2681611102523E-04
  4.1246708313883E-05  3.2181880057174E-04 -3.6848261567880E-05 -5.0038928033456E-05
  6.2379471473776E-04  4.9856576576042E-04 -2.4901204328791E-04  2.3731941746374E-04
  4.6118383144524E-04  1.0277990859111E-03  2.8631619281774E-03  1.9438656040504E-04
  1.9438656040504E-04  1.4117215787572E-22 -3.8193941678119E-03 -4.9079115786634E-05
 -4.9399294814636E-04 -4.5175090520229E-21 -3.8193941678119E-03 -4.9399294814636E-04
 -4.9079115786634E-05 -2.2587545260115E-21 -9.5997067355487E-21 -1.1293772630057E-21
  5.2939559203394E-23  5.7817767731683E-04 -5.8897659439943E-04 -1.3361313849956E-05
 -1.3361313849956E-05  1.2654162643420E-04  1.8441682657260E-04  5.6984438027139E-04
 -2.3537803409352E-04 -2.5160596858230E-05  1.8441682657260E-04 -2.3537803409352E-04
  5.6984438027139E-04 -2.5160596858230E-05  2.0380684164043E-04  3.9226554662325E-05
  3.9226554662325E-05  3.3842674755127E-04  3.2022927541897E-04 -1.0968983455467E-04
  1.0968983455467E-04  1.3968855184811E-04 -1.9984753540640E-04  8.4016942130379E-04
 -4.8501876479060E-04 -2.5617235186317E-04  1.9984753540640E-04 -4.8501876479060E-04
  8.4016942130379E-04  2.5617235186317E-04  2.4405557471469E-04 -2.0838727005659E-04
  2.0838727005659E-04  7.6782295654732E-04  1.3077868824143E-05 -3.8470769466721E-05
  1.4310889182245E-06  9.8820510513002E-22  1.6393612430925E-05  4.4142130699675E-04
 -7.8047642223530E-05  1.6940658945086E-21 -1.4731961708709E-05 -1.1073299193972E-04
  3.9256237629398E-04  1.1293772630057E-21  2.8234431575143E-21  3.3881317890172E-21
  5.2939559203394E-23  5.4627641496022E-04  3.7750785016932E-04  7.0242424998975E-05
 -5.4961316135356E-05 -1.8095548145363E-05  3.7471882686918E-04  4.8835769389607E-04
 -2.2646621648638E-04 -4.1946953260276E-05 -7.7112440621439E-05 -2.5571260186898E-04
  7.0849320261658E-04  3.2397117377882E-04 -1.7124886564801E-04 -5.1177016042586E-05
  2.8840380376369E-04  6.6933724045982E-04 -4.9929005758946E-02  4.2072581611787E-29
 -1.1044052673094E-29 -5.6797985175913E-29  3.1654927429130E-04  1.1434486629623E-04
 -3.8109098402582E-04 -5.3870287616522E-04  7.3808584005656E-05  3.4493646900801E-04
 -3.4493646900801E-04 -9.2033772275785E-31 -3.6126797693533E-04  6.2514059044493E-04
  6.2514059044493E-04  1.1293772620854E-21  1.1021685789437E-01 -1.3173360819609E-31
  5.2590727014734E-31  2.5987214716265E-31 -4.0264775370656E-31  2.8205108903745E-01
 -5.1881315260935E-03 -2.4069852917810E-20 -1.4791141972894E-31 -5.1881315260935E-03
  2.8205108903745E-01 -1.3552527156069E-20  1.3147681753684E-30 -5.4210108624275E-20
  5.8727617676298E-20  2.8695269614055E-01 -1.0189459794517E-03 -6.2950041945557E-04
 -4.0324498412574E-03 -3.3515309978782E-03 -2.0680568068065E-04  9.2262878466228E-04
 -1.4358553158699E-03 -1.6158491363136E-04  1.3990496074613E-03 -8.6121224639072E-04
  4.7602257386699E-03  4.6265411259958E-03  1.6616133312406E-03  5.7848481138978E-04
  5.3358906863000E-03  5.4430889806677E-03 -5.4809530686464E-04  3.4078034035271E-03
 -3.4078034035271E-03  4.5175090520219E-21 -1.3027280756844E-03  5.3406700481653E-03
 -5.1715075883992E-03  1.0164395367052E-20  1.3027280756844E-03 -5.1715075883992E-03
  5.3406700481653E-03  1.6835837597185E-32 -4.5175090520209E-21  1.6940658945090E-20
  2.8888949165809E-34  1.9619725617934E-03  3.4451052134754E-04  1.5230083763376E-03
  1.5230083763376E-03 -1.0271626370065E-33 -8.9254714655866E-04 -3.6756698835646E-03
 -4.5088584603680E-03 -1.6000488868169E-20 -8.9254714655866E-04 -4.5088584603680E-03
 -3.6756698835646E-03 -1.8489334791992E-20  6.7762635780365E-21 -3.1988947317240E-20
 -1.1935451529615E-20  1.4965071748751E-03  1.3102188379340E-01 -9.9634775789633E-32
  2.3830173178551E-31 -5.2590727014734E-31  3.2869204384209E-32  1.9600521245450E-01
 -3.3078338828607E-03  3.6034193297777E-20 -8.2173010960522E-32 -3.3078338828607E-03
  1.9600521245450E-01 -9.0350181040459E-21 -2.0543252740131E-31  1.3870164511289E-20
  0.0000000000000E+00  1.9922979600239E-01 -1.0764515642751E-03 -4.3704067086849E-04
 -2.7507193269268E-03 -2.2544832649442E-03 -2.9774994013024E-04  3.4918370080114E-04
 -8.6530644601085E-04 -1.7363805320194E-04  8.0645023674343E-04 -3.9586347144068E-04
  2.6967870840976E-03  2.6798457452861E-03  1.1806651031505E-03  3.9434033112849E-04
  3.2434969247043E-03  3.0737386377198E-03 -5.2639516150447E-04  2.3158591095098E-03
 -2.3158591095098E-03  0.0000000000000E+00 -7.5989818937621E-04  3.0343809727633E-03
 -3.0375786192085E-03 -6.2115749465312E-21  7.5989818937621E-04 -3.0375786192085E-03
  3.0343809727633E-03 -1.4396326334295E-32  0.0000000000000E+00  1.2423149893063E-20
  9.0350181040459E-21  9.0155128112609E-04 -4.9009446393735E-04  8.6124266222814E-04
  8.6124266222814E-04  0.0000000000000E+00 -1.5002529910707E-04 -2.2243966864039E-03
 -2.5810790066208E-03  4.1754588752536E-21 -1.5002529910707E-04 -2.5810790066208E-03
 -2.2243966864039E-03 -9.2727830409320E-21 -2.2587545260115E-21  3.2257367105089E-22
  1.0363093069207E-20  6.9358415511646E-04  7.5775410488775E-05  9.0350181040469E-21
 -3.3881317890172E-21  4.7246141595586E-05  3.3881317890172E-21 -2.1891880732435E-05
 -3.5802359146626E-04  1.8211208365967E-20 -1.1293772630057E-21 -3.5802359146626E-04
 -2.1891880732431E-05 -2.2587545260115E-21 -4.9603770423142E-06  5.8586445518422E-21
  0.0000000000000E+00 -5.0162551173337E-05  2.9162191119126E-04  1.6876499878798E-04
  2.4799285303527E-04  1.4117215788393E-22  1.2763026879814E-04  2.4672409841242E-04
 -3.6234176818633E-05  4.6586812098987E-21 -1.6207538235828E-04 -4.1567137864758E-04
 -3.5306080998442E-04  0.0000000000000E+00 -1.7117124142390E-21  3.5998900258308E-21
  0.0000000000000E+00  2.2434625624233E-04  3.4966017127434E-02 -1.9721522630525E-31
  2.7117093616972E-31 -5.3001592069537E-31 -1.9721522630525E-31  1.1746388165962E-01
 -4.3700888523182E-03  5.7033551781790E-20  2.5473633397762E-31 -4.3700888523182E-03
  1.1746388165962E-01 -4.5175090520229E-21 -2.6706228562170E-31 -3.1057874732658E-21
 -2.7105054312138E-20  1.2113752430826E-01 -9.7456563371401E-04 -1.5351575289573E-04
 -2.2762152712509E-03 -2.1552204637920E-03  1.5351575289573E-04  1.6031915134850E-03
 -1.0540024525777E-03  3.1893807072088E-04  2.2762152712509E-03 -1.0540024525777E-03
  4.9699780232959E-03  4.4217054330733E-03  2.1552204637920E-03  3.1893807072088E-04
  4.4217054330733E-03  5.3630502694790E-03 -6.4157533890478E-04  2.0110301635508E-03
 -2.0110301635508E-03  6.7762635780344E-21 -2.0110301635508E-03  5.4174648446947E-03
 -4.6513946260087E-03 -5.6468863150293E-21  2.0110301635508E-03 -4.6513946260087E-03
  5.4174648446947E-03  1.8777816957776E-33 -2.2587545260115E-21 -2.1458167997109E-20
 -9.0350181040457E-21  2.6743594794785E-03  1.4753388916940E-03  1.1840640404865E-03
  1.1840640404865E-03  0.0000000000000E+00 -1.1840640404865E-03 -1.9589940389852E-03
 -3.1142476510948E-03  8.9715017941446E-21 -1.1840640404865E-03 -3.1142476510948E-03
 -1.9589940389852E-03  8.5457814804070E-21 -9.0350181040459E-21 -3.6078571889760E-21
 -1.5341144963314E-20  1.9750465912263E-03  7.1862168551147E-05 -6.7762635780385E-21
 -1.4681904419070E-20  2.0164325277069E-04  4.5175090520270E-21  8.0090691837092E-04
 -5.8181043185206E-04 -1.2211391656249E-20  0.0000000000000E+00 -5.8181043185206E-04
  8.0090691837092E-04 -6.7762635780344E-21 -2.0164325277069E-04 -1.5317179129515E-20
  2.2587545260115E-21  3.5515735033338E-04 -4.5186169781189E-05  1.1334524932088E-04
  5.3344398551232E-05  5.2233698413954E-21 -1.1334524932088E-04  1.0296146189145E-03
 -3.5643650287436E-04  5.8586445518422E-21 -5.3344398551232E-05 -3.5643650287436E-04
  2.4367489116360E-04  0.0000000000000E+00 -4.3763368941452E-21 -1.5317179129515E-20
  0.0000000000000E+00  1.0227939885202E-03 -3.1399105542882E-05  1.2240375271003E-04
 -1.2240375271003E-04 -7.8688069997084E-05 -1.2240375271003E-04  7.5496317117521E-04
 -6.1145417005750E-04 -2.7343261953336E-04  1.2240375271003E-04 -6.1145417005750E-04
  7.5496317117520E-04  2.7343261953336E-04  7.8688069997084E-05 -2.7343261953336E-04
  2.7343261953336E-04  9.1321381768685E-04 -6.1382384257580E-05  1.5042916487195E-04
 -7.5985306420707E-05 -1.3760317725632E-04 -1.5042916487195E-04  9.3747695182614E-04
 -6.1072992324952E-04 -2.9699283269353E-04  7.5985306420708E-05 -6.1072992324952E-04
  9.5046849881613E-04  3.0319851189920E-04  1.3760317725632E-04 -2.9699283269353E-04
  3.0319851189920E-04  9.5068429521422E-04 -1.0568654636833E-04 -1.2051246365940E-04
 -1.2051246365940E-04 -2.8057477526253E-05  1.2051246365940E-04  6.3876779465782E-04
 -2.0342382795001E-04  2.7502959481062E-04  1.2051246365940E-04 -2.0342382795001E-04
  6.3876779465782E-04  2.7502959481062E-04  2.8057477526252E-05  2.7502959481062E-04
  2.7502959481062E-04  1.0004111478604E-03 -4.0964351036397E-05 -3.6154466092793E-05
  1.0714701691550E-04 -3.7092708605748E-05  3.6154466092794E-05  5.1637992697895E-04
 -3.7490681576026E-04  9.7018494013726E-05 -1.0714701691550E-04 -3.7490681576026E-04
  3.4373003396022E-04  1.3879312953349E-04  3.7092708605748E-05  9.7018494013726E-05
  1.3879312953349E-04  9.0020352382732E-04  8.1879790662147E-04  1.1883319002619E-04
 -1.9532519798940E-03  2.1245160816873E-03  7.6275292452748E-04 -6.2076871118603E-05
 -1.8377913862104E-03  1.6066853178695E-03 -1.1081555182785E-04  1.2783655848240E-04
 -1.7801136156163E-04 -1.1516682468102E-04  5.2392020224128E-04  5.2700286268663E-05
 -5.4562437605519E-04  7.5860593336535E-05 -1.0606952216535E-04  1.8612819936627E-05
  1.6625501902589E-05 -1.5392169557592E-04 -5.2879728984866E-05  2.0853117405193E-05
  1.9517991736990E-05  4.2985016439032E-05 -7.7825997688727E-04 -2.1521289232405E-04
  4.4798986872473E-03 -4.7228235243530E-03 -2.1521289232405E-04 -3.6756658044513E-03
  2.0574602852514E-04  1.7413306903137E-04 -4.7228235243530E-03  1.7413306903137E-04
  1.2419091191517E-02 -1.2590624092721E-02  4.4798986872473E-03  2.0574602852514E-04
 -1.2402378160895E-02  1.2419091191517E-02 -1.0446223084019E-03 -2.0646238757883E-04
  3.1488275312559E-03 -3.4513171596113E-03 -9.6027999703763E-04 -3.9635570272430E-03
  2.2402141306942E-04  4.3618995864515E-04 -8.5150034109441E-03  1.0880593119894E-04
  9.5503180296411E-03 -1.0249780149486E-02  7.4687825067207E-03  4.4365089570374E-04
 -9.9772029357360E-03  9.7655284733938E-03 -1.9559230662235E-03  1.1778506043823E-04
  4.2999346869633E-03 -3.8561866527881E-03  1.3348396432089E-03  1.6130425644918E-03
 -7.2389694920791E-04 -1.3902789485927E-03 -1.1446078324178E-02  2.4576444752973E-04
  1.4985730876017E-02 -1.7272644834002E-02  1.2725237168363E-02 -1.7391463478853E-03
 -1.8187618935164E-02  1.3827199112657E-02  1.5861524848276E-04 -1.5869825200611E-04
  4.7979819789671E-04  3.7127015764465E-04 -1.1013578514895E-03  5.5332963956484E-04
 -6.6670211656288E-04 -1.0086210875651E-03 -2.0821686649108E-04 -1.2449526128235E-03
  1.8411477107460E-03 -7.5719295386427E-05  1.4579012658295E-05 -2.0388079757530E-03
 -1.7799241659991E-04  1.9686783580777E-03 -1.0396243842464E-03  7.4081862378731E-05
  1.4487998655706E-03 -1.0922745858474E-05 -2.3811360811136E-03 -1.5291149465627E-03
  3.0312468936273E-03 -2.1426098249143E-03  2.1149941300340E-04  1.3587936691667E-03
  1.8896470309131E-03 -6.6188371716949E-05 -4.0070418481354E-03 -1.1369698059862E-03
  2.6629727509208E-03 -4.7051870751902E-04  3.8022159519081E-04 -1.7736395740798E-05
  7.9200642799632E-07  5.6255553526783E-04 -2.2622192370519E-06  7.8697675984732E-04
  1.4258731468992E-04 -1.3751514794123E-03 -2.4914158241107E-05 -3.4470323102800E-05
  9.6423637495861E-04  2.6172133884960E-05 -7.4036742480475E-04 -2.4092679198452E-04
 -1.1771065084898E-04 -1.5429483891469E-03  3.1306498232888E-04 -4.3654235488749E-05
 -3.4058355695698E-04 -1.0407417795665E-04  4.1281570554384E-05  2.6040620992436E-04
  5.0353894550596E-05 -8.8355228060612E-04  7.4829266720891E-04 -1.9222236539971E-04
 -6.3870657961555E-04 -3.1786773143436E-04  4.9755300289403E-06 -1.0216697868908E-03
 -9.1435310919364E-05  3.6134007626488E-04 -4.8683644278347E-05  1.8217598287731E-04
  1.6558151109990E-04 -1.5645261616258E-04 -5.0749419566771E-04  1.0509338096907E-03
  4.9836706167578E-04 -1.2509294023014E-03 -2.0964483207062E-04  2.9602175129497E-04
  8.3328496336345E-04 -3.6472902146517E-04  5.2279320265147E-05 -7.7662241970849E-04
 -3.8527202290507E-04  5.6461582729937E-04 -6.2674108504051E-05 -1.6158600329655E-04
  9.1417189038141E-05 -1.1107987512495E-04  2.6929337022164E-04  3.6306271364885E-04
 -5.6769190837867E-04 -3.9600419589070E-04 -1.4948980632762E-04 -5.1981177524470E-04
  7.6886773288820E-04 -3.8926336415060E-04  7.5232163185320E-05 -4.5582153575096E-04
 -1.7716749067326E-04  1.7429708009365E-04  1.1554612654527E-04  8.0268861639750E-05
  3.3833303600224E-05  2.3077585765481E-04 -3.6268194288691E-04 -8.8556615517977E-04
  7.5398982983538E-05 -1.5165713537417E-03 -1.4791949411349E-04 -3.1159414569113E-04
  7.0535664582537E-04 -3.5195549718252E-04 -6.8131813332539E-04 -1.5349361069157E-03
  3.3040152069236E-05 -1.4204975857656E-03 -2.3101351820682E-04  2.2983507326415E-04
  2.7197953228843E-04 -2.4538501695561E-04 -6.4855595122450E-04  7.9828159245719E-04
  1.0040709818210E-03 -1.0573158874706E-03 -2.8268555250577E-04  4.5638575445459E-04
  8.0296750741735E-04 -4.4454414678871E-04  1.7462388009837E-04 -8.1378549838950E-04
 -3.8299922796056E-04  3.5820904410295E-04 -9.1516454115231E-04 -7.6697097908447E-04
  5.2209756973874E-03 -6.1156357335970E-03 -7.6697097908447E-04 -3.6665828499805E-03
  3.6120651833610E-04  2.8841894384453E-04 -6.1156357335970E-03  2.8841894384453E-04
  7.4779029595764E-03 -8.1615402034580E-03  5.2209756973874E-03  3.6120651833611E-04
 -7.8821439605825E-03  7.4779029595764E-03 -7.4881825340114E-04 -1.1713849770372E-03
  2.1826837532679E-04  1.2854386161748E-04  1.1713849770372E-03  6.6628210077469E-04
  1.5199948949525E-04  6.4056415213662E-05 -1.2854386161748E-04  6.4056415213662E-05
 -8.2023252802405E-04  6.6169044320678E-04 -2.1826837532679E-04  1.5199948949525E-04
  7.5234377542362E-04 -8.2023252802405E-04  2.3594837025996E-03 -1.6015022749472E-03
 -3.1909928374347E-03  5.8573938339080E-04  1.6015022749472E-03  1.4762751712734E-04
 -1.4469310273495E-03  6.7223066263097E-04 -5.8573938339080E-04  6.7223066263097E-04
 -2.1402118499066E-04  6.5536269333148E-04  3.1909928374347E-03 -1.4469310273495E-03
 -1.9311265782133E-03 -2.1402118499066E-04 -2.7019667466801E-03 -2.7507898663155E-05
  5.8564611219643E-03 -5.5532142915233E-03  1.0102303857037E-03  2.8665134487201E-04
 -4.0973691018340E-04 -9.5336027813224E-04 -7.9249938708932E-03  3.2459812644064E-04
  1.0563390929710E-02 -1.2485091541092E-02  8.8052269169845E-03 -1.1778943507756E-03
 -1.3063316539899E-02  9.7096374917866E-03  6.0051325164508E-05 -8.0308749881404E-04
  6.8737135896358E-04  5.6126058779216E-04 -7.0332965655488E-04  3.5996059653813E-04
 -2.7867540783256E-04 -6.0115790396673E-04 -1.6228527854890E-04 -8.0576519065516E-04
  8.0156525732731E-04  1.3191465956986E-04  4.2544970434657E-05 -1.3388584220169E-03
  2.9005586527155E-05  9.5669501963194E-04 -1.5146241696887E-03 -4.1392336822959E-04
  4.0732190869025E-04  3.3284621432590E-04 -1.7394817734096E-03 -1.0261085050816E-03
  2.0640869879068E-03 -1.5195923299433E-03  8.7301773061519E-05  1.2703055433326E-03
  1.1511069813840E-03  1.2455200534358E-04 -2.6638151211618E-03 -1.2924212364848E-03
  1.3945256628085E-03 -6.8578299511465E-04  4.9343531548631E-04 -5.7578134828442E-05
 -3.4760916471881E-05  5.2718090161593E-04  5.1076528897859E-06  3.9124752574212E-04
  2.1520471513518E-04 -9.1690118458713E-04 -1.8200332662233E-05  6.1727472392065E-05
  4.6148062279167E-04  1.1761170570022E-06 -4.8381700883829E-04 -1.6876493434570E-04
 -4.4606695505250E-05 -1.0998207699521E-03  3.4198304799088E-04 -1.6684265280938E-05
 -2.8660790143989E-04 -1.1140555178591E-04  5.7373436256770E-05 -7.4737122699526E-05
  3.3538380318091E-05 -6.0024890903485E-04  4.8402338072140E-04  2.5282560901752E-05
 -4.1732292044224E-04 -2.1771096752926E-04  3.0196091727809E-05 -7.1518355450819E-04
 -1.0106687409248E-04  5.3515870894067E-07  1.7712558991295E-06  1.9141733477512E-04
  1.3670519944544E-04 -1.7562407338641E-04 -3.0633132187985E-04  5.3259612598289E-04
  3.5464266450911E-04 -7.5524576146991E-04 -1.4915122442703E-04  2.6388914198416E-04
  3.9650102087826E-04 -2.0681563851227E-04  2.3688597165230E-05 -4.6393186362056E-04
 -2.1341293471767E-04  2.0687982406979E-04 -2.3996239830030E-05 -8.7899592611470E-05
  9.8733919155149E-05 -3.4848251698991E-05  1.3970235079070E-04 -1.8418423601756E-05
 -2.5939148520660E-04 -3.2506694227515E-04 -8.5003137968373E-05 -2.0371821715053E-04
  3.2829461735990E-04 -1.8834159203813E-04  3.7298884391436E-05 -3.5064415121919E-04
 -9.2134925062876E-05 -1.1088175498909E-04  1.2048612847409E-04  2.0853588077291E-04
  1.2249245834774E-04  2.7636121419809E-04 -2.6021926703878E-04 -8.7405373679840E-04
  1.2281696663364E-04 -1.1311457548004E-03 -8.9226105244927E-05 -1.2306411194970E-04
  3.0428873533247E-04 -2.0768866867338E-04 -4.4509770071520E-04 -1.1650712019080E-03
  3.4638401046922E-05 -1.1602190355637E-03 -3.1223908966508E-04  3.7546119679986E-04
  4.8187734910969E-04 -1.9313235059236E-04 -4.4872827996941E-04  5.0175353793873E-04
  8.0083361599517E-04 -6.5891212061133E-04 -1.9615956982852E-04  4.1853641673983E-04
  5.3544529497584E-04 -2.3920068475084E-04  1.2564643258893E-04 -5.2317452807690E-04
 -2.4404283610702E-04  6.1368269770524E-05 -3.9326770243455E-04 -5.2260224411516E-06
  3.3357858595043E-04 -3.0651467515178E-04 -4.9537755340771E-06 -9.8413557682452E-05
  1.9103469280681E-05 -2.4555663804371E-04 -6.8371729296521E-04  7.5286778005836E-05
  1.0534206674870E-03 -1.0654499886711E-03  7.0537766365249E-04 -3.0043488311841E-04
 -1.1273981475490E-03  8.6545722889167E-04  2.0009733536198E-04 -7.9136084974466E-05
  8.6666731166285E-05  2.2762474801904E-05  2.2673045288542E-04 -2.4825709884807E-04
  2.0010728776522E-05 -4.5965468744511E-05 -3.1789790151684E-05  8.7824768854876E-05
  2.3091917620224E-04 -3.1856340899955E-05  1.7959211519326E-04 -4.2097837999196E-04
 -1.6050738775180E-04  2.8549995116712E-04  2.6775297528585E-04  2.0974685141607E-04
 -6.0364661900590E-05  4.8815045073682E-05 -2.7673174956638E-04 -4.9966403201188E-04
  1.8049004413064E-04 -4.1703404066559E-04  1.1461299370933E-05  2.1816492990966E-05
  1.4301774578175E-04 -2.7989655886879E-05 -2.2197315830352E-04 -5.6680491873120E-04
  1.8533538774368E-04 -2.1048229408518E-04  1.4783506620857E-04  4.8301742003771E-04
  5.7342353617319E-03 -4.9228146344877E-03  4.8301742003770E-04  3.8095433412622E-03
 -1.1994426314666E-03 -6.0365136650572E-04 -4.9228146344877E-03 -6.0365136650572E-04
  1.0903777195852E-02 -1.2062785436488E-02  5.7342353617319E-03 -1.1994426314666E-03
 -1.3106041974880E-02  1.0903777195852E-02 -1.2734155988872E-04  1.4303574976897E-04
  3.6889956608342E-04  3.0741161278180E-04 -1.4303574976897E-04  1.4274435622709E-03
 -1.5028458257980E-03 -1.2584296692999E-03 -3.0741161278180E-04 -1.2584296692999E-03
  2.6179772010417E-03 -7.0055605821197E-05 -3.6889956608342E-04 -1.5028458257980E-03
  8.5033447346051E-06  2.6179772010417E-03 -7.8118486052930E-05  8.5994495703495E-04
  2.0201796057232E-03  1.4367121285014E-05 -8.5994495703495E-04 -3.1757101575454E-04
  1.1616315540739E-03 -1.0152403609248E-04 -1.4367121285014E-05 -1.0152403609248E-04
  1.4568628997404E-03  1.4590646372961E-05 -2.0201796057232E-03  1.1616315540739E-03
  2.4050108929891E-03  1.4568628997404E-03  1.3351618973566E-04  2.9714179055248E-05
  2.7862791269109E-05  5.1506257728713E-04  4.5401380980506E-06  1.1117884062101E-03
 -3.7100635192192E-04 -5.6925917279008E-04 -5.9896535415504E-05 -3.6415889635626E-04
  1.1711956181110E-03 -1.7252834154346E-04 -5.1257277290478E-04 -7.4101145284128E-05
 -1.4146703624434E-04 -5.5741405722023E-04  1.3351618973566E-04  4.5401380980506E-06
 -5.1257277290478E-04 -5.9896535415503E-05  2.9714179055248E-05  1.1117884062101E-03
 -7.4101145284129E-05 -3.6415889635626E-04  5.1506257728713E-04 -5.6925917279008E-04
 -5.5741405722023E-04 -1.7252834154346E-04  2.7862791269109E-05 -3.7100635192192E-04
 -1.4146703624434E-04  1.1711956181110E-03 -1.2683149830841E-04  2.3631747379236E-04
  1.4425624630768E-04 -1.7878260326039E-04 -3.4472345109629E-04  1.3976789976237E-03
  1.3328998633402E-04 -9.8591584819846E-04 -1.8863577224902E-04  3.7916913325678E-05
  1.0974338870048E-03 -4.7872358595010E-04  1.3924234660706E-04 -8.3731759817740E-04
 -3.8662162412915E-04  1.2694761617065E-03 -1.2683149830841E-04 -3.4472345109629E-04
  1.3924234660706E-04 -1.8863577224902E-04  2.3631747379236E-04  1.3976789976237E-03
 -8.3731759817740E-04  3.7916913325679E-05 -1.7878260326039E-04 -9.8591584819846E-04
  1.2694761617065E-03 -4.7872358595010E-04  1.4425624630768E-04  1.3328998633402E-04
 -3.8662162412915E-04  1.0974338870048E-03 -2.5902143658512E-06 -2.8404867583351E-04
  3.4915943180287E-06 -7.4798800405412E-05 -6.3453997756445E-05  7.8655402342135E-04
 -3.7163618807589E-04 -1.8428942905703E-04 -1.9265648153097E-04 -6.4522586446692E-04
  1.0203965690103E-03 -4.1103806127048E-04 -2.7633590187869E-04 -1.5960082521785E-05
 -1.5515489054875E-04  3.4083390201946E-04 -2.5902143658516E-06 -6.3453997756445E-05
 -2.7633590187869E-04 -1.9265648153097E-04 -2.8404867583351E-04  7.8655402342135E-04
 -1.5960082521785E-05 -6.4522586446692E-04 -7.4798800405413E-05 -1.8428942905703E-04
  3.4083390201947E-04 -4.1103806127048E-04  3.4915943180288E-06 -3.7163618807589E-04
 -1.5515489054875E-04  1.0203965690103E-03 -5.1400135057753E-04  6.9344494984700E-05
  7.1683934702426E-04 -6.8909980991292E-04  6.9344494984700E-05  5.6752139018489E-04
 -1.8638675864823E-04 -1.8739411458628E-04 -6.8909980991292E-04 -1.8739411458628E-04
  2.3677508801795E-03 -1.9838731538398E-03  7.1683934702426E-04 -1.8638675864823E-04
 -2.0372580262227E-03  2.3677508801795E-03  2.1095646341592E-05 -1.7967891801080E-04
 -8.9568704340920E-05 -1.1484493980531E-06  1.6501306708336E-04  1.1660093067975E-04
 -3.2041445168760E-04 -9.5382881224538E-05  1.9887377471201E-05 -2.0299123455935E-04
  7.3312385770709E-04 -4.6474981701989E-05  1.2258769623409E-04 -2.4212232173737E-04
 -5.2973390444981E-05  9.7698737406436E-04  2.1095646341592E-05  1.6501306708336E-04
  1.2258769623409E-04  1.9887377471201E-05 -1.7967891801080E-04  1.1660093067975E-04
 -2.4212232173737E-04 -2.0299123455935E-04 -1.1484493980528E-06 -9.5382881224537E-05
  9.7698737406436E-04 -4.6474981701989E-05 -8.9568704340920E-05 -3.2041445168760E-04
 -5.2973390444981E-05  7.3312385770709E-04 -1.0015687669294E-04 -1.3993923121524E-04
  1.6105262242956E-04  1.0751429628973E-04  1.3993923121524E-04  9.8427152336604E-04
 -4.9860678136552E-04 -4.6709009033791E-04 -1.0751429628973E-04 -4.6709009033791E-04
  1.1110333290309E-03  4.2346293807950E-04 -1.6105262242956E-04 -4.9860678136552E-04
  4.9333718331326E-04  1.1110333290309E-03 -2.5105085804293E-04  1.3961898994064E-04
  1.0228409689963E-04  1.2016238512962E-04 -1.3961898994064E-04  6.9134144449381E-04
 -3.7446679309704E-05 -4.2212585101910E-06 -1.2016238512962E-04 -4.2212585101904E-06
  9.2231394406558E-04  4.8254172572930E-04 -1.0228409689963E-04 -3.7446679309704E-05
  3.6425031354850E-04  9.2231394406558E-04  5.1210424644971E-05 -8.9067219695457E-06
  2.8275226198144E-05  7.3603168232041E-05  5.5097897943706E-06  6.1131500448495E-04
 -1.4458972937880E-04 -8.8860128074284E-05 -1.3101280062631E-06 -1.6256050418868E-04
  6.9608006335194E-04 -2.5375355444871E-05 -1.0734879426322E-04 -6.6728343732084E-05
 -4.3151169015568E-05  4.0134479484992E-04  5.1210424644972E-05  5.5097897943706E-06
 -1.0734879426322E-04 -1.3101280062630E-06 -8.9067219695457E-06  6.1131500448495E-04
 -6.6728343732084E-05 -1.6256050418868E-04  7.3603168232041E-05 -8.8860128074284E-05
  4.0134479484992E-04 -2.5375355444870E-05  2.8275226198143E-05 -1.4458972937880E-04
 -4.3151169015568E-05  6.9608006335194E-04 -7.7775926652747E-05  5.0836506295193E-05
 -6.7924470008402E-05 -1.0645136947914E-04 -2.3788843840779E-05  9.0779508223658E-04
 -2.2577651869131E-04 -6.7756407779899E-04  8.9096560918754E-05 -2.1865647440406E-04
  6.7174057208169E-04  1.5422844494952E-04  1.4179752370571E-04 -7.1311291834679E-04
  1.8977983063231E-04  1.0786498656791E-03 -7.7775926652747E-05 -2.3788843840779E-05
  1.4179752370571E-04  8.9096560918754E-05  5.0836506295193E-05  9.0779508223659E-04
 -7.1311291834679E-04 -2.1865647440406E-04 -1.0645136947914E-04 -6.7756407779899E-04
  1.0786498656791E-03  1.5422844494952E-04 -6.7924470008403E-05 -2.2577651869131E-04
  1.8977983063231E-04  6.7174057208169E-04  2.5746784673996E-05 -1.5390057576766E-05
  2.8047299762863E-07 -7.9534481302144E-05 -2.1296158204163E-04  4.0813797823010E-04
 -1.9574544364540E-04 -4.2431000498748E-05  6.6835390967031E-05 -8.2819910564092E-05
  6.1067335774016E-04  1.4155751877647E-04 -9.7276863247274E-05  5.2018009993803E-06
  4.8690120376262E-06  5.9853098342932E-04  2.5746784673997E-05 -2.1296158204163E-04
 -9.7276863247274E-05  6.6835390967031E-05 -1.5390057576766E-05  4.0813797823011E-04
  5.2018009993803E-06 -8.2819910564092E-05 -7.9534481302144E-05 -4.2431000498749E-05
  5.9853098342932E-04  1.4155751877647E-04  2.8047299762839E-07 -1.9574544364540E-04
  4.8690120376264E-06  6.1067335774016E-04 -4.9926468934950E-05  3.9657367167743E-04
 -3.3881317890172E-21  5.0821976835258E-21 -2.0374171158263E-04  2.2587545260115E-21
 -1.7337433564499E-04  5.1612052226407E-04 -2.5003822744243E-04  5.4207361921851E-04
  1.1293772630057E-21 -1.6940658945086E-21 -3.1539730391444E-04  4.5175090520229E-21
 -1.7132260233560E-04  8.3955607747548E-04  8.6690949284182E-05 -1.2814865810167E-04
  6.0354750680948E-05  6.0354750680948E-05  2.8581292357309E-05 -1.6378063958864E-04
 -1.2449621431752E-04  1.2449621431752E-04 -7.5154912382801E-05 -6.9300362487333E-04
 -3.3881317890172E-21 -2.2587545260115E-21  1.3251231612569E-04 -1.5614368189067E-03
 -1.3561350415936E-20  4.5175090520229E-21 -9.0350181040459E-21 -8.9820785448425E-21
  1.6200852863113E-04  3.5782263389176E-04  0.0000000000000E+00 -3.6140072416183E-20
  3.5782263389176E-04  1.6200852863113E-04  2.5779260551071E-04  4.5175090520229E-21
  3.0101350701167E-04 -8.8731981172852E-04  9.0350181040459E-21 -8.9405739901066E-05
 -4.5884506403133E-21 -4.4588249085732E-21  1.3569027976947E-03 -4.0335288048815E-21
  5.4847581851681E-04 -1.9639176664463E-04  1.3839268007810E-03  7.3138385058013E-22
  7.5635791774078E-04 -1.9684799019729E-03  8.9019753768598E-04 -2.0458932074058E-03
 -6.7762635780344E-21  4.5175090520229E-21  2.4695160743373E-03 -6.5676770120276E-03
 -6.7762635780344E-21  1.1293772630057E-20 -9.0350181040459E-21 -1.5811281682080E-20
 -1.0921987724151E-03 -1.5397397830228E-03  9.0350181040459E-21  2.2587545260115E-21
 -1.5397397830228E-03 -1.0921987724151E-03  1.0918362446304E-03 -9.0350181040459E-21
  3.4912411207972E-04 -2.6008578696445E-03 -3.1622563364161E-20 -1.4832650959179E-04
  9.2846422630700E-21 -1.5628216867687E-20 -8.6422953339120E-04  2.5775323097661E-20
  5.8520540242021E-04 -1.7791775660853E-03  1.6524739182687E-03 -3.9305860806929E-21
 -9.5287811401238E-05 -7.6049158716325E-03 -3.3670937671046E-04  4.1558712927455E-04
 -3.0933416573226E-04 -3.0933416573226E-04 -1.0428025007885E-04  1.0878101505752E-03
 -7.3107731213757E-04 -7.3107731213757E-04  3.6184327520198E-04 -2.7452721237633E-04
 -3.7895685159832E-04 -8.0589355765042E-04  3.6184327520198E-04 -2.7452721237633E-04
 -8.0589355765042E-04 -3.7895685159832E-04 -2.1150860262474E-04  4.6555251066836E-04
  4.0188589930604E-04 -4.0188589930603E-04 -9.7159068950236E-05  9.8368417933131E-04
  3.9741707805797E-04 -3.9741707805797E-04 -1.9786531156286E-04  7.9416641952939E-04
  8.7082585001116E-04 -9.3916815608212E-04  1.9786531156286E-04 -7.9416641952939E-04
 -9.3916815608212E-04  8.7082585001116E-04 -8.0459305096558E-04  3.1285028337408E-04
 -4.5175090520229E-21  9.0350181040459E-21 -3.1285028337408E-04 -3.7266422639903E-04
  2.2587545260114E-21 -6.7762635780344E-21  3.0092655381051E-36  1.1223186551119E-20
  3.7568967601245E-04  7.8491719778899E-19  6.7762635780344E-21  6.7762635780344E-21
  7.8703478015712E-19  3.7568967601245E-04 -8.2302143619738E-05 -3.3881317890172E-21
  9.8153025100642E-04 -5.6011749647965E-04  7.9056408410401E-21  5.4129459428838E-05
  1.3131626272570E-20 -2.8244531867942E-21  9.8153025100642E-04  2.6796554095102E-21
  4.9863744753772E-04 -2.7825985801192E-04  5.6011749647965E-04  6.8458396276924E-21
  2.7825985801192E-04 -5.8039337195324E-04  1.0121693338013E-03 -1.9647356239791E-03
  0.0000000000000E+00  0.0000000000000E+00  1.7084911602364E-03 -4.3590772182533E-03
  3.5293039468929E-23  9.0350181040459E-21  4.5175090520228E-21  2.2587545260115E-21
 -8.6086217971876E-04 -1.2301166828275E-03 -2.4074124304840E-35  6.7762635780344E-21
 -1.2301166828275E-03 -8.6086217971876E-04  6.5838577675892E-04 -6.7762635780344E-21
  4.4791299047280E-04 -2.6372294051555E-03  1.3552527156069E-20 -2.5271029629657E-04
 -2.9034811215264E-23 -4.0258125985440E-22 -7.3775845961136E-04 -8.7951896997624E-22
  1.4714896112547E-04 -1.2504870347887E-03  9.5274765629219E-04 -6.5009730680328E-21
 -2.4737252537760E-04 -4.9280003979733E-03 -2.7072255187775E-04  4.3282341810045E-04
 -2.8154146977571E-04 -2.8154146977571E-04 -4.5636504169692E-05  5.2942441582542E-04
 -3.8868870082747E-04 -3.8868870082747E-04  1.9185666903782E-04 -1.1246642853626E-04
 -5.3170939196523E-04 -6.9519530018393E-04  1.9185666903782E-04 -1.1246642853626E-04
 -6.9519530018393E-04 -5.3170939196523E-04 -1.8944115994407E-04  5.3615694275753E-04
  4.2131353029036E-04 -4.2131353029036E-04 -3.3421036089630E-05  4.3011853491965E-04
  2.4846338622874E-04 -2.4846338622874E-04 -1.0304269066728E-04  4.3465171621885E-04
  5.2805398149216E-04 -6.8840287116941E-04  1.0304269066728E-04 -4.3465171621885E-04
 -6.8840287116941E-04  5.2805398149216E-04  1.4542587560376E-04 -1.4489481433377E-03
  1.1293772630057E-20 -4.5175090520229E-21  1.4489481433377E-03 -4.6657400189888E-03
  1.1293772630057E-21 -5.6468863150287E-21  1.6049416203227E-35 -5.6821793544976E-21
 -9.5975289836444E-05 -2.4648658765100E-19  6.7762635780344E-21  5.6468863150287E-21
 -2.4083970133597E-19 -9.5975289836445E-05  1.2882439023756E-03 -9.0350181040459E-21
  2.1345167174066E-04 -1.6307386658073E-03 -6.7762635780344E-21  4.6423524681029E-04
 -8.4277879892673E-21  1.2801335579807E-20  2.1345167174066E-04 -6.0723011477853E-22
  1.6919512068879E-03 -6.0654269584495E-04  1.6307386658073E-03  1.9310794233771E-21
  6.0654269584495E-04 -5.1710721486258E-03 -2.8805189547672E-04  2.8987578567512E-04
 -2.8909396669041E-04 -2.8909396669041E-04 -1.3590489194566E-04  1.3564503983692E-03
 -7.7676988746368E-04 -7.7676988746368E-04  3.6422828987402E-04 -5.2681249346292E-04
  1.0106529128317E-03  3.2483911398945E-04  3.6422828987402E-04 -5.2681249346292E-04
  3.2483911398945E-04  1.0106529128317E-03 -2.8805189547672E-04  1.3590489194566E-04
  3.6422828987402E-04 -3.6422828987403E-04 -2.8987578567512E-04  1.3564503983692E-03
  5.2681249346292E-04 -5.2681249346292E-04 -2.8909396669041E-04  7.7676988746368E-04
  1.0106529128317E-03 -3.2483911398945E-04  2.8909396669041E-04 -7.7676988746368E-04
 -3.2483911398945E-04  1.0106529128317E-03  1.1868673961180E-04 -2.8131153923670E-04
  3.0438940495198E-05 -1.1970778710948E-05  2.8131153923670E-04  1.7452150399093E-04
 -4.6547336190498E-05 -2.2260341675137E-05  3.0438940495198E-05  4.6547336190498E-05
  6.2329981858060E-04  1.9715029896223E-05  1.1970778710948E-05 -2.2260341675137E-05
 -1.9715029896222E-05  7.5411507260459E-04  3.0505633778363E-05  8.8257128918209E-06
  2.3771434231831E-05  2.3950003739946E-04 -8.8257128918210E-06  9.5895909490553E-04
 -6.2129697579600E-05 -6.1051176650639E-05  2.3771434231831E-05  6.2129697579600E-05
  6.4641294635583E-04 -5.2693118960119E-05 -2.3950003739946E-04 -6.1051176650640E-05
  5.2693118960119E-05  2.9452960189719E-05  7.5648800152084E-05  2.0755830184252E-21
  1.1741060158836E-05 -1.2826329675647E-04  9.2181896116322E-21  8.0219741927895E-04
  2.3999266838872E-21  9.0350181040459E-21  1.4724916331773E-04 -7.0586078937858E-21
  5.5582643217923E-04 -3.8605419974043E-05  3.5118368023682E-04  0.0000000000000E+00
 -2.3856375952800E-04  2.3179282537958E-05  7.5648800152084E-05  4.3343375444367E-21
  1.4724916331773E-04 -3.5118368023682E-04  1.8317150758628E-22  8.0219741927895E-04
  4.2351647362715E-22  9.0350181040459E-21  1.1741060158835E-05  0.0000000000000E+00
  5.5582643217923E-04  2.3856375952800E-04  1.2826329675647E-04  0.0000000000000E+00
  3.8605419974043E-05  2.3179282537959E-05  4.4737703653804E-04 -8.7880660516794E-05
 -1.4117215787572E-22  3.4607227381584E-23 -1.6382887966391E-03 -1.5332734644160E-04
  7.0586078937858E-22 -3.7155469131126E-22  1.1716999491728E-04  1.6156277554750E-04
  1.6156277554750E-04  1.6156277554750E-04  1.2239069437383E-03  2.0897274589313E-03
  2.0897274589313E-03 -3.5293039468929E-22  3.2337283818199E-04  1.6774372828381E-03
  1.6774372828381E-03  2.8234431575143E-22 -2.1794230288228E-04  1.6753687140545E-04
 -1.6753687140545E-04 -2.9045137466188E-04 -7.0053581533491E-05 -7.0039632855771E-05
  1.4820209167070E-04 -8.4703294725430E-22  2.1081786746460E+00 -1.0413126950290E-03
 -1.9161301364804E-04 -2.8234431575143E-22  7.7361579263276E-24  2.8738337255843E-03
 -2.2233944877790E-04 -5.6468863150290E-22  2.5077212817542E-37 -3.9528204205201E-21
 -1.4117215787572E-21 -2.8639760744321E-04  0.0000000000000E+00 -9.0690640281639E-21
  2.5077212817542E-37  5.6468863150287E-22 -2.8639760744321E-04  2.1598500519390E-03
  1.1010894536655E-03 -2.2587545260115E-21  1.4047130539049E-21 -7.2080088603378E-03
  2.6260853770805E-04 -4.5175090520229E-21 -3.9528204205201E-21  1.8070036208092E-20
 -2.2587545260115E-21  1.4609270216685E-03  0.0000000000000E+00  1.5067574785416E-20
 -6.7762635780344E-21  1.1293772630057E-21  1.4609270216685E-03 -7.2544689546274E-05
 -4.6192824008829E-04 -4.6192824008829E-04 -4.6192824008829E-04  1.6917758312599E-04
  1.7696349857172E-03  7.5959988829860E-04  7.5959988829860E-04  1.6917758312599E-04
  7.5959988829860E-04  1.7696349857172E-03  7.5959988829860E-04  1.6917758312599E-04
  7.5959988829860E-04  7.5959988829860E-04  1.7696349857172E-03 -9.4174511325971E-04
 -4.6796113700829E-03 -4.6796113700829E-03 -4.2351647362715E-22  4.6523026705287E-03
  1.2318704725609E-02  1.2523927625225E-02  1.6940658945086E-21  4.6523026705287E-03
  1.2523927625225E-02  1.2318704725609E-02 -3.3881317890172E-21  1.0164395367052E-20
  9.0350181040459E-21  4.5175090520230E-21 -3.9271467584041E-03 -1.6887673634477E-03
 -3.3860976680256E-03 -3.3860976680256E-03  1.7646519734465E-23  8.8124660425880E-03
  9.2012902175828E-03  1.0277276272649E-02  2.8234431575143E-21  8.8124660425880E-03
  1.0277276272649E-02  9.2012902175828E-03  4.4645694928195E-21 -2.6540365680635E-20
 -1.4681904419075E-20  1.3552527156069E-20 -4.4365031511095E-03 -1.1929846380282E-03
 -3.9568644926260E-03 -3.9568644926260E-03  9.1761902619216E-22  1.0532220271586E-02
  1.6246074924683E-02  1.6712773486541E-02  3.3881317890170E-21  1.0532220271586E-02
  1.6712773486541E-02  1.6246074924683E-02 -6.2115749465316E-21 -2.4846299786126E-20
 -1.1293772630057E-20  9.0350181040459E-21  3.5085272506967E-03  3.0178838716340E-04
 -4.5455475720368E-04  4.5455475720368E-04  4.3654762430910E-04 -2.8641392868163E-04
  2.9318312561601E-03  4.5336894458736E-05 -1.2564403508831E-03  2.8641392868163E-04
  4.5336894458735E-05  2.9318312561601E-03  1.2564403508831E-03  2.0289895260390E-03
 -4.5141949894820E-04  4.5141949894820E-04  2.5941677888708E-03  3.0895110345074E-04
  6.4374757627687E-05  5.6507029669399E-05 -4.9410255256501E-22 -2.2135989590194E-05
  1.6674607820490E-03 -2.2308508005438E-04 -3.3881317890170E-21 -1.0376896902389E-04
 -4.7992985999953E-04  1.6474327204814E-03  2.5410988417630E-21 -4.5175090520229E-21
 -6.7762635780344E-21  8.0247081016135E-36  1.4273885775926E-03 -1.2145094504256E-04
 -2.2271838749416E-04 -2.6940551272710E-04 -3.0223422432204E-04  2.0973834085393E-04
  1.2622754916166E-03  4.4925614825130E-04  3.4807193790970E-04  3.2051992065765E-04
  5.6465217349577E-04  1.6419755494919E-03  8.8878977429233E-04  4.7063006997486E-04
  4.5985225630076E-04  1.0070526467030E-03  1.6756855390242E-03 -1.9502244879293E-01
  4.1086505480261E-33  8.4227336234535E-30  0.0000000000000E+00  4.1008793694691E-01
  1.6434602192104E-32  0.0000000000000E+00  0.0000000000000E+00  0.0000000000000E+00
  7.0459626228003E-01  0.0000000000000E+00  0.0000000000000E+00  1.3147681753684E-31
  0.0000000000000E+00  7.0459626228003E-01  0.0000000000000E+00  0.0000000000000E+00
  0.0000000000000E+00  2.8912057932947E-19  7.0459626228003E-01  3.4800855381139E-05
 -4.4143327395903E-05  1.4117215787572E-22 -1.4898615733374E-22  3.4451206776221E-04
 -6.2633848926393E-06 -9.7055858539555E-23  9.2079226901441E-24 -4.3153697217807E-04
  8.3721477089140E-05 -1.7715451452177E-23 -5.3008490921107E-23  1.2705494208815E-21
 -1.7715451452177E-23  8.3303634826999E-06  1.7646519734465E-23  9.0705795741288E-22
 -6.8931717712752E-26 -1.7646519734465E-23  8.3303634826999E-06 -2.1902884164001E-03
 -2.6641138933576E-04  2.8234431575143E-22 -8.5149495090404E-22  2.6255017210412E-03
 -1.2056895120373E-04 -5.6468863150287E-22  1.4117215787572E-22  1.1293772630057E-21
  1.4117215787572E-22 -1.6548689673621E-04 -5.6468863150287E-22  9.3951066694670E-22
  0.0000000000000E+00  2.8234431575143E-22 -1.6548689673621E-04  1.1333293565015E-02
  1.5764123639905E-03  4.5175090520229E-21 -4.1117564764206E-21 -1.1005740009686E-02
  1.2734300993841E-05  1.6940658945086E-21  0.0000000000000E+00  3.7269449679189E-20
  1.6940658945086E-21  8.8776392684274E-04 -5.6468863150287E-22  7.4637556865663E-20
 -1.6940658945086E-21 -5.6468863150287E-22  8.8776392684274E-04 -1.5773236311765E-03
 -4.3209483020022E-04 -4.3209483020022E-04 -4.3209483020022E-04  3.8325417132748E-04
  1.1017384663678E-03  4.5857839643398E-04  4.5857839643398E-04  3.8325417132748E-04
  4.5857839643398E-04  1.1017384663678E-03  4.5857839643398E-04  3.8325417132748E-04
  4.5857839643398E-04  4.5857839643398E-04  1.1017384663678E-03  1.2991826445553E-03
 -2.1762669038815E-03 -2.1762669038815E-03 -1.9764102102600E-21 -1.9410111262865E-03
 -8.5012264222958E-03 -8.5012264222958E-03 -1.1293772630057E-21  3.5021849174279E-03
  9.3961453469444E-03  1.0188250590278E-02 -2.2587545260115E-21  3.5021849174279E-03
  1.0188250590278E-02  9.3961453469444E-03 -2.6822709996386E-21 -6.7762635780344E-21
 -1.8070036208092E-20 -1.5811281682080E-20 -4.2749830947755E-03 -3.2145061598959E-03
 -6.0564177057634E-03 -6.0564177057634E-03  9.0350181040459E-21  6.5668448388539E-03
  7.0102084887740E-03  8.1992762258231E-03 -1.1293772630057E-21  6.5668448388539E-03
  8.1992762258231E-03  7.0102084887740E-03 -1.4117215787571E-22 -2.0328790734103E-20
  4.5175090520229E-21 -9.0350181040459E-21 -4.0853364474097E-03 -1.0381150338578E-03
 -3.2776683711570E-04  3.2776683711570E-04  1.1468235810581E-03  3.6687102615543E-04
 -7.9134850946523E-04 -8.9942422902899E-04  4.0462628529080E-06 -3.6687102615543E-04
 -8.9942422902899E-04 -7.9134850946523E-04 -4.0462628529080E-06 -1.7889438271674E-03
 -1.7958103657037E-04  1.7958103657037E-04  2.3239230515278E-04 -1.0632483596118E-03
 -5.7546535276818E-03 -5.7546535276818E-03  2.8234431575143E-21  7.1579970211006E-03
  1.1311591951129E-02  1.2058922035871E-02  2.8234431575145E-21  7.1579970211006E-03
  1.2058922035871E-02  1.1311591951129E-02  8.4703294725430E-22 -9.0350181040459E-21
 -2.4846299786126E-20 -2.2587545260115E-21  1.6111439609361E-03  4.0111569046331E-04
 -6.8989065750427E-04  6.8989065750427E-04  1.2010555807557E-03 -2.0795776260400E-04
  1.7025396372631E-03 -2.7866813035933E-04 -8.7158271640351E-04  2.0795776260400E-04
 -2.7866813035933E-04  1.7025396372631E-03  8.7158271640351E-04  1.5223639040164E-03
 -2.1750260351868E-04  2.1750260351868E-04  1.7091922705721E-03  4.5048447974088E-04
  3.0621127157104E-04 -3.2315498169643E-04  0.0000000000000E+00 -7.0385944311489E-05
  1.0458492607747E-03 -3.3808318624624E-04  1.6940658945085E-21 -1.5145315061562E-04
 -6.6322635024527E-04  1.3365310987346E-03  2.8234431575143E-22 -1.1293772630057E-21
  4.5175090520229E-21  1.3552527156069E-20  7.7864457531894E-04 -1.9272651814596E-04
 -2.0878921612436E-04 -2.9368232082012E-04 -3.2376971321652E-04  1.5064384216526E-04
  6.5024630689381E-04  2.2338305250095E-04  2.2259979253770E-04  2.1462110140884E-04
  2.7703106336755E-04  9.2529175954959E-04  5.4239751415696E-04  3.1431560409026E-04
  2.7141453238633E-04  6.0734692162269E-04  9.0995677469902E-04 -4.9723129298225E-04
 -3.9310032710745E-04 -3.9310032710745E-04  0.0000000000000E+00  7.6335733321087E-04
  1.4747215106826E-03  1.2042401429203E-03  5.6468863150300E-22  7.6335733321087E-04
  1.2042401429203E-03  1.4747215106826E-03  3.9528204205201E-21  3.3881317890172E-21
  1.1293772630057E-20  2.9363808838149E-20  3.3236133535869E-04  1.9232115222218E-05
 -1.2226044840987E-04 -1.2226044840987E-04 -2.2082056329796E-05  2.1630925348142E-05
  4.6259862621873E-04 -1.8475266714599E-05  6.3960619396042E-05  2.1630925348142E-05
 -1.8475266714599E-05  4.6259862621873E-04  6.3960619396042E-05  1.3758753299405E-04
  2.2300163831254E-04  2.2300163831254E-04  4.3937418988799E-04 -2.7423271213805E-01
  1.2325951644078E-32  0.0000000000000E+00  0.0000000000000E+00  4.9065696183566E-01
  6.5738408768418E-32 -5.2590727014734E-31  0.0000000000000E+00 -6.5738408768418E-32
  4.8978638995442E-01  0.0000000000000E+00  0.0000000000000E+00 -1.3147681753684E-31
  0.0000000000000E+00  4.8978638995442E-01 -1.4456028966473E-19  0.0000000000000E+00
  0.0000000000000E+00  0.0000000000000E+00  4.8978638995442E-01  5.8895319847560E-01
  0.0000000000000E+00  1.3147681753684E-30  0.0000000000000E+00 -5.2590727014734E-31
  3.4070945199479E-01  0.0000000000000E+00  2.8912057932947E-19 -5.3412457124339E-31
  2.8912057932947E-19  3.4070945199479E-01  0.0000000000000E+00  0.0000000000000E+00
  2.8912057932947E-19  0.0000000000000E+00  3.4070945199479E-01  6.2018355804443E-04
  0.0000000000000E+00  1.2439077422522E-03  1.2439077422522E-03 -9.0350181040459E-21
 -8.2245158042006E-04 -6.4197664812908E-35  1.2037062152420E-35 -1.2439077422522E-03
  4.0123540508067E-36 -1.7277356004987E-03 -1.2789608570017E-03 -1.2439077422522E-03
 -1.4456028966473E-19 -1.2789608570017E-03 -1.7277356004987E-03 -9.1591066891298E-06
 -4.1128023720412E-06  8.8232598672323E-24 -3.8562235894547E-24 -4.8005320717290E-07
  7.3989936500931E-07  7.3989936500931E-07  7.3989936500931E-07 -8.6385320451081E-05
 -8.3249418865926E-06 -2.6469779601697E-23  6.3772371666766E-25 -4.6545107339314E-05
  6.4243450566503E-05  3.0881409535313E-23 -3.0881409535313E-23  0.0000000000000E+00
  9.7055858539555E-23  2.4230399016268E-05  3.5293039468929E-23  7.9624276220087E-23
 -3.5293039468929E-23 -5.2939559203394E-23  2.4230399016268E-05 -5.8084560370517E-06
 -6.8966125139932E-06 -6.8966125139932E-06 -6.8966125139932E-06  8.2002821566485E-06
  2.4724119833158E-05  1.2765818517062E-05  1.2765818517062E-05  8.2002821566485E-06
  1.2765818517062E-05  2.4724119833158E-05  1.2765818517062E-05  8.2002821566485E-06
  1.2765818517062E-05  1.2765818517062E-05  2.4724119833158E-05  1.1381998503516E-03
  2.9803750296076E-05 -3.5293039468929E-22 -6.3528573422337E-23 -7.9445542922032E-04
 -3.0257092456222E-04  1.7646519734465E-22  3.1763735522036E-22 -4.5175090520229E-21
  5.6468863150287E-22 -3.1802790720647E-04  0.0000000000000E+00  4.5837931452446E-21
  5.6468863150287E-22 -5.6468863150287E-22 -3.1802790720647E-04 -8.2017157836936E-05
  8.5255730856910E-05  8.5255730856910E-05  8.5255730856910E-05  1.5510953970505E-05
 -3.2581963452651E-04 -1.5400512387756E-04 -1.5400512387756E-04  1.5510953970504E-05
 -1.5400512387756E-04 -3.2581963452651E-04 -1.5400512387756E-04  1.5510953970504E-05
 -1.5400512387756E-04 -1.5400512387756E-04 -3.2581963452651E-04 -1.2386019489480E-02
  2.3563150453822E-04 -1.1293772630057E-21 -4.5046977096375E-22  1.6090892585559E-02
  6.1300879007763E-04 -1.4117215787572E-21  1.4117215787572E-21  1.6940658945086E-21
 -3.1057874732658E-21  1.2749827361420E-03  0.0000000000000E+00  8.3826289128930E-21
 -8.4703294725430E-22 -1.1293772630057E-21  1.2749827361420E-03  1.8367682491319E-03
 -3.9904821141369E-04 -3.9904821141369E-04 -3.9904821141369E-04 -7.7182206020743E-04
  1.4194423854984E-03  6.6562215168951E-04  6.6562215168951E-04 -7.7182206020743E-04
  6.6562215168951E-04  1.4194423854984E-03  6.6562215168951E-04 -7.7182206020743E-04
  6.6562215168951E-04  6.6562215168951E-04  1.4194423854984E-03 -7.3582935880274E-04
  3.4860544209872E-22 -1.5279900729846E-04  2.2243576813425E-06  1.1349807162183E-19
  8.5405516601973E-04 -1.4117215787572E-21  2.2587545260115E-21  1.6786593103079E-04
 -1.1293772630057E-21  1.0453244930219E-03  1.8884086216088E-04  6.7874889009169E-04
 -2.2587545260115E-21  5.0962106943652E-04  8.5623390091884E-04  2.0878395807320E-04
 -1.4213990311852E-03 -1.4213990311852E-03  3.5645969863618E-21 -4.5073324722405E-05
 -7.6038133664908E-05  7.6038133664908E-05  1.6423274416125E-04 -3.1559950111274E-04
 -1.5816092481003E-04  4.5320694322959E-04  0.0000000000000E+00 -9.2888533289359E-04
 -1.1250492593943E-02 -1.1250492593943E-02  7.9056408410401E-21  3.4976124886411E-03
  1.5149693609613E-02  1.7354502694465E-02 -7.9056408410401E-21  3.4976124886411E-03
  1.7354502694465E-02  1.5149693609613E-02  1.5528937366330E-21 -8.7526737882944E-21
 -3.8398826942195E-20  1.3552527156069E-20  2.6713057241575E-03  5.9995374278899E-05
 -1.6383806604862E-04  1.6383806604862E-04 -1.3224153774188E-03  2.8111098453434E-04
  6.1628703353718E-04  1.6590131295784E-03 -5.7807728397085E-04 -2.8111098453434E-04
  1.6590131295784E-03  6.1628703353718E-04  5.7807728397085E-04 -1.7818833545225E-04
 -1.1922391302336E-03  1.1922391302336E-03  8.4833089191254E-04  7.8432483909396E-04
 -1.1891444265615E-03  1.8494198306786E-03  0.0000000000000E+00  3.2307811404476E-04
 -4.2677093787879E-04  1.8228146832260E-03 -1.1293772630058E-21 -1.0745701178703E-03
  3.3570789444122E-03 -3.3822855977987E-03  1.1293772630057E-21 -1.1293772630057E-21
  1.3552527156069E-20  9.0350181040458E-21  7.0031864760143E-04 -1.2334803260084E-04
 -1.0739500914712E-04 -2.9565120756844E-04 -3.9639514280960E-04  2.0015578103639E-04
  6.2837075110336E-04  7.8264223930471E-04  4.0300280920011E-04  1.5512780623716E-04
  7.2900239061384E-04  6.2657496612545E-04  7.4509808503168E-04  2.7641835204269E-04
  3.3391584225581E-04  6.1786699847372E-04  1.0466581561899E-03 -5.3690791623838E-04
 -7.7612356311624E-03 -7.7612356311624E-03  5.6468863150287E-21  4.9238738032870E-03
  1.0502374835022E-02  1.2473723234973E-02  2.8234431575143E-21  4.9238738032870E-03
  1.2473723234973E-02  1.0502374835022E-02  7.7644686831619E-22  1.8634724839595E-20
  1.2423149893063E-20 -9.0350181040458E-21  9.0833522220344E-04  1.1352700744331E-04
 -5.4389692955432E-05  5.4389692955432E-05 -8.8684845565826E-04  5.9816191948114E-04
 -1.4680399633149E-04  9.7882011952202E-04 -3.1289387223786E-04 -5.9816191948114E-04
  9.7882011952202E-04 -1.4680399633149E-04  3.1289387223786E-04 -7.2823291914753E-04
 -7.6826112208475E-04  7.6826112208475E-04  2.2137847507859E-04  1.0786933136947E-03
 -8.7554780064143E-04  1.3135982297902E-03  0.0000000000000E+00  2.8252424565339E-04
 -6.5148533384412E-04  1.2482103621408E-03 -5.6468863150287E-22 -1.5380933541960E-03
  2.4444611186555E-03 -2.7313583634126E-03  2.5679065925163E-34 -3.3175457100793E-21
 -7.9056408410402E-21 -4.5175090520229E-21  1.4895833592683E-04 -1.6726351019329E-04
 -4.9069590675013E-05 -2.0171679891556E-04 -2.3174806294485E-04  1.5989209573950E-04
  1.4205599280836E-04  4.4598970522097E-04  2.1784520818521E-04  1.0915155289943E-04
  4.0565231987876E-04  1.2396071333221E-04  3.6699126281556E-04  2.9499988243978E-04
  1.9017395050734E-04  3.2866467681864E-04  3.7153505917792E-04 -4.0395969674310E-04
 -7.1922114168180E-04 -7.1922114168180E-04 -4.5175090520229E-21  2.6269921140487E-04
  8.5742831709659E-04  1.3206801427385E-03  0.0000000000000E+00  2.6269921140487E-04
  1.3206801427385E-03  8.5742831709659E-04 -7.0586078937858E-23 -1.1929047340498E-20
 -2.7105054312138E-20 -1.3552527156069E-20  5.6929504351015E-05  1.0299212383951E-04
 -1.8752510097761E-05 -1.8752510097761E-05  5.3801153793894E-05  4.4035267696755E-05
 -9.5763671647615E-05  3.4717711990204E-04  1.4851815376211E-05  4.4035267696755E-05
  3.4717711990204E-04 -9.5763671647615E-05  1.4851815376211E-05 -1.4011847406220E-04
 -2.7373788312432E-06 -2.7373788312431E-06 -1.0913875222768E-04 -3.5742442233979E-04
 -4.8534500415172E-03 -4.8534500415172E-03  1.1293772630057E-21  4.8510352573290E-03
  1.2359175926022E-02  1.1952586878830E-02 -4.5175090520234E-21  4.8510352573290E-03
  1.1952586878830E-02  1.2359175926022E-02  5.7880584729049E-21  1.9199413471097E-20
  6.7762635780344E-21 -2.2587545260115E-21  5.0617177784897E-03 -4.4148746475299E-04
 -4.8211286150196E-04  4.8211286150196E-04 -1.6777633347905E-04  1.5632589861191E-04
  2.6674495818668E-03  5.9101654885828E-04 -1.0416594886412E-03 -1.5632589861191E-04
  5.9101654885828E-04  2.6674495818668E-03  1.0416594886412E-03 -1.5073945553875E-05
 -1.1812515677953E-03  1.1812515677953E-03  2.4540159402716E-03  1.1392759727064E-04
 -2.8913958716873E-04  8.1290638363130E-04  1.1293772630057E-21  1.8210444703198E-04
  1.3784598959373E-03  6.8548638890001E-04  2.2587545260120E-21  4.0775642641870E-05
  8.7639942965269E-04 -1.4681955679389E-05  4.2351647362664E-22  1.1858461261560E-20
  1.1293772630057E-21 -4.5175090520229E-21  1.6536925728242E-03 -1.5829904594565E-05
 -1.7714200771711E-04 -2.2779978492426E-04 -2.9477802122039E-04  1.7987905855393E-04
  1.5516667703021E-03  6.9243186575814E-04  3.7992020280663E-04  2.3458947592837E-04
  7.3184515920993E-04  1.8017737929135E-03  9.0442723901450E-04  2.3679804035293E-04
  3.9492444200794E-04  8.5354229758289E-04  1.9112824987187E-03 -3.6786344408861E-04
 -6.8713299254052E-04 -6.8713299254052E-04 -3.9528204205201E-21  7.1104038116696E-04
  2.8037947782945E-03  2.2924365649853E-03  2.2587545260115E-21  7.1104038116696E-04
  2.2924365649853E-03  2.8037947782945E-03 -2.1175823681378E-21  7.3409522095373E-21
 -3.3881317890172E-21  1.3552527156069E-20  1.0704669400939E-03  9.0653168416282E-05
 -3.4323924833068E-05 -3.4323924833068E-05  1.1820350587637E-04  1.5147581175797E-05
  1.0970746636189E-03  2.6286939294244E-04  1.1079949257563E-04  1.5147581175797E-05
  2.6286939294244E-04  1.0970746636189E-03  1.1079949257563E-04 -7.2102728689104E-05
  1.7325045722239E-04  1.7325045722239E-04  7.7320806206426E-04 -1.1965712931907E-04
 -1.0282494030548E-04  1.0282494030548E-04  1.8905076659889E-04  1.1242810482432E-04
  1.0853097404823E-03 -1.3453177305933E-04 -3.8883717280555E-04 -1.1242810482432E-04
 -1.3453177305933E-04  1.0853097404823E-03  3.8883717280555E-04 -1.3754716423402E-04
 -3.1628581810715E-04  3.1628581810715E-04  1.2776131200100E-03  6.6201256386016E-05
 -2.8652127506912E-05  1.1647350004894E-04  5.6468863150287E-22  3.1046690410425E-05
  9.6275930917798E-04  1.4954076364737E-04 -4.5175090520229E-21 -7.6182766405091E-05
  1.6696364439188E-04  5.1948271587318E-04  1.4117215787777E-22  1.6940658945086E-21
 -3.3881317890172E-21 -1.6049416203227E-35  8.7866917958842E-04 -1.0412693431007E-04
  9.5243573637331E-05 -1.1929691410312E-04 -4.1863130929804E-05 -8.3511094572674E-05
  8.1133799707934E-04 -4.7289436007389E-06 -1.0016503034837E-04  8.7551071511327E-05
  2.0813299131552E-05  1.2547444428609E-03  6.4251626948036E-04  4.7879011375739E-05
 -6.8785030603787E-05  6.5443124297754E-04  1.2866578182977E-03 -5.0703265591021E-02
  6.5738408768418E-32  0.0000000000000E+00  0.0000000000000E+00  1.5253319354701E-04
 -2.2587545260115E-21 -5.0301135272487E-04 -5.0301135272487E-04  1.1150318673266E-01
  1.3147681753684E-31  5.2590727014734E-31  0.0000000000000E+00 -4.9303806576313E-31
  2.8737116660336E-01  0.0000000000000E+00  0.0000000000000E+00 -3.9443045261051E-31
  0.0000000000000E+00  2.8737116660336E-01 -7.2280144832367E-20  0.0000000000000E+00
 -1.4456028966473E-19 -7.2280144832367E-20  2.8737116660336E-01 -6.5167782526814E-04
  9.0350181040459E-21 -3.3158691724620E-03 -3.3158691724620E-03 -9.0350181040459E-21
  2.5945885602568E-03  1.4456028966473E-19  1.4456028966473E-19  1.5510796623853E-03
  7.2280144832367E-20  6.5292809862902E-03  5.0076045461359E-03  1.5510796623853E-03
  7.2280144832367E-20  5.0076045461359E-03  6.5292809862901E-03  1.3336537173415E-01
  6.5738408768418E-32  1.3147681753684E-31  0.0000000000000E+00  0.0000000000000E+00
  1.9937592717494E-01  0.0000000000000E+00 -2.8912057932947E-19 -2.6295363507367E-31
  0.0000000000000E+00  1.9937592717494E-01  0.0000000000000E+00  0.0000000000000E+00
 -1.4456028966473E-19  0.0000000000000E+00  1.9937592717494E-01 -9.9241823113730E-04
 -1.3552527156069E-20 -2.3167721989247E-03 -2.3167721989247E-03  4.5175090520229E-21
  1.2714600562468E-03  0.0000000000000E+00  0.0000000000000E+00  1.2839198937092E-03
  0.0000000000000E+00  3.6604492702166E-03  3.0709717936762E-03  1.2839198937092E-03
  7.2280144832367E-20  3.0709717936762E-03  3.6604492702166E-03 -3.5454933444774E-05
  4.5175090520229E-21 -1.1999633419436E-21 -1.3876979631816E-04  6.7762635780344E-21
  4.0293520721053E-04  0.0000000000000E+00  7.2280144832367E-20  5.9998167097180E-22
  0.0000000000000E+00  4.0293520721053E-04  0.0000000000000E+00  9.8942853766923E-05
  0.0000000000000E+00  0.0000000000000E+00  3.3029951814026E-04  3.5487901836885E-02
  0.0000000000000E+00  5.3412457124339E-32  0.0000000000000E+00  0.0000000000000E+00
  1.2265738865505E-01  0.0000000000000E+00  0.0000000000000E+00  6.1629758220392E-32
  0.0000000000000E+00  1.2265738865505E-01 -3.6140072416183E-20  0.0000000000000E+00
 -7.2280144832367E-20 -7.2280144832367E-20  1.2265738865505E-01 -2.4670429618189E-04
  4.5175090520229E-21 -1.7995431050443E-03 -1.7995431050443E-03  0.0000000000000E+00
  3.3692364069729E-03  3.6140072416183E-20 -7.2280144832367E-20  1.7995431050443E-03
  3.6140072416183E-20  6.6862533653416E-03  4.1483530121933E-03  1.7995431050443E-03
 -7.2280144832367E-20  4.1483530121933E-03  6.6862533653416E-03  3.1383606020582E-04
 -4.5175090520229E-21 -5.6468863150287E-22  2.2262983491037E-04  9.0350181040459E-21
  1.5898175730843E-03 -3.6140072416183E-20 -3.6140072416183E-20  1.1293772630057E-21
 -3.6140072416183E-20  1.5898175730843E-03  0.0000000000000E+00 -2.2262983491037E-04
 -3.6140072416183E-20  0.0000000000000E+00  8.4126435027003E-04 -1.3784169629941E-04
  1.4819085009292E-04 -1.4819085009292E-04 -1.6195105808115E-04 -1.4819085009292E-04
  1.4096874853698E-03 -2.8005574262910E-04 -4.7108087078982E-04  1.4819085009292E-04
 -2.8005574262910E-04  1.4096874853698E-03  4.7108087078982E-04  1.6195105808115E-04
 -4.7108087078982E-04  4.7108087078982E-04  1.6114751860661E-03 -2.3003777013512E-05
 -2.4765012432077E-04  5.2939559203394E-23  1.7646519734465E-23 -6.0579380046117E-05
  3.6028058690043E-03 -5.2939559203394E-23 -2.1175823681358E-22 -1.1971956708463E-04
  3.0147496127914E-04  1.0587911840679E-21 -1.1215967277250E-04 -9.7686032282245E-05
 -4.7540383007536E-02 -2.8146198976471E-21 -1.1293772630057E-21 -3.5668730660182E-03
 -2.5272631670093E-03  4.7998533677744E-21  1.7916466712869E-04 -1.4792126621891E-04
  4.4123786711166E-05  7.1696111482302E-04 -7.1696111482302E-04  8.6309058387515E-05
  6.2471139345309E-04 -5.7351189137010E-22 -2.2587545260115E-21 -2.5830579533335E-04
  6.5934859494991E-04  1.9764102102600E-21  3.5396497286587E-04  5.4609503252206E-04
  2.9379441836492E-03 -1.4274958095597E-03 -1.4274958095597E-03 -3.5839513366744E-04
  1.4676378571107E-03 -4.6454037169255E-04  4.6454037169255E-04  4.1263131805866E-04
 -2.5251724835814E-03  1.0833673964170E-03  1.0833673964170E-03  1.7507488033832E-03
 -1.9220554868592E-03  1.3160732069098E-03 -1.3160732069098E-03 -1.1303037315133E-03
  2.5025990478507E-05 -3.4416478473952E-04  9.5376105075339E-05  1.6545165737596E-04
  1.5397028830846E-05 -1.0349122274565E-04  1.0349122274565E-04  5.9218476485743E-05
  3.6397858289906E-04 -4.1762533606172E-04  1.0310949298554E-04  7.6542182842450E-05
  2.7573621068215E-04 -5.0938684728976E-05 -5.0938684728976E-05  3.0444155622202E-04
  4.2176045247770E-03 -8.0737361498212E-03 -3.5249820767615E-02  1.4117215787573E-22
  2.7618072969669E-04 -9.3872186784821E-03 -2.4276711159098E-02 -1.6940658945086E-21
  2.2863992055588E-04  1.6808441866486E-03 -1.1754170951114E-03  0.0000000000000E+00
 -1.3220144910475E-03 -5.8509489844175E-04  7.6529108023397E-04 -7.4764680813252E-04
 -9.8584350349284E-06 -7.3869901072125E-04  8.5818260817360E-04 -1.1293772630057E-21
 -7.9451692922777E-04  1.0616453653910E-03 -1.0841055438441E-02 -4.2351647362664E-22
 -4.9481513436619E-04 -6.0924658778472E-04 -6.1203305580877E-04  4.2351647362715E-22
 -9.9796129202407E-05 -1.1972952176073E-04  2.0101650795981E-04  2.6304333527048E-04
  1.2074256375999E-04  1.3114794453720E-04 -3.5151389705845E-06 -7.0586078937858E-22
  4.9038837578489E-04  1.5978874264430E-04 -3.4701149716005E-04  2.6822709996391E-21
  1.0153661504776E-04 -2.3707576829086E-04 -5.4829515039717E-05  2.6602392592016E-04
  5.6328239462955E-04 -4.2818232512956E-04 -6.7994243400545E-05 -2.3269898903917E-04
 -2.0389726786182E-04  1.9504584982495E-04  1.8789584632809E-04  7.0586078937858E-22
 -1.9768986172757E-05  2.4350914348641E-05  4.1229153169821E-05 -6.5776437631240E-05
  8.9119557479201E-05  3.1182615409537E-05  1.7977031006186E-04 -1.5528937366329E-21
  3.0061336005798E-04  4.4948042775450E-03 -8.5414260573204E-03 -2.2587545260115E-20
 -9.0350181040459E-21 -3.5385163662855E-02 -1.1362769594390E-02 -1.8070036208092E-20
  0.0000000000000E+00 -2.4853281392571E-02 -1.1595276204671E-03  1.1740930363627E-03
 -7.9056408410401E-21  7.1088209340363E-04  3.6004989285861E-03  4.5175090520229E-21
  0.0000000000000E+00 -8.4752254335316E-03  6.2580702239866E-04 -1.0842377759874E-03
  5.6468863150287E-22  4.4595700601640E-04  2.7562658539414E-04 -2.2587545260115E-21
  1.1293772630057E-21  3.8902687908550E-05 -2.8609285057760E-04  2.8442029199460E-04
  2.8442029199460E-04  9.0590108295168E-05  1.5211709460558E-04 -1.7010199468819E-04
  7.5527104463508E-21  2.6314448270591E-04  1.3487331376770E+00 -3.5883346083435E-05
  3.3087224502121E-24  4.4116299336161E-24  2.9873588925016E-05 -3.5683413867773E-04
  2.6469779601697E-23  0.0000000000000E+00 -1.5129920766367E-05 -7.0586078937858E-23
  1.4859721898677E-06  0.0000000000000E+00  7.7203523838283E-24  1.7646519734465E-23
  6.6174449004242E-24  1.4859721898677E-06  0.0000000000000E+00  2.8971090587456E-04
 -2.8951321439356E-24 -1.6543612251061E-24 -9.6958000842016E-07  3.7449626220120E-03
  2.4705127628250E-22  0.0000000000000E+00 -1.4758160196436E-04  6.3527471044073E-22
 -6.6726322163771E-05 -1.7646519734465E-23  2.4649982254080E-22  4.9410255256501E-22
  1.7646519734465E-23 -6.6726322163771E-05 -9.7055858539555E-23 -3.0115107914613E-03
 -2.4263964634889E-23  0.0000000000000E+00 -9.0432799208927E-06  2.2534867382226E-04
 -1.7646519734465E-22 -3.4324140741630E-06 -3.3443960472905E-06  5.9887876348839E-22
 -7.1360877194503E-06  8.6853964318068E-24  1.5881867761018E-22  3.1942431321896E-04
 -9.7055858539555E-23 -3.4557909993677E-05 -3.2370755559187E-05  7.6163848234634E-06
  1.2793726807487E-22 -4.8250783423792E-05 -5.9575437055499E-05 -4.0961942269668E-02
  4.9410255256501E-22 -1.1293772630057E-21 -1.2983211770326E-03  1.3693699313945E-20
  9.5492250972873E-05 -5.6468863150287E-22  0.0000000000000E+00 -1.3693699313945E-20
  2.8234431575143E-22  9.5492250972873E-05  0.0000000000000E+00  3.0765305002834E-02
 -3.5293039468929E-23  3.5293039468929E-23  1.4733805377859E-04 -1.2310109273146E-03
 -5.6115932755597E-21 -1.8154893848843E-04 -3.1289050111547E-04 -1.8070036208092E-20
  6.0337374297916E-05 -1.5881867761018E-22 -7.0586078937858E-23 -2.7214207414238E-03
  1.7646519734465E-22  7.5929686565701E-05 -4.4230651329835E-05 -5.5412506553893E-04
 -2.4219848335553E-21  2.9317856821693E-04  2.9449044534381E-04 -3.7545254497320E-05
  4.4029156111826E-04 -4.4029156111826E-04  6.7123922787621E-05 -1.0398475755628E-04
  1.9372326749725E-05  5.1959459628232E-05 -1.1263513748643E-05  1.0398475755628E-04
  5.1959459628232E-05  1.9372326749725E-05  1.1263513748643E-05 -3.7323405432489E-04
 -2.6546202999721E-04  2.6546202999721E-04  3.9422575747249E-05 -7.4990103950319E-04
 -9.1761902619216E-22  2.8234431575143E-22  5.1802930335963E-05  9.1761902619216E-21
  4.1692262787319E-05 -1.4117215787572E-22  2.8234431575143E-22  6.7762635780344E-21
  2.8234431575143E-22  4.1692262787319E-05  1.4117215787572E-22  1.6761598678275E-03
  1.1293772630057E-21  5.6468863150287E-22 -1.7348394295338E-05  1.0022860522171E-03
  1.1646703024747E-21  3.4524877871641E-04  4.7258992260099E-04  0.0000000000000E+00
  5.7466782524863E-05 -3.8822343415822E-22  1.0587911840679E-21  2.1610299279100E-04
 -3.1763735522036E-22  8.2551120697049E-05  4.7897943305416E-05  8.5144725432230E-05
  2.2058149668081E-23 -2.6048943607176E-04 -2.1602887193787E-04 -1.7002563280272E-04
  4.7292672888365E-21  5.6430497610695E-05  2.6731024743637E-05  9.1761902619216E-21
  4.9668214547762E-05 -4.2351647362715E-22 -2.8234431575143E-22  2.7711161008603E-04
 -4.2351647362715E-22  4.1279766068401E-05 -5.9511412517407E-06  2.7671757143177E-05
  9.8820510513002E-22 -4.4835291028395E-05  3.2460891657991E-05  8.9621406437411E-06
  4.1309184778082E-05 -4.1309184778082E-05  2.7170784186961E-06  1.1144694129144E-05
  4.9161415218181E-05  3.0934015406536E-05  1.2808580808201E-05 -1.1144694129144E-05
  3.0934015406536E-05  4.9161415218181E-05 -1.2808580808201E-05 -6.2690197114535E-06
 -8.7677606899043E-06  8.7677606899043E-06 -1.0775991881387E-06 -5.1515812781139E-04
  3.8060334748646E-05  3.8060334748646E-05  1.5998677043375E-04 -1.1245575817914E-04
  2.2131620159927E-05 -2.2131620159927E-05 -2.8646175934108E-05  1.1725098439255E-03
 -2.2598841640818E-03 -2.2598841640818E-03 -3.1606284116010E-04  1.1153141886546E-04
  3.0758720162523E-04 -2.8100332564661E-04 -4.2421867974083E-04  1.1153141886546E-04
 -2.8100332564661E-04  3.0758720162523E-04 -4.2421867974083E-04 -1.5295877729386E-04
 -4.3516349167212E-05 -4.3516349167212E-05  8.8365046736665E-05  3.6202398840299E-04
 -6.6251624892962E-04  6.6251624892962E-04  6.6984050582814E-04  1.2284469503020E-04
  9.4283467260476E-05  2.3838590812779E-04  3.8227696171464E-04 -1.2284469503020E-04
  2.3838590812779E-04  9.4283467260476E-05 -3.8227696171464E-04 -1.2415220951392E-04
  3.7229105172548E-04 -3.7229105172548E-04  2.2266440238950E-04  2.5875923057864E-03
 -1.8795459533815E-03 -1.8795459533815E-03 -4.8540532809937E-04  5.9988167654600E-05
  2.2679537123396E-04 -1.5202983746493E-04 -3.0216728789200E-04  5.9988167654600E-05
 -1.5202983746493E-04  2.2679537123396E-04 -3.0216728789200E-04 -6.6939971599450E-04
  8.4184925163915E-05  8.4184925163915E-05  6.7863515855579E-05  1.1050195838142E-03
 -6.8642283174761E-04  6.8642283174761E-04  6.4020047919834E-04  1.0579391075786E-04
  8.1705876506510E-05  1.5277572052194E-04  2.6196730837847E-04 -1.0579391075786E-04
  1.5277572052194E-04  8.1705876506510E-05 -2.6196730837847E-04 -1.0938079459788E-04
  2.5437162278488E-04 -2.5437162278488E-04  1.9568121240572E-04 -9.3427227254274E-04
 -2.8155812364121E-04 -2.8155812364121E-04  4.4601012869425E-04 -4.6584751815830E-06
  2.4964295529969E-04 -1.7170168771816E-04 -6.8324490209197E-05 -4.6584751815830E-06
 -1.7170168771816E-04  2.4964295529969E-04 -6.8324490209197E-05  4.3238188242896E-04
 -1.9046772558169E-04 -1.9046772558169E-04  1.4658173815754E-04 -5.6842242976978E-04
  2.2507738438647E-04 -2.2507738438647E-04 -4.9177855693734E-05 -2.5896140169342E-05
  1.8328159985498E-04  6.6473257760168E-05  7.3886383826787E-05  2.5896140169342E-05
  6.6473257760168E-05  1.8328159985498E-04 -7.3886383826787E-05  8.9970367060730E-05
  3.7605030878328E-05 -3.7605030878328E-05  1.5501766844268E-04 -2.0694474317560E-05
 -1.6595947748367E-04  1.1815813919946E-04  7.4772419783924E-05  9.4407290701741E-05
  6.4578590215175E-05 -1.2476478547438E-04 -1.1743884086683E-04  1.1183907122520E-06
 -4.7163386409581E-06  5.9227131332385E-05 -2.2378574627704E-05  1.2336031769950E-05
 -4.8304158732842E-05 -4.1810705473264E-05  8.2742803932631E-05 -2.0458427640750E-05
 -1.2634635941652E-04  1.2634635941652E-04  1.5274034125230E-04  1.4364923629178E-05
  1.1602391163593E-04 -4.4676268886726E-05 -5.9800051073450E-05 -1.4364923629178E-05
 -4.4676268886726E-05  1.1602391163593E-04  5.9800051073450E-05  1.6553315904104E-05
 -1.7069116720699E-05  1.7069116720699E-05  8.0805933971562E-05  1.9646008344069E-04
 -1.8569755111913E-04  1.7606755339556E-05  1.0637197916140E-04 -6.5799353090291E-05
  1.1379226124519E-04 -7.6993553122649E-05  5.4842219604733E-05  1.4168495371060E-05
 -5.5011006343754E-05  9.7354178786377E-05 -1.9612732198635E-05 -9.1353582440101E-05
  1.3745998573863E-04 -3.7173490877070E-05  6.7746833412440E-05  1.1558923325408E-04
  2.0867714966215E-05  2.0867714966216E-05  1.3122037860393E-04  1.4907027963756E-06
  5.1878286586177E-05 -1.8472316888626E-05 -6.3183734668274E-05  1.4907027963756E-06
 -1.8472316888626E-05  5.1878286586177E-05 -6.3183734668274E-05  7.8468726647950E-05
 -4.8065814881314E-05 -4.8065814881314E-05  2.8402067690426E-05  1.4470561254136E-03
  1.7195543208686E-03  7.0586078885268E-22  1.6642173576819E-04 -3.2837383622431E-03
 -2.7172486964247E-02 -2.8234431575143E-22  1.1072942567541E-04 -2.7429630144206E-03
 -1.9309784499972E-02 -2.4969825424267E-21 -5.6874591345969E-04 -4.7998533677744E-21
  2.1458167997109E-20  3.5158523869611E-03 -7.0586078937857E-22 -3.3832091852521E-04
 -4.8780375294355E-04 -4.4116299336161E-23  2.9806100304374E-03 -3.0793136770742E-03
 -1.8606021854498E-02  2.2587545260115E-21  1.4181054948312E-04 -3.2476832314526E-03
 -1.3497544147339E-02  1.6411263353052E-21 -4.3844381322283E-04 -1.6940658945045E-21
  7.9056408410401E-21  2.3380791877076E-03 -2.0999358484013E-21 -8.2056682487824E-04
 -4.0007285983627E-04 -1.1470237827402E-22  1.9116796836136E-03  1.2756121721729E-03
 -1.0430133651631E-03 -5.6468863150287E-22 -1.1514740992158E-03  9.0487961677656E-05
 -4.3709777491918E-04 -8.4703294725430E-22 -3.3397376098486E-04 -2.2587545260115E-21
  7.9056408410401E-21  6.9077247656991E-05  6.8821426964412E-22 -1.1400251016027E-03
  5.9897891935275E-04  4.8527929269778E-23  5.7497105657813E-04 -5.0676219887742E-04
  9.2425834670821E-04 -7.6812903942167E-04  5.9581035474876E-05 -2.7110158549051E-04
  2.3643990766555E-04 -3.9296408345386E-04 -3.8695896500888E-05  4.5592011194771E-05
 -8.6697017030534E-05 -1.2058611188249E-04 -6.0711450489691E-05  3.2633435343367E-05
 -9.8981921234679E-05  6.9876889414164E-06  6.5228342797325E-05 -5.6702162506246E-04
  9.2094032036463E-04  1.6940658945086E-21 -8.6466750123418E-04 -3.2579867365276E-04
  2.5790499822707E-04 -2.8234431575143E-22 -4.5397345537721E-04  0.0000000000000E+00
 -1.1293772630057E-21  1.2709627386833E-04  1.1823168222091E-21 -3.0356922487411E-05
 -3.7512491976108E-05 -1.6323030754380E-22 -2.1477788752283E-05  1.8231161201107E-04
 -9.3232653868624E-03  1.4117215787572E-22 -4.6594350911722E-04 -5.0939949951506E-04
 -7.2097360015063E-03  1.6874484496077E-21 -1.8355199364353E-04 -8.8232598672323E-22
  5.6468863150287E-21  1.0273529779481E-03  4.8527929269778E-22  7.8342351119679E-04
  3.3684445821286E-04  2.6469779601696E-23  1.1888863804895E-03 -6.3129628558666E-04
 -4.0299603124881E-04  5.6468863150287E-22  9.0076249579860E-05 -4.0151418170486E-05
 -9.9348705696537E-06 -2.1175823681358E-22 -7.6254990856582E-05 -1.0234981445989E-21
  4.5175090520229E-21  1.7896666247687E-04  1.0190865146653E-21  5.0007012386226E-04
  6.1157055373673E-05 -2.6469779601697E-23  6.1117004743584E-05 -3.1069911253882E-04
  6.3265953844177E-04 -2.8505040299406E-04  1.2114943268499E-04  8.9503728288490E-06
  1.8828436486954E-04 -1.4875451510891E-04 -4.0207910833129E-05 -2.9019141806315E-04
  2.4832169224875E-04 -1.2020534983321E-04  1.3648247172735E-05  1.0643472022061E-05
 -9.7288321740417E-05  3.6254836291551E-05  1.2329959078026E-04 -7.0958474668527E-05
  5.0321531141703E-04  5.6468863150287E-22 -7.6147002858145E-05  7.7998870675362E-05
  1.7519897236639E-04 -4.9410255256501E-22 -2.2660185450839E-04  9.5291206566109E-22
 -2.2587545260115E-21  8.7617633020064E-05  6.3086308050711E-22 -3.1979667069358E-04
  2.3464540913019E-04 -6.1762819070626E-23 -3.0325456252919E-04  1.9345955352519E-04
 -5.0958504906745E-04  4.2351647362715E-22  1.5630837191082E-04  2.6818303893205E-05
  1.5038428457781E-04 -2.8896176065237E-22  2.3009564938379E-06 -7.4115382884751E-22
 -3.3881317890172E-21  1.0797088891517E-04  7.9409338805091E-23 -8.2592095152215E-05
  1.9614971224401E-05 -1.1470237827402E-22 -1.4836267721652E-05 -1.3986615233788E-05
  4.9377965321578E-07  1.5616665992448E-05  2.3773845861118E-04  8.0545837468508E-06
  1.1426006655054E-04  5.2401218895036E-05 -5.7521814688497E-06 -3.7882181250820E-05
  1.9313985992620E-05  1.2394076314030E-04  5.3036066142954E-05  2.3926701122795E-05
  1.0824208237747E-05  2.3284447143144E-05  1.6187904612982E-05 -2.1949926037571E-04
 -1.2711934749062E-04 -1.8888753571991E-05 -6.0415037153496E-05 -4.1555936471724E-05
  6.1349185725290E-05 -7.8766069265083E-05 -1.1155374163696E-04 -1.0916327194165E-04
 -2.1599816871809E-05  1.3270334301661E-04  1.1961340188891E-04  1.8409007797903E-05
 -2.5002027098527E-05  2.0189739082779E-05  3.3816050132014E-05  6.0557289849081E-05
 -4.5936557766421E-05  8.4703294725430E-22  1.5752545327954E-04 -3.4681266529919E-05
  9.6292614724826E-05  7.0586078937858E-23 -3.8327665813714E-05 -1.2352563814125E-21
  2.2587545260115E-21  1.0357131325231E-04 -1.0808493337360E-21 -8.0780779679912E-05
 -1.3333788160635E-04 -7.9409338805091E-23  1.1465730747250E-04 -7.1435527195420E-05
 -1.4377761783773E-04  1.5311384527859E-04  9.6076796713687E-05 -7.2800318564243E-05
  4.5275668604098E-05  4.1236290622576E-05 -1.6900962935501E-05 -9.8377051406893E-06
 -3.5273069833310E-05  9.3958985091470E-05 -7.9497570237590E-06  8.9252847969366E-06
 -5.3346063654128E-06 -2.6674761126914E-05  8.1107763227600E-05  8.7535377332517E-06
  9.9623961967513E-05  0.0000000000000E+00  1.5554347057593E-04  1.8655887927815E-05
  1.4365789326616E-04 -7.0586078937858E-22  7.3560005766496E-05  1.1999633419436E-21
  0.0000000000000E+00  7.9317803766991E-05  4.0145832395907E-22  6.5019582106741E-05
  5.9681321906156E-05  2.9116757561867E-22  1.0987452576377E-04  9.7482610450062E-05
 -2.6650006234606E-05 -1.4117215787568E-22 -1.9323553663560E-05  8.7925691676019E-07
  8.4468297358034E-05 -3.0164519671100E-22 -4.1402382212261E-05  2.4705127628353E-22
  1.1293772630057E-21  7.5150386719401E-05 -6.4409797030796E-22 -6.7880737437153E-05
 -5.6477959681596E-05 -1.1470237827402E-22  1.0331268926333E-04  1.9885080668816E-05
  2.1429456617269E-05 -6.4721766315158E-05  7.0522721434451E-05 -9.1574333600997E-06
  3.3561287950512E-05 -1.4987829941413E-05 -2.2785406724266E-05  3.8836343921024E-08
 -2.2225876517158E-06  7.5882178982090E-05  2.9324488732749E-06 -3.2811712668321E-06
 -2.4442589015404E-05  3.7494843146002E-06  2.5883554869776E-06 -3.2089551586648E-05
 -1.0809303962375E-05 -1.9619300255088E-05  2.7809655905071E-05 -1.4648465656061E-06
  9.9738790960687E-05 -2.1925044239923E-05 -5.6692859466776E-05  4.8833999590740E-06
 -1.8404014442786E-05  7.6097004699355E-05  2.0736726956602E-05  2.1081332932832E-05
 -4.2436434763660E-05  1.6956887138766E-05  5.8181355937317E-05  6.1058122443309E-05
  3.7634274083805E-05  1.0249700463566E-04  3.5544728817096E-05  2.5738562838043E-06
  5.9711946413105E-05  8.1377996682726E-06 -1.7027157340298E-05  8.2942769455342E-06
 -1.4214909678191E-07  6.9923111507940E-05  6.7936224307549E-06 -1.5837025615091E-05
 -2.0429631038547E-05 -2.2987920441785E-05  3.4030536114433E-05  1.6520806112787E-05
  4.1531376804222E-05  1.5528937366329E-21  6.3108115181342E-05  8.7211965091931E-06
  3.0383854354575E-05  6.3968634036921E-23 -5.3199437125347E-06 -3.5293039468929E-23
  1.1293772630057E-21  3.7757153076525E-05 -4.3233973349438E-22  1.0689987573193E-05
 -9.1299135123016E-05  5.5586537163563E-22 -7.6062930920867E-05  1.5875350309651E-03
  0.0000000000000E+00  1.7646519734465E-23  1.6720575561049E-03 -3.5189822040129E-03
 -3.6140072416183E-20 -9.0350181040459E-21 -2.7053038976227E-02  1.0587911840679E-22
  3.6049968489963E-03  4.5175090520229E-21  5.0821976835258E-21 -7.0586078937858E-23
  4.5175090520229E-21  3.6049968489963E-03  0.0000000000000E+00 -2.7045473136561E-03
 -2.2587545260115E-20  4.5175090520229E-21 -1.8583995996328E-02 -4.4825788601889E-03
  2.2587545260115E-20 -9.0350181040459E-21 -1.8889588202323E-02 -1.7646519734465E-23
  2.4242714013674E-03 -2.2587545260115E-21  8.4703294725430E-22  2.1175823681358E-22
 -1.1293772630057E-21  2.4242714013674E-03 -5.6468863150287E-22 -2.9588855324893E-03
 -1.3552527156069E-20  0.0000000000000E+00 -1.2774572066319E-02 -9.4870832012444E-04
  1.1498597903669E-03  1.1293772630057E-21  8.4679150264195E-04  5.1407500470988E-05
 -9.9344693271695E-06 -2.4270857806660E-22  7.9995798788359E-06  7.0586078937858E-23
 -3.0674614382175E-22  1.6833341087943E-04  1.5176006971640E-21 -5.5250594051790E-05
  2.4045684195809E-04  1.8211208365967E-20  3.8961562805975E-04  2.1906479661947E-03
  3.3881317890172E-21  0.0000000000000E+00 -7.5622585018904E-03  2.8234431575143E-22
  1.0006285912029E-03  8.4703294725430E-22 -1.8352380523843E-21  0.0000000000000E+00
 -2.8234431575143E-22  1.0006285912029E-03  8.4703294725430E-22 -8.0808557986025E-04
  7.9056408410401E-21  0.0000000000000E+00 -7.6660741349711E-03  2.7223363636062E-04
 -3.1561684658811E-04  3.6704761047686E-21  7.5968253646826E-04  1.7984587748687E-04
  3.5383169920400E-05 -2.8234431575143E-22 -1.7154501489973E-04 -1.4117215787572E-22
 -7.0586078937858E-22  2.2341139958119E-04 -2.8234431575143E-22 -3.4593383337180E-04
  6.5217756612743E-04 -2.8234431575143E-21  1.7769381776530E-04  2.8310415461913E-04
 -1.1293772630057E-21  0.0000000000000E+00 -1.8017763471336E-04  1.4117215787572E-21
  1.9661625350530E-04 -8.4703294725430E-22  2.8234431575143E-22  2.8234431575143E-22
  2.8234431575143E-22  1.9661625350530E-04 -6.3527471044073E-22 -2.7626819181523E-04
  5.6468863150287E-21  0.0000000000000E+00  4.2977843249580E-04 -1.1670000689989E-04
  8.1128539578969E-05  8.1128539578969E-05  1.0321423497818E-04 -1.7956430371879E-05
  1.6075947295550E-04  3.2157172255797E-05 -2.0329137173385E-05 -1.7956430371879E-05
  3.2157172255797E-05  1.6075947295550E-04 -2.0329137173385E-05  7.4581818493273E-05
  2.2916787021082E-06  2.2916787021082E-06  1.5325495850186E-04  2.3351236901472E-05
  3.8542814082718E-05  6.4939192622830E-21  5.1369520318587E-06 -5.7796759056211E-05
  1.5400094337986E-04 -1.5330414019316E-22 -1.5744745264607E-04  3.7498854435737E-23
 -1.8197973476167E-22  1.0333203942753E-04  5.6468863150287E-22 -9.1246619618548E-05
  4.3907188995547E-05 -2.5763918812318E-21  4.8408141791620E-05 -1.1083437967768E-04
  1.0637907570516E-04  1.0637907570516E-04  1.3478271466200E-04 -1.3482548944641E-05
  1.1327268473029E-04  1.1568547105555E-05  3.7015582021091E-05 -1.3482548944641E-05
  1.1568547105555E-05  1.1327268473029E-04  3.7015582021091E-05  4.6844478799876E-05
  7.0197812238527E-06  7.0197812238527E-06  6.1463229970712E-05  1.1319505964354E-04
 -1.7230777875523E-04  0.0000000000000E+00  1.1573463677501E-04 -6.2528784978024E-05
  2.1358912165121E-04 -2.8234431575143E-22 -5.1617130651586E-05  8.4703294725430E-22
  0.0000000000000E+00  8.6242108910836E-05  2.1175823681357E-22 -1.8658625294536E-05
  1.5290609094552E-05 -2.2587545260115E-21  7.3409772030065E-05  4.0397604229713E-01
  0.0000000000000E+00  3.5293039468929E-23 -3.2015895362909E-04  1.2397497264033E-01
 -2.1175823681358E-22 -3.5293039468929E-23 -3.8697585241808E-04 -7.0586078937858E-23
  1.2141884293771E-03 -2.8234431575143E-22 -7.0586078937857E-23 -2.4705127628250E-22
 -2.8234431575143E-22  1.2141884293771E-03 -7.0586078937858E-23 -3.8697585241808E-04
  2.8234431575143E-22  3.5293039468929E-22  1.4843035248797E-03  2.0920879170402E-03
 -4.5251622567706E-04 -4.5251622567706E-04 -4.5251622567706E-04 -5.8602836069848E-03
  1.3718421866795E-03  1.3718421866795E-03  1.3718421866795E-03  1.4668304857221E-04
 -2.2023200453696E-04 -1.8588934236552E-05  1.8588934236552E-05  4.4085292948361E-03
 -8.4638886410147E-03  1.9411171707911E-21  0.0000000000000E+00  3.5460750517291E-02
 -1.0587691664454E-02 -5.2939559203394E-22  0.0000000000000E+00  2.4504107633448E-02
 -5.7888520590567E-04  6.8064844001478E-04 -9.1536631603058E-05 -7.7487395517945E-04
  2.6222303310776E-03 -1.1999633419436E-21 -2.8234431575143E-22  9.9352067428216E-03
 -9.2834895530751E-05 -2.3827797019086E-04 -2.4518693122524E-05 -1.2983751400733E-04
 -1.8020634495621E-04  2.4496817232331E-04  2.4496817232331E-04 -5.3620800619434E-05
 -2.1651656263402E-04  2.9860382466925E-04 -2.9860382466925E-04 -2.5950002082883E-05
  6.1662543427534E-06  3.9881134599890E-21  5.6468863150287E-22  2.2791403767612E-05
  4.2561474920012E-05 -2.3124059140745E-05 -1.1135431884134E-04 -1.9829077074764E-05
  1.2678494418222E-03 -4.4784032563840E-04 -4.4784032563840E-04  4.4784032563840E-04
 -1.7042540084587E-03  1.2528922292374E-03  1.2528922292374E-03 -1.2528922292374E-03
  2.3005242408302E-04 -2.3367651267832E-04 -4.4833548766242E-05 -4.4833548766242E-05
  7.5121900390661E-04  3.1626025156307E-04  4.9456338268253E-04  4.9456338268253E-04
 -8.1289969629543E-05  1.3483166309940E+00 -1.8329276776777E-05  2.2125199077402E-07
  2.2125199077402E-07  2.2125199077402E-07 -1.9060056349749E-04  1.8149544845731E-05
  1.8149544845731E-05  1.8149544845731E-05  2.9330642705760E-06  3.5249451090625E-07
  6.8378979178462E-08  6.8378979178462E-08  2.9330642705760E-06  6.8378979178462E-08
  3.5249451090625E-07  6.8378979178462E-08  2.9330642705760E-06  6.8378979178462E-08
  6.8378979178462E-08  3.5249451090625E-07  8.4934036152134E-04 -1.7336605482422E-04
 -1.7336605482422E-04 -1.7336605482422E-04  1.4521172929034E-05  8.2585452110326E-06
  3.3132048867581E-06  3.3132048867581E-06  1.4521172929034E-05  3.3132048867581E-06
  8.2585452110326E-06  3.3132048867581E-06  1.4521172929034E-05  3.3132048867581E-06
  3.3132048867581E-06  8.2585452110326E-06 -3.6887782038045E-03  5.3605016315444E-04
  5.3605016315444E-04  5.3605016315444E-04  9.5611000441031E-05 -4.6186360090180E-05
  1.7615004994265E-05  1.7615004994265E-05  9.5611000441031E-05  1.7615004994265E-05
 -4.6186360090180E-05  1.7615004994265E-05  9.5611000441031E-05  1.7615004994265E-05
  1.7615004994265E-05 -4.6186360090180E-05  2.8685703884090E-04 -6.8279776837614E-05
  1.6675157056922E-05 -1.6675157056922E-05  1.5456975687409E-04  2.3797802818684E-05
 -2.0290332734803E-06  2.0290332734803E-06  1.6579961808906E-04 -7.5125936267410E-06
  1.5640503184454E-05 -3.5842999675741E-07 -1.6579961808906E-04  7.5125936267410E-06
 -3.5842999675742E-07  1.5640503184454E-05  1.5086724044028E-03 -4.7998533677744E-21
  0.0000000000000E+00 -1.7148699809152E-03 -3.4512057943070E-03  3.7057691442376E-22
  2.8234431575143E-21  2.7343818551440E-02 -5.6468863150290E-22  3.4155241808050E-03
 -6.5089176925339E-05  1.4681904419075E-20 -2.5410988417629E-21 -6.5089176925339E-05
  3.4155241808050E-03  9.0350181040459E-21  2.7248966975959E-03  9.2178250194201E-21
 -2.8234431575143E-22 -1.8799527906810E-02 -3.8404727996592E-03 -1.6157594631869E-22
  1.1293772630057E-21  1.8784450204028E-02  3.9528204205201E-21  2.2830106407620E-03
 -3.9747160331840E-05  4.5175090520229E-21  1.4117215787572E-21 -3.9747160331840E-05
  2.2830106407620E-03  0.0000000000000E+00  3.2773359112479E-03 -1.9852334701273E-21
  3.1057874732658E-21 -1.3085780055097E-02 -4.8285917508882E-04  7.1935258939372E-04
 -7.9789918861654E-05 -8.7987540105445E-04  6.5410718557461E-05 -1.6936895994937E-04
 -1.1526866769460E-04 -3.8486570033731E-05  1.4957527105325E-06 -7.5644390761394E-05
  9.6105941808245E-05  8.8934816504077E-06  2.4003712166676E-04 -3.6902192868900E-04
  3.8210151897169E-05  2.7387360686162E-04  1.4856993609201E-03 -1.8418554972847E-22
  1.0587911840679E-22  8.7178814089652E-03 -4.4116299336161E-24  9.3583882121024E-04
 -4.5105747536357E-05  8.4703294725430E-21  9.8820510513002E-22 -4.5105747536357E-05
  9.3583882121024E-04 -2.2587545260115E-21  3.8903652726704E-04  1.2970192004831E-21
 -7.0586078937858E-23 -7.1466190890818E-03 -3.0535346280910E-04  3.1600243255367E-04
 -2.9707402633607E-06 -5.5693038623030E-04  2.3778053588566E-04 -2.5626197190750E-04
 -6.3444553713796E-05  2.3507596079635E-04 -3.0426546903628E-06 -4.7300624332608E-05
  5.7409480477992E-05 -1.9409116124097E-06  3.3360707744392E-05 -1.5629673140063E-04
 -9.8469972405309E-06  1.2463042084204E-04 -5.0978881172699E-05  3.9453987584501E-05
  3.9453987584501E-05 -7.2871352727754E-05  5.6858671592733E-06 -8.9075167551735E-05
 -1.3285618226813E-04 -2.3356361961822E-05  5.6858671592733E-06 -1.3285618226813E-04
 -8.9075167551735E-05 -2.3356361961822E-05 -4.5971079674304E-05  1.4369325107333E-06
  1.4369325107333E-06  4.2093124072235E-05 -1.8854571213981E-05  6.8448350854742E-05
 -6.8448350854742E-05 -4.7515163728017E-05  3.3093882823097E-07  6.0069369534596E-05
 -1.7329950606480E-05 -2.3597809975837E-05 -3.3093882823097E-07 -1.7329950606480E-05
  6.0069369534596E-05  2.3597809975837E-05  1.4011642273923E-05 -5.5410177165009E-05
  5.5410177165009E-05  6.8754485904526E-05  9.6950470497605E-05 -3.5293039468929E-22
  0.0000000000000E+00  3.7298124884093E-04  5.3821885190117E-22  4.7194307586961E-05
 -1.9847375330778E-05  5.6468863150286E-22  7.0586078937858E-23 -1.9847375330778E-05
  4.7194307586961E-05  0.0000000000000E+00 -8.2963706679731E-06 -1.0036458098977E-21
  6.3527471044073E-22  3.8609432083640E-05 -7.5709027108550E-05  5.6357908554342E-06
  1.3374163796086E-04  1.6331130844183E-04 -3.0632258343275E-06  3.9528182985236E-05
 -2.7015789335802E-05  4.0189676963604E-06 -3.6023209842206E-07 -2.1710558980638E-05
  4.4268431695157E-05  2.6746553869311E-05  5.3535408158699E-05  2.6743454158027E-05
 -1.1486308559268E-05  2.9521997157768E-05  4.7977183059197E-05 -5.9118893602073E-05
 -1.3064453426836E-05 -2.9651523684468E-05  7.3710457311711E-07  1.0597834272059E-05
 -3.1003838560253E-05  2.3697231268414E-06  2.7572568782780E-07 -1.9949931507162E-05
  2.9390686339868E-05 -1.2376907410220E-06  1.5913234363575E-06  6.4645297760627E-06
  1.6683799186651E-06  3.9391883057874E-05  6.4820413382583E-07  2.0677907277921E-05
  2.0677907277921E-05 -1.4945888686631E-05  4.0222221321432E-06  2.6729496670348E-05
 -2.6395781996441E-05 -9.3849969184724E-06  4.0222221321432E-06 -2.6395781996441E-05
  2.6729496670348E-05 -9.3849969184725E-06  2.0503479744124E-07 -2.2708829909504E-06
 -2.2708829909504E-06  4.1527185389882E-05 -8.7053727659396E-06  4.0869656252609E-05
 -4.0869656252609E-05 -2.0554132820488E-05 -2.1117110740877E-06  2.4084472867634E-05
 -1.6960182016151E-05 -1.5228740604952E-06  2.1117110740877E-06 -1.6960182016151E-05
  2.4084472867634E-05  1.5228740604952E-06 -4.3846531752200E-06 -1.1553353364073E-06
  1.1553353364073E-06  2.1708341100143E-05 -1.0217455199237E-04  1.5097762265209E-05
  1.5097762265209E-05 -1.5097762265209E-05  3.3085274894813E-04 -6.3829769522058E-04
 -6.3829769522058E-04  6.3829769522058E-04  1.3191122795106E-04  2.8814087288017E-04
 -3.5919671341817E-04  3.5919671341817E-04  1.3191122795106E-04 -3.5919671341817E-04
  2.8814087288017E-04  3.5919671341817E-04 -1.3191122795106E-04  3.5919671341817E-04
  3.5919671341817E-04  2.8814087288017E-04  1.0133933932190E-03 -6.5451292099820E-04
 -6.5451292099820E-04  6.5451292099820E-04  1.7578865864581E-04  2.2994508465116E-04
 -2.4143763333035E-04  2.4143763333035E-04  1.7578865864581E-04 -2.4143763333035E-04
  2.2994508465116E-04  2.4143763333035E-04 -1.7578865864581E-04  2.4143763333035E-04
  2.4143763333035E-04  2.2994508465116E-04 -3.9028890112286E-04  1.1807043704406E-04
  1.1807043704406E-04 -1.1807043704406E-04 -1.2784749006612E-04  2.0178245891716E-04
 -7.7467142273346E-05  7.7467142273346E-05 -1.2784749006612E-04 -7.7467142273346E-05
  2.0178245891716E-04  7.7467142273346E-05  1.2784749006612E-04  7.7467142273346E-05
  7.7467142273346E-05  2.0178245891716E-04  1.2147088362024E-04 -8.3631067045087E-05
  2.8983864990794E-05  2.8983864990794E-05 -4.2417421480752E-05  1.1894832339515E-04
  4.3121573080045E-05  4.3121573080045E-05  4.1830533160655E-07  1.5013686971196E-05
  8.4391418671831E-05  1.7968946051490E-05  4.1830533160655E-07  1.5013686971196E-05
  1.7968946051490E-05  8.4391418671831E-05  3.8980721166832E-04 -4.6854119587947E-04
 -4.6854119587947E-04  1.5753027925272E-05  2.1763495071371E-04  2.5109645333907E-04
  2.5109645333907E-04 -1.0432644719972E-04 -2.2863055906938E-04 -1.9848791557907E-04
 -4.8813770294573E-05  1.3183245290458E-07 -2.2863055906938E-04 -4.8813770294573E-05
 -1.9848791557907E-04  1.3183245290458E-07 -8.7315829631200E-06 -1.7709804679266E-06
 -1.7709804679266E-06  5.4583581860475E-05  5.2282874356864E-05  6.3416373586664E-06
 -6.3416373586664E-06 -9.1039761986461E-05 -1.8453965616662E-05  3.7771029453197E-06
 -1.5415790563881E-06  1.3161808249897E-05  1.8453965616662E-05 -1.5415790563881E-06
  3.7771029453197E-06 -1.3161808249897E-05  4.8453369355257E-05 -1.2883848320313E-05
  1.2883848320313E-05 -1.5422738064163E-05 -3.0943263484556E-05 -1.1482807781980E-05
  1.1482807781981E-05  3.7176701386442E-05  1.4452310188495E-05 -1.3520438120946E-06
 -5.0419670097045E-06 -1.5809373947035E-05 -1.4452310188495E-05 -5.0419670097046E-06
 -1.3520438120946E-06  1.5809373947035E-05 -2.8116371259216E-05 -1.2344476291505E-05
  1.2344476291505E-05 -1.9565184137014E-06  4.0334872863787E-01 -1.7646519734465E-23
 -3.4460917440243E-22  0.0000000000000E+00  1.2332306725858E-01  2.2058149668081E-24
 -1.1383005263383E-23  0.0000000000000E+00  0.0000000000000E+00  1.1659650135075E-03
  0.0000000000000E+00 -4.2351647362715E-22 -4.2017063318427E-22  0.0000000000000E+00
  1.1659650135075E-03  3.1346516021928E-38  0.0000000000000E+00 -5.6468863150287E-22
  3.1346516021928E-38  1.1659650135075E-03  2.8566941981560E-03  6.6547475125720E-04
  2.0505221458035E-03 -4.0932876581997E-04 -5.1174907229947E-22 -1.9463839840038E-03
  1.5269511076530E-04  5.5344230137933E-04 -1.4470146182261E-21  5.1125777955624E-04
  1.5547610714077E-03 -1.9320508104649E-04 -2.7352105588420E-22 -1.4233345755092E-03
  1.4233345755092E-03 -1.0374238999154E-04 -1.2352563814125E-22 -8.9348972396142E-04
 -6.7056774990965E-22 -3.5293039468929E-22  1.2412199479558E-05 -1.7646519734465E-22
  1.9320508104649E-04 -3.4136572395802E-05  1.1911400820764E-22 -1.0374238999154E-04
 -2.1435957851197E-05  2.8219616571805E-04 -8.3820968738707E-22  2.8599379828298E-04
 -2.8599379828298E-04 -1.4705382274804E-04  1.0587911840679E-22  8.8069151077290E-06
  2.8234431575143E-22  3.5293039468929E-23  6.3216436082621E-05 -2.1175823681358E-22
 -2.8219616571805E-04 -3.0353744760553E-05  1.2793726807487E-22 -1.4705382274804E-04
  4.6955942884305E-05 -1.3547997408119E-05  1.3180832178022E-04  2.1912145839860E-05
 -1.1614437207892E-05  2.6244262321128E-06  4.3735100995360E-05  2.6621987854627E-05
 -2.8377542511211E-05 -4.8685290607876E-06  3.6110521157819E-06  4.9347839090274E-06
  3.3302738732686E-06 -6.0795006253795E-06  1.3056078977603E-06 -2.2391434207785E-06
  4.6955942884306E-05 -3.3302738732686E-06 -2.8377542511211E-05  1.1614437207892E-05
 -2.1912145839860E-05 -2.2391434207785E-06 -4.9347839090274E-06  2.6621987854627E-05
  1.3180832178022E-04 -1.3056078977603E-06  3.6110521157819E-06 -4.3735100995360E-05
  1.3547997408119E-05 -6.0795006253795E-06  4.8685290607876E-06  2.6244262321129E-06
  2.0466466235674E-03  4.5175090520229E-21 -1.4398180980382E-03 -3.3881317890172E-21
 -1.2714908238265E-03 -1.6940658945086E-21  8.8714405397893E-06 -1.1807775833600E-03
 -1.1844651697780E-03 -1.1293772630057E-21 -1.3529982550335E-03  0.0000000000000E+00
  1.6180741852952E-03  1.9764102102600E-21 -1.1722825583815E-03 -5.6468863150287E-22
  5.6468863150287E-22  7.4556131219223E-05  2.5587453614974E-22 -7.0586078937858E-22
  1.1722825583815E-03  2.2058149668081E-22 -8.4274601148655E-04  0.0000000000000E+00
  8.4703294725430E-22 -1.4117215787572E-22 -3.5293039468929E-23  7.4556131219223E-05
 -9.3848296301067E-04 -2.2587545260115E-21  3.6280760815387E-05 -7.7925011067620E-04
  2.2587545260115E-21 -5.2195074317710E-06 -1.4117215787572E-22  9.0217832142450E-22
 -3.6280760815387E-05  1.9411171707911E-22  3.1768066421013E-05  5.8318460366779E-05
  7.7925011067620E-04 -7.2130149414624E-22  5.8318460366779E-05  5.3662269596352E-04
 -7.4076603457265E-04  2.8234431575143E-22 -9.4304135545409E-04 -8.4703294725430E-22
 -5.6468863150287E-22 -2.6771062701363E-06  1.1470237827402E-22  5.6468863150287E-22
  9.4304135545409E-04  7.9409338805091E-23  4.0346546179879E-04  1.4117215787572E-22
  2.8234431575143E-22  0.0000000000000E+00 -7.0586078937858E-23 -2.6771062701363E-06
 -1.2704932084113E-03  1.2572491881208E-03  6.4197664812908E-35 -2.9267561886924E-21
 -8.9538260321910E-04  8.2963796787244E-04 -1.6049416203227E-35 -4.6307545923842E-21
 -8.2963796787244E-04  5.0632196545829E-04 -1.4235826763275E-22 -1.4117215787572E-22
 -5.6468863150287E-22 -1.4367732297369E-22 -9.3162777478783E-06  5.8141157290908E-07
 -1.6547324050329E-22 -4.2351647362715E-22  5.8141157290908E-07 -9.3162777478783E-06
  1.2977799694028E-06  1.2709850356142E-05 -1.0271626370065E-33  3.1842041747202E-32
  0.0000000000000E+00  1.2491655503341E-04  0.0000000000000E+00  4.1086505480261E-33
  0.0000000000000E+00  0.0000000000000E+00  2.8463449750486E-07  0.0000000000000E+00
 -1.3786343542550E-25  4.1086505480261E-33  0.0000000000000E+00  2.8463449750486E-07
  2.7572687085101E-25  0.0000000000000E+00 -1.3786343542550E-25  2.0679515313826E-25
  2.8463449750486E-07 -1.1800526420130E-04  0.0000000000000E+00  3.3280069439011E-31
  0.0000000000000E+00 -1.1313183175321E-03  0.0000000000000E+00 -9.2444637330587E-33
  0.0000000000000E+00  6.5738408768418E-32 -4.6944292842877E-06  0.0000000000000E+00
  4.4116299336161E-24  8.2173010960522E-32  0.0000000000000E+00 -4.6944292842877E-06
  1.6543612251061E-24  0.0000000000000E+00  8.8232598672323E-24  1.6543612251061E-24
 -4.6944292842877E-06  1.2208546263039E-02  3.2869204384209E-32  1.6434602192104E-32
  0.0000000000000E+00  0.0000000000000E+00  7.0889853279046E-05  0.0000000000000E+00
  0.0000000000000E+00 -4.9303806576313E-32  0.0000000000000E+00  7.0889853279046E-05
 -1.7646519734465E-23  0.0000000000000E+00  0.0000000000000E+00 -1.7646519734465E-23
  7.0889853279046E-05  3.1432959349754E-04  0.0000000000000E+00  1.8717133702962E-04
  1.8717133702962E-04 -1.1337888929393E-21  3.0699078813949E-05 -7.9409338805091E-23
 -1.0587911840679E-22 -1.8717133702962E-04 -4.4116299336161E-23  2.2327559417821E-05
  3.4102132884986E-06 -1.8717133702962E-04 -1.0587911840679E-22  3.4102132884986E-06
  2.2327559417821E-05  1.1592839286619E-03  0.0000000000000E+00 -2.1570415377137E-31
  0.0000000000000E+00  4.0544526437185E-05  0.0000000000000E+00 -1.0429179983221E-05
 -1.0429179983221E-05  1.1137744073544E-02  0.0000000000000E+00 -2.0543252740131E-33
  0.0000000000000E+00  0.0000000000000E+00  1.4864500559816E-05  0.0000000000000E+00
  0.0000000000000E+00  1.4380276918091E-31  0.0000000000000E+00  1.4864500559816E-05
  0.0000000000000E+00  0.0000000000000E+00  0.0000000000000E+00  0.0000000000000E+00
  1.4864500559816E-05  4.2129780745120E-04  5.6910026143648E-22  1.2181960621176E-04
  1.2181960621176E-04  6.3527471044073E-22  7.4886159310787E-06 -6.6174449004242E-24
  8.8232598672323E-24 -1.0202715060085E-04 -4.4116299336161E-24  3.9983738458734E-06
 -6.3843002408704E-07 -1.0202715060085E-04  1.7646519734465E-23 -6.3843002408704E-07
  3.9983738458734E-06 -1.1973342231103E-01 -1.3147681753684E-31  1.6434602192104E-32
  0.0000000000000E+00  6.5738408768418E-32 -2.7175315583231E-04  0.0000000000000E+00
  0.0000000000000E+00  2.4651903288157E-32  0.0000000000000E+00 -2.7175315583231E-04
 -1.4117215787572E-22  0.0000000000000E+00  2.8234431575143E-22 -1.4117215787572E-22
 -2.7175315583231E-04 -1.1634935634395E-03  9.0350181040459E-21 -1.8304515583457E-03
 -1.8304515583457E-03 -9.0350181040459E-21 -1.1958485695696E-04  2.6910942595059E-22
  2.9337339058547E-22  9.7205929526043E-04  2.6249198105016E-22 -7.2080436352281E-05
  1.2782855055307E-06  9.7205929526043E-04 -1.1029074834040E-23  1.2782855055307E-06
 -7.2080436352281E-05  4.0895946391105E-04  0.0000000000000E+00  1.7624461584797E-21
  4.0801635476883E-05  0.0000000000000E+00 -9.0467974432577E-05  0.0000000000000E+00
  0.0000000000000E+00 -1.5176006971640E-21  0.0000000000000E+00 -9.0467974432577E-05
  0.0000000000000E+00  7.6175307116102E-06  0.0000000000000E+00  0.0000000000000E+00
  5.9636961552509E-06  1.1772219930940E+00  0.0000000000000E+00 -7.3955709864470E-32
  0.0000000000000E+00  1.3147681753684E-31  6.8067304748084E-04  0.0000000000000E+00
 -1.1293772630057E-21 -6.3273218439602E-31  0.0000000000000E+00  6.8067304748084E-04
  5.6468863150287E-22  0.0000000000000E+00 -1.1293772630057E-21  5.6468863150287E-22
  6.8067304748084E-04 -5.9353345078661E-03 -3.6704761047686E-20  9.2418426419320E-03
  9.2418426419320E-03  1.1293772630057E-21  4.9060100534951E-04  2.8234431575143E-22
  8.4703294725430E-22 -9.2418426419320E-03  2.8234431575143E-22  1.7531075521922E-04
 -1.1468129832173E-04 -9.2418426419320E-03  1.4117215787572E-21 -1.1468129832173E-04
  1.7531075521922E-04 -8.1409685415886E-04  0.0000000000000E+00 -1.1999633419436E-21
 -6.8723093143317E-04 -3.6704761047686E-20  3.8562890213119E-04  0.0000000000000E+00
  0.0000000000000E+00  7.0586078937858E-23  0.0000000000000E+00  3.8562890213119E-04
  0.0000000000000E+00  6.8723093143317E-04  0.0000000000000E+00  0.0000000000000E+00
 -7.6905925283720E-05  6.5417730894018E-04 -2.6708485604312E-05  2.6708485604312E-05
 -1.2626500802734E-04  2.6708485604312E-05  2.4174674529749E-04  5.8323811399015E-05
  5.5628344435481E-05 -2.6708485604313E-05  5.8323811399015E-05  2.4174674529749E-04
 -5.5628344435481E-05  1.2626500802734E-04  5.5628344435481E-05 -5.5628344435481E-05
  9.3126901626506E-05 -6.5121460599655E-04  3.8937539610366E-05  3.8937539610366E-05
  3.8822343415822E-22  8.7060100771115E-03 -1.7138659513782E-04 -1.7138659513782E-04
  3.1763735522036E-22  5.9856682676638E-04  8.3550881750834E-05 -8.3550881750834E-05
 -1.4013408320518E-04 -2.1463251145709E-04 -1.2100223104919E-05  7.4595284559477E-06
 -7.0586078937858E-23  1.9179581488545E-04  1.4468601916503E-04  1.3144841460707E-05
  1.3144841460707E-05  3.7498854435737E-23 -4.8675550175703E-04 -6.2211266130436E-05
 -7.0553187123120E-05  1.3234889800848E-22 -4.8675550175703E-04 -7.0553187123120E-05
 -6.2211266130436E-05 -2.4705127628250E-22  2.8234431575143E-22  3.5293039468927E-23
  9.7055858539558E-23  1.0840005100608E-06  1.2246297146763E-03 -7.9029553482074E-05
 -7.9029553482074E-05  1.2793726807487E-22 -2.5470179319258E-03  6.9926471213000E-04
  8.0678679756408E-04  3.5293039468929E-21 -2.5470179319258E-03  8.0678679756408E-04
  6.9926471213000E-04  5.6468863150287E-22  3.3881317890172E-21 -5.6468863150287E-22
  1.4117215787572E-22 -3.7737740107548E-05 -1.6613538445447E-02  3.4436340363773E-04
  3.4436340363773E-04 -1.4117215787572E-21  3.3308025329259E-02 -4.4976042065256E-03
 -5.1314850887649E-03 -5.6468863150287E-21  3.3308025329259E-02 -5.1314850887649E-03
 -4.4976042065256E-03  6.7762635780344E-21 -7.9056408410401E-21 -4.5175090520229E-21
 -1.4117215787572E-21  7.6119599270968E-04 -1.1328072306148E-03 -1.7313036842778E-04
  1.7313036842778E-04  2.9720116084827E-04  1.2841830866358E-03 -9.1650202020855E-04
 -1.4155757665751E-03  9.9056970107940E-05 -1.2841830866358E-03 -1.4155757665751E-03
 -9.1650202020855E-04 -9.9056970107940E-05 -3.5596000422697E-03 -5.5930657459151E-06
  5.5930657459151E-06 -4.6536951079433E-04  9.9039120009532E-05  3.0227897276378E-05
 -2.3422057101337E-05  4.9410255256501E-22 -2.0442098923316E-04 -4.8471270333485E-05
 -6.4621354716010E-04 -1.1293772630057E-20 -5.0287931563064E-04 -4.1039815421887E-04
 -2.1486751961981E-04 -4.5175090520229E-21 -6.7762635780344E-21 -5.6468863150287E-21
  8.4703294725436E-22  4.0202620154888E-05  2.0658811459999E-05  6.1915055288644E-05
 -1.5143255981969E-04 -2.2246840015614E-04 -1.3986525579330E-04 -5.1252478962204E-04
 -1.9198774319717E-04  5.1710942786758E-04 -7.0931712223696E-05 -7.6456615882270E-04
 -1.0753872463488E-04  5.1816261466884E-04  9.8844889082175E-05 -5.4754742676477E-05
  6.4929455713714E-06  8.2129281514030E-05 -4.9962400370044E-04  2.6295363507367E-31
  1.3147681753684E-31  1.9195615360378E-29  1.2977488242433E-03 -8.2173010960522E-33
  7.6010035138483E-32 -1.6845467246907E-31 -2.1570415377137E-32  3.2905694757125E-03
  2.7326093974310E-03 -8.8775229154158E-20  6.7792734042431E-32  2.7326093974310E-03
  3.2905694757127E-03 -1.8070036208092E-20 -1.8899792520920E-31 -5.4752739106110E-20
  0.0000000000000E+00  4.0476407039488E-04 -1.0035040412938E-05 -2.1979871941877E-05
 -2.1979871941877E-05 -9.7055858539555E-23 -3.9579813114616E-05  1.2445882716067E-05
  1.2445882716067E-05  3.7498854435737E-23 -2.9555129007506E-04 -4.6174139458291E-05
 -4.9294287721977E-05  3.7498854435737E-23 -2.9555129007506E-04 -4.9294287721977E-05
 -4.6174139458291E-05 -5.2939559203393E-23 -7.7644686831644E-22  6.1762819070635E-23
 -6.1762819070635E-23 -2.3471923273157E-06  3.7034588339908E-03 -4.4834674318485E-05
 -4.4834674318485E-05 -7.5880034858198E-22 -2.1708790406357E-03  5.2917572339327E-04
  5.6636669871170E-04  1.0940842235368E-21 -2.1708790406357E-03  5.6636669871170E-04
  5.2917572339327E-04 -1.1293772630057E-21 -1.4117215787572E-21 -7.0586078937846E-22
  7.7644686831631E-22  1.5726144375481E-05  5.3051266306272E-04  7.1171882081744E-05
 -7.1171882081744E-05 -1.1823977305021E-04 -3.0809749875960E-04  1.7174224618907E-04
  2.4186100577675E-04 -1.2842113586128E-05  3.0809749875960E-04  2.4186100577675E-04
  1.7174224618907E-04  1.2842113586128E-05  7.1031999973747E-04  8.8170425440002E-06
 -8.8170425440002E-06  8.3419179517679E-05 -4.0858420921274E-02  1.4080998838805E-04
  1.4080998838805E-04 -1.2705494208815E-21  2.7069135867260E-02 -3.2784887702472E-03
 -3.5903219818492E-03 -9.0350181040458E-21  2.7069135867260E-02 -3.5903219818492E-03
 -3.2784887702472E-03 -4.5175090520229E-21 -3.3881317890172E-21 -3.3881317890171E-21
 -8.4703294725443E-22  3.7095312713014E-04 -2.0996857029455E-03 -3.2567953251964E-04
  3.2567953251964E-04  5.4007409343837E-04  1.0809118203894E-03 -7.3555191102805E-04
 -9.6005956457915E-04  1.0314443472417E-04 -1.0809118203894E-03 -9.6005956457915E-04
 -7.3555191102805E-04 -1.0314443472417E-04 -2.2593370738897E-03  1.3655053542802E-05
 -1.3655053542802E-05 -4.3819777392823E-04  2.1496968883047E-03  1.9463048339942E-04
 -1.9911644846530E-04  4.2351647362715E-21  4.5426619283958E-05 -1.3796133648824E-04
 -3.8391643527475E-04 -8.4703294725430E-21 -1.3043079683101E-03 -2.8781154453654E-04
 -1.7511738189808E-04  1.1293772630058E-21  2.2587545260115E-21  1.1293772630056E-21
  2.8234431575156E-22 -5.4929562184158E-05  6.7065137035105E-04  7.7063363210988E-05
 -3.6414168747271E-04 -4.3383701731389E-04 -1.5065370883202E-04 -4.2819351728287E-04
 -8.7053228998619E-05  4.0402638873447E-04 -1.5093307065273E-04 -5.3065516700912E-04
 -1.0860969910212E-04  3.8514529540123E-04  1.7612940619764E-04 -4.1133600417069E-05
 -1.5795227496670E-05 -3.2487907213810E-05 -7.1631795264516E-04  1.9495984237257E-04
  1.9495984237257E-04 -3.8116482626444E-21 -3.1794105362906E-04 -1.7577826689377E-03
 -1.7968761211725E-03 -1.0729083998554E-20 -3.1794105362906E-04 -1.7968761211725E-03
 -1.7577826689377E-03 -1.3552527156069E-20 -7.9056408410401E-21 -1.1293772630057E-21
  2.5410988417629E-21 -5.4768939728685E-06  3.2778581381578E-04  2.3045695043117E-05
  2.3045695043117E-05  2.2302698977997E-05 -6.9170806824989E-05 -2.7514202689642E-04
 -3.7898161532660E-04 -1.0012791444416E-04 -6.9170806824989E-05 -3.7898161532660E-04
 -2.7514202689642E-04 -1.0012791444416E-04 -2.0108655782442E-04 -7.7412074436760E-05
 -7.7412074436760E-05 -1.8035075642084E-04 -7.5373772237738E-04  1.0518145402947E-30
  1.0518145402947E-30 -4.1020767071493E-29  1.6715504407184E-03  3.7619831580364E-32
 -2.6706228562170E-31 -3.2869204384209E-31  1.4380276918091E-32  2.0319578572396E-03
  1.9455054451279E-03  2.5128644101878E-20  5.7521107672365E-32  1.9455054451279E-03
  2.0319578572396E-03  0.0000000000000E+00 -5.7110242617563E-31 -2.7387398627889E-20
  0.0000000000000E+00 -3.1693172166743E-05  3.2143593601588E-03  1.9516090103124E-32
 -1.5202007027697E-31  1.4996574500295E-31  1.4380276918091E-32  1.3415386114501E-03
  1.4184689701403E-03  4.9410255256501E-22 -1.5202007027697E-31  1.4184689701403E-03
  1.3415386114502E-03 -2.2587545260115E-20  5.5466782398352E-32  6.9527287753790E-21
  9.0350181040459E-21 -1.8814064531022E-04  2.6413066365317E-04  1.0163170918119E-04
  1.3934295421263E-04  1.5091454027309E-05 -1.0163170918119E-04  3.1718329360014E-04
  3.2884804632791E-04 -1.1973247731710E-05 -1.3934295421263E-04  3.2884804632791E-04
  2.3984993070577E-04  7.2090272599097E-06 -1.5091454027308E-05 -1.1973247731710E-05
  7.2090272599092E-06  1.1664316252409E-04 -2.6715690475910E-04  2.3704258982209E-05
 -2.3704258982209E-05  2.2587545260115E-21 -2.3704258982209E-05  5.9589396732607E-06
  5.8891319673706E-05  3.3881317890184E-21  2.3704258982209E-05  5.8891319673706E-05
  5.9589396732596E-06 -9.0350181040510E-21  2.2587545260115E-21 -2.6540365680634E-20
  2.2587545260109E-20  1.7602408988930E-05  2.6782533978714E-05 -1.2473252503370E-03
 -1.2473252503370E-03  5.6468863150287E-21  1.2473252503370E-03  2.1818750959012E-03
  2.2119519160516E-03  3.4609889081038E-22  1.2473252503370E-03  2.2119519160516E-03
  2.1818750959012E-03  9.4935092771713E-21 -7.9056408410401E-21 -6.2617031304759E-21
 -2.6868360529224E-21 -1.5847615144842E-05  2.4239539131255E-05 -2.0033281498110E-05
 -2.0033281498110E-05  1.5440704767657E-23  2.2895664458413E-06  1.7034195026546E-06
 -1.7034195026546E-06 -6.5345547105520E-06 -2.3957003089583E-06 -1.1612158700771E-06
  4.4196280814153E-06 -1.3234889800848E-23  2.3457751118790E-04  5.6150110093866E-06
  5.6150110093866E-06  2.5918325859995E-23 -2.3680927378676E-04 -1.2796002749172E-05
 -2.3814224827372E-05 -7.4997708871474E-23 -2.3680927378676E-04 -2.3814224827372E-05
 -1.2796002749172E-05  8.8232598672323E-23 -6.7056774990965E-22 -1.7646519734505E-23
 -2.4263964634849E-23  6.4657803314948E-06  2.5789757652388E-05  1.1560574930858E-06
 -1.1560574930858E-06 -2.9296191049641E-06  1.6124133874947E-05  1.6681015970514E-06
 -1.0952271280226E-05 -1.1630251079956E-06 -1.6124133874947E-05 -1.0952271280226E-05
  1.6681015970514E-06  1.1630251079956E-06 -6.3213192716909E-05 -1.1376455205319E-06
  1.1376455205319E-06  2.0161151577180E-06 -2.2641008285265E-05 -3.5341971416785E-06
  3.3221479891117E-06 -1.5164977896806E-23 -1.0770480142912E-05  9.2669177656491E-06
 -9.1444342070234E-06  4.4116299336160E-24  4.4034885614369E-05 -2.7549138819203E-07
  2.6179838761456E-07  3.5293039468929E-23 -1.4117215787572E-22  4.4116299336202E-23
 -6.6174449004643E-24  6.3073832302278E-06  3.4576013773904E-06 -4.6019542085448E-07
  1.9009019182125E-06  1.0881579383223E-06  3.3192566863834E-06  2.3487917005214E-06
 -2.5485176065643E-06  2.1648539778861E-06  8.3536814494830E-06 -4.0538229026130E-06
  2.5124717267990E-06  2.5073496947554E-06 -2.5358402203055E-06  2.7650903358112E-07
  9.4942161146293E-07  5.5556218961738E-06 -2.4146699712240E-03 -6.0015817535384E-05
 -6.0015817535384E-05  2.2058149668081E-22 -2.1808227519841E-04  9.8684666726430E-05
  2.6066372451777E-04 -7.2350730911305E-22 -2.1808227519841E-04  2.6066372451777E-04
  9.8684666726430E-05 -8.4703294725430E-22 -1.4117215787572E-21  1.4117215787591E-22
 -1.9259299443872E-34 -1.1364127240996E-04 -3.2035038386298E-05 -2.3155760812178E-05
  2.3155760812178E-05  4.7981720213554E-05 -8.4923118849738E-05 -3.3080226710369E-05
  1.3587125105053E-04  1.8719490600184E-05  8.4923118849738E-05  1.3587125105053E-04
 -3.3080226710369E-05 -1.8719490600184E-05  4.5293845496965E-04  1.7476870256855E-05
 -1.7476870256855E-05 -4.3680013169024E-05  2.9835944238470E-04  4.8781874605244E-05
 -4.3103033571609E-05  2.6359488853356E-22  1.4253750018965E-04 -1.1460403699168E-04
  1.1126008141236E-04  1.7999450129154E-21 -3.6890266058177E-04  1.9209544174148E-05
 -2.5005798019907E-05  0.0000000000000E+00  1.1293772630057E-21  1.4117215787552E-22
  1.4117215787591E-22 -8.4059537500693E-05  8.5818054581922E-05  7.3284243546878E-06
 -3.1444007535290E-05 -2.3846152067861E-05 -3.4068499525236E-05 -3.6894183047573E-05
  3.0791639114036E-05 -2.8282971136642E-05 -4.1871275348568E-05  5.1150013856240E-05
 -4.5688262835841E-05 -3.9739916005745E-05  2.6262466025422E-05 -4.2113387163062E-06
 -1.5875065079589E-05 -7.9438591150822E-05 -4.0948017669264E-04 -5.0717275534719E-05
 -5.0717275534719E-05  1.6874484496082E-22  6.0358578518658E-04  1.4043738505775E-04
  2.1240567405972E-04 -8.4703294725430E-22  6.0358578518658E-04  2.1240567405972E-04
  1.4043738505775E-04  1.4117215787572E-22  8.4703294725430E-22  2.8234431575143E-22
  1.4117215787572E-22 -7.2106073449868E-05  7.5839325800977E-05 -3.3731786139316E-06
 -3.3731786139316E-06 -2.5319241161467E-05 -9.7493277707768E-06 -4.8607616642898E-05
  5.0885570324531E-05  1.2436357008985E-05 -9.7493277707769E-06  5.0885570324531E-05
 -4.8607616642898E-05  1.2436357008985E-05  4.5725586094170E-06  5.9242962925260E-06
  5.9242962925260E-06 -4.4250786989434E-05  2.1895388173304E-02  2.3456796927678E-04
  2.3456796927678E-04  7.7644686831644E-22  4.6832454015042E-03 -1.1641829354199E-03
 -1.7923207279397E-03 -9.0350181040459E-21  4.6832454015042E-03 -1.7923207279397E-03
 -1.1641829354199E-03  1.1293772630058E-21 -2.8234431575143E-21 -5.6468863150292E-21
 -1.7646519733967E-23  5.1787058375615E-04  1.1498367028514E-04  1.4691149829128E-04
 -1.4691149829128E-04 -3.2348100519511E-04 -4.6414628373792E-04  5.9408423946614E-05
 -5.1511354434209E-04 -6.9634401655465E-06  4.6414628373792E-04 -5.1511354434209E-04
  5.9408423946614E-05  6.9634401655468E-06 -1.8445500704699E-03 -2.3656304522807E-05
  2.3656304522807E-05  3.5809647863070E-05 -3.2211649713434E-03 -2.2992660448879E-04
  1.8001591930821E-04  1.4117215787572E-22 -1.2987456696949E-03  4.0105401636077E-04
 -4.4344934088300E-04  2.5410988417629E-21  3.4697206049173E-03 -1.4254876484425E-04
  1.6168501583239E-04 -2.4074124304840E-35 -3.3881317890172E-21 -1.1293772630052E-21
  3.3704852692822E-21  2.8821199468373E-04 -7.0258428947568E-04 -2.9448314260295E-05
  1.3428970057604E-04  1.0591975638732E-04 -2.2087775197233E-04  1.1606312367934E-04
 -1.0422026185007E-04  1.5826527948706E-04 -8.9410522071849E-05 -2.4873410655918E-04
  1.7993405368343E-04  1.7595450080534E-04 -4.2116211093536E-04  1.8033302627797E-06
  2.0564378631735E-05  2.8699135501642E-04  2.9984818329606E-03  2.9094067993165E-04
  2.9094067993165E-04 -9.8820510513002E-22 -4.1061357644379E-03 -7.2272181999967E-04
 -1.0343941365913E-03  5.6468863150287E-21 -4.1061357644379E-03 -1.0343941365913E-03
 -7.2272181999967E-04  4.5175090520229E-21 -8.4703294725430E-21 -1.1293772630057E-21
  1.7646519734465E-23  2.9028645203559E-04 -6.5087422563386E-04  1.1153282010229E-05
  1.1153282010229E-05  8.0196497236793E-05  1.7732312710955E-04  1.8692206049768E-04
 -2.2167277040179E-04 -5.9471315486648E-05  1.7732312710955E-04 -2.2167277040179E-04
  1.8692206049768E-04 -5.9471315486648E-05  2.5894393356348E-04 -2.9082220096705E-05
 -2.9082220096705E-05  1.8590063271356E-04  4.1971979016090E-04 -3.1477231480517E-05
  3.1477231480517E-05  4.1030614416560E-05 -3.0262138770511E-04  2.9281776476619E-04
 -1.7083448700468E-04 -4.3814933244296E-05  3.0262138770511E-04 -1.7083448700468E-04
  2.9281776476619E-04  4.3814933244296E-05  3.7778456126932E-04  8.3946873253211E-06
 -8.3946873253212E-06  2.7587256472723E-04 -9.3642571194446E-06 -2.0484362801423E-05
 -2.5107322725250E-05  4.2351647362715E-22 -1.9089806861794E-07  1.3724049276366E-04
 -8.5178588406547E-05  1.6940658945086E-21  1.7519569593453E-05 -1.2864235192359E-04
  2.7793584881174E-04 -5.6468863150286E-21  6.2115749465315E-21 -1.1293772630057E-21
 -1.7646519734465E-23  2.6399588820928E-04  4.3537753361965E-04  1.7237223312586E-05
  9.8075947993929E-06  1.0755604328142E-05  4.3939314305299E-04  2.2387894117059E-04
 -1.0072671725854E-04  1.0520483857625E-05 -1.7675735269551E-04 -1.3955256120854E-04
  2.4201452810068E-04  4.3574705947406E-05 -1.9623313807079E-04 -2.8500620444762E-06
  6.2567303187090E-06  2.4955261858174E-04  7.2445396117158E-04 -8.4145163223575E-30
 -2.6821270777514E-29 -2.7347178047662E-29  1.0107567757177E-04  9.9850068867489E-05
  4.6912659723195E-05 -3.4944579379819E-05 -5.5009904129729E-05 -5.0908532031613E-05
  5.0908532031613E-05 -1.1832913578315E-30 -2.9842167570553E-04  7.1693742998629E-04
  7.1693742998629E-04 -1.1293772641890E-21 -1.1438716597872E-03 -1.3122002687758E-31
  5.2590727014734E-31 -2.6603512298469E-31  2.5473633397762E-31 -2.4358634478914E-03
 -2.2941266567799E-03  7.5527104463508E-21  1.1504221534473E-31 -2.2941266567799E-03
 -2.4358634478914E-03 -2.2587545260115E-20 -2.6295363507367E-31 -2.0328790734103E-20
 -1.3552527156069E-20 -2.1920429812811E-04 -2.1852706461776E-04 -4.4953771171940E-04
 -4.3726160778391E-04  2.3035457591449E-05 -1.8638864491594E-04 -9.4018338521212E-04
 -1.4057461282472E-03 -2.6554059380933E-04 -5.4120783197897E-05 -7.2685414996922E-04
 -6.9991908850213E-04 -2.4062678905866E-04  7.8057620447379E-05  3.5371939237683E-04
  2.7461783691411E-04 -2.1927613878382E-04  9.2678576209083E-05  7.7126274789066E-05
 -7.7126274789066E-05 -4.5175090520229E-21  8.6939357324736E-05 -9.1250357990855E-05
 -3.6417501851397E-04 -3.3881317890170E-21 -8.6939357324736E-05 -3.6417501851397E-04
 -9.1250357990858E-05  1.8070036208075E-20 -4.5175090520250E-21 -1.0164395367055E-20
  1.8070036208091E-20 -5.3922559552959E-06  6.3007368640492E-04  3.1862268508691E-03
  3.1862268508691E-03  9.0350181040459E-21 -1.6237964637094E-03 -6.6871622608463E-03
 -6.8651552614426E-03  3.8264375753284E-21 -1.6237964637094E-03 -6.8651552614426E-03
 -6.6871622608463E-03  4.3273856579558E-21  2.2587545260094E-21  2.5012066451629E-20
 -9.5713688893152E-21  1.2186999265407E-04 -2.7564470581861E-03 -3.1842041747202E-32
  2.8760553836183E-31 -7.8886090522101E-31  3.2869204384209E-32 -2.1471251188707E-03
 -1.6809847188182E-03  1.2352563814125E-21 -8.2173010960522E-32 -1.6809847188182E-03
 -2.1471251188707E-03  9.0350181040459E-21 -2.2186712959341E-31  3.2434303271946E-20
  0.0000000000000E+00 -4.4200757436523E-04 -1.1080808690654E-04 -2.9591676697562E-04
 -2.7371944112541E-04  3.9082559075919E-05 -2.5115616759132E-04 -6.3182510459595E-04
 -8.8163204950939E-04 -2.1832100516047E-04 -1.8283246413006E-04 -3.4474766048613E-04
 -5.1013569156147E-04 -2.1710469328305E-04  1.8629184529476E-05  2.5179405083318E-04
  1.8470738894942E-04 -2.2319706731169E-04  2.9618976926400E-04  2.9683105541072E-05
 -2.9683105541072E-05 -2.0543252740131E-33  2.0471788204295E-04 -1.3189160258172E-04
 -1.6850042983504E-04  1.5246593050577E-20 -2.0471788204295E-04 -1.6850042983504E-04
 -1.3189160258172E-04  1.4332128669482E-32  0.0000000000000E+00  5.6468863150296E-21
  9.0350181040460E-21 -1.1197799413787E-04 -9.8045194319303E-05  1.9738589331320E-03
  1.9738589331320E-03 -2.0543252740131E-33 -6.2076798187722E-04 -3.8923032627581E-03
 -3.9407278533525E-03  4.8237545640035E-21 -6.2076798187722E-04 -3.9407278533525E-03
 -3.8923032627581E-03 -8.8261695526921E-21 -2.2587545260115E-21 -7.3170973394079E-21
  5.0944518700330E-21 -5.5681537117625E-06  1.3466301171025E-05  1.3552527156068E-20
  3.3881317890172E-21  1.5898366702095E-05  1.1293772630057E-21 -2.3560145848464E-04
 -3.0432243031852E-04 -1.0164395367052E-20  1.1293772630057E-21 -3.0432243031852E-04
 -2.3560145848464E-04 -2.2587545260115E-21 -9.3554558438668E-06 -3.5998900258308E-21
  0.0000000000000E+00 -1.3489296295897E-04  1.8406466800406E-04  1.6469083491906E-04
  1.8841140458869E-04 -1.2705494208897E-21  1.2330183956247E-04 -5.5613965097702E-05
 -6.1550205933964E-05 -5.6468863150287E-21 -1.2951226837160E-04 -3.8616549298231E-04
 -3.8712186194607E-04  0.0000000000000E+00 -2.8410896772529E-21  3.1763735522036E-21
  0.0000000000000E+00 -3.7891805484436E-05  1.1498694258524E-03  6.5738408768418E-32
  8.2173010960522E-33 -2.5884498452564E-31  6.5738408768418E-32 -1.2737579485117E-03
 -1.8957766640209E-03 -4.9692599572252E-20 -8.2173010960522E-33 -1.8957766640209E-03
 -1.2737579485117E-03 -4.5175090520229E-21 -5.2179861959932E-31 -3.1904907679912E-20
  9.0350181040459E-21  2.2160900301052E-04 -3.3324560190041E-04 -1.1859211989198E-04
 -2.2850551343242E-04 -1.0312208069501E-04  1.1859211989198E-04 -4.8027057303062E-04
 -8.4420278147976E-04  1.6047742729561E-04  2.2850551343242E-04 -8.4420278147976E-04
 -1.2100559646760E-04  1.1385515906462E-04  1.0312208069501E-04  1.6047742729562E-04
  1.1385515906462E-04  6.4037349850018E-05 -2.6773845020417E-04  1.1892992809367E-04
 -1.1892992809367E-04  6.7762635780344E-21 -1.1892992809367E-04  2.6028234305028E-04
 -4.1155459254563E-04  5.6468863150291E-21  1.1892992809367E-04 -4.1155459254563E-04
  2.6028234305028E-04 -2.2950665170615E-33  2.2587545260115E-21 -1.4681904419074E-20
  9.0350181040461E-21  3.2565415604024E-04  1.4312164008190E-03  1.9932865398597E-03
  1.9932865398597E-03  4.5175090520229E-21 -1.9932865398597E-03 -4.7417550940060E-03
 -5.0196791812965E-03 -8.3204908190390E-22 -1.9932865398597E-03 -5.0196791812965E-03
 -4.7417550940060E-03  2.1429661842677E-20 -4.5175090520229E-21  7.9106291966248E-21
 -1.4177477696351E-20  2.2379712523591E-04 -9.9239932361068E-06 -6.7762635780385E-21
 -3.3881317890213E-21  1.4808723069646E-04  9.0350181040500E-21  1.2568959515891E-04
 -4.4007776916413E-04 -4.7292672888365E-21  0.0000000000000E+00 -4.4007776916413E-04
  1.2568959515891E-04 -6.7762635780344E-21 -1.4808723069646E-04 -1.3481941077131E-20
  2.2587545260115E-21  8.6536722020242E-05 -1.1948733083032E-04  1.0614079413754E-04
  3.8045840183242E-06  4.0939925784019E-21 -1.0614079413754E-04  2.5570515161388E-04
 -3.2646461761048E-04  4.3057508152094E-21 -3.8045840183237E-06 -3.2646461761048E-04
  1.4399202259930E-05  0.0000000000000E+00 -4.3763368941493E-21  1.3623113235007E-20
  0.0000000000000E+00  2.6830571741511E-04  6.1576217638819E-05 -2.3065622974764E-05
  2.3065622974764E-05  1.5482976903258E-05  2.3065622974765E-05  1.3434066444021E-04
 -2.8028156526564E-04  1.4384395008943E-05 -2.3065622974766E-05 -2.8028156526564E-04
  1.3434066444021E-04 -1.4384395008943E-05 -1.5482976903258E-05  1.4384395008943E-05
 -1.4384395008943E-05  2.3854224863406E-04  3.6539715482351E-05 -2.2993914641808E-06
  1.2160838364075E-05  7.1236837569706E-06  2.2993914641804E-06  2.7019439668162E-04
 -2.5118157342428E-04 -2.0067179202707E-05 -1.2160838364076E-05 -2.5118157342428E-04
  2.3964803952236E-04 -1.0328001548739E-05 -7.1236837569706E-06 -2.0067179202707E-05
 -1.0328001548739E-05  2.6416132351479E-04  9.5918933271364E-07  3.1069705768594E-05
  3.1069705768594E-05  7.9579548787620E-05 -3.1069705768594E-05  5.0382883546716E-05
 -3.8097355004788E-04 -5.1225496120586E-05 -3.1069705768594E-05 -3.8097355004788E-04
  5.0382883546716E-05 -5.1225496120586E-05 -7.9579548787620E-05 -5.1225496120586E-05
 -5.1225496120586E-05  2.3847486264809E-04  2.0267569946366E-05  7.1419624312233E-05
  1.5645127302998E-04  6.7199839325727E-05 -7.1419624312233E-05  1.0348619947579E-05
 -5.1379358230137E-04 -1.5079345404898E-04 -1.5645127302998E-04 -5.1379358230137E-04
 -2.0000408842593E-04 -1.0837122488546E-04 -6.7199839325727E-05 -1.5079345404898E-04
 -1.0837122488546E-04  2.9567256315735E-04 -4.0276927569580E-04  2.3353926816204E-04
  2.4451090210155E-04 -5.1659753478755E-06  2.6133265258845E-04 -8.4955261891048E-06
 -2.0507910582673E-05 -4.4571102321100E-05  6.7228818425860E-06 -5.8223612121464E-05
  1.8116183423491E-05  2.0379541779551E-05  5.8014065767981E-04  1.3653565529507E-04
 -3.3771116277158E-04  1.7429355850894E-04 -1.4393974215240E-05  1.3120196165252E-05
  2.5373536649588E-05 -1.2005448001837E-04  4.9197965060526E-06  1.6103056015761E-05
  5.4283423360593E-05  2.0863578902418E-05  1.9952445494665E-04 -3.4204837310059E-04
 -3.6762773023215E-04  1.2848187826085E-05 -3.4204837310059E-04  9.4795699795223E-04
  8.9011391202880E-04  9.1470785128120E-05  1.2848187826086E-05  9.1470785128118E-05
  8.9456882190885E-05 -1.5756029766295E-06 -3.6762773023215E-04  8.9011391202880E-04
  8.6035488580237E-04  8.9456882190887E-05  7.3965100846997E-04 -3.5637879317669E-04
 -3.9079655709590E-04 -1.9075822092551E-06 -1.6308602887770E-03  1.1433025770413E-03
  9.6234876925025E-04  2.8633286657569E-04  1.1467901922733E-04  6.7468157102678E-05
  1.2772442593543E-04 -2.5898908355380E-05 -1.6555757065393E-03  1.1957621700278E-03
  9.2799113007651E-04  2.1948627805173E-04 -5.1112641925612E-04  7.9058575573192E-05
  1.4827690403665E-04  6.5472522583724E-05  1.4032871495054E-03 -1.0612853457516E-03
 -4.9519181866488E-04 -1.0035786627668E-03 -1.5481391658624E-04  4.4581748472382E-05
 -2.2705642774508E-04  6.7813523096018E-05  1.3661338735445E-03 -1.4494506838335E-03
 -4.1539335604810E-04 -7.6299828049809E-04 -7.2982003546822E-06  8.2868624704916E-05
 -4.2502772251589E-05 -1.6449358631490E-05  4.6354296246181E-04 -2.5448035725354E-04
 -4.7406336417052E-05 -5.6504598742626E-04 -3.4822335249515E-04  1.0952805651618E-04
 -2.4753988995835E-04 -3.7685376050442E-05  2.8211118520778E-04 -5.5210709237689E-04
 -2.4066218978467E-04 -2.4764362886619E-04 -1.0746982723023E-03 -3.8711495035490E-05
  8.5449085162179E-04 -3.1719932075555E-04 -3.3952833519280E-03 -1.4494579546380E-03
  2.1997755480197E-03 -2.1820493107527E-03 -1.0573404062012E-04  1.2258614786858E-04
  3.0351742725554E-05 -3.4438987291245E-05 -3.5168969692108E-03 -1.5908061067391E-03
  2.2735813199537E-03 -1.9135897203251E-03  7.8437385638595E-06 -5.8237750731471E-06
 -4.7315163725719E-05  2.1650681041551E-04 -4.2307738429545E-05 -1.0471032317522E-04
  1.0051549515506E-04 -1.2523458441576E-03  3.7993908280463E-06 -3.9355965953745E-05
  1.2420267928340E-05 -3.8801078595409E-05 -2.1153456176409E-05 -3.3028304177748E-04
  1.0138310621230E-04 -1.0830013274682E-03 -1.6228467456238E-06 -4.2578708162112E-05
 -1.1745415131208E-04 -3.0167128071610E-05  1.2754112587930E-04 -4.3537562750426E-04
 -5.5722159833448E-05 -7.4349004941585E-04  5.9101230274250E-05 -2.0501738671656E-04
 -4.6151326675584E-04 -9.2305961144565E-05  1.0264554868356E-04 -9.1466875410913E-04
 -2.5604189696657E-04 -4.7025518468573E-04  3.5983190171816E-05 -3.5149930401496E-05
 -3.0278981045511E-05  1.5619443797070E-05 -1.9612991082462E-07 -3.5162539141868E-05
  5.7774341983990E-05 -3.4401822632530E-04  8.2491790563981E-06 -4.3369345559328E-05
  5.3582412970655E-05  6.3597344843197E-05 -5.0362300290806E-05 -2.2342251758566E-04
  7.8399961621788E-05 -1.4089705797833E-04  7.0100972087263E-05  8.2432151873713E-05
 -1.3964782913420E-04  6.7795230179815E-05 -2.5531731500252E-04 -6.1119070789391E-04
  3.7006725691409E-04 -7.1833152040422E-04  6.2556482768196E-05  7.3950096701741E-05
 -1.3333070401056E-04  9.0515854928100E-05 -2.3403612784497E-04 -7.1732863208707E-04
  3.3127917549818E-04 -4.7280229015424E-04  1.6697232675130E-04  2.2490280270116E-04
 -1.2035256126889E-04  3.1358287261720E-04 -6.3986658551007E-04 -1.4549822452287E-03
  4.4670606440053E-04 -1.8393122300429E-03 -2.9250097956370E-05 -1.1501326027960E-05
  7.7890023926856E-05 -3.5978900074827E-05 -6.5636754644110E-04 -1.6208203112665E-03
  4.2678779634160E-04 -1.6899145729178E-03 -1.0577773120236E-04 -5.8509855810494E-06
  4.6042093885743E-05 -5.1599782716364E-05 -1.2261427429413E-04 -2.7988481074988E-04
  6.4660006527060E-05 -5.9909318892303E-04 -1.0536460062507E-04 -1.6875942186177E-04
 -6.4731229503086E-05 -9.1190071994291E-06  2.4836892096393E-05 -4.4875712408349E-04
 -2.1939993464959E-05 -3.2955802497785E-04  1.8509099641585E-03 -1.3082958788246E-03
 -1.3157181426112E-03  7.0050376031432E-05 -1.3082958788246E-03  1.1858897990686E-03
  1.0716457425428E-03  1.9430700326890E-04  7.0050376031432E-05  1.9430700326890E-04
  2.3600559033634E-04 -3.7734995663484E-05 -1.3157181426112E-03  1.0716457425428E-03
  8.6447024532189E-04  2.3600559033633E-04  6.1151932505723E-05  2.2162642401941E-04
  1.9190144070928E-04 -1.8749639389978E-04 -2.2162642401941E-04  2.0877222052118E-05
  6.5487206114531E-05  1.2085193234373E-04  1.8749639389978E-04  1.2085193234373E-04
  1.7218542311245E-04  1.2016690914840E-05 -1.9190144070928E-04  6.5487206114531E-05
  1.3636972811627E-04  1.7218542311246E-04  2.7088017403112E-03 -2.4550125653866E-03
 -2.7964360389811E-03  7.1289060128463E-05  2.4550125653866E-03 -5.4160723966112E-04
 -1.2489117599591E-03  3.8325521611954E-04 -7.1289060128463E-05  3.8325521611954E-04
  3.9100791242207E-04  1.5015671224359E-05  2.7964360389811E-03 -1.2489117599591E-03
 -2.0033835632639E-03  3.9100791242207E-04 -1.0134911856654E-03 -2.8076265897071E-04
 -3.2133720626882E-04  1.6291606284551E-04  1.0079411231156E-03 -7.4946808551954E-04
 -1.1880886329165E-04 -6.8559382575699E-04 -9.7531460899226E-05  1.1645391550232E-04
 -2.6769152362155E-04  5.3584442759558E-05  9.1898102388298E-04 -8.6005477040358E-04
 -9.8306640401122E-05 -6.3067882781846E-04  5.7057963741054E-05  2.5868995989444E-04
 -2.7999137372423E-05 -1.4386052372928E-04  3.1664669420378E-04 -2.2917527829394E-04
  4.5544785611454E-05 -3.6965153656079E-04 -2.3899489167762E-04  1.5008948722234E-04
 -2.7164800180540E-04 -1.8335351210764E-05  2.1372654600340E-04 -3.3211603957616E-04
 -1.7186747761282E-04 -2.2719161974016E-04 -1.4801719989106E-03 -1.0111480598191E-03
 -1.5444715747975E-04 -3.5146227100041E-04 -2.4120161268031E-03 -1.0407798878102E-03
  1.5280232081062E-03 -1.5037237446091E-03 -9.6031029629527E-05  2.9327692563484E-04
  9.1431122214663E-05 -2.1194694533018E-05 -2.3850837704167E-03 -1.4851881568581E-03
  1.1277448861493E-03 -1.3856076572232E-03  1.0991123764252E-04 -5.1090814533594E-05
 -7.9117454646660E-05  2.5206466816752E-04 -2.3910961038421E-05 -9.9526006912153E-05
  1.6740115400750E-04 -8.2964354827972E-04  1.4431684990569E-07  3.6710110266291E-05
 -4.8386128752127E-05 -2.6166875995520E-05 -6.1111070900461E-06 -2.2178550137418E-04
  9.8060837606060E-05 -7.5091746503325E-04  2.7681808206931E-05  1.6951191777763E-05
 -1.4500984923221E-04 -5.4956617464634E-05  1.1310701083545E-04 -4.0327847142498E-04
 -3.3695536610744E-05 -4.9945873055604E-04  2.4839265324883E-05  7.6325787546159E-06
 -2.7766569582257E-04 -6.9925639233145E-05  9.1624590238863E-05 -6.3411278319093E-04
 -1.9227888901323E-04 -4.0399498395913E-04  1.0278634544343E-04 -6.1602644888518E-06
  2.6517172793601E-06  1.2066215959752E-05  9.9602951709058E-06 -6.1850432375799E-05
  8.9416614503141E-05 -2.2102897343792E-04 -1.3148195687515E-06  3.3337705435664E-05
 -1.2279470599192E-05  4.1213349458513E-05 -2.9188891400251E-05 -1.6918507691305E-04
  2.4316068463294E-05 -1.5214533875737E-04  1.3922991912782E-04  1.2902801852198E-04
 -1.7415655635775E-04  8.2331843280205E-05 -1.8795230700222E-04 -5.1474455789822E-04
  2.9243211231190E-04 -4.9131595166536E-04  4.3804573662741E-05  1.1230115829495E-04
 -1.7714583719203E-04  6.2179444287250E-05 -1.6698498861462E-04 -5.0502398072178E-04
  2.0902270323921E-04 -4.0911648280603E-04  1.8086350522900E-04  3.0523117376610E-04
 -5.7266965322776E-06  3.6432612738565E-04 -4.1481052683597E-04 -1.0937973990341E-03
  3.1377952079566E-04 -1.2568231746797E-03 -1.2308999240680E-05  5.2913890517471E-05
 -9.9563941307184E-07 -2.3962473135302E-05 -4.1013009147979E-04 -1.1378214483891E-03
  2.3961463175678E-04 -1.2264780588452E-03 -1.8420019199994E-04  1.5473967615879E-04
  2.1881505828056E-04 -3.4248362123174E-05 -1.0863525899220E-04 -1.3526652480359E-04
  1.8249897847812E-04 -3.9629917728583E-04 -8.6120513428253E-05  2.0440523954022E-05
  1.7856413281811E-06 -2.5223885825255E-06  3.1985377973344E-05 -3.0841776441111E-04
 -4.4197589892302E-05 -2.9104888888703E-04  5.8303725901014E-05 -9.3617915623171E-06
 -5.9013372088972E-07  9.0634253739486E-06 -2.1105184680452E-05 -2.0973090115063E-04
  2.8257120037303E-05 -2.2748069112545E-04  3.7883848440580E-05  8.4232438524054E-05
 -1.2529950125771E-04  8.1074442262226E-05 -2.3485351443402E-05 -2.9514143182766E-04
  1.6892621826600E-05 -2.4982425917002E-04  1.1382880958321E-04 -6.5364876967420E-06
  3.3726429768424E-05  5.7506474711285E-05  1.4667164106972E-04 -2.5849090770695E-04
 -3.1689757066832E-05 -2.6564871894842E-05 -2.4233438681207E-05  5.9816371554240E-05
 -1.6652627077428E-05 -4.3860405144463E-06  1.3900899084826E-04 -3.5954294155118E-04
 -1.1238952918709E-04  1.4690550803939E-05  1.9182989003482E-04  1.5362244050394E-04
 -1.0994531719550E-04  7.4865271682269E-05 -2.2953648216515E-04 -5.2687974821059E-04
  2.0982432539892E-04 -4.2285458462830E-04  4.8870495790867E-06  2.8040511351319E-05
 -4.6609201843586E-05  6.7842151706226E-06 -2.2121029460719E-04 -5.3408525149684E-04
  1.8516008838758E-04 -3.8604670941129E-04  4.7191364902307E-04  3.8085423623538E-04
  5.6466550584893E-04 -1.1590495915130E-04  3.8085423623538E-04 -2.0019940910738E-04
 -8.5173676189833E-04 -3.9324753525272E-04 -1.1590495915130E-04 -3.9324753525272E-04
  4.9211667793294E-05  4.0546998523846E-05  5.6466550584893E-04 -8.5173676189834E-04
 -5.2173792335630E-04  4.9211667793292E-05 -1.0291956444684E-04 -2.1707254149570E-04
 -5.4605386220332E-05  1.4777252205751E-04  2.1707254149570E-04  1.7899735853205E-04
 -3.0947734056937E-04 -2.3319297968151E-04 -1.4777252205751E-04 -2.3319297968151E-04
  1.8193337401239E-04 -6.0372927315105E-05  5.4605386220333E-05 -3.0947734056937E-04
 -7.5742341609575E-05  1.8193337401239E-04 -5.0994302006153E-06  1.1177897311083E-03
  1.6105923398042E-03 -4.9333275516092E-05 -1.1177897311083E-03 -6.9118278946382E-04
  4.8582792582819E-04 -7.8018360842089E-04  4.9333275516092E-05 -7.8018360842089E-04
 -4.2889181011406E-04 -3.2156734398024E-05 -1.6105923398042E-03  4.8582792582819E-04
  2.1483560378181E-03 -4.2889181011406E-04 -1.4394927486793E-04  3.7294773963280E-05
 -1.8634511024866E-06  2.4281659717504E-05 -3.4111245485782E-05  1.1213131914969E-04
 -2.9397793810063E-04 -5.3061351943319E-04  1.4960354879677E-05 -2.7828767435786E-04
  1.3351975174822E-04 -3.9467583215771E-05 -3.0494347863104E-05 -1.0825150729126E-04
 -3.3401677592300E-05 -3.1694073831277E-04 -1.4394927486793E-04 -3.4111245485782E-05
 -3.0494347863104E-05  1.4960354879678E-05  3.7294773963280E-05  1.1213131914970E-04
 -1.0825150729126E-04 -2.7828767435786E-04  2.4281659717504E-05 -5.3061351943319E-04
 -3.1694073831277E-04 -3.9467583215771E-05 -1.8634511024864E-06 -2.9397793810063E-04
 -3.3401677592300E-05  1.3351975174822E-04 -7.9815668750710E-05 -6.0229914688384E-05
 -9.3930265848072E-05  7.7196709755586E-06 -2.0582182776398E-05  1.4328768857951E-04
 -2.0684099340432E-04 -1.5642260684322E-04  1.4106085006750E-05 -2.7524181605242E-04
  1.5996748013281E-04  4.8444810356249E-05 -3.4762979615464E-05 -1.9125131385601E-05
  1.6427398778136E-04  2.1981384310709E-04 -7.9815668750710E-05 -2.0582182776398E-05
 -3.4762979615464E-05  1.4106085006750E-05 -6.0229914688384E-05  1.4328768857951E-04
 -1.9125131385601E-05 -2.7524181605242E-04  7.7196709755587E-06 -1.5642260684322E-04
  2.1981384310709E-04  4.8444810356247E-05 -9.3930265848072E-05 -2.0684099340432E-04
  1.6427398778136E-04  1.5996748013281E-04  6.5151837983408E-05 -1.8712065480171E-05
 -1.5551512898965E-04  4.7891860366027E-05 -3.2192708039221E-04 -2.3296998121284E-04
  4.5286278724425E-05 -7.1423130019417E-04 -2.7110307225690E-05 -2.2798894184834E-04
  1.6163225521559E-04  1.8404983331389E-05 -4.0263431879375E-04 -5.4751229425959E-04
  2.9351817830405E-04 -4.0857229150280E-04  6.5151837983408E-05 -3.2192708039221E-04
 -4.0263431879375E-04 -2.7110307225690E-05 -1.8712065480171E-05 -2.3296998121284E-04
 -5.4751229425959E-04 -2.2798894184834E-04  4.7891860366027E-05 -7.1423130019417E-04
 -4.0857229150280E-04  1.8404983331387E-05 -1.5551512898965E-04  4.5286278724425E-05
  2.9351817830405E-04  1.6163225521559E-04 -6.8053340318163E-05  6.3476058884536E-05
 -2.2240787677430E-05  4.1173365713572E-05  6.3476058884536E-05  1.1716628403403E-04
 -1.5400968198662E-04 -1.3011045698229E-04  4.1173365713572E-05 -1.3011045698229E-04
  1.7221233149248E-04  5.2386519766438E-05 -2.2240787677430E-05 -1.5400968198662E-04
 -1.5372536534657E-05  1.7221233149248E-04 -6.4216094671963E-05 -9.5885514865060E-05
 -1.1787609434452E-04  1.3901390571737E-05  5.9100013184879E-05 -3.8496605424605E-05
 -3.5701930279684E-04 -2.4546726319426E-05  2.8184392243107E-05 -2.3829715166995E-04
  1.1177108870039E-04  1.2552653975826E-05  8.6743696080278E-05 -1.4934194515281E-04
  1.0479453704791E-05  3.3163174114798E-04 -6.4216094671963E-05  5.9100013184879E-05
  8.6743696080278E-05  2.8184392243107E-05 -9.5885514865060E-05 -3.8496605424606E-05
 -1.4934194515281E-04 -2.3829715166995E-04  1.3901390571737E-05 -2.4546726319426E-05
  3.3163174114798E-04  1.2552653975825E-05 -1.1787609434452E-04 -3.5701930279684E-04
  1.0479453704792E-05  1.1177108870039E-04  5.1896863263373E-05  4.9401675604810E-05
 -3.4026756713701E-06 -5.0593378061106E-05 -4.9401675604810E-05  2.3565498348512E-04
 -1.1307731375126E-04 -8.3492896423129E-05  5.0593378061106E-05 -8.3492896423128E-05
  2.0454268648013E-04 -9.6291688875745E-05  3.4026756713702E-06 -1.1307731375126E-04
 -1.4125940967333E-05  2.0454268648013E-04 -1.0716163062907E-04 -1.9385593625186E-05
 -2.5859868826651E-05 -2.7353429616579E-05  1.9385593625187E-05  7.1869964783550E-05
 -2.8691610082299E-04 -2.7280620688859E-04  2.7353429616579E-05 -2.7280620688859E-04
  8.8210736051914E-05 -3.2528000549859E-05  2.5859868826651E-05 -2.8691610082299E-04
 -8.8683157282686E-05  8.8210736051913E-05  3.7281046243873E-06 -7.4158666481080E-06
  9.3541471825878E-06  8.0055503611628E-06 -2.9212163034876E-06  1.9505792652107E-04
 -1.1106426533462E-04 -8.2435883895464E-05  1.7655438405075E-05 -1.2465589173345E-04
  2.2047082291657E-04  1.2459192455997E-05 -3.7769512463058E-05 -5.7030643926125E-05
 -1.1059525273747E-05  2.7283608735252E-04  3.7281046243873E-06 -2.9212163034875E-06
 -3.7769512463058E-05  1.7655438405075E-05 -7.4158666481080E-06  1.9505792652107E-04
 -5.7030643926124E-05 -1.2465589173344E-04  8.0055503611629E-06 -8.2435883895464E-05
  2.7283608735253E-04  1.2459192455996E-05  9.3541471825878E-06 -1.1106426533462E-04
 -1.1059525273747E-05  2.2047082291657E-04  1.4052419540231E-05  1.5767766658227E-05
  3.1486015490762E-05  8.6389754835782E-06  5.3932281838124E-06  2.3502152694126E-04
 -1.1887618653380E-04 -1.4401877915416E-04 -1.3748949078201E-05 -1.1016880008888E-04
  2.5887991647706E-04 -1.7649478584273E-06  2.6066449991458E-06 -1.6793900388006E-04
  2.2419274679609E-05  2.6440728599833E-04  1.4052419540232E-05  5.3932281838125E-06
  2.6066449991457E-06 -1.3748949078201E-05  1.5767766658227E-05  2.3502152694126E-04
 -1.6793900388006E-04 -1.1016880008888E-04  8.6389754835783E-06 -1.4401877915416E-04
  2.6440728599833E-04 -1.7649478584272E-06  3.1486015490762E-05 -1.1887618653380E-04
  2.2419274679610E-05  2.5887991647706E-04  9.1852985481970E-05 -1.6126699599138E-05
  5.1352039990288E-05  1.3764245441026E-05 -2.0000191916790E-04 -4.9843173344450E-05
 -1.9749442901835E-04 -3.5769602925475E-04 -1.9083830179882E-05 -1.3683503679307E-04
  2.4954415456055E-04 -2.5861965149154E-05 -1.7725208756553E-04 -2.9338657006486E-04
 -1.1100891266848E-04 -1.9667298439050E-05  9.1852985481970E-05 -2.0000191916790E-04
 -1.7725208756553E-04 -1.9083830179882E-05 -1.6126699599138E-05 -4.9843173344450E-05
 -2.9338657006486E-04 -1.3683503679307E-04  1.3764245441026E-05 -3.5769602925475E-04
 -1.9667298439049E-05 -2.5861965149155E-05  5.1352039990289E-05 -1.9749442901835E-04
 -1.1100891266848E-04  2.4954415456055E-04 -1.2405253283096E-04  2.5757029425159E-05
 -1.1293772630058E-21 -5.6468863150285E-22 -2.8748355955217E-04  2.2587545260115E-21
 -2.1260592719869E-04  2.0001971028041E-04  1.2468410906855E-04  2.2470911535171E-05
 -1.1293772630057E-21  1.6940658945086E-21  1.2021270594107E-04  0.0000000000000E+00
 -1.3081944163171E-04  1.9028948525748E-04  4.3019568670900E-05  3.6738677851847E-05
 -6.8564495452874E-05 -6.8564495452874E-05  1.0251515045964E-06  1.4317055726091E-05
  2.3394016815997E-05 -2.3394016815996E-05  2.0343832239853E-04 -3.0355976023365E-05
  3.3881317890172E-21 -8.0247081016135E-36  3.0250826499973E-04  1.1341383449777E-04
  4.5086857921557E-21 -1.3552527156069E-20  9.0350181040459E-21  1.7646519734453E-23
  2.5515542406182E-04  2.9364621818998E-04  0.0000000000000E+00 -9.0350181040459E-21
  2.9364621818998E-04  2.5515542406182E-04  5.4578399304896E-04  2.2587545260115E-21
  3.5010735852911E-04 -3.0631564528807E-04  0.0000000000000E+00  2.0031211530191E-05
 -4.5130537056637E-21 -4.5148010068273E-21  1.5703693384972E-03 -1.3168612849775E-20
  9.5716729721209E-04 -5.8276161365685E-04  1.6712843463514E-03 -8.1784861585753E-21
  1.1060483716479E-03 -7.3128929112982E-04 -2.6469031925250E-04 -7.2138562351140E-06
 -2.2587545260115E-21  1.3552527156069E-20 -3.0471141982744E-04 -4.3450062012052E-04
  2.2587545260115E-21  2.2587545260115E-21  9.0350181040459E-21  1.5811281682080E-20
 -8.6170390216713E-04 -1.2994699348077E-03  2.7105054312138E-20  1.5811281682080E-20
 -1.2994699348077E-03 -8.6170390216713E-04 -1.6967201785786E-04 -4.5175090520229E-21
  2.4394372100276E-04 -3.2985352276764E-04  4.5175090520229E-21 -1.1053327794619E-04
  9.0610237784269E-21  1.1611869055915E-20 -9.6068258487874E-04 -1.0171603917567E-20
  5.6679418218584E-05 -1.5083711225545E-03 -1.1900350004315E-03  2.7761362525647E-20
 -4.5681577200388E-04 -9.8485632631515E-04 -1.0336254413028E-04 -5.4431327252267E-05
  9.7706866262324E-05  9.7706866262324E-05  8.0942300582383E-06 -5.0304431837574E-05
  1.0777134816974E-05  1.0777134816975E-05  1.5809423784311E-04  4.5701201551921E-04
 -1.0511004140758E-03 -1.2042753488092E-03  1.5809423784311E-04  4.5701201551921E-04
 -1.2042753488092E-03 -1.0511004140758E-03 -6.0340028007380E-06 -2.3089150876478E-05
 -3.7140073309503E-05  3.7140073309503E-05  4.3288151452135E-05 -1.7121692816643E-04
 -3.8776848693633E-04  3.8776848693633E-04 -2.1429832857023E-05 -1.8200709290984E-05
 -1.6259606088437E-04 -1.5662337782499E-04  2.1429832857023E-05  1.8200709290984E-05
 -1.5662337782499E-04 -1.6259606088437E-04  5.0678501652008E-04 -1.8559235106002E-04
  4.5175090520229E-21  6.0185310762101E-36  1.8559235106002E-04  1.9938106114974E-04
  2.2587545260114E-21 -6.7762635780344E-21 -9.0350181040459E-21  2.1881684470736E-21
  3.5545107203788E-04  1.6940658945086E-20  2.0328790734103E-20  6.7762635780344E-21
  2.2728717417990E-20  3.5545107203788E-04  1.2801173908392E-03 -5.6468863150287E-21
  1.1648833573484E-03 -1.2255936502040E-03 -3.3881317890172E-21  6.8190191874443E-05
 -2.8977344634668E-22 -1.2160693162308E-20  1.1648833573484E-03 -1.9689810796648E-21
  8.5105919769381E-04 -6.6137817803119E-04  1.2255936502040E-03  6.4034455983491E-21
  6.6137817803119E-04 -4.8918770233913E-04 -2.0315850454919E-04 -2.1395357043847E-04
  0.0000000000000E+00  0.0000000000000E+00 -1.6910658537421E-04 -3.4976232789674E-04
 -4.5528020914919E-21 -1.3552527156069E-20  4.5175090520228E-21  1.1293772630057E-20
 -6.3645551702199E-04 -9.9956602154072E-04 -9.0350181040459E-21 -2.2587545260115E-21
 -9.9956602154072E-04 -6.3645551702199E-04 -7.0377083742849E-04  2.2587545260115E-21
  4.0803289609910E-04 -6.3633112043962E-04  1.3552527156069E-20 -1.7137121531554E-04
 -1.4259429016184E-22 -4.7285877344403E-21 -8.0356432588540E-04 -7.6552824464914E-22
 -7.8695771992787E-05 -1.1053559211482E-03 -9.3730865750115E-04  2.5746522490696E-21
 -4.1313350472430E-04 -6.8079067434195E-04 -2.0579880797293E-05 -1.0063423932216E-04
  1.6438165973054E-04  1.6438165973054E-04 -8.7692172524766E-06 -9.5543099936947E-05
  1.3613099889850E-05  1.3613099889850E-05  8.7854350676642E-05  2.7934998039599E-04
 -8.3155513219846E-04 -8.5297108425055E-04  8.7854350676642E-05  2.7934998039599E-04
 -8.5297108425055E-04 -8.3155513219846E-04  1.1344528048917E-05 -2.7908515153251E-05
 -6.6204267391987E-05  6.6204267391987E-05  2.6668446539755E-05 -1.9703821930824E-04
 -1.9987445157822E-04  1.9987445157822E-04 -1.8591706519918E-05 -1.9031499623337E-05
 -8.0377166820685E-05 -2.0746432991280E-04  1.8591706519918E-05  1.9031499623336E-05
 -2.0746432991280E-04 -8.0377166820685E-05 -3.0638310917111E-04  2.9287940386187E-04
  1.5811281682080E-20  1.3552527156069E-20 -2.9287940386187E-04 -8.8445833197946E-05
  1.1293772630057E-21 -5.6468863150287E-21  1.6049416203227E-35  1.1646703024747E-21
 -2.0262178210521E-04  1.9114710176372E-19  2.2587545260115E-21 -1.1293772630057E-21
  1.9453523355274E-19 -2.0262178210521E-04  7.1356233807148E-04 -4.5175090520229E-21
  1.0521899860149E-04  2.0010892863485E-04  6.7762635780344E-21  1.8123604160167E-04
  9.4762724002997E-21 -5.5920317775878E-21  1.0521899860149E-04 -4.4125429625379E-22
  7.2422192018100E-04 -3.7608716762939E-04 -2.0010892863485E-04 -9.4036800402321E-21
  3.7608716762939E-04 -3.5602045962531E-04 -1.6286576440078E-04  8.2551542801782E-05
 -5.6221240314193E-05 -5.6221240314193E-05  7.9982628296655E-05  1.3029716144952E-04
  3.1511147012809E-05  3.1511147012809E-05  1.2756460528404E-04  2.3536339749423E-04
  8.1936725416169E-06 -3.0949445327475E-04  1.2756460528404E-04  2.3536339749423E-04
 -3.0949445327475E-04  8.1936725416173E-06 -1.6286576440078E-04 -7.9982628296654E-05
  1.2756460528404E-04 -1.2756460528404E-04 -8.2551542801782E-05  1.3029716144952E-04
 -2.3536339749423E-04  2.3536339749423E-04 -5.6221240314192E-05 -3.1511147012809E-05
  8.1936725416168E-06  3.0949445327475E-04  5.6221240314193E-05  3.1511147012809E-05
  3.0949445327475E-04  8.1936725416163E-06  2.6185506403438E-05 -9.4162797620578E-05
  2.7304478120151E-05  1.7934726608461E-05  9.4162797620578E-05  1.9021396791393E-04
 -3.3116798462084E-05  7.2966278561569E-05  2.7304478120151E-05  3.3116798462085E-05
  1.8017694236942E-04  2.0475611059044E-05 -1.7934726608461E-05  7.2966278561569E-05
 -2.0475611059044E-05  1.2609570388264E-04 -6.2125881499459E-05 -1.6628892862220E-05
  2.0409174623192E-05  4.2719924338714E-05  1.6628892862220E-05  2.6612442825650E-04
 -4.8110841034900E-05  2.8653339760652E-05  2.0409174623192E-05  4.8110841034900E-05
  1.4593982846188E-04 -4.3904628089955E-05 -4.2719924338714E-05  2.8653339760652E-05
  4.3904628089955E-05  1.0501033423339E-04 -1.8625902311355E-05 -6.7307939437336E-21
 -1.5800975481771E-05  7.5530110410015E-05  8.9895484697451E-21  3.0282887227757E-04
 -2.3999266838872E-21 -9.0350181040459E-21  1.6013447438879E-04  9.3173624197973E-21
 -4.9623381746800E-05 -8.7012751362029E-05  1.4815040433200E-04  0.0000000000000E+00
 -2.6181256566634E-04  1.3603483531396E-04 -1.8625902311355E-05 -4.4720394177222E-21
  1.6013447438879E-04 -1.4815040433200E-04  1.3507057521768E-20  3.0282887227757E-04
  2.9646153153901E-21 -9.0350181040459E-21 -1.5800975481771E-05 -1.1293772630057E-21
 -4.9623381746800E-05  2.6181256566634E-04 -7.5530110410015E-05  0.0000000000000E+00
  8.7012751362029E-05  1.3603483531396E-04  2.9935413357330E-04 -3.5283395237445E-05
 -1.4117215787572E-22  1.7408623099189E-23 -1.2874496570070E-03  1.4690834304963E-04
  7.0586078937858E-22  6.4565924926604E-22  8.4444144121626E-05 -3.1817709323924E-06
 -3.1817709323923E-06 -3.1817709323923E-06  8.7715976172101E-05 -3.1927501331551E-06
 -3.1927501331551E-06 -7.0586078937858E-23 -7.4089391729063E-05  6.3746209868986E-06
  6.3746209868982E-06 -2.8234431575143E-22 -1.2424646091051E-04 -3.2180812331410E-06
  3.2180812331410E-06 -6.1170107894012E-05  6.2771093910800E-06 -6.5946320508184E-05
  1.3924443591267E-04 -8.4703294725430E-22  5.3188105860376E-06 -4.2258199088757E-04
  7.5170117849111E-05 -2.8234431575143E-22  5.3053657304319E-22  2.3117438099948E-03
 -5.3435032560325E-04 -1.1293772630058E-21 -5.6468863150287E-22 -5.0821976835258E-21
 -1.9764102102601E-21 -1.6414377525555E-04  5.6468863150287E-22 -1.0103132825799E-20
 -5.6468863150287E-22  0.0000000000000E+00 -1.6414377525555E-04  1.0929278449156E-03
 -3.1056357065600E-04  2.2587545260115E-21 -3.7583294628779E-21 -6.8368928411585E-03
  2.6587929863359E-03  0.0000000000000E+00  5.6468863150287E-22  1.8070036208092E-20
  2.2587545260115E-21  7.6432457341839E-04  0.0000000000000E+00  1.5988094133931E-20
 -2.2587545260115E-21  1.1293772630057E-21  7.6432457341839E-04  1.3433531193725E-04
 -6.7541761317183E-06 -6.7541761317184E-06 -6.7541761317183E-06  3.4983481476595E-06
  6.7098798624968E-04  4.3615107839262E-06  4.3615107839261E-06  3.4983481476596E-06
  4.3615107839261E-06  6.7098798624968E-04  4.3615107839262E-06  3.4983481476596E-06
  4.3615107839261E-06  4.3615107839261E-06  6.7098798624968E-04 -7.4754732309852E-06
  6.3863032350413E-06  6.3863032350410E-06 -5.6468863150287E-22  4.3123875973550E-05
 -1.1560946139259E-04  1.2130055224627E-04 -1.6940658945086E-21  4.3123875973550E-05
  1.2130055224626E-04 -1.1560946139259E-04  9.8820510513002E-22 -1.0164395367052E-20
 -2.2587545260115E-20  1.3552527156069E-20 -2.0627616782453E-05 -5.3708148696629E-05
  6.3968055308746E-06  6.3968055308752E-06  5.2939559203394E-23  2.9094738452284E-04
 -2.5468242014138E-04  9.8478287396388E-05 -1.6940658945086E-21  2.9094738452284E-04
  9.8478287396387E-05 -2.5468242014138E-04  4.4292764533506E-21 -5.6468863150287E-22
 -1.0164395367052E-20  4.5175090520229E-21 -1.2886139306669E-04  8.4286724504770E-05
 -2.4169310774069E-06 -2.4169310774066E-06  1.3411354998193E-21 -4.1105651203452E-04
  6.9809064707500E-04 -8.4704646687605E-05 -1.1293772630058E-21 -4.1105651203452E-04
 -8.4704646687605E-05  6.9809064707500E-04  5.0821976835256E-21 -2.9363808838149E-20
  5.6468863150287E-20 -9.0350181040459E-21  5.3170787385428E-04  1.9066812751902E-04
  2.7315508629005E-05 -2.7315508629005E-05  9.8412846408817E-05 -2.6409264518605E-04
  7.2799431186063E-04  4.5806059026569E-05  3.9150651692831E-05  2.6409264518605E-04
  4.5806059026569E-05  7.2799431186063E-04 -3.9150651692831E-05  8.7519735326467E-04
  1.7180444284865E-04 -1.7180444284865E-04  1.3821217483684E-03 -3.5476017908093E-05
  8.7420124427271E-05 -2.1862594762791E-04  2.1175823681358E-22  4.8846705228443E-05
  5.3517289948677E-04 -7.8649402239599E-05 -5.6468863150286E-21  3.7774122277055E-04
 -5.3425120026647E-04  1.8825712809785E-03 -8.4703294725414E-22  1.3552527156069E-20
 -2.2587545260115E-21 -3.6140072416183E-20  5.0102481827764E-04 -6.9701482764262E-06
 -2.3755734946265E-05 -6.1607482807868E-05 -4.3834799431537E-05 -2.9421566345709E-05
  4.5163212055389E-04  1.1926503670094E-05  5.4614749664483E-06  1.0294898884893E-04
  8.1653553963020E-05  7.9250204765062E-04  2.5650256159822E-04  1.0472334494056E-05
  3.4229632859400E-05  1.4564305315458E-04  5.5226495272295E-04 -3.5273317703181E-06
 -4.1086505480261E-33  8.4062990212614E-30  0.0000000000000E+00 -2.7125973571055E-07
 -1.6434602192104E-32  0.0000000000000E+00  0.0000000000000E+00  0.0000000000000E+00
  1.4507879188071E-05  0.0000000000000E+00  0.0000000000000E+00  1.3147681753684E-31
  0.0000000000000E+00  1.4507879188071E-05  0.0000000000000E+00  0.0000000000000E+00
  0.0000000000000E+00 -2.8912057932947E-19  1.4507879188071E-05  2.1691548081281E-05
 -3.9803022073928E-05  1.4117215787572E-22 -1.5300131103547E-22  2.1753600440442E-04
 -4.9981468949518E-06  7.9409338805091E-23 -2.6275383317259E-23 -4.0336536659136E-04
  2.7278805994828E-05 -5.2870627485681E-23 -8.8163666954610E-23  9.8820510513002E-22
 -5.2870627485681E-23  6.7536746404389E-06 -1.7646519734465E-23  9.6823772412939E-22
  7.0655010655571E-23  1.7646519734465E-23  6.7536746404389E-06 -1.4754347082963E-03
  3.7145540155124E-05 -8.4703294725430E-22  3.0898763149007E-22  2.2398133055123E-03
 -3.4242642028744E-04  5.6468863150287E-22  1.4117215787572E-22 -1.1293772630057E-21
  1.4117215787572E-22 -9.6959945700128E-05  0.0000000000000E+00 -1.0985117596338E-21
  0.0000000000000E+00 -2.8234431575143E-22 -9.6959945700128E-05  1.0067519793485E-02
 -1.3638854454487E-04 -9.0350181040459E-21 -4.0107068578672E-21 -1.0754131899766E-02
  1.7525004857802E-03 -5.6468863150287E-22 -2.2587545260115E-21  3.5010695153178E-20
 -5.6468863150287E-22  4.8831531499047E-04 -5.6468863150287E-22  7.3751401061797E-20
  5.6468863150287E-22 -5.6468863150287E-22  4.8831531499047E-04 -1.3529202031422E-03
  1.2106075069984E-04  1.2106075069984E-04  1.2106075069984E-04  2.7766081491410E-04
  3.7836737447071E-04 -5.4032458204586E-05 -5.4032458204586E-05  2.7766081491410E-04
 -5.4032458204586E-05  3.7836737447070E-04 -5.4032458204586E-05  2.7766081491410E-04
 -5.4032458204586E-05 -5.4032458204586E-05  3.7836737447070E-04  1.5899004231878E-04
 -8.8054560051384E-05 -8.8054560051384E-05  1.4117215787572E-21 -3.1231880190488E-04
 -6.3272863761489E-06 -6.3272863761489E-06 -3.3881317890172E-21  1.4879563255649E-04
 -2.1458642320875E-04  1.5092548792063E-04  2.2587545260115E-21  1.4879563255649E-04
  1.5092548792063E-04 -2.1458642320875E-04  1.4117215787568E-22  1.3552527156069E-20
 -1.3552527156069E-20  4.5175090520229E-21  1.8642507791326E-05 -7.4078142690881E-04
  1.4842403727750E-06  1.4842403727750E-06 -1.1293772630057E-21  4.6873373843852E-04
 -2.4453900410360E-04  1.4172009030728E-04  1.1293772630057E-21  4.6873373843852E-04
  1.4172009030728E-04 -2.4453900410360E-04  1.8352380523843E-21 -1.9199413471097E-20
  2.0061770254034E-36 -1.3552527156069E-20 -2.0107996000062E-05 -4.2700837465555E-04
 -3.2005863816017E-04  3.2005863816017E-04 -6.7842502349508E-06  1.4199670324063E-04
  1.0222080735972E-04 -2.2999425963437E-04 -5.6783364066880E-06 -1.4199670324063E-04
 -2.2999425963437E-04  1.0222080735972E-04  5.6783364066880E-06 -7.1631594839105E-04
 -3.4589649140677E-04  3.4589649140677E-04 -1.6965307220966E-04  4.0403149947579E-04
 -2.6151737329109E-05 -2.6151737329110E-05  5.6468863150287E-22 -4.2630192074563E-04
  2.9935321768214E-04 -9.6019328964559E-05  1.6940658945085E-21 -4.2630192074563E-04
 -9.6019328964559E-05  2.9935321768215E-04 -8.4703294725430E-22  0.0000000000000E+00
  1.5811281682080E-20  2.9363808838149E-20  2.3751465344975E-04  3.9470277858547E-04
 -4.6868116402125E-05  4.6868116402125E-05  1.5620195526762E-04 -1.8656425202516E-04
  4.9356038789993E-04 -7.9199074693879E-05  2.7137558869838E-05  1.8656425202516E-04
 -7.9199074693879E-05  4.9356038789992E-04 -2.7137558869839E-05  7.5204177649010E-04
  7.7101758611380E-05 -7.7101758611380E-05  9.0587705164986E-04  1.1265210452677E-04
  2.8542477824838E-04 -4.6584840435639E-04  0.0000000000000E+00 -1.3568239043512E-05
  4.1227322348653E-04 -2.3370188664825E-04  1.6940658945087E-21  1.6375828494874E-04
 -6.5005240979951E-04  1.4917690328924E-03  2.5410988417629E-21  1.1293772630057E-21
  9.0350181040459E-21 -9.0350181040459E-21  2.6686218392025E-04 -5.6657305416188E-05
 -6.5019374343595E-05 -6.3099995992896E-05 -7.2832514354824E-05 -1.3544840463699E-05
  2.4277674447669E-04 -3.0987675898677E-05  3.5752040508408E-06  8.0389311445644E-05
  2.4879539308693E-05  4.6469227659596E-04  1.8941280018049E-04  3.2684235200543E-05
  3.0441442341687E-05  1.0655656383028E-04  3.1205854624741E-04 -5.7320988443832E-05
 -7.2988560069140E-05 -7.2988560069140E-05  6.7762635780344E-21  5.4568893697085E-05
  3.4359574459067E-04  8.3888454032123E-05 -1.6940658945082E-21  5.4568893697085E-05
  8.3888454032123E-05  3.4359574459067E-04  5.6468863150287E-22  1.4681904419075E-20
 -2.0328790734103E-20 -1.1293772630057E-20  1.7978040966784E-04 -4.8688495446760E-05
 -5.6595003995515E-05 -5.6595003995515E-05 -7.9907204803756E-05 -2.0117127907136E-06
  1.9824091572635E-04 -4.4189607098051E-05  3.6354205564555E-05 -2.0117127907137E-06
 -4.4189607098051E-05  1.9824091572635E-04  3.6354205564555E-05  1.9792648044425E-04
  1.7126852319740E-04  1.7126852319740E-04  4.2832511575225E-04 -5.4985829629798E-05
 -1.2325951644078E-32  0.0000000000000E+00  0.0000000000000E+00  3.5450694690316E-05
 -6.5738408768418E-32 -5.2590727014734E-31  0.0000000000000E+00  6.5738408768418E-32
 -4.2479483925810E-05  0.0000000000000E+00 -5.7824115865894E-19  0.0000000000000E+00
  0.0000000000000E+00 -4.2479483925847E-05 -1.4456028966473E-19  0.0000000000000E+00
  0.0000000000000E+00 -2.8912057932947E-19 -4.2479483925810E-05  5.5168578076518E-04
  0.0000000000000E+00  1.3147681753684E-30  0.0000000000000E+00 -5.2590727014734E-31
  5.3397953211132E-05  0.0000000000000E+00  2.8912057932947E-19 -5.1768996905129E-31
 -2.8912057932947E-19  5.3397953211169E-05  0.0000000000000E+00  0.0000000000000E+00
  2.8912057932947E-19  0.0000000000000E+00  5.3397953211169E-05  6.6828357492859E-05
 -4.5175090520229E-21  7.3437401196848E-05  7.3437401196848E-05  0.0000000000000E+00
 -1.3720146510091E-04  2.8912057932947E-19 -1.2037062152420E-35 -7.3437401196848E-05
  1.2037062152420E-35 -2.9268485425524E-04 -1.5119167622734E-04 -7.3437401196847E-05
 -1.4456028966473E-19 -1.5119167622734E-04 -2.9268485425524E-04 -1.1204532735298E-05
  1.3932131486948E-06 -8.8232598672323E-24 -2.4121806757278E-23 -1.6077115572471E-07
 -1.1817586573545E-07 -1.1817586573545E-07 -1.1817586573545E-07 -1.0627776861834E-04
 -7.6742916092272E-06  6.1762819070626E-23 -4.3282659652235E-23  2.6432539311436E-06
  2.7266128087196E-05 -1.3234889800848E-23 -5.7351189137010E-23 -1.4117215787572E-22
  6.1762819070626E-23  1.2489778174092E-05  0.0000000000000E+00 -9.0675600544956E-23
 -1.7646519734465E-23 -1.7646519734465E-23  1.2489778174092E-05 -2.4132003925995E-06
 -3.3456286408292E-06 -3.3456286408292E-06 -3.3456286408292E-06 -8.6215017084044E-07
  1.2034330606048E-05  3.3185512813161E-06  3.3185512813161E-06 -8.6215017084044E-07
  3.3185512813161E-06  1.2034330606048E-05  3.3185512813161E-06 -8.6215017084044E-07
  3.3185512813161E-06  3.3185512813161E-06  1.2034330606048E-05  1.2602054967847E-03
  1.0507933459263E-04  4.9410255256501E-22 -6.3709915798923E-22 -1.1397035447137E-03
 -3.6494723034861E-04  1.7646519734465E-22  3.1763735522036E-22 -4.5175090520229E-21
  5.6468863150287E-22 -1.6905914438144E-04  0.0000000000000E+00  3.5951284463328E-21
  5.6468863150287E-22 -5.6468863150287E-22 -1.6905914438144E-04 -1.0224733527559E-04
  4.8633211628142E-05  4.8633211628142E-05  4.8633211628142E-05  5.7615887477183E-05
 -1.6535462546559E-04 -4.8843579670342E-05 -4.8843579670342E-05  5.7615887477183E-05
 -4.8843579670342E-05 -1.6535462546559E-04 -4.8843579670342E-05  5.7615887477183E-05
 -4.8843579670342E-05 -4.8843579670342E-05 -1.6535462546559E-04 -1.2644711355779E-02
 -4.8579648130894E-04 -1.1293772630057E-21 -2.9285598417371E-21  1.6574627759591E-02
  1.6736427247222E-03 -3.6704761047686E-21 -8.4703294725430E-22 -1.6940658945086E-21
 -8.4703294725430E-22  6.4543784757643E-04  0.0000000000000E+00  7.2564130651852E-21
  1.4117215787572E-21 -1.1293772630057E-21  6.4543784757643E-04  1.9139865042584E-03
 -2.2226925113282E-04 -2.2226925113282E-04 -2.2226925113282E-04 -8.9228329260717E-04
  6.6943366423601E-04  1.8832483542943E-04  1.8832483542943E-04 -8.9228329260717E-04
  1.8832483542943E-04  6.6943366423601E-04  1.8832483542943E-04 -8.9228329260717E-04
  1.8832483542943E-04  1.8832483542943E-04  6.6943366423601E-04 -7.9618360970194E-04
  4.1680847832665E-21 -1.2606025968073E-04 -8.1140052238114E-05  1.1233638190893E-19
  4.8920094287405E-04 -1.4117215787572E-21 -2.2587545260115E-21  1.3995328247510E-04
 -1.1293772630057E-21  5.6902907255365E-04  1.3136697886491E-04  8.0934860895632E-04
 -2.2587545260115E-21  3.7452914336164E-04  8.0632145039185E-04 -2.0921638557098E-04
  1.8001302844696E-04  1.8001302844696E-04  2.9999083548590E-21 -2.4177955128084E-05
  7.4626312666440E-05 -7.4626312666440E-05 -1.4397482074547E-04 -1.9377054496325E-04
 -1.0529354918529E-04  3.9488237371562E-04 -1.1293772630057E-21  4.3067076956747E-04
  8.5161839926129E-06  8.5161839926117E-06  5.6468863150287E-21 -3.4928534116394E-04
  2.2718596363778E-04 -9.5277126863046E-06 -1.1293772630058E-21 -3.4928534116394E-04
 -9.5277126863057E-06  2.2718596363779E-04  4.2351647362710E-22 -2.7952087259392E-20
  2.0328790734103E-20 -4.5175090520229E-21 -1.6660631411009E-04  7.6313057545194E-05
  3.1410167491828E-04 -3.1410167491828E-04 -6.4380425084741E-05 -1.4123724001245E-04
 -1.1415680277201E-03  1.3647580865816E-03  9.0096691726100E-06  1.4123724001245E-04
  1.3647580865816E-03 -1.1415680277201E-03 -9.0096691726100E-06  3.0985203109667E-04
  6.6897861476592E-04 -6.6897861476592E-04 -2.8280101258218E-04  3.5172255857085E-04
 -1.0078671963441E-03  9.3775436719661E-04 -4.5175090520229E-21  2.0312706236240E-04
 -1.1940479914934E-03  1.3820856067755E-03 -1.1293772630057E-21 -6.8428622900494E-04
  2.9141393135377E-03 -2.6775690685646E-03  5.6468863150292E-22 -3.3881317890172E-21
  2.2587545260115E-20  2.7105054312138E-20  4.8277027084861E-05 -1.3974829626365E-05
  1.6113008379961E-04 -1.5921865603465E-04  3.2678960151039E-05  2.3708147662716E-05
 -1.5988217975418E-04  3.5824544571347E-04  4.9453740054533E-06 -3.7076972852654E-05
  2.4545615127240E-04 -1.1209683919664E-04 -9.8700388015402E-05  1.3170159021777E-05
 -1.3610943891740E-05  2.0541477060382E-05 -7.6574961438512E-05  9.1667757135750E-04
  1.5209142083430E-05  1.5209142083430E-05  6.7762635780344E-21 -6.9587374344860E-04
 -4.5561062238991E-05 -9.3787826367157E-05 -1.6940658945083E-21 -6.9587374344860E-04
 -9.3787826367159E-05 -4.5561062238991E-05 -9.1761902619216E-22  5.6468863150287E-22
 -3.3881317890172E-21 -2.7105054312138E-20 -3.5268564152938E-04  2.8605633046087E-04
  2.7333092110426E-04 -2.7333092110426E-04 -5.7596817208509E-05 -1.1432551133987E-04
 -9.9184514306833E-04  9.3682982471888E-04  1.8002954785019E-05  1.1432551133987E-04
  9.3682982471888E-04 -9.9184514306833E-04 -1.8002954785019E-05  4.7263915114620E-04
  5.0445021789083E-04 -5.0445021789083E-04 -5.0211451370651E-04  6.5319217496119E-04
 -7.6042707542585E-04  7.0724263715221E-04 -2.2587545260115E-21  1.5824077446344E-04
 -9.8616657978027E-04  9.4414923405089E-04  5.6468863150261E-22 -1.2252025672026E-03
  2.1337033195017E-03 -2.2306725041098E-03 -2.8234431575143E-22 -5.5763002360908E-21
 -1.1293772630057E-21 -4.5175090520229E-21 -1.3392383171399E-04 -3.5969566828826E-05
  1.2818214651074E-04 -1.2084839035822E-04  2.8871425200339E-05  4.1007617685005E-05
 -2.4734386263039E-04  2.3218808322240E-04 -2.4110825102378E-06 -9.3484549677512E-05
  1.2769451099961E-04 -2.5720855821413E-04 -1.1680563650329E-04  3.5138818934962E-05
 -2.5375488058201E-05 -1.7838193714464E-06 -2.2297783808883E-04 -4.1738816485275E-06
 -2.3063028215531E-05 -2.3063028215531E-05 -9.0350181040459E-21 -2.3107933391962E-05
 -2.1713909587292E-04  1.9162570229496E-04  1.1293772630057E-21 -2.3107933391962E-05
  1.9162570229496E-04 -2.1713909587292E-04 -1.1999633419436E-21  6.1409888675937E-21
 -1.1293772630057E-20  0.0000000000000E+00 -7.5392085025336E-05  6.0694807990930E-05
 -1.0017329555794E-05 -1.0017329555794E-05  2.0232146147094E-05 -1.2180039489835E-05
 -2.7340139534449E-04  2.7674610430719E-04 -4.9403177854313E-05 -1.2180039489835E-05
  2.7674610430719E-04 -2.7340139534449E-04 -4.9403177854313E-05 -1.2834829296234E-04
 -1.7872922399078E-05 -1.7872922399078E-05 -1.8910453723514E-04 -3.3289587062423E-04
  1.1431617659427E-06  1.1431617659424E-06  1.6940658945086E-21  2.5531115534683E-04
  1.0122959967336E-03  9.8843339831787E-05 -4.5175090520224E-21  2.5531115534683E-04
  9.8843339831788E-05  1.0122959967336E-03 -9.8820510512848E-22  1.2423149893063E-20
  2.7105054312138E-20 -6.7762635780344E-21  7.5245896966051E-04 -2.3423026964267E-04
 -1.8330262214205E-05  1.8330262214205E-05  4.4917203384836E-06 -1.2714088854689E-04
  3.8017418022236E-04  4.9790572525585E-04  1.0037365268550E-05  1.2714088854689E-04
  4.9790572525585E-04  3.8017418022236E-04 -1.0037365268550E-05 -7.8411439989188E-05
  1.1792621694699E-04 -1.1792621694699E-04  8.7048157398428E-04 -2.1757561170030E-04
 -2.0047485430590E-04  2.2621242084341E-04 -1.1293772630057E-21  1.3419850563116E-04
  2.2506724288945E-04  5.1440114683567E-04  4.5175090520224E-21  4.3323380989985E-04
  7.2026572516275E-04  2.7448168950612E-04  1.4117215787418E-22  1.6940658945086E-21
 -1.6940658945086E-20  1.8070036208092E-20  5.7404488348493E-04  4.0564636114978E-05
  4.1181192151887E-05 -4.1341854549008E-05 -2.2157626270116E-07 -2.3829412540020E-05
  5.1116718103669E-04  1.6098362518842E-04  4.4461632067825E-06  2.7790343377244E-05
  1.7547124708097E-04  7.1034538383630E-04  8.5362678045713E-05 -6.5008241611549E-05
 -6.5549637101418E-07  5.3928172198090E-05  5.5923429516251E-04  3.6848155958751E-05
  2.5549865211582E-05  2.5549865211582E-05 -1.1293772630057E-21  1.7930984848245E-05
  6.0271486174672E-04  2.5625448837763E-04  4.5175090520229E-21  1.7930984848245E-05
  2.5625448837763E-04  6.0271486174672E-04  4.6586812098987E-21  1.6940658945086E-21
 -3.3881317890172E-21 -4.5175090520230E-21  5.0570667802797E-04 -1.4366376997831E-05
 -1.9090696247595E-05 -1.9090696247595E-05  1.9238334359792E-05 -2.0368737883245E-05
  4.3457146087793E-04  1.4833654620791E-04  1.6005456743922E-05 -2.0368737883245E-05
  1.4833654620791E-04  4.3457146087793E-04  1.6005456743922E-05  5.2495673537305E-05
  1.0610086320655E-04  1.0610086320655E-04  5.8477489559539E-04  3.0383259177954E-05
  2.8501171549950E-05 -2.8501171549950E-05  1.4176852597919E-05 -3.6169958098193E-05
  2.8823910080664E-04  2.3920269434472E-04 -2.9215558280749E-05  3.6169958098193E-05
  2.3920269434472E-04  2.8823910080664E-04  2.9215558280749E-05  2.7807025207297E-05
  1.5518387674213E-05 -1.5518387674213E-05  5.0818623447902E-04  2.1537327513692E-05
 -8.3655523678432E-06  4.7863124439818E-05  0.0000000000000E+00  3.1671170014383E-06
  4.2736713565722E-04  9.7789157156665E-05  4.5175090520229E-21 -9.4594011517571E-07
  1.2588753591440E-04  3.8841269333954E-04 -2.1175823681358E-21  5.0821976835258E-21
  3.3881317890172E-21  1.6049416203227E-35  4.0755830198196E-04  3.9393186486253E-06
 -1.2689411388158E-05  1.5763153704012E-05  6.1743144199761E-06  2.0125925450453E-05
  4.0291657352793E-04  1.2788928378420E-04  1.3289472865692E-06 -3.9608117103293E-05
  1.5431430245510E-04  4.4688288780058E-04  1.1203097919890E-04 -7.5728228085347E-06
  3.1658169071839E-05  1.1335539966825E-04  5.4612607449913E-04  8.3730510970238E-05
 -6.5738408768418E-32  0.0000000000000E+00  0.0000000000000E+00 -1.2839998020446E-05
  2.2587545260115E-21 -5.8728354768964E-05 -5.8728354768964E-05 -7.3608049500740E-05
 -1.3147681753684E-31  5.2590727014734E-31  0.0000000000000E+00 -5.5877647453155E-31
  2.8645390018485E-04  0.0000000000000E+00  0.0000000000000E+00 -6.5738408768418E-31
  0.0000000000000E+00  2.8645390018485E-04  7.2280144832367E-20  0.0000000000000E+00
 -1.4456028966473E-19  7.2280144832367E-20  2.8645390018485E-04  5.2666875423850E-05
  9.0350181040459E-21  5.8498563060428E-05  5.8498563060429E-05  9.0350181040459E-21
  5.4110829402881E-04 -9.6296497219362E-35 -9.6296497219362E-35  7.9491321443632E-05
 -7.2280144832367E-20  9.4500783555933E-04  2.3046765971999E-04  7.9491321443632E-05
 -7.2280144832367E-20  2.3046765971999E-04  9.4500783555932E-04 -7.5021753077070E-04
 -6.5738408768418E-32 -1.3147681753684E-31  0.0000000000000E+00  0.0000000000000E+00
 -2.4081686815634E-04  0.0000000000000E+00  0.0000000000000E+00  2.6295363507367E-31
  0.0000000000000E+00 -2.4081686815636E-04  0.0000000000000E+00  0.0000000000000E+00
 -1.4456028966473E-19  0.0000000000000E+00 -2.4081686815634E-04 -1.1379008232907E-04
 -1.3552527156069E-20 -9.5173391714808E-06 -9.5173391714810E-06  4.5175090520229E-21
  2.1477609897721E-04 -1.4456028966473E-19  0.0000000000000E+00  2.3215404229268E-04
  0.0000000000000E+00  4.2091116051783E-04  2.0650026172901E-04  2.3215404229268E-04
 -7.2280144832367E-20  2.0650026172901E-04  4.2091116051784E-04 -1.5863969103536E-04
  4.5175090520229E-21 -2.8940292364522E-21 -2.5664428464218E-04  2.2587545260115E-21
  9.8132410230414E-05  0.0000000000000E+00 -7.2280144832367E-20  2.2234614865425E-21
  0.0000000000000E+00  9.8132410230414E-05  0.0000000000000E+00  1.3469753242476E-04
  0.0000000000000E+00  0.0000000000000E+00  3.9487256131029E-04  9.6970466804504E-04
  0.0000000000000E+00  2.0954117794933E-31  0.0000000000000E+00  0.0000000000000E+00
  1.7153833765155E-03  0.0000000000000E+00 -1.4456028966473E-19  2.0132387685328E-31
  0.0000000000000E+00  1.7153833765155E-03 -3.6140072416183E-20  0.0000000000000E+00
 -7.2280144832367E-20  0.0000000000000E+00  1.7153833765155E-03  2.8195057756712E-04
 -1.3552527156069E-20  1.8077527812992E-04  1.8077527812992E-04 -9.0350181040459E-21
  9.2979647147577E-04 -3.6140072416183E-20  0.0000000000000E+00 -1.8077527812993E-04
 -3.6140072416183E-20  1.3467766247560E-03 -2.9822030840681E-05 -1.8077527812992E-04
  7.2280144832367E-20 -2.9822030840681E-05  1.3467766247560E-03  2.1583687762492E-04
  4.5175090520229E-21 -1.6940658945086E-21  1.1754269660042E-04  0.0000000000000E+00
  7.0961485877202E-04 -3.6140072416183E-20  3.6140072416183E-20 -3.3881317890172E-21
 -3.6140072416183E-20  7.0961485877202E-04  0.0000000000000E+00 -1.1754269660042E-04
  3.6140072416183E-20  0.0000000000000E+00  7.2785102676971E-04 -3.8356341745231E-05
 -3.4458140084109E-06  3.4458140084109E-06 -6.4032082203062E-05  3.4458140084110E-06
  6.7712107161945E-04  2.9763034651437E-06 -1.3803997699990E-04 -3.4458140084110E-06
  2.9763034651437E-06  6.7712107161945E-04  1.3803997699990E-04  6.4032082203062E-05
 -1.3803997699990E-04  1.3803997699990E-04  8.2424148003199E-04 -6.8241422291869E-05
 -7.4993689647537E-04  1.7646519734465E-23  1.7646519734465E-23  5.2023092359087E-05
  5.6589196968728E-03  6.1762819070626E-22 -3.5293039468929E-22 -4.7727342600103E-04
  2.7564518463328E-04  1.1999633419436E-21  2.0343447539478E-05 -1.5844540243474E-05
 -5.2710320471344E-02  1.7028891543758E-21 -1.1293772630057E-21  9.5667015629888E-04
 -2.3180919971807E-03  2.8234431575143E-22 -1.1233240558777E-04  6.9938468994367E-05
  1.5681490892060E-04  4.4776145918001E-04 -4.4776145918001E-04  2.6343406877808E-04
  7.1897214173142E-04 -5.0910209433930E-21 -2.2587545260115E-21 -3.4703990029749E-05
  5.4652146850634E-04 -2.5410988417629E-21  5.5847729192352E-04  6.7985545342035E-04
  1.7696076730960E-03 -1.1871657549743E-03 -1.1871657549743E-03 -9.0184793809643E-05
  3.3500321186429E-04 -9.0274262062503E-06  9.0274262062504E-06 -1.1515331373502E-05
 -9.5909374776259E-04 -1.5769897117312E-04 -1.5769897117312E-04  4.7707376763983E-04
 -2.0700085705713E-04 -5.1258922555747E-05  5.1258922555747E-05  3.5324799056676E-04
 -1.3575982276958E-04 -1.3009869161251E-04  8.0213281291040E-05  2.1297944539091E-04
 -6.3547738722270E-05 -1.0751687935410E-04  1.0751687935410E-04  1.9353736180789E-04
  1.1739772095633E-04 -1.8801153703385E-04  5.7983580215324E-05  1.3824033617036E-04
  8.5014668420313E-05 -5.0173240177180E-05 -5.0173240177180E-05  1.2219249407291E-04
 -4.3854313743533E-04  8.6584376800318E-04  1.4706994193020E-03 -1.4117215787570E-22
  1.5163305443768E-03  1.9436261189134E-03  1.1546352942742E-03  5.6468863150287E-22
  1.1017184576407E-03  1.8549700654947E-03 -1.3295516966159E-03 -5.6468863150287E-22
 -1.4577692298778E-03  2.5391122901430E-04 -1.0923123755084E-04  5.1670649473739E-05
 -1.1168641222260E-04  2.5043272485598E-05  1.1208980981949E-04 -1.6940658945086E-21
 -1.9152167767535E-05 -9.9589987116174E-04  3.9872003209417E-04 -9.8820510512950E-22
  7.8329937283161E-04 -1.0113818292633E-03 -7.1581399287020E-05  1.2705494208815E-21
  3.6017647007017E-04 -1.7242436647640E-04  3.7108253692786E-05  1.4332002184664E-04
  2.6578163527979E-04  6.1688438499805E-05 -1.2704292033268E-04 -2.1175823681358E-21
  3.6780330707650E-04  8.2813950386723E-05 -2.7412987110866E-04  6.6350914201592E-21
  2.1353272945037E-04 -2.3873247100862E-05 -3.6749817683347E-05 -1.5929989683382E-06
  2.5694022947675E-04 -1.5056329938671E-04 -2.2818532810926E-05  1.3816582127561E-04
  1.8317118962855E-04  1.3716857516098E-04  1.4079648200998E-04 -7.0586078937858E-22
  7.7328593250238E-05  7.0471769663204E-06  5.4127432240696E-05 -2.1780698092525E-06
  1.3988157399501E-04  3.8438257288446E-05  2.2170462179424E-04  3.8116482626444E-21
  2.8085429182963E-04  6.0311440961632E-05 -2.7814138147577E-05 -4.5175090520229E-21
 -9.0350181040459E-21 -1.7798692087258E-04 -5.6838372843617E-04  1.8070036208092E-20
  0.0000000000000E+00 -4.7991189166643E-04 -4.0981168604600E-04  4.2536088774207E-04
 -5.6468863150287E-21 -3.7289330044481E-05  7.6348164960097E-04 -4.5175090520229E-21
 -4.5175090520229E-21  1.1523248528962E-03  5.4734950561564E-04 -7.9554098736903E-04
 -5.0821976835258E-21  2.2262987236025E-04  4.6829550438774E-04 -2.2587545260115E-21
  1.1293772630057E-21 -4.0340189399686E-04 -1.2575062552795E-05 -1.2193532298802E-04
 -1.2193532298802E-04  1.7982385608437E-04  9.1921366464194E-05 -1.0270541035552E-04
  3.0352013943279E-21  2.2074866765025E-04  2.7982434744209E-03 -5.5973026803969E-05
  1.1029074834040E-24  0.0000000000000E+00  3.2616127409733E-05 -5.7926241252952E-04
  1.7646519734465E-23 -1.7646519734465E-23  2.2244794057505E-05 -3.5293039468929E-23
  5.1691493275106E-06 -4.4116299336161E-24  9.9261673506363E-24 -1.7646519734465E-23
  6.6174449004242E-24  5.1691493275106E-06  0.0000000000000E+00  3.1860345853063E-04
 -6.2038545941477E-24  1.6543612251061E-24 -1.5899824177960E-06  4.6367507870216E-03
  3.1763735522036E-22  0.0000000000000E+00 -2.2053926713520E-04  1.0587911840679E-21
 -6.2373252223832E-05  1.7646519734465E-23  1.7701665108635E-22  6.3527471044073E-22
 -1.7646519734465E-23 -6.2373252223832E-05 -4.4116299336161E-23 -3.1390838502204E-03
  6.6174449004242E-24  0.0000000000000E+00  1.1236028082623E-05  1.1470879274470E-04
 -1.7646519734465E-22  3.8117513634435E-05  7.9807564165719E-06  6.0108457845520E-22
 -2.7397390427951E-05 -4.3978435900736E-23  5.2939559203394E-23  2.3599459137174E-04
 -9.7055858539555E-23 -3.4524080550678E-05 -2.3935603811605E-05  2.4302523618295E-05
  1.5440704767657E-22 -4.7677249422292E-05 -4.7360050564631E-05 -4.3373893206910E-02
 -7.0586078937858E-23  1.1293772630057E-21  7.6902640159437E-04  1.3411354998193E-20
  3.5188411456111E-04 -5.6468863150287E-22  5.6468863150287E-22 -1.3411354998193E-20
 -2.8234431575143E-22  3.5188411456111E-04  0.0000000000000E+00  3.1092031489477E-02
  2.4705127628250E-22  3.5293039468929E-23 -1.3154110935492E-04 -9.1706520605669E-04
 -3.3528387495483E-21 -1.6895601829865E-04 -2.7661241112757E-05 -1.8070036208092E-20
  1.1709024970634E-04  2.6469779601697E-22 -6.3527471044073E-22 -2.4957039486066E-03
  5.9998167097180E-22  1.7455362931992E-04  1.4166982203689E-04 -6.1587044963904E-04
 -2.0867009586004E-21  2.2125828201938E-04  2.1371411999981E-04 -2.7305543579271E-05
  3.1794187960124E-04 -3.1794187960124E-04  1.7969583087849E-04 -1.1240915946142E-04
  5.8818664566215E-05  2.1254780883211E-05 -2.6789046010483E-05  1.1240915946142E-04
  2.1254780883211E-05  5.8818664566215E-05  2.6789046010483E-05 -3.9368371890726E-04
 -2.4095028708439E-04  2.4095028708439E-04  6.0933292386919E-06 -7.6034302077004E-04
  7.7644686831644E-22  2.8234431575143E-22  2.1235561865342E-05  8.8938459461702E-21
  6.5318497681636E-05  1.4117215787572E-22 -2.8234431575143E-22  6.7762635780344E-21
 -2.8234431575143E-22  6.5318497681636E-05  1.4117215787572E-22  1.7197744563336E-03
  1.1293772630057E-21  5.6468863150287E-22 -6.6708376821114E-05  9.6140413569316E-04
 -1.0940842235368E-21  4.2894025413058E-04  5.3586007151410E-04  0.0000000000000E+00
  6.2129195998926E-05  3.5293039468929E-23  7.7644686831644E-22  2.0368938681636E-04
  3.5293039468929E-23  1.0958454733854E-04  7.2683657585078E-05  1.0065101734354E-04
 -3.0881409535313E-23 -2.6524465847064E-04 -2.5461929287990E-04 -2.0914089565583E-04
  4.1645786573336E-21  3.5820547273939E-05  7.1856909873409E-05  8.8938459461702E-21
  4.6455970238104E-05 -1.4117215787572E-22 -2.8234431575143E-22  2.6132603751794E-04
 -1.4117215787572E-22  2.2879504013851E-05  5.8652483650785E-06  3.1100799691283E-05
  1.2705494208815E-21 -4.0446049136527E-05  1.8793437169830E-05  2.3668469482259E-05
  4.0503557984787E-06 -4.0503557984788E-06  2.2166279990813E-05  5.8824001317351E-06
  4.8760312116474E-05  2.6102050282769E-05  8.1663579557578E-06 -5.8824001317349E-06
  2.6102050282769E-05  4.8760312116474E-05 -8.1663579557578E-06 -8.5481096826288E-06
 -1.0136048023164E-05  1.0136048023164E-05 -1.7983091993982E-06 -4.0713816831504E-04
  2.9105900279854E-05  2.9105900279854E-05  1.6433727861695E-04 -3.0736062876424E-05
  2.2559545231161E-05 -2.2559545231161E-05 -5.0983206999356E-06  8.2212661548941E-04
 -1.8051672552802E-03 -1.8051672552802E-03  8.4606838702622E-05 -3.5875542485615E-05
  8.8216934125501E-05  7.3794471348528E-05  9.1087550361378E-07 -3.5875542485615E-05
  7.3794471348528E-05  8.8216934125501E-05  9.1087550361392E-07 -3.2757761754307E-04
  5.2740923410597E-04  5.2740923410597E-04 -2.0881925396344E-05  4.8542767481544E-05
 -4.2629456628625E-05  4.2629456628625E-05  1.4089398988441E-04 -3.6080199198610E-05
 -1.1435982678195E-04 -1.6495196408950E-04 -6.5200667963435E-06  3.6080199198610E-05
 -1.6495196408950E-04 -1.1435982678195E-04  6.5200667963435E-06  1.0617977120416E-05
 -1.0704780457405E-05  1.0704780457405E-05 -1.5017492047153E-05  1.5562486041641E-03
 -1.3450400456710E-03 -1.3450400456710E-03 -1.6165419368124E-05 -1.1035669888184E-04
  3.7946812674291E-05  8.0334010555443E-05 -1.1194636979494E-05 -1.1035669888184E-04
  8.0334010555443E-05  3.7946812674291E-05 -1.1194636979494E-05 -8.8120442733670E-04
  4.6875222549038E-04  4.6875222549038E-04 -1.1379111830544E-05  1.7444893551209E-04
 -3.0955116118870E-05  3.0955116118870E-05  5.2353099680008E-05 -1.1756666129853E-04
 -1.1083045539545E-04 -1.2791008423685E-04 -2.7358202219140E-06  1.1756666129853E-04
 -1.2791008423685E-04 -1.1083045539545E-04  2.7358202219140E-06 -5.0488508137535E-07
 -2.4170422900228E-06  2.4170422900227E-06 -1.4732282783213E-05 -5.4632144412049E-04
 -4.9915408078743E-04 -4.9915408078743E-04  3.0565839010442E-04  3.8212830648557E-05
  1.5401594484628E-04 -1.8789931058028E-05  2.9933340179241E-05  3.8212830648557E-05
 -1.8789931058028E-05  1.5401594484628E-04  2.9933340179241E-05  5.3791126791990E-04
 -1.8038335454097E-05 -1.8038335454097E-05 -5.1747647239154E-05 -1.0928914877763E-04
  8.8892444803662E-06 -8.8892444803662E-06  2.1193742470133E-04  8.5021885670976E-05
  6.4232252472555E-05 -2.7326684961226E-05 -1.6836493312124E-05 -8.5021885670976E-05
 -2.7326684961226E-05  6.4232252472555E-05  1.6836493312124E-05 -1.9534771740600E-05
 -2.3637050139991E-05  2.3637050139991E-05 -1.1863505718592E-05 -9.0209479026809E-05
 -9.0771221524848E-05  8.2013098006742E-05  1.4027960210512E-04  1.2863302342598E-04
  1.9756998344045E-05 -1.2435830218829E-04 -6.2698691419615E-05 -5.4499949517383E-06
 -1.9023012319338E-05  3.4818554255672E-05 -5.1035738955680E-06 -1.9900711269325E-06
 -3.9843680986677E-06 -2.1242271837218E-05  2.3839426742808E-05 -3.9570081215171E-05
 -9.2312820054106E-05  9.2312820054106E-05  1.7323259322686E-04  7.1418408614211E-06
  8.0181297981369E-05 -2.2342695868945E-05 -2.4811729808139E-05 -7.1418408614211E-06
 -2.2342695868945E-05  8.0181297981369E-05  2.4811729808139E-05  3.1415461760728E-05
  4.0056145789614E-05 -4.0056145789614E-05 -6.5031351025981E-06  7.3302310748800E-05
 -1.2021336144938E-04  4.0310037302057E-05  1.0067554994909E-04 -8.9596213903217E-06
  4.6581055513943E-05 -2.9069634164144E-05 -1.7394836323124E-07  1.1134082104811E-05
 -1.8173796949739E-05  6.0198510019703E-05  2.9801948541940E-07 -8.1210027844499E-05
  9.1690891407494E-05 -2.1149296420657E-05  6.4226161056425E-06  3.3241869755369E-05
 -3.6701269349020E-05 -3.6701269349020E-05  9.7905977440986E-05  1.4936842966085E-06
  2.1943676522015E-05 -3.1694740768147E-05 -2.4644925362246E-05  1.4936842966085E-06
 -3.1694740768147E-05  2.1943676522015E-05 -2.4644925362246E-05  3.6354207822014E-05
  1.0976785551350E-05  1.0976785551350E-05 -3.2059606402143E-05 -2.8910370651405E-04
 -6.9297358949451E-06 -1.5528937361070E-21  2.7201695024777E-04  5.7079576535790E-04
  1.0336383385238E-03  1.9764102102600E-21  9.4055363580245E-04  1.3527980089616E-05
 -2.5548242163596E-04  3.9439971606528E-21 -2.5938637702437E-04  2.5410988417629E-21
 -3.3881317890172E-21 -3.3865622992129E-06 -3.8822343415823E-22 -5.2947178303131E-04
 -1.2425912768832E-03 -3.6175365455652E-22 -1.3268517432187E-03  1.4201309465242E-03
  8.5454375209188E-04  0.0000000000000E+00  7.4758040741756E-04  7.3668764509188E-05
 -1.9531601432822E-04  8.2938642751984E-22 -1.7999522075665E-04 -2.8234431575184E-21
 -1.2423149893063E-20 -2.9492979902635E-05  2.2940475654804E-22 -1.1242133625687E-03
 -9.6509119916405E-04 -4.1469321375992E-22 -1.0268118448139E-03  1.4698115862136E-03
 -1.2612059964381E-03  1.1293772630057E-21 -1.3332120693267E-03  2.6394569293585E-04
 -5.6619887503869E-04 -8.4703294725430E-22 -5.7697701666637E-04 -5.6468863150287E-22
  3.3881317890172E-21 -4.8992254803308E-05  3.3351922298138E-21 -9.8930263352885E-04
  4.0488526174882E-04 -3.1322572528675E-22  4.8992063822042E-04  1.5331154474385E-04
 -3.2274861457585E-05  6.4177564228232E-05  3.0222894039818E-06 -1.1101844183703E-06
 -5.6657874764828E-05  2.4702246996827E-05 -3.6709554412109E-05  9.3424967924194E-05
 -7.2779033457338E-05 -5.3774992022527E-05 -9.5266859210491E-05  8.8771044383321E-06
 -8.0855272102234E-05  5.8433405418778E-07 -6.6685349064753E-05  3.3906428098924E-05
  3.5290516353020E-05  1.1293772630057E-21 -7.1248491012344E-05 -8.2572701556368E-05
 -6.6457113465977E-05  2.5410988417629E-21 -8.1217856001319E-05  1.6940658945086E-21
  3.3881317890172E-21 -3.6501987716486E-05  5.8233515123733E-22 -1.0129605040403E-05
  2.8567207057057E-06  1.1029074834040E-22  5.5749668088032E-05 -8.1593933699353E-04
  2.5298411576445E-04  5.6468863150287E-22  3.3830403442457E-04 -6.4904100935088E-05
  9.8411974531987E-05  7.1247823427952E-22 -1.6689881255032E-05  6.3527471044073E-22
 -9.0350181040459E-21  9.6727422441923E-05 -3.6175365455652E-22  4.6777410726449E-04
 -2.6945269114794E-04  7.9409338805090E-23 -3.2353887760370E-04 -7.6655938898776E-04
 -2.3244961341175E-04 -2.8234431575143E-22  2.0961351742147E-04 -8.2838439554565E-05
 -2.0655379329259E-05 -7.7644686831644E-22 -1.1906460666585E-04 -1.9411171707911E-21
 -2.2587545260115E-21  1.3525200729810E-04 -3.4851876475568E-22  5.3795438041234E-04
 -6.8361952672234E-05  2.5587453614974E-22 -2.8213018208587E-05 -7.5086186960260E-05
  4.6104420063339E-05  9.6254818047159E-05  2.0932574538772E-04  3.1724640777991E-06
  7.3341291540755E-05  1.4939979100487E-05 -2.4641170631496E-05 -5.3116045650016E-05
  1.1461679074756E-06  7.5916652019647E-05  7.9762904217981E-06  2.0510100995286E-06
 -8.1040177785518E-05 -3.3071109253428E-06  1.1467609863051E-05  8.4108983788701E-05
 -4.5378402622000E-05  1.4117215787572E-21  2.4790079086919E-04  6.9318617066627E-05
  4.6205886887648E-05  3.5293039468929E-22 -5.7992673000318E-05  3.5293039468929E-23
  4.5175090520229E-21  3.9854254391964E-05  1.1690819324083E-21 -4.4588415857675E-05
  1.4073250998028E-05 -6.1762819070626E-23 -6.4650261901316E-05  5.7669804148261E-05
 -1.1577981475294E-04  2.8234431575143E-22  2.1142899402361E-04  3.9926843490923E-05
  9.3597244186871E-05  4.3013391852809E-22 -3.9545606267766E-06  2.1175823681358E-22
 -2.2587545260115E-21  6.2913338551249E-05  7.9409338805091E-23 -7.7966329316681E-05
  2.8411022027332E-05 -9.7055858539556E-23 -6.7662684611336E-05  1.9529361714228E-05
 -3.7536111707671E-05 -1.7009196974408E-05  1.7300860686178E-04  1.6040902159535E-05
  7.3761495764658E-05 -1.1892967709363E-05 -4.7319162648360E-05 -2.3035638221510E-05
 -1.1325700774850E-05  8.1052464262764E-05  4.1586898645531E-05  2.5450585815356E-05
 -6.8960046619432E-06 -3.7223099064253E-06 -6.2578099657082E-05 -1.5033470487666E-04
 -1.2818155423150E-04  7.1334585397207E-05  3.8367590763706E-05 -1.6115191198962E-05
  2.6343320933859E-05 -1.2049882719598E-05 -3.6263280438906E-05 -1.0605112973110E-04
  2.2622714151583E-06  8.7868126733722E-05  1.0004881691867E-04  3.7302039353674E-06
 -1.4033530293736E-06  7.7270649552436E-06 -1.6990854394793E-07  1.1486345663442E-04
  9.9163870565155E-05 -1.4117215787572E-21  6.0739555873811E-05  8.7554727217246E-06
  6.2682985054209E-05 -1.0587911840679E-21 -5.2620432402337E-05 -1.0587911840679E-22
 -2.2587545260115E-21  6.3466973066763E-05  2.2058149668081E-23 -7.0488967017480E-05
 -9.5648658376877E-05  1.6764193747741E-22  4.1932095764296E-05  1.3493117380031E-05
  3.8892638426561E-05  1.7644026089578E-05  1.2557709094430E-04 -1.0793196383306E-05
  2.9827698506063E-05  5.1042240755475E-06 -5.8186673151527E-07 -1.2790171711997E-05
 -1.3476841213005E-05  4.9744731442807E-05 -1.0112115978386E-05  1.0572534736295E-06
 -7.9918581847466E-06 -1.5640710694168E-05  2.9826765227588E-05  6.2771800747430E-05
  2.3455604995727E-04 -2.8234431575143E-22  2.5395392376644E-04  3.8845018046390E-05
  1.1102551409061E-04 -4.2351647362715E-22  8.5053243094634E-05 -4.9410255256501E-22
  0.0000000000000E+00  4.8921614741352E-05  6.5733286010881E-22  4.4214822666714E-05
  1.0214790708989E-05 -3.0881409535313E-22  4.4950861310352E-05  9.8025093499973E-05
 -1.7347945491236E-05 -2.8234431575147E-22 -1.5764857825141E-05 -2.4550123203181E-06
  6.0494019276833E-05 -4.0421559266758E-22 -3.2809583137573E-05  7.0586078938886E-23
 -8.0247081016135E-36  5.3530161886035E-05  4.8527929269778E-22 -7.7058363829028E-05
 -5.3718660197178E-05  8.8232598672323E-24  9.7058647828192E-05  1.7652611771544E-05
  1.2375540290033E-05 -3.3616611052316E-05  5.1481248291057E-05 -4.2091111862137E-06
  1.7724734884247E-05 -4.6658566220200E-06 -2.3805405243418E-05 -1.0341600724621E-06
  1.1106538537640E-05  5.2440033997878E-05  9.5619989110732E-06  1.5800753663284E-06
 -4.0461874500572E-05  1.6192295118751E-05 -3.4065679688515E-05 -2.6526339701974E-06
 -5.1307364526497E-05  3.1773458264092E-05  9.1341848388051E-05  4.1697492271032E-06
  6.5287070572611E-05 -8.9414965034564E-06 -3.6038439297789E-05  6.8598991575765E-06
 -1.0338419538367E-05  4.7692657839734E-05  1.8421671230010E-05  1.3179118365085E-05
 -1.7981754733593E-05  7.3612932295004E-06  1.5084364904349E-05  2.2560064622540E-05
  9.0841999817298E-06  6.5190311825613E-05  6.1147070274503E-05  2.0557989701047E-06
  3.9173330364070E-05  3.4693876430736E-06 -1.3373192518693E-05 -7.0551119244091E-07
 -4.0115566681318E-06  4.7594123884812E-05  8.4722429892905E-06 -1.7213106438354E-05
 -1.9523454709330E-05 -2.3622627548823E-05  3.1093479386834E-06 -1.3524239083387E-05
  2.8923969209700E-05 -8.4703294725430E-22  2.8619507284233E-05  1.0179875260618E-05
  1.6620854672789E-05  2.1837568171451E-22 -3.6412804398016E-06 -1.3411354998193E-21
  0.0000000000000E+00  2.2486790058862E-05 -8.8232598672323E-24  1.0175970595804E-05
 -8.3808673693455E-05  2.5587453614974E-22 -8.4029619661686E-05  3.2106505944596E-05
  7.0586078937858E-23  5.2939559203394E-23 -2.7368390466532E-05 -1.9327541512492E-06
  1.8070036208092E-20  9.0350181040459E-21 -7.1540295458722E-05  3.5293039468929E-23
  1.0132211861844E-04  0.0000000000000E+00 -5.6468863150287E-22  0.0000000000000E+00
  0.0000000000000E+00  1.0132211861844E-04  0.0000000000000E+00  1.7960304880058E-05
  1.3552527156069E-20 -4.5175090520229E-21  1.2553333135845E-04 -3.8941055564267E-04
 -9.0350181040459E-21 -9.0350181040459E-21 -2.9786041987568E-04 -1.7646519734465E-23
  7.7519242702605E-05  0.0000000000000E+00 -1.4117215787572E-21  1.4117215787572E-22
  1.1293772630057E-21  7.7519242702604E-05 -5.6468863150287E-22  2.4043688479199E-04
  4.5175090520229E-21  0.0000000000000E+00  2.1757184557061E-04 -3.5420145868581E-04
  3.8617419267345E-04 -1.0164395367052E-20 -2.7620057826669E-05  1.3835661727055E-05
  5.4986742574148E-05  1.1022181662269E-22 -2.5896435022790E-05 -7.0586078937858E-23
 -1.7890538015168E-21  1.3378597005415E-05  1.7293589339775E-21  1.9954316896486E-04
 -1.3297718964573E-04 -5.5057141571529E-21  6.9418710254568E-05  5.5993045244123E-04
 -3.3881317890172E-21  0.0000000000000E+00  7.9182658149943E-04  0.0000000000000E+00
  4.5994100377510E-05 -8.4703294725430E-22 -1.4117215787572E-21 -2.8234431575143E-22
 -1.9764102102600E-21  4.5994100377510E-05  2.8234431575143E-22 -3.4519219237889E-04
  1.1293772630057E-21  0.0000000000000E+00 -3.6775006045260E-04  4.6213958503594E-04
 -5.5998259480776E-04 -1.4117215787572E-21  1.5835363769172E-04 -4.8250162244692E-05
  1.8361602103125E-04  7.0586078937858E-22  6.4426767426064E-05  4.2351647362715E-22
 -2.8234431575143E-22  1.4822642491771E-04 -8.4703294725430E-22 -3.3217773824919E-04
  4.7077878568670E-04 -3.9528204205201E-21  3.9829502848982E-05  3.3143208261346E-04
 -3.3881317890172E-21  0.0000000000000E+00 -2.3683941445147E-04 -5.6468863150287E-22
  1.3279084244375E-04 -2.8234431575143E-22 -1.4117215787572E-22  0.0000000000000E+00
 -2.8234431575143E-22  1.3279084244375E-04 -7.0586078937858E-23 -3.4919956159493E-04
  3.3881317890172E-21  0.0000000000000E+00  5.4685784799710E-04 -4.1420655311232E-05
 -5.2747277583036E-05 -5.2747277583036E-05  1.1598164563491E-04 -2.2708165164318E-05
  1.0899385718373E-04  5.2850281619393E-05 -3.1827681228335E-05 -2.2708165164318E-05
  5.2850281619393E-05  1.0899385718373E-04 -3.1827681228335E-05  7.4760667389443E-05
 -2.9507707870626E-05 -2.9507707870626E-05  6.7795175329740E-05  6.9967131632357E-05
 -8.0574681544347E-05 -2.5410988417629E-21  1.4435792665388E-04 -4.7228133944680E-05
  9.7784678653513E-05 -1.2131982317444E-23 -1.0920603964381E-04  1.4337797284252E-22
  3.8270889674120E-22  6.5046311844335E-05  5.6468863150287E-22 -3.1981661737340E-05
  2.4037191072131E-05 -7.8703478015712E-21  2.3886905411876E-05 -9.4419173063035E-05
  7.9017940810008E-05  7.9017940810008E-05  1.2133537442090E-04 -1.2940019144648E-05
  8.2567994771561E-05  1.0024654239574E-05  2.6022874938271E-05 -1.2940019144648E-05
  1.0024654239574E-05  8.2567994771561E-05  2.6022874938271E-05  5.5359571732745E-05
 -2.2158359968108E-05 -2.2158359968108E-05  1.0650974093851E-05  6.8402941618364E-05
 -1.2602621785386E-04  0.0000000000000E+00  1.1440321707723E-04 -4.8423368017206E-05
  1.8452430829941E-04 -2.8234431575143E-22 -3.9135687394800E-05  5.6468863150287E-22
  0.0000000000000E+00  6.0814918424820E-05  1.3411354998193E-21 -1.9010243047663E-05
  2.0451991416218E-05 -2.2587545260115E-21  3.1771149528918E-05  1.6830512082598E-03
  5.6468863150287E-22 -3.1763735522036E-22 -1.3611901957402E-03  1.4552806752425E-03
 -1.0587911840679E-22 -2.4705127628250E-22 -1.0925362572818E-03 -2.1175823681358E-22
  3.9499720597083E-05 -2.8234431575143E-22 -3.5293039468929E-22 -3.1763735522036E-22
 -2.8234431575143E-22  3.9499720597083E-05 -7.0586078937858E-23 -1.0925362572818E-03
 -5.6468863150287E-22  7.0586078937858E-23  8.2451109898491E-04  8.0872532585850E-04
  3.7146353603609E-06  3.7146353603609E-06  3.7146353603609E-06 -3.9687843984974E-03
  4.9919648957426E-05  4.9919648957426E-05  4.9919648957426E-05 -8.1306673426100E-05
 -4.0734038447279E-07  4.1506235498731E-06 -4.1506235498731E-06 -6.0580775212244E-05
  1.2020592018498E-04 -7.4997708871475E-22 -5.6468863150287E-22 -3.0891987105035E-05
  2.4680262916767E-04 -2.2587545260115E-21  0.0000000000000E+00 -4.2706063065158E-05
  1.3015931883446E-04 -7.0321215286782E-05 -8.2991739758905E-05 -9.8886798538121E-07
 -1.0020252057051E-04  1.0940842235368E-21 -2.8234431575143E-22 -2.1503758623445E-05
 -8.0066961392039E-05 -8.0285042226103E-05 -2.7320390668614E-05  2.6467638256947E-05
 -1.3087126500824E-05 -6.1029932615273E-05 -6.1029932615273E-05 -3.2933378201785E-05
 -2.2084019143770E-05 -4.3227539688715E-05  4.3227539688715E-05 -2.2179924902163E-05
 -1.7771880620126E-05 -3.9175273810511E-21 -5.6468863150287E-22  4.0459730523407E-05
  8.6769740537418E-06 -2.4761152228268E-05 -2.8215576618337E-05 -1.8500633833764E-05
 -3.9503693183046E-05  2.9209405257941E-05  2.9209405257941E-05 -2.9209405257941E-05
  3.0086785298945E-05 -4.6185170086416E-05 -4.6185170086416E-05  4.6185170086416E-05
  3.1729303903033E-05 -4.7634753429975E-05 -2.0863629555601E-05 -2.0863629555601E-05
  1.6826130773523E-04  1.4779999286622E-04  1.0461187680794E-05  1.0461187680794E-05
 -8.3486423436471E-05  5.5246478943024E-05 -6.9362646843533E-06  1.7542273950461E-06
  1.7542273950461E-06  1.7542273950461E-06 -7.3513924328467E-05  7.2042783683067E-07
  7.2042783683067E-07  7.2042783683067E-07  1.9083761370178E-05  7.9079957509151E-08
 -3.3696881568679E-07 -3.3696881568679E-07  1.9083761370178E-05 -3.3696881568679E-07
  7.9079957509151E-08 -3.3696881568679E-07  1.9083761370178E-05 -3.3696881568679E-07
 -3.3696881568679E-07  7.9079957509151E-08  3.8085920797004E-04 -9.0595471223033E-06
 -9.0595471223033E-06 -9.0595471223033E-06 -5.2004029581513E-05 -3.0995965962302E-06
  3.2541256665344E-06  3.2541256665344E-06 -5.2004029581513E-05  3.2541256665344E-06
 -3.0995965962302E-06  3.2541256665344E-06 -5.2004029581513E-05  3.2541256665344E-06
  3.2541256665344E-06 -3.0995965962302E-06 -3.0434002976953E-03  8.6312970723336E-05
  8.6312970723336E-05  8.6312970723336E-05  2.3899521579487E-04 -2.4809414270515E-05
 -2.1388786103426E-05 -2.1388786103426E-05  2.3899521579487E-04 -2.1388786103426E-05
 -2.4809414270515E-05 -2.1388786103426E-05  2.3899521579487E-04 -2.1388786103426E-05
 -2.1388786103426E-05 -2.4809414270515E-05  1.6744454391759E-04  1.5571024120917E-05
  2.1716980828919E-05 -2.1716980828919E-05  1.9983123597614E-04  2.3545441214279E-05
 -6.0933180985576E-07  6.0933180985576E-07  1.6042359067864E-04 -1.6812135573204E-06
  1.6793795325386E-05 -6.0371084733547E-06 -1.6042359067864E-04  1.6812135573204E-06
 -6.0371084733547E-06  1.6793795325386E-05 -7.8934003122885E-05 -2.8234431575143E-21
  1.1293772630057E-21 -1.2592875591023E-05  1.6144876339764E-04 -1.2176098616781E-21
  1.1293772630057E-21  6.2075793621878E-05 -8.4703294725430E-21  2.0558992991516E-06
  6.6258075751231E-07  2.8234431575143E-20 -2.5410988417629E-21  6.6258075751234E-07
  2.0558992991516E-06 -4.0123540508067E-36  2.0966732514927E-05  2.2877058474508E-21
 -2.8234431575143E-22 -1.3904317188706E-07  2.7453057394281E-04 -1.4707271291193E-21
 -1.1293772630057E-21  1.9941857559305E-05  5.6468863150287E-22 -1.5204905973614E-05
 -9.9207354484828E-07  0.0000000000000E+00 -1.4117215787572E-21 -9.9207354484827E-07
 -1.5204905973614E-05  0.0000000000000E+00  3.5394127409626E-05 -1.7911217530482E-21
 -2.8234431575143E-22 -4.3447138126246E-06  1.0549974712618E-04 -1.0952059710503E-04
 -1.1472083136421E-04  5.3894355169378E-06  3.4561198642776E-05 -1.0976635993091E-04
 -1.2018317704809E-04  5.6310913881379E-06 -1.8585999376382E-05 -3.3841488008199E-05
 -2.2791000932328E-05 -7.7074085890490E-07 -3.1744547857476E-05  6.9947076636562E-05
  6.3888997138697E-05 -2.7265192756569E-05 -5.1345897952997E-05  4.1579612124332E-22
 -3.5293039468929E-23  3.1649314138881E-05 -5.3380722196755E-22  3.1433916298671E-05
 -1.7024325069802E-05 -7.3409522095373E-21 -7.0586078937858E-22 -1.7024325069802E-05
  3.1433916298671E-05 -2.2587545260115E-21 -2.6612921932446E-05  9.6173532552832E-22
  7.7644686831644E-22  4.1705871778536E-05 -4.0621325718678E-05 -3.6757338214249E-05
 -3.4181588277174E-05 -8.6477631640144E-07 -1.4964983834373E-05 -1.9936280497448E-05
 -4.9399622628258E-05  4.1872300558590E-06  2.2091485173889E-06 -2.7392244560297E-05
  1.7573426238327E-05 -3.3659056847871E-06  2.4231780591970E-05  2.2665514195971E-05
  2.0258611575251E-06  7.6693556735232E-06 -4.5471930721916E-05 -3.8043998786610E-05
 -3.8043998786610E-05 -3.4397980106956E-06  1.8180978385065E-05 -1.0147283109123E-04
 -1.1168956086807E-04 -1.0562167935562E-05  1.8180978385065E-05 -1.1168956086807E-04
 -1.0147283109123E-04 -1.0562167935562E-05 -4.1880956860973E-05  3.2328330181814E-05
  3.2328330181814E-05 -6.3134434643861E-07 -7.7509856555399E-06 -1.3547493413452E-05
  1.3547493413452E-05 -2.5969574677312E-06  1.0955970526961E-05  2.3012174418645E-05
 -1.9964969292489E-05 -6.2256088229700E-06 -1.0955970526961E-05 -1.9964969292489E-05
  2.3012174418645E-05  6.2256088229700E-06  7.5993281735897E-06 -1.3376496376793E-07
  1.3376496376791E-07  1.7437273911480E-05 -9.0046491255159E-06  1.2352563814125E-22
  4.2351647362715E-22  9.9637088666115E-06  2.9116757561867E-22  8.0254951030315E-06
 -1.4729922707772E-05  5.6468863150286E-22 -7.0586078937858E-23 -1.4729922707772E-05
  8.0254951030315E-06  0.0000000000000E+00 -1.3163256596888E-05 -6.7277356487646E-22
  7.0586078937858E-23  4.8761457294576E-06 -5.4783201905732E-06  1.0720910190909E-06
  1.6767251529797E-05 -5.3011312838821E-06 -5.5936034684206E-06  2.1173160940829E-06
 -2.2105186976417E-05  3.1761632968832E-06  2.8926095677012E-06 -1.7666946446660E-05
  7.6144152871930E-06 -1.7634116382233E-07  3.7027085024375E-06  2.2090932810694E-05
  1.5007506221926E-05  1.0086654395033E-05  1.5135711596819E-05 -3.3211072513602E-05
 -1.2388502467674E-05 -1.5288076308002E-06  7.1441157288601E-06  2.2767784370988E-06
 -2.6847930572585E-05 -4.0036953781954E-07 -3.6934502411367E-07 -1.7189683223493E-05
  8.5715200444273E-06 -1.1812160904045E-06  3.5673431876887E-06  1.3659364743866E-06
  5.7729611583238E-07  1.7298096058279E-05  8.3623116328453E-06 -1.9247673393685E-05
 -1.9247673393685E-05  1.4230691927944E-05  3.5811038511929E-06  9.0948002960681E-06
 -2.1338241389313E-05  1.5148335882150E-06  3.5811038511929E-06 -2.1338241389313E-05
  9.0948002960681E-06  1.5148335882150E-06 -3.4876559200546E-06  4.8195127877723E-06
  4.8195127877723E-06  1.7607986803060E-05 -1.0111697139369E-05  7.6834931472353E-06
 -7.6834931472353E-06 -3.0694159839272E-06 -1.4923029139258E-06  2.0674986868230E-06
 -1.1063453434638E-05  7.8165783733724E-06  1.4923029139258E-06 -1.1063453434638E-05
  2.0674986868230E-06 -7.8165783733724E-06 -9.5895446555002E-06  9.8920405391331E-06
 -9.8920405391330E-06  7.8443109659343E-07  1.7093510209323E-06  3.2428451171554E-06
  3.2428451171554E-06 -3.2428451171554E-06  2.0169883241343E-06 -6.9277985772643E-06
 -6.9277985772643E-06  6.9277985772642E-06 -6.4207526868958E-06  8.3002410953721E-05
  4.5675726762928E-06 -4.5675726762928E-06 -6.4207526868958E-06  4.5675726762927E-06
  8.3002410953721E-05 -4.5675726762928E-06  6.4207526868958E-06 -4.5675726762928E-06
 -4.5675726762928E-06  8.3002410953721E-05 -4.0773146304978E-05  7.9984318724202E-06
  7.9984318724202E-06 -7.9984318724202E-06 -4.8450933883010E-06  4.6611720146892E-05
  5.9621559465232E-06 -5.9621559465232E-06 -4.8450933883010E-06  5.9621559465232E-06
  4.6611720146892E-05 -5.9621559465232E-06  4.8450933883010E-06 -5.9621559465232E-06
 -5.9621559465232E-06  4.6611720146892E-05  7.3878382154599E-05 -4.3098013589259E-05
 -4.3098013589259E-05  4.3098013589259E-05 -1.1321155990921E-05  7.6946388307702E-05
 -2.4490491365639E-06  2.4490491365639E-06 -1.1321155990921E-05 -2.4490491365639E-06
  7.6946388307702E-05  2.4490491365639E-06  1.1321155990921E-05  2.4490491365639E-06
  2.4490491365639E-06  7.6946388307702E-05  3.0348742918822E-05 -4.2687854876622E-05
  5.4150435542365E-06  5.4150435542365E-06 -5.2960782621222E-07  6.4807817670046E-05
  2.7018368323728E-06  2.7018368323728E-06  4.9887436008333E-06 -1.4126030690109E-05
  4.0489001661401E-05  1.1041592705928E-06  4.9887436008333E-06 -1.4126030690109E-05
  1.1041592705928E-06  4.0489001661401E-05  1.8231459285380E-04 -1.0601506424360E-05
 -1.0601506424360E-05  1.9134693477138E-05  1.2733349111171E-04  1.2058786020284E-05
  1.2058786020284E-05 -7.9486106425861E-05 -1.2639286620847E-05  9.5034050613272E-06
  4.7355809741791E-06  8.7946271952300E-06 -1.2639286620847E-05  4.7355809741791E-06
  9.5034050613272E-06  8.7946271952300E-06 -4.2675719897620E-06 -1.7503524775400E-06
 -1.7503524775400E-06  2.5397543958637E-06  9.5318365767639E-05 -5.3645893155432E-07
  5.3645893155432E-07 -7.6855152845483E-05 -6.2239038784812E-06  7.9169604619494E-06
  4.3362131110755E-06  1.2412932085785E-05  6.2239038784812E-06  4.3362131110755E-06
  7.9169604619494E-06 -1.2412932085785E-05  3.2078597645661E-05  1.2051845151653E-06
 -1.2051845151653E-06 -1.3258113783716E-05  6.7196424080854E-06 -8.0800214735008E-06
  8.0800214735008E-06  4.2681156659936E-06  3.3267928592066E-06  4.5192526896227E-06
 -3.1816722756152E-06 -3.6743337230415E-06 -3.3267928592066E-06 -3.1816722756152E-06
  4.5192526896227E-06  3.6743337230415E-06  6.2095612280155E-06 -3.7943257064975E-06
  3.7943257064975E-06  2.5657655659016E-06  4.7037417394794E-06 -1.7646519734465E-23
 -3.1773603632251E-22  0.0000000000000E+00  3.3451675077151E-05 -2.2058149668081E-24
 -2.8001030822944E-22  0.0000000000000E+00  0.0000000000000E+00  5.5306160127524E-06
  0.0000000000000E+00 -4.2351647362715E-22 -1.4659962085361E-22  0.0000000000000E+00
  5.5306160127524E-06  5.6468863150287E-22  0.0000000000000E+00 -5.6468863150287E-22
  5.6468863150287E-22  5.5306160127524E-06  2.4069318950084E-03  2.4359793795290E-04
  1.9396180923177E-03 -7.9219045217081E-05  4.4116299336161E-22 -1.5087164150829E-03
  1.2986879251594E-04  9.3300393470834E-05 -1.3058424603504E-21 -7.1778374110331E-05
  1.5259275686287E-03 -6.1866862622753E-05 -3.0881409535313E-22 -1.1808534063828E-03
  1.1808534063828E-03  2.2775352975966E-05 -1.2352563814125E-22 -8.4676550644972E-04
  1.0587911840679E-22 -2.8234431575143E-22 -6.6196955355202E-06 -2.4705127628250E-22
  6.1866862622753E-05  2.8130208335636E-05  1.3234889800848E-23  2.2775352975966E-05
  5.3485620430789E-05  6.9262098927148E-05 -1.4381913583589E-21 -3.1002722419997E-05
  3.1002722419997E-05  7.6035077355769E-05  1.0587911840679E-22  2.4320719040349E-05
 -5.6468863150287E-22  1.7646519734465E-23  2.1691378838720E-05 -7.0586078937858E-23
 -6.9262098927148E-05  7.7603809382185E-06 -1.0146748847317E-22  7.6035077355769E-05
  6.9518091410630E-05 -1.7295865866549E-05  1.0646068342353E-04  1.5113689003417E-05
  6.1690400604701E-07  5.1710277827333E-06  5.7424030886404E-05  2.3030605508027E-05
 -3.6440201471120E-06  6.1135499932182E-06  9.3150005144183E-06 -3.0545791147553E-06
  1.0260995976052E-05 -2.3661816369381E-06 -4.4345995701324E-06  2.3640626433570E-06
  6.9518091410631E-05 -1.0260995976052E-05 -3.6440201471120E-06 -6.1690400604705E-07
 -1.5113689003417E-05  2.3640626433570E-06  3.0545791147553E-06  2.3030605508028E-05
  1.0646068342353E-04  4.4345995701324E-06  9.3150005144183E-06 -5.7424030886404E-05
  1.7295865866549E-05 -2.3661816369381E-06 -6.1135499932182E-06  5.1710277827333E-06
  1.9219339326040E-03 -3.3881317890172E-21 -1.6013724234537E-03  0.0000000000000E+00
  1.3480147112852E-04  5.6468863150287E-22 -8.2158299526187E-05  1.0847089322074E-04
  3.2673315507326E-05  0.0000000000000E+00 -8.0447483710890E-05 -1.1293772630057E-21
  1.5137763514045E-03 -2.8234431575143E-22 -1.2320255984806E-03 -5.6468863150287E-22
  5.6468863150287E-22  8.9888604286548E-05  1.6764193747741E-22  1.4117215787572E-22
  1.2320255984806E-03  2.3822801641527E-22 -8.6146100866935E-04  0.0000000000000E+00
  8.4703294725430E-22 -4.2351647362715E-22  3.5293039468929E-23  8.9888604286548E-05
  8.1569631916837E-05  0.0000000000000E+00 -3.8090767642232E-05  7.4471076864497E-05
  1.1293772630057E-21  1.0562705024283E-05 -4.2351647362715E-22  1.2131982317444E-22
  3.8090767642232E-05  1.2352563814125E-22  1.7409861929348E-05  7.1215701509268E-05
 -7.4471076864497E-05  4.3895717839481E-22  7.1215701509268E-05  1.2653591440055E-05
  8.1392032830972E-05 -8.4703294725430E-22 -9.2651287282174E-05  2.8234431575143E-22
  5.6468863150287E-22  1.5593402520840E-05 -2.5587453614974E-22  0.0000000000000E+00
  9.2651287282174E-05 -1.8528845721188E-22 -8.2365619175527E-05  1.4117215787572E-22
 -8.4703294725430E-22 -5.6468863150287E-22 -7.0586078937858E-23  1.5593402520840E-05
 -4.3658069882554E-06 -1.4888112273606E-05 -2.2587545260114E-21  4.6351366781427E-22
 -2.5601503240223E-06 -3.5017436767602E-06 -1.1293772630057E-21 -5.9685196659021E-23
  3.5017436767601E-06 -4.1316349282849E-06  1.3793871966947E-22  1.2705494208815E-21
 -1.6940658945086E-21  1.4133887130565E-22  6.8054502436938E-06  3.6978871737242E-06
  1.0322343300270E-21 -1.4117215787572E-22  3.6978871737242E-06  6.8054502436939E-06
   NCF
         0         1         2         3         4         5         6         7
         8         9        10        16        22        28        34        40
        46        52        58        64        70        76        82        88
        94       100       106       112       118       124       130       136
       142       148       172       196       220       244       268       292
       316       340       346       352       358       364       370       376
       382       383       384       390       396       397       398       399
       405       411       417       418       419       420       421       422
       423       429       435       441       447       448       449       450
       451       452       453       454       460       466       472       478
       479       480       481       482       488       494       500       506
       518       530       554       578       602       626       632       638
       644       650       656       662       668       674       680       692
       704       716       728       752       776       800       824       830
       836       842       848       854       860       862       864       876
       888       900       912       914       916       928       940       942
       944       946       948       950       962       974       986       998
      1000      1002      1004      1006      1018      1030      1032      1034
      1058      1082      1106      1112      1118      1120      1122
NSTATG
         0         1         5        21        25        41        73        81
       113       161       225       229       241       242       258       274
       338       342       358       362       378       410       506       510
       526       590       602       666       762       906       922       986
      1082      1242      1246      1266      1282      1298      1442      1490
      1682      2002      2010      2026      2058      2122      2154      2218
      2346      2350      2358      2362      2374      2375      2391      2423
      2439      2455      2519      2523      2539      2543      2559      2575
      2607      2611      2627      2659      2755      2759      2775      2807
      2815      2847      2879      2927      2939      3003      3099      3243
      3251      3283      3331      3395      3396      3400      3408      3428
      3436      3460      3461      3465      3481      3521      3522      3526
      3534      3554      3555      3559      3575      3607      3719      3727
      3759      3791      3887      3891      3907      3971      4211      4215
      4231      4263      4375      4379      4395      4399      4407      4408
      4412      4420      4444      4448      4456      4457      4461      4462
      4466      4482      4498      4530      4534      4550      4582      4726
      4730      4746      4762      4794      4798      4846      4850      4866
      4868      4876      4940      4952      5000      5004      5020
NSTAFG
         0         1         5        21        25        41        57        61
        77       109       141       145       153       154       154       170
       202       206       222       226       242       258       290       294
       310       326       334       366       398       446       450       466
       530       594       598       610       610       626       674       690
       738       818       818       826       826       858       890       922
       986       986       990       994      1002      1003      1003      1019
      1019      1035      1067      1071      1087      1087      1087      1103
      1119      1123      1139      1155      1187      1191      1207      1223
      1227      1243      1259      1291      1299      1331      1363      1411
      1415      1431      1463      1495      1495      1499      1503      1511
      1511      1519      1519      1523      1527      1543      1543      1547
      1551      1559      1560      1564      1580      1596      1628      1628
      1628      1660      1692      1696      1712      1728      1792      1796
      1812      1828      1860      1864      1880      1880      1884      1884
      1888      1892      1900      1900      1904      1904      1908      1909
      1909      1909      1925      1941      1945      1961      1977      2009
      2009      2009      2025      2041      2045      2061      2065      2081
      2081      2089      2121      2121      2121      2121      2121
    LG
         0         0         0        -1         0         0         1         0
         0        -1         0         1         1         0        -1        -1
         1         0         1        -1         0         0        -1         0
         0         1         0         0        -1         1         0         1
        -1         0         0        -1         0         0         1        -1
        -1         1         1         1        -1        -1         1        -1
         1        -1         1        -1         1         1         1        -1
        -1        -2         0         1         2         0        -1        -2
         1         0         2        -1         0        -2         1         1
         2        -1        -1        -1        -1         0         1         1
         0        -1        -1         2         1         1        -2        -1
         0        -1         1         0         1        -1         0         2
         1         0        -2        -1         2        -1         1        -2
         1        -1         2         0         1        -2         0         0
        -2         1         0         2        -1         0        -1        -1
         0         1         1         0        -1         2         0         1
        -2        -2         0         0         2         0         0        -2
         0         2         2         0        -2        -2         2         0
         2        -2         0         0        -2         0         0         2
         0         0        -2         2         0         2        -2         0
         0        -2         0         0         2        -2        -1         1
         2         1        -1        -2        -1         2         2         1
        -2        -2         1        -1         2        -1         1        -2
         1         2         2        -1        -2        -2         2        -1
         2        -2         1        -2         2         1         2        -2
        -1        -1        -2         1         1         2        -1        -1
        -2         2         1         2        -2        -1         1        -2
         1        -1         2        -1         1         2         1        -1
        -2        -1         2        -2         1        -2         2        -1
         2         1         1        -2        -1        -3         1         1
         3        -1        -1        -1        -1        -1         1         1
         1        -1        -1         3         1         1        -3        -1
         3        -1         1        -3         1        -3         0         1
         3         0        -1        -3         0         2         3         0
        -2        -3         1         0         3        -1         0        -3
         1         2         3        -1        -2        -3         2         0
         3        -2         0        -3         2         1         3        -2
        -1        -2        -1         0         2         1         0        -2
        -1         3         2         1        -3        -2         0        -1
         2         0         1        -2         0         3         2         0
        -3        -2         3        -1         2        -3         1        -2
         3         0         2        -3         0        -1        -2         0
         1         2         0        -1        -2         3         1         2
        -3        -1         0        -2         1         0         2        -1
         0         3         1         0        -3        -1         3        -2
         1        -3         2        -1         3         0         1        -3
         0         0        -3         1         0         3        -1         0
        -3         2         0         3        -2         0        -2        -1
         0         2         1         0        -2         3         0         2
        -3         0        -1        -2         0         1         2         0
        -1         3         0         1        -3        -2        -2         2
         2         2        -2        -2         2        -2         2        -2
         2        -2         2         2         2        -2        -2        -3
        -1         2         3         1        -2        -3         0         0
         3         0         0        -3         0         3         3         0
        -3        -3         2        -1         3        -2         1        -3
         2         2         3        -2        -2        -3         3         0
         3        -3         0        -2        -2         1         2         2
        -1        -2        -2         3         2         2        -3        -2
         1        -2         2        -1         2        -2         1         3
         2        -1        -3        -2         3        -2         2        -3
         2        -2         3         1         2        -3        -1        -1
        -3         2         1         3        -2        -1         2        -3
         1        -2         3        -1         2         2         1        -2
        -2         0        -3         0         0         3         0         0
        -3         3         0         3        -3         0         0        -3
         0         0         3        -3        -1         1         3         1
        -1        -3        -1         3         3         1        -3        -3
         1        -1         3        -1         1        -3         1         3
         3        -1        -3        -3         3        -1         3        -3
         1        -3         3         1         3        -3        -1        -1
        -3         1         1         3        -1        -1        -3         3
         1         3        -3        -1         1        -3         1        -1
         3        -1         1         3         1        -1        -3        -1
         3        -3         1        -3         3        -1         3         1
         1        -3        -1        -4         1         1         4        -1
        -1        -4         1         2         4        -1        -2        -4
         2         1         4        -2        -1        -2        -1        -1
         2         1         1        -2        -1         4         2         1
        -4        -2         4        -1         2        -4         1        -1
        -2        -1         1         2         1        -1        -2         4
         1         2        -4        -1        -1        -2         1         1
         2        -1        -1         4         1         1        -4        -1
         4        -2         1        -4         2        -1         4        -1
         1        -4         1        -4         0         2         4         0
        -2        -4         2         0         4        -2         0        -4
         2         2         4        -2        -2        -2        -2         0
         2         2         0        -2        -2         4         2         2
        -4        -2         0        -2         2         0         2        -2
         0         4         2         0        -4        -2         4        -2
         2        -4         2        -2         4         0         2        -4
         0         0        -4         2         0         4        -2         0
        -2        -2         0         2         2         0        -2         4
         0         2        -4        -4         0         1         4         0
        -1        -4         0         3         4         0        -3        -4
         1         0         4        -1         0        -4         1         3
         4        -1        -3        -4         3         0         4        -3
         0        -4         3         1         4        -3        -1        -3
        -2         2         3         2        -2        -3        -2         3
         3         2        -3        -3        -1         0         3         1
         0        -3        -1         4         3         1        -4        -3
         0        -1         3         0         1        -3         0         4
         3         0        -4        -3         2        -2         3        -2
         2        -3         2         3         3        -2        -3        -3
         3        -2         3        -3         2        -3         3         2
         3        -3        -2        -3         4        -1         3        -4
         1        -3         4         0         3        -4         0        -2
        -3         2         2         3        -2        -2        -3         3
         2         3        -3        -2         2        -3         2        -2
         3        -2         2         3         2        -2        -3        -2
         3        -3         2        -3         3        -2         3         2
         2        -3        -2        -1        -3         0         1         3
         0        -1        -3         4         1         3        -4        -1
         0        -3         1         0         3        -1         0         4
         1         0        -4        -1         4        -3         1        -4
         3        -1         4         0         1        -4         0         0
        -4         1         0         4        -1         0        -4         3
         0         4        -3         0        -3        -1         0         3
         1         0        -3         4         0         3        -4         0
        -1        -3         0         1         3         0        -1         4
         0         1        -4        -4        -1         2         4         1
        -2        -4        -1         3         4         1        -3        -4
         2        -1         4        -2         1        -4         2         3
         4        -2        -3        -4         3        -1         4        -3
         1        -4         3         2         4        -3        -2        -3
        -2         1         3         2        -1        -3        -2         4
         3         2        -4        -3         1        -2         3        -1
         2        -3         1         4         3        -1        -4        -3
         4        -2         3        -4         2        -3         4         1
         3        -4        -1        -2        -3         1         2         3
        -1        -2        -3         4         2         3        -4        -2
         1        -3         2        -1         3        -2         1         4
         2        -1        -4        -2         4        -3         2        -4
         3        -2         4         1         2        -4        -1        -1
        -4         2         1         4        -2        -1        -4         3
         1         4        -3        -1         2        -4         1        -2
         4        -1         2         3         1        -2        -3        -1
         3        -4         1        -3         4        -1         3         2
         1        -3        -2        -4         0         0         4         0
         0        -4         0         4         4         0        -4        -4
         4         0         4        -4         0         0        -4         0
         0         4         0         0        -4         4         0         4
        -4         0         0        -4         0         0         4        -5
         1         2         5        -1        -2        -5         2         1
         5        -2        -1        -5         2         2         5        -2
        -2        -4        -1         1         4         1        -1        -4
        -1         4         4         1        -4        -4         1        -1
         4        -1         1        -4         1         4         4        -1
        -4        -4         4        -1         4        -4         1        -4
         4         1         4        -4        -1        -2        -2        -1
         2         2         1        -2        -2         5         2         2
        -5        -2        -1        -2         2         1         2        -2
        -1         5         2         1        -5        -2         5        -2
         2        -5         2        -2         5        -1         2        -5
         1        -1        -4         1         1         4        -1        -1
        -4         4         1         4        -4        -1        -2        -2
         1         2         2        -1        -2         5         1         2
        -5        -1         1        -4         1        -1         4        -1
         1         4         1        -1        -4        -1         4        -4
         1        -4         4        -1         4         1         1        -4
        -1        -1         5        -2         1        -5         2        -5
         1         1         5        -1        -1        -5         1         3
         5        -1        -3        -5         3         1         5        -3
        -1        -3        -3         3         3         3        -3        -3
        -1        -1         3         1         1        -3        -1         5
         3         1        -5        -3         3        -3         3        -3
         3        -3         3         3         3        -3        -3        -3
         5        -1         3        -5         1        -1        -3        -1
         1         3         1        -1        -3         5         1         3
        -5        -1        -1        -3         1         1         3        -1
        -1         5         1         1        -5        -1         5        -3
         1        -5         3        -1         5        -1         1        -5
         1        -5         0         2         5         0        -2        -5
         0         3         5         0        -3        -5         2         0
         5        -2         0        -5         2         3         5        -2
        -3        -5         3         0         5        -3         0        -5
         3         2         5        -3        -2        -4        -2         3
         4         2        -3        -4         3        -2         4        -3
         2        -4         3         3         4        -3        -3        -3
        -3         2         3         3        -2        -3        -3         4
         3         3        -4        -3        -2         0         3         2
         0        -3        -2         5         3         2        -5        -3
         0        -2         3         0         2        -3         0         5
         3         0        -5        -3         2        -3         3        -2
         3        -3         2         4         3        -2        -4        -3
         4        -3         3        -4         3        -3         4         2
         3        -4        -2        -3         5        -2         3        -5
         2        -3         5         0         3        -5         0        -2
        -4         3         2         4        -3        -2        -3         0
         2         3         0        -2        -3         5         2         3
        -5        -2         0        -3         2         0         3        -2
         0         5         2         0        -5        -2         3        -4
         2        -3         4        -2         3         3         2        -3
        -3        -2         5        -3         2        -5         3        -2
         5         0         2        -5         0         0        -5         2
         0         5        -2         0        -5         3         0         5
        -3         0        -3        -2         0         3         2         0
        -3         5         0         3        -5         0        -2        -3
         0         2         3         0        -2         5         0         2
        -5        -4        -2         2         4         2        -2        -4
        -2         4         4         2        -4        -4         2        -2
         4        -2         2        -4         2         4         4        -2
        -4        -4         4        -2         4        -4         2        -4
         4         2         4        -4        -2        -2        -4         2
         2         4        -2        -2        -4         4         2         4
        -4        -2         2        -4         2        -2         4        -2
         2         4         2        -2        -4        -2         4        -4
         2        -4         4        -2         4         2         2        -4
        -2        -5         0         1         5         0        -1        -5
         0         4         5         0        -4        -5         1         0
         5        -1         0        -5         1         4         5        -1
        -4        -5         4         0         5        -4         0        -5
         4         1         5        -4        -1        -4        -1         0
         4         1         0        -4        -1         5         4         1
        -5        -4         0        -1         4         0         1        -4
         0         5         4         0        -5        -4         5        -1
         4        -5         1        -4         5         0         4        -5
         0        -1        -4         0         1         4         0        -1
        -4         5         1         4        -5        -1         0        -4
         1         0         4        -1         0         5         1         0
        -5        -1         5        -4         1        -5         4        -1
         5         0         1        -5         0         0        -5         1
         0         5        -1         0        -5         4         0         5
        -4         0        -4        -1         0         4         1         0
        -4         5         0         4        -5         0        -1        -4
         0         1         4         0        -1         5         0         1
        -5        -5        -1         3         5         1        -3        -5
         3        -1         5        -3         1        -5         3         3
         5        -3        -3        -3        -3         1         3         3
        -1        -3        -3         5         3         3        -5        -3
         1        -3         3        -1         3        -3         1         5
         3        -1        -5        -3         5        -3         3        -5
         3        -3         5         1         3        -5        -1        -1
        -5         3         1         5        -3        -1         3        -5
         1        -3         5        -1         3         3         1        -3
        -3        -5        -1         2         5         1        -2        -5
        -1         4         5         1        -4        -5         2        -1
         5        -2         1        -5         2         4         5        -2
        -4        -5         4        -1         5        -4         1        -5
         4         2         5        -4        -2        -4        -2         1
         4         2        -1        -4        -2         5         4         2
        -5        -4         1        -2         4        -1         2        -4
         1         5         4        -1        -5        -4         5        -2
         4        -5         2        -4         5         1         4        -5
        -1        -2        -4         1         2         4        -1        -2
        -4         5         2         4        -5        -2         1        -4
         2        -1         4        -2         1         5         2        -1
        -5        -2         5        -4         2        -5         4        -2
         5         1         2        -5        -1        -1        -5         2
         1         5        -2        -1        -5         4         1         5
        -4        -1         2        -5         1        -2         5        -1
         2         4         1        -2        -4        -1         4        -5
         1        -4         5        -1         4         2         1        -4
        -2        -6         2         2         6        -2        -2        -2
        -2        -2         2         2         2        -2        -2         6
         2         2        -6        -2         6        -2         2        -6
         2        -6         1         2         6        -1        -2        -6
         1         3         6        -1        -3        -6         2         1
         6        -2        -1        -6         2         3         6        -2
        -3        -6         3         1         6        -3        -1        -6
         3         2         6        -3        -2        -5         0         0
         5         0         0        -5         0         5         5         0
        -5        -5         5         0         5        -5         0        -4
        -3         3         4         3        -3        -4        -3         4
         4         3        -4        -4         3        -3         4        -3
         3        -4         3         4         4        -3        -4        -4
         4        -3         4        -4         3        -4         4         3
         4        -4        -3        -3        -4         3         3         4
        -3        -3        -4         4         3         4        -4        -3
        -2        -1         3         2         1        -3        -2         6
         3         2        -6        -3        -1        -2         3         1
         2        -3        -1         6         3         1        -6        -3
         3        -4         3        -3         4        -3         3         4
         3        -3        -4        -3         4        -4         3        -4
         4        -3         4         3         3        -4        -3        -3
         6        -2         3        -6         2        -3         6        -1
         3        -6         1        -2        -3        -1         2         3
         1        -2        -3         6         2         3        -6        -2
        -1        -3         2         1         3        -2        -1         6
         2         1        -6        -2         6        -3         2        -6
         3        -2         6        -1         2        -6         1        -1
        -3        -2         1         3         2        -1        -3         6
         1         3        -6        -1        -2        -3         1         2
         3        -1        -2         6         1         2        -6        -1
         6        -3         1        -6         3        -1         6        -2
         1        -6         2         0        -5         0         0         5
         0         0        -5         5         0         5        -5         0
         0        -5         0         0         5        -5        -1         1
         5         1        -1        -5        -1         5         5         1
        -5        -5         1        -1         5        -1         1        -5
         1         5         5        -1        -5        -5         5        -1
         5        -5         1        -5         5         1         5        -5
        -1        -1        -5         1         1         5        -1        -1
        -5         5         1         5        -5        -1         1        -5
         1        -1         5        -1         1         5         1        -1
        -5        -1         5        -5         1        -5         5        -1
         5         1         1        -5        -1        -6         0         3
         6         0        -3        -6         1         1         6        -1
        -1        -6         1         4         6        -1        -4        -6
         3         0         6        -3         0        -6         3         3
         6        -3        -3        -6         4         1         6        -4
        -1        -5        -2         3         5         2        -3        -5
        -2         4         5         2        -4        -5         3        -2
         5        -3         2        -5         3         4         5        -3
        -4        -5         4        -2         5        -4         2        -5
         4         3         5        -4        -3        -4        -3         2
         4         3        -2        -4        -3         5         4         3
        -5        -4        -1        -1         4         1         1        -4
        -1         6         4         1        -6        -4         2        -3
         4        -2         3        -4         2         5         4        -2
        -5        -4         5        -3         4        -5         3        -4
         5         2         4        -5        -2        -4         6        -1
         4        -6         1        -3        -4         2         3         4
        -2        -3        -4         5         3         4        -5        -3
        -3         0         3         3         0        -3        -3         6
         3         3        -6        -3         0        -3         3         0
         3        -3         0         6         3         0        -6        -3
         2        -4         3        -2         4        -3         2         5
         3        -2        -5        -3         5        -4         3        -5
         4        -3         5         2         3        -5        -2        -3
         6        -3         3        -6         3        -3         6         0
         3        -6         0        -2        -5         3         2         5
        -3        -2        -5         4         2         5        -4        -2
         3        -5         2        -3         5        -2         3         4
         2        -3        -4        -2         4        -5         2        -4
         5        -2         4         3         2        -4        -3        -1
        -4        -1         1         4         1        -1        -4         6
         1         4        -6        -1        -1        -4         1         1
         4        -1        -1         6         1         1        -6        -1
         6        -4         1        -6         4        -1         6        -1
         1        -6         1         0        -6         3         0         6
        -3         0        -3        -3         0         3         3         0
        -3         6         0         3        -6        -6         0         2
         6         0        -2        -6         0         4         6         0
        -4        -6         2         0         6        -2         0        -6
         2         4         6        -2        -4        -6         4         0
         6        -4         0        -6         4         2         6        -4
        -2        -4        -2         0         4         2         0        -4
        -2         6         4         2        -6        -4         0        -2
         4         0         2        -4         0         6         4         0
        -6        -4         6        -2         4        -6         2        -4
         6         0         4        -6         0        -2        -4         0
         2         4         0        -2        -4         6         2         4
        -6        -2         0        -4         2         0         4        -2
         0         6         2         0        -6        -2         6        -4
         2        -6         4        -2         6         0         2        -6
         0         0        -6         2         0         6        -2         0
        -6         4         0         6        -4         0        -4        -2
         0         4         2         0        -4         6         0         4
        -6         0        -2        -4         0         2         4         0
        -2         6         0         2        -6        -5        -2         2
         5         2        -2        -5        -2         5         5         2
        -5        -5         2        -2         5        -2         2        -5
         2         5         5        -2        -5        -5         5        -2
         5        -5         2        -5         5         2         5        -5
        -2        -2        -5         2         2         5        -2        -2
        -5         5         2         5        -5        -2         2        -5
         2        -2         5        -2         2         5         2        -2
        -5        -2         5        -5         2        -5         5        -2
         5         2         2        -5        -2        -6        -1         3
         6         1        -3        -6        -1         4         6         1
        -4        -6         0         1         6         0        -1        -6
         0         5         6         0        -5        -6         1         0
         6        -1         0        -6         1         5         6        -1
        -5        -6         3        -1         6        -3         1        -6
         3         4         6        -3        -4        -6         4        -1
         6        -4         1        -6         4         3         6        -4
        -3        -6         5         0         6        -5         0        -6
         5         1         6        -5        -1        -5        -1         0
         5         1         0        -5        -1         6         5         1
        -6        -5         0        -1         5         0         1        -5
         0         6         5         0        -6        -5         6        -1
         5        -6         1        -5         6         0         5        -6
         0        -4        -3         1         4         3        -1        -4
        -3         6         4         3        -6        -4         1        -3
         4        -1         3        -4         1         6         4        -1
        -6        -4         6        -3         4        -6         3        -4
         6         1         4        -6        -1        -3        -4         1
         3         4        -1        -3        -4         6         3         4
        -6        -3         1        -4         3        -1         4        -3
         1         6         3        -1        -6        -3         6        -4
         3        -6         4        -3         6         1         3        -6
        -1        -1        -6         3         1         6        -3        -1
        -6         4         1         6        -4        -1        -5         0
         1         5         0        -1        -5         6         1         5
        -6        -1         0        -5         1         0         5        -1
         0         6         1         0        -6        -1         3        -6
         1        -3         6        -1         3         4         1        -3
        -4        -1         4        -6         1        -4         6        -1
         4         3         1        -4        -3        -1         6        -5
         1        -6         5        -1         6         0         1        -6
         0         0        -6         1         0         6        -1         0
        -6         5         0         6        -5         0        -5        -1
         0         5         1         0        -5         6         0         5
        -6         0        -1        -5         0         1         5         0
        -1         6         0         1        -6        -4        -4         4
         4         4        -4        -4         4        -4         4        -4
         4        -4         4         4         4        -4        -4        -7
         2         2         7        -2        -2        -7         2         3
         7        -2        -3        -7         3         2         7        -3
        -2        -6        -1         2         6         1        -2        -6
        -1         5         6         1        -5        -6         2        -1
         6        -2         1        -6         2         5         6        -2
        -5        -6         5        -1         6        -5         1        -6
         5         2         6        -5        -2        -5        -3         4
         5         3        -4        -5        -2         1         5         2
        -1        -5        -2         6         5         2        -6        -5
         1        -2         5        -1         2        -5         1         6
         5        -1        -6        -5         4        -3         5        -4
         3        -5         4         4         5        -4        -4        -5
         6        -2         5        -6         2        -5         6         1
         5        -6        -1        -4        -4         3         4         4
        -3        -4        -4         5         4         4        -5        -4
         3        -4         4        -3         4        -4         3         5
         4        -3        -5        -4         5        -4         4        -5
         4        -4         5         3         4        -5        -3        -3
        -5         4         3         5        -4        -3        -2        -2
         3         2         2        -3        -2         7         3         2
        -7        -3         4        -5         3        -4         5        -3
         4         4         3        -4        -4        -3         7        -2
         3        -7         2        -2        -5         1         2         5
        -1        -2        -5         6         2         5        -6        -2
        -3        -2         2         3         2        -2        -3         7
         2         3        -7        -2        -2        -3         2         2
         3        -2        -2         7         2         2        -7        -2
         1        -5         2        -1         5        -2         1         6
         2        -1        -6        -2         6        -5         2        -6
         5        -2         6         1         2        -6        -1        -2
         7        -3         2        -7         3        -2         7        -2
         2        -7         2        -1        -6         2         1         6
        -2        -1        -6         5         1         6        -5        -1
         2        -6         1        -2         6        -1         2         5
         1        -2        -5        -1         5        -6         1        -5
         6        -1         5         2         1        -5        -2        -7
         1         3         7        -1        -3        -7         3         1
         7        -3        -1        -7         3         3         7        -3
        -3        -5        -3         3         5         3        -3        -5
        -3         5         5         3        -5        -5         3        -3
         5        -3         3        -5         3         5         5        -3
        -5        -5         5        -3         5        -5         3        -5
         5         3         5        -5        -3        -3        -5         3
         3         5        -3        -3        -5         5         3         5
        -5        -3        -3        -1         3         3         1        -3
        -3         7         3         3        -7        -3        -1        -3
         3         1         3        -3        -1         7         3         1
        -7        -3         3        -5         3        -3         5        -3
         3         5         3        -3        -5        -3         5        -5
         3        -5         5        -3         5         3         3        -5
        -3        -3         7        -3         3        -7         3        -3
         7        -1         3        -7         1        -1        -3        -3
         1         3         3        -1        -3         7         1         3
        -7        -1         7        -3         1        -7         3        -7
         1         2         7        -1        -2        -7         1         4
         7        -1        -4        -7         2         1         7        -2
        -1        -7         2         4         7        -2        -4        -7
         4         1         7        -4        -1        -7         4         2
         7        -4        -2        -4        -2        -1         4         2
         1        -4        -2         7         4         2        -7        -4
        -1        -2         4         1         2        -4        -1         7
         4         1        -7        -4         7        -2         4        -7
         2        -4         7        -1         4        -7         1        -2
        -4        -1         2         4         1        -2        -4         7
         2         4        -7        -2        -1        -4         2         1
         4        -2        -1         7         2         1        -7        -2
         7        -4         2        -7         4        -2         7        -1
         2        -7         1        -1        -4        -2         1         4
         2        -1        -4         7         1         4        -7        -1
        -2        -4         1         2         4        -1        -2         7
         1         2        -7        -1         7        -4         1        -7
         4        -1         7        -2         1        -7         2        -6
        -2         4         6         2        -4        -6         0         0
         6         0         0        -6         0         6         6         0
        -6        -6         4        -2         6        -4         2        -6
         4         4         6        -4        -4        -6         6         0
         6        -6         0        -4        -4         2         4         4
        -2        -4        -4         6         4         4        -6        -4
         2        -4         4        -2         4        -4         2         6
         4        -2        -6        -4         6        -4         4        -6
         4        -4         6         2         4        -6        -2        -2
        -6         4         2         6        -4        -2         4        -6
         2        -4         6        -2         4         4         2        -4
        -4         0        -6         0         0         6         0         0
        -6         6         0         6        -6         0         0        -6
         0         0         6        -7         0         3         7         0
        -3        -7         0         4         7         0        -4        -7
         3         0         7        -3         0        -7         3         4
         7        -3        -4        -7         4         0         7        -4
         0        -7         4         3         7        -4        -3        -6
        -2         3         6         2        -3        -6        -2         5
         6         2        -5        -6        -1         1         6         1
        -1        -6        -1         6         6         1        -6        -6
         1        -1         6        -1         1        -6         1         6
         6        -1        -6        -6         3        -2         6        -3
         2        -6         3         5         6        -3        -5        -6
         5        -2         6        -5         2        -6         5         3
         6        -5        -3        -6         6        -1         6        -6
         1        -6         6         1         6        -6        -1        -5
        -3         2         5         3        -2        -5        -3         6
         5         3        -6        -5         2        -3         5        -2
         3        -5         2         6         5        -2        -6        -5
         6        -3         5        -6         3        -5         6         2
         5        -6        -2        -4        -3         0         4         3
         0        -4        -3         7         4         3        -7        -4
         0        -3         4         0         3        -4         0         7
         4         0        -7        -4         7        -3         4        -7
         3        -4         7         0         4        -7         0        -3
        -5         2         3         5        -2        -3        -5         6
         3         5        -6        -3        -4         0         3         4
         0        -3        -4         7         3         4        -7        -3
         0        -4         3         0         4        -3         0         7
         3         0        -7        -3         2        -5         3        -2
         5        -3         2         6         3        -2        -6        -3
         6        -5         3        -6         5        -3         6         2
         3        -6        -2        -3         7        -4         3        -7
         4        -3         7         0         3        -7         0        -2
        -6         3         2         6        -3        -2        -6         5
         2         6        -5        -2         3        -6         2        -3
         6        -2         3         5         2        -3        -5        -2
         5        -6         2        -5         6        -2         5         3
         2        -5        -3        -1        -6         1         1         6
        -1        -1        -6         6         1         6        -6        -1
         1        -6         1        -1         6        -1         1         6
         1        -1        -6        -1         6        -6         1        -6
         6        -1         6         1         1        -6        -1         0
        -7         3         0         7        -3         0        -7         4
         0         7        -4         0        -4        -3         0         4
         3         0        -4         7         0         4        -7         0
        -3        -4         0         3         4         0        -3         7
         0         3        -7        -7         1         1         7        -1
        -1        -7         1         5         7        -1        -5        -7
         5         1         7        -5        -1        -5        -1        -1
         5         1         1        -5        -1         7         5         1
        -7        -5         7        -1         5        -7         1        -1
        -5        -1         1         5         1        -1        -5         7
         1         5        -7        -1        -1        -5         1         1
         5        -1        -1         7         1         1        -7        -1
         7        -5         1        -7         5        -1         7        -1
         1        -7         1        -7         0         2         7         0
        -2        -7         0         5         7         0        -5        -7
         2         0         7        -2         0        -7         2         5
         7        -2        -5        -7         5         0         7        -5
         0        -7         5         2         7        -5        -2        -5
        -2         0         5         2         0        -5        -2         7
         5         2        -7        -5         0        -2         5         0
         2        -5         0         7         5         0        -7        -5
         7        -2         5        -7         2        -5         7         0
         5        -7         0        -2        -5         0         2         5
         0        -2        -5         7         2         5        -7        -2
         0        -5         2         0         5        -2         0         7
         2         0        -7        -2         7        -5         2        -7
         5        -2         7         0         2        -7         0         0
        -7         2         0         7        -2         0        -7         5
         0         7        -5         0        -5        -2         0         5
         2         0        -5         7         0         5        -7         0
        -2        -5         0         2         5         0        -2         7
         0         2        -7        -6        -2         2         6         2
        -2        -6        -2         6         6         2        -6        -6
         2        -2         6        -2         2        -6         2         6
         6        -2        -6        -6         6        -2         6        -6
         2        -6         6         2         6        -6        -2        -2
        -6         2         2         6        -2        -2        -6         6
         2         6        -6        -2         2        -6         2        -2
         6        -2         2         6         2        -2        -6        -2
         6        -6         2        -6         6        -2         6         2
         2        -6        -2        -7        -1         4         7         1
        -4        -7         4        -1         7        -4         1        -7
         4         4         7        -4        -4        -5        -4         4
         5         4        -4        -5        -4         5         5         4
        -5        -5         4        -4         5        -4         4        -5
         4         5         5        -4        -5        -5         5        -4
         5        -5         4        -5         5         4         5        -5
        -4        -4        -5         4         4         5        -4        -4
        -5         5         4         5        -5        -4        -4         1
         4         4        -1        -4        -4         7         4         4
        -7        -4         1        -4         4        -1         4        -4
         1         7         4        -1        -7        -4         4        -5
         4        -4         5        -4         4         5         4        -4
        -5        -4         5        -5         4        -5         5        -4
         5         4         4        -5        -4        -4         7        -4
         4        -7         4        -4         7         1         4        -7
        -1        -1        -7         4         1         7        -4        -1
         4        -7         1        -4         7        -1         4         4
         1        -4        -4        -7        -1         3         7         1
        -3        -7        -1         5         7         1        -5        -7
         3        -1         7        -3         1        -7         3         5
         7        -3        -5        -7         5        -1         7        -5
         1        -7         5         3         7        -5        -3        -5
        -3         1         5         3        -1        -5        -3         7
         5         3        -7        -5         1        -3         5        -1
         3        -5         1         7         5        -1        -7        -5
         7        -3         5        -7         3        -5         7         1
         5        -7        -1        -3        -5         1         3         5
        -1        -3        -5         7         3         5        -7        -3
         1        -5         3        -1         5        -3         1         7
         3        -1        -7        -3         7        -5         3        -7
         5        -3         7         1         3        -7        -1        -1
        -7         3         1         7        -3        -1        -7         5
         1         7        -5        -1         3        -7         1        -3
         7        -1         3         5         1        -3        -5        -1
         5        -7         1        -5         7        -1         5         3
         1        -5        -3        -8         2         3         8        -2
        -3        -8         3         2         8        -3        -2        -8
         3         3         8        -3        -3        -7         0         1
         7         0        -1        -7         0         6         7         0
        -6        -7         1         0         7        -1         0        -7
         1         6         7        -1        -6        -7         6         0
         7        -6         0        -7         6         1         7        -6
        -1        -6        -3         4         6         3        -4        -6
        -3         5         6         3        -5        -6        -1         0
         6         1         0        -6        -1         7         6         1
        -7        -6         0        -1         6         0         1        -6
         0         7         6         0        -7        -6         4        -3
         6        -4         3        -6         4         5         6        -4
        -5        -6         5        -3         6        -5         3        -6
         5         4         6        -5        -4        -6         7        -1
         6        -7         1        -6         7         0         6        -7
         0        -5        -4         3         5         4        -3        -5
        -4         6         5         4        -6        -5         3        -4
         5        -3         4        -5         3         6         5        -3
        -6        -5         6        -4         5        -6         4        -5
         6         3         5        -6        -3        -4        -5         3
         4         5        -3        -4        -5         6         4         5
        -6        -4         3        -5         4        -3         5        -4
         3         6         4        -3        -6        -4         6        -5
         4        -6         5        -4         6         3         4        -6
        -3        -3        -6         4         3         6        -4        -3
        -6         5         3         6        -5        -3        -3        -2
         3         3         2        -3        -3         8         3         3
        -8        -3        -2        -3         3         2         3        -3
        -2         8         3         2        -8        -3         4        -6
         3        -4         6        -3         4         5         3        -4
        -5        -3         5        -6         3        -5         6        -3
         5         4         3        -5        -4        -3         8        -3
         3        -8         3        -3         8        -2         3        -8
         2        -2        -3        -3         2         3         3        -2
        -3         8         2         3        -8        -2         8        -3
         2        -8         3        -1        -6         0         1         6
         0        -1        -6         7         1         6        -7        -1
         0        -6         1         0         6        -1         0         7
         1         0        -7        -1         7        -6         1        -7
         6        -1         7         0         1        -7         0         0
        -7         1         0         7        -1         0        -7         6
         0         7        -6         0        -6        -1         0         6
         1         0        -6         7         0         6        -7         0
        -1        -6         0         1         6         0        -1         7
         0         1        -7        -8         2         2         8        -2
        -2        -8         2         4         8        -2        -4        -8
         4         2         8        -4        -2        -4        -2        -2
         4         2         2        -4        -2         8         4         2
        -8        -4         8        -2         4        -8         2        -2
        -4        -2         2         4         2        -2        -4         8
         2         4        -8        -2        -2        -4         2         2
         4        -2        -2         8         2         2        -8        -2
         8        -4         2        -8         4        -2         8        -2
         2        -8         2        -8         1         3         8        -1
        -3        -8         1         4         8        -1        -4        -8
         3         1         8        -3        -1        -8         3         4
         8        -3        -4        -8         4         1         8        -4
        -1        -8         4         3         8        -4        -3        -7
        -1         2         7         1        -2        -7        -1         6
         7         1        -6        -7         2        -1         7        -2
         1        -7         2         6         7        -2        -6        -7
         6        -1         7        -6         1        -7         6         2
         7        -6        -2        -6        -3         3         6         3
        -3        -6        -3         6         6         3        -6        -6
        -2         1         6         2        -1        -6        -2         7
         6         2        -7        -6         1        -2         6        -1
         2        -6         1         7         6        -1        -7        -6
         3        -3         6        -3         3        -6         3         6
         6        -3        -6        -6         6        -3         6        -6
         3        -6         6         3         6        -6        -3        -6
         7        -2         6        -7         2        -6         7         1
         6        -7        -1        -4        -3        -1         4         3
         1        -4        -3         8         4         3        -8        -4
        -1        -3         4         1         3        -4        -1         8
         4         1        -8        -4         8        -3         4        -8
         3        -4         8        -1         4        -8         1        -3
        -6         3         3         6        -3        -3        -6         6
         3         6        -6        -3        -4        -1         3         4
         1        -3        -4         8         3         4        -8        -3
        -1        -4         3         1         4        -3        -1         8
         3         1        -8        -3         3        -6         3        -3
         6        -3         3         6         3        -3        -6        -3
         6        -6         3        -6         6        -3         6         3
         3        -6        -3        -3         8        -4         3        -8
         4        -3         8        -1         3        -8         1        -2
        -6         1         2         6        -1        -2        -6         7
         2         6        -7        -2         1        -6         2        -1
         6        -2         1         7         2        -1        -7        -2
         7        -6         2        -7         6        -2         7         1
         2        -7        -1        -1        -7         2         1         7
        -2        -1        -7         6         1         7        -6        -1
        -4        -3         1         4         3        -1        -4         8
         1         4        -8        -1        -3        -4         1         3
         4        -1        -3         8         1         3        -8        -1
         2        -7         1        -2         7        -1         2         6
         1        -2        -6        -1         6        -7         1        -6
         7        -1         6         2         1        -6        -2        -1
         8        -4         1        -8         4        -1         8        -3
         1        -8         3        -8         1         2         8        -1
        -2        -8         1         5         8        -1        -5        -8
         2         1         8        -2        -1        -8         2         5
         8        -2        -5        -8         5         1         8        -5
        -1        -8         5         2         8        -5        -2        -7
        -2         4         7         2        -4        -7        -2         5
         7         2        -5        -7         4        -2         7        -4
         2        -7         4         5         7        -4        -5        -7
         5        -2         7        -5         2        -7         5         4
         7        -5        -4        -5        -4         2         5         4
        -2        -5        -4         7         5         4        -7        -5
        -2        -1         5         2         1        -5        -2         8
         5         2        -8        -5        -1        -2         5         1
         2        -5        -1         8         5         1        -8        -5
         2        -4         5        -2         4        -5         2         7
         5        -2        -7        -5         7        -4         5        -7
         4        -5         7         2         5        -7        -2        -5
         8        -2         5        -8         2        -5         8        -1
         5        -8         1        -4        -5         2         4         5
        -2        -4        -5         7         4         5        -7        -4
         2        -5         4        -2         5        -4         2         7
         4        -2        -7        -4         7        -5         4        -7
         5        -4         7         2         4        -7        -2        -2
        -7         4         2         7        -4        -2        -7         5
         2         7        -5        -2        -5        -1         2         5
         1        -2        -5         8         2         5        -8        -2
        -1        -5         2         1         5        -2        -1         8
         2         1        -8        -2         4        -7         2        -4
         7        -2         4         5         2        -4        -5        -2
         5        -7         2        -5         7        -2         5         4
         2        -5        -4        -2         8        -5         2        -8
         5        -2         8        -1         2        -8         1        -1
        -5        -2         1         5         2        -1        -5         8
         1         5        -8        -1        -2        -5         1         2
         5        -1        -2         8         1         2        -8        -1
         8        -5         1        -8         5        -1         8        -2
         1        -8         2        -8         0         4         8         0
        -4        -8         4         0         8        -4         0        -8
         4         4         8        -4        -4        -4        -4         0
         4         4         0        -4        -4         8         4         4
        -8        -4         0        -4         4         0         4        -4
         0         8         4         0        -8        -4         8        -4
         4        -8         4        -4         8         0         4        -8
         0         0        -8         4         0         8        -4         0
        -4        -4         0         4         4         0        -4         8
         0         4        -8        -8         0         3         8         0
        -3        -8         0         5         8         0        -5        -8
         3         0         8        -3         0        -8         3         5
         8        -3        -5        -8         5         0         8        -5
         0        -8         5         3         8        -5        -3        -7
        -2         3         7         2        -3        -7        -2         6
         7         2        -6        -7         0         0         7         0
         0        -7         0         7         7         0        -7        -7
         3        -2         7        -3         2        -7         3         6
         7        -3        -6        -7         6        -2         7        -6
         2        -7         6         3         7        -6        -3        -7
         7         0         7        -7         0        -6        -3         2
         6         3        -2        -6        -3         7         6         3
        -7        -6         2        -3         6        -2         3        -6
         2         7         6        -2        -7        -6         7        -3
         6        -7         3        -6         7         2         6        -7
        -2        -5        -3         0         5         3         0        -5
        -3         8         5         3        -8        -5         0        -3
         5         0         3        -5         0         8         5         0
        -8        -5         8        -3         5        -8         3        -5
         8         0         5        -8         0        -3        -6         2
         3         6        -2        -3        -6         7         3         6
        -7        -3        -5         0         3         5         0        -3
        -5         8         3         5        -8        -3         0        -5
         3         0         5        -3         0         8         3         0
        -8        -3         2        -6         3        -2         6        -3
         2         7         3        -2        -7        -3         7        -6
         3        -7         6        -3         7         2         3        -7
        -2        -3         8        -5         3        -8         5        -3
         8         0         3        -8         0        -2        -7         3
         2         7        -3        -2        -7         6         2         7
        -6        -2         3        -7         2        -3         7        -2
         3         6         2        -3        -6        -2         6        -7
         2        -6         7        -2         6         3         2        -6
        -3         0        -8         3         0         8        -3         0
        -8         5         0         8        -5         0        -7         0
         0         7         0         0        -7         7         0         7
        -7         0        -5        -3         0         5         3         0
        -5         8         0         5        -8         0        -3        -5
         0         3         5         0        -3         8         0         3
        -8         0         0        -7         0         0         7        -7
        -1         1         7         1        -1        -7        -1         7
         7         1        -7        -7         1        -1         7        -1
         1        -7         1         7         7        -1        -7        -7
         7        -1         7        -7         1        -7         7         1
         7        -7        -1        -5        -5         5         5         5
        -5        -5         5        -5         5        -5         5        -5
         5         5         5        -5        -5        -1        -7         1
         1         7        -1        -1        -7         7         1         7
        -7        -1         1        -7         1        -1         7        -1
         1         7         1        -1        -7        -1         7        -7
         1        -7         7        -1         7         1         1        -7
        -1        -8         1         1         8        -1        -1        -8
         1         6         8        -1        -6        -8         6         1
         8        -6        -1        -6        -4         5         6         4
        -5        -6        -1        -1         6         1         1        -6
        -1         8         6         1        -8        -6         5        -4
         6        -5         4        -6         5         5         6        -5
        -5        -6         8        -1         6        -8         1        -5
        -5         4         5         5        -4        -5        -5         6
         5         5        -6        -5         4        -5         5        -4
         5        -5         4         6         5        -4        -6        -5
         6        -5         5        -6         5        -5         6         4
         5        -6        -4        -4        -6         5         4         6
        -5        -4         5        -6         4        -5         6        -4
         5         5         4        -5        -5        -1        -6        -1
         1         6         1        -1        -6         8         1         6
        -8        -1        -1        -6         1         1         6        -1
        -1         8         1         1        -8        -1         8        -6
         1        -8         6        -1         8        -1         1        -8
         1        -8         0         2         8         0        -2        -8
         0         6         8         0        -6        -8         2         0
         8        -2         0        -8         2         6         8        -2
        -6        -8         6         0         8        -6         0        -8
         6         2         8        -6        -2        -6        -4         4
         6         4        -4        -6        -4         6         6         4
        -6        -6        -2         0         6         2         0        -6
        -2         8         6         2        -8        -6         0        -2
         6         0         2        -6         0         8         6         0
        -8        -6         4        -4         6        -4         4        -6
         4         6         6        -4        -6        -6         6        -4
         6        -6         4        -6         6         4         6        -6
        -4        -6         8        -2         6        -8         2        -6
         8         0         6        -8         0        -4        -6         4
         4         6        -4        -4        -6         6         4         6
        -6        -4         4        -6         4        -4         6        -4
         4         6         4        -4        -6        -4         6        -6
         4        -6         6        -4         6         4         4        -6
        -4        -2        -6         0         2         6         0        -2
        -6         8         2         6        -8        -2         0        -6
         2         0         6        -2         0         8         2         0
        -8        -2         8        -6         2        -8         6        -2
         8         0         2        -8         0         0        -8         2
         0         8        -2         0        -8         6         0         8
        -6         0        -6        -2         0         6         2         0
        -6         8         0         6        -8         0        -2        -6
         0         2         6         0        -2         8         0         2
        -8        -8        -1         4         8         1        -4        -8
        -1         5         8         1        -5        -8         4        -1
         8        -4         1        -8         4         5         8        -4
        -5        -8         5        -1         8        -5         1        -8
         5         4         8        -5        -4        -7        -2         2
         7         2        -2        -7        -2         7         7         2
        -7        -7         2        -2         7        -2         2        -7
         2         7         7        -2        -7        -7         7        -2
         7        -7         2        -7         7         2         7        -7
        -2        -5        -4         1         5         4        -1        -5
        -4         8         5         4        -8        -5         1        -4
         5        -1         4        -5         1         8         5        -1
        -8        -5         8        -4         5        -8         4        -5
         8         1         5        -8        -1        -4        -5         1
         4         5        -1        -4        -5         8         4         5
        -8        -4         1        -5         4        -1         5        -4
         1         8         4        -1        -8        -4         8        -5
         4        -8         5        -4         8         1         4        -8
        -1        -2        -7         2         2         7        -2        -2
        -7         7         2         7        -7        -2         2        -7
         2        -2         7        -2         2         7         2        -2
        -7        -2         7        -7         2        -7         7        -2
         7         2         2        -7        -2        -1        -8         4
         1         8        -4        -1        -8         5         1         8
        -5        -1         4        -8         1        -4         8        -1
         4         5         1        -4        -5        -1         5        -8
         1        -5         8        -1         5         4         1        -5
        -4        -9         3         3         9        -3        -3        -7
        -3         5         7         3        -5        -7         5        -3
         7        -5         3        -7         5         5         7        -5
        -5        -5        -5         3         5         5        -3        -5
        -5         7         5         5        -7        -5         3        -5
         5        -3         5        -5         3         7         5        -3
        -7        -5         7        -5         5        -7         5        -5
         7         3         5        -7        -3        -3        -7         5
         3         7        -5        -3        -3        -3         3         3
         3        -3        -3         9         3         3        -9        -3
         5        -7         3        -5         7        -3         5         5
         3        -5        -5        -3         9        -3         3        -9
         3        -9         2         3         9        -2        -3        -9
         2         4         9        -2        -4        -9         3         2
         9        -3        -2        -9         3         4         9        -3
        -4        -9         4         2         9        -4        -2        -9
         4         3         9        -4        -3        -8        -1         3
         8         1        -3        -8        -1         6         8         1
        -6        -8         3        -1         8        -3         1        -8
         3         6         8        -3        -6        -8         6        -1
         8        -6         1        -8         6         3         8        -6
        -3        -7        -3         4         7         3        -4        -7
        -3         6         7         3        -6        -7         4        -3
         7        -4         3        -7         4         6         7        -4
        -6        -7         6        -3         7        -6         3        -7
         6         4         7        -6        -4        -6        -4         3
         6         4        -3        -6        -4         7         6         4
        -7        -6        -3         1         6         3        -1        -6
        -3         8         6         3        -8        -6         1        -3
         6        -1         3        -6         1         8         6        -1
        -8        -6         3        -4         6        -3         4        -6
         3         7         6        -3        -7        -6         7        -4
         6        -7         4        -6         7         3         6        -7
        -3        -6         8        -3         6        -8         3        -6
         8         1         6        -8        -1        -4        -6         3
         4         6        -3        -4        -6         7         4         6
        -7        -4        -3        -2         4         3         2        -4
        -3         9         4         3        -9        -4        -2        -3
         4         2         3        -4        -2         9         4         2
        -9        -4         3        -6         4        -3         6        -4
         3         7         4        -3        -7        -4         7        -6
         4        -7         6        -4         7         3         4        -7
        -3        -4         9        -3         4        -9         3        -4
         9        -2         4        -9         2        -3        -7         4
         3         7        -4        -3        -7         6         3         7
        -6        -3        -6         1         3         6        -1        -3
        -6         8         3         6        -8        -3        -4        -2
         3         4         2        -3        -4         9         3         4
        -9        -3        -2        -4         3         2         4        -3
        -2         9         3         2        -9        -3         1        -6
         3        -1         6        -3         1         8         3        -1
        -8        -3         4        -7         3        -4         7        -3
         4         6         3        -4        -6        -3         6        -7
         3        -6         7        -3         6         4         3        -6
        -4        -3         8        -6         3        -8         6        -3
         8         1         3        -8        -1        -3         9        -4
         3        -9         4        -3         9        -2         3        -9
         2        -2        -4        -3         2         4         3        -2
        -4         9         2         4        -9        -2        -3        -4
         2         3         4        -2        -3         9         2         3
        -9        -2         9        -4         2        -9         4        -2
         9        -3         2        -9         3        -1        -8         3
         1         8        -3        -1        -8         6         1         8
        -6        -1         3        -8         1        -3         8        -1
         3         6         1        -3        -6        -1         6        -8
         1        -6         8        -1         6         3         1        -6
        -3        -9         1         4         9        -1        -4        -9
         2         2         9        -2        -2        -9         2         5
         9        -2        -5        -9         4         1         9        -4
        -1        -9         4         4         9        -4        -4        -9
         5         2         9        -5        -2        -8         0         1
         8         0        -1        -8         0         7         8         0
        -7        -8         1         0         8        -1         0        -8
         1         7         8        -1        -7        -8         7         0
         8        -7         0        -8         7         1         8        -7
        -1        -7        -1         0         7         1         0        -7
        -1         8         7         1        -8        -7         0        -1
         7         0         1        -7         0         8         7         0
        -8        -7         8        -1         7        -8         1        -7
         8         0         7        -8         0        -5        -2        -2
         5         2         2        -5        -2         9         5         2
        -9        -5         9        -2         5        -9         2        -4
        -4        -1         4         4         1        -4        -4         9
         4         4        -9        -4        -1        -4         4         1
         4        -4        -1         9         4         1        -9        -4
         9        -4         4        -9         4        -4         9        -1
         4        -9         1        -2        -5        -2         2         5
         2        -2        -5         9         2         5        -9        -2
        -2        -5         2         2         5        -2        -2         9
         2         2        -9        -2         9        -5         2        -9
         5        -2         9        -2         2        -9         2        -1
        -7         0         1         7         0        -1        -7         8
         1         7        -8        -1        -4        -4         1         4
         4        -1        -4         9         1         4        -9        -1
         0        -7         1         0         7        -1         0         8
         1         0        -8        -1         8        -7         1        -8
         7        -1         8         0         1        -8         0        -1
         9        -4         1        -9         4         0        -8         1
         0         8        -1         0        -8         7         0         8
        -7         0        -7        -1         0         7         1         0
        -7         8         0         7        -8         0        -1        -7
         0         1         7         0        -1         8         0         1
        -8        -9         1         3         9        -1        -3        -9
         1         5         9        -1        -5        -9         3         1
         9        -3        -1        -9         3         5         9        -3
        -5        -9         5         1         9        -5        -1        -9
         5         3         9        -5        -3        -7        -3         3
         7         3        -3        -7        -3         7         7         3
        -7        -7         3        -3         7        -3         3        -7
         3         7         7        -3        -7        -7         7        -3
         7        -7         3        -7         7         3         7        -7
        -3        -5        -3        -1         5         3         1        -5
        -3         9         5         3        -9        -5        -1        -3
         5         1         3        -5        -1         9         5         1
        -9        -5         9        -3         5        -9         3        -5
         9        -1         5        -9         1        -3        -7         3
         3         7        -3        -3        -7         7         3         7
        -7        -3        -5        -1         3         5         1        -3
        -5         9         3         5        -9        -3        -1        -5
         3         1         5        -3        -1         9         3         1
        -9        -3         3        -7         3        -3         7        -3
         3         7         3        -3        -7        -3         7        -7
         3        -7         7        -3         7         3         3        -7
        -3        -3         9        -5         3        -9         5        -3
         9        -1         3        -9         1        -1        -5        -3
         1         5         3        -1        -5         9         1         5
        -9        -1        -3        -5         1         3         5        -1
        -3         9         1         3        -9        -1         9        -5
         1        -9         5        -1         9        -3         1        -9
         3        -8        -2         5         8         2        -5        -8
        -1         2         8         1        -2        -8        -1         7
         8         1        -7        -8         2        -1         8        -2
         1        -8         2         7         8        -2        -7        -8
         5        -2         8        -5         2        -8         5         5
         8        -5        -5        -8         7        -1         8        -7
         1        -8         7         2         8        -7        -2        -7
        -2         1         7         2        -1        -7        -2         8
         7         2        -8        -7         1        -2         7        -1
         2        -7         1         8         7        -1        -8        -7
         8        -2         7        -8         2        -7         8         1
         7        -8        -1        -5        -5         2         5         5
        -2        -5        -5         8         5         5        -8        -5
         2        -5         5        -2         5        -5         2         8
         5        -2        -8        -5         8        -5         5        -8
         5        -5         8         2         5        -8        -2        -2
        -8         5         2         8        -5        -2        -7         1
         2         7        -1        -2        -7         8         2         7
        -8        -2         1        -7         2        -1         7        -2
         1         8         2        -1        -8        -2         5        -8
         2        -5         8        -2         5         5         2        -5
        -5        -2         8        -7         2        -8         7        -2
         8         1         2        -8        -1        -1        -8         2
         1         8        -2        -1        -8         7         1         8
        -7        -1         2        -8         1        -2         8        -1
         2         7         1        -2        -7        -1         7        -8
         1        -7         8        -1         7         2         1        -7
        -2        -8        -2         4         8         2        -4        -8
        -2         6         8         2        -6        -8         4        -2
         8        -4         2        -8         4         6         8        -4
        -6        -8         6        -2         8        -6         2        -8
         6         4         8        -6        -4        -6        -4         2
         6         4        -2        -6        -4         8         6         4
        -8        -6         2        -4         6        -2         4        -6
         2         8         6        -2        -8        -6         8        -4
         6        -8         4        -6         8         2         6        -8
        -2        -4        -6         2         4         6        -2        -4
        -6         8         4         6        -8        -4         2        -6
         4        -2         6        -4         2         8         4        -2
        -8        -4         8        -6         4        -8         6        -4
         8         2         4        -8        -2        -2        -8         4
         2         8        -4        -2        -8         6         2         8
        -6        -2         4        -8         2        -4         8        -2
         4         6         2        -4        -6        -2         6        -8
         2        -6         8        -2         6         4         2        -6
        -4        -9         0         4         9         0        -4        -9
         0         5         9         0        -5        -9         1         2
         9        -1        -2        -9         1         6         9        -1
        -6        -9         2         1         9        -2        -1        -9
         2         6         9        -2        -6        -9         4         0
         9        -4         0        -9         4         5         9        -4
        -5        -9         5         0         9        -5         0        -9
         5         4         9        -5        -4        -9         6         1
         9        -6        -1        -9         6         2         9        -6
        -2        -6        -5         5         6         5        -5        -6
        -5         6         6         5        -6        -6        -2        -1
         6         2         1        -6        -2         9         6         2
        -9        -6        -1        -2         6         1         2        -6
        -1         9         6         1        -9        -6         5        -5
         6        -5         5        -6         5         6         6        -5
        -6        -6         6        -5         6        -6         5        -6
         6         5         6        -6        -5        -6         9        -2
         6        -9         2        -6         9        -1         6        -9
         1        -5        -6         5         5         6        -5        -5
        -6         6         5         6        -6        -5        -4         0
         5         4         0        -5        -4         9         5         4
        -9        -5         0        -4         5         0         4        -5
         0         9         5         0        -9        -5         5        -6
         5        -5         6        -5         5         6         5        -5
        -6        -5         6        -6         5        -6         6        -5
         6         5         5        -6        -5        -5         9        -4
         5        -9         4        -5         9         0         5        -9
         0        -4        -5         0         4         5         0        -4
        -5         9         4         5        -9        -4         0        -5
         4         0         5        -4         0         9         4         0
        -9        -4         9        -5         4        -9         5        -4
         9         0         4        -9         0        -2        -6        -1
         2         6         1        -2        -6         9         2         6
        -9        -2        -1        -6         2         1         6        -2
        -1         9         2         1        -9        -2         9        -6
         2        -9         6        -2         9        -1         2        -9
         1        -1        -6        -2         1         6         2        -1
        -6         9         1         6        -9        -1        -2        -6
         1         2         6        -1        -2         9         1         2
        -9        -1         9        -6         1        -9         6        -1
         9        -2         1        -9         2         0        -9         4
         0         9        -4         0        -9         5         0         9
        -5         0        -5        -4         0         5         4         0
        -5         9         0         5        -9         0        -4        -5
         0         4         5         0        -4         9         0         4
        -9        -9         0         3         9         0        -3        -9
         0         6         9         0        -6        -9         3         0
         9        -3         0        -9         3         6         9        -3
        -6        -9         6         0         9        -6         0        -9
         6         3         9        -6        -3        -8        -2         3
         8         2        -3        -8        -2         7         8         2
        -7        -8         3        -2         8        -3         2        -8
         3         7         8        -3        -7        -8         7        -2
         8        -7         2        -8         7         3         8        -7
        -3        -7        -4         5         7         4        -5        -7
        -4         6         7         4        -6        -7        -3         2
         7         3        -2        -7        -3         8         7         3
        -8        -7         2        -3         7        -2         3        -7
         2         8         7        -2        -8        -7         5        -4
         7        -5         4        -7         5         6         7        -5
        -6        -7         6        -4         7        -6         4        -7
         6         5         7        -6        -5        -7         8        -3
         7        -8         3        -7         8         2         7        -8
        -2        -6        -5         4         6         5        -4        -6
        -5         7         6         5        -7        -6        -3         0
         6         3         0        -6        -3         9         6         3
        -9        -6         0        -3         6         0         3        -6
         0         9         6         0        -9        -6         4        -5
         6        -4         5        -6         4         7         6        -4
        -7        -6         7        -5         6        -7         5        -6
         7         4         6        -7        -4        -6         9        -3
         6        -9         3        -6         9         0         6        -9
         0        -5        -6         4         5         6        -4        -5
        -6         7         5         6        -7        -5         4        -6
         5        -4         6        -5         4         7         5        -4
        -7        -5         7        -6         5        -7         6        -5
         7         4         5        -7        -4        -4        -7         5
         4         7        -5        -4        -7         6         4         7
        -6        -4         5        -7         4        -5         7        -4
         5         6         4        -5        -6        -4         6        -7
         4        -6         7        -4         6         5         4        -6
        -5        -3        -7         2         3         7        -2        -3
        -7         8         3         7        -8        -3        -6         0
         3         6         0        -3        -6         9         3         6
        -9        -3         0        -6         3         0         6        -3
         0         9         3         0        -9        -3         2        -7
         3        -2         7        -3         2         8         3        -2
        -8        -3         8        -7         3        -8         7        -3
         8         2         3        -8        -2        -3         9        -6
         3        -9         6        -3         9         0         3        -9
         0        -2        -8         3         2         8        -3        -2
        -8         7         2         8        -7        -2         3        -8
         2        -3         8        -2         3         7         2        -3
        -7        -2         7        -8         2        -7         8        -2
         7         3         2        -7        -3         0        -9         3
         0         9        -3         0        -9         6         0         9
        -6         0        -6        -3         0         6         3         0
        -6         9         0         6        -9         0        -3        -6
         0         3         6         0        -3         9         0         3
        -9        -8         0         0         8         0         0        -8
         0         8         8         0        -8        -8         8         0
         8        -8         0         0        -8         0         0         8
         0         0        -8         8         0         8        -8         0
         0        -8         0         0         8        -8        -1         1
         8         1        -1        -8        -1         8         8         1
        -8        -8         1        -1         8        -1         1        -8
         1         8         8        -1        -8        -8         8        -1
         8        -8         1        -8         8         1         8        -8
        -1        -7        -4         4         7         4        -4        -7
        -4         7         7         4        -7        -7         4        -4
         7        -4         4        -7         4         7         7        -4
        -7        -7         7        -4         7        -7         4        -7
         7         4         7        -7        -4        -4        -7         4
         4         7        -4        -4        -7         7         4         7
        -7        -4         4        -7         4        -4         7        -4
         4         7         4        -4        -7        -4         7        -7
         4        -7         7        -4         7         4         4        -7
        -4        -1        -8         1         1         8        -1        -1
        -8         8         1         8        -8        -1         1        -8
         1        -1         8        -1         1         8         1        -1
        -8        -1         8        -8         1        -8         8        -1
         8         1         1        -8        -1        -9        -1         5
         9         1        -5        -9         1         1         9        -1
        -1        -9         1         7         9        -1        -7        -9
         5        -1         9        -5         1        -9         5         5
         9        -5        -5        -9         7         1         9        -7
        -1        -7        -1        -1         7         1         1        -7
        -1         9         7         1        -9        -7         9        -1
         7        -9         1        -5        -5         1         5         5
        -1        -5        -5         9         5         5        -9        -5
         1        -5         5        -1         5        -5         1         9
         5        -1        -9        -5         9        -5         5        -9
         5        -5         9         1         5        -9        -1        -1
        -9         5         1         9        -5        -1        -7        -1
         1         7         1        -1        -7         9         1         7
        -9        -1        -1        -7         1         1         7        -1
        -1         9         1         1        -9        -1         5        -9
         1        -5         9        -1         5         5         1        -5
        -5        -1         9        -7         1        -9         7        -1
         9        -1         1        -9         1       -10         3         3
        10        -3        -3       -10         3         4        10        -3
        -4       -10         4         3        10        -4        -3        -9
        -1         4         9         1        -4        -9        -1         6
         9         1        -6        -9         0         2         9         0
        -2        -9         0         7         9         0        -7        -9
         2         0         9        -2         0        -9         2         7
         9        -2        -7        -9         4        -1         9        -4
         1        -9         4         6         9        -4        -6        -9
         6        -1         9        -6         1        -9         6         4
         9        -6        -4        -9         7         0         9        -7
         0        -9         7         2         9        -7        -2        -8
        -3         5         8         3        -5        -8        -3         6
         8         3        -6        -8         5        -3         8        -5
         3        -8         5         6         8        -5        -6        -8
         6        -3         8        -6         3        -8         6         5
         8        -6        -5        -7        -2         0         7         2
         0        -7        -2         9         7         2        -9        -7
         0        -2         7         0         2        -7         0         9
         7         0        -9        -7         9        -2         7        -9
         2        -7         9         0         7        -9         0        -6
        -5         3         6         5        -3        -6        -5         8
         6         5        -8        -6        -4         1         6         4
        -1        -6        -4         9         6         4        -9        -6
         1        -4         6        -1         4        -6         1         9
         6        -1        -9        -6         3        -5         6        -3
         5        -6         3         8         6        -3        -8        -6
         8        -5         6        -8         5        -6         8         3
         6        -8        -3        -6         9        -4         6        -9
         4        -6         9         1         6        -9        -1        -5
        -6         3         5         6        -3        -5        -6         8
         5         6        -8        -5         3        -6         5        -3
         6        -5         3         8         5        -3        -8        -5
         8        -6         5        -8         6        -5         8         3
         5        -8        -3        -4        -6         1         4         6
        -1        -4        -6         9         4         6        -9        -4
        -3        -3         4         3         3        -4        -3        10
         4         3       -10        -4         1        -6         4        -1
         6        -4         1         9         4        -1        -9        -4
         9        -6         4        -9         6        -4         9         1
         4        -9        -1        -4        10        -3         4       -10
         3        -3        -8         5         3         8        -5        -3
        -8         6         3         8        -6        -3        -4        -3
         3         4         3        -3        -4        10         3         4
       -10        -3        -3        -4         3         3         4        -3
        -3        10         3         3       -10        -3         5        -8
         3        -5         8        -3         5         6         3        -5
        -6        -3         6        -8         3        -6         8        -3
         6         5         3        -6        -5        -3        10        -4
         3       -10         4        -3        10        -3         3       -10
         3        -2        -7         0         2         7         0        -2
        -7         9         2         7        -9        -2         0        -7
         2         0         7        -2         0         9         2         0
        -9        -2         9        -7         2        -9         7        -2
         9         0         2        -9         0        -1        -9         4
         1         9        -4        -1        -9         6         1         9
        -6        -1         4        -9         1        -4         9        -1
         4         6         1        -4        -6        -1         6        -9
         1        -6         9        -1         6         4         1        -6
        -4         0        -9         2         0         9        -2         0
        -9         7         0         9        -7         0        -7        -2
         0         7         2         0        -7         9         0         7
        -9         0        -2        -7         0         2         7         0
        -2         9         0         2        -9       -10         2         4
        10        -2        -4       -10         4         2        10        -4
        -2       -10         4         4        10        -4        -4        -8
        -2         2         8         2        -2        -8        -2         8
         8         2        -8        -8         2        -2         8        -2
         2        -8         2         8         8        -2        -8        -8
         8        -2         8        -8         2        -8         8         2
         8        -8        -2        -4        -4        -2         4         4
         2        -4        -4        10         4         4       -10        -4
        -2        -4         4         2         4        -4        -2        10
         4         2       -10        -4        10        -4         4       -10
         4        -4        10        -2         4       -10         2        -2
        -8         2         2         8        -2        -2        -8         8
         2         8        -8        -2        -4        -4         2         4
         4        -2        -4        10         2         4       -10        -2
         2        -8         2        -2         8        -2         2         8
         2        -2        -8        -2         8        -8         2        -8
         8        -2         8         2         2        -8        -2        -2
        10        -4         2       -10         4       -10         2         3
        10        -2        -3       -10         2         5        10        -2
        -5       -10         3         2        10        -3        -2       -10
         3         5        10        -3        -5       -10         5         2
        10        -5        -2       -10         5         3        10        -5
        -3        -8        -3         4         8         3        -4        -8
        -3         7         8         3        -7        -8         4        -3
         8        -4         3        -8         4         7         8        -4
        -7        -8         7        -3         8        -7         3        -8
         7         4         8        -7        -4        -7        -4         3
         7         4        -3        -7        -4         8         7         4
        -8        -7         3        -4         7        -3         4        -7
         3         8         7        -3        -8        -7         8        -4
         7        -8         4        -7         8         3         7        -8
        -3        -5        -3        -2         5         3         2        -5
        -3        10         5         3       -10        -5        -2        -3
         5         2         3        -5        -2        10         5         2
       -10        -5        10        -3         5       -10         3        -5
        10        -2         5       -10         2        -4        -7         3
         4         7        -3        -4        -7         8         4         7
        -8        -4         3        -7         4        -3         7        -4
         3         8         4        -3        -8        -4         8        -7
         4        -8         7        -4         8         3         4        -8
        -3        -3        -8         4         3         8        -4        -3
        -8         7         3         8        -7        -3        -5        -2
         3         5         2        -3        -5        10         3         5
       -10        -3        -2        -5         3         2         5        -3
        -2        10         3         2       -10        -3         4        -8
         3        -4         8        -3         4         7         3        -4
        -7        -3         7        -8         3        -7         8        -3
         7         4         3        -7        -4        -3        10        -5
         3       -10         5        -3        10        -2         3       -10
         2        -2        -5        -3         2         5         3        -2
        -5        10         2         5       -10        -2        -3        -5
         2         3         5        -2        -3        10         2         3
       -10        -2        10        -5         2       -10         5        -2
        10        -3         2       -10         3        -9        -1         3
         9         1        -3        -9        -1         7         9         1
        -7        -9         3        -1         9        -3         1        -9
         3         7         9        -3        -7        -9         7        -1
         9        -7         1        -9         7         3         9        -7
        -3        -7        -3         1         7         3        -1        -7
        -3         9         7         3        -9        -7         1        -3
         7        -1         3        -7         1         9         7        -1
        -9        -7         9        -3         7        -9         3        -7
         9         1         7        -9        -1        -3        -7         1
         3         7        -1        -3        -7         9         3         7
        -9        -3         1        -7         3        -1         7        -3
         1         9         3        -1        -9        -3         9        -7
         3        -9         7        -3         9         1         3        -9
        -1        -1        -9         3         1         9        -3        -1
        -9         7         1         9        -7        -1         3        -9
         1        -3         9        -1         3         7         1        -3
        -7        -1         7        -9         1        -7         9        -1
         7         3         1        -7        -3       -10         1         4
        10        -1        -4       -10         1         5        10        -1
        -5       -10         4         1        10        -4        -1       -10
         4         5        10        -4        -5       -10         5         1
        10        -5        -1       -10         5         4        10        -5
        -4        -5        -4        -1         5         4         1        -5
        -4        10         5         4       -10        -5        -1        -4
         5         1         4        -5        -1        10         5         1
       -10        -5        10        -4         5       -10         4        -5
        10        -1         5       -10         1        -4        -5        -1
         4         5         1        -4        -5        10         4         5
       -10        -4        -1        -5         4         1         5        -4
        -1        10         4         1       -10        -4        10        -5
         4       -10         5        -4        10        -1         4       -10
         1        -1        -5        -4         1         5         4        -1
        -5        10         1         5       -10        -1        -4        -5
         1         4         5        -1        -4        10         1         4
       -10        -1        10        -5         1       -10         5        -1
        10        -4         1       -10         4       -10         2         2
        10        -2        -2       -10         2         6        10        -2
        -6       -10         6         2        10        -6        -2        -6
        -6         6         6         6        -6        -6        -2        -2
         6         2         2        -6        -2        10         6         2
       -10        -6         6        -6         6        -6         6        -6
         6         6         6        -6        -6        -6        10        -2
         6       -10         2        -2        -6        -2         2         6
         2        -2        -6        10         2         6       -10        -2
        -2        -6         2         2         6        -2        -2        10
         2         2       -10        -2        10        -6         2       -10
         6        -2        10        -2         2       -10         2       -10
         1         3        10        -1        -3       -10         1         6
        10        -1        -6       -10         3         1        10        -3
        -1       -10         3         6        10        -3        -6       -10
         6         1        10        -6        -1       -10         6         3
        10        -6        -3        -9        -2         5         9         2
        -5        -9        -2         6         9         2        -6        -9
         0         1         9         0        -1        -9         0         8
         9         0        -8        -9         1         0         9        -1
         0        -9         1         8         9        -1        -8        -9
         5        -2         9        -5         2        -9         5         6
         9        -5        -6        -9         6        -2         9        -6
         2        -9         6         5         9        -6        -5        -9
         8         0         9        -8         0        -9         8         1
         9        -8        -1        -8        -3         3         8         3
        -3        -8        -3         8         8         3        -8        -8
        -1         0         8         1         0        -8        -1         9
         8         1        -9        -8         0        -1         8         0
         1        -8         0         9         8         0        -9        -8
         3        -3         8        -3         3        -8         3         8
         8        -3        -8        -8         8        -3         8        -8
         3        -8         8         3         8        -8        -3        -8
         9        -1         8        -9         1        -8         9         0
         8        -9         0        -7        -5         6         7         5
        -6        -7         6        -5         7        -6         5        -7
         6         6         7        -6        -6        -6        -6         5
         6         6        -5        -6        -6         7         6         6
        -7        -6        -5         2         6         5        -2        -6
        -5         9         6         5        -9        -6        -3        -1
         6         3         1        -6        -3        10         6         3
       -10        -6        -1        -3         6         1         3        -6
        -1        10         6         1       -10        -6         2        -5
         6        -2         5        -6         2         9         6        -2
        -9        -6         5        -6         6        -5         6        -6
         5         7         6        -5        -7        -6         7        -6
         6        -7         6        -6         7         5         6        -7
        -5        -6         9        -5         6        -9         5        -6
         9         2         6        -9        -2        -6        10        -3
         6       -10         3        -6        10        -1         6       -10
         1        -5        -7         6         5         7        -6        -5
        -6         2         5         6        -2        -5        -6         9
         5         6        -9        -5         2        -6         5        -2
         6        -5         2         9         5        -2        -9        -5
         6        -7         5        -6         7        -5         6         6
         5        -6        -6        -5         9        -6         5        -9
         6        -5         9         2         5        -9        -2        -3
        -8         3         3         8        -3        -3        -8         8
         3         8        -8        -3        -6        -1         3         6
         1        -3        -6        10         3         6       -10        -3
        -1        -6         3         1         6        -3        -1        10
         3         1       -10        -3         3        -8         3        -3
         8        -3         3         8         3        -3        -8        -3
         8        -8         3        -8         8        -3         8         3
         3        -8        -3        -3        10        -6         3       -10
         6        -3        10        -1         3       -10         1        -2
        -9         5         2         9        -5        -2        -9         6
         2         9        -6        -2         5        -9         2        -5
         9        -2         5         6         2        -5        -6        -2
         6        -9         2        -6         9        -2         6         5
         2        -6        -5        -1        -8         0         1         8
         0        -1        -8         9         1         8        -9        -1
        -6        -3         1         6         3        -1        -6        10
         1         6       -10        -1        -3        -6         1         3
         6        -1        -3        10         1         3       -10        -1
         0        -8         1         0         8        -1         0         9
         1         0        -9        -1         9        -8         1        -9
         8        -1         9         0         1        -9         0        -1
        10        -6         1       -10         6        -1        10        -3
         1       -10         3         0        -9         1         0         9
        -1         0        -9         8         0         9        -8         0
        -8        -1         0         8         1         0        -8         9
         0         8        -9         0        -1        -8         0         1
         8         0        -1         9         0         1        -9        -7
        -5         5         7         5        -5        -7        -5         7
         7         5        -7        -7         5        -5         7        -5
         5        -7         5         7         7        -5        -7        -7
         7        -5         7        -7         5        -7         7         5
         7        -7        -5        -5        -7         5         5         7
        -5        -5        -7         7         5         7        -7        -5
         5        -7         5        -5         7        -5         5         7
         5        -5        -7        -5         7        -7         5        -7
         7        -5         7         5         5        -7        -5       -10
         0         5        10         0        -5       -10         5         0
        10        -5         0       -10         5         5        10        -5
        -5        -9        -2         4         9         2        -4        -9
        -2         7         9         2        -7        -9        -1         2
         9         1        -2        -9        -1         8         9         1
        -8        -9         2        -1         9        -2         1        -9
         2         8         9        -2        -8        -9         4        -2
         9        -4         2        -9         4         7         9        -4
        -7        -9         7        -2         9        -7         2        -9
         7         4         9        -7        -4        -9         8        -1
         9        -8         1        -9         8         2         9        -8
        -2        -8        -2         1         8         2        -1        -8
        -2         9         8         2        -9        -8         1        -2
         8        -1         2        -8         1         9         8        -1
        -9        -8         9        -2         8        -9         2        -8
         9         1         8        -9        -1        -7        -4         2
         7         4        -2        -7        -4         9         7         4
        -9        -7         2        -4         7        -2         4        -7
         2         9         7        -2        -9        -7         9        -4
         7        -9         4        -7         9         2         7        -9
        -2        -5        -5         0         5         5         0        -5
        -5        10         5         5       -10        -5         0        -5
         5         0         5        -5         0        10         5         0
       -10        -5        10        -5         5       -10         5        -5
        10         0         5       -10         0        -4        -7         2
         4         7        -2        -4        -7         9         4         7
        -9        -4         2        -7         4        -2         7        -4
         2         9         4        -2        -9        -4         9        -7
         4        -9         7        -4         9         2         4        -9
        -2        -2        -9         4         2         9        -4        -2
        -9         7         2         9        -7        -2        -8         1
         2         8        -1        -2        -8         9         2         8
        -9        -2         1        -8         2        -1         8        -2
         1         9         2        -1        -9        -2         4        -9
         2        -4         9        -2         4         7         2        -4
        -7        -2         7        -9         2        -7         9        -2
         7         4         2        -7        -4        -2         9        -8
         2        -9         8        -2         9         1         2        -9
        -1        -1        -9         2         1         9        -2        -1
        -9         8         1         9        -8        -1         2        -9
         1        -2         9        -1         2         8         1        -2
        -8        -1         8        -9         1        -8         9        -1
         8         2         1        -8        -2         0       -10         5
         0        10        -5         0        -5        -5         0         5
         5         0        -5        10         0         5       -10       -10
         0         4        10         0        -4       -10         0         6
        10         0        -6       -10         4         0        10        -4
         0       -10         4         6        10        -4        -6       -10
         6         0        10        -6         0       -10         6         4
        10        -6        -4        -8        -4         6         8         4
        -6        -8         6        -4         8        -6         4        -8
         6         6         8        -6        -6        -6        -6         4
         6         6        -4        -6        -6         8         6         6
        -8        -6        -4         0         6         4         0        -6
        -4        10         6         4       -10        -6         0        -4
         6         0         4        -6         0        10         6         0
       -10        -6         4        -6         6        -4         6        -6
         4         8         6        -4        -8        -6         8        -6
         6        -8         6        -6         8         4         6        -8
        -4        -6        10        -4         6       -10         4        -6
        10         0         6       -10         0        -4        -8         6
         4         8        -6        -4        -6         0         4         6
         0        -4        -6        10         4         6       -10        -4
         0        -6         4         0         6        -4         0        10
         4         0       -10        -4         6        -8         4        -6
         8        -4         6         6         4        -6        -6        -4
        10        -6         4       -10         6        -4        10         0
         4       -10         0         0       -10         4         0        10
        -4         0       -10         6         0        10        -6         0
        -6        -4         0         6         4         0        -6        10
         0         6       -10         0        -4        -6         0         4
         6         0        -4        10         0         4       -10       -10
         1         2        10        -1        -2       -10         1         7
        10        -1        -7       -10         2         1        10        -2
        -1       -10         2         7        10        -2        -7       -10
         7         1        10        -7        -1       -10         7         2
        10        -7        -2        -8        -4         5         8         4
        -5        -8        -4         7         8         4        -7        -8
         5        -4         8        -5         4        -8         5         7
         8        -5        -7        -8         7        -4         8        -7
         4        -8         7         5         8        -7        -5        -7
        -5         4         7         5        -4        -7        -5         8
         7         5        -8        -7        -2        -1         7         2
         1        -7        -2        10         7         2       -10        -7
        -1        -2         7         1         2        -7        -1        10
         7         1       -10        -7         4        -5         7        -4
         5        -7         4         8         7        -4        -8        -7
         8        -5         7        -8         5        -7         8         4
         7        -8        -4        -7        10        -2         7       -10
         2        -7        10        -1         7       -10         1        -5
        -7         4         5         7        -4        -5        -7         8
         5         7        -8        -5         4        -7         5        -4
         7        -5         4         8         5        -4        -8        -5
         8        -7         5        -8         7        -5         8         4
         5        -8        -4        -4        -8         5         4         8
        -5        -4        -8         7         4         8        -7        -4
         5        -8         4        -5         8        -4         5         7
         4        -5        -7        -4         7        -8         4        -7
         8        -4         7         5         4        -7        -5        -2
        -7        -1         2         7         1        -2        -7        10
         2         7       -10        -2        -1        -7         2         1
         7        -2        -1        10         2         1       -10        -2
        10        -7         2       -10         7        -2        10        -1
         2       -10         1        -1        -7        -2         1         7
         2        -1        -7        10         1         7       -10        -1
        -2        -7         1         2         7        -1        -2        10
         1         2       -10        -1        10        -7         1       -10
         7        -1        10        -2         1       -10         2       -10
         0         3        10         0        -3       -10         0         7
        10         0        -7       -10         3         0        10        -3
         0       -10         3         7        10        -3        -7       -10
         7         0        10        -7         0       -10         7         3
        10        -7        -3        -9        -2         3         9         2
        -3        -9        -2         8         9         2        -8        -9
         3        -2         9        -3         2        -9         3         8
         9        -3        -8        -9         8        -2         9        -8
         2        -9         8         3         9        -8        -3        -8
        -3         2         8         3        -2        -8        -3         9
         8         3        -9        -8         2        -3         8        -2
         3        -8         2         9         8        -2        -9        -8
         9        -3         8        -9         3        -8         9         2
         8        -9        -2        -7        -3         0         7         3
         0        -7        -3        10         7         3       -10        -7
         0        -3         7         0         3        -7         0        10
         7         0       -10        -7        10        -3         7       -10
         3        -7        10         0         7       -10         0        -3
        -8         2         3         8        -2        -3        -8         9
         3         8        -9        -3        -7         0         3         7
         0        -3        -7        10         3         7       -10        -3
         0        -7         3         0         7        -3         0        10
         3         0       -10        -3         2        -8         3        -2
         8        -3         2         9         3        -2        -9        -3
         9        -8         3        -9         8        -3         9         2
         3        -9        -2        -3        10        -7         3       -10
         7        -3        10         0         3       -10         0        -2
        -9         3         2         9        -3        -2        -9         8
         2         9        -8        -2         3        -9         2        -3
         9        -2         3         8         2        -3        -8        -2
         8        -9         2        -8         9        -2         8         3
         2        -8        -3         0       -10         3         0        10
        -3         0       -10         7         0        10        -7         0
        -7        -3         0         7         3         0        -7        10
         0         7       -10         0        -3        -7         0         3
         7         0        -3        10         0         3       -10        -8
        -4         4         8         4        -4        -8        -4         8
         8         4        -8        -8         4        -4         8        -4
         4        -8         4         8         8        -4        -8        -8
         8        -4         8        -8         4        -8         8         4
         8        -8        -4        -4        -8         4         4         8
        -4        -4        -8         8         4         8        -8        -4
         4        -8         4        -4         8        -4         4         8
         4        -4        -8        -4         8        -8         4        -8
         8        -4         8         4         4        -8        -4       -11
         3         4        11        -3        -4       -11         4         3
        11        -4        -3       -11         4         4        11        -4
        -4       -10        -1         5        10         1        -5       -10
        -1         6        10         1        -6       -10         5        -1
        10        -5         1       -10         5         6        10        -5
        -6       -10         6        -1        10        -6         1       -10
         6         5        10        -6        -5        -9        -3         6
         9         3        -6        -9         0         0         9         0
         0        -9         0         9         9         0        -9        -9
         6        -3         9        -6         3        -9         6         6
         9        -6        -6        -9         9         0         9        -9
         0        -6        -6         3         6         6        -3        -6
        -6         9         6         6        -9        -6        -5         1
         6         5        -1        -6        -5        10         6         5
       -10        -6         1        -5         6        -1         5        -6
         1        10         6        -1       -10        -6         3        -6
         6        -3         6        -6         3         9         6        -3
        -9        -6         9        -6         6        -9         6        -6
         9         3         6        -9        -3        -6        10        -5
         6       -10         5        -6        10         1         6       -10
        -1        -5        -6         1         5         6        -1        -5
        -6        10         5         6       -10        -5         1        -6
         5        -1         6        -5         1        10         5        -1
       -10        -5        10        -6         5       -10         6        -5
        10         1         5       -10        -1        -4        -4        -3
         4         4         3        -4        -4        11         4         4
       -11        -4        -3        -4         4         3         4        -4
        -3        11         4         3       -11        -4        11        -4
         4       -11         4        -4        11        -3         4       -11
         3        -3        -9         6         3         9        -6        -3
        -4        -4         3         4         4        -3        -4        11
         3         4       -11        -3         6        -9         3        -6
         9        -3         6         6         3        -6        -6        -3
        11        -4         3       -11         4        -1       -10         5
         1        10        -5        -1       -10         6         1        10
        -6        -1         5       -10         1        -5        10        -1
         5         6         1        -5        -6        -1         6       -10
         1        -6        10        -1         6         5         1        -6
        -5         0        -9         0         0         9         0         0
        -9         9         0         9        -9         0         0        -9
         0         0         9       -11         3         3        11        -3
        -3       -11         3         5        11        -3        -5       -11
         5         3        11        -5        -3        -9        -3         5
         9         3        -5        -9        -3         7         9         3
        -7        -9        -1         1         9         1        -1        -9
        -1         9         9         1        -9        -9         1        -1
         9        -1         1        -9         1         9         9        -1
        -9        -9         5        -3         9        -5         3        -9
         5         7         9        -5        -7        -9         7        -3
         9        -7         3        -9         7         5         9        -7
        -5        -9         9        -1         9        -9         1        -9
         9         1         9        -9        -1        -7        -5         3
         7         5        -3        -7        -5         9         7         5
        -9        -7         3        -5         7        -3         5        -7
         3         9         7        -3        -9        -7         9        -5
         7        -9         5        -7         9         3         7        -9
        -3        -5        -7         3         5         7        -3        -5
        -7         9         5         7        -9        -5        -3        -3
         5         3         3        -5        -3        11         5         3
       -11        -5         3        -7         5        -3         7        -5
         3         9         5        -3        -9        -5         9        -7
         5        -9         7        -5         9         3         5        -9
        -3        -5        11        -3         5       -11         3        -3
        -9         5         3         9        -5        -3        -9         7
         3         9        -7        -3        -5        -3         3         5
         3        -3        -5        11         3         5       -11        -3
        -3        -5         3         3         5        -3        -3        11
         3         3       -11        -3         5        -9         3        -5
         9        -3         5         7         3        -5        -7        -3
         7        -9         3        -7         9        -3         7         5
         3        -7        -5        -3        11        -5         3       -11
         5        -3        11        -3         3       -11         3        -1
        -9         1         1         9        -1        -1        -9         9
         1         9        -9        -1         1        -9         1        -1
         9        -1         1         9         1        -1        -9        -1
         9        -9         1        -9         9        -1         9         1
         1        -9        -1       -11         2         4        11        -2
        -4       -11         2         5        11        -2        -5       -11
         4         2        11        -4        -2       -11         4         5
        11        -4        -5       -11         5         2        11        -5
        -2       -11         5         4        11        -5        -4       -10
        -1         4        10         1        -4       -10        -1         7
        10         1        -7       -10         1         1        10        -1
        -1       -10         1         8        10        -1        -8       -10
         4        -1        10        -4         1       -10         4         7
        10        -4        -7       -10         7        -1        10        -7
         1       -10         7         4        10        -7        -4       -10
         8         1        10        -8        -1        -8        -1        -1
         8         1         1        -8        -1        10         8         1
       -10        -8        10        -1         8       -10         1        -7
        -4         1         7         4        -1        -7        -4        10
         7         4       -10        -7         1        -4         7        -1
         4        -7         1        10         7        -1       -10        -7
        10        -4         7       -10         4        -7        10         1
         7       -10        -1        -5        -4        -2         5         4
         2        -5        -4        11         5         4       -11        -5
        -2        -4         5         2         4        -5        -2        11
         5         2       -11        -5        11        -4         5       -11
         4        -5        11        -2         5       -11         2        -4
        -7         1         4         7        -1        -4        -7        10
         4         7       -10        -4        -5        -2         4         5
         2        -4        -5        11         4         5       -11        -4
        -2        -5         4         2         5        -4        -2        11
         4         2       -11        -4         1        -7         4        -1
         7        -4         1        10         4        -1       -10        -4
        10        -7         4       -10         7        -4        10         1
         4       -10        -1        -4        11        -5         4       -11
         5        -4        11        -2         4       -11         2        -2
        -5        -4         2         5         4        -2        -5        11
         2         5       -11        -2        -4        -5         2         4
         5        -2        -4        11         2         4       -11        -2
        11        -5         2       -11         5        -2        11        -4
         2       -11         4        -1       -10         4         1        10
        -4        -1       -10         7         1        10        -7        -1
        -8        -1         1         8         1        -1        -8        10
         1         8       -10        -1        -1        -8         1         1
         8        -1        -1        10         1         1       -10        -1
         4       -10         1        -4        10        -1         4         7
         1        -4        -7        -1         7       -10         1        -7
        10        -1         7         4         1        -7        -4        -1
        10        -8         1       -10         8        -1        10        -1
         1       -10         1       -10         0         2        10         0
        -2       -10         0         8        10         0        -8       -10
         2         0        10        -2         0       -10         2         8
        10        -2        -8       -10         8         0        10        -8
         0       -10         8         2        10        -8        -2        -8
        -2         0         8         2         0        -8        -2        10
         8         2       -10        -8         0        -2         8         0
         2        -8         0        10         8         0       -10        -8
        10        -2         8       -10         2        -8        10         0
         8       -10         0        -2        -8         0         2         8
         0        -2        -8        10         2         8       -10        -2
         0        -8         2         0         8        -2         0        10
         2         0       -10        -2        10        -8         2       -10
         8        -2        10         0         2       -10         0         0
       -10         2         0        10        -2         0       -10         8
         0        10        -8         0        -8        -2         0         8
         2         0        -8        10         0         8       -10         0
        -2        -8         0         2         8         0        -2        10
         0         2       -10       -11         2         3        11        -2
        -3       -11         2         6        11        -2        -6       -11
         3         2        11        -3        -2       -11         3         6
        11        -3        -6       -11         6         2        11        -6
        -2       -11         6         3        11        -6        -3        -9
        -3         4         9         3        -4        -9        -3         8
         9         3        -8        -9        -2         2         9         2
        -2        -9        -2         9         9         2        -9        -9
         2        -2         9        -2         2        -9         2         9
         9        -2        -9        -9         4        -3         9        -4
         3        -9         4         8         9        -4        -8        -9
         8        -3         9        -8         3        -9         8         4
         9        -8        -4        -9         9        -2         9        -9
         2        -9         9         2         9        -9        -2        -8
        -4         3         8         4        -3        -8        -4         9
         8         4        -9        -8         3        -4         8        -3
         4        -8         3         9         8        -3        -9        -8
         9        -4         8        -9         4        -8         9         3
         8        -9        -3        -7        -6         6         7         6
        -6        -7        -6         7         7         6        -7        -7
         6        -6         7        -6         6        -7         6         7
         7        -6        -7        -7         7        -6         7        -7
         6        -7         7         6         7        -7        -6        -6
        -7         6         6         7        -6        -6        -7         7
         6         7        -7        -6        -3        -2         6         3
         2        -6        -3        11         6         3       -11        -6
        -2        -3         6         2         3        -6        -2        11
         6         2       -11        -6         6        -7         6        -6
         7        -6         6         7         6        -6        -7        -6
         7        -7         6        -7         7        -6         7         6
         6        -7        -6        -6        11        -3         6       -11
         3        -6        11        -2         6       -11         2        -4
        -8         3         4         8        -3        -4        -8         9
         4         8        -9        -4         3        -8         4        -3
         8        -4         3         9         4        -3        -9        -4
         9        -8         4        -9         8        -4         9         3
         4        -9        -3        -3        -9         4         3         9
        -4        -3        -9         8         3         9        -8        -3
        -6        -2         3         6         2        -3        -6        11
         3         6       -11        -3        -2        -6         3         2
         6        -3        -2        11         3         2       -11        -3
         4        -9         3        -4         9        -3         4         8
         3        -4        -8        -3         8        -9         3        -8
         9        -3         8         4         3        -8        -4        -3
        11        -6         3       -11         6        -3        11        -2
         3       -11         2        -2        -9         2         2         9
        -2        -2        -9         9         2         9        -9        -2
        -6        -3         2         6         3        -2        -6        11
         2         6       -11        -2        -3        -6         2         3
         6        -2        -3        11         2         3       -11        -2
         2        -9         2        -2         9        -2         2         9
         2        -2        -9        -2         9        -9         2        -9
         9        -2         9         2         2        -9        -2        -2
        11        -6         2       -11         6        -2        11        -3
         2       -11         3       -11         1         5        11        -1
        -5       -11         5         1        11        -5        -1       -11
         5         5        11        -5        -5        -5        -5        -1
         5         5         1        -5        -5        11         5         5
       -11        -5        -1        -5         5         1         5        -5
        -1        11         5         1       -11        -5        11        -5
         5       -11         5        -5        11        -1         5       -11
         1        -1        -5        -5         1         5         5        -1
        -5        11         1         5       -11        -1        11        -5
         1       -11         5       -11         1         4        11        -1
        -4       -11         1         6        11        -1        -6       -11
         4         1        11        -4        -1       -11         4         6
        11        -4        -6       -11         6         1        11        -6
        -1       -11         6         4        11        -6        -4       -10
        -1         3        10         1        -3       -10        -1         8
        10         1        -8       -10         3        -1        10        -3
         1       -10         3         8        10        -3        -8       -10
         8        -1        10        -8         1       -10         8         3
        10        -8        -3        -8        -5         6         8         5
        -6        -8        -5         7         8         5        -7        -8
        -3         1         8         3        -1        -8        -3        10
         8         3       -10        -8         1        -3         8        -1
         3        -8         1        10         8        -1       -10        -8
         6        -5         8        -6         5        -8         6         7
         8        -6        -7        -8         7        -5         8        -7
         5        -8         7         6         8        -7        -6        -8
        10        -3         8       -10         3        -8        10         1
         8       -10        -1        -7        -6         5         7         6
        -5        -7        -6         8         7         6        -8        -7
         5        -6         7        -5         6        -7         5         8
         7        -5        -8        -7         8        -6         7        -8
         6        -7         8         5         7        -8        -5        -6
        -7         5         6         7        -5        -6        -7         8
         6         7        -8        -6        -4        -1         6         4
         1        -6        -4        11         6         4       -11        -6
        -1        -4         6         1         4        -6        -1        11
         6         1       -11        -6         5        -7         6        -5
         7        -6         5         8         6        -5        -8        -6
         8        -7         6        -8         7        -6         8         5
         6        -8        -5        -6        11        -4         6       -11
         4        -6        11        -1         6       -11         1        -5
        -8         6         5         8        -6        -5        -8         7
         5         8        -7        -5         6        -8         5        -6
         8        -5         6         7         5        -6        -7        -5
         7        -8         5        -7         8        -5         7         6
         5        -7        -6        -4        -6        -1         4         6
         1        -4        -6        11         4         6       -11        -4
        -1        -6         4         1         6        -4        -1        11
         4         1       -11        -4        11        -6         4       -11
         6        -4        11        -1         4       -11         1        -3
        -8         1         3         8        -1        -3        -8        10
         3         8       -10        -3         1        -8         3        -1
         8        -3         1        10         3        -1       -10        -3
        10        -8         3       -10         8        -3        10         1
         3       -10        -1        -1       -10         3         1        10
        -3        -1       -10         8         1        10        -8        -1
        -6        -4         1         6         4        -1        -6        11
         1         6       -11        -1        -4        -6         1         4
         6        -1        -4        11         1         4       -11        -1
         3       -10         1        -3        10        -1         3         8
         1        -3        -8        -1         8       -10         1        -8
        10        -1         8         3         1        -8        -3        -1
        11        -6         1       -11         6        -1        11        -4
         1       -11         4       -10        -2         6        10         2
        -6       -10         6        -2        10        -6         2       -10
         6         6        10        -6        -6        -6        -6         2
         6         6        -2        -6        -6        10         6         6
       -10        -6         2        -6         6        -2         6        -6
         2        10         6        -2       -10        -6        10        -6
         6       -10         6        -6        10         2         6       -10
        -2        -2       -10         6         2        10        -6        -2
         6       -10         2        -6        10        -2         6         6
         2        -6        -6       -11         2         2        11        -2
        -2       -11         2         7        11        -2        -7       -11
         7         2        11        -7        -2       -10        -2         5
        10         2        -5       -10        -2         7        10         2
        -7       -10         5        -2        10        -5         2       -10
         5         7        10        -5        -7       -10         7        -2
        10        -7         2       -10         7         5        10        -7
        -5        -8        -5         5         8         5        -5        -8
        -5         8         8         5        -8        -8         5        -5
         8        -5         5        -8         5         8         8        -5
        -8        -8         8        -5         8        -8         5        -8
         8         5         8        -8        -5        -7        -5         2
         7         5        -2        -7        -5        10         7         5
       -10        -7        -2        -2         7         2         2        -7
        -2        11         7         2       -11        -7         2        -5
         7        -2         5        -7         2        10         7        -2
       -10        -7        10        -5         7       -10         5        -7
        10         2         7       -10        -2        -7        11        -2
         7       -11         2        -5        -8         5         5         8
        -5        -5        -8         8         5         8        -8        -5
        -7         2         5         7        -2        -5        -7        10
         5         7       -10        -5         2        -7         5        -2
         7        -5         2        10         5        -2       -10        -5
         5        -8         5        -5         8        -5         5         8
         5        -5        -8        -5         8        -8         5        -8
         8        -5         8         5         5        -8        -5        -5
        10        -7         5       -10         7        -5        10         2
         5       -10        -2        -2       -10         5         2        10
        -5        -2       -10         7         2        10        -7        -2
        -7        -2         2         7         2        -2        -7        11
         2         7       -11        -2        -2        -7         2         2
         7        -2        -2        11         2         2       -11        -2
         5       -10         2        -5        10        -2         5         7
         2        -5        -7        -2         7       -10         2        -7
        10        -2         7         5         2        -7        -5        -2
        11        -7         2       -11         7        -2        11        -2
         2       -11         2       -11         1         3        11        -1
        -3       -11         1         7        11        -1        -7       -11
         3         1        11        -3        -1       -11         3         7
        11        -3        -7       -11         7         1        11        -7
        -1       -11         7         3        11        -7        -3        -9
        -3         3         9         3        -3        -9        -3         9
         9         3        -9        -9         3        -3         9        -3
         3        -9         3         9         9        -3        -9        -9
         9        -3         9        -9         3        -9         9         3
         9        -9        -3        -7        -3        -1         7         3
         1        -7        -3        11         7         3       -11        -7
        -1        -3         7         1         3        -7        -1        11
         7         1       -11        -7        11        -3         7       -11
         3        -7        11        -1         7       -11         1        -3
        -9         3         3         9        -3        -3        -9         9
         3         9        -9        -3        -7        -1         3         7
         1        -3        -7        11         3         7       -11        -3
        -1        -7         3         1         7        -3        -1        11
         3         1       -11        -3         3        -9         3        -3
         9        -3         3         9         3        -3        -9        -3
         9        -9         3        -9         9        -3         9         3
         3        -9        -3        -3        11        -7         3       -11
         7        -3        11        -1         3       -11         1        -1
        -7        -3         1         7         3        -1        -7        11
         1         7       -11        -1        -3        -7         1         3
         7        -1        -3        11         1         3       -11        -1
        11        -7         1       -11         7        -1        11        -3
         1       -11         3       -11         0         5        11         0
        -5       -11         0         6        11         0        -6       -11
         5         0        11        -5         0       -11         5         6
        11        -5        -6       -11         6         0        11        -6
         0       -11         6         5        11        -6        -5       -10
         0         1        10         0        -1       -10         0         9
        10         0        -9       -10         1         0        10        -1
         0       -10         1         9        10        -1        -9       -10
         9         0        10        -9         0       -10         9         1
        10        -9        -1        -9        -4         6         9         4
        -6        -9        -4         7         9         4        -7        -9
        -1         0         9         1         0        -9        -1        10
         9         1       -10        -9         0        -1         9         0
         1        -9         0        10         9         0       -10        -9
         6        -4         9        -6         4        -9         6         7
         9        -6        -7        -9         7        -4         9        -7
         4        -9         7         6         9        -7        -6        -9
        10        -1         9       -10         1        -9        10         0
         9       -10         0        -7        -6         4         7         6
        -4        -7        -6         9         7         6        -9        -7
         4        -6         7        -4         6        -7         4         9
         7        -4        -9        -7         9        -6         7        -9
         6        -7         9         4         7        -9        -4        -6
        -7         4         6         7        -4        -6        -7         9
         6         7        -9        -6        -5         0         6         5
         0        -6        -5        11         6         5       -11        -6
         0        -5         6         0         5        -6         0        11
         6         0       -11        -6         4        -7         6        -4
         7        -6         4         9         6        -4        -9        -6
         9        -7         6        -9         7        -6         9         4
         6        -9        -4        -6        11        -5         6       -11
         5        -6        11         0         6       -11         0        -5
        -6         0         5         6         0        -5        -6        11
         5         6       -11        -5         0        -6         5         0
         6        -5         0        11         5         0       -11        -5
        11        -6         5       -11         6        -5        11         0
         5       -11         0        -4        -9         6         4         9
        -6        -4        -9         7         4         9        -7        -4
         6        -9         4        -6         9        -4         6         7
         4        -6        -7        -4         7        -9         4        -7
         9        -4         7         6         4        -7        -6        -1
        -9         0         1         9         0        -1        -9        10
         1         9       -10        -1         0        -9         1         0
         9        -1         0        10         1         0       -10        -1
        10        -9         1       -10         9        -1        10         0
         1       -10         0         0       -11         5         0        11
        -5         0       -11         6         0        11        -6         0
       -10         1         0        10        -1         0       -10         9
         0        10        -9         0        -9        -1         0         9
         1         0        -9        10         0         9       -10         0
        -6        -5         0         6         5         0        -6        11
         0         6       -11         0        -5        -6         0         5
         6         0        -5        11         0         5       -11         0
        -1        -9         0         1         9         0        -1        10
         0         1       -10       -10        -2         4        10         2
        -4       -10        -2         8        10         2        -8       -10
         4        -2        10        -4         2       -10         4         8
        10        -4        -8       -10         8        -2        10        -8
         2       -10         8         4        10        -8        -4        -8
        -4         2         8         4        -2        -8        -4        10
         8         4       -10        -8         2        -4         8        -2
         4        -8         2        10         8        -2       -10        -8
        10        -4         8       -10         4        -8        10         2
         8       -10        -2        -4        -8         2         4         8
        -2        -4        -8        10         4         8       -10        -4
         2        -8         4        -2         8        -4         2        10
         4        -2       -10        -4        10        -8         4       -10
         8        -4        10         2         4       -10        -2        -2
       -10         4         2        10        -4        -2       -10         8
         2        10        -8        -2         4       -10         2        -4
        10        -2         4         8         2        -4        -8        -2
         8       -10         2        -8        10        -2         8         4
         2        -8        -4       -11         0         4        11         0
        -4       -11         0         7        11         0        -7       -11
         4         0        11        -4         0       -11         4         7
        11        -4        -7       -11         7         0        11        -7
         0       -11         7         4        11        -7        -4       -10
        -1         2        10         1        -2       -10        -1         9
        10         1        -9       -10         2        -1        10        -2
         1       -10         2         9        10        -2        -9       -10
         9        -1        10        -9         1       -10         9         2
        10        -9        -2        -9        -4         5         9         4
        -5        -9        -4         8         9         4        -8        -9
        -2         1         9         2        -1        -9        -2        10
         9         2       -10        -9         1        -2         9        -1
         2        -9         1        10         9        -1       -10        -9
         5        -4         9        -5         4        -9         5         8
         9        -5        -8        -9         8        -4         9        -8
         4        -9         8         5         9        -8        -5        -9
        10        -2         9       -10         2        -9        10         1
         9       -10        -1        -8        -5         4         8         5
        -4        -8        -5         9         8         5        -9        -8
         4        -5         8        -4         5        -8         4         9
         8        -4        -9        -8         9        -5         8        -9
         5        -8         9         4         8        -9        -4        -7
        -4         0         7         4         0        -7        -4        11
         7         4       -11        -7         0        -4         7         0
         4        -7         0        11         7         0       -11        -7
        11        -4         7       -11         4        -7        11         0
         7       -11         0        -5        -8         4         5         8
        -4        -5        -8         9         5         8        -9        -5
         4        -8         5        -4         8        -5         4         9
         5        -4        -9        -5         9        -8         5        -9
         8        -5         9         4         5        -9        -4        -4
        -9         5         4         9        -5        -4        -9         8
         4         9        -8        -4        -7         0         4         7
         0        -4        -7        11         4         7       -11        -4
         0        -7         4         0         7        -4         0        11
         4         0       -11        -4         5        -9         4        -5
         9        -4         5         8         4        -5        -8        -4
         8        -9         4        -8         9        -4         8         5
         4        -8        -5        -4        11        -7         4       -11
         7        -4        11         0         4       -11         0        -2
        -9         1         2         9        -1        -2        -9        10
         2         9       -10        -2         1        -9         2        -1
         9        -2         1        10         2        -1       -10        -2
        10        -9         2       -10         9        -2        10         1
         2       -10        -1        -1       -10         2         1        10
        -2        -1       -10         9         1        10        -9        -1
         2       -10         1        -2        10        -1         2         9
         1        -2        -9        -1         9       -10         1        -9
        10        -1         9         2         1        -9        -2         0
       -11         4         0        11        -4         0       -11         7
         0        11        -7         0        -7        -4         0         7
         4         0        -7        11         0         7       -11         0
        -4        -7         0         4         7         0        -4        11
         0         4       -11       -11         1         2        11        -1
        -2       -11         1         8        11        -1        -8       -11
         2         1        11        -2        -1       -11         2         8
        11        -2        -8       -11         8         1        11        -8
        -1       -11         8         2        11        -8        -2        -8
        -2        -1         8         2         1        -8        -2        11
         8         2       -11        -8        -1        -2         8         1
         2        -8        -1        11         8         1       -11        -8
        11        -2         8       -11         2        -8        11        -1
         8       -11         1        -2        -8        -1         2         8
         1        -2        -8        11         2         8       -11        -2
        -1        -8         2         1         8        -2        -1        11
         2         1       -11        -2        11        -8         2       -11
         8        -2        11        -1         2       -11         1        -1
        -8        -2         1         8         2        -1        -8        11
         1         8       -11        -1        -2        -8         1         2
         8        -1        -2        11         1         2       -11        -1
        11        -8         1       -11         8        -1        11        -2
         1       -11         2       -12         4         4        12        -4
        -4        -4        -4        -4         4         4         4        -4
        -4        12         4         4       -12        -4        12        -4
         4       -12         4       -12         3         4        12        -3
        -4       -12         3         5        12        -3        -5       -12
         4         3        12        -4        -3       -12         4         5
        12        -4        -5       -12         5         3        12        -5
        -3       -12         5         4        12        -5        -4       -11
        -1         6        11         1        -6       -11         0         3
        11         0        -3       -11         0         8        11         0
        -8       -11         3         0        11        -3         0       -11
         3         8        11        -3        -8       -11         6        -1
        11        -6         1       -11         6         6        11        -6
        -6       -11         8         0        11        -8         0       -11
         8         3        11        -8        -3       -10        -3         6
        10         3        -6       -10        -3         7        10         3
        -7       -10        -2         3        10         2        -3       -10
        -2         9        10         2        -9       -10         3        -2
        10        -3         2       -10         3         9        10        -3
        -9       -10         6        -3        10        -6         3       -10
         6         7        10        -6        -7       -10         7        -3
        10        -7         3       -10         7         6        10        -7
        -6       -10         9        -2        10        -9         2       -10
         9         3        10        -9        -3        -9        -4         4
         9         4        -4        -9        -4         9         9         4
        -9        -9        -3         2         9         3        -2        -9
        -3        10         9         3       -10        -9         2        -3
         9        -2         3        -9         2        10         9        -2
       -10        -9         4        -4         9        -4         4        -9
         4         9         9        -4        -9        -9         9        -4
         9        -9         4        -9         9         4         9        -9
        -4        -9        10        -3         9       -10         3        -9
        10         2         9       -10        -2        -8        -3         0
         8         3         0        -8        -3        11         8         3
       -11        -8         0        -3         8         0         3        -8
         0        11         8         0       -11        -8        11        -3
         8       -11         3        -8        11         0         8       -11
         0        -7        -6         3         7         6        -3        -7
        -6        10         7         6       -10        -7         3        -6
         7        -3         6        -7         3        10         7        -3
       -10        -7        10        -6         7       -10         6        -7
        10         3         7       -10        -3        -6        -7         3
         6         7        -3        -6        -7        10         6         7
       -10        -6        -6         1         6         6        -1        -6
        -6        11         6         6       -11        -6         1        -6
         6        -1         6        -6         1        11         6        -1
       -11        -6         3        -7         6        -3         7        -6
         3        10         6        -3       -10        -6        10        -7
         6       -10         7        -6        10         3         6       -10
        -3        -6        11        -6         6       -11         6        -6
        11         1         6       -11        -1        -5        -4        -3
         5         4         3        -5        -4        12         5         4
       -12        -5        -3        -4         5         3         4        -5
        -3        12         5         3       -12        -5        12        -4
         5       -12         4        -5        12        -3         5       -12
         3        -4        -9         4         4         9        -4        -4
        -9         9         4         9        -9        -4        -5        -3
         4         5         3        -4        -5        12         4         5
       -12        -4        -3        -5         4         3         5        -4
        -3        12         4         3       -12        -4         4        -9
         4        -4         9        -4         4         9         4        -4
        -9        -4         9        -9         4        -9         9        -4
         9         4         4        -9        -4        -4        12        -5
         4       -12         5        -4        12        -3         4       -12
         3        -3       -10         6         3        10        -6        -3
       -10         7         3        10        -7        -3        -9         2
         3         9        -2        -3        -9        10         3         9
       -10        -3        -8         0         3         8         0        -3
        -8        11         3         8       -11        -3        -5        -4
         3         5         4        -3        -5        12         3         5
       -12        -3        -4        -5         3         4         5        -3
        -4        12         3         4       -12        -3         0        -8
         3         0         8        -3         0        11         3         0
       -11        -3         2        -9         3        -2         9        -3
         2        10         3        -2       -10        -3         6       -10
         3        -6        10        -3         6         7         3        -6
        -7        -3         7       -10         3        -7        10        -3
         7         6         3        -7        -6        -3        10        -9
         3       -10         9        -3        10         2         3       -10
        -2        -3        11        -8         3       -11         8        -3
        11         0         3       -11         0        -3        12        -5
         3       -12         5        -3        12        -4         3       -12
         4        -2       -10         3         2        10        -3        -2
       -10         9         2        10        -9        -2         3       -10
         2        -3        10        -2         3         9         2        -3
        -9        -2         9       -10         2        -9        10        -2
         9         3         2        -9        -3        -1       -11         6
         1        11        -6        -1         6       -11         1        -6
        11        -1         6         6         1        -6        -6         0
       -11         3         0        11        -3         0       -11         8
         0        11        -8         0        -8        -3         0         8
         3         0        -8        11         0         8       -11         0
        -3        -8         0         3         8         0        -3        11
         0         3       -11       -11        -1         5        11         1
        -5       -11        -1         7        11         1        -7       -11
         5        -1        11        -5         1       -11         5         7
        11        -5        -7       -11         7        -1        11        -7
         1       -11         7         5        11        -7        -5        -7
        -7         7         7         7        -7        -7        -5         1
         7         5        -1        -7        -5        11         7         5
       -11        -7         1        -5         7        -1         5        -7
         1        11         7        -1       -11        -7         7        -7
         7        -7         7        -7         7         7         7        -7
        -7        -7        11        -5         7       -11         5        -7
        11         1         7       -11        -1        -5        -7         1
         5         7        -1        -5        -7        11         5         7
       -11        -5         1        -7         5        -1         7        -5
         1        11         5        -1       -11        -5        11        -7
         5       -11         7        -5        11         1         5       -11
        -1        -1       -11         5         1        11        -5        -1
       -11         7         1        11        -7        -1         5       -11
         1        -5        11        -1         5         7         1        -5
        -7        -1         7       -11         1        -7        11        -1
         7         5         1        -7        -5       -12         2         5
        12        -2        -5       -12         3         3        12        -3
        -3       -12         3         6        12        -3        -6       -12
         5         2        12        -5        -2       -12         5         5
        12        -5        -5       -12         6         3        12        -6
        -3       -10        -3         5        10         3        -5       -10
        -3         8        10         3        -8       -10         5        -3
        10        -5         3       -10         5         8        10        -5
        -8       -10         8        -3        10        -8         3       -10
         8         5        10        -8        -5        -8        -6         7
         8         6        -7        -8        -5         3         8         5
        -3        -8        -5        10         8         5       -10        -8
         3        -5         8        -3         5        -8         3        10
         8        -3       -10        -8         7        -6         8        -7
         6        -8         7         7         8        -7        -7        -8
        10        -5         8       -10         5        -8        10         3
         8       -10        -3        -7        -7         6         7         7
        -6        -7        -7         8         7         7        -8        -7
         6        -7         7        -6         7        -7         6         8
         7        -6        -8        -7         8        -7         7        -8
         7        -7         8         6         7        -8        -6        -6
        -8         7         6         8        -7        -6        -3        -3
         6         3         3        -6        -3        12         6         3
       -12        -6         7        -8         6        -7         8        -6
         7         7         6        -7        -7        -6        12        -3
         6       -12         3        -5        -8         3         5         8
        -3        -5        -8        10         5         8       -10        -5
        -5        -2         5         5         2        -5        -5        12
         5         5       -12        -5        -2        -5         5         2
         5        -5        -2        12         5         2       -12        -5
         3        -8         5        -3         8        -5         3        10
         5        -3       -10        -5        10        -8         5       -10
         8        -5        10         3         5       -10        -3        -5
        12        -5         5       -12         5        -5        12        -2
         5       -12         2        -3       -10         5         3        10
        -5        -3       -10         8         3        10        -8        -3
        -6        -3         3         6         3        -3        -6        12
         3         6       -12        -3        -3        -6         3         3
         6        -3        -3        12         3         3       -12        -3
         5       -10         3        -5        10        -3         5         8
         3        -5        -8        -3         8       -10         3        -8
        10        -3         8         5         3        -8        -5        -3
        12        -6         3       -12         6        -3        12        -3
         3       -12         3        -2        -5        -5         2         5
         5        -2        -5        12         2         5       -12        -2
        12        -5         2       -12         5       -12         2         4
        12        -2        -4       -12         2         6        12        -2
        -6       -12         4         2        12        -4        -2       -12
         4         6        12        -4        -6       -12         6         2
        12        -6        -2       -12         6         4        12        -6
        -4       -10         0         0        10         0         0       -10
         0        10        10         0       -10       -10        10         0
        10       -10         0        -8        -6         6         8         6
        -6        -8        -6         8         8         6        -8        -8
         6        -6         8        -6         6        -8         6         8
         8        -6        -8        -8         8        -6         8        -8
         6        -8         8         6         8        -8        -6        -6
        -8         6         6         8        -6        -6        -8         8
         6         8        -8        -6        -4        -2         6         4
         2        -6        -4        12         6         4       -12        -6
        -2        -4         6         2         4        -6        -2        12
         6         2       -12        -6         6        -8         6        -6
         8        -6         6         8         6        -6        -8        -6
         8        -8         6        -8         8        -6         8         6
         6        -8        -6        -6        12        -4         6       -12
         4        -6        12        -2         6       -12         2        -4
        -6        -2         4         6         2        -4        -6        12
         4         6       -12        -4        -2        -6         4         2
         6        -4        -2        12         4         2       -12        -4
        12        -6         4       -12         6        -4        12        -2
         4       -12         2        -2        -6        -4         2         6
         4        -2        -6        12         2         6       -12        -2
        -4        -6         2         4         6        -2        -4        12
         2         4       -12        -2        12        -6         2       -12
         6        -2        12        -4         2       -12         4         0
       -10         0         0        10         0         0       -10        10
         0        10       -10         0         0       -10         0         0
        10       -11        -1         4        11         1        -4       -11
        -1         8        11         1        -8       -11         4        -1
        11        -4         1       -11         4         8        11        -4
        -8       -11         8        -1        11        -8         1       -11
         8         4        11        -8        -4       -10        -1         1
        10         1        -1       -10        -1        10        10         1
       -10       -10         1        -1        10        -1         1       -10
         1        10        10        -1       -10       -10        10        -1
        10       -10         1       -10        10         1        10       -10
        -1        -8        -4         1         8         4        -1        -8
        -4        11         8         4       -11        -8         1        -4
         8        -1         4        -8         1        11         8        -1
       -11        -8        11        -4         8       -11         4        -8
        11         1         8       -11        -1        -4        -8         1
         4         8        -1        -4        -8        11         4         8
       -11        -4         1        -8         4        -1         8        -4
         1        11         4        -1       -11        -4        11        -8
         4       -11         8        -4        11         1         4       -11
        -1        -1       -11         4         1        11        -4        -1
       -11         8         1        11        -8        -1       -10         1
         1        10        -1        -1       -10        10         1        10
       -10        -1         1       -10         1        -1        10        -1
         1        10         1        -1       -10        -1         4       -11
         1        -4        11        -1         4         8         1        -4
        -8        -1         8       -11         1        -8        11        -1
         8         4         1        -8        -4        -1        10       -10
         1       -10        10        -1        10         1         1       -10
        -1       -11         1         1        11        -1        -1       -11
         1         9        11        -1        -9       -11         9         1
        11        -9        -1        -9        -5         7         9         5
        -7        -9        -1        -1         9         1         1        -9
        -1        11         9         1       -11        -9         7        -5
         9        -7         5        -9         7         7         9        -7
        -7        -9        11        -1         9       -11         1        -7
        -7         5         7         7        -5        -7        -7         9
         7         7        -9        -7         5        -7         7        -5
         7        -7         5         9         7        -5        -9        -7
         9        -7         7        -9         7        -7         9         5
         7        -9        -5        -5        -9         7         5         9
        -7        -5         7        -9         5        -7         9        -5
         7         7         5        -7        -7        -1        -9        -1
         1         9         1        -1        -9        11         1         9
       -11        -1        -1        -9         1         1         9        -1
        -1        11         1         1       -11        -1        11        -9
         1       -11         9        -1        11        -1         1       -11
         1       -12         1         5        12        -1        -5       -12
         1         6        12        -1        -6       -12         2         3
        12        -2        -3       -12         2         7        12        -2
        -7       -12         3         2        12        -3        -2       -12
         3         7        12        -3        -7       -12         5         1
        12        -5        -1       -12         5         6        12        -5
        -6       -12         6         1        12        -6        -1       -12
         6         5        12        -6        -5       -12         7         2
        12        -7        -2       -12         7         3        12        -7
        -3       -11         0         2        11         0        -2       -11
         0         9        11         0        -9       -11         2         0
        11        -2         0       -11         2         9        11        -2
        -9       -11         9         0        11        -9         0       -11
         9         2        11        -9        -2       -10        -3         4
        10         3        -4       -10        -3         9        10         3
        -9       -10         4        -3        10        -4         3       -10
         4         9        10        -4        -9       -10         9        -3
        10        -9         3       -10         9         4        10        -9
        -4        -9        -5         6         9         5        -6        -9
        -5         8         9         5        -8        -9        -4         3
         9         4        -3        -9        -4        10         9         4
       -10        -9        -2         0         9         2         0        -9
        -2        11         9         2       -11        -9         0        -2
         9         0         2        -9         0        11         9         0
       -11        -9         3        -4         9        -3         4        -9
         3        10         9        -3       -10        -9         6        -5
         9        -6         5        -9         6         8         9        -6
        -8        -9         8        -5         9        -8         5        -9
         8         6         9        -8        -6        -9        10        -4
         9       -10         4        -9        10         3         9       -10
        -3        -9        11        -2         9       -11         2        -9
        11         0         9       -11         0        -8        -6         5
         8         6        -5        -8        -6         9         8         6
        -9        -8         5        -6         8        -5         6        -8
         5         9         8        -5        -9        -8         9        -6
         8        -9         6        -8         9         5         8        -9
        -5        -7        -3        -2         7         3         2        -7
        -3        12         7         3       -12        -7        -2        -3
         7         2         3        -7        -2        12         7         2
       -12        -7        12        -3         7       -12         3        -7
        12        -2         7       -12         2        -6        -8         5
         6         8        -5        -6        -8         9         6         8
        -9        -6        -5        -1         6         5         1        -6
        -5        12         6         5       -12        -6        -1        -5
         6         1         5        -6        -1        12         6         1
       -12        -6         5        -8         6        -5         8        -6
         5         9         6        -5        -9        -6         9        -8
         6        -9         8        -6         9         5         6        -9
        -5        -6        12        -5         6       -12         5        -6
        12        -1         6       -12         1        -5        -9         6
         5         9        -6        -5        -9         8         5         9
        -8        -5        -6        -1         5         6         1        -5
        -6        12         5         6       -12        -5        -1        -6
         5         1         6        -5        -1        12         5         1
       -12        -5         6        -9         5        -6         9        -5
         6         8         5        -6        -8        -5         8        -9
         5        -8         9        -5         8         6         5        -8
        -6        -5        12        -6         5       -12         6        -5
        12        -1         5       -12         1        -4        -9         3
         4         9        -3        -4        -9        10         4         9
       -10        -4         3        -9         4        -3         9        -4
         3        10         4        -3       -10        -4        10        -9
         4       -10         9        -4        10         3         4       -10
        -3        -3       -10         4         3        10        -4        -3
       -10         9         3        10        -9        -3        -7        -2
         3         7         2        -3        -7        12         3         7
       -12        -3        -2        -7         3         2         7        -3
        -2        12         3         2       -12        -3         4       -10
         3        -4        10        -3         4         9         3        -4
        -9        -3         9       -10         3        -9        10        -3
         9         4         3        -9        -4        -3        12        -7
         3       -12         7        -3        12        -2         3       -12
         2        -2        -9         0         2         9         0        -2
        -9        11         2         9       -11        -2        -7        -3
         2         7         3        -2        -7        12         2         7
       -12        -2        -3        -7         2         3         7        -2
        -3        12         2         3       -12        -2         0        -9
         2         0         9        -2         0        11         2         0
       -11        -2        11        -9         2       -11         9        -2
        11         0         2       -11         0        -2        12        -7
         2       -12         7        -2        12        -3         2       -12
         3        -1        -6        -5         1         6         5        -1
        -6        12         1         6       -12        -1        -5        -6
         1         5         6        -1        -5        12         1         5
       -12        -1        12        -6         1       -12         6        -1
        12        -5         1       -12         5         0       -11         2
         0        11        -2         0       -11         9         0        11
        -9         0        -9        -2         0         9         2         0
        -9        11         0         9       -11         0        -2        -9
         0         2         9         0        -2        11         0         2
       -11       -10        -2         2        10         2        -2       -10
        -2        10        10         2       -10       -10         2        -2
        10        -2         2       -10         2        10        10        -2
       -10       -10        10        -2        10       -10         2       -10
        10         2        10       -10        -2        -2       -10         2
         2        10        -2        -2       -10        10         2        10
       -10        -2         2       -10         2        -2        10        -2
         2        10         2        -2       -10        -2        10       -10
         2       -10        10        -2        10         2         2       -10
        -2       -12         1         4        12        -1        -4       -12
         1         7        12        -1        -7       -12         4         1
        12        -4        -1       -12         4         7        12        -4
        -7       -12         7         1        12        -7        -1       -12
         7         4        12        -7        -4       -11        -2         6
        11         2        -6       -11        -2         7        11         2
        -7       -11         6        -2        11        -6         2       -11
         6         7        11        -6        -7       -11         7        -2
        11        -7         2       -11         7         6        11        -7
        -6        -7        -6         2         7         6        -2        -7
        -6        11         7         6       -11        -7        -4        -1
         7         4         1        -7        -4        12         7         4
       -12        -7        -1        -4         7         1         4        -7
        -1        12         7         1       -12        -7         2        -6
         7        -2         6        -7         2        11         7        -2
       -11        -7        11        -6         7       -11         6        -7
        11         2         7       -11        -2        -7        12        -4
         7       -12         4        -7        12        -1         7       -12
         1        -6        -7         2         6         7        -2        -6
        -7        11         6         7       -11        -6         2        -7
         6        -2         7        -6         2        11         6        -2
       -11        -6        11        -7         6       -11         7        -6
        11         2         6       -11        -2        -4        -7        -1
         4         7         1        -4        -7        12         4         7
       -12        -4        -1        -7         4         1         7        -4
        -1        12         4         1       -12        -4        12        -7
         4       -12         7        -4        12        -1         4       -12
         1        -2       -11         6         2        11        -6        -2
       -11         7         2        11        -7        -2         6       -11
         2        -6        11        -2         6         7         2        -6
        -7        -2         7       -11         2        -7        11        -2
         7         6         2        -7        -6        -1        -7        -4
         1         7         4        -1        -7        12         1         7
       -12        -1        -4        -7         1         4         7        -1
        -4        12         1         4       -12        -1        12        -7
         1       -12         7        -1        12        -4         1       -12
         4       -11        -1         3        11         1        -3       -11
        -1         9        11         1        -9       -11         3        -1
        11        -3         1       -11         3         9        11        -3
        -9       -11         9        -1        11        -9         1       -11
         9         3        11        -9        -3        -9        -5         5
         9         5        -5        -9        -5         9         9         5
        -9        -9        -3         1         9         3        -1        -9
        -3        11         9         3       -11        -9         1        -3
         9        -1         3        -9         1        11         9        -1
       -11        -9         5        -5         9        -5         5        -9
         5         9         9        -5        -9        -9         9        -5
         9        -9         5        -9         9         5         9        -9
        -5        -9        11        -3         9       -11         3        -9
        11         1         9       -11        -1        -5        -9         5
         5         9        -5        -5        -9         9         5         9
        -9        -5         5        -9         5        -5         9        -5
         5         9         5        -5        -9        -5         9        -9
         5        -9         9        -5         9         5         5        -9
        -5        -3        -9         1         3         9        -1        -3
        -9        11         3         9       -11        -3         1        -9
         3        -1         9        -3         1        11         3        -1
       -11        -3        11        -9         3       -11         9        -3
        11         1         3       -11        -1        -1       -11         3
         1        11        -3        -1       -11         9         1        11
        -9        -1         3       -11         1        -3        11        -1
         3         9         1        -3        -9        -1         9       -11
         1        -9        11        -1         9         3         1        -9
        -3       -11        -2         5        11         2        -5       -11
        -2         8        11         2        -8       -11         5        -2
        11        -5         2       -11         5         8        11        -5
        -8       -11         8        -2        11        -8         2       -11
         8         5        11        -8        -5       -10        -4         7
        10         4        -7       -10         7        -4        10        -7
         4       -10         7         7        10        -7        -7        -8
        -5         2         8         5        -2        -8        -5        11
         8         5       -11        -8         2        -5         8        -2
         5        -8         2        11         8        -2       -11        -8
        11        -5         8       -11         5        -8        11         2
         8       -11        -2        -7        -7         4         7         7
        -4        -7        -7        10         7         7       -10        -7
         4        -7         7        -4         7        -7         4        10
         7        -4       -10        -7        10        -7         7       -10
         7        -7        10         4         7       -10        -4        -5
        -8         2         5         8        -2        -5        -8        11
         5         8       -11        -5         2        -8         5        -2
         8        -5         2        11         5        -2       -11        -5
        11        -8         5       -11         8        -5        11         2
         5       -11        -2        -4       -10         7         4        10
        -7        -4         7       -10         4        -7        10        -4
         7         7         4        -7        -7        -2       -11         5
         2        11        -5        -2       -11         8         2        11
        -8        -2         5       -11         2        -5        11        -2
         5         8         2        -5        -8        -2         8       -11
         2        -8        11        -2         8         5         2        -8
        -5       -12         0         6        12         0        -6       -12
         2         2        12        -2        -2       -12         2         8
        12        -2        -8       -12         6         0        12        -6
         0       -12         6         6        12        -6        -6       -12
         8         2        12        -8        -2       -10        -4         6
        10         4        -6       -10        -4         8        10         4
        -8       -10         6        -4        10        -6         4       -10
         6         8        10        -6        -8       -10         8        -4
        10        -8         4       -10         8         6        10        -8
        -6        -8        -6         4         8         6        -4        -8
        -6        10         8         6       -10        -8        -2        -2
         8         2         2        -8        -2        12         8         2
       -12        -8         4        -6         8        -4         6        -8
         4        10         8        -4       -10        -8        10        -6
         8       -10         6        -8        10         4         8       -10
        -4        -8        12        -2         8       -12         2        -6
        -8         4         6         8        -4        -6        -8        10
         6         8       -10        -6        -6         0         6         6
         0        -6        -6        12         6         6       -12        -6
         0        -6         6         0         6        -6         0        12
         6         0       -12        -6         4        -8         6        -4
         8        -6         4        10         6        -4       -10        -6
        10        -8         6       -10         8        -6        10         4
         6       -10        -4        -6        12        -6         6       -12
         6        -6        12         0         6       -12         0        -4
       -10         6         4        10        -6        -4       -10         8
         4        10        -8        -4         6       -10         4        -6
        10        -4         6         8         4        -6        -8        -4
         8       -10         4        -8        10        -4         8         6
         4        -8        -6        -2        -8        -2         2         8
         2        -2        -8        12         2         8       -12        -2
        -2        -8         2         2         8        -2        -2        12
         2         2       -12        -2        12        -8         2       -12
         8        -2        12        -2         2       -12         2         0
       -12         6         0        12        -6         0        -6        -6
         0         6         6         0        -6        12         0         6
       -12       -12         0         5        12         0        -5       -12
         0         7        12         0        -7       -12         1         3
        12        -1        -3       -12         1         8        12        -1
        -8       -12         3         1        12        -3        -1       -12
         3         8        12        -3        -8       -12         5         0
        12        -5         0       -12         5         7        12        -5
        -7       -12         7         0        12        -7         0       -12
         7         5        12        -7        -5       -12         8         1
        12        -8        -1       -12         8         3        12        -8
        -3       -10        -3         3        10         3        -3       -10
        -3        10        10         3       -10       -10         3        -3
        10        -3         3       -10         3        10        10        -3
       -10       -10        10        -3        10       -10         3       -10
        10         3        10       -10        -3        -8        -3        -1
         8         3         1        -8        -3        12         8         3
       -12        -8        -1        -3         8         1         3        -8
        -1        12         8         1       -12        -8        12        -3
         8       -12         3        -8        12        -1         8       -12
         1        -7        -5         0         7         5         0        -7
        -5        12         7         5       -12        -7         0        -5
         7         0         5        -7         0        12         7         0
       -12        -7        12        -5         7       -12         5        -7
        12         0         7       -12         0        -5        -7         0
         5         7         0        -5        -7        12         5         7
       -12        -5         0        -7         5         0         7        -5
         0        12         5         0       -12        -5        12        -7
         5       -12         7        -5        12         0         5       -12
         0        -3       -10         3         3        10        -3        -3
       -10        10         3        10       -10        -3        -8        -1
         3         8         1        -3        -8        12         3         8
       -12        -3        -1        -8         3         1         8        -3
        -1        12         3         1       -12        -3         3       -10
         3        -3        10        -3         3        10         3        -3
       -10        -3        10       -10         3       -10        10        -3
        10         3         3       -10        -3        -3        12        -8
         3       -12         8        -3        12        -1         3       -12
         1        -1        -8        -3         1         8         3        -1
        -8        12         1         8       -12        -1        -3        -8
         1         3         8        -1        -3        12         1         3
       -12        -1        12        -8         1       -12         8        -1
        12        -3         1       -12         3         0       -12         5
         0        12        -5         0       -12         7         0        12
        -7         0        -7        -5         0         7         5         0
        -7        12         0         7       -12         0        -5        -7
         0         5         7         0        -5        12         0         5
       -12       -11        -2         4        11         2        -4       -11
        -2         9        11         2        -9       -11         0         1
        11         0        -1       -11         0        10        11         0
       -10       -11         1         0        11        -1         0       -11
         1        10        11        -1       -10       -11         4        -2
        11        -4         2       -11         4         9        11        -4
        -9       -11         9        -2        11        -9         2       -11
         9         4        11        -9        -4       -11        10         0
        11       -10         0       -11        10         1        11       -10
        -1       -10        -4         5        10         4        -5       -10
        -4         9        10         4        -9       -10        -1         0
        10         1         0       -10        -1        11        10         1
       -11       -10         0        -1        10         0         1       -10
         0        11        10         0       -11       -10         5        -4
        10        -5         4       -10         5         9        10        -5
        -9       -10         9        -4        10        -9         4       -10
         9         5        10        -9        -5       -10        11        -1
        10       -11         1       -10        11         0        10       -11
         0        -9        -5         4         9         5        -4        -9
        -5        10         9         5       -10        -9        -4         2
         9         4        -2        -9        -4        11         9         4
       -11        -9         2        -4         9        -2         4        -9
         2        11         9        -2       -11        -9         4        -5
         9        -4         5        -9         4        10         9        -4
       -10        -9        10        -5         9       -10         5        -9
        10         4         9       -10        -4        -9        11        -4
         9       -11         4        -9        11         2         9       -11
        -2        -5        -9         4         5         9        -4        -5
        -9        10         5         9       -10        -5         4        -9
         5        -4         9        -5         4        10         5        -4
       -10        -5        10        -9         5       -10         9        -5
        10         4         5       -10        -4        -4       -10         5
         4        10        -5        -4       -10         9         4        10
        -9        -4        -9         2         4         9        -2        -4
        -9        11         4         9       -11        -4         2        -9
         4        -2         9        -4         2        11         4        -2
       -11        -4         5       -10         4        -5        10        -4
         5         9         4        -5        -9        -4         9       -10
         4        -9        10        -4         9         5         4        -9
        -5        -4        11        -9         4       -11         9        -4
        11         2         4       -11        -2        -2       -11         4
         2        11        -4        -2       -11         9         2        11
        -9        -2         4       -11         2        -4        11        -2
         4         9         2        -4        -9        -2         9       -11
         2        -9        11        -2         9         4         2        -9
        -4        -1       -10         0         1        10         0        -1
       -10        11         1        10       -11        -1         0       -10
         1         0        10        -1         0        11         1         0
       -11        -1        11       -10         1       -11        10        -1
        11         0         1       -11         0         0       -11         1
         0        11        -1         0       -11        10         0        11
       -10         0       -10        -1         0        10         1         0
       -10        11         0        10       -11         0        -1       -10
         0         1        10         0        -1        11         0         1
       -11       -12         0         4        12         0        -4       -12
         0         8        12         0        -8       -12         4         0
        12        -4         0       -12         4         8        12        -4
        -8       -12         8         0        12        -8         0       -12
         8         4        12        -8        -4        -8        -4         0
         8         4         0        -8        -4        12         8         4
       -12        -8         0        -4         8         0         4        -8
         0        12         8         0       -12        -8        12        -4
         8       -12         4        -8        12         0         8       -12
         0        -4        -8         0         4         8         0        -4
        -8        12         4         8       -12        -4         0        -8
         4         0         8        -4         0        12         4         0
       -12        -4        12        -8         4       -12         8        -4
        12         0         4       -12         0
 IDIME
         1         1         1         1         1         2         2         2
         3         4         1         3         1         1         1         4
         1         1         1         1         2         5         1         1
         2         3         4         5         7         2         2         3
         4         1         3         1         1         4         2         5
         7         1         2         1         2         1         2         3
         1         2         1         3         1         1         2         1
         1         4         1         1         1         1         1         2
         1         1         2         5         1         1         2         2
         2         2         3         3         4         5         7         2
         2         3         4         1         1         2         4         1
         2         1         1         2         4         1         1         2
         4         1         1         1         2         5         1         1
         1         2         1         1         2         5         1         1
         2         5         1         1         1         2         1         1
         2         4         1         2         1         1         1         1
         1         1         2         1         1         2         5         1
         1         1         2         1         2         1         1         1
         1         2         1         1         1         1
 IDIMF
         1         1         1         1         1         1         1         1
         2         2         1         2         1         0         1         2
         1         1         1         1         1         2         1         1
         1         2         2         2         3         1         1         2
         2         1         2         0         1         2         1         2
         3         0         1         0         1         1         1         2
         0         1         1         2         1         0         1         0
         1         2         1         1         0         0         1         1
         1         1         1         2         1         1         1         1
         1         1         2         2         2         2         3         1
         1         2         2         0         1         1         2         0
         1         0         1         1         2         0         1         1
         2         1         1         1         1         2         0         0
         1         1         1         1         1         2         1         1
         1         2         1         1         0         1         0         1
         1         2         0         1         0         1         1         0
         0         1         1         1         1         1         2         0
         0         1         1         1         1         1         1         0
         1         1         0         0         0         0
   LA3
         1         2         2         3         3         3         4         4
         4         4         5         9        13        17        21        25
         5         9        13        17        21        25         5        25
        17         9        13        21         6        10        14        18
        22        26         6        10        14        18        22        26
         6        10        14        18        22        26         6        26
        18        10        14        22         6        26        18        10
        14        22         7        11        15        19        23        27
         7        11        15        19        23        27         7        11
        15        19        23        27         7        11        15        19
        23        27         7        27        19        11        15        23
         7        27        19        11        15        23         7        27
        19        11        15        23         8        12        16        20
        24        28         8        12        16        20        24        28
         8        12        16        20        24        28         8        12
        16        20        24        28         8        28        20        12
        16        24         8        28        20        12        16        24
         8        28        20        12        16        24         8        28
        20        12        16        24         9        25         5        21
        25        13         5        17        21        13        17         9
        25        17        13         5        17        21        13         9
        25        21         5         9         9        25         5        21
        25        13         5        17        21        13        17         9
        25        17        13         5        17        21        13         9
        25        21         5         9        10        26         6        22
        26        14         6        18        22        14        18        10
        26        18        14         6        18        22        14        10
        26        22         6        10        10        26         6        22
        26        14         6        18        22        14        18        10
        26        18        14         6        18        22        14        10
        26        22         6        10        10        26         6        22
        26        14         6        18        22        14        18        10
        26        18        14         6        18        22        14        10
        26        22         6        10        11        27         7        23
        27        15         7        19        23        15        19        11
        27        19        15         7        19        23        15        11
        27        23         7        11        11        27         7        23
        27        15         7        19        23        15        19        11
        27        19        15         7        19        23        15        11
        27        23         7        11        12        28         8        24
        28        16         8        20        24        16        20        12
        28        20        16         8        20        24        16        12
        28        24         8        12        17        13        21         9
        25         5        17        13        21         9        25         5
        18        14        22        10        26         6        18        14
        22        10        26         6        19        15        23        11
        27         7        19        15        23        11        27         7
        20        16        24        12        28         8        29        29
        29        29        29        29        29        29        29        29
        29        29        29        29        29        30        30        30
        30        30        30        30        30        30        30        30
        30        30        30        30        30        30        30        30
        30        30        30        31        31        31        31        31
        31        31        31        31        31        31        31        31
        31        31        31        31        31        31        31        31
        31        31        31        31        31        31        31        31
        31        31        32        32        32        32        32        32
        32        32        32        32        32        32        32        32
        32        32        32        32        32        32        32        32
        32        32        32        32        32        32        32        32
        32        32        33        47        37        43        39        41
        33        47        37        43        39        41        33        47
        37        43        39        41        33        47        37        43
        39        41        33        33        37        37        39        39
        41        41        43        43        47        47        33        33
        37        37        39        39        41        41        43        43
        47        47        33        33        33        33        37        37
        37        37        39        39        39        39        41        41
        41        41        43        43        43        43        47        47
        47        47        33        33        33        33        37        37
        37        37        39        39        39        39        41        41
        41        41        43        43        43        43        47        47
        47        47        33        33        33        33        37        37
        37        37        39        39        39        39        41        41
        41        41        43        43        43        43        47        47
        47        47        33        33        33        33        37        37
        37        37        39        39        39        39        41        41
        41        41        43        43        43        43        47        47
        47        47        33        37        39        41        43        47
        33        37        39        41        43        47        33        37
        39        41        43        47        33        37        39        41
        43        47        33        47        43        39        37        41
        34        48        38        44        40        42        34        48
        38        44        40        42        34        48        38        44
        40        42        34        48        38        44        40        42
        34        34        38        38        40        40        42        42
        44        44        48        48        34        34        38        38
        40        40        42        42        44        44        48        48
        34        34        38        38        40        40        42        42
        44        44        48        48        34        34        38        38
        40        40        42        42        44        44        48        48
        34        34        34        34        38        38        38        38
        40        40        40        40        42        42        42        42
        44        44        44        44        48        48        48        48
        34        34        34        34        38        38        38        38
        40        40        40        40        42        42        42        42
        44        44        44        44        48        48        48        48
        34        34        34        34        38        38        38        38
        40        40        40        40        42        42        42        42
        44        44        44        44        48        48        48        48
        34        34        34        34        38        38        38        38
        40        40        40        40        42        42        42        42
        44        44        44        44        48        48        48        48
        34        38        40        42        44        48        34        38
        40        42        44        48        34        38        40        42
        44        48        34        38        40        42        44        48
        34        48        44        40        38        42        34        48
        44        40        38        42        35        45        35        45
        35        35        35        35        35        35        45        45
        45        45        45        45        35        35        35        35
        35        35        45        45        45        45        45        45
        35        35        35        35        35        35        45        45
        45        45        45        45        35        35        35        35
        35        35        45        45        45        45        45        45
        35        45        35        45        35        45        45        35
        45        35        45        35        45        35        45        35
        35        45        45        35        45        35        45        35
        45        35        45        35        35        45        36        46
        36        46        36        46        36        46        36        36
        36        36        36        36        46        46        46        46
        46        46        36        36        36        36        36        36
        46        46        46        46        46        46        36        36
        36        36        36        36        46        46        46        46
        46        46        36        36        36        36        36        36
        46        46        46        46        46        46        36        46
        36        46        36        46        36        46        36        46
        46        36        46        36        46        36        46        36
        46        36        36        46        46        36        46        36
        46        36        46        36        46        36        36        46
        36        46        37        47        33        43        47        39
        41        33        39        43        37        41        47        41
        39        33        43        41        39        37        47        43
        37        33        37        47        33        43        47        39
        41        33        39        43        37        41        47        41
        39        33        43        41        39        37        47        43
        37        33        38        48        34        44        48        40
        42        34        40        44        38        42        48        42
        40        34        44        42        40        38        48        44
        38        34        41        39        43        37        47        33
        42        40        44        38        48        34        45        35
        46        36
   LA4
         1         1         2         1         2         3         1         2
         3         4         3         3         3         3         3         3
         4         4         4         4         4         4         5        25
        17         9        13        21         2         2         2         2
         2         2         3         3         3         3         3         3
         4         4         4         4         4         4         5        25
        17         9        13        21         6        26        18        10
        14        22         1         1         1         1         1         1
         2         2         2         2         2         2         3         3
         3         3         3         3         4         4         4         4
         4         4         5        25        17         9        13        21
         6        26        18        10        14        22         7        27
        19        11        15        23         1         1         1         1
         1         1         2         2         2         2         2         2
         3         3         3         3         3         3         4         4
         4         4         4         4         5        25        17         9
        13        21         6        26        18        10        14        22
         7        27        19        11        15        23         8        28
        20        12        16        24         7        23        11        27
        19         7        15        27        19        11        23        15
        15         7        27        19        11        15        23        19
        11         7        23        27         8        24        12        28
        20         8        16        28        20        12        24        16
        16         8        28        20        12        16        24        20
        12         8        24        28         6        22        10        26
        18         6        14        26        18        10        22        14
        14         6        26        18        10        14        22        18
        10         6        22        26         7        23        11        27
        19         7        15        27        19        11        23        15
        15         7        27        19        11        15        23        19
        11         7        23        27         8        24        12        28
        20         8        16        28        20        12        24        16
        16         8        28        20        12        16        24        20
        12         8        24        28         7        23        11        27
        19         7        15        27        19        11        23        15
        15         7        27        19        11        15        23        19
        11         7        23        27         8        24        12        28
        20         8        16        28        20        12        24        16
        16         8        28        20        12        16        24        20
        12         8        24        28         8        24        12        28
        20         8        16        28        20        12        24        16
        16         8        28        20        12        16        24        20
        12         8        24        28        15        19        11        23
         7        27        16        20        12        24         8        28
        15        19        11        23         7        27        16        20
        12        24         8        28        15        19        11        23
         7        27        16        20        12        24         8        28
        16        20        12        24         8        28         3         4
        27        23        19        15        11         7        28        24
        20        16        12         8        29         3         4        26
        22        18        14        10         6        27        23        19
        15        11         7        28        24        20        16        12
         8        29        30         1         2         3         4        25
        21        17        13         9         5        26        22        18
        14        10         6        27        23        19        15        11
         7        28        24        20        16        12         8        29
        30        31         1         2         3         4        25        21
        17        13         9         5        26        22        18        14
        10         6        27        23        19        15        11         7
        28        24        20        16        12         8        29        30
        31        32         1         1         1         1         1         1
         2         2         2         2         2         2         3         3
         3         3         3         3         4         4         4         4
         4         4         7        27        15        19        11        23
        11        23        15        19         7        27         8        28
        16        20        12        24        12        24        16        20
         8        28         9        13        17        21         5         9
        21        25         5        13        17        25         5        13
        17        25         5         9        21        25         9        13
        17        21        10        14        18        22         6        10
        22        26         6        14        18        26         6        14
        18        26         6        10        22        26        10        14
        18        22        11        15        19        23         7        11
        23        27         7        15        19        27         7        15
        19        27         7        11        23        27        11        15
        19        23        12        16        20        24         8        12
        24        28         8        16        20        28         8        16
        20        28         8        12        24        28        12        16
        20        24        29        29        29        29        29        29
        30        30        30        30        30        30        31        31
        31        31        31        31        32        32        32        32
        32        32        33        47        43        39        37        41
         1         1         1         1         1         1         2         2
         2         2         2         2         3         3         3         3
         3         3         4         4         4         4         4         4
         5        25        13        17         9        21         9        21
        13        17         5        25         6        26        14        18
        10        22        10        22        14        18         6        26
         7        27        15        19        11        23        11        23
        15        19         7        27         8        28        16        20
        12        24        12        24        16        20         8        28
         9        13        17        21         5         9        21        25
         5        13        17        25         5        13        17        25
         5         9        21        25         9        13        17        21
        10        14        18        22         6        10        22        26
         6        14        18        26         6        14        18        26
         6        10        22        26        10        14        18        22
        11        15        19        23         7        11        23        27
         7        15        19        27         7        15        19        27
         7        11        23        27        11        15        19        23
        12        16        20        24         8        12        24        28
         8        16        20        28         8        16        20        28
         8        12        24        28        12        16        20        24
        29        29        29        29        29        29        30        30
        30        30        30        30        31        31        31        31
        31        31        32        32        32        32        32        32
        33        47        43        39        37        41        34        48
        44        40        38        42         3         3         4         4
         5         9        13        17        21        25         5         9
        13        17        21        25         6        10        14        18
        22        26         6        10        14        18        22        26
         7        11        15        19        23        27         7        11
        15        19        23        27         8        12        16        20
        24        28         8        12        16        20        24        28
        31        31        32        32        33        47        43        37
        41        39        39        41        37        43        33        47
        34        48        44        38        42        40        40        42
        38        44        34        48        35        45         1         1
         2         2         3         3         4         4         5         9
        13        17        21        25         5         9        13        17
        21        25         6        10        14        18        22        26
         6        10        14        18        22        26         7        11
        15        19        23        27         7        11        15        19
        23        27         8        12        16        20        24        28
         8        12        16        20        24        28        29        29
        30        30        31        31        32        32        33        47
        43        37        41        39        39        41        37        43
        33        47        34        48        44        38        42        40
        40        42        38        44        34        48        35        45
        36        46        33        43        37        47        41        33
        47        39        37        41        39        43        39        33
        47        41        39        37        43        41        37        33
        47        43        34        44        38        48        42        34
        48        40        38        42        40        44        40        34
        48        42        40        38        44        42        38        34
        48        44        34        44        38        48        42        34
        48        40        38        42        40        44        40        34
        48        42        40        38        44        42        38        34
        48        44        40        42        38        44        34        48
        40        42        38        44        34        48        36        46
        36        46
  IROF
         0         0         0         0         0         0         0         0
         0         0        20        20        40        20        20        20
        40        40        20        20        20        20        40        40
        40        20        20        20        20        40        40        40
        40        60        60        60        60        60        60        60
        60        80        80        80        80        80        80        80
       100       100        20        20         0       100       100        20
        20        20         0         0       100       100       100       100
        20        20        20        20         0         0         0       100
       100       100       100        20        20        20        20         0
         0         0         0       120       120       120       120       140
       140       160       160       160       160       180       180       180
       180       200       120       120       120       120       140       140
       140       140       160       160       160       160       180       180
       180       180       200       200       220       220       240       240
       240       240       260       260       280       280       300       220
       220       220       220       240       240       240       240       260
       260       260       260       280       280       300       300       320
       320       320       340       340       360       360
  NNGI
         1         2        14        20         0         0         0         0
         0         0         0         0         0         0         0         0
         0         0         0         0         1         3         6         2
        12        14        23        16        20         0         0         0
         0         0         0         0         0         0         0         0
         1         2         6        12        14        16        20        22
        26        30         0         0         0         0         0         0
         0         0         0         0         1         5         9         2
         3         4         7         8        13        10        18        19
        21        27        14        17        24        25        40        41
         1         5         2        10         4        14        21        29
         0         0         0         0         0         0         0         0
         0         0         0         0         3         1         4         0
         0         0         0         0         0         0         0         0
         0         0         0         0         0         0         0         0
         1         2         6        14         3        16        20         0
         0         0         0         0         0         0         0         0
         0         0         0         0         1         2         4         5
         6        14         0         0         0         0         0         0
         0         0         0         0         0         0         0         0
         8         1         2        14         4         7        26        19
        37        50         5         6        20        30        68         0
         0         0         0         0        26         2        12        14
        56         1        20         0         0         0         0         0
         0         0         0         0         0         0         0         0
         1         2         3         6        14        15        16        20
        21        22        23         0         0         0         0         0
         0         0         0         0         1         4         0         0
         0         0         0         0         0         0         0         0
         0         0         0         0         0         0         0         0
        12         2         1        16        26         5         6        14
        44         0         0         0         0         0         0         0
         0         0         0         0        26         2         0         0
         0         0         0         0         0         0         0         0
         0         0         0         0         0         0         0         0
         1         2         5         0         0         0         0         0
         0         0         0         0         0         0         0         0
         0         0         0         0         1         2        14        20
        21         0         0         0         0         0         0         0
         0         0         0         0         0         0         0         0
         1         9         3         6         0         0         0         0
         0         0         0         0         0         0         0         0
         0         0         0         0         1         3        17         0
         0         0         0         0         0         0         0         0
         0         0         0         0         0         0         0         0
         3         0         0         0         0         0         0         0
         0         0         0         0         0         0         0         0
         0         0         0         0
 NSHGI
         1         1         1         1         0         0         0         0
         0         0         0         0         0         0         0         0
         0         0         0         0         1         1         1         1
         2         1         2         0         0         0         0         0
         0         0         0         0         0         0         0         0
         1         3         2         4         0         0         0         0
         0         0         0         0         0         0         0         0
         0         0         0         0         1         2         2         4
         3         2         6         0         0         0         0         0
         0         0         0         0         0         0         0         0
         2         2         4         0         0         0         0         0
         0         0         0         0         0         0         0         0
         0         0         0         0         1         1         1         0
         0         0         0         0         0         0         0         0
         0         0         0         0         0         0         0         0
         1         1         2         1         2         0         0         0
         0         0         0         0         0         0         0         0
         0         0         0         0         2         4         0         0
         0         0         0         0         0         0         0         0
         0         0         0         0         0         0         0         0
         1         3         3         3         5         0         0         0
         0         0         0         0         0         0         0         0
         0         0         0         0         1         1         2         1
         2         0         0         0         0         0         0         0
         0         0         0         0         0         0         0         0
         1         3         3         4         0         0         0         0
         0         0         0         0         0         0         0         0
         0         0         0         0         1         1         0         0
         0         0         0         0         0         0         0         0
         0         0         0         0         0         0         0         0
         1         1         3         1         3         0         0         0
         0         0         0         0         0         0         0         0
         0         0         0         0         1         1         0         0
         0         0         0         0         0         0         0         0
         0         0         0         0         0         0         0         0
         1         2         0         0         0         0         0         0
         0         0         0         0         0         0         0         0
         0         0         0         0         1         1         1         2
         0         0         0         0         0         0         0         0
         0         0         0         0         0         0         0         0
         2         2         0         0         0         0         0         0
         0         0         0         0         0         0         0         0
         0         0         0         0         3         0         0         0
         0         0         0         0         0         0         0         0
         0         0         0         0         0         0         0         0
         1         0         0         0         0         0         0         0
         0         0         0         0         0         0         0         0
         0         0         0         0
  NNNC
         0         5        29       325      7047     14807      7063     14887
      7079     14967      7095     15047      7111     15127      7127     15207
    113776    121176    141385    149146    194272    141389    149162    141393
    149178    141395    149186    141391    149170    194304    141387    149154
         1         9        49       585      2703      7167     15535      2767
      7231     16111      2831      7295     16687      2895      7359     17263
      2959      7423     17839      3023      7487     18415    113896    121456
    141400    149206    194384    141416    149270    141432    149334    141440
    149366    141424    149302    194512    141408    149238        25        33
        65      1097      2097      3087      7615     19087      2113      3151
      7807     19855      2129      3215      7999     20623      2145      3279
      8191     21391      2161      3343      8383     22159      2177      3407
      8575     22927    108151    108960    114088    121904    141464    149462
    191446    194640    141544    149782    141624    150102    141664    150262
    141584    149942    191478    194768    141504    149622       273       377
       793      1401      2225      3727      9055     23951      2305      4303
      9823     25231      2385      4879     10591     26511      2465      5455
     11359     27791      2545      6031     12127     29071      2625      6607
     12895     30351    108231    109280    114408    122736    141740    150694
    191558    195088    141964    152102    142188    153510    142300    154214
    142076    152806    191686    195600    141852    151398      2089      2185
      2665      6899     13283     31043     41919     42431     41983     42751
     42127     43471     42239     44031     96655     97263    114720    123784
    154582    191751    195860    144285    164202    144293    164234    144301
    164266    144309    164298    191763    195908    154902      2671      3055
      3439      6895      6943     13343     31823     44255     45087     47647
     44383     45343     49951     44671     45919     55135     44895     46367
     59167     98335    100767    109856    115080    126992    155014    191778
    195968    144360    164502    144392    164630    144424    164758    144456
    164886    191826    196160    156294      7039      7135      7519      8671
     13279     13327     13519     34415     41895     44991     60511     64159
     41975     45311     60895     67231     42103     45823     61759     74143
     42231     46335     62431     79519     96631     98239    101695    104031
    108375    110240    116168    131504    142372    156550    191890    196416
    144696    165846    144856    166486    145016    167126    145176    167766
    192130    197376    142692    157830     14767     15247     18703     23311
     30991     31615     34111     37759     42311     46783     63007     82335
     42711     49663     66847     84895     43351     54271     72991     90655
     43991     58879     79135     95135     97207    100543    103807    107519
    108823    113440    120488    138928    142804    158278    192406    198608
    145980    172134    146428    174950    146876    177766    147324    180582
    193078    202832    144084    163398      2105      2265     41887     42271
      2668      6923     13307     31355     42063     43151     42191     43791
     96559     97039     42255     44111    114704    123704    144277    164170
    191753    195868    144287    164210    154710    154774    144311    164306
    191765    195916    144317    164330      2735      3119      4015     44191
     44959     46495      6919      6991     13439     33071     44543     45663
     52831     44799     46175     57439     97951     99871     44927     46431
     59743    109792    115016    126416    144328    164374    191786    196000
    144368    164534    155526    155782    144464    164918    191834    196192
    144488    165014      7055      7199      7711      9439     41927     45119
     60319     62623     13303     13423     14143     36239     42039     45567
     61375     71071     42151     46015     62143     77215     96535     97855
    101503    103135     42215     46271     62527     80287    108359    110176
    115976    130736    144536    165206    191930    196576    144736    166006
    142500    157062    142564    157318    145216    167926    192170    197536
    145336    168406     14847     15823     19471     24591     42471     47935
     64543     81055     31303     32863     35935     39823     43031     51967
     69919     88095     43591     55999     75295     93215     96983     99647
    102911    106303     43911     58303     78367     95775    108743    112864
    119720    137648    145532    169318    192518    199312    146092    172838
    143316    160326    143572    161350    147436    181286    193190    203536
    147772    183398      2121      2345     41967     42671     42031     42991
      2669      6931     13315     31459     96463     96815     42175     43711
     42111     43391    114688    123624    144279    164178    191755    195876
    154646    144295    164242    144303    164274    154838    191767    195924
    144319    164338      2799      3183      4591     44351     45279     49375
     44479     45535     51679      6927      7007     13471     33487     97567
     98975     44767     46111     56863     44639     45855     54559    109728
    114952    125840    144336    164406    191794    196032    155270    144400
    164662    144432    164790    156038    191842    196224    144496    165046
      7071      7263      7903     10207     41991     45375     60799     66463
     42071     45695     61183     69535     13311     13455     14351     36847
     96439     97471    101311    102239     42167     46079     62047     76447
     42087     45759     61663     73375    108343    110112    115784    129968
    144576    165366    191970    196736    142436    156806    144896    166646
    145056    167286    142628    157574    192210    197696    145376    168566
     14927     16399     20239     25871     42791     50239     67615     84255
     43191     53119     71455     86815     31407     33279     36543     40511
     96759     98751    102015    105087     43671     56575     76063     92575
     43271     53695     72223     90015    108663    112288    118952    136368
    145644    170022    192630    200016    143060    159302    146540    175654
    146988    178470    143828    162374    193302    204240    147884    184102
      2137      2425     42095     43311     42143     43551     96415     96703
      2667      6915     13299     31251     42047     43071     41999     42831
    114672    123544    144281    164186    191757    195884    154678    144297
    164250    144305    164282    154870    191769    195932    144321    164346
      2863      3247      5167     44607     45791     53983     44703     45983
     55711     97375     98527      6911      6975     13407     32655     44511
     45599     52255     44415     45407     50527    109664    114888    125264
    144344    164438    191802    196064    155398    144408    164694    144440
    164822    156166    191850    196256    144504    165078      7087      7327
      8095     10975     42135     45951     61567     72607     42199     46207
     61855     74911     96487     97663    101215    101791     13295     13391
     13935     35631     42023     45503     61279     70303     41959     45247
     60991     67999    108327    110048    115592    129200    144616    165526
    192010    196896    142468    156934    144936    166806    145096    167446
    142660    157702    192250    197856    145416    168726     15007     16975
     21007     27151     43511     55423     74527     89375     43831     57727
     77599     91295     96871     99199    102463    104479     31199     32447
     35327     39135     42951     51391     69151     87455     42631     49087
     66079     85535    108583    111712    118184    135088    145756    170726
    192742    200720    143188    159814    146652    176358    147100    179174
    143956    162886    193414    204944    147996    184806      2153      2505
     42223     43951     96511     96927     42159     43631     42015     42911
      2670      6939     13323     31563     41935     42511    114656    123464
    144283    164194    191759    195892    144289    164218    154742    154806
    144313    164314    191771    195940    144323    164354      2927      3311
      5743     44863     46303     58591     97759     99423     44735     46047
     56287     44447     45471     51103      6935      7023     13503     33903
     44287     45151     48223    109600    114824    124688    144352    164470
    191810    196096    144376    164566    155654    155910    144472    164950
    191858    196288    144512    165110      7103      7391      8287     11743
     42247     46399     62335     78751     96583     98047    101407    102687
     42183     46143     61951     75679     42055     45631     61087     68767
     13319     13487     14559     37455     41911     45055     60607     64927
    108311    109984    115400    128432    144656    165686    192050    197056
    144776    166166    142532    157190    142596    157446    145256    168086
    192290    198016    145456    168886     15087     17551     21775     28431
     44071     59455     79903     94495     97095    100095    103359    105695
     43751     57151     76831     91935     43111     52543     70687     86175
     31511     33695     37151     41199     42391     47359     63775     82975
    108503    111136    117416    133808    145868    171430    192854    201424
    146204    173542    143444    160838    143700    161862    147548    181990
    193526    205648    148108    185510      2169      2585     96607     97151
     42207     43871     42079     43231     41951     42591     41903     42351
      2666      6907     13291     31147    114640    123384    154614    191761
    195900    144291    164226    144299    164258    144307    164290    144315
    164322    191773    195948    154934      2991      3375      6319     98143
    100319     44831     46239     58015     44575     45727     53407     44319
     45215     48799     44223     45023     47071      6903      6959     13375
     32239    109536    114760    124112    155142    191818    196128    144384
    164598    144416    164726    144448    164854    144480    164982    191866
    196320    156422      7119      7455      8479     12511     96679     98431
    101599    103583     42263     46463     62239     77983     42119     45887
     61471     71839     42007     45439     60703     65695     41943     45183
     60415     63391     13287     13359     13727     35023    108295    109920
    115208    127664    142404    156678    192090    197216    144816    166326
    144976    166966    145136    167606    145296    168246    192330    198176
    142724    157958     15167     18127     22543     29711     97319    100991
    104255    106911     44151     60031     80671     93855     43431     54847
     73759     88735     42871     50815     68383     83615     42551     48511
     65311     81695     31095     32031     34719     38447    108423    110560
    116648    132528    142932    158790    192966    202128    146316    174246
    146764    177062    147212    179878    147660    182694    193638    206352
    144212    163910    108127    108175    108367    108783    108351    108703
    108335    108623    108319    108543    108303    108463    108287    108383
    108863    113732    120876    139620    148165    185866    206720    148167
    185874    148169    185882    148171    185890    148173    185898    206752
    148175    185906    108864    109056    109824    110208    113152    109760
    110144    112576    109696    110080    112000    109632    110016    111424
    109568    109952    110848    109504    109888    110272    113728    113736
    120896    139880    148180    185926    206832    148188    185958    148196
    185990    148204    186022    148212    186054    206960    148220    186086
    113752    113800    113992    114184    114712    115048    116072    120104
    114696    114984    115880    119336    114680    114920    115688    118568
    114664    114856    115496    117800    114648    114792    115304    117032
    114632    114728    115112    116264    120872    120880    120912    140392
    148244    186182    193710    207088    148284    186342    148324    186502
    148364    186662    148404    186822    193742    207216    148444    186982
    121120    121232    121680    122128    123744    126704    131120    138288
    123664    126128    130352    137008    123584    125552    129584    135728
    123504    124976    128816    134448    123424    124400    128048    133168
    123344    123824    127280    131888    139568    139672    140088    140696
    148520    187414    193822    207536    148632    188118    148744    188822
    148856    189526    148968    190230    193950    208048    149080    190934
    141384    141396    141444    141684    142356    142740    144276    144324
    144516    145476    144278    144332    144556    145588    144280    144340
    144596    145700    144282    144348    144636    145812    142388    142868
    148164    148176    148224    148464    149136    191290    194016    208312
    210852    210928    210862    211008    210878    211136    210894    211264
    194056    208472    213824    149142    149190    149382    150342    154566
    154950    156486    158022    164166    164358    165126    168966    164174
    164390    165286    169670    164182    164422    165446    170374    164190
    164454    165606    171078    154598    155078    156614    158534    185862
    185910    186102    187062    191286    191334    194070    208592    210904
    211472    210984    211952    211112    212720    211240    213488    194230
    210512    213800    214352    191430    191494    191750    191774    191870
    192350    191752    191782    191910    192462    191754    191790    191950
    192574    191756    191798    191990    192686    191758    191806    192030
    192798    191760    191814    192070    192910    193694    193758    194014
    194062    194254    210804    194026    194110    194034    194142    194042
    194174    194050    194206    214496    194058    194238    194256    194320
    194576    194832    195856    195952    196336    198256    195864    195984
    196496    198960    195872    196016    196656    199664    195880    196048
    196816    200368    195888    196080    196976    201072    195896    196112
    197136    201776    206704    206768    207024    207280    208304    208496
    210800    210816    208352    209072    208384    209456    208416    209840
    208448    210224    214472    214640    208480    210608    141388    141412
    141524    141908    144284    144356    144676    145924    144286    144364
    144716    146036    142420    142996    142452    143124    144288    144372
    144756    146148    144290    144380    144796    146260    148166    148184
    148264    148576    210848    210896    194028    208360    149140    191322
    210868    211056    210886    211200    213728    194048    208440    210892
    211248    149158    149254    149702    151750    164198    164486    165766
    171782    164206    164518    165926    172486    154630    155206    156742
    159046    154662    155334    156870    159558    164214    164550    166086
    173190    164222    164582    166246    173894    185870    185942    186262
    187766    210936    211280    194118    209168    191318    191398    211032
    212240    211176    213104    213704    214160    194198    210128    211224
    213392    141392    141428    141604    142132    144292    144388    144836
    146372    142484    143252    144294    144396    144876    146484    144296
    144404    144916    146596    142516    143380    144298    144412    144956
    146708    148168    148192    148304    148688    210858    210976    194036
    208392    210864    211024    149139    191314    213632    210884    211184
    194040    208408    210876    211120    149174    149318    150022    153158
    164230    164614    166406    174598    154694    155462    156998    160070
    164238    164646    166566    175302    164246    164678    166726    176006
    154726    155590    157126    160582    164254    164710    166886    176710
    185878    185974    186422    188470    211016    211760    194150    209552
    211064    212048    191310    191382    213608    213968    211160    213008
    194166    209744    211096    212624    141394    141436    141644    142244
    144300    144420    144996    146820    142548    143508    144302    144428
    145036    146932    144304    144436    145076    147044    142580    143636
    144306    144444    145116    147156    148170    148200    148344    148800
    210874    211104    194044    208424    210882    211168    213584    149141
    191330    210870    211072    194032    208376    210860    210992    149182
    149350    150182    153862    164262    164742    167046    177414    154758
    155718    157254    161094    164270    164774    167206    178118    164278
    164806    167366    178822    154790    155846    157382    161606    164286
    164838    167526    179526    185886    186006    186582    189174    211144
    212528    194182    209936    211208    212912    213656    213872    191326
    191414    211048    212336    194134    209360    210968    211856    141390
    141420    141564    142020    144308    144452    145156    147268    144310
    144460    145196    147380    142612    143764    142644    143892    144312
    144468    145236    147492    144314    144476    145276    147604    148172
    148208    148384    148912    210890    211232    194052    208456    213680
    210880    211152    210866    211040    149138    191306    194024    208344
    210854    210944    149166    149286    149862    152454    164294    164870
    167686    180230    164302    164902    167846    180934    154822    155974
    157510    162118    154854    156102    157638    162630    164310    164934
    168006    181638    164318    164966    168166    182342    185894    186038
    186742    189878    211272    213296    194214    210320    213752    214064
    211192    212816    211080    212144    191302    191366    194102    208976
    210920    211568    191462    191622    191762    191822    192110    193022
    191764    191830    192150    193134    191766    191838    192190    193246
    191768    191846    192230    193358    191770    191854    192270    193470
    191772    191862    192310    193582    193726    193886    194054    194222
    214448    194046    194190    194038    194158    194030    194126    194022
    194094    194255    210812    194018    194078    194288    194448    194704
    195344    195904    196144    197296    202480    195912    196176    197456
    203184    195920    196208    197616    203888    195928    196240    197776
    204592    195936    196272    197936    205296    195944    196304    198096
    206000    206736    206896    207152    207792    208464    210416    214520
    214544    208432    210032    208400    209648    208368    209264    208336
    208880    210808    210832    208320    208688    141386    141404    141484
    141796    142676    144020    144316    144484    145316    147716    144318
    144492    145356    147828    144320    144500    145396    147940    144322
    144508    145436    148052    142708    144148    148174    148216    148424
    149024    213776    194060    208488    210888    211216    210872    211088
    210856    210960    210850    210912    194020    208328    149137    191298
    149150    149222    149542    151046    154886    156230    157766    163142
    164326    164998    168326    183046    164334    165030    168486    183750
    164342    165062    168646    184454    164350    165094    168806    185158
    154918    156358    157894    163654    185902    186070    186902    190582
    213848    214256    194246    210704    211256    213200    211128    212432
    211000    211664    210952    211376    194086    208784    191294    191350
JPOINT
         1         2         4         7        19        26        19        26
        19        26        19        26        19        26        19        26
        61        72        84        99       128        84        99        84
        99        84        99        84        99       128        84        99
         2         3         5         8        14        20        27        14
        20        27        14        20        27        14        20        27
        14        20        27        14        20        27        62        73
        85       100       129        85       100        85       100        85
       100        85       100       129        85       100         4         5
         6         9        11        15        21        28        11        15
        21        28        11        15        21        28        11        15
        21        28        11        15        21        28        11        15
        21        28        49        54        63        74        86       101
       117       130        86       101        86       101        86       101
        86       101       117       130        86       101         7         8
         9        10        12        16        22        29        12        16
        22        29        12        16        22        29        12        16
        22        29        12        16        22        29        12        16
        22        29        50        55        64        75        87       102
       118       131        87       102        87       102        87       102
        87       102       118       131        87       102        11        12
        13        17        23        30        34        35        34        35
        34        35        34        35        42        43        65        76
       103       119       132        90       107        90       107        90
       107        90       107       119       132       103        14        15
        16        17        18        24        31        36        37        38
        36        37        38        36        37        38        36        37
        38        44        45        56        66        77       104       120
       133        91       108        91       108        91       108        91
       108       120       133       104        19        20        21        22
        23        24        25        32        34        37        39        40
        34        37        39        40        34        37        39        40
        34        37        39        40        42        44        46        47
        51        57        67        78        88       105       121       134
        92       109        92       109        92       109        92       109
       121       134        88       105        26        27        28        29
        30        31        32        33        35        38        40        41
        35        38        40        41        35        38        40        41
        35        38        40        41        43        45        47        48
        52        58        68        79        89       106       122       135
        93       110        93       110        93       110        93       110
       122       135        89       106        11        12        34        35
        13        17        23        30        34        35        34        35
        42        43        34        35        65        76        90       107
       119       132        90       107       103       103        90       107
       119       132        90       107        14        15        16        36
        37        38        17        18        24        31        36        37
        38        36        37        38        44        45        36        37
        38        56        66        77        91       108       120       133
        91       108       104       104        91       108       120       133
        91       108        19        20        21        22        34        37
        39        40        23        24        25        32        34        37
        39        40        34        37        39        40        42        44
        46        47        34        37        39        40        51        57
        67        78        92       109       121       134        92       109
        88       105        88       105        92       109       121       134
        92       109        26        27        28        29        35        38
        40        41        30        31        32        33        35        38
        40        41        35        38        40        41        43        45
        47        48        35        38        40        41        52        58
        68        79        93       110       122       135        93       110
        89       106        89       106        93       110       122       135
        93       110        11        12        34        35        34        35
        13        17        23        30        42        43        34        35
        34        35        65        76        90       107       119       132
       103        90       107        90       107       103       119       132
        90       107        14        15        16        36        37        38
        36        37        38        17        18        24        31        44
        45        36        37        38        36        37        38        56
        66        77        91       108       120       133       104        91
       108        91       108       104       120       133        91       108
        19        20        21        22        34        37        39        40
        34        37        39        40        23        24        25        32
        42        44        46        47        34        37        39        40
        34        37        39        40        51        57        67        78
        92       109       121       134        88       105        92       109
        92       109        88       105       121       134        92       109
        26        27        28        29        35        38        40        41
        35        38        40        41        30        31        32        33
        43        45        47        48        35        38        40        41
        35        38        40        41        52        58        68        79
        93       110       122       135        89       106        93       110
        93       110        89       106       122       135        93       110
        11        12        34        35        34        35        42        43
        13        17        23        30        34        35        34        35
        65        76        90       107       119       132       103        90
       107        90       107       103       119       132        90       107
        14        15        16        36        37        38        36        37
        38        44        45        17        18        24        31        36
        37        38        36        37        38        56        66        77
        91       108       120       133       104        91       108        91
       108       104       120       133        91       108        19        20
        21        22        34        37        39        40        34        37
        39        40        42        44        46        47        23        24
        25        32        34        37        39        40        34        37
        39        40        51        57        67        78        92       109
       121       134        88       105        92       109        92       109
        88       105       121       134        92       109        26        27
        28        29        35        38        40        41        35        38
        40        41        43        45        47        48        30        31
        32        33        35        38        40        41        35        38
        40        41        52        58        68        79        93       110
       122       135        89       106        93       110        93       110
        89       106       122       135        93       110        11        12
        34        35        42        43        34        35        34        35
        13        17        23        30        34        35        65        76
        90       107       119       132        90       107       103       103
        90       107       119       132        90       107        14        15
        16        36        37        38        44        45        36        37
        38        36        37        38        17        18        24        31
        36        37        38        56        66        77        91       108
       120       133        91       108       104       104        91       108
       120       133        91       108        19        20        21        22
        34        37        39        40        42        44        46        47
        34        37        39        40        34        37        39        40
        23        24        25        32        34        37        39        40
        51        57        67        78        92       109       121       134
        92       109        88       105        88       105        92       109
       121       134        92       109        26        27        28        29
        35        38        40        41        43        45        47        48
        35        38        40        41        35        38        40        41
        30        31        32        33        35        38        40        41
        52        58        68        79        93       110       122       135
        93       110        89       106        89       106        93       110
       122       135        93       110        11        12        42        43
        34        35        34        35        34        35        34        35
        13        17        23        30        65        76       103       119
       132        90       107        90       107        90       107        90
       107       119       132       103        14        15        16        44
        45        36        37        38        36        37        38        36
        37        38        36        37        38        17        18        24
        31        56        66        77       104       120       133        91
       108        91       108        91       108        91       108       120
       133       104        19        20        21        22        42        44
        46        47        34        37        39        40        34        37
        39        40        34        37        39        40        34        37
        39        40        23        24        25        32        51        57
        67        78        88       105       121       134        92       109
        92       109        92       109        92       109       121       134
        88       105        26        27        28        29        43        45
        47        48        35        38        40        41        35        38
        40        41        35        38        40        41        35        38
        40        41        30        31        32        33        52        58
        68        79        89       106       122       135        93       110
        93       110        93       110        93       110       122       135
        89       106        49        50        51        52        51        52
        51        52        51        52        51        52        51        52
        53        59        69        80        94       111       136        94
       111        94       111        94       111        94       111       136
        94       111        54        55        56        57        58        56
        57        58        56        57        58        56        57        58
        56        57        58        56        57        58        59        60
        70        81        95       112       137        95       112        95
       112        95       112        95       112       137        95       112
        61        62        63        64        65        66        67        68
        65        66        67        68        65        66        67        68
        65        66        67        68        65        66        67        68
        65        66        67        68        69        70        71        82
        96       113       123       138        96       113        96       113
        96       113        96       113       123       138        96       113
        72        73        74        75        76        77        78        79
        76        77        78        79        76        77        78        79
        76        77        78        79        76        77        78        79
        76        77        78        79        80        81        82        83
        97       114       124       139        97       114        97       114
        97       114        97       114       124       139        97       114
        84        85        86        87        88        89        90        91
        92        93        90        91        92        93        90        91
        92        93        90        91        92        93        88        89
        94        95        96        97        98       115       125       140
       144       145       144       145       144       145       144       145
       125       140       147        99       100       101       102       103
       104       105       106       107       108       109       110       107
       108       109       110       107       108       109       110       107
       108       109       110       103       104       105       106       111
       112       113       114       115       116       126       141       145
       146       145       146       145       146       145       146       126
       141       147       148       117       118       119       120       121
       122       119       120       121       122       119       120       121
       122       119       120       121       122       119       120       121
       122       119       120       121       122       123       124       125
       126       127       142       125       126       125       126       125
       126       125       126       149       125       126       128       129
       130       131       132       133       134       135       132       133
       134       135       132       133       134       135       132       133
       134       135       132       133       134       135       132       133
       134       135       136       137       138       139       140       141
       142       143       140       141       140       141       140       141
       140       141       149       150       140       141        84        85
        86        87        90        91        92        93        90        91
        92        93        88        89        88        89        90        91
        92        93        90        91        92        93        94        95
        96        97       144       145       125       140        98       115
       144       145       144       145       147       125       140       144
       145        99       100       101       102       107       108       109
       110       107       108       109       110       103       104       105
       106       103       104       105       106       107       108       109
       110       107       108       109       110       111       112       113
       114       145       146       126       141       115       116       145
       146       145       146       147       148       126       141       145
       146        84        85        86        87        90        91        92
        93        88        89        90        91        92        93        90
        91        92        93        88        89        90        91        92
        93        94        95        96        97       144       145       125
       140       144       145        98       115       147       144       145
       125       140       144       145        99       100       101       102
       107       108       109       110       103       104       105       106
       107       108       109       110       107       108       109       110
       103       104       105       106       107       108       109       110
       111       112       113       114       145       146       126       141
       145       146       115       116       147       148       145       146
       126       141       145       146        84        85        86        87
        90        91        92        93        88        89        90        91
        92        93        90        91        92        93        88        89
        90        91        92        93        94        95        96        97
       144       145       125       140       144       145       147        98
       115       144       145       125       140       144       145        99
       100       101       102       107       108       109       110       103
       104       105       106       107       108       109       110       107
       108       109       110       103       104       105       106       107
       108       109       110       111       112       113       114       145
       146       126       141       145       146       147       148       115
       116       145       146       126       141       145       146        84
        85        86        87        90        91        92        93        90
        91        92        93        88        89        88        89        90
        91        92        93        90        91        92        93        94
        95        96        97       144       145       125       140       147
       144       145       144       145        98       115       125       140
       144       145        99       100       101       102       107       108
       109       110       107       108       109       110       103       104
       105       106       103       104       105       106       107       108
       109       110       107       108       109       110       111       112
       113       114       145       146       126       141       147       148
       145       146       145       146       115       116       126       141
       145       146       117       118       119       120       121       122
       119       120       121       122       119       120       121       122
       119       120       121       122       119       120       121       122
       119       120       121       122       123       124       125       126
       149       125       126       125       126       125       126       125
       126       127       142       125       126       128       129       130
       131       132       133       134       135       132       133       134
       135       132       133       134       135       132       133       134
       135       132       133       134       135       132       133       134
       135       136       137       138       139       140       141       149
       150       140       141       140       141       140       141       140
       141       142       143       140       141        84        85        86
        87        88        89        90        91        92        93        90
        91        92        93        90        91        92        93        90
        91        92        93        88        89        94        95        96
        97       147       125       140       144       145       144       145
       144       145       144       145       125       140        98       115
        99       100       101       102       103       104       105       106
       107       108       109       110       107       108       109       110
       107       108       109       110       107       108       109       110
       103       104       105       106       111       112       113       114
       147       148       126       141       145       146       145       146
       145       146       145       146       126       141       115       116
 LA34V
         0        44        44        44       132       132       220       220
       396       396       660       660      1012      1012      1276      1276
      1452      1452      1540      1540      2244      3036      3036      3916
      3916      3872      3872      2992      2992      2200      1496      1496
         0         0        44        44       132       132       132       220
       220       220       396       396       396       660       660       660
      1012      1012      1012      1276      1276      1276      1452      1452
      1540      1540      2244      3036      3036      3916      3916      3872
      3872      2992      2992      2200      1496      1496         0         0
         0        44       132       132       132       132       220       220
       220       220       396       396       396       396       660       660
       660       660      1012      1012      1012      1012      1276      1276
      1276      1276      1452      1452      1452      1452      1540      1540
      2244      2244      3036      3036      3916      3916      3872      3872
      2992      2992      2200      2200      1496      1496         0         0
         0         0       132       132       132       132       220       220
       220       220       396       396       396       396       660       660
       660       660      1012      1012      1012      1012      1276      1276
      1276      1276      1452      1452      1452      1452      1540      1540
      2244      2244      3036      3036      3916      3916      3872      3872
      2992      2992      2200      2200      1496      1496        88        88
         0        44        44        44       308       308       484       484
       748       748      1100      1100      1364      1364      1276      1276
      1628      2332      2332      3124      3124      4004      4004      4884
      4884      5852      5852      6732      6732      7524        88        88
        88         0         0        44        44       308       308       308
       484       484       484       748       748       748      1100      1100
      1100      1364      1364      1276      1276      1276      1628      2332
      2332      3124      3124      4004      4004      4884      4884      5852
      5852      6732      6732      7524        88        88        88        88
         0         0         0        44       308       308       308       308
       484       484       484       484       748       748       748       748
      1100      1100      1100      1100      1364      1364      1364      1364
      1276      1276      1276      1276      1628      1628      2332      2332
      3124      3124      4004      4004      4884      4884      5852      5852
      6732      6732      7524      7524        88        88        88        88
         0         0         0         0       308       308       308       308
       484       484       484       484       748       748       748       748
      1100      1100      1100      1100      1364      1364      1364      1364
      1276      1276      1276      1276      1628      1628      2332      2332
      3124      3124      4004      4004      4884      4884      5852      5852
      6732      6732      7524      7524       176       176       264       264
         0        44        44        44       572       572       836       836
      1188      1188      1100      1100      1012      1012      1716      1716
      2420      2420      3212      3212      4092      4972      5940      5940
      6820      6820      7612      7612       176       176       176       264
       264       264         0         0        44        44       572       572
       572       836       836       836      1188      1188      1100      1100
      1100      1012      1012      1012      1716      1716      2420      2420
      3212      3212      4092      4972      5940      5940      6820      6820
      7612      7612       176       176       176       176       264       264
       264       264         0         0         0        44       572       572
       572       572       836       836       836       836      1188      1188
      1188      1188      1100      1100      1100      1100      1012      1012
      1012      1012      1716      1716      2420      2420      3212      3212
      4092      4092      4972      4972      5940      5940      6820      6820
      7612      7612       176       176       176       176       264       264
       264       264         0         0         0         0       572       572
       572       572       836       836       836       836      1188      1188
      1188      1188      1100      1100      1100      1100      1012      1012
      1012      1012      1716      1716      2420      2420      3212      3212
      4092      4092      4972      4972      5940      5940      6820      6820
      7612      7612       352       352       440       440       528       528
         0        44        44        44       924       924       836       836
       748       748       660       660      1804      1804      2508      2508
      3300      4180      4180      5060      5060      6028      6908      6908
      7700      7700       352       352       352       440       440       440
       528       528       528         0         0        44        44       924
       924       836       836       836       748       748       748       660
       660       660      1804      1804      2508      2508      3300      4180
      4180      5060      5060      6028      6908      6908      7700      7700
       352       352       352       352       440       440       440       440
       528       528       528       528         0         0         0        44
       924       924       924       924       836       836       836       836
       748       748       748       748       660       660       660       660
      1804      1804      2508      2508      3300      3300      4180      4180
      5060      5060      6028      6028      6908      6908      7700      7700
       352       352       352       352       440       440       440       440
       528       528       528       528         0         0         0         0
       924       924       924       924       836       836       836       836
       748       748       748       748       660       660       660       660
      1804      1804      2508      2508      3300      3300      4180      4180
      5060      5060      6028      6028      6908      6908      7700      7700
       616       616       704       704       792       792       880       880
         0        44        44        44       572       572       484       484
       396       396      1892      1892      2596      2596      3388      4268
      4268      5148      5148      6116      6996      6996      7788      7788
       616       616       616       704       704       704       792       792
       792       880       880         0         0        44        44       572
       572       572       484       484       484       396       396       396
      1892      1892      2596      2596      3388      4268      4268      5148
      5148      6116      6996      6996      7788      7788       616       616
       616       616       704       704       704       704       792       792
       792       792       880       880       880       880         0         0
         0        44       572       572       572       572       484       484
       484       484       396       396       396       396      1892      1892
      2596      2596      3388      3388      4268      4268      5148      5148
      6116      6116      6996      6996      7788      7788       616       616
       616       616       704       704       704       704       792       792
       792       792       880       880       880       880         0         0
         0         0       572       572       572       572       484       484
       484       484       396       396       396       396      1892      1892
      2596      2596      3388      3388      4268      4268      5148      5148
      6116      6116      6996      6996      7788      7788       968       968
      1056      1056      1144      1144       792       792       528       528
         0        44        44        44       308       308       220       220
      1980      1980      2684      2684      3476      3476      4356      5236
      6204      6204      7084      7084      7876      7876       968       968
       968      1056      1056      1056      1144      1144       792       792
       792       528       528       528         0         0        44        44
       308       308       308       220       220       220      1980      1980
      2684      2684      3476      3476      4356      5236      6204      6204
      7084      7084      7876      7876       968       968       968       968
      1056      1056      1056      1056      1144      1144      1144      1144
       792       792       792       792       528       528       528       528
         0         0         0        44       308       308       308       308
       220       220       220       220      1980      1980      2684      2684
      3476      3476      4356      4356      5236      5236      6204      6204
      7084      7084      7876      7876       968       968       968       968
      1056      1056      1056      1056      1144      1144      1144      1144
       792       792       792       792       528       528       528       528
         0         0         0         0       308       308       308       308
       220       220       220       220      1980      1980      2684      2684
      3476      3476      4356      4356      5236      5236      6204      6204
      7084      7084      7876      7876      1232      1232      1320      1320
      1056      1056       704       704       440       440       264       264
         0        44        44        44       132       132      2068      2772
      2772      3564      3564      4444      4444      5324      5324      6292
      6292      7172      7172      7964      1232      1232      1232      1320
      1320      1056      1056      1056       704       704       704       440
       440       440       264       264       264         0         0        44
        44       132       132       132      2068      2772      2772      3564
      3564      4444      4444      5324      5324      6292      6292      7172
      7172      7964      1232      1232      1232      1232      1320      1320
      1320      1320      1056      1056      1056      1056       704       704
       704       704       440       440       440       440       264       264
       264       264         0         0         0        44       132       132
       132       132      2068      2068      2772      2772      3564      3564
      4444      4444      5324      5324      6292      6292      7172      7172
      7964      7964      1232      1232      1232      1232      1320      1320
      1320      1320      1056      1056      1056      1056       704       704
       704       704       440       440       440       440       264       264
       264       264         0         0         0         0       132       132
       132       132      2068      2068      2772      2772      3564      3564
      4444      4444      5324      5324      6292      6292      7172      7172
      7964      7964      1408      1408      1232      1232       968       968
       616       616       352       352       176       176        88        88
         0        44        44        44      2156      2156      2860      3652
      3652      4532      4532      5412      5412      6380      6380      7260
      8052      8052      1408      1408      1232      1232      1232       968
       968       968       616       616       616       352       352       352
       176       176       176        88        88        88         0         0
        44        44      2156      2156      2860      3652      3652      4532
      4532      5412      5412      6380      6380      7260      8052      8052
      1408      1408      1408      1408      1232      1232      1232      1232
       968       968       968       968       616       616       616       616
       352       352       352       352       176       176       176       176
        88        88        88        88         0         0         0        44
      2156      2156      2860      2860      3652      3652      4532      4532
      5412      5412      6380      6380      7260      7260      8052      8052
      1408      1408      1408      1408      1232      1232      1232      1232
       968       968       968       968       616       616       616       616
       352       352       352       352       176       176       176       176
        88        88        88        88         0         0         0         0
      2156      2156      2860      2860      3652      3652      4532      4532
      5412      5412      6380      6380      7260      7260      8052      8052
      1496      1496      1496      1496      1584      1584      1672      1672
      1672      1672      1760      1760      1760      1760      1848      1848
      1848      1848      1936      1936      1936      1936      2024      2024
      2112      2112      2112      2112         0        44      2948      2948
      3740      3740      4620      4620      5500      5500      6468      6468
      7348      7348      8140      1496      1496      1496      1496      1584
      1584      1584      1584      1672      1672      1672      1672      1760
      1760      1760      1760      1848      1848      1848      1848      1936
      1936      1936      1936      2024      2024      2024      2024      2112
      2112      2112      2112         0         0      2948      2948      3740
      3740      4620      4620      5500      5500      6468      6468      7348
      7348      8140      8140      2200      2200      2288      2288      2288
      2288      2376      2376      2376      2376      2464      2464      2464
      2464      2552      2552      2552      2552      2640      2640      2640
      2640      2728      2728      2728      2728      2816      2816      2904
      2904         0        44      3828      3828      4708      4708      5588
      5588      6556      6556      7436      7348      7348      2200      2200
      2200      2200      2288      2288      2288      2288      2376      2376
      2376      2376      2464      2464      2464      2464      2552      2552
      2552      2552      2640      2640      2640      2640      2728      2728
      2728      2728      2816      2816      2816      2816      2904      2904
         0         0      3828      3828      4708      4708      5588      5588
      6556      6556      7436      7436      7348      7348      2992      2992
      2992      2992      3080      3080      3080      3080      3168      3168
      3168      3168      3256      3256      3344      3344      3432      3432
      3432      3432      3520      3520      3520      3520      3608      3608
      3608      3608      3696      3696      3784      3784         0        44
      4796      4796      5676      5676      6644      6556      6556      6468
      6468      2992      2992      2992      2992      3080      3080      3080
      3080      3168      3168      3168      3168      3256      3256      3256
      3256      3344      3344      3344      3344      3432      3432      3432
      3432      3520      3520      3520      3520      3608      3608      3608
      3608      3696      3696      3784      3784         0         0      4796
      4796      5676      5676      6644      6644      6556      6556      6468
      6468      3872      3872      3872      3872      3960      3960      3960
      3960      4048      4048      4136      4136      4136      4136      4224
      4224      4224      4224      4312      4312      4400      4400      4400
      4400      4488      4488      4488      4488      4576      4576      4664
      4664      4752      4752         0        44      5764      5676      5676
      5588      5588      5500      5500      3872      3872      3872      3872
      3960      3960      3960      3960      4048      4048      4048      4048
      4136      4136      4136      4136      4224      4224      4224      4224
      4312      4312      4312      4312      4400      4400      4400      4400
      4488      4488      4488      4488      4576      4576      4664      4664
      4752      4752         0         0      5764      5764      5676      5676
      5588      5588      5500      5500      3916      3916      3916      3916
      4840      4840      4840      4840      4928      4928      5016      5016
      5016      5016      5104      5104      5104      5104      5192      5192
      5280      5280      5280      5280      5368      5368      5368      5368
      5456      5456      5544      5544      5632      5632      5720         0
        44      4796      4796      4708      4708      4620      4620      3916
      3916      3916      3916      4840      4840      4840      4840      4928
      4928      4928      4928      5016      5016      5016      5016      5104
      5104      5104      5104      5192      5192      5192      5192      5280
      5280      5280      5280      5368      5368      5368      5368      5456
      5456      5544      5544      5632      5632      5720      5720         0
         0      4796      4796      4708      4708      4620      4620      3036
      3036      3036      3036      5808      5808      5808      5808      5896
      5896      5896      5896      5984      5984      6072      6072      6160
      6160      6160      6160      6248      6248      6248      6248      6336
      6336      6336      6336      6424      6424      6512      6512      6600
      5632      5632      4752      4752         0        44      3828      3828
      3740      3740      3036      3036      3036      3036      5808      5808
      5808      5808      5896      5896      5896      5896      5984      5984
      5984      5984      6072      6072      6072      6072      6160      6160
      6160      6160      6248      6248      6248      6248      6336      6336
      6336      6336      6424      6424      6512      6512      6600      6600
      5632      5632      4752      4752         0         0      3828      3828
      3740      3740      2244      2244      6688      6688      6688      6688
      6776      6776      6776      6776      6864      6864      6864      6864
      6952      6952      6952      6952      7040      7040      7040      7040
      7128      7128      7128      7128      7216      7216      7304      7304
      7392      6512      6512      5544      5544      4664      4664      3784
      3784         0        44      2948      2948      2244      2244      2244
      2244      6688      6688      6688      6688      6776      6776      6776
      6776      6864      6864      6864      6864      6952      6952      6952
      6952      7040      7040      7040      7040      7128      7128      7128
      7128      7216      7216      7216      7216      7304      7304      7392
      7392      6512      6512      5544      5544      4664      4664      3784
      3784         0         0      2948      2948      1540      1540      1540
      1540      7480      7480      7568      7568      7568      7568      7656
      7656      7656      7656      7744      7744      7744      7744      7832
      7832      7832      7832      7920      7920      8008      8008      8008
      8008      8096      7304      7304      6424      6424      5456      5456
      4576      4576      3696      3696      2904      2904         0        44
      1540      1540      1540      1540      7480      7480      7480      7480
      7568      7568      7568      7568      7656      7656      7656      7656
      7744      7744      7744      7744      7832      7832      7832      7832
      7920      7920      7920      7920      8008      8008      8008      8008
      8096      8096      7304      7304      6424      6424      5456      5456
      4576      4576      3696      3696      2904      2904         0         0
 LA34F
       186
 NGSHG
         0         1        13        19        43         0         0         0
         0         0         0         0         0         0         0         0
         0         0         0         0         0         0         0         0
         0         0         0         0         0         0         0         0
         0         0         0         0         0         0         0         0
         0         0         0         0        43        44        56        62
        86         0         0         0         0         0         0         0
         0         0         0         0         0         0         0         0
         0         0         0         0         0         0         0         0
         0         0         0         0         0         0         0         0
         0         0         0         0         0         0         0         0
        86        88        92        96       104       110       114       126
         0         0         0         0         0         0         0         0
         0         0         0         0         0         0         0         0
         0         0         0         0         0         0         0         0
         0         0         0         0         0         0         0         0
         0         0         0         0       129       131       135       139
       147       153       157       169         0         0         0         0
         0         0         0         0         0         0         0         0
         0         0         0         0         0         0         0         0
         0         0         0         0         0         0         0         0
         0         0         0         0         0         0         0         0
       172       174       178       182       190       196       200       212
         0         0         0         0         0         0         0         0
         0         0         0         0         0         0         0         0
         0         0         0         0         0         0         0         0
         0         0         0         0         0         0         0         0
         0         0         0         0       215       217       221       225
       233       239       243       255         0         0         0         0
         0         0         0         0         0         0         0         0
         0         0         0         0         0         0         0         0
         0         0         0         0         0         0         0         0
         0         0         0         0         0         0         0         0
       258       260       264       268       276       282       286       298
         0         0         0         0         0         0         0         0
         0         0         0         0         0         0         0         0
         0         0         0         0         0         0         0         0
         0         0         0         0         0         0         0         0
         0         0         0         0       301       303       307       311
       319       325       329       341         0         0         0         0
         0         0         0         0         0         0         0         0
         0         0         0         0         0         0         0         0
         0         0         0         0         0         0         0         0
         0         0         0         0         0         0         0         0
       344       346       350       354       362       368       372       384
         0         0         0         0         0         0         0         0
         0         0         0         0         0         0         0         0
         0         0         0         0         0         0         0         0
         0         0         0         0         0         0         0         0
         0         0         0         0       387       389       393       397
       405       411       415       427         0         0         0         0
         0         0         0         0         0         0         0         0
         0         0         0         0         0         0         0         0
         0         0         0         0         0         0         0         0
         0         0         0         0         0         0         0         0
       430       432       436       440       448       454       458       470
         0         0         0         0         0         0         0         0
         0         0         0         0         0         0         0         0
         0         0         0         0         0         0         0         0
         0         0         0         0         0         0         0         0
         0         0         0         0       473       475       479       483
       491       497       501       513         0         0         0         0
         0         0         0         0         0         0         0         0
         0         0         0         0         0         0         0         0
         0         0         0         0         0         0         0         0
         0         0         0         0         0         0         0         0
       516       518       522       526       534       540       544       556
         0         0         0         0         0         0         0         0
         0         0         0         0         0         0         0         0
         0         0         0         0         0         0         0         0
         0         0         0         0         0         0         0         0
         0         0         0         0       559       561       565       569
       577       583       587       599         0         0         0         0
         0         0         0         0         0         0         0         0
         0         0         0         0         0         0         0         0
         0         0         0         0         0         0         0         0
         0         0         0         0         0         0         0         0
       602       604       608       612       620       626       630       642
         0         0         0         0         0         0         0         0
         0         0         0         0         0         0         0         0
         0         0         0         0         0         0         0         0
         0         0         0         0         0         0         0         0
         0         0         0         0       645       647       651       655
       663       669       673       685         0         0         0         0
         0         0         0         0         0         0         0         0
         0         0         0         0         0         0         0         0
         0         0         0         0         0         0         0         0
         0         0         0         0         0         0         0         0
       688       690       694       698       706       712       716       728
         0         0         0         0         0         0         0         0
         0         0         0         0         0         0         0         0
         0         0         0         0         0         0         0         0
         0         0         0         0         0         0         0         0
         0         0         0         0       731       733       737       741
       749       755       759       771         0         0         0         0
         0         0         0         0         0         0         0         0
         0         0         0         0         0         0         0         0
         0         0         0         0         0         0         0         0
         0         0         0         0         0         0         0         0
       774       776       780       784       792       798       802       814
         0         0         0         0         0         0         0         0
         0         0         0         0         0         0         0         0
         0         0         0         0         0         0         0         0
         0         0         0         0         0         0         0         0
         0         0         0         0       817       819       823       827
       835       841       845       857         0         0         0         0
         0         0         0         0         0         0         0         0
         0         0         0         0         0         0         0         0
         0         0         0         0         0         0         0         0
         0         0         0         0         0         0         0         0
       860       866       874       898         0         0         0         0
         0         0         0         0         0         0         0         0
         0         0         0         0         0         0         0         0
         0         0         0         0         0         0         0         0
         0         0         0         0         0         0         0         0
         0         0         0         0       903       909       917       941
         0         0         0         0         0         0         0         0
         0         0         0         0         0         0         0         0
         0         0         0         0         0         0         0         0
         0         0         0         0         0         0         0         0
         0         0         0         0         0         0         0         0
       946       948       952       956       964       970       974       986
         0         0         0         0         0         0         0         0
         0         0         0         0         0         0         0         0
         0         0         0         0         0         0         0         0
         0         0         0         0         0         0         0         0
         0         0         0         0       989       991       995       999
      1007      1013      1017      1029         0         0         0         0
         0         0         0         0         0         0         0         0
         0         0         0         0         0         0         0         0
         0         0         0         0         0         0         0         0
         0         0         0         0         0         0         0         0
      1032      1034      1038      1042      1050      1056      1060      1072
         0         0         0         0         0         0         0         0
         0         0         0         0         0         0         0         0
         0         0         0         0         0         0         0         0
         0         0         0         0         0         0         0         0
         0         0         0         0      1075      1077      1081      1085
      1093      1099      1103      1115         0         0         0         0
         0         0         0         0         0         0         0         0
         0         0         0         0         0         0         0         0
         0         0         0         0         0         0         0         0
         0         0         0         0         0         0         0         0
      1118      1124      1132      1156         0         0         0         0
         0         0         0         0         0         0         0         0
         0         0         0         0         0         0         0         0
         0         0         0         0         0         0         0         0
         0         0         0         0         0         0         0         0
         0         0         0         0      1161      1167      1175      1199
         0         0         0         0         0         0         0         0
         0         0         0         0         0         0         0         0
         0         0         0         0         0         0         0         0
         0         0         0         0         0         0         0         0
         0         0         0         0         0         0         0         0
      1204      1206      1210      1214      1222      1228      1232      1244
         0         0         0         0         0         0         0         0
         0         0         0         0         0         0         0         0
         0         0         0         0         0         0         0         0
         0         0         0         0         0         0         0         0
         0         0         0         0      1247      1249      1253      1257
      1265      1271      1275      1287         0         0         0         0
         0         0         0         0         0         0         0         0
         0         0         0         0         0         0         0         0
         0         0         0         0         0         0         0         0
         0         0         0         0         0         0         0         0
      1290      1296      1304      1328         0         0         0         0
         0         0         0         0         0         0         0         0
         0         0         0         0         0         0         0         0
         0         0         0         0         0         0         0         0
         0         0         0         0         0         0         0         0
         0         0         0         0      1333      1339      1347      1371
         0         0         0         0         0         0         0         0
         0         0         0         0         0         0         0         0
         0         0         0         0         0         0         0         0
         0         0         0         0         0         0         0         0
         0         0         0         0         0         0         0         0
      1376      1382      1390      1414         0         0         0         0
         0         0         0         0         0         0         0         0
         0         0         0         0         0         0         0         0
         0         0         0         0         0         0         0         0
         0         0         0         0         0         0         0         0
         0         0         0         0      1419      1425      1433      1457
         0         0         0         0         0         0         0         0
         0         0         0         0         0         0         0         0
         0         0         0         0         0         0         0         0
         0         0         0         0         0         0         0         0
         0         0         0         0         0         0         0         0
      1462      1463      1467      1472      1476      1484         0         0
         0         0         0         0         0         0         0         0
         0         0         0         0         0         0         0         0
         0         0         0         0         0         0         0         0
         0         0         0         0         0         0         0         0
         0         0         0         0      1505      1506      1510      1515
      1519      1527         0         0         0         0         0         0
         0         0         0         0         0         0         0         0
         0         0         0         0         0         0         0         0
         0         0         0         0         0         0         0         0
         0         0         0         0         0         0         0         0
      1548      1552      1564         0         0         0         0         0
         0         0         0         0         0         0         0         0
         0         0         0         0         0         0         0         0
         0         0         0         0         0         0         0         0
         0         0         0         0         0         0         0         0
         0         0         0         0      1591      1595      1607         0
         0         0         0         0         0         0         0         0
         0         0         0         0         0         0         0         0
         0         0         0         0         0         0         0         0
         0         0         0         0         0         0         0         0
         0         0         0         0         0         0         0         0
      1634      1635      1639      1644      1648      1656         0         0
         0         0         0         0         0         0         0         0
         0         0         0         0         0         0         0         0
         0         0         0         0         0         0         0         0
         0         0         0         0         0         0         0         0
         0         0         0         0      1677      1678      1682      1687
      1691      1699         0         0         0         0         0         0
         0         0         0         0         0         0         0         0
         0         0         0         0         0         0         0         0
         0         0         0         0         0         0         0         0
         0         0         0         0         0         0         0         0
      1720      1721      1725      1730      1734      1742         0         0
         0         0         0         0         0         0         0         0
         0         0         0         0         0         0         0         0
         0         0         0         0         0         0         0         0
         0         0         0         0         0         0         0         0
         0         0         0         0      1763      1764      1768      1773
      1777      1785         0         0         0         0         0         0
         0         0         0         0         0         0         0         0
         0         0         0         0         0         0         0         0
         0         0         0         0         0         0         0         0
         0         0         0         0         0         0         0         0
      1806      1807      1811      1816      1820      1828         0         0
         0         0         0         0         0         0         0         0
         0         0         0         0         0         0         0         0
         0         0         0         0         0         0         0         0
         0         0         0         0         0         0         0         0
         0         0         0         0      1849      1850      1854      1859
      1863      1871         0         0         0         0         0         0
         0         0         0         0         0         0         0         0
         0         0         0         0         0         0         0         0
         0         0         0         0         0         0         0         0
         0         0         0         0         0         0         0         0
      1892      1893      1897      1902      1906      1914         0         0
         0         0         0         0         0         0         0         0
         0         0         0         0         0         0         0         0
         0         0         0         0         0         0         0         0
         0         0         0         0         0         0         0         0
         0         0         0         0      1935      1936      1940      1945
      1949      1957         0         0         0         0         0         0
         0         0         0         0         0         0         0         0
         0         0         0         0         0         0         0         0
         0         0         0         0         0         0         0         0
         0         0         0         0         0         0         0         0
      1978      1982      1994         0         0         0         0         0
         0         0         0         0         0         0         0         0
         0         0         0         0         0         0         0         0
         0         0         0         0         0         0         0         0
         0         0         0         0         0         0         0         0
         0         0         0         0      2021      2025      2037         0
         0         0         0         0         0         0         0         0
         0         0         0         0         0         0         0         0
         0         0         0         0         0         0         0         0
         0         0         0         0         0         0         0         0
         0         0         0         0         0         0         0         0
      2064      2065      2069      2074      2078      2086         0         0
         0         0         0         0         0         0         0         0
         0         0         0         0         0         0         0         0
         0         0         0         0         0         0         0         0
         0         0         0         0         0         0         0         0
         0         0         0         0      2107      2108      2112      2117
      2121      2129         0         0         0         0         0         0
         0         0         0         0         0         0         0         0
         0         0         0         0         0         0         0         0
         0         0         0         0         0         0         0         0
         0         0         0         0         0         0         0         0
      2150      2154      2166         0         0         0         0         0
         0         0         0         0         0         0         0         0
         0         0         0         0         0         0         0         0
         0         0         0         0         0         0         0         0
         0         0         0         0         0         0         0         0
         0         0         0         0      2193      2197      2209         0
         0         0         0         0         0         0         0         0
         0         0         0         0         0         0         0         0
         0         0         0         0         0         0         0         0
         0         0         0         0         0         0         0         0
         0         0         0         0         0         0         0         0
      2236      2237      2241      2246      2250      2258         0         0
         0         0         0         0         0         0         0         0
         0         0         0         0         0         0         0         0
         0         0         0         0         0         0         0         0
         0         0         0         0         0         0         0         0
         0         0         0         0      2279      2280      2284      2289
      2293      2301         0         0         0         0         0         0
         0         0         0         0         0         0         0         0
         0         0         0         0         0         0         0         0
         0         0         0         0         0         0         0         0
         0         0         0         0         0         0         0         0
      2322      2323      2327      2332      2336      2344         0         0
         0         0         0         0         0         0         0         0
         0         0         0         0         0         0         0         0
         0         0         0         0         0         0         0         0
         0         0         0         0         0         0         0         0
         0         0         0         0      2365      2366      2370      2375
      2379      2387         0         0         0         0         0         0
         0         0         0         0         0         0         0         0
         0         0         0         0         0         0         0         0
         0         0         0         0         0         0         0         0
         0         0         0         0         0         0         0         0
      2408      2409      2413      2418      2422      2430         0         0
         0         0         0         0         0         0         0         0
         0         0         0         0         0         0         0         0
         0         0         0         0         0         0         0         0
         0         0         0         0         0         0         0         0
         0         0         0         0      2451      2452      2456      2461
      2465      2473         0         0         0         0         0         0
         0         0         0         0         0         0         0         0
         0         0         0         0         0         0         0         0
         0         0         0         0         0         0         0         0
         0         0         0         0         0         0         0         0
      2494      2495      2499      2504      2508      2516         0         0
         0         0         0         0         0         0         0         0
         0         0         0         0         0         0         0         0
         0         0         0         0         0         0         0         0
         0         0         0         0         0         0         0         0
         0         0         0         0      2537      2538      2542      2547
      2551      2559         0         0         0         0         0         0
         0         0         0         0         0         0         0         0
         0         0         0         0         0         0         0         0
         0         0         0         0         0         0         0         0
         0         0         0         0         0         0         0         0
      2580      2581      2585      2590      2594      2602         0         0
         0         0         0         0         0         0         0         0
         0         0         0         0         0         0         0         0
         0         0         0         0         0         0         0         0
         0         0         0         0         0         0         0         0
         0         0         0         0      2623      2624      2628      2633
      2637      2645         0         0         0         0         0         0
         0         0         0         0         0         0         0         0
         0         0         0         0         0         0         0         0
         0         0         0         0         0         0         0         0
         0         0         0         0         0         0         0         0
      2666      2667      2671      2676      2680      2688         0         0
         0         0         0         0         0         0         0         0
         0         0         0         0         0         0         0         0
         0         0         0         0         0         0         0         0
         0         0         0         0         0         0         0         0
         0         0         0         0      2709      2710      2714      2719
      2723      2731         0         0         0         0         0         0
         0         0         0         0         0         0         0         0
         0         0         0         0         0         0         0         0
         0         0         0         0         0         0         0         0
         0         0         0         0         0         0         0         0
      2752      2756      2768         0         0         0         0         0
         0         0         0         0         0         0         0         0
         0         0         0         0         0         0         0         0
         0         0         0         0         0         0         0         0
         0         0         0         0         0         0         0         0
         0         0         0         0      2795      2799      2811         0
         0         0         0         0         0         0         0         0
         0         0         0         0         0         0         0         0
         0         0         0         0         0         0         0         0
         0         0         0         0         0         0         0         0
         0         0         0         0         0         0         0         0
      2838      2840      2844         0         0         0         0         0
         0         0         0         0         0         0         0         0
         0         0         0         0         0         0         0         0
         0         0         0         0         0         0         0         0
         0         0         0         0         0         0         0         0
         0         0         0         0      2881      2883      2887         0
         0         0         0         0         0         0         0         0
         0         0         0         0         0         0         0         0
         0         0         0         0         0         0         0         0
         0         0         0         0         0         0         0         0
         0         0         0         0         0         0         0         0
      2924      2925      2929      2934      2938      2946         0         0
         0         0         0         0         0         0         0         0
         0         0         0         0         0         0         0         0
         0         0         0         0         0         0         0         0
         0         0         0         0         0         0         0         0
         0         0         0         0      2967      2968      2972      2977
      2981      2989         0         0         0         0         0         0
         0         0         0         0         0         0         0         0
         0         0         0         0         0         0         0         0
         0         0         0         0         0         0         0         0
         0         0         0         0         0         0         0         0
      3010      3011      3015      3020      3024      3032         0         0
         0         0         0         0         0         0         0         0
         0         0         0         0         0         0         0         0
         0         0         0         0         0         0         0         0
         0         0         0         0         0         0         0         0
         0         0         0         0      3053      3054      3058      3063
      3067      3075         0         0         0         0         0         0
         0         0         0         0         0         0         0         0
         0         0         0         0         0         0         0         0
         0         0         0         0         0         0         0         0
         0         0         0         0         0         0         0         0
      3096      3097      3101      3106      3110      3118         0         0
         0         0         0         0         0         0         0         0
         0         0         0         0         0         0         0         0
         0         0         0         0         0         0         0         0
         0         0         0         0         0         0         0         0
         0         0         0         0      3139      3140      3144      3149
      3153      3161         0         0         0         0         0         0
         0         0         0         0         0         0         0         0
         0         0         0         0         0         0         0         0
         0         0         0         0         0         0         0         0
         0         0         0         0         0         0         0         0
      3182      3186      3198         0         0         0         0         0
         0         0         0         0         0         0         0         0
         0         0         0         0         0         0         0         0
         0         0         0         0         0         0         0         0
         0         0         0         0         0         0         0         0
         0         0         0         0      3225      3229      3241         0
         0         0         0         0         0         0         0         0
         0         0         0         0         0         0         0         0
         0         0         0         0         0         0         0         0
         0         0         0         0         0         0         0         0
         0         0         0         0         0         0         0         0
      3268      3272      3284         0         0         0         0         0
         0         0         0         0         0         0         0         0
         0         0         0         0         0         0         0         0
         0         0         0         0         0         0         0         0
         0         0         0         0         0         0         0         0
         0         0         0         0      3311      3315      3327         0
         0         0         0         0         0         0         0         0
         0         0         0         0         0         0         0         0
         0         0         0         0         0         0         0         0
         0         0         0         0         0         0         0         0
         0         0         0         0         0         0         0         0
      3354      3355      3359      3364      3368      3376         0         0
         0         0         0         0         0         0         0         0
         0         0         0         0         0         0         0         0
         0         0         0         0         0         0         0         0
         0         0         0         0         0         0         0         0
         0         0         0         0      3397      3398      3402      3407
      3411      3419         0         0         0         0         0         0
         0         0         0         0         0         0         0         0
         0         0         0         0         0         0         0         0
         0         0         0         0         0         0         0         0
         0         0         0         0         0         0         0         0
      3440      3441      3445      3450      3454      3462         0         0
         0         0         0         0         0         0         0         0
         0         0         0         0         0         0         0         0
         0         0         0         0         0         0         0         0
         0         0         0         0         0         0         0         0
         0         0         0         0      3483      3484      3488      3493
      3497      3505         0         0         0         0         0         0
         0         0         0         0         0         0         0         0
         0         0         0         0         0         0         0         0
         0         0         0         0         0         0         0         0
         0         0         0         0         0         0         0         0
      3526      3527      3531      3536      3540      3548         0         0
         0         0         0         0         0         0         0         0
         0         0         0         0         0         0         0         0
         0         0         0         0         0         0         0         0
         0         0         0         0         0         0         0         0
         0         0         0         0      3569      3570      3574      3579
      3583      3591         0         0         0         0         0         0
         0         0         0         0         0         0         0         0
         0         0         0         0         0         0         0         0
         0         0         0         0         0         0         0         0
         0         0         0         0         0         0         0         0
      3612      3614      3618         0         0         0         0         0
         0         0         0         0         0         0         0         0
         0         0         0         0         0         0         0         0
         0         0         0         0         0         0         0         0
         0         0         0         0         0         0         0         0
         0         0         0         0      3655      3657      3661         0
         0         0         0         0         0         0         0         0
         0         0         0         0         0         0         0         0
         0         0         0         0         0         0         0         0
         0         0         0         0         0         0         0         0
         0         0         0         0         0         0         0         0
      3698      3700      3704         0         0         0         0         0
         0         0         0         0         0         0         0         0
         0         0         0         0         0         0         0         0
         0         0         0         0         0         0         0         0
         0         0         0         0         0         0         0         0
         0         0         0         0      3741      3743      3747         0
         0         0         0         0         0         0         0         0
         0         0         0         0         0         0         0         0
         0         0         0         0         0         0         0         0
         0         0         0         0         0         0         0         0
         0         0         0         0         0         0         0         0
      3784      3785      3789      3794      3798      3806         0         0
         0         0         0         0         0         0         0         0
         0         0         0         0         0         0         0         0
         0         0         0         0         0         0         0         0
         0         0         0         0         0         0         0         0
         0         0         0         0      3827      3828      3832      3837
      3841      3849         0         0         0         0         0         0
         0         0         0         0         0         0         0         0
         0         0         0         0         0         0         0         0
         0         0         0         0         0         0         0         0
         0         0         0         0         0         0         0         0
      3870      3871      3875      3880      3884      3892         0         0
         0         0         0         0         0         0         0         0
         0         0         0         0         0         0         0         0
         0         0         0         0         0         0         0         0
         0         0         0         0         0         0         0         0
         0         0         0         0      3913      3914      3918      3923
      3927      3935         0         0         0         0         0         0
         0         0         0         0         0         0         0         0
         0         0         0         0         0         0         0         0
         0         0         0         0         0         0         0         0
         0         0         0         0         0         0         0         0
      3956      3960      3972         0         0         0         0         0
         0         0         0         0         0         0         0         0
         0         0         0         0         0         0         0         0
         0         0         0         0         0         0         0         0
         0         0         0         0         0         0         0         0
         0         0         0         0      3999      4003      4015         0
         0         0         0         0         0         0         0         0
         0         0         0         0         0         0         0         0
         0         0         0         0         0         0         0         0
         0         0         0         0         0         0         0         0
         0         0         0         0         0         0         0         0
      4042      4043      4047      4052      4056      4064         0         0
         0         0         0         0         0         0         0         0
         0         0         0         0         0         0         0         0
         0         0         0         0         0         0         0         0
         0         0         0         0         0         0         0         0
         0         0         0         0      4085      4086      4090      4095
      4099      4107         0         0         0         0         0         0
         0         0         0         0         0         0         0         0
         0         0         0         0         0         0         0         0
         0         0         0         0         0         0         0         0
         0         0         0         0         0         0         0         0
      4128      4129      4133      4138      4142      4150         0         0
         0         0         0         0         0         0         0         0
         0         0         0         0         0         0         0         0
         0         0         0         0         0         0         0         0
         0         0         0         0         0         0         0         0
         0         0         0         0      4171      4172      4176      4181
      4185      4193         0         0         0         0         0         0
         0         0         0         0         0         0         0         0
         0         0         0         0         0         0         0         0
         0         0         0         0         0         0         0         0
         0         0         0         0         0         0         0         0
      4214      4218      4230         0         0         0         0         0
         0         0         0         0         0         0         0         0
         0         0         0         0         0         0         0         0
         0         0         0         0         0         0         0         0
         0         0         0         0         0         0         0         0
         0         0         0         0      4257      4261      4273         0
         0         0         0         0         0         0         0         0
         0         0         0         0         0         0         0         0
         0         0         0         0         0         0         0         0
         0         0         0         0         0         0         0         0
         0         0         0         0         0         0         0         0
      4300      4301      4305      4310      4314      4322         0         0
         0         0         0         0         0         0         0         0
         0         0         0         0         0         0         0         0
         0         0         0         0         0         0         0         0
         0         0         0         0         0         0         0         0
         0         0         0         0      4343      4344      4348      4353
      4357      4365         0         0         0         0         0         0
         0         0         0         0         0         0         0         0
         0         0         0         0         0         0         0         0
         0         0         0         0         0         0         0         0
         0         0         0         0         0         0         0         0
      4386      4387      4391      4396      4400      4408         0         0
         0         0         0         0         0         0         0         0
         0         0         0         0         0         0         0         0
         0         0         0         0         0         0         0         0
         0         0         0         0         0         0         0         0
         0         0         0         0      4429      4430      4434      4439
      4443      4451         0         0         0         0         0         0
         0         0         0         0         0         0         0         0
         0         0         0         0         0         0         0         0
         0         0         0         0         0         0         0         0
         0         0         0         0         0         0         0         0
      4472      4474      4478         0         0         0         0         0
         0         0         0         0         0         0         0         0
         0         0         0         0         0         0         0         0
         0         0         0         0         0         0         0         0
         0         0         0         0         0         0         0         0
         0         0         0         0      4515      4517      4521         0
         0         0         0         0         0         0         0         0
         0         0         0         0         0         0         0         0
         0         0         0         0         0         0         0         0
         0         0         0         0         0         0         0         0
         0         0         0         0         0         0         0         0
      4558      4560      4564         0         0         0         0         0
         0         0         0         0         0         0         0         0
         0         0         0         0         0         0         0         0
         0         0         0         0         0         0         0         0
         0         0         0         0         0         0         0         0
         0         0         0         0      4601      4603      4607         0
         0         0         0         0         0         0         0         0
         0         0         0         0         0         0         0         0
         0         0         0         0         0         0         0         0
         0         0         0         0         0         0         0         0
         0         0         0         0         0         0         0         0
      4644      4646      4650         0         0         0         0         0
         0         0         0         0         0         0         0         0
         0         0         0         0         0         0         0         0
         0         0         0         0         0         0         0         0
         0         0         0         0         0         0         0         0
         0         0         0         0      4687      4689      4693         0
         0         0         0         0         0         0         0         0
         0         0         0         0         0         0         0         0
         0         0         0         0         0         0         0         0
         0         0         0         0         0         0         0         0
         0         0         0         0         0         0         0         0
      4730      4731      4735      4740      4744      4752         0         0
         0         0         0         0         0         0         0         0
         0         0         0         0         0         0         0         0
         0         0         0         0         0         0         0         0
         0         0         0         0         0         0         0         0
         0         0         0         0      4773      4774      4778      4783
      4787      4795         0         0         0         0         0         0
         0         0         0         0         0         0         0         0
         0         0         0         0         0         0         0         0
         0         0         0         0         0         0         0         0
         0         0         0         0         0         0         0         0
      4816      4820      4832         0         0         0         0         0
         0         0         0         0         0         0         0         0
         0         0         0         0         0         0         0         0
         0         0         0         0         0         0         0         0
         0         0         0         0         0         0         0         0
         0         0         0         0      4859      4863      4875         0
         0         0         0         0         0         0         0         0
         0         0         0         0         0         0         0         0
         0         0         0         0         0         0         0         0
         0         0         0         0         0         0         0         0
         0         0         0         0         0         0         0         0
      4902      4903      4907      4912      4916      4924         0         0
         0         0         0         0         0         0         0         0
         0         0         0         0         0         0         0         0
         0         0         0         0         0         0         0         0
         0         0         0         0         0         0         0         0
         0         0         0         0      4945      4946      4950      4955
      4959      4967         0         0         0         0         0         0
         0         0         0         0         0         0         0         0
         0         0         0         0         0         0         0         0
         0         0         0         0         0         0         0         0
         0         0         0         0         0         0         0         0
      4988      4989      4993      4998      5002      5010         0         0
         0         0         0         0         0         0         0         0
         0         0         0         0         0         0         0         0
         0         0         0         0         0         0         0         0
         0         0         0         0         0         0         0         0
         0         0         0         0      5031      5032      5036      5041
      5045      5053         0         0         0         0         0         0
         0         0         0         0         0         0         0         0
         0         0         0         0         0         0         0         0
         0         0         0         0         0         0         0         0
         0         0         0         0         0         0         0         0
      5074      5078      5090         0         0         0         0         0
         0         0         0         0         0         0         0         0
         0         0         0         0         0         0         0         0
         0         0         0         0         0         0         0         0
         0         0         0         0         0         0         0         0
         0         0         0         0      5117      5121      5133         0
         0         0         0         0         0         0         0         0
         0         0         0         0         0         0         0         0
         0         0         0         0         0         0         0         0
         0         0         0         0         0         0         0         0
         0         0         0         0         0         0         0         0
      5160      5161      5165      5170      5174      5182         0         0
         0         0         0         0         0         0         0         0
         0         0         0         0         0         0         0         0
         0         0         0         0         0         0         0         0
         0         0         0         0         0         0         0         0
         0         0         0         0      5203      5204      5208      5213
      5217      5225         0         0         0         0         0         0
         0         0         0         0         0         0         0         0
         0         0         0         0         0         0         0         0
         0         0         0         0         0         0         0         0
         0         0         0         0         0         0         0         0
      5246      5247      5251      5256      5260      5268         0         0
         0         0         0         0         0         0         0         0
         0         0         0         0         0         0         0         0
         0         0         0         0         0         0         0         0
         0         0         0         0         0         0         0         0
         0         0         0         0      5289      5290      5294      5299
      5303      5311         0         0         0         0         0         0
         0         0         0         0         0         0         0         0
         0         0         0         0         0         0         0         0
         0         0         0         0         0         0         0         0
         0         0         0         0         0         0         0         0
      5332      5334      5338         0         0         0         0         0
         0         0         0         0         0         0         0         0
         0         0         0         0         0         0         0         0
         0         0         0         0         0         0         0         0
         0         0         0         0         0         0         0         0
         0         0         0         0      5375      5377      5381         0
         0         0         0         0         0         0         0         0
         0         0         0         0         0         0         0         0
         0         0         0         0         0         0         0         0
         0         0         0         0         0         0         0         0
         0         0         0         0         0         0         0         0
      5418      5420      5424         0         0         0         0         0
         0         0         0         0         0         0         0         0
         0         0         0         0         0         0         0         0
         0         0         0         0         0         0         0         0
         0         0         0         0         0         0         0         0
         0         0         0         0      5461      5463      5467         0
         0         0         0         0         0         0         0         0
         0         0         0         0         0         0         0         0
         0         0         0         0         0         0         0         0
         0         0         0         0         0         0         0         0
         0         0         0         0         0         0         0         0
      5504      5506      5510         0         0         0         0         0
         0         0         0         0         0         0         0         0
         0         0         0         0         0         0         0         0
         0         0         0         0         0         0         0         0
         0         0         0         0         0         0         0         0
         0         0         0         0      5547      5549      5553         0
         0         0         0         0         0         0         0         0
         0         0         0         0         0         0         0         0
         0         0         0         0         0         0         0         0
         0         0         0         0         0         0         0         0
         0         0         0         0         0         0         0         0
      5590      5596         0         0         0         0         0         0
         0         0         0         0         0         0         0         0
         0         0         0         0         0         0         0         0
         0         0         0         0         0         0         0         0
         0         0         0         0         0         0         0         0
         0         0         0         0      5633      5639         0         0
         0         0         0         0         0         0         0         0
         0         0         0         0         0         0         0         0
         0         0         0         0         0         0         0         0
         0         0         0         0         0         0         0         0
         0         0         0         0         0         0         0         0
      5676      5677      5681      5686      5690      5698         0         0
         0         0         0         0         0         0         0         0
         0         0         0         0         0         0         0         0
         0         0         0         0         0         0         0         0
         0         0         0         0         0         0         0         0
         0         0         0         0      5719      5720      5724      5729
      5733      5741         0         0         0         0         0         0
         0         0         0         0         0         0         0         0
         0         0         0         0         0         0         0         0
         0         0         0         0         0         0         0         0
         0         0         0         0         0         0         0         0
      5762      5763      5767      5772      5776      5784         0         0
         0         0         0         0         0         0         0         0
         0         0         0         0         0         0         0         0
         0         0         0         0         0         0         0         0
         0         0         0         0         0         0         0         0
         0         0         0         0      5805      5806      5810      5815
      5819      5827         0         0         0         0         0         0
         0         0         0         0         0         0         0         0
         0         0         0         0         0         0         0         0
         0         0         0         0         0         0         0         0
         0         0         0         0         0         0         0         0
      5848      5852      5864         0         0         0         0         0
         0         0         0         0         0         0         0         0
         0         0         0         0         0         0         0         0
         0         0         0         0         0         0         0         0
         0         0         0         0         0         0         0         0
         0         0         0         0      5891      5895      5907         0
         0         0         0         0         0         0         0         0
         0         0         0         0         0         0         0         0
         0         0         0         0         0         0         0         0
         0         0         0         0         0         0         0         0
         0         0         0         0         0         0         0         0
      5934      5938      5950         0         0         0         0         0
         0         0         0         0         0         0         0         0
         0         0         0         0         0         0         0         0
         0         0         0         0         0         0         0         0
         0         0         0         0         0         0         0         0
         0         0         0         0      5977      5981      5993         0
         0         0         0         0         0         0         0         0
         0         0         0         0         0         0         0         0
         0         0         0         0         0         0         0         0
         0         0         0         0         0         0         0         0
         0         0         0         0         0         0         0         0
      6020      6021      6025      6030      6034      6042         0         0
         0         0         0         0         0         0         0         0
         0         0         0         0         0         0         0         0
         0         0         0         0         0         0         0         0
         0         0         0         0         0         0         0         0
         0         0         0         0      6063      6064      6068      6073
      6077      6085         0         0         0         0         0         0
         0         0         0         0         0         0         0         0
         0         0         0         0         0         0         0         0
         0         0         0         0         0         0         0         0
         0         0         0         0         0         0         0         0
      6106      6107      6111      6116      6120      6128         0         0
         0         0         0         0         0         0         0         0
         0         0         0         0         0         0         0         0
         0         0         0         0         0         0         0         0
         0         0         0         0         0         0         0         0
         0         0         0         0      6149      6150      6154      6159
      6163      6171         0         0         0         0         0         0
         0         0         0         0         0         0         0         0
         0         0         0         0         0         0         0         0
         0         0         0         0         0         0         0         0
         0         0         0         0         0         0         0         0
      6192      6193      6197      6202      6206      6214         0         0
         0         0         0         0         0         0         0         0
         0         0         0         0         0         0         0         0
         0         0         0         0         0         0         0         0
         0         0         0         0         0         0         0         0
         0         0         0         0      6235      6236      6240      6245
      6249      6257         0         0         0         0         0         0
         0         0         0         0         0         0         0         0
         0         0         0         0         0         0         0         0
         0         0         0         0         0         0         0         0
         0         0         0         0         0         0         0         0
      6278      6280      6284         0         0         0         0         0
         0         0         0         0         0         0         0         0
         0         0         0         0         0         0         0         0
         0         0         0         0         0         0         0         0
         0         0         0         0         0         0         0         0
         0         0         0         0      6321      6323      6327         0
         0         0         0         0         0         0         0         0
         0         0         0         0         0         0         0         0
         0         0         0         0         0         0         0         0
         0         0         0         0         0         0         0         0
         0         0         0         0         0         0         0         0
      6364      6366      6370         0         0         0         0         0
         0         0         0         0         0         0         0         0
         0         0         0         0         0         0         0         0
         0         0         0         0         0         0         0         0
         0         0         0         0         0         0         0         0
         0         0         0         0      6407      6409      6413         0
         0         0         0         0         0         0         0         0
         0         0         0         0         0         0         0         0
         0         0         0         0         0         0         0         0
         0         0         0         0         0         0         0         0
         0         0         0         0         0         0         0         0
      6450      6456         0         0         0         0         0         0
         0         0         0         0         0         0         0         0
         0         0         0         0         0         0         0         0
         0         0         0         0         0         0         0         0
         0         0         0         0         0         0         0         0
         0         0         0         0      6493      6499         0         0
         0         0         0         0         0         0         0         0
         0         0         0         0         0         0         0         0
         0         0         0         0         0         0         0         0
         0         0         0         0         0         0         0         0
         0         0         0         0         0         0         0         0
      6536      6537      6541      6546      6550      6558         0         0
         0         0         0         0         0         0         0         0
         0         0         0         0         0         0         0         0
         0         0         0         0         0         0         0         0
         0         0         0         0         0         0         0         0
         0         0         0         0      6579      6580      6584      6589
      6593      6601         0         0         0         0         0         0
         0         0         0         0         0         0         0         0
         0         0         0         0         0         0         0         0
         0         0         0         0         0         0         0         0
         0         0         0         0         0         0         0         0
      6622      6623      6627      6632      6636      6644         0         0
         0         0         0         0         0         0         0         0
         0         0         0         0         0         0         0         0
         0         0         0         0         0         0         0         0
         0         0         0         0         0         0         0         0
         0         0         0         0      6665      6666      6670      6675
      6679      6687         0         0         0         0         0         0
         0         0         0         0         0         0         0         0
         0         0         0         0         0         0         0         0
         0         0         0         0         0         0         0         0
         0         0         0         0         0         0         0         0
      6708      6709      6713      6718      6722      6730         0         0
         0         0         0         0         0         0         0         0
         0         0         0         0         0         0         0         0
         0         0         0         0         0         0         0         0
         0         0         0         0         0         0         0         0
         0         0         0         0      6751      6752      6756      6761
      6765      6773         0         0         0         0         0         0
         0         0         0         0         0         0         0         0
         0         0         0         0         0         0         0         0
         0         0         0         0         0         0         0         0
         0         0         0         0         0         0         0         0
      6794      6795      6799      6804      6808      6816         0         0
         0         0         0         0         0         0         0         0
         0         0         0         0         0         0         0         0
         0         0         0         0         0         0         0         0
         0         0         0         0         0         0         0         0
         0         0         0         0      6837      6838      6842      6847
      6851      6859         0         0         0         0         0         0
         0         0         0         0         0         0         0         0
         0         0         0         0         0         0         0         0
         0         0         0         0         0         0         0         0
         0         0         0         0         0         0         0         0
      6880      6881      6885      6890      6894      6902         0         0
         0         0         0         0         0         0         0         0
         0         0         0         0         0         0         0         0
         0         0         0         0         0         0         0         0
         0         0         0         0         0         0         0         0
         0         0         0         0      6923      6924      6928      6933
      6937      6945         0         0         0         0         0         0
         0         0         0         0         0         0         0         0
         0         0         0         0         0         0         0         0
         0         0         0         0         0         0         0         0
         0         0         0         0         0         0         0         0
      6966      6967      6971      6976      6980      6988         0         0
         0         0         0         0         0         0         0         0
         0         0         0         0         0         0         0         0
         0         0         0         0         0         0         0         0
         0         0         0         0         0         0         0         0
         0         0         0         0      7009      7010      7014      7019
      7023      7031         0         0         0         0         0         0
         0         0         0         0         0         0         0         0
         0         0         0         0         0         0         0         0
         0         0         0         0         0         0         0         0
         0         0         0         0         0         0         0         0
      7052      7056      7068         0         0         0         0         0
         0         0         0         0         0         0         0         0
         0         0         0         0         0         0         0         0
         0         0         0         0         0         0         0         0
         0         0         0         0         0         0         0         0
         0         0         0         0      7095      7099      7111         0
         0         0         0         0         0         0         0         0
         0         0         0         0         0         0         0         0
         0         0         0         0         0         0         0         0
         0         0         0         0         0         0         0         0
         0         0         0         0         0         0         0         0
      7138      7140      7144         0         0         0         0         0
         0         0         0         0         0         0         0         0
         0         0         0         0         0         0         0         0
         0         0         0         0         0         0         0         0
         0         0         0         0         0         0         0         0
         0         0         0         0      7181      7183      7187         0
         0         0         0         0         0         0         0         0
         0         0         0         0         0         0         0         0
         0         0         0         0         0         0         0         0
         0         0         0         0         0         0         0         0
         0         0         0         0         0         0         0         0
      7224      7230         0         0         0         0         0         0
         0         0         0         0         0         0         0         0
         0         0         0         0         0         0         0         0
         0         0         0         0         0         0         0         0
         0         0         0         0         0         0         0         0
         0         0         0         0      7267      7273         0         0
         0         0         0         0         0         0         0         0
         0         0         0         0         0         0         0         0
         0         0         0         0         0         0         0         0
         0         0         0         0         0         0         0         0
         0         0         0         0         0         0         0         0
      7310      7314      7326         0         0         0         0         0
         0         0         0         0         0         0         0         0
         0         0         0         0         0         0         0         0
         0         0         0         0         0         0         0         0
         0         0         0         0         0         0         0         0
         0         0         0         0      7353      7357      7369         0
         0         0         0         0         0         0         0         0
         0         0         0         0         0         0         0         0
         0         0         0         0         0         0         0         0
         0         0         0         0         0         0         0         0
         0         0         0         0         0         0         0         0
      7396      7397      7401      7406      7410      7418         0         0
         0         0         0         0         0         0         0         0
         0         0         0         0         0         0         0         0
         0         0         0         0         0         0         0         0
         0         0         0         0         0         0         0         0
         0         0         0         0      7439      7440      7444      7449
      7453      7461         0         0         0         0         0         0
         0         0         0         0         0         0         0         0
         0         0         0         0         0         0         0         0
         0         0         0         0         0         0         0         0
         0         0         0         0         0         0         0         0
      7482      7483      7487      7492      7496      7504         0         0
         0         0         0         0         0         0         0         0
         0         0         0         0         0         0         0         0
         0         0         0         0         0         0         0         0
         0         0         0         0         0         0         0         0
         0         0         0         0      7525      7526      7530      7535
      7539      7547         0         0         0         0         0         0
         0         0         0         0         0         0         0         0
         0         0         0         0         0         0         0         0
         0         0         0         0         0         0         0         0
         0         0         0         0         0         0         0         0
      7568      7569      7573      7578      7582      7590         0         0
         0         0         0         0         0         0         0         0
         0         0         0         0         0         0         0         0
         0         0         0         0         0         0         0         0
         0         0         0         0         0         0         0         0
         0         0         0         0      7611      7612      7616      7621
      7625      7633         0         0         0         0         0         0
         0         0         0         0         0         0         0         0
         0         0         0         0         0         0         0         0
         0         0         0         0         0         0         0         0
         0         0         0         0         0         0         0         0
      7654      7655      7659      7664      7668      7676         0         0
         0         0         0         0         0         0         0         0
         0         0         0         0         0         0         0         0
         0         0         0         0         0         0         0         0
         0         0         0         0         0         0         0         0
         0         0         0         0      7697      7698      7702      7707
      7711      7719         0         0         0         0         0         0
         0         0         0         0         0         0         0         0
         0         0         0         0         0         0         0         0
         0         0         0         0         0         0         0         0
         0         0         0         0         0         0         0         0
      7740      7744      7756         0         0         0         0         0
         0         0         0         0         0         0         0         0
         0         0         0         0         0         0         0         0
         0         0         0         0         0         0         0         0
         0         0         0         0         0         0         0         0
         0         0         0         0      7783      7787      7799         0
         0         0         0         0         0         0         0         0
         0         0         0         0         0         0         0         0
         0         0         0         0         0         0         0         0
         0         0         0         0         0         0         0         0
         0         0         0         0         0         0         0         0
      7826      7827      7831      7836      7840      7848         0         0
         0         0         0         0         0         0         0         0
         0         0         0         0         0         0         0         0
         0         0         0         0         0         0         0         0
         0         0         0         0         0         0         0         0
         0         0         0         0      7869      7870      7874      7879
      7883      7891         0         0         0         0         0         0
         0         0         0         0         0         0         0         0
         0         0         0         0         0         0         0         0
         0         0         0         0         0         0         0         0
         0         0         0         0         0         0         0         0
      7912      7918         0         0         0         0         0         0
         0         0         0         0         0         0         0         0
         0         0         0         0         0         0         0         0
         0         0         0         0         0         0         0         0
         0         0         0         0         0         0         0         0
         0         0         0         0      7955      7961         0         0
         0         0         0         0         0         0         0         0
         0         0         0         0         0         0         0         0
         0         0         0         0         0         0         0         0
         0         0         0         0         0         0         0         0
         0         0         0         0         0         0         0         0
NQGSHG
         1         2         3         4         5         6         7         8
         9        10        11        12        13        14        15        16
        17        18        19        20        21        22        23        24
        25        26        27        28        29        30        31        32
        33        34        35        36        37        38        39        40
        41        42        43         1         3         2         5         4
         7         6         9         8        11        10        13        12
        15        14        17        16        19        18        21        20
        23        22        25        24        27        26        29        28
        31        30        33        32        35        34        37        36
        39        38        41        40        43        42         1        13
         3         4         9        10         6         7        17        18
         2         5         8        11        31        32        41        42
        12        14        15        27        28        55        23        24
        35        36        16        19        20        21        38        39
        45        46        51        52        73        74         0         0
         0         1        12         2         5         8        11         7
         6        16        19         3         4         9        10        30
        33        40        43        13        15        14        26        29
        54        22        25        34        37        17        18        21
        20        39        38        44        47        50        53        72
        75         0         0         0         1         9        13        11
         3         6         5         4        18        15        12        10
         2         7        41        39        27        36         8        16
        17        31        34        51        32        29        24        21
        19        14        43        42        22        23        55        53
        45        48        78        69         0         0         0         1
         8        12        10         2         7         4         5        19
        14        13        11         3         6        40        38        26
        37         9        17        16        30        35        50        33
        28        25        20        18        15        42        43        23
        22        54        52        44        49        79        68         0
         0         0         1        11         5         6         9        12
         2         3        15        16         4         7         8        13
        29        34        39        43        10        18        19        33
        36        53        21        22        27        30        14        17
        24        25        40        41        47        48        51        54
        71        76         0         0         0         1        10         4
         7         8        13         3         2        14        17         5
         6         9        12        28        35        38        42        11
        19        18        32        37        52        20        23        26
        31        15        16        25        24        41        40        46
        49        50        55        70        77         0         0         0
        13         9         3        18         1        41         4        31
        27         6        32        17        55        10        15        36
        11        51        42        74         7         5        78        39
        45        24        83         2        28        73        62        23
       133         8        21        66        12       129        69        34
         0         0         0        12         8         2        19         1
        40         5        30        26         7        33        16        54
        11        14        37        10        50        43        75         6
         4        79        38        44        25        82         3        29
        72        63        22       132         9        20        67        13
       128        68        35         0         0         0         1         9
         6         3        13        11         5         4        18        15
         7         2        12        10        36        27        41        39
         8        17        16        34        31        51        24        21
        32        29        19        14        23        22        43        42
        48        45        55        53        78        69         0         0
         0         1         8         7         2        12        10         4
         5        19        14         6         3        13        11        37
        26        40        38         9        16        17        35        30
        50        25        20        33        28        18        15        22
        23        42        43        49        44        54        52        79
        68         0         0         0         1        13         3         4
        10         9         6         7        17        18         2         5
        11         8        31        32        42        41        12        14
        15        27        28        55        23        24        35        36
        16        19        20        21        39        38        45        46
        52        51        73        74         0         0         0         1
        12         2         5        11         8         7         6        16
        19         3         4        10         9        30        33        43
        40        13        15        14        26        29        54        22
        25        34        37        17        18        21        20        38
        39        44        47        53        50        72        75         0
         0         0         1         3         9         7        13         5
        10        11        15        17         8         6        12         4
        27        23        31        21         2        19        18        41
        25        45        39        35        29        42        14        16
        37        36        33        32        51        49        55        47
        57        61         0         0         0         1         2         8
         6        12         4        11        10        14        16         9
         7        13         5        26        22        30        20         3
        18        19        40        24        44        38        34        28
        43        15        17        36        37        32        33        50
        48        54        46        56        60         0         0         0
         1         5         7        11        12         3         9         8
        19        15         6        10        13         2        25        29
        33        21         4        16        17        23        43        47
        37        39        40        27        18        14        34        35
        31        30        49        53        54        45        63        59
         0         0         0         1         4         6        10        13
         2         8         9        18        14         7        11        12
         3        24        28        32        20         5        17        16
        22        42        46        36        38        41        26        19
        15        35        34        30        31        48        52        55
        44        62        58         0         0         0         1         7
        10         5         3         8        12        13        17        19
        11         4         2         9        35        25        23        37
         6        15        14        38        21        49        42        33
        31        40        16        18        29        28        26        27
        52        47        45        50        65        67         0         0
         0         1         6        11         4         2         9        13
        12        16        18        10         5         3         8        34
        24        22        36         7        14        15        39        20
        48        43        32        30        41        17        19        28
        29        27        26        53        46        44        51        64
        66         0         0         0         1         5         7         8
        12        19         2         3        10        11        25        33
        37        40         4         6         9        13        14        15
        16        17        21        23        26        29        30        35
        38        43        47        49        50        54        63        67
        75        79         0         0         0         0         0         1
         4         6         9        13        18         3         2        11
        10        24        32        36        41         5         7         8
        12        15        14        17        16        20        22        27
        28        31        34        39        42        46        48        51
        55        62        66        74        78         0         0         0
         0         0        13         3         1        31         9        17
        41        10         7        27        55         4        42        18
         5        45        15        23        32        73         6        11
        61        21         8        83        35        51        74        28
       117         2        77        36        12       105        39        65
        25        57         0         0         0        12         2         1
        30         8        16        40        11         6        26        54
         5        43        19         4        44        14        22        33
        72         7        10        60        20         9        82        34
        50        75        29       116         3        76        37        13
       104        38        64        24        56         0         0         0
         1         3         9         7         5        13        10        11
        15        17         8         6         4        12        27        23
        21        31         2        19        18        41        25        45
        39        35        29        42        14        16        37        36
        32        33        51        49        47        55        57        61
         0         0         0         1         2         8         6         4
        12        11        10        14        16         9         7         5
        13        26        22        20        30         3        18        19
        40        24        44        38        34        28        43        15
        17        36        37        33        32        50        48        46
        54        56        60         0         0         0         1         7
        10        13         3        17         9         8         4         5
        35        23        42        31         6        11        12         2
        18        19        15        14        37        38        41        25
        27        28        32        21        49        52        55        45
        65        77        61        73         0         0         0         0
         0         1         6        11        12         2        16         8
         9         5         4        34        22        43        30         7
        10        13         3        19        18        14        15        36
        39        40        24        26        29        33        20        48
        53        54        44        64        76        60        72         0
         0         0         0         0         3         9         1        27
        13        15        31         5        11        41        45         7
        21        17         6        51        18        39        23        57
        10         4        69        36        12        83        29        55
        61        25       101         8        59        42         2       113
        32        71        34        78         0         0         0         2
         8         1        26        12        14        30         4        10
        40        44         6        20        16         7        50        19
        38        22        56        11         5        68        37        13
        82        28        54        60        24       100         9        58
        43         3       112        33        70        35        79         0
         0         0         1        11         5         3         9        15
        13        12         7         6        29        39        21        27
        10         4         2         8        17        16        18        19
        43        33        31        34        41        25        23        36
        53        47        45        51        71        59        69        57
         0         0         0         0         0         1        10         4
         2         8        14        12        13         6         7        28
        38        20        26        11         5         3         9        16
        17        19        18        42        32        30        35        40
        24        22        37        52        46        44        50        70
        58        68        56         0         0         0         0         0
         3         9        13        27        31        41         1        15
        17        18        45        51        55        83         4         5
         6         7        10        11        21        23        32        36
        39        42        57        61        69        73        74        78
       101       105       113       117       129       133         0         0
         0         0         0         2         8        12        26        30
        40         1        14        16        19        44        50        54
        82         5         4         7         6        11        10        20
        22        33        37        38        43        56        60        68
        72        75        79       100       104       112       116       128
       132         0         0         0         0         0         1         2
         4         8        10         6         7        12        13        14
         3         5         9        11        16        17        18        19
        20        26        28        38         0         0         0         0
         0         0         0         0         0         0         0         0
         0         0         0         0         0         0         0         0
         0         1         3         5         9        11         7         6
        13        12        15         2         4         8        10        17
        16        19        18        21        27        29        39         0
         0         0         0         0         0         0         0         0
         0         0         0         0         0         0         0         0
         0         0         0         0         1         2         8        12
         4         5         6         7        10        11        14        16
        19        26        30        40         0         0         0         0
         0         0         0         0         0         0         0         0
         0         0         0         0         0         0         0         0
         0         0         0         0         0         0         0         1
         3         9        13         5         4         7         6        11
        10        15        17        18        27        31        41         0
         0         0         0         0         0         0         0         0
         0         0         0         0         0         0         0         0
         0         0         0         0         0         0         0         0
         0         0         8         1         2        10        14         4
         7        12        26        38        19        37        40        50
         5         6        13        20        28        30        35        68
         0         0         0         0         0         0         0         0
         0         0         0         0         0         0         0         0
         0         0         0         0         0         9         1         3
        11        15         5         6        13        27        39        18
        36        41        51         4         7        12        21        29
        31        34        69         0         0         0         0         0
         0         0         0         0         0         0         0         0
         0         0         0         0         0         0         0         0
         8        12        40         2        26        30         1        19
        50        14         7        10        37        38         5        54
        16        82        44        79         4        68         0         0
         0         0         0         0         0         0         0         0
         0         0         0         0         0         0         0         0
         0         0         0         9        13        41         3        27
        31         1        18        51        15         6        11        36
        39         4        55        17        83        45        78         5
        69         0         0         0         0         0         0         0
         0         0         0         0         0         0         0         0
         0         0         0         0         0         0         2         1
         4         8        14        10        12         6        20        26
        16        30        22        44        11        13         7        28
        38        24        40        56         0         0         0         0
         0         0         0         0         0         0         0         0
         0         0         0         0         0         0         0         0
         0         3         1         5         9        15        11        13
         7        21        27        17        31        23        45        10
        12         6        29        39        25        41        57         0
         0         0         0         0         0         0         0         0
         0         0         0         0         0         0         0         0
         0         0         0         0         2        12         8        30
        26        40        16         1        14        44         6        22
         4        20        11        19        54        50        82        10
        60        56         0         0         0         0         0         0
         0         0         0         0         0         0         0         0
         0         0         0         0         0         0         0         3
        13         9        31        27        41        17         1        15
        45         7        23         5        21        10        18        55
        51        83        11        61        57         0         0         0
         0         0         0         0         0         0         0         0
         0         0         0         0         0         0         0         0
         0         0         2        26        14         8        44         1
        30         4        20        12        56        40        10        68
        50        38         0         0         0         0         0         0
         0         0         0         0         0         0         0         0
         0         0         0         0         0         0         0         0
         0         0         0         0         0         3        27        15
         9        45         1        31         5        21        13        57
        41        11        69        51        39         0         0         0
         0         0         0         0         0         0         0         0
         0         0         0         0         0         0         0         0
         0         0         0         0         0         0         0         0
        26         2         8        30        40        12        14        44
        50        82        56        68       100       112         1        16
        19        20        38        54       104       128         0         0
         0         0         0         0         0         0         0         0
         0         0         0         0         0         0         0         0
         0         0         0        27         3         9        31        41
        13        15        45        51        83        57        69       101
       113         1        17        18        21        39        55       105
       129         0         0         0         0         0         0         0
         0         0         0         0         0         0         0         0
         0         0         0         0         0         0         1         2
         8        12         4         5         6         7        10        11
        14        16        19        26        30        40         0         0
         0         0         0         0         0         0         0         0
         0         0         0         0         0         0         0         0
         0         0         0         0         0         0         0         0
         0         1         3         9        13         5         4         7
         6        11        10        15        17        18        27        31
        41         0         0         0         0         0         0         0
         0         0         0         0         0         0         0         0
         0         0         0         0         0         0         0         0
         0         0         0         0        12         2         8        30
        40         1        16        19        26        54         5        11
        33        43         6         7        14        44        50        72
        75        82         0         0         0         0         0         0
         0         0         0         0         0         0         0         0
         0         0         0         0         0         0         0        13
         3         9        31        41         1        17        18        27
        55         4        10        32        42         7         6        15
        45        51        73        74        83         0         0         0
         0         0         0         0         0         0         0         0
         0         0         0         0         0         0         0         0
         0         0         8        12         2        40        26         1
        19        14        30        50        10         7        38        37
         5         4        16        54        44        79        68        82
         0         0         0         0         0         0         0         0
         0         0         0         0         0         0         0         0
         0         0         0         0         0         9        13         3
        41        27         1        18        15        31        51        11
         6        39        36         4         5        17        55        45
        78        69        83         0         0         0         0         0
         0         0         0         0         0         0         0         0
         0         0         0         0         0         0         0         0
        40        30        12        26         8        54        82        19
         2        50        75       132        79       128       116        33
        16        44         1       112        37        14         0         0
         0         0         0         0         0         0         0         0
         0         0         0         0         0         0         0         0
         0         0         0        41        31        13        27         9
        55        83        18         3        51        74       133        78
       129       117        32        17        45         1       113        36
        15         0         0         0         0         0         0         0
         0         0         0         0         0         0         0         0
         0         0         0         0         0         0         2         8
        12        26        30         1        14        16        40        44
         6         4        22        20        10        11        19        50
        54        56        60        82         0         0         0         0
         0         0         0         0         0         0         0         0
         0         0         0         0         0         0         0         0
         0         3         9        13        27        31         1        15
        17        41        45         7         5        23        21        11
        10        18        51        55        57        61        83         0
         0         0         0         0         0         0         0         0
         0         0         0         0         0         0         0         0
         0         0         0         0        30        12        40         2
        26        54        16        82         8        44       116        72
       104        60        43       132        19         1        50        22
       100        14         0         0         0         0         0         0
         0         0         0         0         0         0         0         0
         0         0         0         0         0         0         0        31
        13        41         3        27        55        17        83         9
        45       117        73       105        61        42       133        18
         1        51        23       101        15         0         0         0
         0         0         0         0         0         0         0         0
         0         0         0         0         0         0         0         0
         0         0        26         2        30         8        40        44
        14        82        12        50       100        56       112        68
        20       104        16         1        54        38       128        19
         0         0         0         0         0         0         0         0
         0         0         0         0         0         0         0         0
         0         0         0         0         0        27         3        31
         9        41        45        15        83        13        51       101
        57       113        69        21       105        17         1        55
        39       129        18         0         0         0         0         0
         0         0         0         0         0         0         0         0
         0         0         0         0         0         0         0         0
        26        30        40        82         2         8        12        44
        50        54       100       104       112       116       128       132
         0         0         0         0         0         0         0         0
         0         0         0         0         0         0         0         0
         0         0         0         0         0         0         0         0
         0         0         0        27        31        41        83         3
         9        13        45        51        55       101       105       113
       117       129       133         0         0         0         0         0
         0         0         0         0         0         0         0         0
         0         0         0         0         0         0         0         0
         0         0         0         0         0         0         1        12
         2         5         8        11         0         0         0         0
         0         0         0         0         0         0         0         0
         0         0         0         0         0         0         0         0
         0         0         0         0         0         0         0         0
         0         0         0         0         0         0         0         0
         0         1        13         3         4         9        10         0
         0         0         0         0         0         0         0         0
         0         0         0         0         0         0         0         0
         0         0         0         0         0         0         0         0
         0         0         0         0         0         0         0         0
         0         0         0         0         1         9         6        13
         4        11        10         3         2        18         8         7
        12         5        15        14        16        17        36        41
        24        32         0         0         0         0         0         0
         0         0         0         0         0         0         0         0
         0         0         0         0         0         0         0         1
         8         7        12         5        10        11         2         3
        19         9         6        13         4        14        15        17
        16        37        40        25        33         0         0         0
         0         0         0         0         0         0         0         0
         0         0         0         0         0         0         0         0
         0         0         1        12         2        11         6        16
         5         8         4         9         7         3        10        13
        19        30        43        22        34        14        15        18
         0         0         0         0         0         0         0         0
         0         0         0         0         0         0         0         0
         0         0         0         0         0         1        13         3
        10         7        17         4         9         5         8         6
         2        11        12        18        31        42        23        35
        15        14        19         0         0         0         0         0
         0         0         0         0         0         0         0         0
         0         0         0         0         0         0         0         0
         1         8        10         2         4        14        12         7
        13         6         5        11         3         9        19        38
        26        28        20        17        16        18         0         0
         0         0         0         0         0         0         0         0
         0         0         0         0         0         0         0         0
         0         0         0         1         9        11         3         5
        15        13         6        12         7         4        10         2
         8        18        39        27        29        21        16        17
        19         0         0         0         0         0         0         0
         0         0         0         0         0         0         0         0
         0         0         0         0         0         0        12         2
         1         8        16        19        30         5        11        40
         6        26         7         4        14        10         0         0
         0         0         0         0         0         0         0         0
         0         0         0         0         0         0         0         0
         0         0         0         0         0         0         0         0
         0        13         3         1         9        17        18        31
         4        10        41         7        27         6         5        15
        11         0         0         0         0         0         0         0
         0         0         0         0         0         0         0         0
         0         0         0         0         0         0         0         0
         0         0         0         0         2         4         6         1
        20        12        14        16        22         8        24        10
        11        18        13         9         0         0         0         0
         0         0         0         0         0         0         0         0
         0         0         0         0         0         0         0         0
         0         0         0         0         0         0         0         3
         5         7         1        21        13        15        17        23
         9        25        11        10        19        12         8         0
         0         0         0         0         0         0         0         0
         0         0         0         0         0         0         0         0
         0         0         0         0         0         0         0         0
         0         0         2        12        16         1         6        11
         8        30        22         4        26        14        44        20
        40        43         5        34         9        60        10        24
         0         0         0         0         0         0         0         0
         0         0         0         0         0         0         0         0
         0         0         0         0         0         3        13        17
         1         7        10         9        31        23         5        27
        15        45        21        41        42         4        35         8
        61        11        25         0         0         0         0         0
         0         0         0         0         0         0         0         0
         0         0         0         0         0         0         0         0
         2         8         1        14         4        10        26        12
         6        20        30        44        16        22        40         7
        38        13        28        11        56        24         0         0
         0         0         0         0         0         0         0         0
         0         0         0         0         0         0         0         0
         0         0         0         3         9         1        15         5
        11        27        13         7        21        31        45        17
        23        41         6        39        12        29        10        57
        25         0         0         0         0         0         0         0
         0         0         0         0         0         0         0         0
         0         0         0         0         0         0         2        30
        12        26         8        40        16        44         1        14
        22         6        20         4        54        82        19        60
        11        50        56        10         0         0         0         0
         0         0         0         0         0         0         0         0
         0         0         0         0         0         0         0         0
         0         3        31        13        27         9        41        17
        45         1        15        23         7        21         5        55
        83        18        61        10        51        57        11         0
         0         0         0         0         0         0         0         0
         0         0         0         0         0         0         0         0
         0         0         0         0         1         9         3         6
        11        13         0         0         0         0         0         0
         0         0         0         0         0         0         0         0
         0         0         0         0         0         0         0         0
         0         0         0         0         0         0         0         0
         0         0         0         0         0         0         0         1
         8         2         7        10        12         0         0         0
         0         0         0         0         0         0         0         0
         0         0         0         0         0         0         0         0
         0         0         0         0         0         0         0         0
         0         0         0         0         0         0         0         0
         0         0        13         9         3        18         1        41
         0         0         0         0         0         0         0         0
         0         0         0         0         0         0         0         0
         0         0         0         0         0         0         0         0
         0         0         0         0         0         0         0         0
         0         0         0         0         0        12         8         2
        19         1        40         0         0         0         0         0
         0         0         0         0         0         0         0         0
         0         0         0         0         0         0         0         0
         0         0         0         0         0         0         0         0
         0         0         0         0         0         0         0         0
         1        12        11         2         6         5         4         8
         9        16        13        10         3         7        19        18
        15        14        43        30        34        22         0         0
         0         0         0         0         0         0         0         0
         0         0         0         0         0         0         0         0
         0         0         0         1        13        10         3         7
         4         5         9         8        17        12        11         2
         6        18        19        14        15        42        31        35
        23         0         0         0         0         0         0         0
         0         0         0         0         0         0         0         0
         0         0         0         0         0         0        12         1
        11         2        16         6         8         5        43        30
        19        40        33        54         7         9         4        34
        22        29        26        72         0         0         0         0
         0         0         0         0         0         0         0         0
         0         0         0         0         0         0         0         0
         0        13         1        10         3        17         7         9
         4        42        31        18        41        32        55         6
         8         5        35        23        28        27        73         0
         0         0         0         0         0         0         0         0
         0         0         0         0         0         0         0         0
         0         0         0         0         1        12         2         8
        11        10         5         4         6         7        16        19
        14        30        40        26         0         0         0         0
         0         0         0         0         0         0         0         0
         0         0         0         0         0         0         0         0
         0         0         0         0         0         0         0         1
        13         3         9        10        11         4         5         7
         6        17        18        15        31        41        27         0
         0         0         0         0         0         0         0         0
         0         0         0         0         0         0         0         0
         0         0         0         0         0         0         0         0
         0         0        12         8         2        40        30        26
        19         1        16        54         5        33        11        43
         7        14        50        44        82         6        75        72
         0         0         0         0         0         0         0         0
         0         0         0         0         0         0         0         0
         0         0         0         0         0        13         9         3
        41        31        27        18         1        17        55         4
        32        10        42         6        15        51        45        83
         7        74        73         0         0         0         0         0
         0         0         0         0         0         0         0         0
         0         0         0         0         0         0         0         0
         2         1        12         6        16        11         4         8
        30        22        14        20        26        44        10         5
         9        43        34        40        24        60         0         0
         0         0         0         0         0         0         0         0
         0         0         0         0         0         0         0         0
         0         0         0         3         1        13         7        17
        10         5         9        31        23        15        21        27
        45        11         4         8        42        35        41        25
        61         0         0         0         0         0         0         0
         0         0         0         0         0         0         0         0
         0         0         0         0         0         0         2        16
        30        12        22         8         6        26        44         1
        60        11        40        72        43        54         0         0
         0         0         0         0         0         0         0         0
         0         0         0         0         0         0         0         0
         0         0         0         0         0         0         0         0
         0         3        17        31        13        23         9         7
        27        45         1        61        10        41        73        42
        55         0         0         0         0         0         0         0
         0         0         0         0         0         0         0         0
         0         0         0         0         0         0         0         0
         0         0         0         0         2         8        26        12
        30        40         1        14        44        16         4         6
        20        22        10        50        19        82        54        56
        11        60         0         0         0         0         0         0
         0         0         0         0         0         0         0         0
         0         0         0         0         0         0         0         3
         9        27        13        31        41         1        15        45
        17         5         7        21        23        11        51        18
        83        55        57        10        61         0         0         0
         0         0         0         0         0         0         0         0
         0         0         0         0         0         0         0         0
         0         0        30        12         2        40        26         8
        16        54        44        82        72        60       116       104
         1        19        14        43        22        50       132       100
         0         0         0         0         0         0         0         0
         0         0         0         0         0         0         0         0
         0         0         0         0         0        31        13         3
        41        27         9        17        55        45        83        73
        61       117       105         1        18        15        42        23
        51       133       101         0         0         0         0         0
         0         0         0         0         0         0         0         0
         0         0         0         0         0         0         0         0
         1        11         6         5        12         9         0         0
         0         0         0         0         0         0         0         0
         0         0         0         0         0         0         0         0
         0         0         0         0         0         0         0         0
         0         0         0         0         0         0         0         0
         0         0         0         1        10         7         4        13
         8         0         0         0         0         0         0         0
         0         0         0         0         0         0         0         0
         0         0         0         0         0         0         0         0
         0         0         0         0         0         0         0         0
         0         0         0         0         0         0         1         9
        13        11         3         6         0         0         0         0
         0         0         0         0         0         0         0         0
         0         0         0         0         0         0         0         0
         0         0         0         0         0         0         0         0
         0         0         0         0         0         0         0         0
         0         1         8        12        10         2         7         0
         0         0         0         0         0         0         0         0
         0         0         0         0         0         0         0         0
         0         0         0         0         0         0         0         0
         0         0         0         0         0         0         0         0
         0         0         0         0         1        12         8        11
         5         2         0         0         0         0         0         0
         0         0         0         0         0         0         0         0
         0         0         0         0         0         0         0         0
         0         0         0         0         0         0         0         0
         0         0         0         0         0         0         0         1
        13         9        10         4         3         0         0         0
         0         0         0         0         0         0         0         0
         0         0         0         0         0         0         0         0
         0         0         0         0         0         0         0         0
         0         0         0         0         0         0         0         0
         0         0         1        12         5         8         7        19
         2        11         3        10         6         4         9        13
        16        33        40        25        37        15        14        17
         0         0         0         0         0         0         0         0
         0         0         0         0         0         0         0         0
         0         0         0         0         0         1        13         4
         9         6        18         3        10         2        11         7
         5         8        12        17        32        41        24        36
        14        15        16         0         0         0         0         0
         0         0         0         0         0         0         0         0
         0         0         0         0         0         0         0         0
         8         7        10         1        37         2        19        14
        38        12        35         5         4        17         3        13
         0         0         0         0         0         0         0         0
         0         0         0         0         0         0         0         0
         0         0         0         0         0         0         0         0
         0         0         0         9         6        11         1        36
         3        18        15        39        13        34         4         5
        16         2        12         0         0         0         0         0
         0         0         0         0         0         0         0         0
         0         0         0         0         0         0         0         0
         0         0         0         0         0         0         8        12
         1        19         7         5        40         2        10        37
        26        50        14        38        30        11        33         3
        25         4        79        35         0         0         0         0
         0         0         0         0         0         0         0         0
         0         0         0         0         0         0         0         0
         0         9        13         1        18         6         4        41
         3        11        36        27        51        15        39        31
        10        32         2        24         5        78        34         0
         0         0         0         0         0         0         0         0
         0         0         0         0         0         0         0         0
         0         0         0         0         1         2         8         4
        10        14         6        12         7        13        11         9
         5         3        16        26        20        38        28        19
        18        17         0         0         0         0         0         0
         0         0         0         0         0         0         0         0
         0         0         0         0         0         0         0         1
         3         9         5        11        15         7        13         6
        12        10         8         4         2        17        27        21
        39        29        18        19        16         0         0         0
         0         0         0         0         0         0         0         0
         0         0         0         0         0         0         0         0
         0         0        12         1         8         2         5        30
        11        40        19        16         7         6        26        10
         4        14         0         0         0         0         0         0
         0         0         0         0         0         0         0         0
         0         0         0         0         0         0         0         0
         0         0         0         0         0        13         1         9
         3         4        31        10        41        18        17         6
         7        27        11         5        15         0         0         0
         0         0         0         0         0         0         0         0
         0         0         0         0         0         0         0         0
         0         0         0         0         0         0         0         0
         8         2        14         1        10         4        12        26
        38         7        40        19        50        37        30        20
         6        28        13        68         5        35         0         0
         0         0         0         0         0         0         0         0
         0         0         0         0         0         0         0         0
         0         0         0         9         3        15         1        11
         5        13        27        39         6        41        18        51
        36        31        21         7        29        12        69         4
        34         0         0         0         0         0         0         0
         0         0         0         0         0         0         0         0
         0         0         0         0         0         0         8        12
        40         2        26        30        19         1        50        14
         7        37        10        38        54        16        82         5
        79        44         4        68         0         0         0         0
         0         0         0         0         0         0         0         0
         0         0         0         0         0         0         0         0
         0         9        13        41         3        27        31        18
         1        51        15         6        36        11        39        55
        17        83         4        78        45         5        69         0
         0         0         0         0         0         0         0         0
         0         0         0         0         0         0         0         0
         0         0         0         0         1         3        13         5
         7         9         0         0         0         0         0         0
         0         0         0         0         0         0         0         0
         0         0         0         0         0         0         0         0
         0         0         0         0         0         0         0         0
         0         0         0         0         0         0         0         1
         2        12         4         6         8         0         0         0
         0         0         0         0         0         0         0         0
         0         0         0         0         0         0         0         0
         0         0         0         0         0         0         0         0
         0         0         0         0         0         0         0         0
         0         0        13         3         1        31         9        17
         0         0         0         0         0         0         0         0
         0         0         0         0         0         0         0         0
         0         0         0         0         0         0         0         0
         0         0         0         0         0         0         0         0
         0         0         0         0         0        12         2         1
        30         8        16         0         0         0         0         0
         0         0         0         0         0         0         0         0
         0         0         0         0         0         0         0         0
         0         0         0         0         0         0         0         0
         0         0         0         0         0         0         0         0
         1         7         5        10         8         3         0         0
         0         0         0         0         0         0         0         0
         0         0         0         0         0         0         0         0
         0         0         0         0         0         0         0         0
         0         0         0         0         0         0         0         0
         0         0         0         1         6         4        11         9
         2         0         0         0         0         0         0         0
         0         0         0         0         0         0         0         0
         0         0         0         0         0         0         0         0
         0         0         0         0         0         0         0         0
         0         0         0         0         0         0         1         3
         7        10        13        17         0         0         0         0
         0         0         0         0         0         0         0         0
         0         0         0         0         0         0         0         0
         0         0         0         0         0         0         0         0
         0         0         0         0         0         0         0         0
         0         1         2         6        11        12        16         0
         0         0         0         0         0         0         0         0
         0         0         0         0         0         0         0         0
         0         0         0         0         0         0         0         0
         0         0         0         0         0         0         0         0
         0         0         0         0        12         1         8         5
        19         7        11         2        40        33        16        43
        30        54         6        10         3        37        25        26
        29        75         0         0         0         0         0         0
         0         0         0         0         0         0         0         0
         0         0         0         0         0         0         0        13
         1         9         4        18         6        10         3        41
        32        17        42        31        55         7        11         2
        36        24        27        28        74         0         0         0
         0         0         0         0         0         0         0         0
         0         0         0         0         0         0         0         0
         0         0         8         1         7        12        19         5
         2        10        37        40        14        26        38        50
         4         3        11        25        33        35        30        79
         0         0         0         0         0         0         0         0
         0         0         0         0         0         0         0         0
         0         0         0         0         0         9         1         6
        13        18         4         3        11        36        41        15
        27        39        51         5         2        10        24        32
        34        31        78         0         0         0         0         0
         0         0         0         0         0         0         0         0
         0         0         0         0         0         0         0         0
         8        40        19        12        50         1        26         7
        37         2        79        30         5        75        54        33
         0         0         0         0         0         0         0         0
         0         0         0         0         0         0         0         0
         0         0         0         0         0         0         0         0
         0         0         0         9        41        18        13        51
         1        27         6        36         3        78        31         4
        74        55        32         0         0         0         0         0
         0         0         0         0         0         0         0         0
         0         0         0         0         0         0         0         0
         0         0         0         0         0         0         1         8
        12         2         7         6        10        11         5         4
        19        14        16        40        26        30         0         0
         0         0         0         0         0         0         0         0
         0         0         0         0         0         0         0         0
         0         0         0         0         0         0         0         0
         0         1         9        13         3         6         7        11
        10         4         5        18        15        17        41        27
        31         0         0         0         0         0         0         0
         0         0         0         0         0         0         0         0
         0         0         0         0         0         0         0         0
         0         0         0         0        12         2        30         8
        40        26         1        16        54        19        11         5
        43        33         6        44        14        82        50        72
         7        75         0         0         0         0         0         0
         0         0         0         0         0         0         0         0
         0         0         0         0         0         0         0        13
         3        31         9        41        27         1        17        55
        18        10         4        42        32         7        45        15
        83        51        73         6        74         0         0         0
         0         0         0         0         0         0         0         0
         0         0         0         0         0         0         0         0
         0         0         8         2        12        26        40        30
        14         1        19        50        10        38         7        37
         4        16        44        54        82         5        68        79
         0         0         0         0         0         0         0         0
         0         0         0         0         0         0         0         0
         0         0         0         0         0         9         3        13
        27        41        31        15         1        18        51        11
        39         6        36         5        17        45        55        83
         4        69        78         0         0         0         0         0
         0         0         0         0         0         0         0         0
         0         0         0         0         0         0         0         0
        40         8        12        26        30         2        19        50
        54        82        79        75       128       132         1        14
        16        37        33        44       112       116         0         0
         0         0         0         0         0         0         0         0
         0         0         0         0         0         0         0         0
         0         0         0        41         9        13        27        31
         3        18        51        55        83        78        74       129
       133         1        15        17        36        32        45       113
       117         0         0         0         0         0         0         0
         0         0         0         0         0         0         0         0
         0         0         0         0         0         0         1         5
        11         7         3        12         0         0         0         0
         0         0         0         0         0         0         0         0
         0         0         0         0         0         0         0         0
         0         0         0         0         0         0         0         0
         0         0         0         0         0         0         0         0
         0         1         4        10         6         2        13         0
         0         0         0         0         0         0         0         0
         0         0         0         0         0         0         0         0
         0         0         0         0         0         0         0         0
         0         0         0         0         0         0         0         0
         0         0         0         0         1         3         9         7
        13         5         0         0         0         0         0         0
         0         0         0         0         0         0         0         0
         0         0         0         0         0         0         0         0
         0         0         0         0         0         0         0         0
         0         0         0         0         0         0         0         1
         2         8         6        12         4         0         0         0
         0         0         0         0         0         0         0         0
         0         0         0         0         0         0         0         0
         0         0         0         0         0         0         0         0
         0         0         0         0         0         0         0         0
         0         0         1        12         5         7         8        19
         0         0         0         0         0         0         0         0
         0         0         0         0         0         0         0         0
         0         0         0         0         0         0         0         0
         0         0         0         0         0         0         0         0
         0         0         0         0         0         1        13         4
         6         9        18         0         0         0         0         0
         0         0         0         0         0         0         0         0
         0         0         0         0         0         0         0         0
         0         0         0         0         0         0         0         0
         0         0         0         0         0         0         0         0
         1        11         5         9         3        12         6         7
        15        13         8         2        10         4        16        19
        29        39        21        18        17        27         0         0
         0         0         0         0         0         0         0         0
         0         0         0         0         0         0         0         0
         0         0         0         1        10         4         8         2
        13         7         6        14        12         9         3        11
         5        17        18        28        38        20        19        16
        26         0         0         0         0         0         0         0
         0         0         0         0         0         0         0         0
         0         0         0         0         0         0         1         7
        10         3        13         8         5         4        17         9
         2        12         6        11        19        14        35        23
        42        15        18        31         0         0         0         0
         0         0         0         0         0         0         0         0
         0         0         0         0         0         0         0         0
         0         1         6        11         2        12         9         4
         5        16         8         3        13         7        10        18
        15        34        22        43        14        19        30         0
         0         0         0         0         0         0         0         0
         0         0         0         0         0         0         0         0
         0         0         0         0         1         8         7        12
         5        10         2         3        19        11        13         4
         9         6        14        17        37        40        25        16
        15        33         0         0         0         0         0         0
         0         0         0         0         0         0         0         0
         0         0         0         0         0         0         0         1
         9         6        13         4        11         3         2        18
        10        12         5         8         7        15        16        36
        41        24        17        14        32         0         0         0
         0         0         0         0         0         0         0         0
         0         0         0         0         0         0         0         0
         0         0         1         4         6        13         9         2
        10        11        18         3        12         8         5         7
        14        16        24        32        36        17        15        41
         0         0         0         0         0         0         0         0
         0         0         0         0         0         0         0         0
         0         0         0         0         0         1         5         7
        12         8         3        11        10        19         2        13
         9         4         6        15        17        25        33        37
        16        14        40         0         0         0         0         0
         0         0         0         0         0         0         0         0
         0         0         0         0         0         0         0         0
         1         6         2        11        12         4         9         8
        16         5        10        13         7         3        18        14
        22        34        30        15        19        43         0         0
         0         0         0         0         0         0         0         0
         0         0         0         0         0         0         0         0
         0         0         0         1         7         3        10        13
         5         8         9        17         4        11        12         6
         2        19        15        23        35        31        14        18
        42         0         0         0         0         0         0         0
         0         0         0         0         0         0         0         0
         0         0         0         0         0         0         1         2
         4         8        10         6        12        13        14         7
         9        11         3         5        16        18        20        26
        28        19        17        38         0         0         0         0
         0         0         0         0         0         0         0         0
         0         0         0         0         0         0         0         0
         0         1         3         5         9        11         7        13
        12        15         6         8        10         2         4        17
        19        21        27        29        18        16        39         0
         0         0         0         0         0         0         0         0
         0         0         0         0         0         0         0         0
         0         0         0         0        12         2         8         1
        30        40        26        16        19        14        11         6
         5         4         7        10         0         0         0         0
         0         0         0         0         0         0         0         0
         0         0         0         0         0         0         0         0
         0         0         0         0         0         0         0        13
         3         9         1        31        41        27        17        18
        15        10         7         4         5         6        11         0
         0         0         0         0         0         0         0         0
         0         0         0         0         0         0         0         0
         0         0         0         0         0         0         0         0
         0         0         3         9         1        27        13        15
         0         0         0         0         0         0         0         0
         0         0         0         0         0         0         0         0
         0         0         0         0         0         0         0         0
         0         0         0         0         0         0         0         0
         0         0         0         0         0         2         8         1
        26        12        14         0         0         0         0         0
         0         0         0         0         0         0         0         0
         0         0         0         0         0         0         0         0
         0         0         0         0         0         0         0         0
         0         0         0         0         0         0         0         0
         3         9        13        27        31        41         0         0
         0         0         0         0         0         0         0         0
         0         0         0         0         0         0         0         0
         0         0         0         0         0         0         0         0
         0         0         0         0         0         0         0         0
         0         0         0         2         8        12        26        30
        40         0         0         0         0         0         0         0
         0         0         0         0         0         0         0         0
         0         0         0         0         0         0         0         0
         0         0         0         0         0         0         0         0
         0         0         0         0         0         0        12        11
         5         1        43         8        16        19        33         2
        29         6         7        15         9         3         0         0
         0         0         0         0         0         0         0         0
         0         0         0         0         0         0         0         0
         0         0         0         0         0         0         0         0
         0        13        10         4         1        42         9        17
        18        32         3        28         7         6        14         8
         2         0         0         0         0         0         0         0
         0         0         0         0         0         0         0         0
         0         0         0         0         0         0         0         0
         0         0         0         0         1         8        12         7
         5        19        10         2        11         3         4        13
         6         9        14        40        37        33        25        16
        17        15         0         0         0         0         0         0
         0         0         0         0         0         0         0         0
         0         0         0         0         0         0         0         1
         9        13         6         4        18        11         3        10
         2         5        12         7         8        15        41        36
        32        24        17        16        14         0         0         0
         0         0         0         0         0         0         0         0
         0         0         0         0         0         0         0         0
         0         0        12         8        19         1         5         7
         2        40        33        11        30        16        54        43
        26        37        10        25         3        75         6        29
         0         0         0         0         0         0         0         0
         0         0         0         0         0         0         0         0
         0         0         0         0         0        13         9        18
         1         4         6         3        41        32        10        31
        17        55        42        27        36        11        24         2
        74         7        28         0         0         0         0         0
         0         0         0         0         0         0         0         0
         0         0         0         0         0         0         0         0
         1         2         6        12        11        16         8         4
         9         5        10         7        13         3        14        22
        30        34        43        18        19        15         0         0
         0         0         0         0         0         0         0         0
         0         0         0         0         0         0         0         0
         0         0         0         1         3         7        13        10
        17         9         5         8         4        11         6        12
         2        15        23        31        35        42        19        18
        14         0         0         0         0         0         0         0
         0         0         0         0         0         0         0         0
         0         0         0         0         0         0        12         2
         1        16        11         6        30         8         5        43
        40        54        19        33        26         4        22         9
        34         7        72        29         0         0         0         0
         0         0         0         0         0         0         0         0
         0         0         0         0         0         0         0         0
         0        13         3         1        17        10         7        31
         9         4        42        41        55        18        32        27
         5        23         8        35         6        73        28         0
         0         0         0         0         0         0         0         0
         0         0         0         0         0         0         0         0
         0         0         0         0         2         1        12         8
         6        26         4        30        16        14        11        10
        40         5         7        19         0         0         0         0
         0         0         0         0         0         0         0         0
         0         0         0         0         0         0         0         0
         0         0         0         0         0         0         0         3
         1        13         9         7        27         5        31        17
        15        10        11        41         4         6        18         0
         0         0         0         0         0         0         0         0
         0         0         0         0         0         0         0         0
         0         0         0         0         0         0         0         0
         0         0        12         2        30         8        40        26
        16         1        54        19        11        43         5        33
        44        14        82         6        72        50         7        75
         0         0         0         0         0         0         0         0
         0         0         0         0         0         0         0         0
         0         0         0         0         0        13         3        31
         9        41        27        17         1        55        18        10
        42         4        32        45        15        83         7        73
        51         6        74         0         0         0         0         0
         0         0         0         0         0         0         0         0
         0         0         0         0         0         0         0         0
         1         9        11         5         3        15         0         0
         0         0         0         0         0         0         0         0
         0         0         0         0         0         0         0         0
         0         0         0         0         0         0         0         0
         0         0         0         0         0         0         0         0
         0         0         0         1         8        10         4         2
        14         0         0         0         0         0         0         0
         0         0         0         0         0         0         0         0
         0         0         0         0         0         0         0         0
         0         0         0         0         0         0         0         0
         0         0         0         0         0         0
