TEST11 - MGO BULK                                                               
LIMINF LIMTOL LIMPAR
       500        50       200
INF   
        16        16         4         0       686         0        54        36
        60         2      7326     33298         0         0         2         8
        50         0      2559        18         1         0        18         6
        15         0         0        35        16         0         0         6
         9         0         3         0        26         1         6         4
        18         2        14        90        70         0         1         0
         0         8         1         8         8         8         1        92
         0         0         6         0         0         1         1         0
         0         0         0         0         0         0         8         0
        28         0        87       400         0         0      6999         0
         0         0         0         0         0         0         0         8
         1         1         8         0         0         0         0         0
         0         0         0         1         0         0         0         0
         1         1         1         0         0         0         0         0
         0         1         2         0         0         0         0         0
         2         0         0         0         2         0       100         0
         6         0         0         0        11         1         1         0
         1         0         0         1        44        44         4         0
        25         0         0        30         1         0        55        55
         0         0         0         0         0         0         0         0
         0         0         0         0         2         0         0         0
         0         0         0         0         0         0         1         0
         0         0         1         0         0         0        80         0
         0         0         0         0         0         0       300         0
         0         0         0         0         1         0         3         0
         0         0         0         0         0         0         0         0
         0  90000000         0         0         0         0         0         0
         0         0         0         4         0         0         0         6
         0         6         0      1432         0         0         0         0
        45         0         0         0         0         0      3500         0
        40         0         0         0         0         0         0         0
         0         0         1         0         0         0         0         0
         0         0         0   1000000         0         0         0         0
         0         0         0         0         0         0         0         0
         0         0         0         0         0         0         0         0
         0         0         0         0         0         0         0         0
         0         0         0         0         0         0         0         0
         0         0         0         0         0         0         0         0
         0         0         0         0         0         0         0         0
         0         0         0         0         0         0         0         0
         0         0         0         0         0         0         0         0
         0         0         0         0         0         0         0         0
         0         0         0         0         0         0         0         0
         0         0         0         0         0         0         0         0
         0         0         0         0         0         0         0         0
         0         0         0         0         0         0         0         0
         0         0         0         0         0         0         0         0
         0         0         0         0         0         0         0         0
         0         0         0         0         0         0         0         0
         0         0         0         0         0         0         0         0
         0         0         0         0         0         0         0         0
         0         0         0         0         0         0         0         0
         0         0         0         0         0         0         0         0
         0         0         0         0         0         0         0         0
         0         0         0         0         0         0         0         0
         0         0         0         0         0         0         0         0
         0         0         0         0         0         0         0         0
         0         0         0         0         0         0         0         0
         0         0         0         0         0         0         0         0
         0         0         0         0         0         0         0         0
         0         0         0         0         0         0         0         0
         0         0         0         0         0         0         0         0
         0         0         0         0
TOL   
         6         6         6         6        12         0         0         0
         0         0        20         7        16         0         0        30
         0         0        20         7         2         0         0         0
         0         2         0         0         0         0         0         0
         0         0         0         0         0         0         0         0
         0         0         0         0         0         0         0         0
         0         0
PAR   
 3.1415926535898E+00 1.8897261339213E+00 1.7453292519943E-02 2.7211383400000E+01
 3.1355526333440E+01-8.2393496781395E+02-3.5327714775345E-01 0.0000000000000E+00
 3.1830988618379E-01-1.4492798072752E-09-8.2393496781395E+02 6.9314718055995E-01
 9.3655078302524E-11 0.0000000000000E+00 8.2370104655932E+02 9.9985802613406E-01
 0.0000000000000E+00-1.5740401605598E+03 0.0000000000000E+00 3.0000000000000E-04
 1.2000000000000E-03 8.0000000000000E-01 1.0000000000000E-04 0.0000000000000E+00
 0.0000000000000E+00-1.3815510557964E+01 1.6605387300000E-27 2.6424608160000E+07
 2.9979245800000E+08 0.0000000000000E+00 2.6254996300000E+03 5.2917720830000E-01
 5.7295779513082E+01 6.2831853071796E+00 0.0000000000000E+00 0.0000000000000E+00
 0.0000000000000E+00 1.0000000000000E+00 1.0000000000000E+00 1.7320508075689E+00
 5.7735026918963E-01 4.1117228237205E-01 0.0000000000000E+00 0.0000000000000E+00
-2.3025850929940E+00 0.0000000000000E+00 0.0000000000000E+00 1.0000000000000E+02
-5.0000000000000E-01 0.0000000000000E+00 1.0000000000000E-03 0.0000000000000E+00
 0.0000000000000E+00 0.0000000000000E+00 0.0000000000000E+00 0.0000000000000E+00
 0.0000000000000E+00 0.0000000000000E+00 0.0000000000000E+00 0.0000000000000E+00
 0.0000000000000E+00 0.0000000000000E+00 0.0000000000000E+00 0.0000000000000E+00
 0.0000000000000E+00 0.0000000000000E+00 0.0000000000000E+00 0.0000000000000E+00
 0.0000000000000E+00 0.0000000000000E+00 0.0000000000000E+00 0.0000000000000E+00
 0.0000000000000E+00 0.0000000000000E+00 0.0000000000000E+00 0.0000000000000E+00
 0.0000000000000E+00 0.0000000000000E+00 0.0000000000000E+00 0.0000000000000E+00
 0.0000000000000E+00 0.0000000000000E+00 0.0000000000000E+00 0.0000000000000E+00
 0.0000000000000E+00 0.0000000000000E+00 0.0000000000000E+00 0.0000000000000E+00
 0.0000000000000E+00 0.0000000000000E+00 0.0000000000000E+00 0.0000000000000E+00
 0.0000000000000E+00 0.0000000000000E+00 0.0000000000000E+00 0.0000000000000E+00
 0.0000000000000E+00 0.0000000000000E+00 0.0000000000000E+00 0.0000000000000E+00
 0.0000000000000E+00 0.0000000000000E+00 0.0000000000000E+00 0.0000000000000E+00
 0.0000000000000E+00 0.0000000000000E+00 0.0000000000000E+00 0.0000000000000E+00
 0.0000000000000E+00 0.0000000000000E+00 0.0000000000000E+00 0.0000000000000E+00
 0.0000000000000E+00 0.0000000000000E+00 0.0000000000000E+00 0.0000000000000E+00
 0.0000000000000E+00 0.0000000000000E+00 0.0000000000000E+00 0.0000000000000E+00
 0.0000000000000E+00 0.0000000000000E+00 0.0000000000000E+00 0.0000000000000E+00
 0.0000000000000E+00 0.0000000000000E+00 0.0000000000000E+00 0.0000000000000E+00
 0.0000000000000E+00 0.0000000000000E+00 0.0000000000000E+00 0.0000000000000E+00
 0.0000000000000E+00 0.0000000000000E+00 0.0000000000000E+00 0.0000000000000E+00
 0.0000000000000E+00 0.0000000000000E+00 0.0000000000000E+00 0.0000000000000E+00
 0.0000000000000E+00 0.0000000000000E+00 0.0000000000000E+00 0.0000000000000E+00
 0.0000000000000E+00 0.0000000000000E+00 0.0000000000000E+00 0.0000000000000E+00
 0.0000000000000E+00 0.0000000000000E+00 0.0000000000000E+00 0.0000000000000E+00
 0.0000000000000E+00 0.0000000000000E+00 0.0000000000000E+00 0.0000000000000E+00
 0.0000000000000E+00 0.0000000000000E+00 0.0000000000000E+00 0.0000000000000E+00
 0.0000000000000E+00 0.0000000000000E+00 0.0000000000000E+00 0.0000000000000E+00
 0.0000000000000E+00 0.0000000000000E+00 0.0000000000000E+00 0.0000000000000E+00
 0.0000000000000E+00 0.0000000000000E+00 0.0000000000000E+00 0.0000000000000E+00
 0.0000000000000E+00 0.0000000000000E+00 0.0000000000000E+00 0.0000000000000E+00
 0.0000000000000E+00 0.0000000000000E+00 0.0000000000000E+00 0.0000000000000E+00
 0.0000000000000E+00 0.0000000000000E+00 0.0000000000000E+00 0.0000000000000E+00
 0.0000000000000E+00 0.0000000000000E+00 0.0000000000000E+00 0.0000000000000E+00
 0.0000000000000E+00 0.0000000000000E+00 0.0000000000000E+00 0.0000000000000E+00
 0.0000000000000E+00 0.0000000000000E+00 0.0000000000000E+00 0.0000000000000E+00
 0.0000000000000E+00 0.0000000000000E+00 1.0000000000000E+00 0.0000000000000E+00
XYVGVE
 1.0000000000000E+00 0.0000000000000E+00 0.0000000000000E+00 0.0000000000000E+00
 1.0000000000000E+00 0.0000000000000E+00 0.0000000000000E+00 0.0000000000000E+00
 1.0000000000000E+00 0.0000000000000E+00-1.0000000000000E+00 0.0000000000000E+00
-1.0000000000000E+00 0.0000000000000E+00 0.0000000000000E+00 0.0000000000000E+00
 0.0000000000000E+00-1.0000000000000E+00-1.0000000000000E+00 0.0000000000000E+00
 0.0000000000000E+00 0.0000000000000E+00-1.0000000000000E+00 0.0000000000000E+00
 0.0000000000000E+00 0.0000000000000E+00 1.0000000000000E+00 0.0000000000000E+00
 1.0000000000000E+00 0.0000000000000E+00 1.0000000000000E+00 0.0000000000000E+00
 0.0000000000000E+00 0.0000000000000E+00 0.0000000000000E+00-1.0000000000000E+00
-1.0000000000000E+00 0.0000000000000E+00 0.0000000000000E+00 0.0000000000000E+00
 1.0000000000000E+00 0.0000000000000E+00 0.0000000000000E+00 0.0000000000000E+00
-1.0000000000000E+00 0.0000000000000E+00 1.0000000000000E+00 0.0000000000000E+00
-1.0000000000000E+00 0.0000000000000E+00 0.0000000000000E+00 0.0000000000000E+00
 0.0000000000000E+00 1.0000000000000E+00 0.0000000000000E+00-1.0000000000000E+00
 0.0000000000000E+00 1.0000000000000E+00 0.0000000000000E+00 0.0000000000000E+00
 0.0000000000000E+00 0.0000000000000E+00 1.0000000000000E+00 1.0000000000000E+00
 0.0000000000000E+00 0.0000000000000E+00 0.0000000000000E+00-1.0000000000000E+00
 0.0000000000000E+00 0.0000000000000E+00 0.0000000000000E+00-1.0000000000000E+00
-1.0000000000000E+00 0.0000000000000E+00 0.0000000000000E+00 0.0000000000000E+00
-1.0000000000000E+00 0.0000000000000E+00 0.0000000000000E+00 0.0000000000000E+00
-1.0000000000000E+00 0.0000000000000E+00 1.0000000000000E+00 0.0000000000000E+00
 1.0000000000000E+00 0.0000000000000E+00 0.0000000000000E+00 0.0000000000000E+00
 0.0000000000000E+00 1.0000000000000E+00 1.0000000000000E+00 0.0000000000000E+00
 0.0000000000000E+00 0.0000000000000E+00 1.0000000000000E+00 0.0000000000000E+00
 0.0000000000000E+00 0.0000000000000E+00-1.0000000000000E+00 0.0000000000000E+00
-1.0000000000000E+00 0.0000000000000E+00-1.0000000000000E+00 0.0000000000000E+00
 0.0000000000000E+00 0.0000000000000E+00 0.0000000000000E+00 1.0000000000000E+00
 1.0000000000000E+00 0.0000000000000E+00 0.0000000000000E+00 0.0000000000000E+00
-1.0000000000000E+00 0.0000000000000E+00 0.0000000000000E+00 0.0000000000000E+00
 1.0000000000000E+00 0.0000000000000E+00-1.0000000000000E+00 0.0000000000000E+00
 1.0000000000000E+00 0.0000000000000E+00 0.0000000000000E+00 0.0000000000000E+00
 0.0000000000000E+00-1.0000000000000E+00 0.0000000000000E+00 1.0000000000000E+00
 0.0000000000000E+00-1.0000000000000E+00 0.0000000000000E+00 0.0000000000000E+00
 0.0000000000000E+00 0.0000000000000E+00-1.0000000000000E+00-1.0000000000000E+00
 0.0000000000000E+00 0.0000000000000E+00 0.0000000000000E+00 1.0000000000000E+00
 0.0000000000000E+00 0.0000000000000E+00 0.0000000000000E+00 1.0000000000000E+00
 0.0000000000000E+00 0.0000000000000E+00 0.0000000000000E+00 0.0000000000000E+00
 0.0000000000000E+00 0.0000000000000E+00 0.0000000000000E+00 0.0000000000000E+00
 0.0000000000000E+00 0.0000000000000E+00 0.0000000000000E+00 0.0000000000000E+00
 0.0000000000000E+00 0.0000000000000E+00 0.0000000000000E+00 0.0000000000000E+00
 0.0000000000000E+00 0.0000000000000E+00 0.0000000000000E+00 0.0000000000000E+00
 0.0000000000000E+00 0.0000000000000E+00 0.0000000000000E+00 0.0000000000000E+00
 0.0000000000000E+00 0.0000000000000E+00 0.0000000000000E+00 0.0000000000000E+00
 0.0000000000000E+00 0.0000000000000E+00 0.0000000000000E+00 0.0000000000000E+00
 0.0000000000000E+00 0.0000000000000E+00 0.0000000000000E+00 0.0000000000000E+00
 0.0000000000000E+00 0.0000000000000E+00 0.0000000000000E+00 0.0000000000000E+00
 0.0000000000000E+00 0.0000000000000E+00 0.0000000000000E+00 0.0000000000000E+00
 0.0000000000000E+00 0.0000000000000E+00 0.0000000000000E+00 0.0000000000000E+00
 5.5996005512394E+00 0.0000000000000E+00 0.0000000000000E+00 0.0000000000000E+00
 5.5996005512394E+00 0.0000000000000E+00 0.0000000000000E+00 0.0000000000000E+00
 9.4486306696063E+02 1.0000000000000E+00 0.0000000000000E+00 0.0000000000000E+00
 0.0000000000000E+00 1.0000000000000E+00 0.0000000000000E+00 0.0000000000000E+00
 0.0000000000000E+00 1.0000000000000E+00
BASATO
 1.2000000000000E+01 8.0000000000000E+00 1.2000000000000E+01 8.0000000000000E+00
 1.2000000000000E+01 8.0000000000000E+00 2.7998002756197E+00 2.7998002756197E+00
 3.9617032239217E+00 0.0000000000000E+00 0.0000000000000E+00 3.9923441243227E+00
 0.0000000000000E+00 0.0000000000000E+00 0.0000000000000E+00 2.7998002756197E+00
 2.7998002756197E+00 0.0000000000000E+00 2.7998002756197E+00 2.7998002756197E+00
-3.9617032239217E+00 0.0000000000000E+00 0.0000000000000E+00-3.9923441243227E+00
 2.0000000000000E+00 8.0000000000000E+00 0.0000000000000E+00 2.0000000000000E+00
 8.0000000000000E+00 0.0000000000000E+00 2.0000000000000E+00 8.0000000000000E+00
 0.0000000000000E+00 2.0000000000000E+00 8.0000000000000E+00 0.0000000000000E+00
 2.0000000000000E+00 8.0000000000000E+00 0.0000000000000E+00 2.0000000000000E+00
 8.0000000000000E+00 0.0000000000000E+00 8.7460400000000E+00 6.4294000000000E-01
 4.0000000000000E-01 1.2351400000000E+00 5.3642000000000E-01 2.1000000000000E-01
 8.7460400000000E+00 6.4294000000000E-01 4.0000000000000E-01 1.2351400000000E+00
 5.3642000000000E-01 2.1000000000000E-01 8.7460400000000E+00 6.4294000000000E-01
 4.0000000000000E-01 1.2351400000000E+00 5.3642000000000E-01 2.1000000000000E-01
 2.7998002756197E+00 2.7998002756197E+00 3.9617032239217E+00 2.7998002756197E+00
 2.7998002756197E+00 3.9617032239217E+00 2.7998002756197E+00 2.7998002756197E+00
 3.9617032239217E+00 0.0000000000000E+00 0.0000000000000E+00 3.9923441243227E+00
 0.0000000000000E+00 0.0000000000000E+00 3.9923441243227E+00 0.0000000000000E+00
 0.0000000000000E+00 3.9923441243227E+00 0.0000000000000E+00 0.0000000000000E+00
 0.0000000000000E+00 0.0000000000000E+00 0.0000000000000E+00 0.0000000000000E+00
 0.0000000000000E+00 0.0000000000000E+00 0.0000000000000E+00 2.7998002756197E+00
 2.7998002756197E+00 0.0000000000000E+00 2.7998002756197E+00 2.7998002756197E+00
 0.0000000000000E+00 2.7998002756197E+00 2.7998002756197E+00 0.0000000000000E+00
 2.7998002756197E+00 2.7998002756197E+00-3.9617032239217E+00 2.7998002756197E+00
 2.7998002756197E+00-3.9617032239217E+00 2.7998002756197E+00 2.7998002756197E+00
-3.9617032239217E+00 0.0000000000000E+00 0.0000000000000E+00-3.9923441243227E+00
 0.0000000000000E+00 0.0000000000000E+00-3.9923441243227E+00 0.0000000000000E+00
 0.0000000000000E+00-3.9923441243227E+00 6.8371875000000E+04 9.6993400900000E+03
 2.0411767860000E+03 5.2986290600000E+02 1.5918600000000E+02 5.4684800000000E+01
 2.1235700000000E+01 8.7460400000000E+00 1.5679500000000E+02 3.1033900000000E+01
 9.6453000000000E+00 3.7109000000000E+00 1.6116400000000E+00 6.4294000000000E-01
 4.0000000000000E-01 4.0000000000000E+03 1.3555800000000E+03 2.4854500000000E+02
 6.9533900000000E+01 2.3886800000000E+01 9.2759300000000E+00 3.8203400000000E+00
 1.2351400000000E+00 5.2187800000000E+01 1.0329300000000E+01 3.2103400000000E+00
 1.2351400000000E+00 5.3642000000000E-01 2.1000000000000E-01 6.8371875000000E+04
 9.6993400900000E+03 2.0411767860000E+03 5.2986290600000E+02 1.5918600000000E+02
 5.4684800000000E+01 2.1235700000000E+01 8.7460400000000E+00 1.5679500000000E+02
 3.1033900000000E+01 9.6453000000000E+00 3.7109000000000E+00 1.6116400000000E+00
 6.4294000000000E-01 4.0000000000000E-01 4.0000000000000E+03 1.3555800000000E+03
 2.4854500000000E+02 6.9533900000000E+01 2.3886800000000E+01 9.2759300000000E+00
 3.8203400000000E+00 1.2351400000000E+00 5.2187800000000E+01 1.0329300000000E+01
 3.2103400000000E+00 1.2351400000000E+00 5.3642000000000E-01 2.1000000000000E-01
 6.8371875000000E+04 9.6993400900000E+03 2.0411767860000E+03 5.2986290600000E+02
 1.5918600000000E+02 5.4684800000000E+01 2.1235700000000E+01 8.7460400000000E+00
 1.5679500000000E+02 3.1033900000000E+01 9.6453000000000E+00 3.7109000000000E+00
 1.6116400000000E+00 6.4294000000000E-01 4.0000000000000E-01 4.0000000000000E+03
 1.3555800000000E+03 2.4854500000000E+02 6.9533900000000E+01 2.3886800000000E+01
 9.2759300000000E+00 3.8203400000000E+00 1.2351400000000E+00 5.2187800000000E+01
 1.0329300000000E+01 3.2103400000000E+00 1.2351400000000E+00 5.3642000000000E-01
 2.1000000000000E-01 1.6331664391985E+00 3.2191838398181E+00 5.8200576556268E+00
 9.5936545336989E+00 1.3151597095617E+01 1.2807073070116E+01 6.8730898370243E+00
 1.3225754930158E+00-4.6490087297732E-01-1.7425703200382E+00-7.3547666016179E-01
 1.3065513869397E+00 1.3748339683558E+00 3.7019730736360E-01 8.7182888765965E-01
 1.2426380222149E+00 2.9283593901896E+00 5.7672026389859E+00 6.9479861181442E+00
 6.6807983619195E+00 3.5210934133563E+00 6.8973994871428E-01 1.4281978488767E-01
-4.0941903702843E-01-1.2495630848926E+00-2.3628928305390E-01 1.0658931930270E+00
 6.3960510673968E-01 5.3771324306710E-01 1.6331664391985E+00 3.2191838398181E+00
 5.8200576556268E+00 9.5936545336989E+00 1.3151597095617E+01 1.2807073070116E+01
 6.8730898370243E+00 1.3225754930158E+00-4.6490087297732E-01-1.7425703200382E+00
-7.3547666016179E-01 1.3065513869397E+00 1.3748339683558E+00 3.7019730736360E-01
 8.7182888765965E-01 1.2426380222149E+00 2.9283593901896E+00 5.7672026389859E+00
 6.9479861181442E+00 6.6807983619195E+00 3.5210934133563E+00 6.8973994871428E-01
 1.4281978488767E-01-4.0941903702843E-01-1.2495630848926E+00-2.3628928305390E-01
 1.0658931930270E+00 6.3960510673968E-01 5.3771324306710E-01 1.6331664391985E+00
 3.2191838398181E+00 5.8200576556268E+00 9.5936545336989E+00 1.3151597095617E+01
 1.2807073070116E+01 6.8730898370243E+00 1.3225754930158E+00-4.6490087297732E-01
-1.7425703200382E+00-7.3547666016179E-01 1.3065513869397E+00 1.3748339683558E+00
 3.7019730736360E-01 8.7182888765965E-01 1.2426380222149E+00 2.9283593901896E+00
 5.7672026389859E+00 6.9479861181442E+00 6.6807983619195E+00 3.5210934133563E+00
 6.8973994871428E-01 1.4281978488767E-01-4.0941903702843E-01-1.2495630848926E+00
-2.3628928305390E-01 1.0658931930270E+00 6.3960510673968E-01 5.3771324306710E-01
 0.0000000000000E+00 0.0000000000000E+00 0.0000000000000E+00 0.0000000000000E+00
 0.0000000000000E+00 0.0000000000000E+00 0.0000000000000E+00 0.0000000000000E+00
 1.4849037166647E+01 1.6319974562985E+01 1.2398128771954E+01 6.1268344151240E+00
 2.3512098123624E+00 4.6475458461923E-01 1.1027860059742E+00 0.0000000000000E+00
 0.0000000000000E+00 0.0000000000000E+00 0.0000000000000E+00 0.0000000000000E+00
 0.0000000000000E+00 0.0000000000000E+00 0.0000000000000E+00 5.7926716722618E+00
 5.8623522517031E+00 3.9328526768112E+00 2.0388185059276E+00 5.7109241109625E-01
 4.9282232770704E-01 0.0000000000000E+00 0.0000000000000E+00 0.0000000000000E+00
 0.0000000000000E+00 0.0000000000000E+00 0.0000000000000E+00 0.0000000000000E+00
 0.0000000000000E+00 1.4849037166647E+01 1.6319974562985E+01 1.2398128771954E+01
 6.1268344151240E+00 2.3512098123624E+00 4.6475458461923E-01 1.1027860059742E+00
 0.0000000000000E+00 0.0000000000000E+00 0.0000000000000E+00 0.0000000000000E+00
 0.0000000000000E+00 0.0000000000000E+00 0.0000000000000E+00 0.0000000000000E+00
 5.7926716722618E+00 5.8623522517031E+00 3.9328526768112E+00 2.0388185059276E+00
 5.7109241109625E-01 4.9282232770704E-01 0.0000000000000E+00 0.0000000000000E+00
 0.0000000000000E+00 0.0000000000000E+00 0.0000000000000E+00 0.0000000000000E+00
 0.0000000000000E+00 0.0000000000000E+00 1.4849037166647E+01 1.6319974562985E+01
 1.2398128771954E+01 6.1268344151240E+00 2.3512098123624E+00 4.6475458461923E-01
 1.1027860059742E+00 0.0000000000000E+00 0.0000000000000E+00 0.0000000000000E+00
 0.0000000000000E+00 0.0000000000000E+00 0.0000000000000E+00 0.0000000000000E+00
 0.0000000000000E+00 5.7926716722618E+00 5.8623522517031E+00 3.9328526768112E+00
 2.0388185059276E+00 5.7109241109625E-01 4.9282232770704E-01 0.0000000000000E+00
 0.0000000000000E+00 0.0000000000000E+00 0.0000000000000E+00 0.0000000000000E+00
 0.0000000000000E+00 0.0000000000000E+00 0.0000000000000E+00 0.0000000000000E+00
 0.0000000000000E+00 0.0000000000000E+00 0.0000000000000E+00 0.0000000000000E+00
 0.0000000000000E+00 0.0000000000000E+00 0.0000000000000E+00 0.0000000000000E+00
 0.0000000000000E+00 0.0000000000000E+00 0.0000000000000E+00 0.0000000000000E+00
 0.0000000000000E+00 0.0000000000000E+00 0.0000000000000E+00 0.0000000000000E+00
 0.0000000000000E+00 0.0000000000000E+00 0.0000000000000E+00 0.0000000000000E+00
 0.0000000000000E+00 0.0000000000000E+00 0.0000000000000E+00 0.0000000000000E+00
 0.0000000000000E+00 0.0000000000000E+00 0.0000000000000E+00 0.0000000000000E+00
 0.0000000000000E+00 0.0000000000000E+00 0.0000000000000E+00 0.0000000000000E+00
 0.0000000000000E+00 0.0000000000000E+00 0.0000000000000E+00 0.0000000000000E+00
 0.0000000000000E+00 0.0000000000000E+00 0.0000000000000E+00 0.0000000000000E+00
 0.0000000000000E+00 0.0000000000000E+00 0.0000000000000E+00 0.0000000000000E+00
 0.0000000000000E+00 0.0000000000000E+00 0.0000000000000E+00 0.0000000000000E+00
 0.0000000000000E+00 0.0000000000000E+00 0.0000000000000E+00 0.0000000000000E+00
 0.0000000000000E+00 0.0000000000000E+00 0.0000000000000E+00 0.0000000000000E+00
 0.0000000000000E+00 0.0000000000000E+00 0.0000000000000E+00 0.0000000000000E+00
 0.0000000000000E+00 0.0000000000000E+00 0.0000000000000E+00 0.0000000000000E+00
 0.0000000000000E+00 0.0000000000000E+00 0.0000000000000E+00 0.0000000000000E+00
 0.0000000000000E+00 0.0000000000000E+00 0.0000000000000E+00 0.0000000000000E+00
 0.0000000000000E+00 0.0000000000000E+00 0.0000000000000E+00 0.0000000000000E+00
 0.0000000000000E+00 0.0000000000000E+00 1.4986119063639E+01 2.9539593242520E+01
 5.3405504112168E+01 8.8032453794480E+01 1.2068053519925E+02 1.1751914396409E+02
 6.3068245930456E+01 1.2136101583568E+01 5.4407769983861E+00 1.5990021387944E+01
 1.8315847082212E+01 1.4592350539098E+01 1.2615631235129E+01 3.3969721591342E+00
 8.0000000000000E+00 1.1402586354308E+01 2.6870955359605E+01 5.2920500530489E+01
 6.3755502635802E+01 6.1303757711938E+01 3.2309949470093E+01 6.3291314016064E+00
 1.3105304209046E+00 3.7568751650566E+00 1.1466131508874E+01 1.0070728769349E+01
 9.7807559085436E+00 5.8690884488276E+00 4.9341172395473E+00 1.4986119063639E+01
 2.9539593242520E+01 5.3405504112168E+01 8.8032453794480E+01 1.2068053519925E+02
 1.1751914396409E+02 6.3068245930456E+01 1.2136101583568E+01 5.4407769983861E+00
 1.5990021387944E+01 1.8315847082212E+01 1.4592350539098E+01 1.2615631235129E+01
 3.3969721591342E+00 8.0000000000000E+00 1.1402586354308E+01 2.6870955359605E+01
 5.2920500530489E+01 6.3755502635802E+01 6.1303757711938E+01 3.2309949470093E+01
 6.3291314016064E+00 1.3105304209046E+00 3.7568751650566E+00 1.1466131508874E+01
 1.0070728769349E+01 9.7807559085436E+00 5.8690884488276E+00 4.9341172395473E+00
 1.4986119063639E+01 2.9539593242520E+01 5.3405504112168E+01 8.8032453794480E+01
 1.2068053519925E+02 1.1751914396409E+02 6.3068245930456E+01 1.2136101583568E+01
 5.4407769983861E+00 1.5990021387944E+01 1.8315847082212E+01 1.4592350539098E+01
 1.2615631235129E+01 3.3969721591342E+00 8.0000000000000E+00 1.1402586354308E+01
 2.6870955359605E+01 5.2920500530489E+01 6.3755502635802E+01 6.1303757711938E+01
 3.2309949470093E+01 6.3291314016064E+00 1.3105304209046E+00 3.7568751650566E+00
 1.1466131508874E+01 1.0070728769349E+01 9.7807559085436E+00 5.8690884488276E+00
 4.9341172395473E+00 0.0000000000000E+00 0.0000000000000E+00 0.0000000000000E+00
 0.0000000000000E+00 0.0000000000000E+00 0.0000000000000E+00 0.0000000000000E+00
 0.0000000000000E+00 4.7351756008314E-02 2.6293786090347E-01 6.4270311820028E-01
 8.2551866327899E-01 7.2944634420911E-01 3.6142920382869E-01 1.3784825074678E+00
 0.0000000000000E+00 0.0000000000000E+00 0.0000000000000E+00 0.0000000000000E+00
 0.0000000000000E+00 0.0000000000000E+00 0.0000000000000E+00 0.0000000000000E+00
 5.5498331719882E-02 2.8377296872504E-01 6.1252899643203E-01 8.2533903279289E-01
 5.3231834299267E-01 1.1733864945406E+00 0.0000000000000E+00 0.0000000000000E+00
 0.0000000000000E+00 0.0000000000000E+00 0.0000000000000E+00 0.0000000000000E+00
 0.0000000000000E+00 0.0000000000000E+00 4.7351756008314E-02 2.6293786090347E-01
 6.4270311820028E-01 8.2551866327899E-01 7.2944634420911E-01 3.6142920382869E-01
 1.3784825074678E+00 0.0000000000000E+00 0.0000000000000E+00 0.0000000000000E+00
 0.0000000000000E+00 0.0000000000000E+00 0.0000000000000E+00 0.0000000000000E+00
 0.0000000000000E+00 5.5498331719882E-02 2.8377296872504E-01 6.1252899643203E-01
 8.2533903279289E-01 5.3231834299267E-01 1.1733864945406E+00 0.0000000000000E+00
 0.0000000000000E+00 0.0000000000000E+00 0.0000000000000E+00 0.0000000000000E+00
 0.0000000000000E+00 0.0000000000000E+00 0.0000000000000E+00 4.7351756008314E-02
 2.6293786090347E-01 6.4270311820028E-01 8.2551866327899E-01 7.2944634420911E-01
 3.6142920382869E-01 1.3784825074678E+00 0.0000000000000E+00 0.0000000000000E+00
 0.0000000000000E+00 0.0000000000000E+00 0.0000000000000E+00 0.0000000000000E+00
 0.0000000000000E+00 0.0000000000000E+00 5.5498331719882E-02 2.8377296872504E-01
 6.1252899643203E-01 8.2533903279289E-01 5.3231834299267E-01 1.1733864945406E+00
 0.0000000000000E+00 0.0000000000000E+00 0.0000000000000E+00 0.0000000000000E+00
 0.0000000000000E+00 0.0000000000000E+00 0.0000000000000E+00 0.0000000000000E+00
 0.0000000000000E+00 0.0000000000000E+00 0.0000000000000E+00 0.0000000000000E+00
 0.0000000000000E+00 0.0000000000000E+00 0.0000000000000E+00 0.0000000000000E+00
 0.0000000000000E+00 0.0000000000000E+00 0.0000000000000E+00 0.0000000000000E+00
 0.0000000000000E+00 0.0000000000000E+00 0.0000000000000E+00 0.0000000000000E+00
 0.0000000000000E+00 0.0000000000000E+00 0.0000000000000E+00 0.0000000000000E+00
 0.0000000000000E+00 0.0000000000000E+00 0.0000000000000E+00 0.0000000000000E+00
 0.0000000000000E+00 0.0000000000000E+00 0.0000000000000E+00 0.0000000000000E+00
 0.0000000000000E+00 0.0000000000000E+00 0.0000000000000E+00 0.0000000000000E+00
 0.0000000000000E+00 0.0000000000000E+00 0.0000000000000E+00 0.0000000000000E+00
 0.0000000000000E+00 0.0000000000000E+00 0.0000000000000E+00 0.0000000000000E+00
 0.0000000000000E+00 0.0000000000000E+00 0.0000000000000E+00 0.0000000000000E+00
 0.0000000000000E+00 0.0000000000000E+00 0.0000000000000E+00 0.0000000000000E+00
 0.0000000000000E+00 0.0000000000000E+00 0.0000000000000E+00 0.0000000000000E+00
 0.0000000000000E+00 0.0000000000000E+00 0.0000000000000E+00 0.0000000000000E+00
 0.0000000000000E+00 0.0000000000000E+00 0.0000000000000E+00 0.0000000000000E+00
 0.0000000000000E+00 0.0000000000000E+00 0.0000000000000E+00 0.0000000000000E+00
 0.0000000000000E+00 0.0000000000000E+00 0.0000000000000E+00 0.0000000000000E+00
 0.0000000000000E+00 0.0000000000000E+00 0.0000000000000E+00 0.0000000000000E+00
 0.0000000000000E+00 0.0000000000000E+00 0.0000000000000E+00 0.0000000000000E+00
 0.0000000000000E+00 0.0000000000000E+00 0.0000000000000E+00
NINV  
         1         2         3         4         5         7         6         8
         9        10        11        12        13        15        14        16
BASATO
        12         8        12         8        12         8         1         4
         7        10        13        16        19         0         0         0
         0         0         0         1         9        15        16        24
        29        30        38        44        45        53        58        59
        67        73        74        82        87        88         8         6
         1         8         5         1         8         6         1         8
         5         1         8         6         1         8         5         1
         0         1         1         0         1         1         0         1
         1         0         1         1         0         1         1         0
         1         1         1         4         4         1         4         4
         1         4         4         1         4         4         1         4
         4         1         4         4         0         1         5         9
        10        14        18        19        23        27        28        32
        36        37        41        45        46        50        54         1
         1         1         2         2         2         3         3         3
         4         4         4         5         5         5         6         6
         6
SPINOR
         0         0         0         0         0         0         0         0
         0         0         0         0
BASOLD
 5.5996005512394E+00 0.0000000000000E+00 0.0000000000000E+00 0.0000000000000E+00
 5.5996005512394E+00 0.0000000000000E+00 0.0000000000000E+00 0.0000000000000E+00
 9.4486306696063E+02 0.0000000000000E+00 0.0000000000000E+00 0.0000000000000E+00
 0.0000000000000E+00 0.0000000000000E+00 0.0000000000000E+00 0.0000000000000E+00
 0.0000000000000E+00 0.0000000000000E+00 0.0000000000000E+00 0.0000000000000E+00
 0.0000000000000E+00 0.0000000000000E+00 0.0000000000000E+00 0.0000000000000E+00
 0.0000000000000E+00 0.0000000000000E+00 0.0000000000000E+00 0.0000000000000E+00
 0.0000000000000E+00 0.0000000000000E+00 0.0000000000000E+00 0.0000000000000E+00
 0.0000000000000E+00 0.0000000000000E+00 0.0000000000000E+00 0.0000000000000E+00
 0.0000000000000E+00 0.0000000000000E+00 0.0000000000000E+00 0.0000000000000E+00
 0.0000000000000E+00 0.0000000000000E+00 0.0000000000000E+00 0.0000000000000E+00
 0.0000000000000E+00 0.0000000000000E+00 0.0000000000000E+00 0.0000000000000E+00
 0.0000000000000E+00 0.0000000000000E+00 0.0000000000000E+00 0.0000000000000E+00
 0.0000000000000E+00 0.0000000000000E+00 0.0000000000000E+00 0.0000000000000E+00
 0.0000000000000E+00 8.7460400000000E+00 6.4294000000000E-01 4.0000000000000E-01
 1.2351400000000E+00 5.3642000000000E-01 2.1000000000000E-01 8.7460400000000E+00
 6.4294000000000E-01 4.0000000000000E-01 1.2351400000000E+00 5.3642000000000E-01
 2.1000000000000E-01 8.7460400000000E+00 6.4294000000000E-01 4.0000000000000E-01
 1.2351400000000E+00 5.3642000000000E-01 2.1000000000000E-01 2.7998002756197E+00
 2.7998002756197E+00 3.9617032239217E+00 0.0000000000000E+00 0.0000000000000E+00
 3.9923441243227E+00 0.0000000000000E+00 0.0000000000000E+00 0.0000000000000E+00
 2.7998002756197E+00 2.7998002756197E+00 0.0000000000000E+00 2.7998002756197E+00
 2.7998002756197E+00-3.9617032239217E+00 0.0000000000000E+00 0.0000000000000E+00
-3.9923441243227E+00 2.7998002756197E+00 2.7998002756197E+00 3.9617032239217E+00
 2.7998002756197E+00 2.7998002756197E+00 3.9617032239217E+00 2.7998002756197E+00
 2.7998002756197E+00 3.9617032239217E+00 0.0000000000000E+00 0.0000000000000E+00
 3.9923441243227E+00 0.0000000000000E+00 0.0000000000000E+00 3.9923441243227E+00
 0.0000000000000E+00 0.0000000000000E+00 3.9923441243227E+00 0.0000000000000E+00
 0.0000000000000E+00 0.0000000000000E+00 0.0000000000000E+00 0.0000000000000E+00
 0.0000000000000E+00 0.0000000000000E+00 0.0000000000000E+00 0.0000000000000E+00
 2.7998002756197E+00 2.7998002756197E+00 0.0000000000000E+00 2.7998002756197E+00
 2.7998002756197E+00 0.0000000000000E+00 2.7998002756197E+00 2.7998002756197E+00
 0.0000000000000E+00 2.7998002756197E+00 2.7998002756197E+00-3.9617032239217E+00
 2.7998002756197E+00 2.7998002756197E+00-3.9617032239217E+00 2.7998002756197E+00
 2.7998002756197E+00-3.9617032239217E+00 0.0000000000000E+00 0.0000000000000E+00
-3.9923441243227E+00 0.0000000000000E+00 0.0000000000000E+00-3.9923441243227E+00
 0.0000000000000E+00 0.0000000000000E+00-3.9923441243227E+00 0.0000000000000E+00
 3.1355526333440E+01 6.2711052666881E+01 1.2542210533376E+02 1.5677763166720E+02
 2.5084421066752E+02 2.8219973700096E+02 3.1355526333440E+02 4.0762184233473E+02
 5.0168842133505E+02 5.3304394766849E+02 5.6439947400193E+02 6.2711052666881E+02
 7.8388815833601E+02 8.1524368466945E+02 9.0931026366977E+02 1.0033768426701E+03
 1.0660878953370E+03 1.1287989480039E+03 1.1601544743373E+03 1.2542210533376E+03
 1.2855765796711E+03 1.4109986850048E+03 1.5364207903386E+03 1.5677763166720E+03
 1.6304873693389E+03 1.6618428956723E+03 1.8186205273395E+03 1.9126871063399E+03
 2.0067536853402E+03 2.0381092116736E+03 2.1321757906739E+03 2.2575978960077E+03
 2.2889534223412E+03 2.3203089486746E+03 2.5084421066752E+03 2.5397976330087E+03
 2.5711531593421E+03 2.6652197383424E+03 2.7906418436762E+03 2.8219973700096E+03
 3.0414860543437E+03 3.0728415806772E+03 3.1355526333440E+03 3.1669081596775E+03
 3.2609747386778E+03 3.3236857913447E+03 3.4177523703450E+03 3.5431744756788E+03
 3.6372410546791E+03 3.6685965810125E+03 3.7940186863463E+03 3.8253742126797E+03
 3.9194407916801E+03 4.0135073706804E+03 4.0762184233473E+03 4.2643515813479E+03
 4.2957071076813E+03 4.5151957920154E+03 4.5465513183489E+03 4.5779068446823E+03
 4.6406178973492E+03 4.6719734236826E+03 4.7973955290164E+03 4.9228176343501E+03
 5.0168842133505E+03 5.0795952660174E+03 5.1423063186842E+03 5.2990839503514E+03
 5.3304394766849E+03 5.4245060556852E+03 5.5812836873524E+03 5.6439947400193E+03
 5.6753502663527E+03 5.8007723716865E+03 6.0516165823540E+03 6.0829721086874E+03
 6.1456831613543E+03 6.1770386876878E+03 6.2711052666881E+03 6.3338163193550E+03
 6.4278828983553E+03 6.5219494773556E+03 6.6473715826894E+03 6.8355047406900E+03
 6.9295713196903E+03 7.0549934250241E+03 7.0863489513575E+03 7.1804155303579E+03
 7.2744821093582E+03 7.3058376356916E+03 7.3371931620251E+03 7.5566818463591E+03
 7.5880373726926E+03 7.6507484253595E+03 7.6821039516929E+03 7.8388815833601E+03
 8.0270147413608E+03 8.0583702676942E+03 8.1524368466945E+03 8.1837923730280E+03
 8.3092144783617E+03 8.4346365836955E+03 8.5287031626958E+03 8.5914142153627E+03
 8.6854807943630E+03 8.8109028996968E+03 9.0303915840308E+03 9.0617471103643E+03
 9.0931026366977E+03 9.1558136893646E+03 9.1871692156980E+03 9.2812357946984E+03
 9.3439468473653E+03 9.5634355316993E+03 9.5947910580328E+03 9.8142797423669E+03
 9.8456352687003E+03 9.9397018477006E+03 1.0033768426701E+04 1.0159190532035E+04
 1.0190546058368E+04 1.0284612637368E+04 1.0441390269036E+04 1.0566812374369E+04
 1.0598167900703E+04 1.0660878953370E+04 1.0849012111370E+04 1.0943078690371E+04
 1.1068500795704E+04 1.1162567374705E+04 1.1287989480039E+04 1.1319345006372E+04
 1.1350700532705E+04 1.1444767111706E+04 1.1570189217040E+04 1.1601544743373E+04
 1.1695611322373E+04 1.1821033427707E+04 1.2103233164708E+04 1.2165944217375E+04
 1.2197299743708E+04 1.2291366322709E+04 1.2354077375376E+04 1.2448143954376E+04
 1.2542210533376E+04 1.2573566059710E+04 1.2667632638710E+04 1.2698988165043E+04
 1.2824410270377E+04 1.2855765796711E+04 1.3043898954711E+04 1.3200676586378E+04
 1.3294743165379E+04 1.3326098691712E+04 1.3576942902380E+04 1.3671009481380E+04
 1.3827787113047E+04 1.3859142639381E+04 1.3953209218381E+04 1.4078631323715E+04
 1.4109986850048E+04 1.4172697902715E+04 1.4329475534382E+04 1.4360831060716E+04
 1.4454897639716E+04 1.4548964218716E+04 1.4611675271383E+04 1.4674386324050E+04
 1.4956586061051E+04 1.5082008166385E+04 1.5113363692718E+04 1.5176074745385E+04
 1.5207430271719E+04 1.5301496850719E+04 1.5364207903386E+04 1.5458274482386E+04
 1.5677763166720E+04 1.5834540798387E+04 1.5959962903721E+04 1.6054029482722E+04
 1.6116740535388E+04 1.6304873693389E+04 1.6336229219722E+04 1.6367584746056E+04
 1.6587073430390E+04 1.6618428956723E+04 1.6712495535724E+04 1.6869273167391E+04
 1.6963339746391E+04 1.7057406325392E+04 1.7088761851725E+04 1.7182828430725E+04
 1.7214183957059E+04 1.7370961588726E+04 1.7465028167726E+04 1.7621805799394E+04
 1.7715872378394E+04 1.7841294483728E+04 1.8060783168062E+04 1.8092138694395E+04
 1.8123494220729E+04 1.8186205273395E+04 1.8311627378729E+04 1.8342982905063E+04
 1.8374338431396E+04 1.8562471589397E+04 1.8593827115730E+04 1.8687893694731E+04
 1.8844671326398E+04 1.8970093431731E+04 1.9126871063399E+04 1.9189582116066E+04
 1.9220937642399E+04 1.9346359747733E+04 1.9597203958400E+04 1.9628559484734E+04
 1.9691270537401E+04 1.9722626063734E+04 1.9879403695401E+04 1.9973470274402E+04
 2.0067536853402E+04 2.0098892379735E+04 2.0318381064069E+04 2.0381092116736E+04
 2.0475158695737E+04 2.0569225274737E+04 2.0600580801070E+04 2.0726002906404E+04
 2.0882780538071E+04 2.1102269222405E+04 2.1133624748739E+04 2.1196335801406E+04
 2.1227691327739E+04 2.1321757906739E+04 2.1478535538407E+04 2.1603957643740E+04
 2.1698024222741E+04 2.1854801854408E+04 2.1886157380741E+04 2.1980223959742E+04
 2.2137001591409E+04 2.2231068170409E+04 2.2325134749410E+04 2.2575978960077E+04
 2.2638690012744E+04 2.2701401065411E+04 2.2732756591744E+04 2.2858178697078E+04
 2.2889534223412E+04 2.2983600802412E+04 2.3140378434079E+04 2.3203089486746E+04
 2.3359867118413E+04 2.3391222644747E+04 2.3642066855414E+04 2.3736133434414E+04
 2.3861555539748E+04 2.3986977645082E+04 2.4112399750416E+04 2.4206466329416E+04
 2.4237821855749E+04 2.4331888434750E+04 2.4394599487417E+04 2.4582732645417E+04
 2.4614088171751E+04 2.4708154750751E+04 2.4864932382418E+04 2.4896287908752E+04
 2.4990354487752E+04 2.5084421066752E+04 2.5115776593086E+04 2.5147132119419E+04
 2.5335265277420E+04 2.5366620803753E+04 2.5397976330087E+04 2.5648820540754E+04
 2.5711531593421E+04 2.5742887119755E+04 2.5993731330422E+04 2.6087797909422E+04
 2.6119153435756E+04 2.6369997646423E+04 2.6401353172757E+04 2.6495419751757E+04
 2.6589486330757E+04 2.6652197383424E+04 2.6746263962425E+04 2.6871686067758E+04
 2.7122530278426E+04 2.7153885804759E+04 2.7342018962760E+04 2.7373374489094E+04
 2.7498796594427E+04 2.7624218699761E+04 2.7655574226094E+04 2.7718285278761E+04
 2.7906418436762E+04 2.8157262647430E+04 2.8219973700096E+04 2.8251329226430E+04
 2.8345395805430E+04 2.8376751331764E+04 2.8502173437097E+04 2.8658951068765E+04
 2.8721662121431E+04 2.8909795279432E+04 2.9003861858432E+04 2.9097928437433E+04
 2.9129283963766E+04 2.9223350542766E+04 2.9348772648100E+04 2.9380128174434E+04
 2.9505550279767E+04 2.9756394490435E+04 2.9881816595769E+04 2.9913172122102E+04
 3.0132660806436E+04 3.0164016332770E+04 3.0226727385437E+04 3.0258082911770E+04
 3.0352149490770E+04 3.0414860543437E+04 3.0602993701438E+04 3.0634349227771E+04
 3.0728415806772E+04 3.0759771333105E+04 3.0885193438439E+04 3.0916548964772E+04
 3.1261459754440E+04 3.1355526333440E+04 3.1637726070441E+04 3.1669081596775E+04
 3.1763148175775E+04 3.1888570281109E+04 3.1919925807442E+04 3.2013992386443E+04
 3.2108058965443E+04 3.2139414491776E+04 3.2233481070777E+04 3.2390258702444E+04
 3.2515680807778E+04 3.2609747386778E+04 3.2672458439445E+04 3.2735169492112E+04
 3.2891947123779E+04 3.3017369229113E+04 3.3174146860780E+04 3.3236857913447E+04
 3.3268213439780E+04 3.3424991071448E+04 3.3519057650448E+04 3.3644479755782E+04
 3.3738546334782E+04 3.3926679492783E+04 3.4114812650783E+04 3.4146168177117E+04
 3.4177523703450E+04 3.4271590282450E+04 3.4365656861451E+04 3.4397012387784E+04
 3.4428367914118E+04 3.4647856598452E+04 3.4741923177452E+04 3.4773278703785E+04
 3.4930056335453E+04 3.5024122914453E+04 3.5243611598787E+04 3.5274967125120E+04
 3.5400389230454E+04 3.5431744756788E+04 3.5682588967455E+04 3.5902077651789E+04
 3.6121566336123E+04 3.6152921862457E+04 3.6184277388790E+04 3.6246988441457E+04
 3.6278343967791E+04 3.6372410546791E+04 3.6529188178458E+04 3.6623254757458E+04
 3.6685965810125E+04 3.6748676862792E+04 3.7030876599793E+04 3.7124943178793E+04
 3.7187654231460E+04 3.7281720810461E+04 3.7375787389461E+04 3.7407142915794E+04
 3.7657987126462E+04 3.7689342652795E+04 3.7783409231796E+04 3.7940186863463E+04
 3.8034253442463E+04 3.8159675547797E+04 3.8253742126797E+04 3.8379164232131E+04
 3.8410519758465E+04 3.8441875284798E+04 3.8535941863798E+04 3.8661363969132E+04
 3.8692719495465E+04 3.8786786074466E+04 3.8912208179800E+04 3.9163052390467E+04
 3.9194407916801E+04 3.9257118969467E+04 3.9382541074801E+04 3.9445252127468E+04
 3.9539318706468E+04 3.9758807390802E+04 3.9946940548803E+04 4.0041007127803E+04
 4.0135073706804E+04 4.0197784759471E+04 4.0291851338471E+04 4.0417273443805E+04
 4.0636762128139E+04 4.0668117654472E+04 4.0762184233473E+04 4.0793539759806E+04
 4.0918961865140E+04 4.0950317391473E+04 4.1138450549474E+04 4.1169806075807E+04
 4.1201161602141E+04 4.1420650286475E+04 4.1452005812808E+04 4.1546072391809E+04
 4.1765561076143E+04 4.2047760813144E+04 4.2173182918477E+04 4.2204538444811E+04
 4.2267249497478E+04 4.2392671602811E+04 4.2455382655478E+04 4.2643515813479E+04
 4.2674871339812E+04 4.2925715550480E+04 4.2957071076813E+04 4.3051137655814E+04
 4.3176559761147E+04 4.3207915287481E+04 4.3301981866481E+04 4.3396048445482E+04
 4.3427403971815E+04 4.3709603708816E+04 4.3772314761483E+04 4.3960447919484E+04
 4.4054514498484E+04 4.4179936603818E+04 4.4274003182818E+04 4.4305358709151E+04
 4.4430780814485E+04 4.4462136340819E+04 4.4556202919819E+04 4.4650269498819E+04
 4.4807047130486E+04 4.4932469235820E+04 4.5151957920154E+04 4.5277380025488E+04
 4.5308735551821E+04 4.5402802130822E+04 4.5465513183489E+04 4.5559579762489E+04
 4.5716357394156E+04 4.5779068446823E+04 4.5935846078490E+04 4.5967201604824E+04
 4.6061268183824E+04 4.6280756868158E+04 4.6406178973492E+04 4.6437534499825E+04
 4.6688378710493E+04 4.6719734236826E+04 4.6782445289493E+04 4.6813800815827E+04
 4.7284133710828E+04 4.7440911342495E+04 4.7472266868829E+04 4.7566333447829E+04
 4.7691755553163E+04 4.7723111079496E+04 4.7817177658497E+04 4.7973955290164E+04
 4.8193443974498E+04 4.8224799500831E+04 4.8412932658832E+04 4.8475643711499E+04
 4.8569710290499E+04 4.8663776869500E+04 4.8695132395833E+04 4.8789198974833E+04
 4.8820554501167E+04 4.9071398711834E+04 4.9165465290835E+04 4.9228176343501E+04
 4.9322242922502E+04 4.9416309501502E+04 4.9698509238503E+04 4.9729864764837E+04
 4.9792575817503E+04 4.9980708975504E+04 5.0074775554504E+04 5.0168842133505E+04
 5.0200197659838E+04 5.0231553186172E+04 5.0294264238838E+04 5.0451041870506E+04
 5.0576463975839E+04 5.0670530554840E+04 5.0733241607507E+04 5.0795952660174E+04
 5.0827308186507E+04 5.0952730291841E+04 5.1078152397174E+04 5.1297641081509E+04
 5.1328996607842E+04 5.1423063186842E+04 5.1485774239509E+04 5.1705262923843E+04
 5.1956107134511E+04 5.1987462660844E+04 5.2175595818845E+04 5.2206951345178E+04
 5.2238306871512E+04 5.2332373450512E+04 5.2708639766513E+04 5.2739995292847E+04
 5.2802706345514E+04 5.2834061871847E+04 5.2990839503514E+04 5.3084906082515E+04
 5.3178972661515E+04 5.3210328187848E+04 5.3304394766849E+04 5.3492527924849E+04
 5.3586594503850E+04 5.3743372135517E+04 5.3837438714517E+04 5.3962860819851E+04
 5.4245060556852E+04 5.4307771609519E+04 5.4339127135852E+04 5.4464549241186E+04
 5.4589971346520E+04 5.4684037925520E+04 5.4715393451854E+04 5.4746748978187E+04
 5.4966237662521E+04 5.4997593188855E+04 5.5248437399522E+04 5.5311148452189E+04
 5.5342503978522E+04 5.5436570557523E+04 5.5467926083856E+04 5.5593348189190E+04
 5.5718770294524E+04 5.5812836873524E+04 5.5844192399857E+04 5.6095036610525E+04
 5.6314525294859E+04 5.6439947400193E+04 5.6471302926526E+04 5.6502658452860E+04
 5.6596725031860E+04 5.6690791610860E+04 5.6753502663527E+04 5.6847569242528E+04
 5.7004346874195E+04 5.7223835558529E+04 5.7317902137529E+04 5.7443324242863E+04
 5.7819590558864E+04 5.7850946085198E+04 5.7976368190531E+04 5.8007723716865E+04
 5.8101790295865E+04 5.8195856874865E+04 5.8258567927532E+04 5.8352634506533E+04
 5.8446701085533E+04 5.8478056611866E+04 5.8697545296200E+04 5.8728900822534E+04
 5.8760256348867E+04 5.8854322927868E+04 5.9011100559535E+04 5.9105167138535E+04
 5.9230589243869E+04 5.9512788980870E+04 5.9606855559870E+04 5.9763633191537E+04
 5.9826344244204E+04 5.9983121875872E+04 6.0233966086539E+04 6.0265321612873E+04
 6.0328032665539E+04 6.0453454770873E+04 6.0516165823540E+04 6.0610232402540E+04
 6.0704298981541E+04 6.0735654507874E+04 6.0829721086874E+04 6.0986498718542E+04
 6.1111920823875E+04 6.1205987402876E+04 6.1268698455543E+04 6.1456831613543E+04
 6.1488187139877E+04 6.1519542666210E+04 6.1770386876878E+04 6.1833097929545E+04
 6.1864453455878E+04 6.2240719771879E+04 6.2366141877213E+04 6.2491563982547E+04
 6.2522919508880E+04 6.2616986087881E+04 6.2711052666881E+04 6.2867830298548E+04
 6.2993252403882E+04 6.3244096614549E+04 6.3275452140883E+04 6.3338163193550E+04
 6.3494940825217E+04 6.3526296351550E+04 6.3620362930551E+04 6.3777140562218E+04
 6.3839851614885E+04 6.3996629246552E+04 6.4027984772885E+04 6.4122051351886E+04
 6.4216117930886E+04 6.4278828983553E+04 6.4372895562553E+04 6.4466962141554E+04
 6.4498317667887E+04 6.4623739773221E+04 6.4780517404888E+04 6.4874583983888E+04
 6.5031361615555E+04 6.5219494773556E+04 6.5250850299890E+04 6.5344916878890E+04
 6.5470338984224E+04 6.5501694510557E+04 6.5752538721225E+04 6.5783894247558E+04
 6.6003382931892E+04 6.6034738458226E+04 6.6254227142560E+04 6.6348293721560E+04
 6.6379649247893E+04 6.6473715826894E+04 6.6536426879561E+04 6.6630493458561E+04
 6.6755915563895E+04 6.6849982142895E+04 6.7006759774562E+04 6.7038115300896E+04
 6.7132181879896E+04 6.7288959511563E+04 6.7477092669564E+04 6.7508448195897E+04
 6.7759292406565E+04 6.7853358985565E+04 6.7884714511899E+04 6.8010136617232E+04
 6.8135558722566E+04 6.8229625301566E+04 6.8292336354233E+04 6.8355047406900E+04
 6.8543180564901E+04 6.8731313722901E+04 6.8794024775568E+04 6.8856735828235E+04
 6.8888091354569E+04 6.9138935565236E+04 6.9264357670570E+04 6.9295713196903E+04
 6.9389779775904E+04 6.9483846354904E+04 6.9546557407571E+04 6.9640623986571E+04
 6.9766046091905E+04 1.0000000000000E+25 0.0000000000000E+00 0.0000000000000E+00
 0.0000000000000E+00-5.5996005512394E+00 0.0000000000000E+00 0.0000000000000E+00
 5.5996005512394E+00 0.0000000000000E+00 0.0000000000000E+00 0.0000000000000E+00
-5.5996005512394E+00 0.0000000000000E+00 0.0000000000000E+00 5.5996005512394E+00
 0.0000000000000E+00-5.5996005512394E+00-5.5996005512394E+00 0.0000000000000E+00
 5.5996005512394E+00 5.5996005512394E+00 0.0000000000000E+00-5.5996005512394E+00
 5.5996005512394E+00 0.0000000000000E+00 5.5996005512394E+00-5.5996005512394E+00
 0.0000000000000E+00-1.1199201102479E+01 0.0000000000000E+00 0.0000000000000E+00
 1.1199201102479E+01 0.0000000000000E+00 0.0000000000000E+00 0.0000000000000E+00
-1.1199201102479E+01 0.0000000000000E+00 0.0000000000000E+00 1.1199201102479E+01
 0.0000000000000E+00-1.1199201102479E+01-5.5996005512394E+00 0.0000000000000E+00
 1.1199201102479E+01 5.5996005512394E+00 0.0000000000000E+00-1.1199201102479E+01
 5.5996005512394E+00 0.0000000000000E+00 1.1199201102479E+01-5.5996005512394E+00
 0.0000000000000E+00-5.5996005512394E+00-1.1199201102479E+01 0.0000000000000E+00
 5.5996005512394E+00 1.1199201102479E+01 0.0000000000000E+00-5.5996005512394E+00
 1.1199201102479E+01 0.0000000000000E+00 5.5996005512394E+00-1.1199201102479E+01
 0.0000000000000E+00-1.1199201102479E+01-1.1199201102479E+01 0.0000000000000E+00
 1.1199201102479E+01 1.1199201102479E+01 0.0000000000000E+00-1.1199201102479E+01
 1.1199201102479E+01 0.0000000000000E+00 1.1199201102479E+01-1.1199201102479E+01
 0.0000000000000E+00-1.6798801653718E+01 0.0000000000000E+00 0.0000000000000E+00
 1.6798801653718E+01 0.0000000000000E+00 0.0000000000000E+00 0.0000000000000E+00
-1.6798801653718E+01 0.0000000000000E+00 0.0000000000000E+00 1.6798801653718E+01
 0.0000000000000E+00-1.6798801653718E+01-5.5996005512394E+00 0.0000000000000E+00
 1.6798801653718E+01 5.5996005512394E+00 0.0000000000000E+00-1.6798801653718E+01
 5.5996005512394E+00 0.0000000000000E+00 1.6798801653718E+01-5.5996005512394E+00
 0.0000000000000E+00-5.5996005512394E+00-1.6798801653718E+01 0.0000000000000E+00
 5.5996005512394E+00 1.6798801653718E+01 0.0000000000000E+00-5.5996005512394E+00
 1.6798801653718E+01 0.0000000000000E+00 5.5996005512394E+00-1.6798801653718E+01
 0.0000000000000E+00-1.6798801653718E+01-1.1199201102479E+01 0.0000000000000E+00
 1.6798801653718E+01 1.1199201102479E+01 0.0000000000000E+00-1.6798801653718E+01
 1.1199201102479E+01 0.0000000000000E+00 1.6798801653718E+01-1.1199201102479E+01
 0.0000000000000E+00-1.1199201102479E+01-1.6798801653718E+01 0.0000000000000E+00
 1.1199201102479E+01 1.6798801653718E+01 0.0000000000000E+00-1.1199201102479E+01
 1.6798801653718E+01 0.0000000000000E+00 1.1199201102479E+01-1.6798801653718E+01
 0.0000000000000E+00-2.2398402204958E+01 0.0000000000000E+00 0.0000000000000E+00
 2.2398402204958E+01 0.0000000000000E+00 0.0000000000000E+00 0.0000000000000E+00
-2.2398402204958E+01 0.0000000000000E+00 0.0000000000000E+00 2.2398402204958E+01
 0.0000000000000E+00-2.2398402204958E+01-5.5996005512394E+00 0.0000000000000E+00
 2.2398402204958E+01 5.5996005512394E+00 0.0000000000000E+00-2.2398402204958E+01
 5.5996005512394E+00 0.0000000000000E+00 2.2398402204958E+01-5.5996005512394E+00
 0.0000000000000E+00-5.5996005512394E+00-2.2398402204958E+01 0.0000000000000E+00
 5.5996005512394E+00 2.2398402204958E+01 0.0000000000000E+00-5.5996005512394E+00
 2.2398402204958E+01 0.0000000000000E+00 5.5996005512394E+00-2.2398402204958E+01
 0.0000000000000E+00-1.6798801653718E+01-1.6798801653718E+01 0.0000000000000E+00
 1.6798801653718E+01 1.6798801653718E+01 0.0000000000000E+00-1.6798801653718E+01
 1.6798801653718E+01 0.0000000000000E+00 1.6798801653718E+01-1.6798801653718E+01
 0.0000000000000E+00-2.2398402204958E+01-1.1199201102479E+01 0.0000000000000E+00
 2.2398402204958E+01 1.1199201102479E+01 0.0000000000000E+00-2.2398402204958E+01
 1.1199201102479E+01 0.0000000000000E+00 2.2398402204958E+01-1.1199201102479E+01
 0.0000000000000E+00-1.1199201102479E+01-2.2398402204958E+01 0.0000000000000E+00
 1.1199201102479E+01 2.2398402204958E+01 0.0000000000000E+00-1.1199201102479E+01
 2.2398402204958E+01 0.0000000000000E+00 1.1199201102479E+01-2.2398402204958E+01
 0.0000000000000E+00-2.7998002756197E+01 0.0000000000000E+00 0.0000000000000E+00
 2.7998002756197E+01 0.0000000000000E+00 0.0000000000000E+00-2.2398402204958E+01
-1.6798801653718E+01 0.0000000000000E+00 2.2398402204958E+01 1.6798801653718E+01
 0.0000000000000E+00-2.2398402204958E+01 1.6798801653718E+01 0.0000000000000E+00
 2.2398402204958E+01-1.6798801653718E+01 0.0000000000000E+00-1.6798801653718E+01
-2.2398402204958E+01 0.0000000000000E+00 1.6798801653718E+01 2.2398402204958E+01
 0.0000000000000E+00-1.6798801653718E+01 2.2398402204958E+01 0.0000000000000E+00
 1.6798801653718E+01-2.2398402204958E+01 0.0000000000000E+00 0.0000000000000E+00
-2.7998002756197E+01 0.0000000000000E+00 0.0000000000000E+00 2.7998002756197E+01
 0.0000000000000E+00-2.7998002756197E+01-5.5996005512394E+00 0.0000000000000E+00
 2.7998002756197E+01 5.5996005512394E+00 0.0000000000000E+00-2.7998002756197E+01
 5.5996005512394E+00 0.0000000000000E+00 2.7998002756197E+01-5.5996005512394E+00
 0.0000000000000E+00-5.5996005512394E+00-2.7998002756197E+01 0.0000000000000E+00
 5.5996005512394E+00 2.7998002756197E+01 0.0000000000000E+00-5.5996005512394E+00
 2.7998002756197E+01 0.0000000000000E+00 5.5996005512394E+00-2.7998002756197E+01
 0.0000000000000E+00-2.7998002756197E+01-1.1199201102479E+01 0.0000000000000E+00
 2.7998002756197E+01 1.1199201102479E+01 0.0000000000000E+00-2.7998002756197E+01
 1.1199201102479E+01 0.0000000000000E+00 2.7998002756197E+01-1.1199201102479E+01
 0.0000000000000E+00-1.1199201102479E+01-2.7998002756197E+01 0.0000000000000E+00
 1.1199201102479E+01 2.7998002756197E+01 0.0000000000000E+00-1.1199201102479E+01
 2.7998002756197E+01 0.0000000000000E+00 1.1199201102479E+01-2.7998002756197E+01
 0.0000000000000E+00-2.2398402204958E+01-2.2398402204958E+01 0.0000000000000E+00
 2.2398402204958E+01 2.2398402204958E+01 0.0000000000000E+00-2.2398402204958E+01
 2.2398402204958E+01 0.0000000000000E+00 2.2398402204958E+01-2.2398402204958E+01
 0.0000000000000E+00-2.7998002756197E+01-1.6798801653718E+01 0.0000000000000E+00
 2.7998002756197E+01 1.6798801653718E+01 0.0000000000000E+00-2.7998002756197E+01
 1.6798801653718E+01 0.0000000000000E+00 2.7998002756197E+01-1.6798801653718E+01
 0.0000000000000E+00-1.6798801653718E+01-2.7998002756197E+01 0.0000000000000E+00
 1.6798801653718E+01 2.7998002756197E+01 0.0000000000000E+00-1.6798801653718E+01
 2.7998002756197E+01 0.0000000000000E+00 1.6798801653718E+01-2.7998002756197E+01
 0.0000000000000E+00-3.3597603307436E+01 0.0000000000000E+00 0.0000000000000E+00
 3.3597603307436E+01 0.0000000000000E+00 0.0000000000000E+00 0.0000000000000E+00
-3.3597603307436E+01 0.0000000000000E+00 0.0000000000000E+00 3.3597603307436E+01
 0.0000000000000E+00-3.3597603307436E+01-5.5996005512394E+00 0.0000000000000E+00
 3.3597603307436E+01 5.5996005512394E+00 0.0000000000000E+00-3.3597603307436E+01
 5.5996005512394E+00 0.0000000000000E+00 3.3597603307436E+01-5.5996005512394E+00
 0.0000000000000E+00-5.5996005512394E+00-3.3597603307436E+01 0.0000000000000E+00
 5.5996005512394E+00 3.3597603307436E+01 0.0000000000000E+00-5.5996005512394E+00
 3.3597603307436E+01 0.0000000000000E+00 5.5996005512394E+00-3.3597603307436E+01
 0.0000000000000E+00-3.3597603307436E+01-1.1199201102479E+01 0.0000000000000E+00
 3.3597603307436E+01 1.1199201102479E+01 0.0000000000000E+00-3.3597603307436E+01
 1.1199201102479E+01 0.0000000000000E+00 3.3597603307436E+01-1.1199201102479E+01
 0.0000000000000E+00-1.1199201102479E+01-3.3597603307436E+01 0.0000000000000E+00
 1.1199201102479E+01 3.3597603307436E+01 0.0000000000000E+00-1.1199201102479E+01
 3.3597603307436E+01 0.0000000000000E+00 1.1199201102479E+01-3.3597603307436E+01
 0.0000000000000E+00-2.7998002756197E+01-2.2398402204958E+01 0.0000000000000E+00
 2.7998002756197E+01 2.2398402204958E+01 0.0000000000000E+00-2.7998002756197E+01
 2.2398402204958E+01 0.0000000000000E+00 2.7998002756197E+01-2.2398402204958E+01
 0.0000000000000E+00-2.2398402204958E+01-2.7998002756197E+01 0.0000000000000E+00
 2.2398402204958E+01 2.7998002756197E+01 0.0000000000000E+00-2.2398402204958E+01
 2.7998002756197E+01 0.0000000000000E+00 2.2398402204958E+01-2.7998002756197E+01
 0.0000000000000E+00-3.3597603307436E+01-1.6798801653718E+01 0.0000000000000E+00
 3.3597603307436E+01 1.6798801653718E+01 0.0000000000000E+00-3.3597603307436E+01
 1.6798801653718E+01 0.0000000000000E+00 3.3597603307436E+01-1.6798801653718E+01
 0.0000000000000E+00-1.6798801653718E+01-3.3597603307436E+01 0.0000000000000E+00
 1.6798801653718E+01 3.3597603307436E+01 0.0000000000000E+00-1.6798801653718E+01
 3.3597603307436E+01 0.0000000000000E+00 1.6798801653718E+01-3.3597603307436E+01
 0.0000000000000E+00-3.9197203858676E+01 0.0000000000000E+00 0.0000000000000E+00
 3.9197203858676E+01 0.0000000000000E+00 0.0000000000000E+00 0.0000000000000E+00
-3.9197203858676E+01 0.0000000000000E+00 0.0000000000000E+00 3.9197203858676E+01
 0.0000000000000E+00-3.9197203858676E+01-5.5996005512394E+00 0.0000000000000E+00
 3.9197203858676E+01 5.5996005512394E+00 0.0000000000000E+00-3.9197203858676E+01
 5.5996005512394E+00 0.0000000000000E+00 3.9197203858676E+01-5.5996005512394E+00
 0.0000000000000E+00-2.7998002756197E+01-2.7998002756197E+01 0.0000000000000E+00
 2.7998002756197E+01 2.7998002756197E+01 0.0000000000000E+00-2.7998002756197E+01
 2.7998002756197E+01 0.0000000000000E+00 2.7998002756197E+01-2.7998002756197E+01
 0.0000000000000E+00-5.5996005512394E+00-3.9197203858676E+01 0.0000000000000E+00
 5.5996005512394E+00 3.9197203858676E+01 0.0000000000000E+00-5.5996005512394E+00
 3.9197203858676E+01 0.0000000000000E+00 5.5996005512394E+00-3.9197203858676E+01
 0.0000000000000E+00-3.3597603307436E+01-2.2398402204958E+01 0.0000000000000E+00
 3.3597603307436E+01 2.2398402204958E+01 0.0000000000000E+00-3.3597603307436E+01
 2.2398402204958E+01 0.0000000000000E+00 3.3597603307436E+01-2.2398402204958E+01
 0.0000000000000E+00-2.2398402204958E+01-3.3597603307436E+01 0.0000000000000E+00
 2.2398402204958E+01 3.3597603307436E+01 0.0000000000000E+00-2.2398402204958E+01
 3.3597603307436E+01 0.0000000000000E+00 2.2398402204958E+01-3.3597603307436E+01
 0.0000000000000E+00-3.9197203858676E+01-1.1199201102479E+01 0.0000000000000E+00
 3.9197203858676E+01 1.1199201102479E+01 0.0000000000000E+00-3.9197203858676E+01
 1.1199201102479E+01 0.0000000000000E+00 3.9197203858676E+01-1.1199201102479E+01
 0.0000000000000E+00-1.1199201102479E+01-3.9197203858676E+01 0.0000000000000E+00
 1.1199201102479E+01 3.9197203858676E+01 0.0000000000000E+00-1.1199201102479E+01
 3.9197203858676E+01 0.0000000000000E+00 1.1199201102479E+01-3.9197203858676E+01
 0.0000000000000E+00-3.9197203858676E+01-1.6798801653718E+01 0.0000000000000E+00
 3.9197203858676E+01 1.6798801653718E+01 0.0000000000000E+00-3.9197203858676E+01
 1.6798801653718E+01 0.0000000000000E+00 3.9197203858676E+01-1.6798801653718E+01
 0.0000000000000E+00-1.6798801653718E+01-3.9197203858676E+01 0.0000000000000E+00
 1.6798801653718E+01 3.9197203858676E+01 0.0000000000000E+00-1.6798801653718E+01
 3.9197203858676E+01 0.0000000000000E+00 1.6798801653718E+01-3.9197203858676E+01
 0.0000000000000E+00-3.3597603307436E+01-2.7998002756197E+01 0.0000000000000E+00
 3.3597603307436E+01 2.7998002756197E+01 0.0000000000000E+00-3.3597603307436E+01
 2.7998002756197E+01 0.0000000000000E+00 3.3597603307436E+01-2.7998002756197E+01
 0.0000000000000E+00-2.7998002756197E+01-3.3597603307436E+01 0.0000000000000E+00
 2.7998002756197E+01 3.3597603307436E+01 0.0000000000000E+00-2.7998002756197E+01
 3.3597603307436E+01 0.0000000000000E+00 2.7998002756197E+01-3.3597603307436E+01
 0.0000000000000E+00-4.4796804409915E+01 0.0000000000000E+00 0.0000000000000E+00
 4.4796804409915E+01 0.0000000000000E+00 0.0000000000000E+00 0.0000000000000E+00
-4.4796804409915E+01 0.0000000000000E+00 0.0000000000000E+00 4.4796804409915E+01
 0.0000000000000E+00-4.4796804409915E+01-5.5996005512394E+00 0.0000000000000E+00
 4.4796804409915E+01 5.5996005512394E+00 0.0000000000000E+00-4.4796804409915E+01
 5.5996005512394E+00 0.0000000000000E+00 4.4796804409915E+01-5.5996005512394E+00
 0.0000000000000E+00-3.9197203858676E+01-2.2398402204958E+01 0.0000000000000E+00
 3.9197203858676E+01 2.2398402204958E+01 0.0000000000000E+00-3.9197203858676E+01
 2.2398402204958E+01 0.0000000000000E+00 3.9197203858676E+01-2.2398402204958E+01
 0.0000000000000E+00-2.2398402204958E+01-3.9197203858676E+01 0.0000000000000E+00
 2.2398402204958E+01 3.9197203858676E+01 0.0000000000000E+00-2.2398402204958E+01
 3.9197203858676E+01 0.0000000000000E+00 2.2398402204958E+01-3.9197203858676E+01
 0.0000000000000E+00-5.5996005512394E+00-4.4796804409915E+01 0.0000000000000E+00
 5.5996005512394E+00 4.4796804409915E+01 0.0000000000000E+00-5.5996005512394E+00
 4.4796804409915E+01 0.0000000000000E+00 5.5996005512394E+00-4.4796804409915E+01
 0.0000000000000E+00-4.4796804409915E+01-1.1199201102479E+01 0.0000000000000E+00
 4.4796804409915E+01 1.1199201102479E+01 0.0000000000000E+00-4.4796804409915E+01
 1.1199201102479E+01 0.0000000000000E+00 4.4796804409915E+01-1.1199201102479E+01
 0.0000000000000E+00-1.1199201102479E+01-4.4796804409915E+01 0.0000000000000E+00
 1.1199201102479E+01 4.4796804409915E+01 0.0000000000000E+00-1.1199201102479E+01
 4.4796804409915E+01 0.0000000000000E+00 1.1199201102479E+01-4.4796804409915E+01
 0.0000000000000E+00-3.3597603307436E+01-3.3597603307436E+01 0.0000000000000E+00
 3.3597603307436E+01 3.3597603307436E+01 0.0000000000000E+00-3.3597603307436E+01
 3.3597603307436E+01 0.0000000000000E+00 3.3597603307436E+01-3.3597603307436E+01
 0.0000000000000E+00-4.4796804409915E+01-1.6798801653718E+01 0.0000000000000E+00
 4.4796804409915E+01 1.6798801653718E+01 0.0000000000000E+00-4.4796804409915E+01
 1.6798801653718E+01 0.0000000000000E+00 4.4796804409915E+01-1.6798801653718E+01
 0.0000000000000E+00-1.6798801653718E+01-4.4796804409915E+01 0.0000000000000E+00
 1.6798801653718E+01 4.4796804409915E+01 0.0000000000000E+00-1.6798801653718E+01
 4.4796804409915E+01 0.0000000000000E+00 1.6798801653718E+01-4.4796804409915E+01
 0.0000000000000E+00-3.9197203858676E+01-2.7998002756197E+01 0.0000000000000E+00
 3.9197203858676E+01 2.7998002756197E+01 0.0000000000000E+00-3.9197203858676E+01
 2.7998002756197E+01 0.0000000000000E+00 3.9197203858676E+01-2.7998002756197E+01
 0.0000000000000E+00-2.7998002756197E+01-3.9197203858676E+01 0.0000000000000E+00
 2.7998002756197E+01 3.9197203858676E+01 0.0000000000000E+00-2.7998002756197E+01
 3.9197203858676E+01 0.0000000000000E+00 2.7998002756197E+01-3.9197203858676E+01
 0.0000000000000E+00-4.4796804409915E+01-2.2398402204958E+01 0.0000000000000E+00
 4.4796804409915E+01 2.2398402204958E+01 0.0000000000000E+00-4.4796804409915E+01
 2.2398402204958E+01 0.0000000000000E+00 4.4796804409915E+01-2.2398402204958E+01
 0.0000000000000E+00-2.2398402204958E+01-4.4796804409915E+01 0.0000000000000E+00
 2.2398402204958E+01 4.4796804409915E+01 0.0000000000000E+00-2.2398402204958E+01
 4.4796804409915E+01 0.0000000000000E+00 2.2398402204958E+01-4.4796804409915E+01
 0.0000000000000E+00-5.0396404961154E+01 0.0000000000000E+00 0.0000000000000E+00
 5.0396404961154E+01 0.0000000000000E+00 0.0000000000000E+00 0.0000000000000E+00
-5.0396404961154E+01 0.0000000000000E+00 0.0000000000000E+00 5.0396404961154E+01
 0.0000000000000E+00-5.0396404961154E+01-5.5996005512394E+00 0.0000000000000E+00
 5.0396404961154E+01 5.5996005512394E+00 0.0000000000000E+00-5.0396404961154E+01
 5.5996005512394E+00 0.0000000000000E+00 5.0396404961154E+01-5.5996005512394E+00
 0.0000000000000E+00-5.5996005512394E+00-5.0396404961154E+01 0.0000000000000E+00
 5.5996005512394E+00 5.0396404961154E+01 0.0000000000000E+00-5.5996005512394E+00
 5.0396404961154E+01 0.0000000000000E+00 5.5996005512394E+00-5.0396404961154E+01
 0.0000000000000E+00-5.0396404961154E+01-1.1199201102479E+01 0.0000000000000E+00
 5.0396404961154E+01 1.1199201102479E+01 0.0000000000000E+00-5.0396404961154E+01
 1.1199201102479E+01 0.0000000000000E+00 5.0396404961154E+01-1.1199201102479E+01
 0.0000000000000E+00-3.9197203858676E+01-3.3597603307436E+01 0.0000000000000E+00
 3.9197203858676E+01 3.3597603307436E+01 0.0000000000000E+00-3.9197203858676E+01
 3.3597603307436E+01 0.0000000000000E+00 3.9197203858676E+01-3.3597603307436E+01
 0.0000000000000E+00-3.3597603307436E+01-3.9197203858676E+01 0.0000000000000E+00
 3.3597603307436E+01 3.9197203858676E+01 0.0000000000000E+00-3.3597603307436E+01
 3.9197203858676E+01 0.0000000000000E+00 3.3597603307436E+01-3.9197203858676E+01
 0.0000000000000E+00-1.1199201102479E+01-5.0396404961154E+01 0.0000000000000E+00
 1.1199201102479E+01 5.0396404961154E+01 0.0000000000000E+00-1.1199201102479E+01
 5.0396404961154E+01 0.0000000000000E+00 1.1199201102479E+01-5.0396404961154E+01
 0.0000000000000E+00-4.4796804409915E+01-2.7998002756197E+01 0.0000000000000E+00
 4.4796804409915E+01 2.7998002756197E+01 0.0000000000000E+00-4.4796804409915E+01
 2.7998002756197E+01 0.0000000000000E+00 4.4796804409915E+01-2.7998002756197E+01
 0.0000000000000E+00-2.7998002756197E+01-4.4796804409915E+01 0.0000000000000E+00
 2.7998002756197E+01 4.4796804409915E+01 0.0000000000000E+00-2.7998002756197E+01
 4.4796804409915E+01 0.0000000000000E+00 2.7998002756197E+01-4.4796804409915E+01
 0.0000000000000E+00-5.0396404961154E+01-1.6798801653718E+01 0.0000000000000E+00
 5.0396404961154E+01 1.6798801653718E+01 0.0000000000000E+00-5.0396404961154E+01
 1.6798801653718E+01 0.0000000000000E+00 5.0396404961154E+01-1.6798801653718E+01
 0.0000000000000E+00-1.6798801653718E+01-5.0396404961154E+01 0.0000000000000E+00
 1.6798801653718E+01 5.0396404961154E+01 0.0000000000000E+00-1.6798801653718E+01
 5.0396404961154E+01 0.0000000000000E+00 1.6798801653718E+01-5.0396404961154E+01
 0.0000000000000E+00-5.0396404961154E+01-2.2398402204958E+01 0.0000000000000E+00
 5.0396404961154E+01 2.2398402204958E+01 0.0000000000000E+00-5.0396404961154E+01
 2.2398402204958E+01 0.0000000000000E+00 5.0396404961154E+01-2.2398402204958E+01
 0.0000000000000E+00-2.2398402204958E+01-5.0396404961154E+01 0.0000000000000E+00
 2.2398402204958E+01 5.0396404961154E+01 0.0000000000000E+00-2.2398402204958E+01
 5.0396404961154E+01 0.0000000000000E+00 2.2398402204958E+01-5.0396404961154E+01
 0.0000000000000E+00-3.9197203858676E+01-3.9197203858676E+01 0.0000000000000E+00
 3.9197203858676E+01 3.9197203858676E+01 0.0000000000000E+00-3.9197203858676E+01
 3.9197203858676E+01 0.0000000000000E+00 3.9197203858676E+01-3.9197203858676E+01
 0.0000000000000E+00-5.5996005512394E+01 0.0000000000000E+00 0.0000000000000E+00
 5.5996005512394E+01 0.0000000000000E+00 0.0000000000000E+00-4.4796804409915E+01
-3.3597603307436E+01 0.0000000000000E+00 4.4796804409915E+01 3.3597603307436E+01
 0.0000000000000E+00-4.4796804409915E+01 3.3597603307436E+01 0.0000000000000E+00
 4.4796804409915E+01-3.3597603307436E+01 0.0000000000000E+00-3.3597603307436E+01
-4.4796804409915E+01 0.0000000000000E+00 3.3597603307436E+01 4.4796804409915E+01
 0.0000000000000E+00-3.3597603307436E+01 4.4796804409915E+01 0.0000000000000E+00
 3.3597603307436E+01-4.4796804409915E+01 0.0000000000000E+00 0.0000000000000E+00
-5.5996005512394E+01 0.0000000000000E+00 0.0000000000000E+00 5.5996005512394E+01
 0.0000000000000E+00-5.5996005512394E+01-5.5996005512394E+00 0.0000000000000E+00
 5.5996005512394E+01 5.5996005512394E+00 0.0000000000000E+00-5.5996005512394E+01
 5.5996005512394E+00 0.0000000000000E+00 5.5996005512394E+01-5.5996005512394E+00
 0.0000000000000E+00-5.5996005512394E+00-5.5996005512394E+01 0.0000000000000E+00
 5.5996005512394E+00 5.5996005512394E+01 0.0000000000000E+00-5.5996005512394E+00
 5.5996005512394E+01 0.0000000000000E+00 5.5996005512394E+00-5.5996005512394E+01
 0.0000000000000E+00-5.5996005512394E+01-1.1199201102479E+01 0.0000000000000E+00
 5.5996005512394E+01 1.1199201102479E+01 0.0000000000000E+00-5.5996005512394E+01
 1.1199201102479E+01 0.0000000000000E+00 5.5996005512394E+01-1.1199201102479E+01
 0.0000000000000E+00-1.1199201102479E+01-5.5996005512394E+01 0.0000000000000E+00
 1.1199201102479E+01 5.5996005512394E+01 0.0000000000000E+00-1.1199201102479E+01
 5.5996005512394E+01 0.0000000000000E+00 1.1199201102479E+01-5.5996005512394E+01
 0.0000000000000E+00-5.0396404961154E+01-2.7998002756197E+01 0.0000000000000E+00
 5.0396404961154E+01 2.7998002756197E+01 0.0000000000000E+00-5.0396404961154E+01
 2.7998002756197E+01 0.0000000000000E+00 5.0396404961154E+01-2.7998002756197E+01
 0.0000000000000E+00-2.7998002756197E+01-5.0396404961154E+01 0.0000000000000E+00
 2.7998002756197E+01 5.0396404961154E+01 0.0000000000000E+00-2.7998002756197E+01
 5.0396404961154E+01 0.0000000000000E+00 2.7998002756197E+01-5.0396404961154E+01
 0.0000000000000E+00-5.5996005512394E+01-1.6798801653718E+01 0.0000000000000E+00
 5.5996005512394E+01 1.6798801653718E+01 0.0000000000000E+00-5.5996005512394E+01
 1.6798801653718E+01 0.0000000000000E+00 5.5996005512394E+01-1.6798801653718E+01
 0.0000000000000E+00-1.6798801653718E+01-5.5996005512394E+01 0.0000000000000E+00
 1.6798801653718E+01 5.5996005512394E+01 0.0000000000000E+00-1.6798801653718E+01
 5.5996005512394E+01 0.0000000000000E+00 1.6798801653718E+01-5.5996005512394E+01
 0.0000000000000E+00-4.4796804409915E+01-3.9197203858676E+01 0.0000000000000E+00
 4.4796804409915E+01 3.9197203858676E+01 0.0000000000000E+00-4.4796804409915E+01
 3.9197203858676E+01 0.0000000000000E+00 4.4796804409915E+01-3.9197203858676E+01
 0.0000000000000E+00-3.9197203858676E+01-4.4796804409915E+01 0.0000000000000E+00
 3.9197203858676E+01 4.4796804409915E+01 0.0000000000000E+00-3.9197203858676E+01
 4.4796804409915E+01 0.0000000000000E+00 3.9197203858676E+01-4.4796804409915E+01
 0.0000000000000E+00-5.5996005512394E+01-2.2398402204958E+01 0.0000000000000E+00
 5.5996005512394E+01 2.2398402204958E+01 0.0000000000000E+00-5.5996005512394E+01
 2.2398402204958E+01 0.0000000000000E+00 5.5996005512394E+01-2.2398402204958E+01
 0.0000000000000E+00-2.2398402204958E+01-5.5996005512394E+01 0.0000000000000E+00
 2.2398402204958E+01 5.5996005512394E+01 0.0000000000000E+00-2.2398402204958E+01
 5.5996005512394E+01 0.0000000000000E+00 2.2398402204958E+01-5.5996005512394E+01
 0.0000000000000E+00-5.0396404961154E+01-3.3597603307436E+01 0.0000000000000E+00
 5.0396404961154E+01 3.3597603307436E+01 0.0000000000000E+00-5.0396404961154E+01
 3.3597603307436E+01 0.0000000000000E+00 5.0396404961154E+01-3.3597603307436E+01
 0.0000000000000E+00-3.3597603307436E+01-5.0396404961154E+01 0.0000000000000E+00
 3.3597603307436E+01 5.0396404961154E+01 0.0000000000000E+00-3.3597603307436E+01
 5.0396404961154E+01 0.0000000000000E+00 3.3597603307436E+01-5.0396404961154E+01
 0.0000000000000E+00-6.1595606063633E+01 0.0000000000000E+00 0.0000000000000E+00
 6.1595606063633E+01 0.0000000000000E+00 0.0000000000000E+00 0.0000000000000E+00
-6.1595606063633E+01 0.0000000000000E+00 0.0000000000000E+00 6.1595606063633E+01
 0.0000000000000E+00-6.1595606063633E+01-5.5996005512394E+00 0.0000000000000E+00
 6.1595606063633E+01 5.5996005512394E+00 0.0000000000000E+00-6.1595606063633E+01
 5.5996005512394E+00 0.0000000000000E+00 6.1595606063633E+01-5.5996005512394E+00
 0.0000000000000E+00-5.5996005512394E+00-6.1595606063633E+01 0.0000000000000E+00
 5.5996005512394E+00 6.1595606063633E+01 0.0000000000000E+00-5.5996005512394E+00
 6.1595606063633E+01 0.0000000000000E+00 5.5996005512394E+00-6.1595606063633E+01
 0.0000000000000E+00-6.1595606063633E+01-1.1199201102479E+01 0.0000000000000E+00
 6.1595606063633E+01 1.1199201102479E+01 0.0000000000000E+00-6.1595606063633E+01
 1.1199201102479E+01 0.0000000000000E+00 6.1595606063633E+01-1.1199201102479E+01
 0.0000000000000E+00-5.5996005512394E+01-2.7998002756197E+01 0.0000000000000E+00
 5.5996005512394E+01 2.7998002756197E+01 0.0000000000000E+00-5.5996005512394E+01
 2.7998002756197E+01 0.0000000000000E+00 5.5996005512394E+01-2.7998002756197E+01
 0.0000000000000E+00-2.7998002756197E+01-5.5996005512394E+01 0.0000000000000E+00
 2.7998002756197E+01 5.5996005512394E+01 0.0000000000000E+00-2.7998002756197E+01
 5.5996005512394E+01 0.0000000000000E+00 2.7998002756197E+01-5.5996005512394E+01
 0.0000000000000E+00-1.1199201102479E+01-6.1595606063633E+01 0.0000000000000E+00
 1.1199201102479E+01 6.1595606063633E+01 0.0000000000000E+00-1.1199201102479E+01
 6.1595606063633E+01 0.0000000000000E+00 1.1199201102479E+01-6.1595606063633E+01
 0.0000000000000E+00-4.4796804409915E+01-4.4796804409915E+01 0.0000000000000E+00
 4.4796804409915E+01 4.4796804409915E+01 0.0000000000000E+00-4.4796804409915E+01
 4.4796804409915E+01 0.0000000000000E+00 4.4796804409915E+01-4.4796804409915E+01
 0.0000000000000E+00-6.1595606063633E+01-1.6798801653718E+01 0.0000000000000E+00
 6.1595606063633E+01 1.6798801653718E+01 0.0000000000000E+00-6.1595606063633E+01
 1.6798801653718E+01 0.0000000000000E+00 6.1595606063633E+01-1.6798801653718E+01
 0.0000000000000E+00-5.0396404961154E+01-3.9197203858676E+01 0.0000000000000E+00
 5.0396404961154E+01 3.9197203858676E+01 0.0000000000000E+00-5.0396404961154E+01
 3.9197203858676E+01 0.0000000000000E+00 5.0396404961154E+01-3.9197203858676E+01
 0.0000000000000E+00-3.9197203858676E+01-5.0396404961154E+01 0.0000000000000E+00
 3.9197203858676E+01 5.0396404961154E+01 0.0000000000000E+00-3.9197203858676E+01
 5.0396404961154E+01 0.0000000000000E+00 3.9197203858676E+01-5.0396404961154E+01
 0.0000000000000E+00-1.6798801653718E+01-6.1595606063633E+01 0.0000000000000E+00
 1.6798801653718E+01 6.1595606063633E+01 0.0000000000000E+00-1.6798801653718E+01
 6.1595606063633E+01 0.0000000000000E+00 1.6798801653718E+01-6.1595606063633E+01
 0.0000000000000E+00-5.5996005512394E+01-3.3597603307436E+01 0.0000000000000E+00
 5.5996005512394E+01 3.3597603307436E+01 0.0000000000000E+00-5.5996005512394E+01
 3.3597603307436E+01 0.0000000000000E+00 5.5996005512394E+01-3.3597603307436E+01
 0.0000000000000E+00-3.3597603307436E+01-5.5996005512394E+01 0.0000000000000E+00
 3.3597603307436E+01 5.5996005512394E+01 0.0000000000000E+00-3.3597603307436E+01
 5.5996005512394E+01 0.0000000000000E+00 3.3597603307436E+01-5.5996005512394E+01
 0.0000000000000E+00-6.1595606063633E+01-2.2398402204958E+01 0.0000000000000E+00
 6.1595606063633E+01 2.2398402204958E+01 0.0000000000000E+00-6.1595606063633E+01
 2.2398402204958E+01 0.0000000000000E+00 6.1595606063633E+01-2.2398402204958E+01
 0.0000000000000E+00-2.2398402204958E+01-6.1595606063633E+01 0.0000000000000E+00
 2.2398402204958E+01 6.1595606063633E+01 0.0000000000000E+00-2.2398402204958E+01
 6.1595606063633E+01 0.0000000000000E+00 2.2398402204958E+01-6.1595606063633E+01
 0.0000000000000E+00-6.7195206614873E+01 0.0000000000000E+00 0.0000000000000E+00
 6.7195206614873E+01 0.0000000000000E+00 0.0000000000000E+00 0.0000000000000E+00
-6.7195206614873E+01 0.0000000000000E+00 0.0000000000000E+00 6.7195206614873E+01
 0.0000000000000E+00-6.7195206614873E+01-5.5996005512394E+00 0.0000000000000E+00
 6.7195206614873E+01 5.5996005512394E+00 0.0000000000000E+00-6.7195206614873E+01
 5.5996005512394E+00 0.0000000000000E+00 6.7195206614873E+01-5.5996005512394E+00
 0.0000000000000E+00-5.0396404961154E+01-4.4796804409915E+01 0.0000000000000E+00
 5.0396404961154E+01 4.4796804409915E+01 0.0000000000000E+00-5.0396404961154E+01
 4.4796804409915E+01 0.0000000000000E+00 5.0396404961154E+01-4.4796804409915E+01
 0.0000000000000E+00-4.4796804409915E+01-5.0396404961154E+01 0.0000000000000E+00
 4.4796804409915E+01 5.0396404961154E+01 0.0000000000000E+00-4.4796804409915E+01
 5.0396404961154E+01 0.0000000000000E+00 4.4796804409915E+01-5.0396404961154E+01
 0.0000000000000E+00-5.5996005512394E+00-6.7195206614873E+01 0.0000000000000E+00
 5.5996005512394E+00 6.7195206614873E+01 0.0000000000000E+00-5.5996005512394E+00
 6.7195206614873E+01 0.0000000000000E+00 5.5996005512394E+00-6.7195206614873E+01
 0.0000000000000E+00-6.1595606063633E+01-2.7998002756197E+01 0.0000000000000E+00
 6.1595606063633E+01 2.7998002756197E+01 0.0000000000000E+00-6.1595606063633E+01
 2.7998002756197E+01 0.0000000000000E+00 6.1595606063633E+01-2.7998002756197E+01
 0.0000000000000E+00-2.7998002756197E+01-6.1595606063633E+01 0.0000000000000E+00
 2.7998002756197E+01 6.1595606063633E+01 0.0000000000000E+00-2.7998002756197E+01
 6.1595606063633E+01 0.0000000000000E+00 2.7998002756197E+01-6.1595606063633E+01
 0.0000000000000E+00-6.7195206614873E+01-1.1199201102479E+01 0.0000000000000E+00
 6.7195206614873E+01 1.1199201102479E+01 0.0000000000000E+00-6.7195206614873E+01
 1.1199201102479E+01 0.0000000000000E+00 6.7195206614873E+01-1.1199201102479E+01
 0.0000000000000E+00-1.1199201102479E+01-6.7195206614873E+01 0.0000000000000E+00
 1.1199201102479E+01 6.7195206614873E+01 0.0000000000000E+00-1.1199201102479E+01
 6.7195206614873E+01 0.0000000000000E+00 1.1199201102479E+01-6.7195206614873E+01
 0.0000000000000E+00-5.5996005512394E+01-3.9197203858676E+01 0.0000000000000E+00
 5.5996005512394E+01 3.9197203858676E+01 0.0000000000000E+00-5.5996005512394E+01
 3.9197203858676E+01 0.0000000000000E+00 5.5996005512394E+01-3.9197203858676E+01
 0.0000000000000E+00-3.9197203858676E+01-5.5996005512394E+01 0.0000000000000E+00
 3.9197203858676E+01 5.5996005512394E+01 0.0000000000000E+00-3.9197203858676E+01
 5.5996005512394E+01 0.0000000000000E+00 3.9197203858676E+01-5.5996005512394E+01
 0.0000000000000E+00-6.7195206614873E+01-1.6798801653718E+01 0.0000000000000E+00
 6.7195206614873E+01 1.6798801653718E+01 0.0000000000000E+00-6.7195206614873E+01
 1.6798801653718E+01 0.0000000000000E+00 6.7195206614873E+01-1.6798801653718E+01
 0.0000000000000E+00-1.6798801653718E+01-6.7195206614873E+01 0.0000000000000E+00
 1.6798801653718E+01 6.7195206614873E+01 0.0000000000000E+00-1.6798801653718E+01
 6.7195206614873E+01 0.0000000000000E+00 1.6798801653718E+01-6.7195206614873E+01
 0.0000000000000E+00-6.1595606063633E+01-3.3597603307436E+01 0.0000000000000E+00
 6.1595606063633E+01 3.3597603307436E+01 0.0000000000000E+00-6.1595606063633E+01
 3.3597603307436E+01 0.0000000000000E+00 6.1595606063633E+01-3.3597603307436E+01
 0.0000000000000E+00-3.3597603307436E+01-6.1595606063633E+01 0.0000000000000E+00
 3.3597603307436E+01 6.1595606063633E+01 0.0000000000000E+00-3.3597603307436E+01
 6.1595606063633E+01 0.0000000000000E+00 3.3597603307436E+01-6.1595606063633E+01
 0.0000000000000E+00-6.7195206614873E+01-2.2398402204958E+01 0.0000000000000E+00
 6.7195206614873E+01 2.2398402204958E+01 0.0000000000000E+00-6.7195206614873E+01
 2.2398402204958E+01 0.0000000000000E+00 6.7195206614873E+01-2.2398402204958E+01
 0.0000000000000E+00-2.2398402204958E+01-6.7195206614873E+01 0.0000000000000E+00
 2.2398402204958E+01 6.7195206614873E+01 0.0000000000000E+00-2.2398402204958E+01
 6.7195206614873E+01 0.0000000000000E+00 2.2398402204958E+01-6.7195206614873E+01
 0.0000000000000E+00-5.0396404961154E+01-5.0396404961154E+01 0.0000000000000E+00
 5.0396404961154E+01 5.0396404961154E+01 0.0000000000000E+00-5.0396404961154E+01
 5.0396404961154E+01 0.0000000000000E+00 5.0396404961154E+01-5.0396404961154E+01
 0.0000000000000E+00-5.5996005512394E+01-4.4796804409915E+01 0.0000000000000E+00
 5.5996005512394E+01 4.4796804409915E+01 0.0000000000000E+00-5.5996005512394E+01
 4.4796804409915E+01 0.0000000000000E+00 5.5996005512394E+01-4.4796804409915E+01
 0.0000000000000E+00-4.4796804409915E+01-5.5996005512394E+01 0.0000000000000E+00
 4.4796804409915E+01 5.5996005512394E+01 0.0000000000000E+00-4.4796804409915E+01
 5.5996005512394E+01 0.0000000000000E+00 4.4796804409915E+01-5.5996005512394E+01
 0.0000000000000E+00-7.2794807166112E+01 0.0000000000000E+00 0.0000000000000E+00
 7.2794807166112E+01 0.0000000000000E+00 0.0000000000000E+00-6.7195206614873E+01
-2.7998002756197E+01 0.0000000000000E+00 6.7195206614873E+01 2.7998002756197E+01
 0.0000000000000E+00-6.7195206614873E+01 2.7998002756197E+01 0.0000000000000E+00
 6.7195206614873E+01-2.7998002756197E+01 0.0000000000000E+00-2.7998002756197E+01
-6.7195206614873E+01 0.0000000000000E+00 2.7998002756197E+01 6.7195206614873E+01
 0.0000000000000E+00-2.7998002756197E+01 6.7195206614873E+01 0.0000000000000E+00
 2.7998002756197E+01-6.7195206614873E+01 0.0000000000000E+00 0.0000000000000E+00
-7.2794807166112E+01 0.0000000000000E+00 0.0000000000000E+00 7.2794807166112E+01
 0.0000000000000E+00-7.2794807166112E+01-5.5996005512394E+00 0.0000000000000E+00
 7.2794807166112E+01 5.5996005512394E+00 0.0000000000000E+00-7.2794807166112E+01
 5.5996005512394E+00 0.0000000000000E+00 7.2794807166112E+01-5.5996005512394E+00
 0.0000000000000E+00-6.1595606063633E+01-3.9197203858676E+01 0.0000000000000E+00
 6.1595606063633E+01 3.9197203858676E+01 0.0000000000000E+00-6.1595606063633E+01
 3.9197203858676E+01 0.0000000000000E+00 6.1595606063633E+01-3.9197203858676E+01
 0.0000000000000E+00-3.9197203858676E+01-6.1595606063633E+01 0.0000000000000E+00
 3.9197203858676E+01 6.1595606063633E+01 0.0000000000000E+00-3.9197203858676E+01
 6.1595606063633E+01 0.0000000000000E+00 3.9197203858676E+01-6.1595606063633E+01
 0.0000000000000E+00-5.5996005512394E+00-7.2794807166112E+01 0.0000000000000E+00
 5.5996005512394E+00 7.2794807166112E+01 0.0000000000000E+00-5.5996005512394E+00
 7.2794807166112E+01 0.0000000000000E+00 5.5996005512394E+00-7.2794807166112E+01
 0.0000000000000E+00-7.2794807166112E+01-1.1199201102479E+01 0.0000000000000E+00
 7.2794807166112E+01 1.1199201102479E+01 0.0000000000000E+00-7.2794807166112E+01
 1.1199201102479E+01 0.0000000000000E+00 7.2794807166112E+01-1.1199201102479E+01
 0.0000000000000E+00-1.1199201102479E+01-7.2794807166112E+01 0.0000000000000E+00
 1.1199201102479E+01 7.2794807166112E+01 0.0000000000000E+00-1.1199201102479E+01
 7.2794807166112E+01 0.0000000000000E+00 1.1199201102479E+01-7.2794807166112E+01
 0.0000000000000E+00-7.2794807166112E+01-1.6798801653718E+01 0.0000000000000E+00
 7.2794807166112E+01 1.6798801653718E+01 0.0000000000000E+00-7.2794807166112E+01
 1.6798801653718E+01 0.0000000000000E+00 7.2794807166112E+01-1.6798801653718E+01
 0.0000000000000E+00-1.6798801653718E+01-7.2794807166112E+01 0.0000000000000E+00
 1.6798801653718E+01 7.2794807166112E+01 0.0000000000000E+00-1.6798801653718E+01
 7.2794807166112E+01 0.0000000000000E+00 1.6798801653718E+01-7.2794807166112E+01
 0.0000000000000E+00-6.7195206614873E+01-3.3597603307436E+01 0.0000000000000E+00
 6.7195206614873E+01 3.3597603307436E+01 0.0000000000000E+00-6.7195206614873E+01
 3.3597603307436E+01 0.0000000000000E+00 6.7195206614873E+01-3.3597603307436E+01
 0.0000000000000E+00-3.3597603307436E+01-6.7195206614873E+01 0.0000000000000E+00
 3.3597603307436E+01 6.7195206614873E+01 0.0000000000000E+00-3.3597603307436E+01
 6.7195206614873E+01 0.0000000000000E+00 3.3597603307436E+01-6.7195206614873E+01
 0.0000000000000E+00-5.5996005512394E+01-5.0396404961154E+01 0.0000000000000E+00
 5.5996005512394E+01 5.0396404961154E+01 0.0000000000000E+00-5.5996005512394E+01
 5.0396404961154E+01 0.0000000000000E+00 5.5996005512394E+01-5.0396404961154E+01
 0.0000000000000E+00-5.0396404961154E+01-5.5996005512394E+01 0.0000000000000E+00
 5.0396404961154E+01 5.5996005512394E+01 0.0000000000000E+00-5.0396404961154E+01
 5.5996005512394E+01 0.0000000000000E+00 5.0396404961154E+01-5.5996005512394E+01
 0.0000000000000E+00-7.2794807166112E+01-2.2398402204958E+01 0.0000000000000E+00
 7.2794807166112E+01 2.2398402204958E+01 0.0000000000000E+00-7.2794807166112E+01
 2.2398402204958E+01 0.0000000000000E+00 7.2794807166112E+01-2.2398402204958E+01
 0.0000000000000E+00-6.1595606063633E+01-4.4796804409915E+01 0.0000000000000E+00
 6.1595606063633E+01 4.4796804409915E+01 0.0000000000000E+00-6.1595606063633E+01
 4.4796804409915E+01 0.0000000000000E+00 6.1595606063633E+01-4.4796804409915E+01
 0.0000000000000E+00-4.4796804409915E+01-6.1595606063633E+01 0.0000000000000E+00
 4.4796804409915E+01 6.1595606063633E+01 0.0000000000000E+00-4.4796804409915E+01
 6.1595606063633E+01 0.0000000000000E+00 4.4796804409915E+01-6.1595606063633E+01
 0.0000000000000E+00-2.2398402204958E+01-7.2794807166112E+01 0.0000000000000E+00
 2.2398402204958E+01 7.2794807166112E+01 0.0000000000000E+00-2.2398402204958E+01
 7.2794807166112E+01 0.0000000000000E+00 2.2398402204958E+01-7.2794807166112E+01
 0.0000000000000E+00-6.7195206614873E+01-3.9197203858676E+01 0.0000000000000E+00
 6.7195206614873E+01 3.9197203858676E+01 0.0000000000000E+00-6.7195206614873E+01
 3.9197203858676E+01 0.0000000000000E+00 6.7195206614873E+01-3.9197203858676E+01
 0.0000000000000E+00-3.9197203858676E+01-6.7195206614873E+01 0.0000000000000E+00
 3.9197203858676E+01 6.7195206614873E+01 0.0000000000000E+00-3.9197203858676E+01
 6.7195206614873E+01 0.0000000000000E+00 3.9197203858676E+01-6.7195206614873E+01
 0.0000000000000E+00-7.2794807166112E+01-2.7998002756197E+01 0.0000000000000E+00
 7.2794807166112E+01 2.7998002756197E+01 0.0000000000000E+00-7.2794807166112E+01
 2.7998002756197E+01 0.0000000000000E+00 7.2794807166112E+01-2.7998002756197E+01
 0.0000000000000E+00-2.7998002756197E+01-7.2794807166112E+01 0.0000000000000E+00
 2.7998002756197E+01 7.2794807166112E+01 0.0000000000000E+00-2.7998002756197E+01
 7.2794807166112E+01 0.0000000000000E+00 2.7998002756197E+01-7.2794807166112E+01
 0.0000000000000E+00-7.8394407717351E+01 0.0000000000000E+00 0.0000000000000E+00
 7.8394407717351E+01 0.0000000000000E+00 0.0000000000000E+00 0.0000000000000E+00
-7.8394407717351E+01 0.0000000000000E+00 0.0000000000000E+00 7.8394407717351E+01
 0.0000000000000E+00-7.8394407717351E+01-5.5996005512394E+00 0.0000000000000E+00
 7.8394407717351E+01 5.5996005512394E+00 0.0000000000000E+00-7.8394407717351E+01
 5.5996005512394E+00 0.0000000000000E+00 7.8394407717351E+01-5.5996005512394E+00
 0.0000000000000E+00-5.5996005512394E+00-7.8394407717351E+01 0.0000000000000E+00
 5.5996005512394E+00 7.8394407717351E+01 0.0000000000000E+00-5.5996005512394E+00
 7.8394407717351E+01 0.0000000000000E+00 5.5996005512394E+00-7.8394407717351E+01
 0.0000000000000E+00-7.8394407717351E+01-1.1199201102479E+01 0.0000000000000E+00
 7.8394407717351E+01 1.1199201102479E+01 0.0000000000000E+00-7.8394407717351E+01
 1.1199201102479E+01 0.0000000000000E+00 7.8394407717351E+01-1.1199201102479E+01
 0.0000000000000E+00-5.5996005512394E+01-5.5996005512394E+01 0.0000000000000E+00
 5.5996005512394E+01 5.5996005512394E+01 0.0000000000000E+00-5.5996005512394E+01
 5.5996005512394E+01 0.0000000000000E+00 5.5996005512394E+01-5.5996005512394E+01
 0.0000000000000E+00-1.1199201102479E+01-7.8394407717351E+01 0.0000000000000E+00
 1.1199201102479E+01 7.8394407717351E+01 0.0000000000000E+00-1.1199201102479E+01
 7.8394407717351E+01 0.0000000000000E+00 1.1199201102479E+01-7.8394407717351E+01
 0.0000000000000E+00-6.1595606063633E+01-5.0396404961154E+01 0.0000000000000E+00
 6.1595606063633E+01 5.0396404961154E+01 0.0000000000000E+00-6.1595606063633E+01
 5.0396404961154E+01 0.0000000000000E+00 6.1595606063633E+01-5.0396404961154E+01
 0.0000000000000E+00-5.0396404961154E+01-6.1595606063633E+01 0.0000000000000E+00
 5.0396404961154E+01 6.1595606063633E+01 0.0000000000000E+00-5.0396404961154E+01
 6.1595606063633E+01 0.0000000000000E+00 5.0396404961154E+01-6.1595606063633E+01
 0.0000000000000E+00-7.8394407717351E+01-1.6798801653718E+01 0.0000000000000E+00
 7.8394407717351E+01 1.6798801653718E+01 0.0000000000000E+00-7.8394407717351E+01
 1.6798801653718E+01 0.0000000000000E+00 7.8394407717351E+01-1.6798801653718E+01
 0.0000000000000E+00-7.2794807166112E+01-3.3597603307436E+01 0.0000000000000E+00
 7.2794807166112E+01 3.3597603307436E+01 0.0000000000000E+00-7.2794807166112E+01
 3.3597603307436E+01 0.0000000000000E+00 7.2794807166112E+01-3.3597603307436E+01
 0.0000000000000E+00-3.3597603307436E+01-7.2794807166112E+01 0.0000000000000E+00
 3.3597603307436E+01 7.2794807166112E+01 0.0000000000000E+00-3.3597603307436E+01
 7.2794807166112E+01 0.0000000000000E+00 3.3597603307436E+01-7.2794807166112E+01
 0.0000000000000E+00-1.6798801653718E+01-7.8394407717351E+01 0.0000000000000E+00
 1.6798801653718E+01 7.8394407717351E+01 0.0000000000000E+00-1.6798801653718E+01
 7.8394407717351E+01 0.0000000000000E+00 1.6798801653718E+01-7.8394407717351E+01
 0.0000000000000E+00-6.7195206614873E+01-4.4796804409915E+01 0.0000000000000E+00
 6.7195206614873E+01 4.4796804409915E+01 0.0000000000000E+00-6.7195206614873E+01
 4.4796804409915E+01 0.0000000000000E+00 6.7195206614873E+01-4.4796804409915E+01
 0.0000000000000E+00-4.4796804409915E+01-6.7195206614873E+01 0.0000000000000E+00
 4.4796804409915E+01 6.7195206614873E+01 0.0000000000000E+00-4.4796804409915E+01
 6.7195206614873E+01 0.0000000000000E+00 4.4796804409915E+01-6.7195206614873E+01
 0.0000000000000E+00-7.8394407717351E+01-2.2398402204958E+01 0.0000000000000E+00
 7.8394407717351E+01 2.2398402204958E+01 0.0000000000000E+00-7.8394407717351E+01
 2.2398402204958E+01 0.0000000000000E+00 7.8394407717351E+01-2.2398402204958E+01
 0.0000000000000E+00-2.2398402204958E+01-7.8394407717351E+01 0.0000000000000E+00
 2.2398402204958E+01 7.8394407717351E+01 0.0000000000000E+00-2.2398402204958E+01
 7.8394407717351E+01 0.0000000000000E+00 2.2398402204958E+01-7.8394407717351E+01
 0.0000000000000E+00-7.2794807166112E+01-3.9197203858676E+01 0.0000000000000E+00
 7.2794807166112E+01 3.9197203858676E+01 0.0000000000000E+00-7.2794807166112E+01
 3.9197203858676E+01 0.0000000000000E+00 7.2794807166112E+01-3.9197203858676E+01
 0.0000000000000E+00-3.9197203858676E+01-7.2794807166112E+01 0.0000000000000E+00
 3.9197203858676E+01 7.2794807166112E+01 0.0000000000000E+00-3.9197203858676E+01
 7.2794807166112E+01 0.0000000000000E+00 3.9197203858676E+01-7.2794807166112E+01
 0.0000000000000E+00-7.8394407717351E+01-2.7998002756197E+01 0.0000000000000E+00
 7.8394407717351E+01 2.7998002756197E+01 0.0000000000000E+00-7.8394407717351E+01
 2.7998002756197E+01 0.0000000000000E+00 7.8394407717351E+01-2.7998002756197E+01
 0.0000000000000E+00-6.1595606063633E+01-5.5996005512394E+01 0.0000000000000E+00
 6.1595606063633E+01 5.5996005512394E+01 0.0000000000000E+00-6.1595606063633E+01
 5.5996005512394E+01 0.0000000000000E+00 6.1595606063633E+01-5.5996005512394E+01
 0.0000000000000E+00-5.5996005512394E+01-6.1595606063633E+01 0.0000000000000E+00
 5.5996005512394E+01 6.1595606063633E+01 0.0000000000000E+00-5.5996005512394E+01
 6.1595606063633E+01 0.0000000000000E+00 5.5996005512394E+01-6.1595606063633E+01
 0.0000000000000E+00-2.7998002756197E+01-7.8394407717351E+01 0.0000000000000E+00
 2.7998002756197E+01 7.8394407717351E+01 0.0000000000000E+00-2.7998002756197E+01
 7.8394407717351E+01 0.0000000000000E+00 2.7998002756197E+01-7.8394407717351E+01
 0.0000000000000E+00-8.3994008268591E+01 0.0000000000000E+00 0.0000000000000E+00
 8.3994008268591E+01 0.0000000000000E+00 0.0000000000000E+00-6.7195206614873E+01
-5.0396404961154E+01 0.0000000000000E+00 6.7195206614873E+01 5.0396404961154E+01
 0.0000000000000E+00-6.7195206614873E+01 5.0396404961154E+01 0.0000000000000E+00
 6.7195206614873E+01-5.0396404961154E+01 0.0000000000000E+00-5.0396404961154E+01
-6.7195206614873E+01 0.0000000000000E+00 5.0396404961154E+01 6.7195206614873E+01
 0.0000000000000E+00-5.0396404961154E+01 6.7195206614873E+01 0.0000000000000E+00
 5.0396404961154E+01-6.7195206614873E+01 0.0000000000000E+00 0.0000000000000E+00
-8.3994008268591E+01 0.0000000000000E+00 0.0000000000000E+00 8.3994008268591E+01
 0.0000000000000E+00-8.3994008268591E+01-5.5996005512394E+00 0.0000000000000E+00
 8.3994008268591E+01 5.5996005512394E+00 0.0000000000000E+00-8.3994008268591E+01
 5.5996005512394E+00 0.0000000000000E+00 8.3994008268591E+01-5.5996005512394E+00
 0.0000000000000E+00-5.5996005512394E+00-8.3994008268591E+01 0.0000000000000E+00
 5.5996005512394E+00 8.3994008268591E+01 0.0000000000000E+00-5.5996005512394E+00
 8.3994008268591E+01 0.0000000000000E+00 5.5996005512394E+00-8.3994008268591E+01
 0.0000000000000E+00-8.3994008268591E+01-1.1199201102479E+01 0.0000000000000E+00
 8.3994008268591E+01 1.1199201102479E+01 0.0000000000000E+00-8.3994008268591E+01
 1.1199201102479E+01 0.0000000000000E+00 8.3994008268591E+01-1.1199201102479E+01
 0.0000000000000E+00-1.1199201102479E+01-8.3994008268591E+01 0.0000000000000E+00
 1.1199201102479E+01 8.3994008268591E+01 0.0000000000000E+00-1.1199201102479E+01
 8.3994008268591E+01 0.0000000000000E+00 1.1199201102479E+01-8.3994008268591E+01
 0.0000000000000E+00-7.8394407717351E+01-3.3597603307436E+01 0.0000000000000E+00
 7.8394407717351E+01 3.3597603307436E+01 0.0000000000000E+00-7.8394407717351E+01
 3.3597603307436E+01 0.0000000000000E+00 7.8394407717351E+01-3.3597603307436E+01
 0.0000000000000E+00-3.3597603307436E+01-7.8394407717351E+01 0.0000000000000E+00
 3.3597603307436E+01 7.8394407717351E+01 0.0000000000000E+00-3.3597603307436E+01
 7.8394407717351E+01 0.0000000000000E+00 3.3597603307436E+01-7.8394407717351E+01
 0.0000000000000E+00-7.2794807166112E+01-4.4796804409915E+01 0.0000000000000E+00
 7.2794807166112E+01 4.4796804409915E+01 0.0000000000000E+00-7.2794807166112E+01
 4.4796804409915E+01 0.0000000000000E+00 7.2794807166112E+01-4.4796804409915E+01
 0.0000000000000E+00-4.4796804409915E+01-7.2794807166112E+01 0.0000000000000E+00
 4.4796804409915E+01 7.2794807166112E+01 0.0000000000000E+00-4.4796804409915E+01
 7.2794807166112E+01 0.0000000000000E+00 4.4796804409915E+01-7.2794807166112E+01
 0.0000000000000E+00-8.3994008268591E+01-1.6798801653718E+01 0.0000000000000E+00
 8.3994008268591E+01 1.6798801653718E+01 0.0000000000000E+00-8.3994008268591E+01
 1.6798801653718E+01 0.0000000000000E+00 8.3994008268591E+01-1.6798801653718E+01
 0.0000000000000E+00-1.6798801653718E+01-8.3994008268591E+01 0.0000000000000E+00
 1.6798801653718E+01 8.3994008268591E+01 0.0000000000000E+00-1.6798801653718E+01
 8.3994008268591E+01 0.0000000000000E+00 1.6798801653718E+01-8.3994008268591E+01
 0.0000000000000E+00-8.3994008268591E+01-2.2398402204958E+01 0.0000000000000E+00
 8.3994008268591E+01 2.2398402204958E+01 0.0000000000000E+00-8.3994008268591E+01
 2.2398402204958E+01 0.0000000000000E+00 8.3994008268591E+01-2.2398402204958E+01
 0.0000000000000E+00-2.2398402204958E+01-8.3994008268591E+01 0.0000000000000E+00
 2.2398402204958E+01 8.3994008268591E+01 0.0000000000000E+00-2.2398402204958E+01
 8.3994008268591E+01 0.0000000000000E+00 2.2398402204958E+01-8.3994008268591E+01
 0.0000000000000E+00-6.1595606063633E+01-6.1595606063633E+01 0.0000000000000E+00
 6.1595606063633E+01 6.1595606063633E+01 0.0000000000000E+00-6.1595606063633E+01
 6.1595606063633E+01 0.0000000000000E+00 6.1595606063633E+01-6.1595606063633E+01
 0.0000000000000E+00-6.7195206614873E+01-5.5996005512394E+01 0.0000000000000E+00
 6.7195206614873E+01 5.5996005512394E+01 0.0000000000000E+00-6.7195206614873E+01
 5.5996005512394E+01 0.0000000000000E+00 6.7195206614873E+01-5.5996005512394E+01
 0.0000000000000E+00-5.5996005512394E+01-6.7195206614873E+01 0.0000000000000E+00
 5.5996005512394E+01 6.7195206614873E+01 0.0000000000000E+00-5.5996005512394E+01
 6.7195206614873E+01 0.0000000000000E+00 5.5996005512394E+01-6.7195206614873E+01
 0.0000000000000E+00-7.8394407717351E+01-3.9197203858676E+01 0.0000000000000E+00
 7.8394407717351E+01 3.9197203858676E+01 0.0000000000000E+00-7.8394407717351E+01
 3.9197203858676E+01 0.0000000000000E+00 7.8394407717351E+01-3.9197203858676E+01
 0.0000000000000E+00-3.9197203858676E+01-7.8394407717351E+01 0.0000000000000E+00
 3.9197203858676E+01 7.8394407717351E+01 0.0000000000000E+00-3.9197203858676E+01
 7.8394407717351E+01 0.0000000000000E+00 3.9197203858676E+01-7.8394407717351E+01
 0.0000000000000E+00-8.3994008268591E+01-2.7998002756197E+01 0.0000000000000E+00
 8.3994008268591E+01 2.7998002756197E+01 0.0000000000000E+00-8.3994008268591E+01
 2.7998002756197E+01 0.0000000000000E+00 8.3994008268591E+01-2.7998002756197E+01
 0.0000000000000E+00-7.2794807166112E+01-5.0396404961154E+01 0.0000000000000E+00
 7.2794807166112E+01 5.0396404961154E+01 0.0000000000000E+00-7.2794807166112E+01
 5.0396404961154E+01 0.0000000000000E+00 7.2794807166112E+01-5.0396404961154E+01
 0.0000000000000E+00-5.0396404961154E+01-7.2794807166112E+01 0.0000000000000E+00
 5.0396404961154E+01 7.2794807166112E+01 0.0000000000000E+00-5.0396404961154E+01
 7.2794807166112E+01 0.0000000000000E+00 5.0396404961154E+01-7.2794807166112E+01
 0.0000000000000E+00-2.7998002756197E+01-8.3994008268591E+01 0.0000000000000E+00
 2.7998002756197E+01 8.3994008268591E+01 0.0000000000000E+00-2.7998002756197E+01
 8.3994008268591E+01 0.0000000000000E+00 2.7998002756197E+01-8.3994008268591E+01
 0.0000000000000E+00-8.9593608819830E+01 0.0000000000000E+00 0.0000000000000E+00
 8.9593608819830E+01 0.0000000000000E+00 0.0000000000000E+00 0.0000000000000E+00
-8.9593608819830E+01 0.0000000000000E+00 0.0000000000000E+00 8.9593608819830E+01
 0.0000000000000E+00-8.9593608819830E+01-5.5996005512394E+00 0.0000000000000E+00
 8.9593608819830E+01 5.5996005512394E+00 0.0000000000000E+00-8.9593608819830E+01
 5.5996005512394E+00 0.0000000000000E+00 8.9593608819830E+01-5.5996005512394E+00
 0.0000000000000E+00-5.5996005512394E+00-8.9593608819830E+01 0.0000000000000E+00
 5.5996005512394E+00 8.9593608819830E+01 0.0000000000000E+00-5.5996005512394E+00
 8.9593608819830E+01 0.0000000000000E+00 5.5996005512394E+00-8.9593608819830E+01
 0.0000000000000E+00-8.9593608819830E+01-1.1199201102479E+01 0.0000000000000E+00
 8.9593608819830E+01 1.1199201102479E+01 0.0000000000000E+00-8.9593608819830E+01
 1.1199201102479E+01 0.0000000000000E+00 8.9593608819830E+01-1.1199201102479E+01
 0.0000000000000E+00-7.8394407717351E+01-4.4796804409915E+01 0.0000000000000E+00
 7.8394407717351E+01 4.4796804409915E+01 0.0000000000000E+00-7.8394407717351E+01
 4.4796804409915E+01 0.0000000000000E+00 7.8394407717351E+01-4.4796804409915E+01
 0.0000000000000E+00-4.4796804409915E+01-7.8394407717351E+01 0.0000000000000E+00
 4.4796804409915E+01 7.8394407717351E+01 0.0000000000000E+00-4.4796804409915E+01
 7.8394407717351E+01 0.0000000000000E+00 4.4796804409915E+01-7.8394407717351E+01
 0.0000000000000E+00-1.1199201102479E+01-8.9593608819830E+01 0.0000000000000E+00
 1.1199201102479E+01 8.9593608819830E+01 0.0000000000000E+00-1.1199201102479E+01
 8.9593608819830E+01 0.0000000000000E+00 1.1199201102479E+01-8.9593608819830E+01
 0.0000000000000E+00-8.3994008268591E+01-3.3597603307436E+01 0.0000000000000E+00
 8.3994008268591E+01 3.3597603307436E+01 0.0000000000000E+00-8.3994008268591E+01
 3.3597603307436E+01 0.0000000000000E+00 8.3994008268591E+01-3.3597603307436E+01
 0.0000000000000E+00-3.3597603307436E+01-8.3994008268591E+01 0.0000000000000E+00
 3.3597603307436E+01 8.3994008268591E+01 0.0000000000000E+00-3.3597603307436E+01
 8.3994008268591E+01 0.0000000000000E+00 3.3597603307436E+01-8.3994008268591E+01
 0.0000000000000E+00-8.9593608819830E+01-1.6798801653718E+01 0.0000000000000E+00
 8.9593608819830E+01 1.6798801653718E+01 0.0000000000000E+00-8.9593608819830E+01
 1.6798801653718E+01 0.0000000000000E+00 8.9593608819830E+01-1.6798801653718E+01
 0.0000000000000E+00-6.7195206614873E+01-6.1595606063633E+01 0.0000000000000E+00
 6.7195206614873E+01 6.1595606063633E+01 0.0000000000000E+00-6.7195206614873E+01
 6.1595606063633E+01 0.0000000000000E+00 6.7195206614873E+01-6.1595606063633E+01
 0.0000000000000E+00-6.1595606063633E+01-6.7195206614873E+01 0.0000000000000E+00
 6.1595606063633E+01 6.7195206614873E+01 0.0000000000000E+00-6.1595606063633E+01
 6.7195206614873E+01 0.0000000000000E+00 6.1595606063633E+01-6.7195206614873E+01
 0.0000000000000E+00-1.6798801653718E+01-8.9593608819830E+01 0.0000000000000E+00
 1.6798801653718E+01 8.9593608819830E+01 0.0000000000000E+00-1.6798801653718E+01
 8.9593608819830E+01 0.0000000000000E+00 1.6798801653718E+01-8.9593608819830E+01
 0.0000000000000E+00-7.2794807166112E+01-5.5996005512394E+01 0.0000000000000E+00
 7.2794807166112E+01 5.5996005512394E+01 0.0000000000000E+00-7.2794807166112E+01
 5.5996005512394E+01 0.0000000000000E+00 7.2794807166112E+01-5.5996005512394E+01
 0.0000000000000E+00-5.5996005512394E+01-7.2794807166112E+01 0.0000000000000E+00
 5.5996005512394E+01 7.2794807166112E+01 0.0000000000000E+00-5.5996005512394E+01
 7.2794807166112E+01 0.0000000000000E+00 5.5996005512394E+01-7.2794807166112E+01
 0.0000000000000E+00-8.9593608819830E+01-2.2398402204958E+01 0.0000000000000E+00
 8.9593608819830E+01 2.2398402204958E+01 0.0000000000000E+00-8.9593608819830E+01
 2.2398402204958E+01 0.0000000000000E+00 8.9593608819830E+01-2.2398402204958E+01
 0.0000000000000E+00-2.2398402204958E+01-8.9593608819830E+01 0.0000000000000E+00
 2.2398402204958E+01 8.9593608819830E+01 0.0000000000000E+00-2.2398402204958E+01
 8.9593608819830E+01 0.0000000000000E+00 2.2398402204958E+01-8.9593608819830E+01
 0.0000000000000E+00-8.3994008268591E+01-3.9197203858676E+01 0.0000000000000E+00
 8.3994008268591E+01 3.9197203858676E+01 0.0000000000000E+00-8.3994008268591E+01
 3.9197203858676E+01 0.0000000000000E+00 8.3994008268591E+01-3.9197203858676E+01
 0.0000000000000E+00-3.9197203858676E+01-8.3994008268591E+01 0.0000000000000E+00
 3.9197203858676E+01 8.3994008268591E+01 0.0000000000000E+00-3.9197203858676E+01
 8.3994008268591E+01 0.0000000000000E+00 3.9197203858676E+01-8.3994008268591E+01
 0.0000000000000E+00-7.8394407717351E+01-5.0396404961154E+01 0.0000000000000E+00
 7.8394407717351E+01 5.0396404961154E+01 0.0000000000000E+00-7.8394407717351E+01
 5.0396404961154E+01 0.0000000000000E+00 7.8394407717351E+01-5.0396404961154E+01
 0.0000000000000E+00-5.0396404961154E+01-7.8394407717351E+01 0.0000000000000E+00
 5.0396404961154E+01 7.8394407717351E+01 0.0000000000000E+00-5.0396404961154E+01
 7.8394407717351E+01 0.0000000000000E+00 5.0396404961154E+01-7.8394407717351E+01
 0.0000000000000E+00-8.9593608819830E+01-2.7998002756197E+01 0.0000000000000E+00
 8.9593608819830E+01 2.7998002756197E+01 0.0000000000000E+00-8.9593608819830E+01
 2.7998002756197E+01 0.0000000000000E+00 8.9593608819830E+01-2.7998002756197E+01
 0.0000000000000E+00-2.7998002756197E+01-8.9593608819830E+01 0.0000000000000E+00
 2.7998002756197E+01 8.9593608819830E+01 0.0000000000000E+00-2.7998002756197E+01
 8.9593608819830E+01 0.0000000000000E+00 2.7998002756197E+01-8.9593608819830E+01
 0.0000000000000E+00-6.7195206614873E+01-6.7195206614873E+01 0.0000000000000E+00
 6.7195206614873E+01 6.7195206614873E+01 0.0000000000000E+00-6.7195206614873E+01
 6.7195206614873E+01 0.0000000000000E+00 6.7195206614873E+01-6.7195206614873E+01
 0.0000000000000E+00-9.5193209371070E+01 0.0000000000000E+00 0.0000000000000E+00
 9.5193209371070E+01 0.0000000000000E+00 0.0000000000000E+00-8.3994008268591E+01
-4.4796804409915E+01 0.0000000000000E+00 8.3994008268591E+01 4.4796804409915E+01
 0.0000000000000E+00-8.3994008268591E+01 4.4796804409915E+01 0.0000000000000E+00
 8.3994008268591E+01-4.4796804409915E+01 0.0000000000000E+00-4.4796804409915E+01
-8.3994008268591E+01 0.0000000000000E+00 4.4796804409915E+01 8.3994008268591E+01
 0.0000000000000E+00-4.4796804409915E+01 8.3994008268591E+01 0.0000000000000E+00
 4.4796804409915E+01-8.3994008268591E+01 0.0000000000000E+00 0.0000000000000E+00
-9.5193209371070E+01 0.0000000000000E+00 0.0000000000000E+00 9.5193209371070E+01
 0.0000000000000E+00-9.5193209371070E+01-5.5996005512394E+00 0.0000000000000E+00
 9.5193209371070E+01 5.5996005512394E+00 0.0000000000000E+00-9.5193209371070E+01
 5.5996005512394E+00 0.0000000000000E+00 9.5193209371070E+01-5.5996005512394E+00
 0.0000000000000E+00-7.2794807166112E+01-6.1595606063633E+01 0.0000000000000E+00
 7.2794807166112E+01 6.1595606063633E+01 0.0000000000000E+00-7.2794807166112E+01
 6.1595606063633E+01 0.0000000000000E+00 7.2794807166112E+01-6.1595606063633E+01
 0.0000000000000E+00-6.1595606063633E+01-7.2794807166112E+01 0.0000000000000E+00
 6.1595606063633E+01 7.2794807166112E+01 0.0000000000000E+00-6.1595606063633E+01
 7.2794807166112E+01 0.0000000000000E+00 6.1595606063633E+01-7.2794807166112E+01
 0.0000000000000E+00-5.5996005512394E+00-9.5193209371070E+01 0.0000000000000E+00
 5.5996005512394E+00 9.5193209371070E+01 0.0000000000000E+00-5.5996005512394E+00
 9.5193209371070E+01 0.0000000000000E+00 5.5996005512394E+00-9.5193209371070E+01
 0.0000000000000E+00-8.9593608819830E+01-3.3597603307436E+01 0.0000000000000E+00
 8.9593608819830E+01 3.3597603307436E+01 0.0000000000000E+00-8.9593608819830E+01
 3.3597603307436E+01 0.0000000000000E+00 8.9593608819830E+01-3.3597603307436E+01
 0.0000000000000E+00-3.3597603307436E+01-8.9593608819830E+01 0.0000000000000E+00
 3.3597603307436E+01 8.9593608819830E+01 0.0000000000000E+00-3.3597603307436E+01
 8.9593608819830E+01 0.0000000000000E+00 3.3597603307436E+01-8.9593608819830E+01
 0.0000000000000E+00-9.5193209371070E+01-1.1199201102479E+01 0.0000000000000E+00
 9.5193209371070E+01 1.1199201102479E+01 0.0000000000000E+00-9.5193209371070E+01
 1.1199201102479E+01 0.0000000000000E+00 9.5193209371070E+01-1.1199201102479E+01
 0.0000000000000E+00-1.1199201102479E+01-9.5193209371070E+01 0.0000000000000E+00
 1.1199201102479E+01 9.5193209371070E+01 0.0000000000000E+00-1.1199201102479E+01
 9.5193209371070E+01 0.0000000000000E+00 1.1199201102479E+01-9.5193209371070E+01
 0.0000000000000E+00-7.8394407717351E+01-5.5996005512394E+01 0.0000000000000E+00
 7.8394407717351E+01 5.5996005512394E+01 0.0000000000000E+00-7.8394407717351E+01
 5.5996005512394E+01 0.0000000000000E+00 7.8394407717351E+01-5.5996005512394E+01
 0.0000000000000E+00-5.5996005512394E+01-7.8394407717351E+01 0.0000000000000E+00
 5.5996005512394E+01 7.8394407717351E+01 0.0000000000000E+00-5.5996005512394E+01
 7.8394407717351E+01 0.0000000000000E+00 5.5996005512394E+01-7.8394407717351E+01
 0.0000000000000E+00-9.5193209371070E+01-1.6798801653718E+01 0.0000000000000E+00
 9.5193209371070E+01 1.6798801653718E+01 0.0000000000000E+00-9.5193209371070E+01
 1.6798801653718E+01 0.0000000000000E+00 9.5193209371070E+01-1.6798801653718E+01
 0.0000000000000E+00-1.6798801653718E+01-9.5193209371070E+01 0.0000000000000E+00
 1.6798801653718E+01 9.5193209371070E+01 0.0000000000000E+00-1.6798801653718E+01
 9.5193209371070E+01 0.0000000000000E+00 1.6798801653718E+01-9.5193209371070E+01
 0.0000000000000E+00-9.5193209371070E+01-2.2398402204958E+01 0.0000000000000E+00
 9.5193209371070E+01 2.2398402204958E+01 0.0000000000000E+00-9.5193209371070E+01
 2.2398402204958E+01 0.0000000000000E+00 9.5193209371070E+01-2.2398402204958E+01
 0.0000000000000E+00-8.9593608819830E+01-3.9197203858676E+01 0.0000000000000E+00
 8.9593608819830E+01 3.9197203858676E+01 0.0000000000000E+00-8.9593608819830E+01
 3.9197203858676E+01 0.0000000000000E+00 8.9593608819830E+01-3.9197203858676E+01
 0.0000000000000E+00-3.9197203858676E+01-8.9593608819830E+01 0.0000000000000E+00
 3.9197203858676E+01 8.9593608819830E+01 0.0000000000000E+00-3.9197203858676E+01
 8.9593608819830E+01 0.0000000000000E+00 3.9197203858676E+01-8.9593608819830E+01
 0.0000000000000E+00-2.2398402204958E+01-9.5193209371070E+01 0.0000000000000E+00
 2.2398402204958E+01 9.5193209371070E+01 0.0000000000000E+00-2.2398402204958E+01
 9.5193209371070E+01 0.0000000000000E+00 2.2398402204958E+01-9.5193209371070E+01
 0.0000000000000E+00-8.3994008268591E+01-5.0396404961154E+01 0.0000000000000E+00
 8.3994008268591E+01 5.0396404961154E+01 0.0000000000000E+00-8.3994008268591E+01
 5.0396404961154E+01 0.0000000000000E+00 8.3994008268591E+01-5.0396404961154E+01
 0.0000000000000E+00-5.0396404961154E+01-8.3994008268591E+01 0.0000000000000E+00
 5.0396404961154E+01 8.3994008268591E+01 0.0000000000000E+00-5.0396404961154E+01
 8.3994008268591E+01 0.0000000000000E+00 5.0396404961154E+01-8.3994008268591E+01
 0.0000000000000E+00-7.2794807166112E+01-6.7195206614873E+01 0.0000000000000E+00
 7.2794807166112E+01 6.7195206614873E+01 0.0000000000000E+00-7.2794807166112E+01
 6.7195206614873E+01 0.0000000000000E+00 7.2794807166112E+01-6.7195206614873E+01
 0.0000000000000E+00-6.7195206614873E+01-7.2794807166112E+01 0.0000000000000E+00
 6.7195206614873E+01 7.2794807166112E+01 0.0000000000000E+00-6.7195206614873E+01
 7.2794807166112E+01 0.0000000000000E+00 6.7195206614873E+01-7.2794807166112E+01
 0.0000000000000E+00-9.5193209371070E+01-2.7998002756197E+01 0.0000000000000E+00
 9.5193209371070E+01 2.7998002756197E+01 0.0000000000000E+00-9.5193209371070E+01
 2.7998002756197E+01 0.0000000000000E+00 9.5193209371070E+01-2.7998002756197E+01
 0.0000000000000E+00-2.7998002756197E+01-9.5193209371070E+01 0.0000000000000E+00
 2.7998002756197E+01 9.5193209371070E+01 0.0000000000000E+00-2.7998002756197E+01
 9.5193209371070E+01 0.0000000000000E+00 2.7998002756197E+01-9.5193209371070E+01
 0.0000000000000E+00-7.8394407717351E+01-6.1595606063633E+01 0.0000000000000E+00
 7.8394407717351E+01 6.1595606063633E+01 0.0000000000000E+00-7.8394407717351E+01
 6.1595606063633E+01 0.0000000000000E+00 7.8394407717351E+01-6.1595606063633E+01
 0.0000000000000E+00-6.1595606063633E+01-7.8394407717351E+01 0.0000000000000E+00
 6.1595606063633E+01 7.8394407717351E+01 0.0000000000000E+00-6.1595606063633E+01
 7.8394407717351E+01 0.0000000000000E+00 6.1595606063633E+01-7.8394407717351E+01
 0.0000000000000E+00-8.9593608819830E+01-4.4796804409915E+01 0.0000000000000E+00
 8.9593608819830E+01 4.4796804409915E+01 0.0000000000000E+00-8.9593608819830E+01
 4.4796804409915E+01 0.0000000000000E+00 8.9593608819830E+01-4.4796804409915E+01
 0.0000000000000E+00-4.4796804409915E+01-8.9593608819830E+01 0.0000000000000E+00
 4.4796804409915E+01 8.9593608819830E+01 0.0000000000000E+00-4.4796804409915E+01
 8.9593608819830E+01 0.0000000000000E+00 4.4796804409915E+01-8.9593608819830E+01
 0.0000000000000E+00-1.0079280992231E+02 0.0000000000000E+00 0.0000000000000E+00
 1.0079280992231E+02 0.0000000000000E+00 0.0000000000000E+00 0.0000000000000E+00
-1.0079280992231E+02 0.0000000000000E+00 0.0000000000000E+00 1.0079280992231E+02
 0.0000000000000E+00-1.0079280992231E+02-5.5996005512394E+00 0.0000000000000E+00
 1.0079280992231E+02 5.5996005512394E+00 0.0000000000000E+00-1.0079280992231E+02
 5.5996005512394E+00 0.0000000000000E+00 1.0079280992231E+02-5.5996005512394E+00
 0.0000000000000E+00-9.5193209371070E+01-3.3597603307436E+01 0.0000000000000E+00
 9.5193209371070E+01 3.3597603307436E+01 0.0000000000000E+00-9.5193209371070E+01
 3.3597603307436E+01 0.0000000000000E+00 9.5193209371070E+01-3.3597603307436E+01
 0.0000000000000E+00-8.3994008268591E+01-5.5996005512394E+01 0.0000000000000E+00
 8.3994008268591E+01 5.5996005512394E+01 0.0000000000000E+00-8.3994008268591E+01
 5.5996005512394E+01 0.0000000000000E+00 8.3994008268591E+01-5.5996005512394E+01
 0.0000000000000E+00-5.5996005512394E+01-8.3994008268591E+01 0.0000000000000E+00
 5.5996005512394E+01 8.3994008268591E+01 0.0000000000000E+00-5.5996005512394E+01
 8.3994008268591E+01 0.0000000000000E+00 5.5996005512394E+01-8.3994008268591E+01
 0.0000000000000E+00-3.3597603307436E+01-9.5193209371070E+01 0.0000000000000E+00
 3.3597603307436E+01 9.5193209371070E+01 0.0000000000000E+00-3.3597603307436E+01
 9.5193209371070E+01 0.0000000000000E+00 3.3597603307436E+01-9.5193209371070E+01
 0.0000000000000E+00-5.5996005512394E+00-1.0079280992231E+02 0.0000000000000E+00
 5.5996005512394E+00 1.0079280992231E+02 0.0000000000000E+00-5.5996005512394E+00
 1.0079280992231E+02 0.0000000000000E+00 5.5996005512394E+00-1.0079280992231E+02
 0.0000000000000E+00-1.0079280992231E+02-1.1199201102479E+01 0.0000000000000E+00
 1.0079280992231E+02 1.1199201102479E+01 0.0000000000000E+00-1.0079280992231E+02
 1.1199201102479E+01 0.0000000000000E+00 1.0079280992231E+02-1.1199201102479E+01
 0.0000000000000E+00-1.1199201102479E+01-1.0079280992231E+02 0.0000000000000E+00
 1.1199201102479E+01 1.0079280992231E+02 0.0000000000000E+00-1.1199201102479E+01
 1.0079280992231E+02 0.0000000000000E+00 1.1199201102479E+01-1.0079280992231E+02
 0.0000000000000E+00-1.0079280992231E+02-1.6798801653718E+01 0.0000000000000E+00
 1.0079280992231E+02 1.6798801653718E+01 0.0000000000000E+00-1.0079280992231E+02
 1.6798801653718E+01 0.0000000000000E+00 1.0079280992231E+02-1.6798801653718E+01
 0.0000000000000E+00-1.6798801653718E+01-1.0079280992231E+02 0.0000000000000E+00
 1.6798801653718E+01 1.0079280992231E+02 0.0000000000000E+00-1.6798801653718E+01
 1.0079280992231E+02 0.0000000000000E+00 1.6798801653718E+01-1.0079280992231E+02
 0.0000000000000E+00-8.9593608819830E+01-5.0396404961154E+01 0.0000000000000E+00
 8.9593608819830E+01 5.0396404961154E+01 0.0000000000000E+00-8.9593608819830E+01
 5.0396404961154E+01 0.0000000000000E+00 8.9593608819830E+01-5.0396404961154E+01
 0.0000000000000E+00-5.0396404961154E+01-8.9593608819830E+01 0.0000000000000E+00
 5.0396404961154E+01 8.9593608819830E+01 0.0000000000000E+00-5.0396404961154E+01
 8.9593608819830E+01 0.0000000000000E+00 5.0396404961154E+01-8.9593608819830E+01
 0.0000000000000E+00-9.5193209371070E+01-3.9197203858676E+01 0.0000000000000E+00
 9.5193209371070E+01 3.9197203858676E+01 0.0000000000000E+00-9.5193209371070E+01
 3.9197203858676E+01 0.0000000000000E+00 9.5193209371070E+01-3.9197203858676E+01
 0.0000000000000E+00-7.2794807166112E+01-7.2794807166112E+01 0.0000000000000E+00
 7.2794807166112E+01 7.2794807166112E+01 0.0000000000000E+00-7.2794807166112E+01
 7.2794807166112E+01 0.0000000000000E+00 7.2794807166112E+01-7.2794807166112E+01
 0.0000000000000E+00-3.9197203858676E+01-9.5193209371070E+01 0.0000000000000E+00
 3.9197203858676E+01 9.5193209371070E+01 0.0000000000000E+00-3.9197203858676E+01
 9.5193209371070E+01 0.0000000000000E+00 3.9197203858676E+01-9.5193209371070E+01
 0.0000000000000E+00-1.0079280992231E+02-2.2398402204958E+01 0.0000000000000E+00
 1.0079280992231E+02 2.2398402204958E+01 0.0000000000000E+00-1.0079280992231E+02
 2.2398402204958E+01 0.0000000000000E+00 1.0079280992231E+02-2.2398402204958E+01
 0.0000000000000E+00-7.8394407717351E+01-6.7195206614873E+01 0.0000000000000E+00
 7.8394407717351E+01 6.7195206614873E+01 0.0000000000000E+00-7.8394407717351E+01
 6.7195206614873E+01 0.0000000000000E+00 7.8394407717351E+01-6.7195206614873E+01
 0.0000000000000E+00-6.7195206614873E+01-7.8394407717351E+01 0.0000000000000E+00
 6.7195206614873E+01 7.8394407717351E+01 0.0000000000000E+00-6.7195206614873E+01
 7.8394407717351E+01 0.0000000000000E+00 6.7195206614873E+01-7.8394407717351E+01
 0.0000000000000E+00-2.2398402204958E+01-1.0079280992231E+02 0.0000000000000E+00
 2.2398402204958E+01 1.0079280992231E+02 0.0000000000000E+00-2.2398402204958E+01
 1.0079280992231E+02 0.0000000000000E+00 2.2398402204958E+01-1.0079280992231E+02
 0.0000000000000E+00-8.3994008268591E+01-6.1595606063633E+01 0.0000000000000E+00
 8.3994008268591E+01 6.1595606063633E+01 0.0000000000000E+00-8.3994008268591E+01
 6.1595606063633E+01 0.0000000000000E+00 8.3994008268591E+01-6.1595606063633E+01
 0.0000000000000E+00-6.1595606063633E+01-8.3994008268591E+01 0.0000000000000E+00
 6.1595606063633E+01 8.3994008268591E+01 0.0000000000000E+00-6.1595606063633E+01
 8.3994008268591E+01 0.0000000000000E+00 6.1595606063633E+01-8.3994008268591E+01
 0.0000000000000E+00-1.0079280992231E+02-2.7998002756197E+01 0.0000000000000E+00
 1.0079280992231E+02 2.7998002756197E+01 0.0000000000000E+00-1.0079280992231E+02
 2.7998002756197E+01 0.0000000000000E+00 1.0079280992231E+02-2.7998002756197E+01
 0.0000000000000E+00-2.7998002756197E+01-1.0079280992231E+02 0.0000000000000E+00
 2.7998002756197E+01 1.0079280992231E+02 0.0000000000000E+00-2.7998002756197E+01
 1.0079280992231E+02 0.0000000000000E+00 2.7998002756197E+01-1.0079280992231E+02
 0.0000000000000E+00-9.5193209371070E+01-4.4796804409915E+01 0.0000000000000E+00
 9.5193209371070E+01 4.4796804409915E+01 0.0000000000000E+00-9.5193209371070E+01
 4.4796804409915E+01 0.0000000000000E+00 9.5193209371070E+01-4.4796804409915E+01
 0.0000000000000E+00-4.4796804409915E+01-9.5193209371070E+01 0.0000000000000E+00
 4.4796804409915E+01 9.5193209371070E+01 0.0000000000000E+00-4.4796804409915E+01
 9.5193209371070E+01 0.0000000000000E+00 4.4796804409915E+01-9.5193209371070E+01
 0.0000000000000E+00-8.9593608819830E+01-5.5996005512394E+01 0.0000000000000E+00
 8.9593608819830E+01 5.5996005512394E+01 0.0000000000000E+00-8.9593608819830E+01
 5.5996005512394E+01 0.0000000000000E+00 8.9593608819830E+01-5.5996005512394E+01
 0.0000000000000E+00-5.5996005512394E+01-8.9593608819830E+01 0.0000000000000E+00
 5.5996005512394E+01 8.9593608819830E+01 0.0000000000000E+00-5.5996005512394E+01
 8.9593608819830E+01 0.0000000000000E+00 5.5996005512394E+01-8.9593608819830E+01
 0.0000000000000E+00-1.0079280992231E+02-3.3597603307436E+01 0.0000000000000E+00
 1.0079280992231E+02 3.3597603307436E+01 0.0000000000000E+00-1.0079280992231E+02
 3.3597603307436E+01 0.0000000000000E+00 1.0079280992231E+02-3.3597603307436E+01
 0.0000000000000E+00-3.3597603307436E+01-1.0079280992231E+02 0.0000000000000E+00
 3.3597603307436E+01 1.0079280992231E+02 0.0000000000000E+00-3.3597603307436E+01
 1.0079280992231E+02 0.0000000000000E+00 3.3597603307436E+01-1.0079280992231E+02
 0.0000000000000E+00-1.0639241047355E+02 0.0000000000000E+00 0.0000000000000E+00
 1.0639241047355E+02 0.0000000000000E+00 0.0000000000000E+00 0.0000000000000E+00
-1.0639241047355E+02 0.0000000000000E+00 0.0000000000000E+00 1.0639241047355E+02
 0.0000000000000E+00-1.0639241047355E+02-5.5996005512394E+00 0.0000000000000E+00
 1.0639241047355E+02 5.5996005512394E+00 0.0000000000000E+00-1.0639241047355E+02
 5.5996005512394E+00 0.0000000000000E+00 1.0639241047355E+02-5.5996005512394E+00
 0.0000000000000E+00-5.5996005512394E+00-1.0639241047355E+02 0.0000000000000E+00
 5.5996005512394E+00 1.0639241047355E+02 0.0000000000000E+00-5.5996005512394E+00
 1.0639241047355E+02 0.0000000000000E+00 5.5996005512394E+00-1.0639241047355E+02
 0.0000000000000E+00-1.0639241047355E+02-1.1199201102479E+01 0.0000000000000E+00
 1.0639241047355E+02 1.1199201102479E+01 0.0000000000000E+00-1.0639241047355E+02
 1.1199201102479E+01 0.0000000000000E+00 1.0639241047355E+02-1.1199201102479E+01
 0.0000000000000E+00-7.8394407717351E+01-7.2794807166112E+01 0.0000000000000E+00
 7.8394407717351E+01 7.2794807166112E+01 0.0000000000000E+00-7.8394407717351E+01
 7.2794807166112E+01 0.0000000000000E+00 7.8394407717351E+01-7.2794807166112E+01
 0.0000000000000E+00-7.2794807166112E+01-7.8394407717351E+01 0.0000000000000E+00
 7.2794807166112E+01 7.8394407717351E+01 0.0000000000000E+00-7.2794807166112E+01
 7.8394407717351E+01 0.0000000000000E+00 7.2794807166112E+01-7.8394407717351E+01
 0.0000000000000E+00-1.1199201102479E+01-1.0639241047355E+02 0.0000000000000E+00
 1.1199201102479E+01 1.0639241047355E+02 0.0000000000000E+00-1.1199201102479E+01
 1.0639241047355E+02 0.0000000000000E+00 1.1199201102479E+01-1.0639241047355E+02
 0.0000000000000E+00-8.3994008268591E+01-6.7195206614873E+01 0.0000000000000E+00
 8.3994008268591E+01 6.7195206614873E+01 0.0000000000000E+00-8.3994008268591E+01
 6.7195206614873E+01 0.0000000000000E+00 8.3994008268591E+01-6.7195206614873E+01
 0.0000000000000E+00-6.7195206614873E+01-8.3994008268591E+01 0.0000000000000E+00
 6.7195206614873E+01 8.3994008268591E+01 0.0000000000000E+00-6.7195206614873E+01
 8.3994008268591E+01 0.0000000000000E+00 6.7195206614873E+01-8.3994008268591E+01
 0.0000000000000E+00-1.0639241047355E+02-1.6798801653718E+01 0.0000000000000E+00
 1.0639241047355E+02 1.6798801653718E+01 0.0000000000000E+00-1.0639241047355E+02
 1.6798801653718E+01 0.0000000000000E+00 1.0639241047355E+02-1.6798801653718E+01
 0.0000000000000E+00-9.5193209371070E+01-5.0396404961154E+01 0.0000000000000E+00
 9.5193209371070E+01 5.0396404961154E+01 0.0000000000000E+00-9.5193209371070E+01
 5.0396404961154E+01 0.0000000000000E+00 9.5193209371070E+01-5.0396404961154E+01
 0.0000000000000E+00-5.0396404961154E+01-9.5193209371070E+01 0.0000000000000E+00
 5.0396404961154E+01 9.5193209371070E+01 0.0000000000000E+00-5.0396404961154E+01
 9.5193209371070E+01 0.0000000000000E+00 5.0396404961154E+01-9.5193209371070E+01
 0.0000000000000E+00-1.6798801653718E+01-1.0639241047355E+02 0.0000000000000E+00
 1.6798801653718E+01 1.0639241047355E+02 0.0000000000000E+00-1.6798801653718E+01
 1.0639241047355E+02 0.0000000000000E+00 1.6798801653718E+01-1.0639241047355E+02
 0.0000000000000E+00-1.0079280992231E+02-3.9197203858676E+01 0.0000000000000E+00
 1.0079280992231E+02 3.9197203858676E+01 0.0000000000000E+00-1.0079280992231E+02
 3.9197203858676E+01 0.0000000000000E+00 1.0079280992231E+02-3.9197203858676E+01
 0.0000000000000E+00-3.9197203858676E+01-1.0079280992231E+02 0.0000000000000E+00
 3.9197203858676E+01 1.0079280992231E+02 0.0000000000000E+00-3.9197203858676E+01
 1.0079280992231E+02 0.0000000000000E+00 3.9197203858676E+01-1.0079280992231E+02
 0.0000000000000E+00-1.0639241047355E+02-2.2398402204958E+01 0.0000000000000E+00
 1.0639241047355E+02 2.2398402204958E+01 0.0000000000000E+00-1.0639241047355E+02
 2.2398402204958E+01 0.0000000000000E+00 1.0639241047355E+02-2.2398402204958E+01
 0.0000000000000E+00-8.9593608819830E+01-6.1595606063633E+01 0.0000000000000E+00
 8.9593608819830E+01 6.1595606063633E+01 0.0000000000000E+00-8.9593608819830E+01
 6.1595606063633E+01 0.0000000000000E+00 8.9593608819830E+01-6.1595606063633E+01
 0.0000000000000E+00-6.1595606063633E+01-8.9593608819830E+01 0.0000000000000E+00
 6.1595606063633E+01 8.9593608819830E+01 0.0000000000000E+00-6.1595606063633E+01
 8.9593608819830E+01 0.0000000000000E+00 6.1595606063633E+01-8.9593608819830E+01
 0.0000000000000E+00-2.2398402204958E+01-1.0639241047355E+02 0.0000000000000E+00
 2.2398402204958E+01 1.0639241047355E+02 0.0000000000000E+00-2.2398402204958E+01
 1.0639241047355E+02 0.0000000000000E+00 2.2398402204958E+01-1.0639241047355E+02
 0.0000000000000E+00-1.0639241047355E+02-2.7998002756197E+01 0.0000000000000E+00
 1.0639241047355E+02 2.7998002756197E+01 0.0000000000000E+00-1.0639241047355E+02
 2.7998002756197E+01 0.0000000000000E+00 1.0639241047355E+02-2.7998002756197E+01
 0.0000000000000E+00-2.7998002756197E+01-1.0639241047355E+02 0.0000000000000E+00
 2.7998002756197E+01 1.0639241047355E+02 0.0000000000000E+00-2.7998002756197E+01
 1.0639241047355E+02 0.0000000000000E+00 2.7998002756197E+01-1.0639241047355E+02
 0.0000000000000E+00-1.0079280992231E+02-4.4796804409915E+01 0.0000000000000E+00
 1.0079280992231E+02 4.4796804409915E+01 0.0000000000000E+00-1.0079280992231E+02
 4.4796804409915E+01 0.0000000000000E+00 1.0079280992231E+02-4.4796804409915E+01
 0.0000000000000E+00-4.4796804409915E+01-1.0079280992231E+02 0.0000000000000E+00
 4.4796804409915E+01 1.0079280992231E+02 0.0000000000000E+00-4.4796804409915E+01
 1.0079280992231E+02 0.0000000000000E+00 4.4796804409915E+01-1.0079280992231E+02
 0.0000000000000E+00-9.5193209371070E+01-5.5996005512394E+01 0.0000000000000E+00
 9.5193209371070E+01 5.5996005512394E+01 0.0000000000000E+00-9.5193209371070E+01
 5.5996005512394E+01 0.0000000000000E+00 9.5193209371070E+01-5.5996005512394E+01
 0.0000000000000E+00-5.5996005512394E+01-9.5193209371070E+01 0.0000000000000E+00
 5.5996005512394E+01 9.5193209371070E+01 0.0000000000000E+00-5.5996005512394E+01
 9.5193209371070E+01 0.0000000000000E+00 5.5996005512394E+01-9.5193209371070E+01
 0.0000000000000E+00-7.8394407717351E+01-7.8394407717351E+01 0.0000000000000E+00
 7.8394407717351E+01 7.8394407717351E+01 0.0000000000000E+00-7.8394407717351E+01
 7.8394407717351E+01 0.0000000000000E+00 7.8394407717351E+01-7.8394407717351E+01
 0.0000000000000E+00-8.3994008268591E+01-7.2794807166112E+01 0.0000000000000E+00
 8.3994008268591E+01 7.2794807166112E+01 0.0000000000000E+00-8.3994008268591E+01
 7.2794807166112E+01 0.0000000000000E+00 8.3994008268591E+01-7.2794807166112E+01
 0.0000000000000E+00-7.2794807166112E+01-8.3994008268591E+01 0.0000000000000E+00
 7.2794807166112E+01 8.3994008268591E+01 0.0000000000000E+00-7.2794807166112E+01
 8.3994008268591E+01 0.0000000000000E+00 7.2794807166112E+01-8.3994008268591E+01
 0.0000000000000E+00-1.0639241047355E+02-3.3597603307436E+01 0.0000000000000E+00
 1.0639241047355E+02 3.3597603307436E+01 0.0000000000000E+00-1.0639241047355E+02
 3.3597603307436E+01 0.0000000000000E+00 1.0639241047355E+02-3.3597603307436E+01
 0.0000000000000E+00-3.3597603307436E+01-1.0639241047355E+02 0.0000000000000E+00
 3.3597603307436E+01 1.0639241047355E+02 0.0000000000000E+00-3.3597603307436E+01
 1.0639241047355E+02 0.0000000000000E+00 3.3597603307436E+01-1.0639241047355E+02
 0.0000000000000E+00-1.1199201102479E+02 0.0000000000000E+00 0.0000000000000E+00
 1.1199201102479E+02 0.0000000000000E+00 0.0000000000000E+00-8.9593608819830E+01
-6.7195206614873E+01 0.0000000000000E+00 8.9593608819830E+01 6.7195206614873E+01
 0.0000000000000E+00-8.9593608819830E+01 6.7195206614873E+01 0.0000000000000E+00
 8.9593608819830E+01-6.7195206614873E+01 0.0000000000000E+00-6.7195206614873E+01
-8.9593608819830E+01 0.0000000000000E+00 6.7195206614873E+01 8.9593608819830E+01
 0.0000000000000E+00-6.7195206614873E+01 8.9593608819830E+01 0.0000000000000E+00
 6.7195206614873E+01-8.9593608819830E+01 0.0000000000000E+00 0.0000000000000E+00
-1.1199201102479E+02 0.0000000000000E+00 0.0000000000000E+00 1.1199201102479E+02
 0.0000000000000E+00-1.1199201102479E+02-5.5996005512394E+00 0.0000000000000E+00
 1.1199201102479E+02 5.5996005512394E+00 0.0000000000000E+00-1.1199201102479E+02
 5.5996005512394E+00 0.0000000000000E+00 1.1199201102479E+02-5.5996005512394E+00
 0.0000000000000E+00-5.5996005512394E+00-1.1199201102479E+02 0.0000000000000E+00
 5.5996005512394E+00 1.1199201102479E+02 0.0000000000000E+00-5.5996005512394E+00
 1.1199201102479E+02 0.0000000000000E+00 5.5996005512394E+00-1.1199201102479E+02
 0.0000000000000E+00-1.1199201102479E+02-1.1199201102479E+01 0.0000000000000E+00
 1.1199201102479E+02 1.1199201102479E+01 0.0000000000000E+00-1.1199201102479E+02
 1.1199201102479E+01 0.0000000000000E+00 1.1199201102479E+02-1.1199201102479E+01
 0.0000000000000E+00-1.1199201102479E+01-1.1199201102479E+02 0.0000000000000E+00
 1.1199201102479E+01 1.1199201102479E+02 0.0000000000000E+00-1.1199201102479E+01
 1.1199201102479E+02 0.0000000000000E+00 1.1199201102479E+01-1.1199201102479E+02
 0.0000000000000E+00-1.0079280992231E+02-5.0396404961154E+01 0.0000000000000E+00
 1.0079280992231E+02 5.0396404961154E+01 0.0000000000000E+00-1.0079280992231E+02
 5.0396404961154E+01 0.0000000000000E+00 1.0079280992231E+02-5.0396404961154E+01
 0.0000000000000E+00-5.0396404961154E+01-1.0079280992231E+02 0.0000000000000E+00
 5.0396404961154E+01 1.0079280992231E+02 0.0000000000000E+00-5.0396404961154E+01
 1.0079280992231E+02 0.0000000000000E+00 5.0396404961154E+01-1.0079280992231E+02
 0.0000000000000E+00-1.1199201102479E+02-1.6798801653718E+01 0.0000000000000E+00
 1.1199201102479E+02 1.6798801653718E+01 0.0000000000000E+00-1.1199201102479E+02
 1.6798801653718E+01 0.0000000000000E+00 1.1199201102479E+02-1.6798801653718E+01
 0.0000000000000E+00-1.6798801653718E+01-1.1199201102479E+02 0.0000000000000E+00
 1.6798801653718E+01 1.1199201102479E+02 0.0000000000000E+00-1.6798801653718E+01
 1.1199201102479E+02 0.0000000000000E+00 1.6798801653718E+01-1.1199201102479E+02
 0.0000000000000E+00-1.0639241047355E+02-3.9197203858676E+01 0.0000000000000E+00
 1.0639241047355E+02 3.9197203858676E+01 0.0000000000000E+00-1.0639241047355E+02
 3.9197203858676E+01 0.0000000000000E+00 1.0639241047355E+02-3.9197203858676E+01
 0.0000000000000E+00-9.5193209371070E+01-6.1595606063633E+01 0.0000000000000E+00
 9.5193209371070E+01 6.1595606063633E+01 0.0000000000000E+00-9.5193209371070E+01
 6.1595606063633E+01 0.0000000000000E+00 9.5193209371070E+01-6.1595606063633E+01
 0.0000000000000E+00-6.1595606063633E+01-9.5193209371070E+01 0.0000000000000E+00
 6.1595606063633E+01 9.5193209371070E+01 0.0000000000000E+00-6.1595606063633E+01
 9.5193209371070E+01 0.0000000000000E+00 6.1595606063633E+01-9.5193209371070E+01
 0.0000000000000E+00-3.9197203858676E+01-1.0639241047355E+02 0.0000000000000E+00
 3.9197203858676E+01 1.0639241047355E+02 0.0000000000000E+00-3.9197203858676E+01
 1.0639241047355E+02 0.0000000000000E+00 3.9197203858676E+01-1.0639241047355E+02
 0.0000000000000E+00-1.1199201102479E+02-2.2398402204958E+01 0.0000000000000E+00
 1.1199201102479E+02 2.2398402204958E+01 0.0000000000000E+00-1.1199201102479E+02
 2.2398402204958E+01 0.0000000000000E+00 1.1199201102479E+02-2.2398402204958E+01
 0.0000000000000E+00-2.2398402204958E+01-1.1199201102479E+02 0.0000000000000E+00
 2.2398402204958E+01 1.1199201102479E+02 0.0000000000000E+00-2.2398402204958E+01
 1.1199201102479E+02 0.0000000000000E+00 2.2398402204958E+01-1.1199201102479E+02
 0.0000000000000E+00-8.3994008268591E+01-7.8394407717351E+01 0.0000000000000E+00
 8.3994008268591E+01 7.8394407717351E+01 0.0000000000000E+00-8.3994008268591E+01
 7.8394407717351E+01 0.0000000000000E+00 8.3994008268591E+01-7.8394407717351E+01
 0.0000000000000E+00-7.8394407717351E+01-8.3994008268591E+01 0.0000000000000E+00
 7.8394407717351E+01 8.3994008268591E+01 0.0000000000000E+00-7.8394407717351E+01
 8.3994008268591E+01 0.0000000000000E+00 7.8394407717351E+01-8.3994008268591E+01
 0.0000000000000E+00-1.0079280992231E+02-5.5996005512394E+01 0.0000000000000E+00
 1.0079280992231E+02 5.5996005512394E+01 0.0000000000000E+00-1.0079280992231E+02
 5.5996005512394E+01 0.0000000000000E+00 1.0079280992231E+02-5.5996005512394E+01
 0.0000000000000E+00-5.5996005512394E+01-1.0079280992231E+02 0.0000000000000E+00
 5.5996005512394E+01 1.0079280992231E+02 0.0000000000000E+00-5.5996005512394E+01
 1.0079280992231E+02 0.0000000000000E+00 5.5996005512394E+01-1.0079280992231E+02
 0.0000000000000E+00-1.1199201102479E+02-2.7998002756197E+01 0.0000000000000E+00
 1.1199201102479E+02 2.7998002756197E+01 0.0000000000000E+00-1.1199201102479E+02
 2.7998002756197E+01 0.0000000000000E+00 1.1199201102479E+02-2.7998002756197E+01
 0.0000000000000E+00-1.0639241047355E+02-4.4796804409915E+01 0.0000000000000E+00
 1.0639241047355E+02 4.4796804409915E+01 0.0000000000000E+00-1.0639241047355E+02
 4.4796804409915E+01 0.0000000000000E+00 1.0639241047355E+02-4.4796804409915E+01
 0.0000000000000E+00-8.9593608819830E+01-7.2794807166112E+01 0.0000000000000E+00
 8.9593608819830E+01 7.2794807166112E+01 0.0000000000000E+00-8.9593608819830E+01
 7.2794807166112E+01 0.0000000000000E+00 8.9593608819830E+01-7.2794807166112E+01
 0.0000000000000E+00-7.2794807166112E+01-8.9593608819830E+01 0.0000000000000E+00
 7.2794807166112E+01 8.9593608819830E+01 0.0000000000000E+00-7.2794807166112E+01
 8.9593608819830E+01 0.0000000000000E+00 7.2794807166112E+01-8.9593608819830E+01
 0.0000000000000E+00-4.4796804409915E+01-1.0639241047355E+02 0.0000000000000E+00
 4.4796804409915E+01 1.0639241047355E+02 0.0000000000000E+00-4.4796804409915E+01
 1.0639241047355E+02 0.0000000000000E+00 4.4796804409915E+01-1.0639241047355E+02
 0.0000000000000E+00-2.7998002756197E+01-1.1199201102479E+02 0.0000000000000E+00
 2.7998002756197E+01 1.1199201102479E+02 0.0000000000000E+00-2.7998002756197E+01
 1.1199201102479E+02 0.0000000000000E+00 2.7998002756197E+01-1.1199201102479E+02
 0.0000000000000E+00-9.5193209371070E+01-6.7195206614873E+01 0.0000000000000E+00
 9.5193209371070E+01 6.7195206614873E+01 0.0000000000000E+00-9.5193209371070E+01
 6.7195206614873E+01 0.0000000000000E+00 9.5193209371070E+01-6.7195206614873E+01
 0.0000000000000E+00-6.7195206614873E+01-9.5193209371070E+01 0.0000000000000E+00
 6.7195206614873E+01 9.5193209371070E+01 0.0000000000000E+00-6.7195206614873E+01
 9.5193209371070E+01 0.0000000000000E+00 6.7195206614873E+01-9.5193209371070E+01
 0.0000000000000E+00-1.1199201102479E+02-3.3597603307436E+01 0.0000000000000E+00
 1.1199201102479E+02 3.3597603307436E+01 0.0000000000000E+00-1.1199201102479E+02
 3.3597603307436E+01 0.0000000000000E+00 1.1199201102479E+02-3.3597603307436E+01
 0.0000000000000E+00-3.3597603307436E+01-1.1199201102479E+02 0.0000000000000E+00
 3.3597603307436E+01 1.1199201102479E+02 0.0000000000000E+00-3.3597603307436E+01
 1.1199201102479E+02 0.0000000000000E+00 3.3597603307436E+01-1.1199201102479E+02
 0.0000000000000E+00-1.1759161157603E+02 0.0000000000000E+00 0.0000000000000E+00
 1.1759161157603E+02 0.0000000000000E+00 0.0000000000000E+00 0.0000000000000E+00
-1.1759161157603E+02 0.0000000000000E+00 0.0000000000000E+00 1.1759161157603E+02
 0.0000000000000E+00-1.1759161157603E+02-5.5996005512394E+00 0.0000000000000E+00
 1.1759161157603E+02 5.5996005512394E+00 0.0000000000000E+00-1.1759161157603E+02
 5.5996005512394E+00 0.0000000000000E+00 1.1759161157603E+02-5.5996005512394E+00
 0.0000000000000E+00-1.0639241047355E+02-5.0396404961154E+01 0.0000000000000E+00
 1.0639241047355E+02 5.0396404961154E+01 0.0000000000000E+00-1.0639241047355E+02
 5.0396404961154E+01 0.0000000000000E+00 1.0639241047355E+02-5.0396404961154E+01
 0.0000000000000E+00-5.0396404961154E+01-1.0639241047355E+02 0.0000000000000E+00
 5.0396404961154E+01 1.0639241047355E+02 0.0000000000000E+00-5.0396404961154E+01
 1.0639241047355E+02 0.0000000000000E+00 5.0396404961154E+01-1.0639241047355E+02
 0.0000000000000E+00-5.5996005512394E+00-1.1759161157603E+02 0.0000000000000E+00
 5.5996005512394E+00 1.1759161157603E+02 0.0000000000000E+00-5.5996005512394E+00
 1.1759161157603E+02 0.0000000000000E+00 5.5996005512394E+00-1.1759161157603E+02
 0.0000000000000E+00-1.1759161157603E+02-1.1199201102479E+01 0.0000000000000E+00
 1.1759161157603E+02 1.1199201102479E+01 0.0000000000000E+00-1.1759161157603E+02
 1.1199201102479E+01 0.0000000000000E+00 1.1759161157603E+02-1.1199201102479E+01
 0.0000000000000E+00-1.0079280992231E+02-6.1595606063633E+01 0.0000000000000E+00
 1.0079280992231E+02 6.1595606063633E+01 0.0000000000000E+00-1.0079280992231E+02
 6.1595606063633E+01 0.0000000000000E+00 1.0079280992231E+02-6.1595606063633E+01
 0.0000000000000E+00-6.1595606063633E+01-1.0079280992231E+02 0.0000000000000E+00
 6.1595606063633E+01 1.0079280992231E+02 0.0000000000000E+00-6.1595606063633E+01
 1.0079280992231E+02 0.0000000000000E+00 6.1595606063633E+01-1.0079280992231E+02
 0.0000000000000E+00-1.1199201102479E+01-1.1759161157603E+02 0.0000000000000E+00
 1.1199201102479E+01 1.1759161157603E+02 0.0000000000000E+00-1.1199201102479E+01
 1.1759161157603E+02 0.0000000000000E+00 1.1199201102479E+01-1.1759161157603E+02
 0.0000000000000E+00-1.1199201102479E+02-3.9197203858676E+01 0.0000000000000E+00
 1.1199201102479E+02 3.9197203858676E+01 0.0000000000000E+00-1.1199201102479E+02
 3.9197203858676E+01 0.0000000000000E+00 1.1199201102479E+02-3.9197203858676E+01
 0.0000000000000E+00-3.9197203858676E+01-1.1199201102479E+02 0.0000000000000E+00
 3.9197203858676E+01 1.1199201102479E+02 0.0000000000000E+00-3.9197203858676E+01
 1.1199201102479E+02 0.0000000000000E+00 3.9197203858676E+01-1.1199201102479E+02
 0.0000000000000E+00-1.1759161157603E+02-1.6798801653718E+01 0.0000000000000E+00
 1.1759161157603E+02 1.6798801653718E+01 0.0000000000000E+00-1.1759161157603E+02
 1.6798801653718E+01 0.0000000000000E+00 1.1759161157603E+02-1.6798801653718E+01
 0.0000000000000E+00-8.3994008268591E+01-8.3994008268591E+01 0.0000000000000E+00
 8.3994008268591E+01 8.3994008268591E+01 0.0000000000000E+00-8.3994008268591E+01
 8.3994008268591E+01 0.0000000000000E+00 8.3994008268591E+01-8.3994008268591E+01
 0.0000000000000E+00-1.6798801653718E+01-1.1759161157603E+02 0.0000000000000E+00
 1.6798801653718E+01 1.1759161157603E+02 0.0000000000000E+00-1.6798801653718E+01
 1.1759161157603E+02 0.0000000000000E+00 1.6798801653718E+01-1.1759161157603E+02
 0.0000000000000E+00-8.9593608819830E+01-7.8394407717351E+01 0.0000000000000E+00
 8.9593608819830E+01 7.8394407717351E+01 0.0000000000000E+00-8.9593608819830E+01
 7.8394407717351E+01 0.0000000000000E+00 8.9593608819830E+01-7.8394407717351E+01
 0.0000000000000E+00-7.8394407717351E+01-8.9593608819830E+01 0.0000000000000E+00
 7.8394407717351E+01 8.9593608819830E+01 0.0000000000000E+00-7.8394407717351E+01
 8.9593608819830E+01 0.0000000000000E+00 7.8394407717351E+01-8.9593608819830E+01
 0.0000000000000E+00-1.1759161157603E+02-2.2398402204958E+01 0.0000000000000E+00
 1.1759161157603E+02 2.2398402204958E+01 0.0000000000000E+00-1.1759161157603E+02
 2.2398402204958E+01 0.0000000000000E+00 1.1759161157603E+02-2.2398402204958E+01
 0.0000000000000E+00-2.2398402204958E+01-1.1759161157603E+02 0.0000000000000E+00
 2.2398402204958E+01 1.1759161157603E+02 0.0000000000000E+00-2.2398402204958E+01
 1.1759161157603E+02 0.0000000000000E+00 2.2398402204958E+01-1.1759161157603E+02
 0.0000000000000E+00-9.5193209371070E+01-7.2794807166112E+01 0.0000000000000E+00
 9.5193209371070E+01 7.2794807166112E+01 0.0000000000000E+00-9.5193209371070E+01
 7.2794807166112E+01 0.0000000000000E+00 9.5193209371070E+01-7.2794807166112E+01
 0.0000000000000E+00-7.2794807166112E+01-9.5193209371070E+01 0.0000000000000E+00
 7.2794807166112E+01 9.5193209371070E+01 0.0000000000000E+00-7.2794807166112E+01
 9.5193209371070E+01 0.0000000000000E+00 7.2794807166112E+01-9.5193209371070E+01
 0.0000000000000E+00-1.0639241047355E+02-5.5996005512394E+01 0.0000000000000E+00
 1.0639241047355E+02 5.5996005512394E+01 0.0000000000000E+00-1.0639241047355E+02
 5.5996005512394E+01 0.0000000000000E+00 1.0639241047355E+02-5.5996005512394E+01
 0.0000000000000E+00-5.5996005512394E+01-1.0639241047355E+02 0.0000000000000E+00
 5.5996005512394E+01 1.0639241047355E+02 0.0000000000000E+00-5.5996005512394E+01
 1.0639241047355E+02 0.0000000000000E+00 5.5996005512394E+01-1.0639241047355E+02
 0.0000000000000E+00-1.1199201102479E+02-4.4796804409915E+01 0.0000000000000E+00
 1.1199201102479E+02 4.4796804409915E+01 0.0000000000000E+00-1.1199201102479E+02
 4.4796804409915E+01 0.0000000000000E+00 1.1199201102479E+02-4.4796804409915E+01
 0.0000000000000E+00-4.4796804409915E+01-1.1199201102479E+02 0.0000000000000E+00
 4.4796804409915E+01 1.1199201102479E+02 0.0000000000000E+00-4.4796804409915E+01
 1.1199201102479E+02 0.0000000000000E+00 4.4796804409915E+01-1.1199201102479E+02
 0.0000000000000E+00-1.1759161157603E+02-2.7998002756197E+01 0.0000000000000E+00
 1.1759161157603E+02 2.7998002756197E+01 0.0000000000000E+00-1.1759161157603E+02
 2.7998002756197E+01 0.0000000000000E+00 1.1759161157603E+02-2.7998002756197E+01
 0.0000000000000E+00-2.7998002756197E+01-1.1759161157603E+02 0.0000000000000E+00
 2.7998002756197E+01 1.1759161157603E+02 0.0000000000000E+00-2.7998002756197E+01
 1.1759161157603E+02 0.0000000000000E+00 2.7998002756197E+01-1.1759161157603E+02
 0.0000000000000E+00-1.0079280992231E+02-6.7195206614873E+01 0.0000000000000E+00
 1.0079280992231E+02 6.7195206614873E+01 0.0000000000000E+00-1.0079280992231E+02
 6.7195206614873E+01 0.0000000000000E+00 1.0079280992231E+02-6.7195206614873E+01
 0.0000000000000E+00-6.7195206614873E+01-1.0079280992231E+02 0.0000000000000E+00
 6.7195206614873E+01 1.0079280992231E+02 0.0000000000000E+00-6.7195206614873E+01
 1.0079280992231E+02 0.0000000000000E+00 6.7195206614873E+01-1.0079280992231E+02
 0.0000000000000E+00-1.1759161157603E+02-3.3597603307436E+01 0.0000000000000E+00
 1.1759161157603E+02 3.3597603307436E+01 0.0000000000000E+00-1.1759161157603E+02
 3.3597603307436E+01 0.0000000000000E+00 1.1759161157603E+02-3.3597603307436E+01
 0.0000000000000E+00-3.3597603307436E+01-1.1759161157603E+02 0.0000000000000E+00
 3.3597603307436E+01 1.1759161157603E+02 0.0000000000000E+00-3.3597603307436E+01
 1.1759161157603E+02 0.0000000000000E+00 3.3597603307436E+01-1.1759161157603E+02
 0.0000000000000E+00-1.1199201102479E+02-5.0396404961154E+01 0.0000000000000E+00
 1.1199201102479E+02 5.0396404961154E+01 0.0000000000000E+00-1.1199201102479E+02
 5.0396404961154E+01 0.0000000000000E+00 1.1199201102479E+02-5.0396404961154E+01
 0.0000000000000E+00-8.9593608819830E+01-8.3994008268591E+01 0.0000000000000E+00
 8.9593608819830E+01 8.3994008268591E+01 0.0000000000000E+00-8.9593608819830E+01
 8.3994008268591E+01 0.0000000000000E+00 8.9593608819830E+01-8.3994008268591E+01
 0.0000000000000E+00-8.3994008268591E+01-8.9593608819830E+01 0.0000000000000E+00
 8.3994008268591E+01 8.9593608819830E+01 0.0000000000000E+00-8.3994008268591E+01
 8.9593608819830E+01 0.0000000000000E+00 8.3994008268591E+01-8.9593608819830E+01
 0.0000000000000E+00-5.0396404961154E+01-1.1199201102479E+02 0.0000000000000E+00
 5.0396404961154E+01 1.1199201102479E+02 0.0000000000000E+00-5.0396404961154E+01
 1.1199201102479E+02 0.0000000000000E+00 5.0396404961154E+01-1.1199201102479E+02
 0.0000000000000E+00-1.0639241047355E+02-6.1595606063633E+01 0.0000000000000E+00
 1.0639241047355E+02 6.1595606063633E+01 0.0000000000000E+00-1.0639241047355E+02
 6.1595606063633E+01 0.0000000000000E+00 1.0639241047355E+02-6.1595606063633E+01
 0.0000000000000E+00-6.1595606063633E+01-1.0639241047355E+02 0.0000000000000E+00
 6.1595606063633E+01 1.0639241047355E+02 0.0000000000000E+00-6.1595606063633E+01
 1.0639241047355E+02 0.0000000000000E+00 6.1595606063633E+01-1.0639241047355E+02
 0.0000000000000E+00-1.2319121212727E+02 0.0000000000000E+00 0.0000000000000E+00
 1.2319121212727E+02 0.0000000000000E+00 0.0000000000000E+00 0.0000000000000E+00
-1.2319121212727E+02 0.0000000000000E+00 0.0000000000000E+00 1.2319121212727E+02
 0.0000000000000E+00-1.2319121212727E+02-5.5996005512394E+00 0.0000000000000E+00
 1.2319121212727E+02 5.5996005512394E+00 0.0000000000000E+00-1.2319121212727E+02
 5.5996005512394E+00 0.0000000000000E+00 1.2319121212727E+02-5.5996005512394E+00
 0.0000000000000E+00-9.5193209371070E+01-7.8394407717351E+01 0.0000000000000E+00
 9.5193209371070E+01 7.8394407717351E+01 0.0000000000000E+00-9.5193209371070E+01
 7.8394407717351E+01 0.0000000000000E+00 9.5193209371070E+01-7.8394407717351E+01
 0.0000000000000E+00-7.8394407717351E+01-9.5193209371070E+01 0.0000000000000E+00
 7.8394407717351E+01 9.5193209371070E+01 0.0000000000000E+00-7.8394407717351E+01
 9.5193209371070E+01 0.0000000000000E+00 7.8394407717351E+01-9.5193209371070E+01
 0.0000000000000E+00-5.5996005512394E+00-1.2319121212727E+02 0.0000000000000E+00
 5.5996005512394E+00 1.2319121212727E+02 0.0000000000000E+00-5.5996005512394E+00
 1.2319121212727E+02 0.0000000000000E+00 5.5996005512394E+00-1.2319121212727E+02
 0.0000000000000E+00-1.2319121212727E+02-1.1199201102479E+01 0.0000000000000E+00
 1.2319121212727E+02 1.1199201102479E+01 0.0000000000000E+00-1.2319121212727E+02
 1.1199201102479E+01 0.0000000000000E+00 1.2319121212727E+02-1.1199201102479E+01
 0.0000000000000E+00-1.1199201102479E+01-1.2319121212727E+02 0.0000000000000E+00
 1.1199201102479E+01 1.2319121212727E+02 0.0000000000000E+00-1.1199201102479E+01
 1.2319121212727E+02 0.0000000000000E+00 1.1199201102479E+01-1.2319121212727E+02
 0.0000000000000E+00-1.1759161157603E+02-3.9197203858676E+01 0.0000000000000E+00
 1.1759161157603E+02 3.9197203858676E+01 0.0000000000000E+00-1.1759161157603E+02
 3.9197203858676E+01 0.0000000000000E+00 1.1759161157603E+02-3.9197203858676E+01
 0.0000000000000E+00-3.9197203858676E+01-1.1759161157603E+02 0.0000000000000E+00
 3.9197203858676E+01 1.1759161157603E+02 0.0000000000000E+00-3.9197203858676E+01
 1.1759161157603E+02 0.0000000000000E+00 3.9197203858676E+01-1.1759161157603E+02
 0.0000000000000E+00-1.2319121212727E+02-1.6798801653718E+01 0.0000000000000E+00
 1.2319121212727E+02 1.6798801653718E+01 0.0000000000000E+00-1.2319121212727E+02
 1.6798801653718E+01 0.0000000000000E+00 1.2319121212727E+02-1.6798801653718E+01
 0.0000000000000E+00-1.0079280992231E+02-7.2794807166112E+01 0.0000000000000E+00
 1.0079280992231E+02 7.2794807166112E+01 0.0000000000000E+00-1.0079280992231E+02
 7.2794807166112E+01 0.0000000000000E+00 1.0079280992231E+02-7.2794807166112E+01
 0.0000000000000E+00-7.2794807166112E+01-1.0079280992231E+02 0.0000000000000E+00
 7.2794807166112E+01 1.0079280992231E+02 0.0000000000000E+00-7.2794807166112E+01
 1.0079280992231E+02 0.0000000000000E+00 7.2794807166112E+01-1.0079280992231E+02
 0.0000000000000E+00-1.6798801653718E+01-1.2319121212727E+02 0.0000000000000E+00
 1.6798801653718E+01 1.2319121212727E+02 0.0000000000000E+00-1.6798801653718E+01
 1.2319121212727E+02 0.0000000000000E+00 1.6798801653718E+01-1.2319121212727E+02
 0.0000000000000E+00-1.2319121212727E+02-2.2398402204958E+01 0.0000000000000E+00
 1.2319121212727E+02 2.2398402204958E+01 0.0000000000000E+00-1.2319121212727E+02
 2.2398402204958E+01 0.0000000000000E+00 1.2319121212727E+02-2.2398402204958E+01
 0.0000000000000E+00-1.1199201102479E+02-5.5996005512394E+01 0.0000000000000E+00
 1.1199201102479E+02 5.5996005512394E+01 0.0000000000000E+00-1.1199201102479E+02
 5.5996005512394E+01 0.0000000000000E+00 1.1199201102479E+02-5.5996005512394E+01
 0.0000000000000E+00-5.5996005512394E+01-1.1199201102479E+02 0.0000000000000E+00
 5.5996005512394E+01 1.1199201102479E+02 0.0000000000000E+00-5.5996005512394E+01
 1.1199201102479E+02 0.0000000000000E+00 5.5996005512394E+01-1.1199201102479E+02
 0.0000000000000E+00-2.2398402204958E+01-1.2319121212727E+02 0.0000000000000E+00
 2.2398402204958E+01 1.2319121212727E+02 0.0000000000000E+00-2.2398402204958E+01
 1.2319121212727E+02 0.0000000000000E+00 2.2398402204958E+01-1.2319121212727E+02
 0.0000000000000E+00-1.1759161157603E+02-4.4796804409915E+01 0.0000000000000E+00
 1.1759161157603E+02 4.4796804409915E+01 0.0000000000000E+00-1.1759161157603E+02
 4.4796804409915E+01 0.0000000000000E+00 1.1759161157603E+02-4.4796804409915E+01
 0.0000000000000E+00-1.0639241047355E+02-6.7195206614873E+01 0.0000000000000E+00
 1.0639241047355E+02 6.7195206614873E+01 0.0000000000000E+00-1.0639241047355E+02
 6.7195206614873E+01 0.0000000000000E+00 1.0639241047355E+02-6.7195206614873E+01
 0.0000000000000E+00-6.7195206614873E+01-1.0639241047355E+02 0.0000000000000E+00
 6.7195206614873E+01 1.0639241047355E+02 0.0000000000000E+00-6.7195206614873E+01
 1.0639241047355E+02 0.0000000000000E+00 6.7195206614873E+01-1.0639241047355E+02
 0.0000000000000E+00-4.4796804409915E+01-1.1759161157603E+02 0.0000000000000E+00
 4.4796804409915E+01 1.1759161157603E+02 0.0000000000000E+00-4.4796804409915E+01
 1.1759161157603E+02 0.0000000000000E+00 4.4796804409915E+01-1.1759161157603E+02
 0.0000000000000E+00-1.2319121212727E+02-2.7998002756197E+01 0.0000000000000E+00
 1.2319121212727E+02 2.7998002756197E+01 0.0000000000000E+00-1.2319121212727E+02
 2.7998002756197E+01 0.0000000000000E+00 1.2319121212727E+02-2.7998002756197E+01
 0.0000000000000E+00-2.7998002756197E+01-1.2319121212727E+02 0.0000000000000E+00
 2.7998002756197E+01 1.2319121212727E+02 0.0000000000000E+00-2.7998002756197E+01
 1.2319121212727E+02 0.0000000000000E+00 2.7998002756197E+01-1.2319121212727E+02
 0.0000000000000E+00-8.9593608819830E+01-8.9593608819830E+01 0.0000000000000E+00
 8.9593608819830E+01 8.9593608819830E+01 0.0000000000000E+00-8.9593608819830E+01
 8.9593608819830E+01 0.0000000000000E+00 8.9593608819830E+01-8.9593608819830E+01
 0.0000000000000E+00-9.5193209371070E+01-8.3994008268591E+01 0.0000000000000E+00
 9.5193209371070E+01 8.3994008268591E+01 0.0000000000000E+00-9.5193209371070E+01
 8.3994008268591E+01 0.0000000000000E+00 9.5193209371070E+01-8.3994008268591E+01
 0.0000000000000E+00-8.3994008268591E+01-9.5193209371070E+01 0.0000000000000E+00
 8.3994008268591E+01 9.5193209371070E+01 0.0000000000000E+00-8.3994008268591E+01
 9.5193209371070E+01 0.0000000000000E+00 8.3994008268591E+01-9.5193209371070E+01
 0.0000000000000E+00-1.2319121212727E+02-3.3597603307436E+01 0.0000000000000E+00
 1.2319121212727E+02 3.3597603307436E+01 0.0000000000000E+00-1.2319121212727E+02
 3.3597603307436E+01 0.0000000000000E+00 1.2319121212727E+02-3.3597603307436E+01
 0.0000000000000E+00-1.0079280992231E+02-7.8394407717351E+01 0.0000000000000E+00
 1.0079280992231E+02 7.8394407717351E+01 0.0000000000000E+00-1.0079280992231E+02
 7.8394407717351E+01 0.0000000000000E+00 1.0079280992231E+02-7.8394407717351E+01
 0.0000000000000E+00-7.8394407717351E+01-1.0079280992231E+02 0.0000000000000E+00
 7.8394407717351E+01 1.0079280992231E+02 0.0000000000000E+00-7.8394407717351E+01
 1.0079280992231E+02 0.0000000000000E+00 7.8394407717351E+01-1.0079280992231E+02
 0.0000000000000E+00-3.3597603307436E+01-1.2319121212727E+02 0.0000000000000E+00
 3.3597603307436E+01 1.2319121212727E+02 0.0000000000000E+00-3.3597603307436E+01
 1.2319121212727E+02 0.0000000000000E+00 3.3597603307436E+01-1.2319121212727E+02
 0.0000000000000E+00-1.1199201102479E+02-6.1595606063633E+01 0.0000000000000E+00
 1.1199201102479E+02 6.1595606063633E+01 0.0000000000000E+00-1.1199201102479E+02
 6.1595606063633E+01 0.0000000000000E+00 1.1199201102479E+02-6.1595606063633E+01
 0.0000000000000E+00-6.1595606063633E+01-1.1199201102479E+02 0.0000000000000E+00
 6.1595606063633E+01 1.1199201102479E+02 0.0000000000000E+00-6.1595606063633E+01
 1.1199201102479E+02 0.0000000000000E+00 6.1595606063633E+01-1.1199201102479E+02
 0.0000000000000E+00-1.1759161157603E+02-5.0396404961154E+01 0.0000000000000E+00
 1.1759161157603E+02 5.0396404961154E+01 0.0000000000000E+00-1.1759161157603E+02
 5.0396404961154E+01 0.0000000000000E+00 1.1759161157603E+02-5.0396404961154E+01
 0.0000000000000E+00-5.0396404961154E+01-1.1759161157603E+02 0.0000000000000E+00
 5.0396404961154E+01 1.1759161157603E+02 0.0000000000000E+00-5.0396404961154E+01
 1.1759161157603E+02 0.0000000000000E+00 5.0396404961154E+01-1.1759161157603E+02
 0.0000000000000E+00-1.2879081267851E+02 0.0000000000000E+00 0.0000000000000E+00
 1.2879081267851E+02 0.0000000000000E+00 0.0000000000000E+00 0.0000000000000E+00
-1.2879081267851E+02 0.0000000000000E+00 0.0000000000000E+00 1.2879081267851E+02
 0.0000000000000E+00-1.2879081267851E+02-5.5996005512394E+00 0.0000000000000E+00
 1.2879081267851E+02 5.5996005512394E+00 0.0000000000000E+00-1.2879081267851E+02
 5.5996005512394E+00 0.0000000000000E+00 1.2879081267851E+02-5.5996005512394E+00
 0.0000000000000E+00-1.0639241047355E+02-7.2794807166112E+01 0.0000000000000E+00
 1.0639241047355E+02 7.2794807166112E+01 0.0000000000000E+00-1.0639241047355E+02
 7.2794807166112E+01 0.0000000000000E+00 1.0639241047355E+02-7.2794807166112E+01
 0.0000000000000E+00-7.2794807166112E+01-1.0639241047355E+02 0.0000000000000E+00
 7.2794807166112E+01 1.0639241047355E+02 0.0000000000000E+00-7.2794807166112E+01
 1.0639241047355E+02 0.0000000000000E+00 7.2794807166112E+01-1.0639241047355E+02
 0.0000000000000E+00-5.5996005512394E+00-1.2879081267851E+02 0.0000000000000E+00
 5.5996005512394E+00 1.2879081267851E+02 0.0000000000000E+00-5.5996005512394E+00
 1.2879081267851E+02 0.0000000000000E+00 5.5996005512394E+00-1.2879081267851E+02
 0.0000000000000E+00-1.2879081267851E+02-1.1199201102479E+01 0.0000000000000E+00
 1.2879081267851E+02 1.1199201102479E+01 0.0000000000000E+00-1.2879081267851E+02
 1.1199201102479E+01 0.0000000000000E+00 1.2879081267851E+02-1.1199201102479E+01
 0.0000000000000E+00-1.2319121212727E+02-3.9197203858676E+01 0.0000000000000E+00
 1.2319121212727E+02 3.9197203858676E+01 0.0000000000000E+00-1.2319121212727E+02
 3.9197203858676E+01 0.0000000000000E+00 1.2319121212727E+02-3.9197203858676E+01
 0.0000000000000E+00-3.9197203858676E+01-1.2319121212727E+02 0.0000000000000E+00
 3.9197203858676E+01 1.2319121212727E+02 0.0000000000000E+00-3.9197203858676E+01
 1.2319121212727E+02 0.0000000000000E+00 3.9197203858676E+01-1.2319121212727E+02
 0.0000000000000E+00-1.1199201102479E+01-1.2879081267851E+02 0.0000000000000E+00
 1.1199201102479E+01 1.2879081267851E+02 0.0000000000000E+00-1.1199201102479E+01
 1.2879081267851E+02 0.0000000000000E+00 1.1199201102479E+01-1.2879081267851E+02
 0.0000000000000E+00-1.2879081267851E+02-1.6798801653718E+01 0.0000000000000E+00
 1.2879081267851E+02 1.6798801653718E+01 0.0000000000000E+00-1.2879081267851E+02
 1.6798801653718E+01 0.0000000000000E+00 1.2879081267851E+02-1.6798801653718E+01
 0.0000000000000E+00-1.6798801653718E+01-1.2879081267851E+02 0.0000000000000E+00
 1.6798801653718E+01 1.2879081267851E+02 0.0000000000000E+00-1.6798801653718E+01
 1.2879081267851E+02 0.0000000000000E+00 1.6798801653718E+01-1.2879081267851E+02
 0.0000000000000E+00-1.1759161157603E+02-5.5996005512394E+01 0.0000000000000E+00
 1.1759161157603E+02 5.5996005512394E+01 0.0000000000000E+00-1.1759161157603E+02
 5.5996005512394E+01 0.0000000000000E+00 1.1759161157603E+02-5.5996005512394E+01
 0.0000000000000E+00-5.5996005512394E+01-1.1759161157603E+02 0.0000000000000E+00
 5.5996005512394E+01 1.1759161157603E+02 0.0000000000000E+00-5.5996005512394E+01
 1.1759161157603E+02 0.0000000000000E+00 5.5996005512394E+01-1.1759161157603E+02
 0.0000000000000E+00-1.1199201102479E+02-6.7195206614873E+01 0.0000000000000E+00
 1.1199201102479E+02 6.7195206614873E+01 0.0000000000000E+00-1.1199201102479E+02
 6.7195206614873E+01 0.0000000000000E+00 1.1199201102479E+02-6.7195206614873E+01
 0.0000000000000E+00-6.7195206614873E+01-1.1199201102479E+02 0.0000000000000E+00
 6.7195206614873E+01 1.1199201102479E+02 0.0000000000000E+00-6.7195206614873E+01
 1.1199201102479E+02 0.0000000000000E+00 6.7195206614873E+01-1.1199201102479E+02
 0.0000000000000E+00-1.2879081267851E+02-2.2398402204958E+01 0.0000000000000E+00
 1.2879081267851E+02 2.2398402204958E+01 0.0000000000000E+00-1.2879081267851E+02
 2.2398402204958E+01 0.0000000000000E+00 1.2879081267851E+02-2.2398402204958E+01
 0.0000000000000E+00-9.5193209371070E+01-8.9593608819830E+01 0.0000000000000E+00
 9.5193209371070E+01 8.9593608819830E+01 0.0000000000000E+00-9.5193209371070E+01
 8.9593608819830E+01 0.0000000000000E+00 9.5193209371070E+01-8.9593608819830E+01
 0.0000000000000E+00-8.9593608819830E+01-9.5193209371070E+01 0.0000000000000E+00
 8.9593608819830E+01 9.5193209371070E+01 0.0000000000000E+00-8.9593608819830E+01
 9.5193209371070E+01 0.0000000000000E+00 8.9593608819830E+01-9.5193209371070E+01
 0.0000000000000E+00-2.2398402204958E+01-1.2879081267851E+02 0.0000000000000E+00
 2.2398402204958E+01 1.2879081267851E+02 0.0000000000000E+00-2.2398402204958E+01
 1.2879081267851E+02 0.0000000000000E+00 2.2398402204958E+01-1.2879081267851E+02
 0.0000000000000E+00-1.2319121212727E+02-4.4796804409915E+01 0.0000000000000E+00
 1.2319121212727E+02 4.4796804409915E+01 0.0000000000000E+00-1.2319121212727E+02
 4.4796804409915E+01 0.0000000000000E+00 1.2319121212727E+02-4.4796804409915E+01
 0.0000000000000E+00-4.4796804409915E+01-1.2319121212727E+02 0.0000000000000E+00
 4.4796804409915E+01 1.2319121212727E+02 0.0000000000000E+00-4.4796804409915E+01
 1.2319121212727E+02 0.0000000000000E+00 4.4796804409915E+01-1.2319121212727E+02
 0.0000000000000E+00-1.0079280992231E+02-8.3994008268591E+01 0.0000000000000E+00
 1.0079280992231E+02 8.3994008268591E+01 0.0000000000000E+00-1.0079280992231E+02
 8.3994008268591E+01 0.0000000000000E+00 1.0079280992231E+02-8.3994008268591E+01
 0.0000000000000E+00-8.3994008268591E+01-1.0079280992231E+02 0.0000000000000E+00
 8.3994008268591E+01 1.0079280992231E+02 0.0000000000000E+00-8.3994008268591E+01
 1.0079280992231E+02 0.0000000000000E+00 8.3994008268591E+01-1.0079280992231E+02
 0.0000000000000E+00-1.2879081267851E+02-2.7998002756197E+01 0.0000000000000E+00
 1.2879081267851E+02 2.7998002756197E+01 0.0000000000000E+00-1.2879081267851E+02
 2.7998002756197E+01 0.0000000000000E+00 1.2879081267851E+02-2.7998002756197E+01
 0.0000000000000E+00-2.7998002756197E+01-1.2879081267851E+02 0.0000000000000E+00
 2.7998002756197E+01 1.2879081267851E+02 0.0000000000000E+00-2.7998002756197E+01
 1.2879081267851E+02 0.0000000000000E+00 2.7998002756197E+01-1.2879081267851E+02
 0.0000000000000E+00-1.0639241047355E+02-7.8394407717351E+01 0.0000000000000E+00
 1.0639241047355E+02 7.8394407717351E+01 0.0000000000000E+00-1.0639241047355E+02
 7.8394407717351E+01 0.0000000000000E+00 1.0639241047355E+02-7.8394407717351E+01
 0.0000000000000E+00-7.8394407717351E+01-1.0639241047355E+02 0.0000000000000E+00
 7.8394407717351E+01 1.0639241047355E+02 0.0000000000000E+00-7.8394407717351E+01
 1.0639241047355E+02 0.0000000000000E+00 7.8394407717351E+01-1.0639241047355E+02
 0.0000000000000E+00-1.1759161157603E+02-6.1595606063633E+01 0.0000000000000E+00
 1.1759161157603E+02 6.1595606063633E+01 0.0000000000000E+00-1.1759161157603E+02
 6.1595606063633E+01 0.0000000000000E+00 1.1759161157603E+02-6.1595606063633E+01
 0.0000000000000E+00-6.1595606063633E+01-1.1759161157603E+02 0.0000000000000E+00
 6.1595606063633E+01 1.1759161157603E+02 0.0000000000000E+00-6.1595606063633E+01
 1.1759161157603E+02 0.0000000000000E+00 6.1595606063633E+01-1.1759161157603E+02
 0.0000000000000E+00-1.2879081267851E+02-3.3597603307436E+01 0.0000000000000E+00
 1.2879081267851E+02 3.3597603307436E+01 0.0000000000000E+00-1.2879081267851E+02
 3.3597603307436E+01 0.0000000000000E+00 1.2879081267851E+02-3.3597603307436E+01
 0.0000000000000E+00-1.2319121212727E+02-5.0396404961154E+01 0.0000000000000E+00
 1.2319121212727E+02 5.0396404961154E+01 0.0000000000000E+00-1.2319121212727E+02
 5.0396404961154E+01 0.0000000000000E+00 1.2319121212727E+02-5.0396404961154E+01
 0.0000000000000E+00-5.0396404961154E+01-1.2319121212727E+02 0.0000000000000E+00
 5.0396404961154E+01 1.2319121212727E+02 0.0000000000000E+00-5.0396404961154E+01
 1.2319121212727E+02 0.0000000000000E+00 5.0396404961154E+01-1.2319121212727E+02
 0.0000000000000E+00-3.3597603307436E+01-1.2879081267851E+02 0.0000000000000E+00
 3.3597603307436E+01 1.2879081267851E+02 0.0000000000000E+00-3.3597603307436E+01
 1.2879081267851E+02 0.0000000000000E+00 3.3597603307436E+01-1.2879081267851E+02
 0.0000000000000E+00-1.1199201102479E+02-7.2794807166112E+01 0.0000000000000E+00
 1.1199201102479E+02 7.2794807166112E+01 0.0000000000000E+00-1.1199201102479E+02
 7.2794807166112E+01 0.0000000000000E+00 1.1199201102479E+02-7.2794807166112E+01
 0.0000000000000E+00-7.2794807166112E+01-1.1199201102479E+02 0.0000000000000E+00
 7.2794807166112E+01 1.1199201102479E+02 0.0000000000000E+00-7.2794807166112E+01
 1.1199201102479E+02 0.0000000000000E+00 7.2794807166112E+01-1.1199201102479E+02
 0.0000000000000E+00-1.3439041322975E+02 0.0000000000000E+00 0.0000000000000E+00
 1.3439041322975E+02 0.0000000000000E+00 0.0000000000000E+00 0.0000000000000E+00
-1.3439041322975E+02 0.0000000000000E+00 0.0000000000000E+00 1.3439041322975E+02
 0.0000000000000E+00-1.3439041322975E+02-5.5996005512394E+00 0.0000000000000E+00
 1.3439041322975E+02 5.5996005512394E+00 0.0000000000000E+00-1.3439041322975E+02
 5.5996005512394E+00 0.0000000000000E+00 1.3439041322975E+02-5.5996005512394E+00
 0.0000000000000E+00-5.5996005512394E+00-1.3439041322975E+02 0.0000000000000E+00
 5.5996005512394E+00 1.3439041322975E+02 0.0000000000000E+00-5.5996005512394E+00
 1.3439041322975E+02 0.0000000000000E+00 5.5996005512394E+00-1.3439041322975E+02
 0.0000000000000E+00-1.2879081267851E+02-3.9197203858676E+01 0.0000000000000E+00
 1.2879081267851E+02 3.9197203858676E+01 0.0000000000000E+00-1.2879081267851E+02
 3.9197203858676E+01 0.0000000000000E+00 1.2879081267851E+02-3.9197203858676E+01
 0.0000000000000E+00-9.5193209371070E+01-9.5193209371070E+01 0.0000000000000E+00
 9.5193209371070E+01 9.5193209371070E+01 0.0000000000000E+00-9.5193209371070E+01
 9.5193209371070E+01 0.0000000000000E+00 9.5193209371070E+01-9.5193209371070E+01
 0.0000000000000E+00-3.9197203858676E+01-1.2879081267851E+02 0.0000000000000E+00
 3.9197203858676E+01 1.2879081267851E+02 0.0000000000000E+00-3.9197203858676E+01
 1.2879081267851E+02 0.0000000000000E+00 3.9197203858676E+01-1.2879081267851E+02
 0.0000000000000E+00-1.3439041322975E+02-1.1199201102479E+01 0.0000000000000E+00
 1.3439041322975E+02 1.1199201102479E+01 0.0000000000000E+00-1.3439041322975E+02
 1.1199201102479E+01 0.0000000000000E+00 1.3439041322975E+02-1.1199201102479E+01
 0.0000000000000E+00-1.0079280992231E+02-8.9593608819830E+01 0.0000000000000E+00
 1.0079280992231E+02 8.9593608819830E+01 0.0000000000000E+00-1.0079280992231E+02
 8.9593608819830E+01 0.0000000000000E+00 1.0079280992231E+02-8.9593608819830E+01
 0.0000000000000E+00-8.9593608819830E+01-1.0079280992231E+02 0.0000000000000E+00
 8.9593608819830E+01 1.0079280992231E+02 0.0000000000000E+00-8.9593608819830E+01
 1.0079280992231E+02 0.0000000000000E+00 8.9593608819830E+01-1.0079280992231E+02
 0.0000000000000E+00-1.1199201102479E+01-1.3439041322975E+02 0.0000000000000E+00
 1.1199201102479E+01 1.3439041322975E+02 0.0000000000000E+00-1.1199201102479E+01
 1.3439041322975E+02 0.0000000000000E+00 1.1199201102479E+01-1.3439041322975E+02
 0.0000000000000E+00-1.2319121212727E+02-5.5996005512394E+01 0.0000000000000E+00
 1.2319121212727E+02 5.5996005512394E+01 0.0000000000000E+00-1.2319121212727E+02
 5.5996005512394E+01 0.0000000000000E+00 1.2319121212727E+02-5.5996005512394E+01
 0.0000000000000E+00-5.5996005512394E+01-1.2319121212727E+02 0.0000000000000E+00
 5.5996005512394E+01 1.2319121212727E+02 0.0000000000000E+00-5.5996005512394E+01
 1.2319121212727E+02 0.0000000000000E+00 5.5996005512394E+01-1.2319121212727E+02
 0.0000000000000E+00-1.3439041322975E+02-1.6798801653718E+01 0.0000000000000E+00
 1.3439041322975E+02 1.6798801653718E+01 0.0000000000000E+00-1.3439041322975E+02
 1.6798801653718E+01 0.0000000000000E+00 1.3439041322975E+02-1.6798801653718E+01
 0.0000000000000E+00-1.1759161157603E+02-6.7195206614873E+01 0.0000000000000E+00
 1.1759161157603E+02 6.7195206614873E+01 0.0000000000000E+00-1.1759161157603E+02
 6.7195206614873E+01 0.0000000000000E+00 1.1759161157603E+02-6.7195206614873E+01
 0.0000000000000E+00-6.7195206614873E+01-1.1759161157603E+02 0.0000000000000E+00
 6.7195206614873E+01 1.1759161157603E+02 0.0000000000000E+00-6.7195206614873E+01
 1.1759161157603E+02 0.0000000000000E+00 6.7195206614873E+01-1.1759161157603E+02
 0.0000000000000E+00-1.6798801653718E+01-1.3439041322975E+02 0.0000000000000E+00
 1.6798801653718E+01 1.3439041322975E+02 0.0000000000000E+00-1.6798801653718E+01
 1.3439041322975E+02 0.0000000000000E+00 1.6798801653718E+01-1.3439041322975E+02
 0.0000000000000E+00-1.0639241047355E+02-8.3994008268591E+01 0.0000000000000E+00
 1.0639241047355E+02 8.3994008268591E+01 0.0000000000000E+00-1.0639241047355E+02
 8.3994008268591E+01 0.0000000000000E+00 1.0639241047355E+02-8.3994008268591E+01
 0.0000000000000E+00-8.3994008268591E+01-1.0639241047355E+02 0.0000000000000E+00
 8.3994008268591E+01 1.0639241047355E+02 0.0000000000000E+00-8.3994008268591E+01
 1.0639241047355E+02 0.0000000000000E+00 8.3994008268591E+01-1.0639241047355E+02
 0.0000000000000E+00-1.3439041322975E+02-2.2398402204958E+01 0.0000000000000E+00
 1.3439041322975E+02 2.2398402204958E+01 0.0000000000000E+00-1.3439041322975E+02
 2.2398402204958E+01 0.0000000000000E+00 1.3439041322975E+02-2.2398402204958E+01
 0.0000000000000E+00-2.2398402204958E+01-1.3439041322975E+02 0.0000000000000E+00
 2.2398402204958E+01 1.3439041322975E+02 0.0000000000000E+00-2.2398402204958E+01
 1.3439041322975E+02 0.0000000000000E+00 2.2398402204958E+01-1.3439041322975E+02
 0.0000000000000E+00-1.2879081267851E+02-4.4796804409915E+01 0.0000000000000E+00
 1.2879081267851E+02 4.4796804409915E+01 0.0000000000000E+00-1.2879081267851E+02
 4.4796804409915E+01 0.0000000000000E+00 1.2879081267851E+02-4.4796804409915E+01
 0.0000000000000E+00-4.4796804409915E+01-1.2879081267851E+02 0.0000000000000E+00
 4.4796804409915E+01 1.2879081267851E+02 0.0000000000000E+00-4.4796804409915E+01
 1.2879081267851E+02 0.0000000000000E+00 4.4796804409915E+01-1.2879081267851E+02
 0.0000000000000E+00-1.1199201102479E+02-7.8394407717351E+01 0.0000000000000E+00
 1.1199201102479E+02 7.8394407717351E+01 0.0000000000000E+00-1.1199201102479E+02
 7.8394407717351E+01 0.0000000000000E+00 1.1199201102479E+02-7.8394407717351E+01
 0.0000000000000E+00-7.8394407717351E+01-1.1199201102479E+02 0.0000000000000E+00
 7.8394407717351E+01 1.1199201102479E+02 0.0000000000000E+00-7.8394407717351E+01
 1.1199201102479E+02 0.0000000000000E+00 7.8394407717351E+01-1.1199201102479E+02
 0.0000000000000E+00-1.3439041322975E+02-2.7998002756197E+01 0.0000000000000E+00
 1.3439041322975E+02 2.7998002756197E+01 0.0000000000000E+00-1.3439041322975E+02
 2.7998002756197E+01 0.0000000000000E+00 1.3439041322975E+02-2.7998002756197E+01
 0.0000000000000E+00-2.7998002756197E+01-1.3439041322975E+02 0.0000000000000E+00
 2.7998002756197E+01 1.3439041322975E+02 0.0000000000000E+00-2.7998002756197E+01
 1.3439041322975E+02 0.0000000000000E+00 2.7998002756197E+01-1.3439041322975E+02
 0.0000000000000E+00-1.2319121212727E+02-6.1595606063633E+01 0.0000000000000E+00
 1.2319121212727E+02 6.1595606063633E+01 0.0000000000000E+00-1.2319121212727E+02
 6.1595606063633E+01 0.0000000000000E+00 1.2319121212727E+02-6.1595606063633E+01
 0.0000000000000E+00-6.1595606063633E+01-1.2319121212727E+02 0.0000000000000E+00
 6.1595606063633E+01 1.2319121212727E+02 0.0000000000000E+00-6.1595606063633E+01
 1.2319121212727E+02 0.0000000000000E+00 6.1595606063633E+01-1.2319121212727E+02
 0.0000000000000E+00-1.2879081267851E+02-5.0396404961154E+01 0.0000000000000E+00
 1.2879081267851E+02 5.0396404961154E+01 0.0000000000000E+00-1.2879081267851E+02
 5.0396404961154E+01 0.0000000000000E+00 1.2879081267851E+02-5.0396404961154E+01
 0.0000000000000E+00-1.1759161157603E+02-7.2794807166112E+01 0.0000000000000E+00
 1.1759161157603E+02 7.2794807166112E+01 0.0000000000000E+00-1.1759161157603E+02
 7.2794807166112E+01 0.0000000000000E+00 1.1759161157603E+02-7.2794807166112E+01
 0.0000000000000E+00-7.2794807166112E+01-1.1759161157603E+02 0.0000000000000E+00
 7.2794807166112E+01 1.1759161157603E+02 0.0000000000000E+00-7.2794807166112E+01
 1.1759161157603E+02 0.0000000000000E+00 7.2794807166112E+01-1.1759161157603E+02
 0.0000000000000E+00-5.0396404961154E+01-1.2879081267851E+02 0.0000000000000E+00
 5.0396404961154E+01 1.2879081267851E+02 0.0000000000000E+00-5.0396404961154E+01
 1.2879081267851E+02 0.0000000000000E+00 5.0396404961154E+01-1.2879081267851E+02
 0.0000000000000E+00-1.3439041322975E+02-3.3597603307436E+01 0.0000000000000E+00
 1.3439041322975E+02 3.3597603307436E+01 0.0000000000000E+00-1.3439041322975E+02
 3.3597603307436E+01 0.0000000000000E+00 1.3439041322975E+02-3.3597603307436E+01
 0.0000000000000E+00-3.3597603307436E+01-1.3439041322975E+02 0.0000000000000E+00
 3.3597603307436E+01 1.3439041322975E+02 0.0000000000000E+00-3.3597603307436E+01
 1.3439041322975E+02 0.0000000000000E+00 3.3597603307436E+01-1.3439041322975E+02
 0.0000000000000E+00-1.0079280992231E+02-9.5193209371070E+01 0.0000000000000E+00
 1.0079280992231E+02 9.5193209371070E+01 0.0000000000000E+00-1.0079280992231E+02
 9.5193209371070E+01 0.0000000000000E+00 1.0079280992231E+02-9.5193209371070E+01
 0.0000000000000E+00-9.5193209371070E+01-1.0079280992231E+02 0.0000000000000E+00
 9.5193209371070E+01 1.0079280992231E+02 0.0000000000000E+00-9.5193209371070E+01
 1.0079280992231E+02 0.0000000000000E+00 9.5193209371070E+01-1.0079280992231E+02
 0.0000000000000E+00-1.0639241047355E+02-8.9593608819830E+01 0.0000000000000E+00
 1.0639241047355E+02 8.9593608819830E+01 0.0000000000000E+00-1.0639241047355E+02
 8.9593608819830E+01 0.0000000000000E+00 1.0639241047355E+02-8.9593608819830E+01
 0.0000000000000E+00-8.9593608819830E+01-1.0639241047355E+02 0.0000000000000E+00
 8.9593608819830E+01 1.0639241047355E+02 0.0000000000000E+00-8.9593608819830E+01
 1.0639241047355E+02 0.0000000000000E+00 8.9593608819830E+01-1.0639241047355E+02
 0.0000000000000E+00-1.3999001378098E+02 0.0000000000000E+00 0.0000000000000E+00
 1.3999001378098E+02 0.0000000000000E+00 0.0000000000000E+00-1.3439041322975E+02
-3.9197203858676E+01 0.0000000000000E+00 1.3439041322975E+02 3.9197203858676E+01
 0.0000000000000E+00-1.3439041322975E+02 3.9197203858676E+01 0.0000000000000E+00
 1.3439041322975E+02-3.9197203858676E+01 0.0000000000000E+00-1.1199201102479E+02
-8.3994008268591E+01 0.0000000000000E+00 1.1199201102479E+02 8.3994008268591E+01
 0.0000000000000E+00-1.1199201102479E+02 8.3994008268591E+01 0.0000000000000E+00
 1.1199201102479E+02-8.3994008268591E+01 0.0000000000000E+00-8.3994008268591E+01
-1.1199201102479E+02 0.0000000000000E+00 8.3994008268591E+01 1.1199201102479E+02
 0.0000000000000E+00-8.3994008268591E+01 1.1199201102479E+02 0.0000000000000E+00
 8.3994008268591E+01-1.1199201102479E+02 0.0000000000000E+00-3.9197203858676E+01
-1.3439041322975E+02 0.0000000000000E+00 3.9197203858676E+01 1.3439041322975E+02
 0.0000000000000E+00-3.9197203858676E+01 1.3439041322975E+02 0.0000000000000E+00
 3.9197203858676E+01-1.3439041322975E+02 0.0000000000000E+00 0.0000000000000E+00
-1.3999001378098E+02 0.0000000000000E+00 0.0000000000000E+00 1.3999001378098E+02
 0.0000000000000E+00-1.3999001378098E+02-5.5996005512394E+00 0.0000000000000E+00
 1.3999001378098E+02 5.5996005512394E+00 0.0000000000000E+00-1.3999001378098E+02
 5.5996005512394E+00 0.0000000000000E+00 1.3999001378098E+02-5.5996005512394E+00
 0.0000000000000E+00-5.5996005512394E+00-1.3999001378098E+02 0.0000000000000E+00
 5.5996005512394E+00 1.3999001378098E+02 0.0000000000000E+00-5.5996005512394E+00
 1.3999001378098E+02 0.0000000000000E+00 5.5996005512394E+00-1.3999001378098E+02
 0.0000000000000E+00-1.2319121212727E+02-6.7195206614873E+01 0.0000000000000E+00
 1.2319121212727E+02 6.7195206614873E+01 0.0000000000000E+00-1.2319121212727E+02
 6.7195206614873E+01 0.0000000000000E+00 1.2319121212727E+02-6.7195206614873E+01
 0.0000000000000E+00-6.7195206614873E+01-1.2319121212727E+02 0.0000000000000E+00
 6.7195206614873E+01 1.2319121212727E+02 0.0000000000000E+00-6.7195206614873E+01
 1.2319121212727E+02 0.0000000000000E+00 6.7195206614873E+01-1.2319121212727E+02
 0.0000000000000E+00-1.3999001378098E+02-1.1199201102479E+01 0.0000000000000E+00
 1.3999001378098E+02 1.1199201102479E+01 0.0000000000000E+00-1.3999001378098E+02
 1.1199201102479E+01 0.0000000000000E+00 1.3999001378098E+02-1.1199201102479E+01
 0.0000000000000E+00-1.2879081267851E+02-5.5996005512394E+01 0.0000000000000E+00
 1.2879081267851E+02 5.5996005512394E+01 0.0000000000000E+00-1.2879081267851E+02
 5.5996005512394E+01 0.0000000000000E+00 1.2879081267851E+02-5.5996005512394E+01
 0.0000000000000E+00-5.5996005512394E+01-1.2879081267851E+02 0.0000000000000E+00
 5.5996005512394E+01 1.2879081267851E+02 0.0000000000000E+00-5.5996005512394E+01
 1.2879081267851E+02 0.0000000000000E+00 5.5996005512394E+01-1.2879081267851E+02
 0.0000000000000E+00-1.1199201102479E+01-1.3999001378098E+02 0.0000000000000E+00
 1.1199201102479E+01 1.3999001378098E+02 0.0000000000000E+00-1.1199201102479E+01
 1.3999001378098E+02 0.0000000000000E+00 1.1199201102479E+01-1.3999001378098E+02
 0.0000000000000E+00-1.3999001378098E+02-1.6798801653718E+01 0.0000000000000E+00
 1.3999001378098E+02 1.6798801653718E+01 0.0000000000000E+00-1.3999001378098E+02
 1.6798801653718E+01 0.0000000000000E+00 1.3999001378098E+02-1.6798801653718E+01
 0.0000000000000E+00-1.6798801653718E+01-1.3999001378098E+02 0.0000000000000E+00
 1.6798801653718E+01 1.3999001378098E+02 0.0000000000000E+00-1.6798801653718E+01
 1.3999001378098E+02 0.0000000000000E+00 1.6798801653718E+01-1.3999001378098E+02
 0.0000000000000E+00-1.1759161157603E+02-7.8394407717351E+01 0.0000000000000E+00
 1.1759161157603E+02 7.8394407717351E+01 0.0000000000000E+00-1.1759161157603E+02
 7.8394407717351E+01 0.0000000000000E+00 1.1759161157603E+02-7.8394407717351E+01
 0.0000000000000E+00-7.8394407717351E+01-1.1759161157603E+02 0.0000000000000E+00
 7.8394407717351E+01 1.1759161157603E+02 0.0000000000000E+00-7.8394407717351E+01
 1.1759161157603E+02 0.0000000000000E+00 7.8394407717351E+01-1.1759161157603E+02
 0.0000000000000E+00-1.3439041322975E+02-4.4796804409915E+01 0.0000000000000E+00
 1.3439041322975E+02 4.4796804409915E+01 0.0000000000000E+00-1.3439041322975E+02
 4.4796804409915E+01 0.0000000000000E+00 1.3439041322975E+02-4.4796804409915E+01
 0.0000000000000E+00-4.4796804409915E+01-1.3439041322975E+02 0.0000000000000E+00
 4.4796804409915E+01 1.3439041322975E+02 0.0000000000000E+00-4.4796804409915E+01
 1.3439041322975E+02 0.0000000000000E+00 4.4796804409915E+01-1.3439041322975E+02
 0.0000000000000E+00-1.3999001378098E+02-2.2398402204958E+01 0.0000000000000E+00
 1.3999001378098E+02 2.2398402204958E+01 0.0000000000000E+00-1.3999001378098E+02
 2.2398402204958E+01 0.0000000000000E+00 1.3999001378098E+02-2.2398402204958E+01
 0.0000000000000E+00-2.2398402204958E+01-1.3999001378098E+02 0.0000000000000E+00
 2.2398402204958E+01 1.3999001378098E+02 0.0000000000000E+00-2.2398402204958E+01
 1.3999001378098E+02 0.0000000000000E+00 2.2398402204958E+01-1.3999001378098E+02
 0.0000000000000E+00-1.0079280992231E+02-1.0079280992231E+02 0.0000000000000E+00
 1.0079280992231E+02 1.0079280992231E+02 0.0000000000000E+00-1.0079280992231E+02
 1.0079280992231E+02 0.0000000000000E+00 1.0079280992231E+02-1.0079280992231E+02
 0.0000000000000E+00-1.3999001378098E+02-2.7998002756197E+01 0.0000000000000E+00
 1.3999001378098E+02 2.7998002756197E+01 0.0000000000000E+00-1.3999001378098E+02
 2.7998002756197E+01 0.0000000000000E+00 1.3999001378098E+02-2.7998002756197E+01
 0.0000000000000E+00-1.2879081267851E+02-6.1595606063633E+01 0.0000000000000E+00
 1.2879081267851E+02 6.1595606063633E+01 0.0000000000000E+00-1.2879081267851E+02
 6.1595606063633E+01 0.0000000000000E+00 1.2879081267851E+02-6.1595606063633E+01
 0.0000000000000E+00-1.0639241047355E+02-9.5193209371070E+01 0.0000000000000E+00
 1.0639241047355E+02 9.5193209371070E+01 0.0000000000000E+00-1.0639241047355E+02
 9.5193209371070E+01 0.0000000000000E+00 1.0639241047355E+02-9.5193209371070E+01
 0.0000000000000E+00-9.5193209371070E+01-1.0639241047355E+02 0.0000000000000E+00
 9.5193209371070E+01 1.0639241047355E+02 0.0000000000000E+00-9.5193209371070E+01
 1.0639241047355E+02 0.0000000000000E+00 9.5193209371070E+01-1.0639241047355E+02
 0.0000000000000E+00-6.1595606063633E+01-1.2879081267851E+02 0.0000000000000E+00
 6.1595606063633E+01 1.2879081267851E+02 0.0000000000000E+00-6.1595606063633E+01
 1.2879081267851E+02 0.0000000000000E+00 6.1595606063633E+01-1.2879081267851E+02
 0.0000000000000E+00-2.7998002756197E+01-1.3999001378098E+02 0.0000000000000E+00
 2.7998002756197E+01 1.3999001378098E+02 0.0000000000000E+00-2.7998002756197E+01
 1.3999001378098E+02 0.0000000000000E+00 2.7998002756197E+01-1.3999001378098E+02
 0.0000000000000E+00-1.2319121212727E+02-7.2794807166112E+01 0.0000000000000E+00
 1.2319121212727E+02 7.2794807166112E+01 0.0000000000000E+00-1.2319121212727E+02
 7.2794807166112E+01 0.0000000000000E+00 1.2319121212727E+02-7.2794807166112E+01
 0.0000000000000E+00-7.2794807166112E+01-1.2319121212727E+02 0.0000000000000E+00
 7.2794807166112E+01 1.2319121212727E+02 0.0000000000000E+00-7.2794807166112E+01
 1.2319121212727E+02 0.0000000000000E+00 7.2794807166112E+01-1.2319121212727E+02
 0.0000000000000E+00-1.1199201102479E+02-8.9593608819830E+01 0.0000000000000E+00
 1.1199201102479E+02 8.9593608819830E+01 0.0000000000000E+00-1.1199201102479E+02
 8.9593608819830E+01 0.0000000000000E+00 1.1199201102479E+02-8.9593608819830E+01
 0.0000000000000E+00-8.9593608819830E+01-1.1199201102479E+02 0.0000000000000E+00
 8.9593608819830E+01 1.1199201102479E+02 0.0000000000000E+00-8.9593608819830E+01
 1.1199201102479E+02 0.0000000000000E+00 8.9593608819830E+01-1.1199201102479E+02
 0.0000000000000E+00-1.3439041322975E+02-5.0396404961154E+01 0.0000000000000E+00
 1.3439041322975E+02 5.0396404961154E+01 0.0000000000000E+00-1.3439041322975E+02
 5.0396404961154E+01 0.0000000000000E+00 1.3439041322975E+02-5.0396404961154E+01
 0.0000000000000E+00-5.0396404961154E+01-1.3439041322975E+02 0.0000000000000E+00
 5.0396404961154E+01 1.3439041322975E+02 0.0000000000000E+00-5.0396404961154E+01
 1.3439041322975E+02 0.0000000000000E+00 5.0396404961154E+01-1.3439041322975E+02
 0.0000000000000E+00-1.3999001378098E+02-3.3597603307436E+01 0.0000000000000E+00
 1.3999001378098E+02 3.3597603307436E+01 0.0000000000000E+00-1.3999001378098E+02
 3.3597603307436E+01 0.0000000000000E+00 1.3999001378098E+02-3.3597603307436E+01
 0.0000000000000E+00-3.3597603307436E+01-1.3999001378098E+02 0.0000000000000E+00
 3.3597603307436E+01 1.3999001378098E+02 0.0000000000000E+00-3.3597603307436E+01
 1.3999001378098E+02 0.0000000000000E+00 3.3597603307436E+01-1.3999001378098E+02
 0.0000000000000E+00-1.1759161157603E+02-8.3994008268591E+01 0.0000000000000E+00
 1.1759161157603E+02 8.3994008268591E+01 0.0000000000000E+00-1.1759161157603E+02
 8.3994008268591E+01 0.0000000000000E+00 1.1759161157603E+02-8.3994008268591E+01
 0.0000000000000E+00-8.3994008268591E+01-1.1759161157603E+02 0.0000000000000E+00
 8.3994008268591E+01 1.1759161157603E+02 0.0000000000000E+00-8.3994008268591E+01
 1.1759161157603E+02 0.0000000000000E+00 8.3994008268591E+01-1.1759161157603E+02
 0.0000000000000E+00-1.2879081267851E+02-6.7195206614873E+01 0.0000000000000E+00
 1.2879081267851E+02 6.7195206614873E+01 0.0000000000000E+00-1.2879081267851E+02
 6.7195206614873E+01 0.0000000000000E+00 1.2879081267851E+02-6.7195206614873E+01
 0.0000000000000E+00-6.7195206614873E+01-1.2879081267851E+02 0.0000000000000E+00
 6.7195206614873E+01 1.2879081267851E+02 0.0000000000000E+00-6.7195206614873E+01
 1.2879081267851E+02 0.0000000000000E+00 6.7195206614873E+01-1.2879081267851E+02
 0.0000000000000E+00-1.3999001378098E+02-3.9197203858676E+01 0.0000000000000E+00
 1.3999001378098E+02 3.9197203858676E+01 0.0000000000000E+00-1.3999001378098E+02
 3.9197203858676E+01 0.0000000000000E+00 1.3999001378098E+02-3.9197203858676E+01
 0.0000000000000E+00-3.9197203858676E+01-1.3999001378098E+02 0.0000000000000E+00
 3.9197203858676E+01 1.3999001378098E+02 0.0000000000000E+00-3.9197203858676E+01
 1.3999001378098E+02 0.0000000000000E+00 3.9197203858676E+01-1.3999001378098E+02
 0.0000000000000E+00-1.4558961433222E+02 0.0000000000000E+00 0.0000000000000E+00
 1.4558961433222E+02 0.0000000000000E+00 0.0000000000000E+00-1.3439041322975E+02
-5.5996005512394E+01 0.0000000000000E+00 1.3439041322975E+02 5.5996005512394E+01
 0.0000000000000E+00-1.3439041322975E+02 5.5996005512394E+01 0.0000000000000E+00
 1.3439041322975E+02-5.5996005512394E+01 0.0000000000000E+00-5.5996005512394E+01
-1.3439041322975E+02 0.0000000000000E+00 5.5996005512394E+01 1.3439041322975E+02
 0.0000000000000E+00-5.5996005512394E+01 1.3439041322975E+02 0.0000000000000E+00
 5.5996005512394E+01-1.3439041322975E+02 0.0000000000000E+00 0.0000000000000E+00
-1.4558961433222E+02 0.0000000000000E+00 0.0000000000000E+00 1.4558961433222E+02
 0.0000000000000E+00-1.4558961433222E+02-5.5996005512394E+00 0.0000000000000E+00
 1.4558961433222E+02 5.5996005512394E+00 0.0000000000000E+00-1.4558961433222E+02
 5.5996005512394E+00 0.0000000000000E+00 1.4558961433222E+02-5.5996005512394E+00
 0.0000000000000E+00-5.5996005512394E+00-1.4558961433222E+02 0.0000000000000E+00
 5.5996005512394E+00 1.4558961433222E+02 0.0000000000000E+00-5.5996005512394E+00
 1.4558961433222E+02 0.0000000000000E+00 5.5996005512394E+00-1.4558961433222E+02
 0.0000000000000E+00-1.4558961433222E+02-1.1199201102479E+01 0.0000000000000E+00
 1.4558961433222E+02 1.1199201102479E+01 0.0000000000000E+00-1.4558961433222E+02
 1.1199201102479E+01 0.0000000000000E+00 1.4558961433222E+02-1.1199201102479E+01
 0.0000000000000E+00-1.2319121212727E+02-7.8394407717351E+01 0.0000000000000E+00
 1.2319121212727E+02 7.8394407717351E+01 0.0000000000000E+00-1.2319121212727E+02
 7.8394407717351E+01 0.0000000000000E+00 1.2319121212727E+02-7.8394407717351E+01
 0.0000000000000E+00-7.8394407717351E+01-1.2319121212727E+02 0.0000000000000E+00
 7.8394407717351E+01 1.2319121212727E+02 0.0000000000000E+00-7.8394407717351E+01
 1.2319121212727E+02 0.0000000000000E+00 7.8394407717351E+01-1.2319121212727E+02
 0.0000000000000E+00-1.1199201102479E+01-1.4558961433222E+02 0.0000000000000E+00
 1.1199201102479E+01 1.4558961433222E+02 0.0000000000000E+00-1.1199201102479E+01
 1.4558961433222E+02 0.0000000000000E+00 1.1199201102479E+01-1.4558961433222E+02
 0.0000000000000E+00-1.4558961433222E+02-1.6798801653718E+01 0.0000000000000E+00
 1.4558961433222E+02 1.6798801653718E+01 0.0000000000000E+00-1.4558961433222E+02
 1.6798801653718E+01 0.0000000000000E+00 1.4558961433222E+02-1.6798801653718E+01
 0.0000000000000E+00-1.0639241047355E+02-1.0079280992231E+02 0.0000000000000E+00
 1.0639241047355E+02 1.0079280992231E+02 0.0000000000000E+00-1.0639241047355E+02
 1.0079280992231E+02 0.0000000000000E+00 1.0639241047355E+02-1.0079280992231E+02
 0.0000000000000E+00-1.0079280992231E+02-1.0639241047355E+02 0.0000000000000E+00
 1.0079280992231E+02 1.0639241047355E+02 0.0000000000000E+00-1.0079280992231E+02
 1.0639241047355E+02 0.0000000000000E+00 1.0079280992231E+02-1.0639241047355E+02
 0.0000000000000E+00-1.6798801653718E+01-1.4558961433222E+02 0.0000000000000E+00
 1.6798801653718E+01 1.4558961433222E+02 0.0000000000000E+00-1.6798801653718E+01
 1.4558961433222E+02 0.0000000000000E+00 1.6798801653718E+01-1.4558961433222E+02
 0.0000000000000E+00-1.3999001378098E+02-4.4796804409915E+01 0.0000000000000E+00
 1.3999001378098E+02 4.4796804409915E+01 0.0000000000000E+00-1.3999001378098E+02
 4.4796804409915E+01 0.0000000000000E+00 1.3999001378098E+02-4.4796804409915E+01
 0.0000000000000E+00-1.1199201102479E+02-9.5193209371070E+01 0.0000000000000E+00
 1.1199201102479E+02 9.5193209371070E+01 0.0000000000000E+00-1.1199201102479E+02
 9.5193209371070E+01 0.0000000000000E+00 1.1199201102479E+02-9.5193209371070E+01
 0.0000000000000E+00-9.5193209371070E+01-1.1199201102479E+02 0.0000000000000E+00
 9.5193209371070E+01 1.1199201102479E+02 0.0000000000000E+00-9.5193209371070E+01
 1.1199201102479E+02 0.0000000000000E+00 9.5193209371070E+01-1.1199201102479E+02
 0.0000000000000E+00-4.4796804409915E+01-1.3999001378098E+02 0.0000000000000E+00
 4.4796804409915E+01 1.3999001378098E+02 0.0000000000000E+00-4.4796804409915E+01
 1.3999001378098E+02 0.0000000000000E+00 4.4796804409915E+01-1.3999001378098E+02
 0.0000000000000E+00-1.4558961433222E+02-2.2398402204958E+01 0.0000000000000E+00
 1.4558961433222E+02 2.2398402204958E+01 0.0000000000000E+00-1.4558961433222E+02
 2.2398402204958E+01 0.0000000000000E+00 1.4558961433222E+02-2.2398402204958E+01
 0.0000000000000E+00-2.2398402204958E+01-1.4558961433222E+02 0.0000000000000E+00
 2.2398402204958E+01 1.4558961433222E+02 0.0000000000000E+00-2.2398402204958E+01
 1.4558961433222E+02 0.0000000000000E+00 2.2398402204958E+01-1.4558961433222E+02
 0.0000000000000E+00-1.3439041322975E+02-6.1595606063633E+01 0.0000000000000E+00
 1.3439041322975E+02 6.1595606063633E+01 0.0000000000000E+00-1.3439041322975E+02
 6.1595606063633E+01 0.0000000000000E+00 1.3439041322975E+02-6.1595606063633E+01
 0.0000000000000E+00-1.1759161157603E+02-8.9593608819830E+01 0.0000000000000E+00
 1.1759161157603E+02 8.9593608819830E+01 0.0000000000000E+00-1.1759161157603E+02
 8.9593608819830E+01 0.0000000000000E+00 1.1759161157603E+02-8.9593608819830E+01
 0.0000000000000E+00-8.9593608819830E+01-1.1759161157603E+02 0.0000000000000E+00
 8.9593608819830E+01 1.1759161157603E+02 0.0000000000000E+00-8.9593608819830E+01
 1.1759161157603E+02 0.0000000000000E+00 8.9593608819830E+01-1.1759161157603E+02
 0.0000000000000E+00-6.1595606063633E+01-1.3439041322975E+02 0.0000000000000E+00
 6.1595606063633E+01 1.3439041322975E+02 0.0000000000000E+00-6.1595606063633E+01
 1.3439041322975E+02 0.0000000000000E+00 6.1595606063633E+01-1.3439041322975E+02
 0.0000000000000E+00-1.2879081267851E+02-7.2794807166112E+01 0.0000000000000E+00
 1.2879081267851E+02 7.2794807166112E+01 0.0000000000000E+00-1.2879081267851E+02
 7.2794807166112E+01 0.0000000000000E+00 1.2879081267851E+02-7.2794807166112E+01
 0.0000000000000E+00-7.2794807166112E+01-1.2879081267851E+02 0.0000000000000E+00
 7.2794807166112E+01 1.2879081267851E+02 0.0000000000000E+00-7.2794807166112E+01
 1.2879081267851E+02 0.0000000000000E+00 7.2794807166112E+01-1.2879081267851E+02
 0.0000000000000E+00-1.4558961433222E+02-2.7998002756197E+01 0.0000000000000E+00
 1.4558961433222E+02 2.7998002756197E+01 0.0000000000000E+00-1.4558961433222E+02
 2.7998002756197E+01 0.0000000000000E+00 1.4558961433222E+02-2.7998002756197E+01
 0.0000000000000E+00-2.7998002756197E+01-1.4558961433222E+02 0.0000000000000E+00
 2.7998002756197E+01 1.4558961433222E+02 0.0000000000000E+00-2.7998002756197E+01
 1.4558961433222E+02 0.0000000000000E+00 2.7998002756197E+01-1.4558961433222E+02
 0.0000000000000E+00-1.3999001378098E+02-5.0396404961154E+01 0.0000000000000E+00
 1.3999001378098E+02 5.0396404961154E+01 0.0000000000000E+00-1.3999001378098E+02
 5.0396404961154E+01 0.0000000000000E+00 1.3999001378098E+02-5.0396404961154E+01
 0.0000000000000E+00-5.0396404961154E+01-1.3999001378098E+02 0.0000000000000E+00
 5.0396404961154E+01 1.3999001378098E+02 0.0000000000000E+00-5.0396404961154E+01
 1.3999001378098E+02 0.0000000000000E+00 5.0396404961154E+01-1.3999001378098E+02
 0.0000000000000E+00-1.2319121212727E+02-8.3994008268591E+01 0.0000000000000E+00
 1.2319121212727E+02 8.3994008268591E+01 0.0000000000000E+00-1.2319121212727E+02
 8.3994008268591E+01 0.0000000000000E+00 1.2319121212727E+02-8.3994008268591E+01
 0.0000000000000E+00-8.3994008268591E+01-1.2319121212727E+02 0.0000000000000E+00
 8.3994008268591E+01 1.2319121212727E+02 0.0000000000000E+00-8.3994008268591E+01
 1.2319121212727E+02 0.0000000000000E+00 8.3994008268591E+01-1.2319121212727E+02
 0.0000000000000E+00-1.4558961433222E+02-3.3597603307436E+01 0.0000000000000E+00
 1.4558961433222E+02 3.3597603307436E+01 0.0000000000000E+00-1.4558961433222E+02
 3.3597603307436E+01 0.0000000000000E+00 1.4558961433222E+02-3.3597603307436E+01
 0.0000000000000E+00-3.3597603307436E+01-1.4558961433222E+02 0.0000000000000E+00
 3.3597603307436E+01 1.4558961433222E+02 0.0000000000000E+00-3.3597603307436E+01
 1.4558961433222E+02 0.0000000000000E+00 3.3597603307436E+01-1.4558961433222E+02
 0.0000000000000E+00-1.3439041322975E+02-6.7195206614873E+01 0.0000000000000E+00
 1.3439041322975E+02 6.7195206614873E+01 0.0000000000000E+00-1.3439041322975E+02
 6.7195206614873E+01 0.0000000000000E+00 1.3439041322975E+02-6.7195206614873E+01
 0.0000000000000E+00-6.7195206614873E+01-1.3439041322975E+02 0.0000000000000E+00
 6.7195206614873E+01 1.3439041322975E+02 0.0000000000000E+00-6.7195206614873E+01
 1.3439041322975E+02 0.0000000000000E+00 6.7195206614873E+01-1.3439041322975E+02
 0.0000000000000E+00-1.0639241047355E+02-1.0639241047355E+02 0.0000000000000E+00
 1.0639241047355E+02 1.0639241047355E+02 0.0000000000000E+00-1.0639241047355E+02
 1.0639241047355E+02 0.0000000000000E+00 1.0639241047355E+02-1.0639241047355E+02
 0.0000000000000E+00-1.1199201102479E+02-1.0079280992231E+02 0.0000000000000E+00
 1.1199201102479E+02 1.0079280992231E+02 0.0000000000000E+00-1.1199201102479E+02
 1.0079280992231E+02 0.0000000000000E+00 1.1199201102479E+02-1.0079280992231E+02
 0.0000000000000E+00-1.0079280992231E+02-1.1199201102479E+02 0.0000000000000E+00
 1.0079280992231E+02 1.1199201102479E+02 0.0000000000000E+00-1.0079280992231E+02
 1.1199201102479E+02 0.0000000000000E+00 1.0079280992231E+02-1.1199201102479E+02
 0.0000000000000E+00-1.4558961433222E+02-3.9197203858676E+01 0.0000000000000E+00
 1.4558961433222E+02 3.9197203858676E+01 0.0000000000000E+00-1.4558961433222E+02
 3.9197203858676E+01 0.0000000000000E+00 1.4558961433222E+02-3.9197203858676E+01
 0.0000000000000E+00-1.3999001378098E+02-5.5996005512394E+01 0.0000000000000E+00
 1.3999001378098E+02 5.5996005512394E+01 0.0000000000000E+00-1.3999001378098E+02
 5.5996005512394E+01 0.0000000000000E+00 1.3999001378098E+02-5.5996005512394E+01
 0.0000000000000E+00-1.2879081267851E+02-7.8394407717351E+01 0.0000000000000E+00
 1.2879081267851E+02 7.8394407717351E+01 0.0000000000000E+00-1.2879081267851E+02
 7.8394407717351E+01 0.0000000000000E+00 1.2879081267851E+02-7.8394407717351E+01
 0.0000000000000E+00-7.8394407717351E+01-1.2879081267851E+02 0.0000000000000E+00
 7.8394407717351E+01 1.2879081267851E+02 0.0000000000000E+00-7.8394407717351E+01
 1.2879081267851E+02 0.0000000000000E+00 7.8394407717351E+01-1.2879081267851E+02
 0.0000000000000E+00-5.5996005512394E+01-1.3999001378098E+02 0.0000000000000E+00
 5.5996005512394E+01 1.3999001378098E+02 0.0000000000000E+00-5.5996005512394E+01
 1.3999001378098E+02 0.0000000000000E+00 5.5996005512394E+01-1.3999001378098E+02
 0.0000000000000E+00-3.9197203858676E+01-1.4558961433222E+02 0.0000000000000E+00
 3.9197203858676E+01 1.4558961433222E+02 0.0000000000000E+00-3.9197203858676E+01
 1.4558961433222E+02 0.0000000000000E+00 3.9197203858676E+01-1.4558961433222E+02
 0.0000000000000E+00-1.5118921488346E+02 0.0000000000000E+00 0.0000000000000E+00
 1.5118921488346E+02 0.0000000000000E+00 0.0000000000000E+00 0.0000000000000E+00
-1.5118921488346E+02 0.0000000000000E+00 0.0000000000000E+00 1.5118921488346E+02
 0.0000000000000E+00-1.5118921488346E+02-5.5996005512394E+00 0.0000000000000E+00
 1.5118921488346E+02 5.5996005512394E+00 0.0000000000000E+00-1.5118921488346E+02
 5.5996005512394E+00 0.0000000000000E+00 1.5118921488346E+02-5.5996005512394E+00
 0.0000000000000E+00-1.1759161157603E+02-9.5193209371070E+01 0.0000000000000E+00
 1.1759161157603E+02 9.5193209371070E+01 0.0000000000000E+00-1.1759161157603E+02
 9.5193209371070E+01 0.0000000000000E+00 1.1759161157603E+02-9.5193209371070E+01
 0.0000000000000E+00-9.5193209371070E+01-1.1759161157603E+02 0.0000000000000E+00
 9.5193209371070E+01 1.1759161157603E+02 0.0000000000000E+00-9.5193209371070E+01
 1.1759161157603E+02 0.0000000000000E+00 9.5193209371070E+01-1.1759161157603E+02
 0.0000000000000E+00-5.5996005512394E+00-1.5118921488346E+02 0.0000000000000E+00
 5.5996005512394E+00 1.5118921488346E+02 0.0000000000000E+00-5.5996005512394E+00
 1.5118921488346E+02 0.0000000000000E+00 5.5996005512394E+00-1.5118921488346E+02
 0.0000000000000E+00-1.5118921488346E+02-1.1199201102479E+01 0.0000000000000E+00
 1.5118921488346E+02 1.1199201102479E+01 0.0000000000000E+00-1.5118921488346E+02
 1.1199201102479E+01 0.0000000000000E+00 1.5118921488346E+02-1.1199201102479E+01
 0.0000000000000E+00-1.1199201102479E+01-1.5118921488346E+02 0.0000000000000E+00
 1.1199201102479E+01 1.5118921488346E+02 0.0000000000000E+00-1.1199201102479E+01
 1.5118921488346E+02 0.0000000000000E+00 1.1199201102479E+01-1.5118921488346E+02
 0.0000000000000E+00-1.5118921488346E+02-1.6798801653718E+01 0.0000000000000E+00
 1.5118921488346E+02 1.6798801653718E+01 0.0000000000000E+00-1.5118921488346E+02
 1.6798801653718E+01 0.0000000000000E+00 1.5118921488346E+02-1.6798801653718E+01
 0.0000000000000E+00-1.6798801653718E+01-1.5118921488346E+02 0.0000000000000E+00
 1.6798801653718E+01 1.5118921488346E+02 0.0000000000000E+00-1.6798801653718E+01
 1.5118921488346E+02 0.0000000000000E+00 1.6798801653718E+01-1.5118921488346E+02
 0.0000000000000E+00-1.4558961433222E+02-4.4796804409915E+01 0.0000000000000E+00
 1.4558961433222E+02 4.4796804409915E+01 0.0000000000000E+00-1.4558961433222E+02
 4.4796804409915E+01 0.0000000000000E+00 1.4558961433222E+02-4.4796804409915E+01
 0.0000000000000E+00-1.2319121212727E+02-8.9593608819830E+01 0.0000000000000E+00
 1.2319121212727E+02 8.9593608819830E+01 0.0000000000000E+00-1.2319121212727E+02
 8.9593608819830E+01 0.0000000000000E+00 1.2319121212727E+02-8.9593608819830E+01
 0.0000000000000E+00-8.9593608819830E+01-1.2319121212727E+02 0.0000000000000E+00
 8.9593608819830E+01 1.2319121212727E+02 0.0000000000000E+00-8.9593608819830E+01
 1.2319121212727E+02 0.0000000000000E+00 8.9593608819830E+01-1.2319121212727E+02
 0.0000000000000E+00-4.4796804409915E+01-1.4558961433222E+02 0.0000000000000E+00
 4.4796804409915E+01 1.4558961433222E+02 0.0000000000000E+00-4.4796804409915E+01
 1.4558961433222E+02 0.0000000000000E+00 4.4796804409915E+01-1.4558961433222E+02
 0.0000000000000E+00-1.5118921488346E+02-2.2398402204958E+01 0.0000000000000E+00
 1.5118921488346E+02 2.2398402204958E+01 0.0000000000000E+00-1.5118921488346E+02
 2.2398402204958E+01 0.0000000000000E+00 1.5118921488346E+02-2.2398402204958E+01
 0.0000000000000E+00-1.3439041322975E+02-7.2794807166112E+01 0.0000000000000E+00
 1.3439041322975E+02 7.2794807166112E+01 0.0000000000000E+00-1.3439041322975E+02
 7.2794807166112E+01 0.0000000000000E+00 1.3439041322975E+02-7.2794807166112E+01
 0.0000000000000E+00-7.2794807166112E+01-1.3439041322975E+02 0.0000000000000E+00
 7.2794807166112E+01 1.3439041322975E+02 0.0000000000000E+00-7.2794807166112E+01
 1.3439041322975E+02 0.0000000000000E+00 7.2794807166112E+01-1.3439041322975E+02
 0.0000000000000E+00-2.2398402204958E+01-1.5118921488346E+02 0.0000000000000E+00
 2.2398402204958E+01 1.5118921488346E+02 0.0000000000000E+00-2.2398402204958E+01
 1.5118921488346E+02 0.0000000000000E+00 2.2398402204958E+01-1.5118921488346E+02
 0.0000000000000E+00-1.3999001378098E+02-6.1595606063633E+01 0.0000000000000E+00
 1.3999001378098E+02 6.1595606063633E+01 0.0000000000000E+00-1.3999001378098E+02
 6.1595606063633E+01 0.0000000000000E+00 1.3999001378098E+02-6.1595606063633E+01
 0.0000000000000E+00-6.1595606063633E+01-1.3999001378098E+02 0.0000000000000E+00
 6.1595606063633E+01 1.3999001378098E+02 0.0000000000000E+00-6.1595606063633E+01
 1.3999001378098E+02 0.0000000000000E+00 6.1595606063633E+01-1.3999001378098E+02
 0.0000000000000E+00-1.5118921488346E+02-2.7998002756197E+01 0.0000000000000E+00
 1.5118921488346E+02 2.7998002756197E+01 0.0000000000000E+00-1.5118921488346E+02
 2.7998002756197E+01 0.0000000000000E+00 1.5118921488346E+02-2.7998002756197E+01
 0.0000000000000E+00-1.2879081267851E+02-8.3994008268591E+01 0.0000000000000E+00
 1.2879081267851E+02 8.3994008268591E+01 0.0000000000000E+00-1.2879081267851E+02
 8.3994008268591E+01 0.0000000000000E+00 1.2879081267851E+02-8.3994008268591E+01
 0.0000000000000E+00-8.3994008268591E+01-1.2879081267851E+02 0.0000000000000E+00
 8.3994008268591E+01 1.2879081267851E+02 0.0000000000000E+00-8.3994008268591E+01
 1.2879081267851E+02 0.0000000000000E+00 8.3994008268591E+01-1.2879081267851E+02
 0.0000000000000E+00-2.7998002756197E+01-1.5118921488346E+02 0.0000000000000E+00
 2.7998002756197E+01 1.5118921488346E+02 0.0000000000000E+00-2.7998002756197E+01
 1.5118921488346E+02 0.0000000000000E+00 2.7998002756197E+01-1.5118921488346E+02
 0.0000000000000E+00-1.4558961433222E+02-5.0396404961154E+01 0.0000000000000E+00
 1.4558961433222E+02 5.0396404961154E+01 0.0000000000000E+00-1.4558961433222E+02
 5.0396404961154E+01 0.0000000000000E+00 1.4558961433222E+02-5.0396404961154E+01
 0.0000000000000E+00-5.0396404961154E+01-1.4558961433222E+02 0.0000000000000E+00
 5.0396404961154E+01 1.4558961433222E+02 0.0000000000000E+00-5.0396404961154E+01
 1.4558961433222E+02 0.0000000000000E+00 5.0396404961154E+01-1.4558961433222E+02
 0.0000000000000E+00-1.1199201102479E+02-1.0639241047355E+02 0.0000000000000E+00
 1.1199201102479E+02 1.0639241047355E+02 0.0000000000000E+00-1.1199201102479E+02
 1.0639241047355E+02 0.0000000000000E+00 1.1199201102479E+02-1.0639241047355E+02
 0.0000000000000E+00-1.0639241047355E+02-1.1199201102479E+02 0.0000000000000E+00
 1.0639241047355E+02 1.1199201102479E+02 0.0000000000000E+00-1.0639241047355E+02
 1.1199201102479E+02 0.0000000000000E+00 1.0639241047355E+02-1.1199201102479E+02
 0.0000000000000E+00-1.5118921488346E+02-3.3597603307436E+01 0.0000000000000E+00
 1.5118921488346E+02 3.3597603307436E+01 0.0000000000000E+00-1.5118921488346E+02
 3.3597603307436E+01 0.0000000000000E+00 1.5118921488346E+02-3.3597603307436E+01
 0.0000000000000E+00-1.1759161157603E+02-1.0079280992231E+02 0.0000000000000E+00
 1.1759161157603E+02 1.0079280992231E+02 0.0000000000000E+00-1.1759161157603E+02
 1.0079280992231E+02 0.0000000000000E+00 1.1759161157603E+02-1.0079280992231E+02
 0.0000000000000E+00-1.0079280992231E+02-1.1759161157603E+02 0.0000000000000E+00
 1.0079280992231E+02 1.1759161157603E+02 0.0000000000000E+00-1.0079280992231E+02
 1.1759161157603E+02 0.0000000000000E+00 1.0079280992231E+02-1.1759161157603E+02
 0.0000000000000E+00-3.3597603307436E+01-1.5118921488346E+02 0.0000000000000E+00
 3.3597603307436E+01 1.5118921488346E+02 0.0000000000000E+00-3.3597603307436E+01
 1.5118921488346E+02 0.0000000000000E+00 3.3597603307436E+01-1.5118921488346E+02
 0.0000000000000E+00-1.3999001378098E+02-6.7195206614873E+01 0.0000000000000E+00
 1.3999001378098E+02 6.7195206614873E+01 0.0000000000000E+00-1.3999001378098E+02
 6.7195206614873E+01 0.0000000000000E+00 1.3999001378098E+02-6.7195206614873E+01
 0.0000000000000E+00-6.7195206614873E+01-1.3999001378098E+02 0.0000000000000E+00
 6.7195206614873E+01 1.3999001378098E+02 0.0000000000000E+00-6.7195206614873E+01
 1.3999001378098E+02 0.0000000000000E+00 6.7195206614873E+01-1.3999001378098E+02
 0.0000000000000E+00-1.3439041322975E+02-7.8394407717351E+01 0.0000000000000E+00
 1.3439041322975E+02 7.8394407717351E+01 0.0000000000000E+00-1.3439041322975E+02
 7.8394407717351E+01 0.0000000000000E+00 1.3439041322975E+02-7.8394407717351E+01
 0.0000000000000E+00-7.8394407717351E+01-1.3439041322975E+02 0.0000000000000E+00
 7.8394407717351E+01 1.3439041322975E+02 0.0000000000000E+00-7.8394407717351E+01
 1.3439041322975E+02 0.0000000000000E+00 7.8394407717351E+01-1.3439041322975E+02
 0.0000000000000E+00-1.2319121212727E+02-9.5193209371070E+01 0.0000000000000E+00
 1.2319121212727E+02 9.5193209371070E+01 0.0000000000000E+00-1.2319121212727E+02
 9.5193209371070E+01 0.0000000000000E+00 1.2319121212727E+02-9.5193209371070E+01
 0.0000000000000E+00-9.5193209371070E+01-1.2319121212727E+02 0.0000000000000E+00
 9.5193209371070E+01 1.2319121212727E+02 0.0000000000000E+00-9.5193209371070E+01
 1.2319121212727E+02 0.0000000000000E+00 9.5193209371070E+01-1.2319121212727E+02
 0.0000000000000E+00-1.4558961433222E+02-5.5996005512394E+01 0.0000000000000E+00
 1.4558961433222E+02 5.5996005512394E+01 0.0000000000000E+00-1.4558961433222E+02
 5.5996005512394E+01 0.0000000000000E+00 1.4558961433222E+02-5.5996005512394E+01
 0.0000000000000E+00-5.5996005512394E+01-1.4558961433222E+02 0.0000000000000E+00
 5.5996005512394E+01 1.4558961433222E+02 0.0000000000000E+00-5.5996005512394E+01
 1.4558961433222E+02 0.0000000000000E+00 5.5996005512394E+01-1.4558961433222E+02
 0.0000000000000E+00-1.5118921488346E+02-3.9197203858676E+01 0.0000000000000E+00
 1.5118921488346E+02 3.9197203858676E+01 0.0000000000000E+00-1.5118921488346E+02
 3.9197203858676E+01 0.0000000000000E+00 1.5118921488346E+02-3.9197203858676E+01
 0.0000000000000E+00-3.9197203858676E+01-1.5118921488346E+02 0.0000000000000E+00
 3.9197203858676E+01 1.5118921488346E+02 0.0000000000000E+00-3.9197203858676E+01
 1.5118921488346E+02 0.0000000000000E+00 3.9197203858676E+01-1.5118921488346E+02
 0.0000000000000E+00-1.5678881543470E+02 0.0000000000000E+00 0.0000000000000E+00
 1.5678881543470E+02 0.0000000000000E+00 0.0000000000000E+00 0.0000000000000E+00
-1.5678881543470E+02 0.0000000000000E+00 0.0000000000000E+00 1.5678881543470E+02
 0.0000000000000E+00-1.5678881543470E+02-5.5996005512394E+00 0.0000000000000E+00
 1.5678881543470E+02 5.5996005512394E+00 0.0000000000000E+00-1.5678881543470E+02
 5.5996005512394E+00 0.0000000000000E+00 1.5678881543470E+02-5.5996005512394E+00
 0.0000000000000E+00-1.2879081267851E+02-8.9593608819830E+01 0.0000000000000E+00
 1.2879081267851E+02 8.9593608819830E+01 0.0000000000000E+00-1.2879081267851E+02
 8.9593608819830E+01 0.0000000000000E+00 1.2879081267851E+02-8.9593608819830E+01
 0.0000000000000E+00-8.9593608819830E+01-1.2879081267851E+02 0.0000000000000E+00
 8.9593608819830E+01 1.2879081267851E+02 0.0000000000000E+00-8.9593608819830E+01
 1.2879081267851E+02 0.0000000000000E+00 8.9593608819830E+01-1.2879081267851E+02
 0.0000000000000E+00-5.5996005512394E+00-1.5678881543470E+02 0.0000000000000E+00
 5.5996005512394E+00 1.5678881543470E+02 0.0000000000000E+00-5.5996005512394E+00
 1.5678881543470E+02 0.0000000000000E+00 5.5996005512394E+00-1.5678881543470E+02
 0.0000000000000E+00-1.5678881543470E+02-1.1199201102479E+01 0.0000000000000E+00
 1.5678881543470E+02 1.1199201102479E+01 0.0000000000000E+00-1.5678881543470E+02
 1.1199201102479E+01 0.0000000000000E+00 1.5678881543470E+02-1.1199201102479E+01
 0.0000000000000E+00-1.1199201102479E+01-1.5678881543470E+02 0.0000000000000E+00
 1.1199201102479E+01 1.5678881543470E+02 0.0000000000000E+00-1.1199201102479E+01
 1.5678881543470E+02 0.0000000000000E+00 1.1199201102479E+01-1.5678881543470E+02
 0.0000000000000E+00-1.5678881543470E+02-1.6798801653718E+01 0.0000000000000E+00
 1.5678881543470E+02 1.6798801653718E+01 0.0000000000000E+00-1.5678881543470E+02
 1.6798801653718E+01 0.0000000000000E+00 1.5678881543470E+02-1.6798801653718E+01
 0.0000000000000E+00-1.5118921488346E+02-4.4796804409915E+01 0.0000000000000E+00
 1.5118921488346E+02 4.4796804409915E+01 0.0000000000000E+00-1.5118921488346E+02
 4.4796804409915E+01 0.0000000000000E+00 1.5118921488346E+02-4.4796804409915E+01
 0.0000000000000E+00-4.4796804409915E+01-1.5118921488346E+02 0.0000000000000E+00
 4.4796804409915E+01 1.5118921488346E+02 0.0000000000000E+00-4.4796804409915E+01
 1.5118921488346E+02 0.0000000000000E+00 4.4796804409915E+01-1.5118921488346E+02
 0.0000000000000E+00-1.6798801653718E+01-1.5678881543470E+02 0.0000000000000E+00
 1.6798801653718E+01 1.5678881543470E+02 0.0000000000000E+00-1.6798801653718E+01
 1.5678881543470E+02 0.0000000000000E+00 1.6798801653718E+01-1.5678881543470E+02
 0.0000000000000E+00-1.3999001378098E+02-7.2794807166112E+01 0.0000000000000E+00
 1.3999001378098E+02 7.2794807166112E+01 0.0000000000000E+00-1.3999001378098E+02
 7.2794807166112E+01 0.0000000000000E+00 1.3999001378098E+02-7.2794807166112E+01
 0.0000000000000E+00-7.2794807166112E+01-1.3999001378098E+02 0.0000000000000E+00
 7.2794807166112E+01 1.3999001378098E+02 0.0000000000000E+00-7.2794807166112E+01
 1.3999001378098E+02 0.0000000000000E+00 7.2794807166112E+01-1.3999001378098E+02
 0.0000000000000E+00-1.4558961433222E+02-6.1595606063633E+01 0.0000000000000E+00
 1.4558961433222E+02 6.1595606063633E+01 0.0000000000000E+00-1.4558961433222E+02
 6.1595606063633E+01 0.0000000000000E+00 1.4558961433222E+02-6.1595606063633E+01
 0.0000000000000E+00-6.1595606063633E+01-1.4558961433222E+02 0.0000000000000E+00
 6.1595606063633E+01 1.4558961433222E+02 0.0000000000000E+00-6.1595606063633E+01
 1.4558961433222E+02 0.0000000000000E+00 6.1595606063633E+01-1.4558961433222E+02
 0.0000000000000E+00-1.5678881543470E+02-2.2398402204958E+01 0.0000000000000E+00
 1.5678881543470E+02 2.2398402204958E+01 0.0000000000000E+00-1.5678881543470E+02
 2.2398402204958E+01 0.0000000000000E+00 1.5678881543470E+02-2.2398402204958E+01
 0.0000000000000E+00-1.1199201102479E+02-1.1199201102479E+02 0.0000000000000E+00
 1.1199201102479E+02 1.1199201102479E+02 0.0000000000000E+00-1.1199201102479E+02
 1.1199201102479E+02 0.0000000000000E+00 1.1199201102479E+02-1.1199201102479E+02
 0.0000000000000E+00-2.2398402204958E+01-1.5678881543470E+02 0.0000000000000E+00
 2.2398402204958E+01 1.5678881543470E+02 0.0000000000000E+00-2.2398402204958E+01
 1.5678881543470E+02 0.0000000000000E+00 2.2398402204958E+01-1.5678881543470E+02
 0.0000000000000E+00-1.3439041322975E+02-8.3994008268591E+01 0.0000000000000E+00
 1.3439041322975E+02 8.3994008268591E+01 0.0000000000000E+00-1.3439041322975E+02
 8.3994008268591E+01 0.0000000000000E+00 1.3439041322975E+02-8.3994008268591E+01
 0.0000000000000E+00-8.3994008268591E+01-1.3439041322975E+02 0.0000000000000E+00
 8.3994008268591E+01 1.3439041322975E+02 0.0000000000000E+00-8.3994008268591E+01
 1.3439041322975E+02 0.0000000000000E+00 8.3994008268591E+01-1.3439041322975E+02
 0.0000000000000E+00-1.1759161157603E+02-1.0639241047355E+02 0.0000000000000E+00
 1.1759161157603E+02 1.0639241047355E+02 0.0000000000000E+00-1.1759161157603E+02
 1.0639241047355E+02 0.0000000000000E+00 1.1759161157603E+02-1.0639241047355E+02
 0.0000000000000E+00-1.0639241047355E+02-1.1759161157603E+02 0.0000000000000E+00
 1.0639241047355E+02 1.1759161157603E+02 0.0000000000000E+00-1.0639241047355E+02
 1.1759161157603E+02 0.0000000000000E+00 1.0639241047355E+02-1.1759161157603E+02
 0.0000000000000E+00-1.2319121212727E+02-1.0079280992231E+02 0.0000000000000E+00
 1.2319121212727E+02 1.0079280992231E+02 0.0000000000000E+00-1.2319121212727E+02
 1.0079280992231E+02 0.0000000000000E+00 1.2319121212727E+02-1.0079280992231E+02
 0.0000000000000E+00-1.0079280992231E+02-1.2319121212727E+02 0.0000000000000E+00
 1.0079280992231E+02 1.2319121212727E+02 0.0000000000000E+00-1.0079280992231E+02
 1.2319121212727E+02 0.0000000000000E+00 1.0079280992231E+02-1.2319121212727E+02
 0.0000000000000E+00-1.5678881543470E+02-2.7998002756197E+01 0.0000000000000E+00
 1.5678881543470E+02 2.7998002756197E+01 0.0000000000000E+00-1.5678881543470E+02
 2.7998002756197E+01 0.0000000000000E+00 1.5678881543470E+02-2.7998002756197E+01
 0.0000000000000E+00-2.7998002756197E+01-1.5678881543470E+02 0.0000000000000E+00
 2.7998002756197E+01 1.5678881543470E+02 0.0000000000000E+00-2.7998002756197E+01
 1.5678881543470E+02 0.0000000000000E+00 2.7998002756197E+01-1.5678881543470E+02
 0.0000000000000E+00-1.5118921488346E+02-5.0396404961154E+01 0.0000000000000E+00
 1.5118921488346E+02 5.0396404961154E+01 0.0000000000000E+00-1.5118921488346E+02
 5.0396404961154E+01 0.0000000000000E+00 1.5118921488346E+02-5.0396404961154E+01
 0.0000000000000E+00-5.0396404961154E+01-1.5118921488346E+02 0.0000000000000E+00
 5.0396404961154E+01 1.5118921488346E+02 0.0000000000000E+00-5.0396404961154E+01
 1.5118921488346E+02 0.0000000000000E+00 5.0396404961154E+01-1.5118921488346E+02
 0.0000000000000E+00-1.2879081267851E+02-9.5193209371070E+01 0.0000000000000E+00
 1.2879081267851E+02 9.5193209371070E+01 0.0000000000000E+00-1.2879081267851E+02
 9.5193209371070E+01 0.0000000000000E+00 1.2879081267851E+02-9.5193209371070E+01
 0.0000000000000E+00-9.5193209371070E+01-1.2879081267851E+02 0.0000000000000E+00
 9.5193209371070E+01 1.2879081267851E+02 0.0000000000000E+00-9.5193209371070E+01
 1.2879081267851E+02 0.0000000000000E+00 9.5193209371070E+01-1.2879081267851E+02
 0.0000000000000E+00-1.5678881543470E+02-3.3597603307436E+01 0.0000000000000E+00
 1.5678881543470E+02 3.3597603307436E+01 0.0000000000000E+00-1.5678881543470E+02
 3.3597603307436E+01 0.0000000000000E+00 1.5678881543470E+02-3.3597603307436E+01
 0.0000000000000E+00-1.4558961433222E+02-6.7195206614873E+01 0.0000000000000E+00
 1.4558961433222E+02 6.7195206614873E+01 0.0000000000000E+00-1.4558961433222E+02
 6.7195206614873E+01 0.0000000000000E+00 1.4558961433222E+02-6.7195206614873E+01
 0.0000000000000E+00-6.7195206614873E+01-1.4558961433222E+02 0.0000000000000E+00
 6.7195206614873E+01 1.4558961433222E+02 0.0000000000000E+00-6.7195206614873E+01
 1.4558961433222E+02 0.0000000000000E+00 6.7195206614873E+01-1.4558961433222E+02
 0.0000000000000E+00-3.3597603307436E+01-1.5678881543470E+02 0.0000000000000E+00
 3.3597603307436E+01 1.5678881543470E+02 0.0000000000000E+00-3.3597603307436E+01
 1.5678881543470E+02 0.0000000000000E+00 3.3597603307436E+01-1.5678881543470E+02
 0.0000000000000E+00-1.3999001378098E+02-7.8394407717351E+01 0.0000000000000E+00
 1.3999001378098E+02 7.8394407717351E+01 0.0000000000000E+00-1.3999001378098E+02
 7.8394407717351E+01 0.0000000000000E+00 1.3999001378098E+02-7.8394407717351E+01
 0.0000000000000E+00-7.8394407717351E+01-1.3999001378098E+02 0.0000000000000E+00
 7.8394407717351E+01 1.3999001378098E+02 0.0000000000000E+00-7.8394407717351E+01
 1.3999001378098E+02 0.0000000000000E+00 7.8394407717351E+01-1.3999001378098E+02
 0.0000000000000E+00-1.5118921488346E+02-5.5996005512394E+01 0.0000000000000E+00
 1.5118921488346E+02 5.5996005512394E+01 0.0000000000000E+00-1.5118921488346E+02
 5.5996005512394E+01 0.0000000000000E+00 1.5118921488346E+02-5.5996005512394E+01
 0.0000000000000E+00-5.5996005512394E+01-1.5118921488346E+02 0.0000000000000E+00
 5.5996005512394E+01 1.5118921488346E+02 0.0000000000000E+00-5.5996005512394E+01
 1.5118921488346E+02 0.0000000000000E+00 5.5996005512394E+01-1.5118921488346E+02
 0.0000000000000E+00-1.3439041322975E+02-8.9593608819830E+01 0.0000000000000E+00
 1.3439041322975E+02 8.9593608819830E+01 0.0000000000000E+00-1.3439041322975E+02
 8.9593608819830E+01 0.0000000000000E+00 1.3439041322975E+02-8.9593608819830E+01
 0.0000000000000E+00-8.9593608819830E+01-1.3439041322975E+02 0.0000000000000E+00
 8.9593608819830E+01 1.3439041322975E+02 0.0000000000000E+00-8.9593608819830E+01
 1.3439041322975E+02 0.0000000000000E+00 8.9593608819830E+01-1.3439041322975E+02
 0.0000000000000E+00-1.5678881543470E+02-3.9197203858676E+01 0.0000000000000E+00
 1.5678881543470E+02 3.9197203858676E+01 0.0000000000000E+00-1.5678881543470E+02
 3.9197203858676E+01 0.0000000000000E+00 1.5678881543470E+02-3.9197203858676E+01
 0.0000000000000E+00-3.9197203858676E+01-1.5678881543470E+02 0.0000000000000E+00
 3.9197203858676E+01 1.5678881543470E+02 0.0000000000000E+00-3.9197203858676E+01
 1.5678881543470E+02 0.0000000000000E+00 3.9197203858676E+01-1.5678881543470E+02
 0.0000000000000E+00-1.6238841598594E+02 0.0000000000000E+00 0.0000000000000E+00
 1.6238841598594E+02 0.0000000000000E+00 0.0000000000000E+00-1.1759161157603E+02
-1.1199201102479E+02 0.0000000000000E+00 1.1759161157603E+02 1.1199201102479E+02
 0.0000000000000E+00-1.1759161157603E+02 1.1199201102479E+02 0.0000000000000E+00
 1.1759161157603E+02-1.1199201102479E+02 0.0000000000000E+00-1.1199201102479E+02
-1.1759161157603E+02 0.0000000000000E+00 1.1199201102479E+02 1.1759161157603E+02
 0.0000000000000E+00-1.1199201102479E+02 1.1759161157603E+02 0.0000000000000E+00
 1.1199201102479E+02-1.1759161157603E+02 0.0000000000000E+00 0.0000000000000E+00
-1.6238841598594E+02 0.0000000000000E+00 0.0000000000000E+00 1.6238841598594E+02
 0.0000000000000E+00-1.6238841598594E+02-5.5996005512394E+00 0.0000000000000E+00
 1.6238841598594E+02 5.5996005512394E+00 0.0000000000000E+00-1.6238841598594E+02
 5.5996005512394E+00 0.0000000000000E+00 1.6238841598594E+02-5.5996005512394E+00
 0.0000000000000E+00-5.5996005512394E+00-1.6238841598594E+02 0.0000000000000E+00
 5.5996005512394E+00 1.6238841598594E+02 0.0000000000000E+00-5.5996005512394E+00
 1.6238841598594E+02 0.0000000000000E+00 5.5996005512394E+00-1.6238841598594E+02
 0.0000000000000E+00-1.6238841598594E+02-1.1199201102479E+01 0.0000000000000E+00
 1.6238841598594E+02 1.1199201102479E+01 0.0000000000000E+00-1.6238841598594E+02
 1.1199201102479E+01 0.0000000000000E+00 1.6238841598594E+02-1.1199201102479E+01
 0.0000000000000E+00-1.4558961433222E+02-7.2794807166112E+01 0.0000000000000E+00
 1.4558961433222E+02 7.2794807166112E+01 0.0000000000000E+00-1.4558961433222E+02
 7.2794807166112E+01 0.0000000000000E+00 1.4558961433222E+02-7.2794807166112E+01
 0.0000000000000E+00-1.2319121212727E+02-1.0639241047355E+02 0.0000000000000E+00
 1.2319121212727E+02 1.0639241047355E+02 0.0000000000000E+00-1.2319121212727E+02
 1.0639241047355E+02 0.0000000000000E+00 1.2319121212727E+02-1.0639241047355E+02
 0.0000000000000E+00-1.0639241047355E+02-1.2319121212727E+02 0.0000000000000E+00
 1.0639241047355E+02 1.2319121212727E+02 0.0000000000000E+00-1.0639241047355E+02
 1.2319121212727E+02 0.0000000000000E+00 1.0639241047355E+02-1.2319121212727E+02
 0.0000000000000E+00-7.2794807166112E+01-1.4558961433222E+02 0.0000000000000E+00
 7.2794807166112E+01 1.4558961433222E+02 0.0000000000000E+00-7.2794807166112E+01
 1.4558961433222E+02 0.0000000000000E+00 7.2794807166112E+01-1.4558961433222E+02
 0.0000000000000E+00-1.1199201102479E+01-1.6238841598594E+02 0.0000000000000E+00
 1.1199201102479E+01 1.6238841598594E+02 0.0000000000000E+00-1.1199201102479E+01
 1.6238841598594E+02 0.0000000000000E+00 1.1199201102479E+01-1.6238841598594E+02
 0.0000000000000E+00-1.5678881543470E+02-4.4796804409915E+01 0.0000000000000E+00
 1.5678881543470E+02 4.4796804409915E+01 0.0000000000000E+00-1.5678881543470E+02
 4.4796804409915E+01 0.0000000000000E+00 1.5678881543470E+02-4.4796804409915E+01
 0.0000000000000E+00-4.4796804409915E+01-1.5678881543470E+02 0.0000000000000E+00
 4.4796804409915E+01 1.5678881543470E+02 0.0000000000000E+00-4.4796804409915E+01
 1.5678881543470E+02 0.0000000000000E+00 4.4796804409915E+01-1.5678881543470E+02
 0.0000000000000E+00-1.6238841598594E+02-1.6798801653718E+01 0.0000000000000E+00
 1.6238841598594E+02 1.6798801653718E+01 0.0000000000000E+00-1.6238841598594E+02
 1.6798801653718E+01 0.0000000000000E+00 1.6238841598594E+02-1.6798801653718E+01
 0.0000000000000E+00-1.5118921488346E+02-6.1595606063633E+01 0.0000000000000E+00
 1.5118921488346E+02 6.1595606063633E+01 0.0000000000000E+00-1.5118921488346E+02
 6.1595606063633E+01 0.0000000000000E+00 1.5118921488346E+02-6.1595606063633E+01
 0.0000000000000E+00-1.3999001378098E+02-8.3994008268591E+01 0.0000000000000E+00
 1.3999001378098E+02 8.3994008268591E+01 0.0000000000000E+00-1.3999001378098E+02
 8.3994008268591E+01 0.0000000000000E+00 1.3999001378098E+02-8.3994008268591E+01
 0.0000000000000E+00-8.3994008268591E+01-1.3999001378098E+02 0.0000000000000E+00
 8.3994008268591E+01 1.3999001378098E+02 0.0000000000000E+00-8.3994008268591E+01
 1.3999001378098E+02 0.0000000000000E+00 8.3994008268591E+01-1.3999001378098E+02
 0.0000000000000E+00-6.1595606063633E+01-1.5118921488346E+02 0.0000000000000E+00
 6.1595606063633E+01 1.5118921488346E+02 0.0000000000000E+00-6.1595606063633E+01
 1.5118921488346E+02 0.0000000000000E+00 6.1595606063633E+01-1.5118921488346E+02
 0.0000000000000E+00-1.6798801653718E+01-1.6238841598594E+02 0.0000000000000E+00
 1.6798801653718E+01 1.6238841598594E+02 0.0000000000000E+00-1.6798801653718E+01
 1.6238841598594E+02 0.0000000000000E+00 1.6798801653718E+01-1.6238841598594E+02
 0.0000000000000E+00-1.2879081267851E+02-1.0079280992231E+02 0.0000000000000E+00
 1.2879081267851E+02 1.0079280992231E+02 0.0000000000000E+00-1.2879081267851E+02
 1.0079280992231E+02 0.0000000000000E+00 1.2879081267851E+02-1.0079280992231E+02
 0.0000000000000E+00-1.0079280992231E+02-1.2879081267851E+02 0.0000000000000E+00
 1.0079280992231E+02 1.2879081267851E+02 0.0000000000000E+00-1.0079280992231E+02
 1.2879081267851E+02 0.0000000000000E+00 1.0079280992231E+02-1.2879081267851E+02
 0.0000000000000E+00-1.6238841598594E+02-2.2398402204958E+01 0.0000000000000E+00
 1.6238841598594E+02 2.2398402204958E+01 0.0000000000000E+00-1.6238841598594E+02
 2.2398402204958E+01 0.0000000000000E+00 1.6238841598594E+02-2.2398402204958E+01
 0.0000000000000E+00-2.2398402204958E+01-1.6238841598594E+02 0.0000000000000E+00
 2.2398402204958E+01 1.6238841598594E+02 0.0000000000000E+00-2.2398402204958E+01
 1.6238841598594E+02 0.0000000000000E+00 2.2398402204958E+01-1.6238841598594E+02
 0.0000000000000E+00-1.5678881543470E+02-5.0396404961154E+01 0.0000000000000E+00
 1.5678881543470E+02 5.0396404961154E+01 0.0000000000000E+00-1.5678881543470E+02
 5.0396404961154E+01 0.0000000000000E+00 1.5678881543470E+02-5.0396404961154E+01
 0.0000000000000E+00-1.3439041322975E+02-9.5193209371070E+01 0.0000000000000E+00
 1.3439041322975E+02 9.5193209371070E+01 0.0000000000000E+00-1.3439041322975E+02
 9.5193209371070E+01 0.0000000000000E+00 1.3439041322975E+02-9.5193209371070E+01
 0.0000000000000E+00-9.5193209371070E+01-1.3439041322975E+02 0.0000000000000E+00
 9.5193209371070E+01 1.3439041322975E+02 0.0000000000000E+00-9.5193209371070E+01
 1.3439041322975E+02 0.0000000000000E+00 9.5193209371070E+01-1.3439041322975E+02
 0.0000000000000E+00-5.0396404961154E+01-1.5678881543470E+02 0.0000000000000E+00
 5.0396404961154E+01 1.5678881543470E+02 0.0000000000000E+00-5.0396404961154E+01
 1.5678881543470E+02 0.0000000000000E+00 5.0396404961154E+01-1.5678881543470E+02
 0.0000000000000E+00-1.6238841598594E+02-2.7998002756197E+01 0.0000000000000E+00
 1.6238841598594E+02 2.7998002756197E+01 0.0000000000000E+00-1.6238841598594E+02
 2.7998002756197E+01 0.0000000000000E+00 1.6238841598594E+02-2.7998002756197E+01
 0.0000000000000E+00-2.7998002756197E+01-1.6238841598594E+02 0.0000000000000E+00
 2.7998002756197E+01 1.6238841598594E+02 0.0000000000000E+00-2.7998002756197E+01
 1.6238841598594E+02 0.0000000000000E+00 2.7998002756197E+01-1.6238841598594E+02
 0.0000000000000E+00-1.4558961433222E+02-7.8394407717351E+01 0.0000000000000E+00
 1.4558961433222E+02 7.8394407717351E+01 0.0000000000000E+00-1.4558961433222E+02
 7.8394407717351E+01 0.0000000000000E+00 1.4558961433222E+02-7.8394407717351E+01
 0.0000000000000E+00-7.8394407717351E+01-1.4558961433222E+02 0.0000000000000E+00
 7.8394407717351E+01 1.4558961433222E+02 0.0000000000000E+00-7.8394407717351E+01
 1.4558961433222E+02 0.0000000000000E+00 7.8394407717351E+01-1.4558961433222E+02
 0.0000000000000E+00-1.5118921488346E+02-6.7195206614873E+01 0.0000000000000E+00
 1.5118921488346E+02 6.7195206614873E+01 0.0000000000000E+00-1.5118921488346E+02
 6.7195206614873E+01 0.0000000000000E+00 1.5118921488346E+02-6.7195206614873E+01
 0.0000000000000E+00-6.7195206614873E+01-1.5118921488346E+02 0.0000000000000E+00
 6.7195206614873E+01 1.5118921488346E+02 0.0000000000000E+00-6.7195206614873E+01
 1.5118921488346E+02 0.0000000000000E+00 6.7195206614873E+01-1.5118921488346E+02
 0.0000000000000E+00-1.6238841598594E+02-3.3597603307436E+01 0.0000000000000E+00
 1.6238841598594E+02 3.3597603307436E+01 0.0000000000000E+00-1.6238841598594E+02
 3.3597603307436E+01 0.0000000000000E+00 1.6238841598594E+02-3.3597603307436E+01
 0.0000000000000E+00-3.3597603307436E+01-1.6238841598594E+02 0.0000000000000E+00
 3.3597603307436E+01 1.6238841598594E+02 0.0000000000000E+00-3.3597603307436E+01
 1.6238841598594E+02 0.0000000000000E+00 3.3597603307436E+01-1.6238841598594E+02
 0.0000000000000E+00-1.3999001378098E+02-8.9593608819830E+01 0.0000000000000E+00
 1.3999001378098E+02 8.9593608819830E+01 0.0000000000000E+00-1.3999001378098E+02
 8.9593608819830E+01 0.0000000000000E+00 1.3999001378098E+02-8.9593608819830E+01
 0.0000000000000E+00-8.9593608819830E+01-1.3999001378098E+02 0.0000000000000E+00
 8.9593608819830E+01 1.3999001378098E+02 0.0000000000000E+00-8.9593608819830E+01
 1.3999001378098E+02 0.0000000000000E+00 8.9593608819830E+01-1.3999001378098E+02
 0.0000000000000E+00-1.1759161157603E+02-1.1759161157603E+02 0.0000000000000E+00
 1.1759161157603E+02 1.1759161157603E+02 0.0000000000000E+00-1.1759161157603E+02
 1.1759161157603E+02 0.0000000000000E+00 1.1759161157603E+02-1.1759161157603E+02
 0.0000000000000E+00-1.5678881543470E+02-5.5996005512394E+01 0.0000000000000E+00
 1.5678881543470E+02 5.5996005512394E+01 0.0000000000000E+00-1.5678881543470E+02
 5.5996005512394E+01 0.0000000000000E+00 1.5678881543470E+02-5.5996005512394E+01
 0.0000000000000E+00-1.2319121212727E+02-1.1199201102479E+02 0.0000000000000E+00
 1.2319121212727E+02 1.1199201102479E+02 0.0000000000000E+00-1.2319121212727E+02
 1.1199201102479E+02 0.0000000000000E+00 1.2319121212727E+02-1.1199201102479E+02
 0.0000000000000E+00-1.1199201102479E+02-1.2319121212727E+02 0.0000000000000E+00
 1.1199201102479E+02 1.2319121212727E+02 0.0000000000000E+00-1.1199201102479E+02
 1.2319121212727E+02 0.0000000000000E+00 1.1199201102479E+02-1.2319121212727E+02
 0.0000000000000E+00-5.5996005512394E+01-1.5678881543470E+02 0.0000000000000E+00
 5.5996005512394E+01 1.5678881543470E+02 0.0000000000000E+00-5.5996005512394E+01
 1.5678881543470E+02 0.0000000000000E+00 5.5996005512394E+01-1.5678881543470E+02
 0.0000000000000E+00-1.6238841598594E+02-3.9197203858676E+01 0.0000000000000E+00
 1.6238841598594E+02 3.9197203858676E+01 0.0000000000000E+00-1.6238841598594E+02
 3.9197203858676E+01 0.0000000000000E+00 1.6238841598594E+02-3.9197203858676E+01
 0.0000000000000E+00-1.2879081267851E+02-1.0639241047355E+02 0.0000000000000E+00
 1.2879081267851E+02 1.0639241047355E+02 0.0000000000000E+00-1.2879081267851E+02
 1.0639241047355E+02 0.0000000000000E+00 1.2879081267851E+02-1.0639241047355E+02
 0.0000000000000E+00-1.0639241047355E+02-1.2879081267851E+02 0.0000000000000E+00
 1.0639241047355E+02 1.2879081267851E+02 0.0000000000000E+00-1.0639241047355E+02
 1.2879081267851E+02 0.0000000000000E+00 1.0639241047355E+02-1.2879081267851E+02
 0.0000000000000E+00-3.9197203858676E+01-1.6238841598594E+02 0.0000000000000E+00
 3.9197203858676E+01 1.6238841598594E+02 0.0000000000000E+00-3.9197203858676E+01
 1.6238841598594E+02 0.0000000000000E+00 3.9197203858676E+01-1.6238841598594E+02
 0.0000000000000E+00-1.5118921488346E+02-7.2794807166112E+01 0.0000000000000E+00
 1.5118921488346E+02 7.2794807166112E+01 0.0000000000000E+00-1.5118921488346E+02
 7.2794807166112E+01 0.0000000000000E+00 1.5118921488346E+02-7.2794807166112E+01
 0.0000000000000E+00-7.2794807166112E+01-1.5118921488346E+02 0.0000000000000E+00
 7.2794807166112E+01 1.5118921488346E+02 0.0000000000000E+00-7.2794807166112E+01
 1.5118921488346E+02 0.0000000000000E+00 7.2794807166112E+01-1.5118921488346E+02
 0.0000000000000E+00-1.6798801653718E+02 0.0000000000000E+00 0.0000000000000E+00
 1.6798801653718E+02 0.0000000000000E+00 0.0000000000000E+00-1.3439041322975E+02
-1.0079280992231E+02 0.0000000000000E+00 1.3439041322975E+02 1.0079280992231E+02
 0.0000000000000E+00-1.3439041322975E+02 1.0079280992231E+02 0.0000000000000E+00
 1.3439041322975E+02-1.0079280992231E+02 0.0000000000000E+00-1.0079280992231E+02
-1.3439041322975E+02 0.0000000000000E+00 1.0079280992231E+02 1.3439041322975E+02
 0.0000000000000E+00-1.0079280992231E+02 1.3439041322975E+02 0.0000000000000E+00
 1.0079280992231E+02-1.3439041322975E+02 0.0000000000000E+00 0.0000000000000E+00
-1.6798801653718E+02 0.0000000000000E+00 0.0000000000000E+00 1.6798801653718E+02
 0.0000000000000E+00-1.6798801653718E+02-5.5996005512394E+00 0.0000000000000E+00
 1.6798801653718E+02 5.5996005512394E+00 0.0000000000000E+00-1.6798801653718E+02
 5.5996005512394E+00 0.0000000000000E+00 1.6798801653718E+02-5.5996005512394E+00
 0.0000000000000E+00-1.4558961433222E+02-8.3994008268591E+01 0.0000000000000E+00
 1.4558961433222E+02 8.3994008268591E+01 0.0000000000000E+00-1.4558961433222E+02
 8.3994008268591E+01 0.0000000000000E+00 1.4558961433222E+02-8.3994008268591E+01
 0.0000000000000E+00-8.3994008268591E+01-1.4558961433222E+02 0.0000000000000E+00
 8.3994008268591E+01 1.4558961433222E+02 0.0000000000000E+00-8.3994008268591E+01
 1.4558961433222E+02 0.0000000000000E+00 8.3994008268591E+01-1.4558961433222E+02
 0.0000000000000E+00-5.5996005512394E+00-1.6798801653718E+02 0.0000000000000E+00
 5.5996005512394E+00 1.6798801653718E+02 0.0000000000000E+00-5.5996005512394E+00
 1.6798801653718E+02 0.0000000000000E+00 5.5996005512394E+00-1.6798801653718E+02
 0.0000000000000E+00-1.6798801653718E+02-1.1199201102479E+01 0.0000000000000E+00
 1.6798801653718E+02 1.1199201102479E+01 0.0000000000000E+00-1.6798801653718E+02
 1.1199201102479E+01 0.0000000000000E+00 1.6798801653718E+02-1.1199201102479E+01
 0.0000000000000E+00-1.1199201102479E+01-1.6798801653718E+02 0.0000000000000E+00
 1.1199201102479E+01 1.6798801653718E+02 0.0000000000000E+00-1.1199201102479E+01
 1.6798801653718E+02 0.0000000000000E+00 1.1199201102479E+01-1.6798801653718E+02
 0.0000000000000E+00-1.6238841598594E+02-4.4796804409915E+01 0.0000000000000E+00
 1.6238841598594E+02 4.4796804409915E+01 0.0000000000000E+00-1.6238841598594E+02
 4.4796804409915E+01 0.0000000000000E+00 1.6238841598594E+02-4.4796804409915E+01
 0.0000000000000E+00-1.5678881543470E+02-6.1595606063633E+01 0.0000000000000E+00
 1.5678881543470E+02 6.1595606063633E+01 0.0000000000000E+00-1.5678881543470E+02
 6.1595606063633E+01 0.0000000000000E+00 1.5678881543470E+02-6.1595606063633E+01
 0.0000000000000E+00-6.1595606063633E+01-1.5678881543470E+02 0.0000000000000E+00
 6.1595606063633E+01 1.5678881543470E+02 0.0000000000000E+00-6.1595606063633E+01
 1.5678881543470E+02 0.0000000000000E+00 6.1595606063633E+01-1.5678881543470E+02
 0.0000000000000E+00-4.4796804409915E+01-1.6238841598594E+02 0.0000000000000E+00
 4.4796804409915E+01 1.6238841598594E+02 0.0000000000000E+00-4.4796804409915E+01
 1.6238841598594E+02 0.0000000000000E+00 4.4796804409915E+01-1.6238841598594E+02
 0.0000000000000E+00-1.6798801653718E+02-1.6798801653718E+01 0.0000000000000E+00
 1.6798801653718E+02 1.6798801653718E+01 0.0000000000000E+00-1.6798801653718E+02
 1.6798801653718E+01 0.0000000000000E+00 1.6798801653718E+02-1.6798801653718E+01
 0.0000000000000E+00-1.6798801653718E+01-1.6798801653718E+02 0.0000000000000E+00
 1.6798801653718E+01 1.6798801653718E+02 0.0000000000000E+00-1.6798801653718E+01
 1.6798801653718E+02 0.0000000000000E+00 1.6798801653718E+01-1.6798801653718E+02
 0.0000000000000E+00-1.3999001378098E+02-9.5193209371070E+01 0.0000000000000E+00
 1.3999001378098E+02 9.5193209371070E+01 0.0000000000000E+00-1.3999001378098E+02
 9.5193209371070E+01 0.0000000000000E+00 1.3999001378098E+02-9.5193209371070E+01
 0.0000000000000E+00-9.5193209371070E+01-1.3999001378098E+02 0.0000000000000E+00
 9.5193209371070E+01 1.3999001378098E+02 0.0000000000000E+00-9.5193209371070E+01
 1.3999001378098E+02 0.0000000000000E+00 9.5193209371070E+01-1.3999001378098E+02
 0.0000000000000E+00-1.6798801653718E+02-2.2398402204958E+01 0.0000000000000E+00
 1.6798801653718E+02 2.2398402204958E+01 0.0000000000000E+00-1.6798801653718E+02
 2.2398402204958E+01 0.0000000000000E+00 1.6798801653718E+02-2.2398402204958E+01
 0.0000000000000E+00-2.2398402204958E+01-1.6798801653718E+02 0.0000000000000E+00
 2.2398402204958E+01 1.6798801653718E+02 0.0000000000000E+00-2.2398402204958E+01
 1.6798801653718E+02 0.0000000000000E+00 2.2398402204958E+01-1.6798801653718E+02
 0.0000000000000E+00-1.6238841598594E+02-5.0396404961154E+01 0.0000000000000E+00
 1.6238841598594E+02 5.0396404961154E+01 0.0000000000000E+00-1.6238841598594E+02
 5.0396404961154E+01 0.0000000000000E+00 1.6238841598594E+02-5.0396404961154E+01
 0.0000000000000E+00-5.0396404961154E+01-1.6238841598594E+02 0.0000000000000E+00
 5.0396404961154E+01 1.6238841598594E+02 0.0000000000000E+00-5.0396404961154E+01
 1.6238841598594E+02 0.0000000000000E+00 5.0396404961154E+01-1.6238841598594E+02
 0.0000000000000E+00-1.6798801653718E+02-2.7998002756197E+01 0.0000000000000E+00
 1.6798801653718E+02 2.7998002756197E+01 0.0000000000000E+00-1.6798801653718E+02
 2.7998002756197E+01 0.0000000000000E+00 1.6798801653718E+02-2.7998002756197E+01
 0.0000000000000E+00-1.5118921488346E+02-7.8394407717351E+01 0.0000000000000E+00
 1.5118921488346E+02 7.8394407717351E+01 0.0000000000000E+00-1.5118921488346E+02
 7.8394407717351E+01 0.0000000000000E+00 1.5118921488346E+02-7.8394407717351E+01
 0.0000000000000E+00-1.2319121212727E+02-1.1759161157603E+02 0.0000000000000E+00
 1.2319121212727E+02 1.1759161157603E+02 0.0000000000000E+00-1.2319121212727E+02
 1.1759161157603E+02 0.0000000000000E+00 1.2319121212727E+02-1.1759161157603E+02
 0.0000000000000E+00-1.1759161157603E+02-1.2319121212727E+02 0.0000000000000E+00
 1.1759161157603E+02 1.2319121212727E+02 0.0000000000000E+00-1.1759161157603E+02
 1.2319121212727E+02 0.0000000000000E+00 1.1759161157603E+02-1.2319121212727E+02
 0.0000000000000E+00-7.8394407717351E+01-1.5118921488346E+02 0.0000000000000E+00
 7.8394407717351E+01 1.5118921488346E+02 0.0000000000000E+00-7.8394407717351E+01
 1.5118921488346E+02 0.0000000000000E+00 7.8394407717351E+01-1.5118921488346E+02
 0.0000000000000E+00-2.7998002756197E+01-1.6798801653718E+02 0.0000000000000E+00
 2.7998002756197E+01 1.6798801653718E+02 0.0000000000000E+00-2.7998002756197E+01
 1.6798801653718E+02 0.0000000000000E+00 2.7998002756197E+01-1.6798801653718E+02
 0.0000000000000E+00-1.5678881543470E+02-6.7195206614873E+01 0.0000000000000E+00
 1.5678881543470E+02 6.7195206614873E+01 0.0000000000000E+00-1.5678881543470E+02
 6.7195206614873E+01 0.0000000000000E+00 1.5678881543470E+02-6.7195206614873E+01
 0.0000000000000E+00-6.7195206614873E+01-1.5678881543470E+02 0.0000000000000E+00
 6.7195206614873E+01 1.5678881543470E+02 0.0000000000000E+00-6.7195206614873E+01
 1.5678881543470E+02 0.0000000000000E+00 6.7195206614873E+01-1.5678881543470E+02
 0.0000000000000E+00-1.2879081267851E+02-1.1199201102479E+02 0.0000000000000E+00
 1.2879081267851E+02 1.1199201102479E+02 0.0000000000000E+00-1.2879081267851E+02
 1.1199201102479E+02 0.0000000000000E+00 1.2879081267851E+02-1.1199201102479E+02
 0.0000000000000E+00-1.1199201102479E+02-1.2879081267851E+02 0.0000000000000E+00
 1.1199201102479E+02 1.2879081267851E+02 0.0000000000000E+00-1.1199201102479E+02
 1.2879081267851E+02 0.0000000000000E+00 1.1199201102479E+02-1.2879081267851E+02
 0.0000000000000E+00-1.4558961433222E+02-8.9593608819830E+01 0.0000000000000E+00
 1.4558961433222E+02 8.9593608819830E+01 0.0000000000000E+00-1.4558961433222E+02
 8.9593608819830E+01 0.0000000000000E+00 1.4558961433222E+02-8.9593608819830E+01
 0.0000000000000E+00-8.9593608819830E+01-1.4558961433222E+02 0.0000000000000E+00
 8.9593608819830E+01 1.4558961433222E+02 0.0000000000000E+00-8.9593608819830E+01
 1.4558961433222E+02 0.0000000000000E+00 8.9593608819830E+01-1.4558961433222E+02
 0.0000000000000E+00-1.6798801653718E+02-3.3597603307436E+01 0.0000000000000E+00
 1.6798801653718E+02 3.3597603307436E+01 0.0000000000000E+00-1.6798801653718E+02
 3.3597603307436E+01 0.0000000000000E+00 1.6798801653718E+02-3.3597603307436E+01
 0.0000000000000E+00-3.3597603307436E+01-1.6798801653718E+02 0.0000000000000E+00
 3.3597603307436E+01 1.6798801653718E+02 0.0000000000000E+00-3.3597603307436E+01
 1.6798801653718E+02 0.0000000000000E+00 3.3597603307436E+01-1.6798801653718E+02
 0.0000000000000E+00-1.3439041322975E+02-1.0639241047355E+02 0.0000000000000E+00
 1.3439041322975E+02 1.0639241047355E+02 0.0000000000000E+00-1.3439041322975E+02
 1.0639241047355E+02 0.0000000000000E+00 1.3439041322975E+02-1.0639241047355E+02
 0.0000000000000E+00-1.0639241047355E+02-1.3439041322975E+02 0.0000000000000E+00
 1.0639241047355E+02 1.3439041322975E+02 0.0000000000000E+00-1.0639241047355E+02
 1.3439041322975E+02 0.0000000000000E+00 1.0639241047355E+02-1.3439041322975E+02
 0.0000000000000E+00-1.6238841598594E+02-5.5996005512394E+01 0.0000000000000E+00
 1.6238841598594E+02 5.5996005512394E+01 0.0000000000000E+00-1.6238841598594E+02
 5.5996005512394E+01 0.0000000000000E+00 1.6238841598594E+02-5.5996005512394E+01
 0.0000000000000E+00-5.5996005512394E+01-1.6238841598594E+02 0.0000000000000E+00
 5.5996005512394E+01 1.6238841598594E+02 0.0000000000000E+00-5.5996005512394E+01
 1.6238841598594E+02 0.0000000000000E+00 5.5996005512394E+01-1.6238841598594E+02
 0.0000000000000E+00-1.6798801653718E+02-3.9197203858676E+01 0.0000000000000E+00
 1.6798801653718E+02 3.9197203858676E+01 0.0000000000000E+00-1.6798801653718E+02
 3.9197203858676E+01 0.0000000000000E+00 1.6798801653718E+02-3.9197203858676E+01
 0.0000000000000E+00-1.3999001378098E+02-1.0079280992231E+02 0.0000000000000E+00
 1.3999001378098E+02 1.0079280992231E+02 0.0000000000000E+00-1.3999001378098E+02
 1.0079280992231E+02 0.0000000000000E+00 1.3999001378098E+02-1.0079280992231E+02
 0.0000000000000E+00-1.0079280992231E+02-1.3999001378098E+02 0.0000000000000E+00
 1.0079280992231E+02 1.3999001378098E+02 0.0000000000000E+00-1.0079280992231E+02
 1.3999001378098E+02 0.0000000000000E+00 1.0079280992231E+02-1.3999001378098E+02
 0.0000000000000E+00-3.9197203858676E+01-1.6798801653718E+02 0.0000000000000E+00
 3.9197203858676E+01 1.6798801653718E+02 0.0000000000000E+00-3.9197203858676E+01
 1.6798801653718E+02 0.0000000000000E+00 3.9197203858676E+01-1.6798801653718E+02
 0.0000000000000E+00-1.5678881543470E+02-7.2794807166112E+01 0.0000000000000E+00
 1.5678881543470E+02 7.2794807166112E+01 0.0000000000000E+00-1.5678881543470E+02
 7.2794807166112E+01 0.0000000000000E+00 1.5678881543470E+02-7.2794807166112E+01
 0.0000000000000E+00-7.2794807166112E+01-1.5678881543470E+02 0.0000000000000E+00
 7.2794807166112E+01 1.5678881543470E+02 0.0000000000000E+00-7.2794807166112E+01
 1.5678881543470E+02 0.0000000000000E+00 7.2794807166112E+01-1.5678881543470E+02
 0.0000000000000E+00-1.5118921488346E+02-8.3994008268591E+01 0.0000000000000E+00
 1.5118921488346E+02 8.3994008268591E+01 0.0000000000000E+00-1.5118921488346E+02
 8.3994008268591E+01 0.0000000000000E+00 1.5118921488346E+02-8.3994008268591E+01
 0.0000000000000E+00-8.3994008268591E+01-1.5118921488346E+02 0.0000000000000E+00
 8.3994008268591E+01 1.5118921488346E+02 0.0000000000000E+00-8.3994008268591E+01
 1.5118921488346E+02 0.0000000000000E+00 8.3994008268591E+01-1.5118921488346E+02
 0.0000000000000E+00-1.7358761708842E+02 0.0000000000000E+00 0.0000000000000E+00
 1.7358761708842E+02 0.0000000000000E+00 0.0000000000000E+00 0.0000000000000E+00
-1.7358761708842E+02 0.0000000000000E+00 0.0000000000000E+00 1.7358761708842E+02
 0.0000000000000E+00-1.7358761708842E+02-5.5996005512394E+00 0.0000000000000E+00
 1.7358761708842E+02 5.5996005512394E+00 0.0000000000000E+00-1.7358761708842E+02
 5.5996005512394E+00 0.0000000000000E+00 1.7358761708842E+02-5.5996005512394E+00
 0.0000000000000E+00-1.6238841598594E+02-6.1595606063633E+01 0.0000000000000E+00
 1.6238841598594E+02 6.1595606063633E+01 0.0000000000000E+00-1.6238841598594E+02
 6.1595606063633E+01 0.0000000000000E+00 1.6238841598594E+02-6.1595606063633E+01
 0.0000000000000E+00-6.1595606063633E+01-1.6238841598594E+02 0.0000000000000E+00
 6.1595606063633E+01 1.6238841598594E+02 0.0000000000000E+00-6.1595606063633E+01
 1.6238841598594E+02 0.0000000000000E+00 6.1595606063633E+01-1.6238841598594E+02
 0.0000000000000E+00-5.5996005512394E+00-1.7358761708842E+02 0.0000000000000E+00
 5.5996005512394E+00 1.7358761708842E+02 0.0000000000000E+00-5.5996005512394E+00
 1.7358761708842E+02 0.0000000000000E+00 5.5996005512394E+00-1.7358761708842E+02
 0.0000000000000E+00-1.6798801653718E+02-4.4796804409915E+01 0.0000000000000E+00
 1.6798801653718E+02 4.4796804409915E+01 0.0000000000000E+00-1.6798801653718E+02
 4.4796804409915E+01 0.0000000000000E+00 1.6798801653718E+02-4.4796804409915E+01
 0.0000000000000E+00-4.4796804409915E+01-1.6798801653718E+02 0.0000000000000E+00
 4.4796804409915E+01 1.6798801653718E+02 0.0000000000000E+00-4.4796804409915E+01
 1.6798801653718E+02 0.0000000000000E+00 4.4796804409915E+01-1.6798801653718E+02
 0.0000000000000E+00-1.7358761708842E+02-1.1199201102479E+01 0.0000000000000E+00
 1.7358761708842E+02 1.1199201102479E+01 0.0000000000000E+00-1.7358761708842E+02
 1.1199201102479E+01 0.0000000000000E+00 1.7358761708842E+02-1.1199201102479E+01
 0.0000000000000E+00-1.4558961433222E+02-9.5193209371070E+01 0.0000000000000E+00
 1.4558961433222E+02 9.5193209371070E+01 0.0000000000000E+00-1.4558961433222E+02
 9.5193209371070E+01 0.0000000000000E+00 1.4558961433222E+02-9.5193209371070E+01
 0.0000000000000E+00-9.5193209371070E+01-1.4558961433222E+02 0.0000000000000E+00
 9.5193209371070E+01 1.4558961433222E+02 0.0000000000000E+00-9.5193209371070E+01
 1.4558961433222E+02 0.0000000000000E+00 9.5193209371070E+01-1.4558961433222E+02
 0.0000000000000E+00-1.1199201102479E+01-1.7358761708842E+02 0.0000000000000E+00
 1.1199201102479E+01 1.7358761708842E+02 0.0000000000000E+00-1.1199201102479E+01
 1.7358761708842E+02 0.0000000000000E+00 1.1199201102479E+01-1.7358761708842E+02
 0.0000000000000E+00-1.2319121212727E+02-1.2319121212727E+02 0.0000000000000E+00
 1.2319121212727E+02 1.2319121212727E+02 0.0000000000000E+00-1.2319121212727E+02
 1.2319121212727E+02 0.0000000000000E+00 1.2319121212727E+02-1.2319121212727E+02
 0.0000000000000E+00-1.7358761708842E+02-1.6798801653718E+01 0.0000000000000E+00
 1.7358761708842E+02 1.6798801653718E+01 0.0000000000000E+00-1.7358761708842E+02
 1.6798801653718E+01 0.0000000000000E+00 1.7358761708842E+02-1.6798801653718E+01
 0.0000000000000E+00-1.2879081267851E+02-1.1759161157603E+02 0.0000000000000E+00
 1.2879081267851E+02 1.1759161157603E+02 0.0000000000000E+00-1.2879081267851E+02
 1.1759161157603E+02 0.0000000000000E+00 1.2879081267851E+02-1.1759161157603E+02
 0.0000000000000E+00-1.1759161157603E+02-1.2879081267851E+02 0.0000000000000E+00
 1.1759161157603E+02 1.2879081267851E+02 0.0000000000000E+00-1.1759161157603E+02
 1.2879081267851E+02 0.0000000000000E+00 1.1759161157603E+02-1.2879081267851E+02
 0.0000000000000E+00-1.6798801653718E+01-1.7358761708842E+02 0.0000000000000E+00
 1.6798801653718E+01 1.7358761708842E+02 0.0000000000000E+00-1.6798801653718E+01
 1.7358761708842E+02 0.0000000000000E+00 1.6798801653718E+01-1.7358761708842E+02
 0.0000000000000E+00-1.3439041322975E+02-1.1199201102479E+02 0.0000000000000E+00
 1.3439041322975E+02 1.1199201102479E+02 0.0000000000000E+00-1.3439041322975E+02
 1.1199201102479E+02 0.0000000000000E+00 1.3439041322975E+02-1.1199201102479E+02
 0.0000000000000E+00-1.1199201102479E+02-1.3439041322975E+02 0.0000000000000E+00
 1.1199201102479E+02 1.3439041322975E+02 0.0000000000000E+00-1.1199201102479E+02
 1.3439041322975E+02 0.0000000000000E+00 1.1199201102479E+02-1.3439041322975E+02
 0.0000000000000E+00-1.7358761708842E+02-2.2398402204958E+01 0.0000000000000E+00
 1.7358761708842E+02 2.2398402204958E+01 0.0000000000000E+00-1.7358761708842E+02
 2.2398402204958E+01 0.0000000000000E+00 1.7358761708842E+02-2.2398402204958E+01
 0.0000000000000E+00-2.2398402204958E+01-1.7358761708842E+02 0.0000000000000E+00
 2.2398402204958E+01 1.7358761708842E+02 0.0000000000000E+00-2.2398402204958E+01
 1.7358761708842E+02 0.0000000000000E+00 2.2398402204958E+01-1.7358761708842E+02
 0.0000000000000E+00-1.5678881543470E+02-7.8394407717351E+01 0.0000000000000E+00
 1.5678881543470E+02 7.8394407717351E+01 0.0000000000000E+00-1.5678881543470E+02
 7.8394407717351E+01 0.0000000000000E+00 1.5678881543470E+02-7.8394407717351E+01
 0.0000000000000E+00-7.8394407717351E+01-1.5678881543470E+02 0.0000000000000E+00
 7.8394407717351E+01 1.5678881543470E+02 0.0000000000000E+00-7.8394407717351E+01
 1.5678881543470E+02 0.0000000000000E+00 7.8394407717351E+01-1.5678881543470E+02
 0.0000000000000E+00-1.6798801653718E+02-5.0396404961154E+01 0.0000000000000E+00
 1.6798801653718E+02 5.0396404961154E+01 0.0000000000000E+00-1.6798801653718E+02
 5.0396404961154E+01 0.0000000000000E+00 1.6798801653718E+02-5.0396404961154E+01
 0.0000000000000E+00-5.0396404961154E+01-1.6798801653718E+02 0.0000000000000E+00
 5.0396404961154E+01 1.6798801653718E+02 0.0000000000000E+00-5.0396404961154E+01
 1.6798801653718E+02 0.0000000000000E+00 5.0396404961154E+01-1.6798801653718E+02
 0.0000000000000E+00-1.6238841598594E+02-6.7195206614873E+01 0.0000000000000E+00
 1.6238841598594E+02 6.7195206614873E+01 0.0000000000000E+00-1.6238841598594E+02
 6.7195206614873E+01 0.0000000000000E+00 1.6238841598594E+02-6.7195206614873E+01
 0.0000000000000E+00-1.5118921488346E+02-8.9593608819830E+01 0.0000000000000E+00
 1.5118921488346E+02 8.9593608819830E+01 0.0000000000000E+00-1.5118921488346E+02
 8.9593608819830E+01 0.0000000000000E+00 1.5118921488346E+02-8.9593608819830E+01
 0.0000000000000E+00-8.9593608819830E+01-1.5118921488346E+02 0.0000000000000E+00
 8.9593608819830E+01 1.5118921488346E+02 0.0000000000000E+00-8.9593608819830E+01
 1.5118921488346E+02 0.0000000000000E+00 8.9593608819830E+01-1.5118921488346E+02
 0.0000000000000E+00-6.7195206614873E+01-1.6238841598594E+02 0.0000000000000E+00
 6.7195206614873E+01 1.6238841598594E+02 0.0000000000000E+00-6.7195206614873E+01
 1.6238841598594E+02 0.0000000000000E+00 6.7195206614873E+01-1.6238841598594E+02
 0.0000000000000E+00-1.7358761708842E+02-2.7998002756197E+01 0.0000000000000E+00
 1.7358761708842E+02 2.7998002756197E+01 0.0000000000000E+00-1.7358761708842E+02
 2.7998002756197E+01 0.0000000000000E+00 1.7358761708842E+02-2.7998002756197E+01
 0.0000000000000E+00-1.3999001378098E+02-1.0639241047355E+02 0.0000000000000E+00
 1.3999001378098E+02 1.0639241047355E+02 0.0000000000000E+00-1.3999001378098E+02
 1.0639241047355E+02 0.0000000000000E+00 1.3999001378098E+02-1.0639241047355E+02
 0.0000000000000E+00-1.0639241047355E+02-1.3999001378098E+02 0.0000000000000E+00
 1.0639241047355E+02 1.3999001378098E+02 0.0000000000000E+00-1.0639241047355E+02
 1.3999001378098E+02 0.0000000000000E+00 1.0639241047355E+02-1.3999001378098E+02
 0.0000000000000E+00-2.7998002756197E+01-1.7358761708842E+02 0.0000000000000E+00
 2.7998002756197E+01 1.7358761708842E+02 0.0000000000000E+00-2.7998002756197E+01
 1.7358761708842E+02 0.0000000000000E+00 2.7998002756197E+01-1.7358761708842E+02
 0.0000000000000E+00-1.7358761708842E+02-3.3597603307436E+01 0.0000000000000E+00
 1.7358761708842E+02 3.3597603307436E+01 0.0000000000000E+00-1.7358761708842E+02
 3.3597603307436E+01 0.0000000000000E+00 1.7358761708842E+02-3.3597603307436E+01
 0.0000000000000E+00-3.3597603307436E+01-1.7358761708842E+02 0.0000000000000E+00
 3.3597603307436E+01 1.7358761708842E+02 0.0000000000000E+00-3.3597603307436E+01
 1.7358761708842E+02 0.0000000000000E+00 3.3597603307436E+01-1.7358761708842E+02
 0.0000000000000E+00-1.6798801653718E+02-5.5996005512394E+01 0.0000000000000E+00
 1.6798801653718E+02 5.5996005512394E+01 0.0000000000000E+00-1.6798801653718E+02
 5.5996005512394E+01 0.0000000000000E+00 1.6798801653718E+02-5.5996005512394E+01
 0.0000000000000E+00-1.4558961433222E+02-1.0079280992231E+02 0.0000000000000E+00
 1.4558961433222E+02 1.0079280992231E+02 0.0000000000000E+00-1.4558961433222E+02
 1.0079280992231E+02 0.0000000000000E+00 1.4558961433222E+02-1.0079280992231E+02
 0.0000000000000E+00-1.0079280992231E+02-1.4558961433222E+02 0.0000000000000E+00
 1.0079280992231E+02 1.4558961433222E+02 0.0000000000000E+00-1.0079280992231E+02
 1.4558961433222E+02 0.0000000000000E+00 1.0079280992231E+02-1.4558961433222E+02
 0.0000000000000E+00-5.5996005512394E+01-1.6798801653718E+02 0.0000000000000E+00
 5.5996005512394E+01 1.6798801653718E+02 0.0000000000000E+00-5.5996005512394E+01
 1.6798801653718E+02 0.0000000000000E+00 5.5996005512394E+01-1.6798801653718E+02
 0.0000000000000E+00-1.5678881543470E+02-8.3994008268591E+01 0.0000000000000E+00
 1.5678881543470E+02 8.3994008268591E+01 0.0000000000000E+00-1.5678881543470E+02
 8.3994008268591E+01 0.0000000000000E+00 1.5678881543470E+02-8.3994008268591E+01
 0.0000000000000E+00-8.3994008268591E+01-1.5678881543470E+02 0.0000000000000E+00
 8.3994008268591E+01 1.5678881543470E+02 0.0000000000000E+00-8.3994008268591E+01
 1.5678881543470E+02 0.0000000000000E+00 8.3994008268591E+01-1.5678881543470E+02
 0.0000000000000E+00-1.7358761708842E+02-3.9197203858676E+01 0.0000000000000E+00
 1.7358761708842E+02 3.9197203858676E+01 0.0000000000000E+00-1.7358761708842E+02
 3.9197203858676E+01 0.0000000000000E+00 1.7358761708842E+02-3.9197203858676E+01
 0.0000000000000E+00-1.6238841598594E+02-7.2794807166112E+01 0.0000000000000E+00
 1.6238841598594E+02 7.2794807166112E+01 0.0000000000000E+00-1.6238841598594E+02
 7.2794807166112E+01 0.0000000000000E+00 1.6238841598594E+02-7.2794807166112E+01
 0.0000000000000E+00-7.2794807166112E+01-1.6238841598594E+02 0.0000000000000E+00
 7.2794807166112E+01 1.6238841598594E+02 0.0000000000000E+00-7.2794807166112E+01
 1.6238841598594E+02 0.0000000000000E+00 7.2794807166112E+01-1.6238841598594E+02
 0.0000000000000E+00-3.9197203858676E+01-1.7358761708842E+02 0.0000000000000E+00
 3.9197203858676E+01 1.7358761708842E+02 0.0000000000000E+00-3.9197203858676E+01
 1.7358761708842E+02 0.0000000000000E+00 3.9197203858676E+01-1.7358761708842E+02
 0.0000000000000E+00-1.2879081267851E+02-1.2319121212727E+02 0.0000000000000E+00
 1.2879081267851E+02 1.2319121212727E+02 0.0000000000000E+00-1.2879081267851E+02
 1.2319121212727E+02 0.0000000000000E+00 1.2879081267851E+02-1.2319121212727E+02
 0.0000000000000E+00-1.2319121212727E+02-1.2879081267851E+02 0.0000000000000E+00
 1.2319121212727E+02 1.2879081267851E+02 0.0000000000000E+00-1.2319121212727E+02
 1.2879081267851E+02 0.0000000000000E+00 1.2319121212727E+02-1.2879081267851E+02
 0.0000000000000E+00-1.3439041322975E+02-1.1759161157603E+02 0.0000000000000E+00
 1.3439041322975E+02 1.1759161157603E+02 0.0000000000000E+00-1.3439041322975E+02
 1.1759161157603E+02 0.0000000000000E+00 1.3439041322975E+02-1.1759161157603E+02
 0.0000000000000E+00-1.1759161157603E+02-1.3439041322975E+02 0.0000000000000E+00
 1.1759161157603E+02 1.3439041322975E+02 0.0000000000000E+00-1.1759161157603E+02
 1.3439041322975E+02 0.0000000000000E+00 1.1759161157603E+02-1.3439041322975E+02
 0.0000000000000E+00-1.5118921488346E+02-9.5193209371070E+01 0.0000000000000E+00
 1.5118921488346E+02 9.5193209371070E+01 0.0000000000000E+00-1.5118921488346E+02
 9.5193209371070E+01 0.0000000000000E+00 1.5118921488346E+02-9.5193209371070E+01
 0.0000000000000E+00-9.5193209371070E+01-1.5118921488346E+02 0.0000000000000E+00
 9.5193209371070E+01 1.5118921488346E+02 0.0000000000000E+00-9.5193209371070E+01
 1.5118921488346E+02 0.0000000000000E+00 9.5193209371070E+01-1.5118921488346E+02
 0.0000000000000E+00-1.6798801653718E+02-6.1595606063633E+01 0.0000000000000E+00
 1.6798801653718E+02 6.1595606063633E+01 0.0000000000000E+00-1.6798801653718E+02
 6.1595606063633E+01 0.0000000000000E+00 1.6798801653718E+02-6.1595606063633E+01
 0.0000000000000E+00-6.1595606063633E+01-1.6798801653718E+02 0.0000000000000E+00
 6.1595606063633E+01 1.6798801653718E+02 0.0000000000000E+00-6.1595606063633E+01
 1.6798801653718E+02 0.0000000000000E+00 6.1595606063633E+01-1.6798801653718E+02
 0.0000000000000E+00-1.7918721763966E+02 0.0000000000000E+00 0.0000000000000E+00
 1.7918721763966E+02 0.0000000000000E+00 0.0000000000000E+00 0.0000000000000E+00
-1.7918721763966E+02 0.0000000000000E+00 0.0000000000000E+00 1.7918721763966E+02
 0.0000000000000E+00-1.7918721763966E+02-5.5996005512394E+00 0.0000000000000E+00
 1.7918721763966E+02 5.5996005512394E+00 0.0000000000000E+00-1.7918721763966E+02
 5.5996005512394E+00 0.0000000000000E+00 1.7918721763966E+02-5.5996005512394E+00
 0.0000000000000E+00-1.7358761708842E+02-4.4796804409915E+01 0.0000000000000E+00
 1.7358761708842E+02 4.4796804409915E+01 0.0000000000000E+00-1.7358761708842E+02
 4.4796804409915E+01 0.0000000000000E+00 1.7358761708842E+02-4.4796804409915E+01
 0.0000000000000E+00-1.3999001378098E+02-1.1199201102479E+02 0.0000000000000E+00
 1.3999001378098E+02 1.1199201102479E+02 0.0000000000000E+00-1.3999001378098E+02
 1.1199201102479E+02 0.0000000000000E+00 1.3999001378098E+02-1.1199201102479E+02
 0.0000000000000E+00-1.1199201102479E+02-1.3999001378098E+02 0.0000000000000E+00
 1.1199201102479E+02 1.3999001378098E+02 0.0000000000000E+00-1.1199201102479E+02
 1.3999001378098E+02 0.0000000000000E+00 1.1199201102479E+02-1.3999001378098E+02
 0.0000000000000E+00-4.4796804409915E+01-1.7358761708842E+02 0.0000000000000E+00
 4.4796804409915E+01 1.7358761708842E+02 0.0000000000000E+00-4.4796804409915E+01
 1.7358761708842E+02 0.0000000000000E+00 4.4796804409915E+01-1.7358761708842E+02
 0.0000000000000E+00-5.5996005512394E+00-1.7918721763966E+02 0.0000000000000E+00
 5.5996005512394E+00 1.7918721763966E+02 0.0000000000000E+00-5.5996005512394E+00
 1.7918721763966E+02 0.0000000000000E+00 5.5996005512394E+00-1.7918721763966E+02
 0.0000000000000E+00-1.7918721763966E+02-1.1199201102479E+01 0.0000000000000E+00
 1.7918721763966E+02 1.1199201102479E+01 0.0000000000000E+00-1.7918721763966E+02
 1.1199201102479E+01 0.0000000000000E+00 1.7918721763966E+02-1.1199201102479E+01
 0.0000000000000E+00-1.1199201102479E+01-1.7918721763966E+02 0.0000000000000E+00
 1.1199201102479E+01 1.7918721763966E+02 0.0000000000000E+00-1.1199201102479E+01
 1.7918721763966E+02 0.0000000000000E+00 1.1199201102479E+01-1.7918721763966E+02
 0.0000000000000E+00-1.7918721763966E+02-1.6798801653718E+01 0.0000000000000E+00
 1.7918721763966E+02 1.6798801653718E+01 0.0000000000000E+00-1.7918721763966E+02
 1.6798801653718E+01 0.0000000000000E+00 1.7918721763966E+02-1.6798801653718E+01
 0.0000000000000E+00-1.6798801653718E+01-1.7918721763966E+02 0.0000000000000E+00
 1.6798801653718E+01 1.7918721763966E+02 0.0000000000000E+00-1.6798801653718E+01
 1.7918721763966E+02 0.0000000000000E+00 1.6798801653718E+01-1.7918721763966E+02
 0.0000000000000E+00-1.6238841598594E+02-7.8394407717351E+01 0.0000000000000E+00
 1.6238841598594E+02 7.8394407717351E+01 0.0000000000000E+00-1.6238841598594E+02
 7.8394407717351E+01 0.0000000000000E+00 1.6238841598594E+02-7.8394407717351E+01
 0.0000000000000E+00-1.4558961433222E+02-1.0639241047355E+02 0.0000000000000E+00
 1.4558961433222E+02 1.0639241047355E+02 0.0000000000000E+00-1.4558961433222E+02
 1.0639241047355E+02 0.0000000000000E+00 1.4558961433222E+02-1.0639241047355E+02
 0.0000000000000E+00-1.0639241047355E+02-1.4558961433222E+02 0.0000000000000E+00
 1.0639241047355E+02 1.4558961433222E+02 0.0000000000000E+00-1.0639241047355E+02
 1.4558961433222E+02 0.0000000000000E+00 1.0639241047355E+02-1.4558961433222E+02
 0.0000000000000E+00-7.8394407717351E+01-1.6238841598594E+02 0.0000000000000E+00
 7.8394407717351E+01 1.6238841598594E+02 0.0000000000000E+00-7.8394407717351E+01
 1.6238841598594E+02 0.0000000000000E+00 7.8394407717351E+01-1.6238841598594E+02
 0.0000000000000E+00-1.7918721763966E+02-2.2398402204958E+01 0.0000000000000E+00
 1.7918721763966E+02 2.2398402204958E+01 0.0000000000000E+00-1.7918721763966E+02
 2.2398402204958E+01 0.0000000000000E+00 1.7918721763966E+02-2.2398402204958E+01
 0.0000000000000E+00-1.5678881543470E+02-8.9593608819830E+01 0.0000000000000E+00
 1.5678881543470E+02 8.9593608819830E+01 0.0000000000000E+00-1.5678881543470E+02
 8.9593608819830E+01 0.0000000000000E+00 1.5678881543470E+02-8.9593608819830E+01
 0.0000000000000E+00-8.9593608819830E+01-1.5678881543470E+02 0.0000000000000E+00
 8.9593608819830E+01 1.5678881543470E+02 0.0000000000000E+00-8.9593608819830E+01
 1.5678881543470E+02 0.0000000000000E+00 8.9593608819830E+01-1.5678881543470E+02
 0.0000000000000E+00-2.2398402204958E+01-1.7918721763966E+02 0.0000000000000E+00
 2.2398402204958E+01 1.7918721763966E+02 0.0000000000000E+00-2.2398402204958E+01
 1.7918721763966E+02 0.0000000000000E+00 2.2398402204958E+01-1.7918721763966E+02
 0.0000000000000E+00-1.7358761708842E+02-5.0396404961154E+01 0.0000000000000E+00
 1.7358761708842E+02 5.0396404961154E+01 0.0000000000000E+00-1.7358761708842E+02
 5.0396404961154E+01 0.0000000000000E+00 1.7358761708842E+02-5.0396404961154E+01
 0.0000000000000E+00-5.0396404961154E+01-1.7358761708842E+02 0.0000000000000E+00
 5.0396404961154E+01 1.7358761708842E+02 0.0000000000000E+00-5.0396404961154E+01
 1.7358761708842E+02 0.0000000000000E+00 5.0396404961154E+01-1.7358761708842E+02
 0.0000000000000E+00-1.6798801653718E+02-6.7195206614873E+01 0.0000000000000E+00
 1.6798801653718E+02 6.7195206614873E+01 0.0000000000000E+00-1.6798801653718E+02
 6.7195206614873E+01 0.0000000000000E+00 1.6798801653718E+02-6.7195206614873E+01
 0.0000000000000E+00-6.7195206614873E+01-1.6798801653718E+02 0.0000000000000E+00
 6.7195206614873E+01 1.6798801653718E+02 0.0000000000000E+00-6.7195206614873E+01
 1.6798801653718E+02 0.0000000000000E+00 6.7195206614873E+01-1.6798801653718E+02
 0.0000000000000E+00-1.7918721763966E+02-2.7998002756197E+01 0.0000000000000E+00
 1.7918721763966E+02 2.7998002756197E+01 0.0000000000000E+00-1.7918721763966E+02
 2.7998002756197E+01 0.0000000000000E+00 1.7918721763966E+02-2.7998002756197E+01
 0.0000000000000E+00-2.7998002756197E+01-1.7918721763966E+02 0.0000000000000E+00
 2.7998002756197E+01 1.7918721763966E+02 0.0000000000000E+00-2.7998002756197E+01
 1.7918721763966E+02 0.0000000000000E+00 2.7998002756197E+01-1.7918721763966E+02
 0.0000000000000E+00-1.5118921488346E+02-1.0079280992231E+02 0.0000000000000E+00
 1.5118921488346E+02 1.0079280992231E+02 0.0000000000000E+00-1.5118921488346E+02
 1.0079280992231E+02 0.0000000000000E+00 1.5118921488346E+02-1.0079280992231E+02
 0.0000000000000E+00-1.0079280992231E+02-1.5118921488346E+02 0.0000000000000E+00
 1.0079280992231E+02 1.5118921488346E+02 0.0000000000000E+00-1.0079280992231E+02
 1.5118921488346E+02 0.0000000000000E+00 1.0079280992231E+02-1.5118921488346E+02
 0.0000000000000E+00-1.2879081267851E+02-1.2879081267851E+02 0.0000000000000E+00
 1.2879081267851E+02 1.2879081267851E+02 0.0000000000000E+00-1.2879081267851E+02
 1.2879081267851E+02 0.0000000000000E+00 1.2879081267851E+02-1.2879081267851E+02
 0.0000000000000E+00-1.7918721763966E+02-3.3597603307436E+01 0.0000000000000E+00
 1.7918721763966E+02 3.3597603307436E+01 0.0000000000000E+00-1.7918721763966E+02
 3.3597603307436E+01 0.0000000000000E+00 1.7918721763966E+02-3.3597603307436E+01
 0.0000000000000E+00-1.3439041322975E+02-1.2319121212727E+02 0.0000000000000E+00
 1.3439041322975E+02 1.2319121212727E+02 0.0000000000000E+00-1.3439041322975E+02
 1.2319121212727E+02 0.0000000000000E+00 1.3439041322975E+02-1.2319121212727E+02
 0.0000000000000E+00-1.2319121212727E+02-1.3439041322975E+02 0.0000000000000E+00
 1.2319121212727E+02 1.3439041322975E+02 0.0000000000000E+00-1.2319121212727E+02
 1.3439041322975E+02 0.0000000000000E+00 1.2319121212727E+02-1.3439041322975E+02
 0.0000000000000E+00-3.3597603307436E+01-1.7918721763966E+02 0.0000000000000E+00
 3.3597603307436E+01 1.7918721763966E+02 0.0000000000000E+00-3.3597603307436E+01
 1.7918721763966E+02 0.0000000000000E+00 3.3597603307436E+01-1.7918721763966E+02
 0.0000000000000E+00-1.7358761708842E+02-5.5996005512394E+01 0.0000000000000E+00
 1.7358761708842E+02 5.5996005512394E+01 0.0000000000000E+00-1.7358761708842E+02
 5.5996005512394E+01 0.0000000000000E+00 1.7358761708842E+02-5.5996005512394E+01
 0.0000000000000E+00-5.5996005512394E+01-1.7358761708842E+02 0.0000000000000E+00
 5.5996005512394E+01 1.7358761708842E+02 0.0000000000000E+00-5.5996005512394E+01
 1.7358761708842E+02 0.0000000000000E+00 5.5996005512394E+01-1.7358761708842E+02
 0.0000000000000E+00-1.6238841598594E+02-8.3994008268591E+01 0.0000000000000E+00
 1.6238841598594E+02 8.3994008268591E+01 0.0000000000000E+00-1.6238841598594E+02
 8.3994008268591E+01 0.0000000000000E+00 1.6238841598594E+02-8.3994008268591E+01
 0.0000000000000E+00-1.3999001378098E+02-1.1759161157603E+02 0.0000000000000E+00
 1.3999001378098E+02 1.1759161157603E+02 0.0000000000000E+00-1.3999001378098E+02
 1.1759161157603E+02 0.0000000000000E+00 1.3999001378098E+02-1.1759161157603E+02
 0.0000000000000E+00-1.1759161157603E+02-1.3999001378098E+02 0.0000000000000E+00
 1.1759161157603E+02 1.3999001378098E+02 0.0000000000000E+00-1.1759161157603E+02
 1.3999001378098E+02 0.0000000000000E+00 1.1759161157603E+02-1.3999001378098E+02
 0.0000000000000E+00-8.3994008268591E+01-1.6238841598594E+02 0.0000000000000E+00
 8.3994008268591E+01 1.6238841598594E+02 0.0000000000000E+00-8.3994008268591E+01
 1.6238841598594E+02 0.0000000000000E+00 8.3994008268591E+01-1.6238841598594E+02
 0.0000000000000E+00-1.6798801653718E+02-7.2794807166112E+01 0.0000000000000E+00
 1.6798801653718E+02 7.2794807166112E+01 0.0000000000000E+00-1.6798801653718E+02
 7.2794807166112E+01 0.0000000000000E+00 1.6798801653718E+02-7.2794807166112E+01
 0.0000000000000E+00-7.2794807166112E+01-1.6798801653718E+02 0.0000000000000E+00
 7.2794807166112E+01 1.6798801653718E+02 0.0000000000000E+00-7.2794807166112E+01
 1.6798801653718E+02 0.0000000000000E+00 7.2794807166112E+01-1.6798801653718E+02
 0.0000000000000E+00-1.7918721763966E+02-3.9197203858676E+01 0.0000000000000E+00
 1.7918721763966E+02 3.9197203858676E+01 0.0000000000000E+00-1.7918721763966E+02
 3.9197203858676E+01 0.0000000000000E+00 1.7918721763966E+02-3.9197203858676E+01
 0.0000000000000E+00-1.5678881543470E+02-9.5193209371070E+01 0.0000000000000E+00
 1.5678881543470E+02 9.5193209371070E+01 0.0000000000000E+00-1.5678881543470E+02
 9.5193209371070E+01 0.0000000000000E+00 1.5678881543470E+02-9.5193209371070E+01
 0.0000000000000E+00-9.5193209371070E+01-1.5678881543470E+02 0.0000000000000E+00
 9.5193209371070E+01 1.5678881543470E+02 0.0000000000000E+00-9.5193209371070E+01
 1.5678881543470E+02 0.0000000000000E+00 9.5193209371070E+01-1.5678881543470E+02
 0.0000000000000E+00-3.9197203858676E+01-1.7918721763966E+02 0.0000000000000E+00
 3.9197203858676E+01 1.7918721763966E+02 0.0000000000000E+00-3.9197203858676E+01
 1.7918721763966E+02 0.0000000000000E+00 3.9197203858676E+01-1.7918721763966E+02
 0.0000000000000E+00-1.4558961433222E+02-1.1199201102479E+02 0.0000000000000E+00
 1.4558961433222E+02 1.1199201102479E+02 0.0000000000000E+00-1.4558961433222E+02
 1.1199201102479E+02 0.0000000000000E+00 1.4558961433222E+02-1.1199201102479E+02
 0.0000000000000E+00-1.1199201102479E+02-1.4558961433222E+02 0.0000000000000E+00
 1.1199201102479E+02 1.4558961433222E+02 0.0000000000000E+00-1.1199201102479E+02
 1.4558961433222E+02 0.0000000000000E+00 1.1199201102479E+02-1.4558961433222E+02
 0.0000000000000E+00-1.7358761708842E+02-6.1595606063633E+01 0.0000000000000E+00
 1.7358761708842E+02 6.1595606063633E+01 0.0000000000000E+00-1.7358761708842E+02
 6.1595606063633E+01 0.0000000000000E+00 1.7358761708842E+02-6.1595606063633E+01
 0.0000000000000E+00-6.1595606063633E+01-1.7358761708842E+02 0.0000000000000E+00
 6.1595606063633E+01 1.7358761708842E+02 0.0000000000000E+00-6.1595606063633E+01
 1.7358761708842E+02 0.0000000000000E+00 6.1595606063633E+01-1.7358761708842E+02
 0.0000000000000E+00-1.7918721763966E+02-4.4796804409915E+01 0.0000000000000E+00
 1.7918721763966E+02 4.4796804409915E+01 0.0000000000000E+00-1.7918721763966E+02
 4.4796804409915E+01 0.0000000000000E+00 1.7918721763966E+02-4.4796804409915E+01
 0.0000000000000E+00-4.4796804409915E+01-1.7918721763966E+02 0.0000000000000E+00
 4.4796804409915E+01 1.7918721763966E+02 0.0000000000000E+00-4.4796804409915E+01
 1.7918721763966E+02 0.0000000000000E+00 4.4796804409915E+01-1.7918721763966E+02
 0.0000000000000E+00-1.8478681819090E+02 0.0000000000000E+00 0.0000000000000E+00
 1.8478681819090E+02 0.0000000000000E+00 0.0000000000000E+00 0.0000000000000E+00
-1.8478681819090E+02 0.0000000000000E+00 0.0000000000000E+00 1.8478681819090E+02
 0.0000000000000E+00-1.8478681819090E+02-5.5996005512394E+00 0.0000000000000E+00
 1.8478681819090E+02 5.5996005512394E+00 0.0000000000000E+00-1.8478681819090E+02
 5.5996005512394E+00 0.0000000000000E+00 1.8478681819090E+02-5.5996005512394E+00
 0.0000000000000E+00-1.5118921488346E+02-1.0639241047355E+02 0.0000000000000E+00
 1.5118921488346E+02 1.0639241047355E+02 0.0000000000000E+00-1.5118921488346E+02
 1.0639241047355E+02 0.0000000000000E+00 1.5118921488346E+02-1.0639241047355E+02
 0.0000000000000E+00-1.0639241047355E+02-1.5118921488346E+02 0.0000000000000E+00
 1.0639241047355E+02 1.5118921488346E+02 0.0000000000000E+00-1.0639241047355E+02
 1.5118921488346E+02 0.0000000000000E+00 1.0639241047355E+02-1.5118921488346E+02
 0.0000000000000E+00-5.5996005512394E+00-1.8478681819090E+02 0.0000000000000E+00
 5.5996005512394E+00 1.8478681819090E+02 0.0000000000000E+00-5.5996005512394E+00
 1.8478681819090E+02 0.0000000000000E+00 5.5996005512394E+00-1.8478681819090E+02
 0.0000000000000E+00-1.8478681819090E+02-1.1199201102479E+01 0.0000000000000E+00
 1.8478681819090E+02 1.1199201102479E+01 0.0000000000000E+00-1.8478681819090E+02
 1.1199201102479E+01 0.0000000000000E+00 1.8478681819090E+02-1.1199201102479E+01
 0.0000000000000E+00-1.1199201102479E+01-1.8478681819090E+02 0.0000000000000E+00
 1.1199201102479E+01 1.8478681819090E+02 0.0000000000000E+00-1.1199201102479E+01
 1.8478681819090E+02 0.0000000000000E+00 1.1199201102479E+01-1.8478681819090E+02
 0.0000000000000E+00-1.6798801653718E+02-7.8394407717351E+01 0.0000000000000E+00
 1.6798801653718E+02 7.8394407717351E+01 0.0000000000000E+00-1.6798801653718E+02
 7.8394407717351E+01 0.0000000000000E+00 1.6798801653718E+02-7.8394407717351E+01
 0.0000000000000E+00-7.8394407717351E+01-1.6798801653718E+02 0.0000000000000E+00
 7.8394407717351E+01 1.6798801653718E+02 0.0000000000000E+00-7.8394407717351E+01
 1.6798801653718E+02 0.0000000000000E+00 7.8394407717351E+01-1.6798801653718E+02
 0.0000000000000E+00-1.6238841598594E+02-8.9593608819830E+01 0.0000000000000E+00
 1.6238841598594E+02 8.9593608819830E+01 0.0000000000000E+00-1.6238841598594E+02
 8.9593608819830E+01 0.0000000000000E+00 1.6238841598594E+02-8.9593608819830E+01
 0.0000000000000E+00-8.9593608819830E+01-1.6238841598594E+02 0.0000000000000E+00
 8.9593608819830E+01 1.6238841598594E+02 0.0000000000000E+00-8.9593608819830E+01
 1.6238841598594E+02 0.0000000000000E+00 8.9593608819830E+01-1.6238841598594E+02
 0.0000000000000E+00-1.8478681819090E+02-1.6798801653718E+01 0.0000000000000E+00
 1.8478681819090E+02 1.6798801653718E+01 0.0000000000000E+00-1.8478681819090E+02
 1.6798801653718E+01 0.0000000000000E+00 1.8478681819090E+02-1.6798801653718E+01
 0.0000000000000E+00-1.6798801653718E+01-1.8478681819090E+02 0.0000000000000E+00
 1.6798801653718E+01 1.8478681819090E+02 0.0000000000000E+00-1.6798801653718E+01
 1.8478681819090E+02 0.0000000000000E+00 1.6798801653718E+01-1.8478681819090E+02
 0.0000000000000E+00-1.8478681819090E+02-2.2398402204958E+01 0.0000000000000E+00
 1.8478681819090E+02 2.2398402204958E+01 0.0000000000000E+00-1.8478681819090E+02
 2.2398402204958E+01 0.0000000000000E+00 1.8478681819090E+02-2.2398402204958E+01
 0.0000000000000E+00-1.7918721763966E+02-5.0396404961154E+01 0.0000000000000E+00
 1.7918721763966E+02 5.0396404961154E+01 0.0000000000000E+00-1.7918721763966E+02
 5.0396404961154E+01 0.0000000000000E+00 1.7918721763966E+02-5.0396404961154E+01
 0.0000000000000E+00-1.7358761708842E+02-6.7195206614873E+01 0.0000000000000E+00
 1.7358761708842E+02 6.7195206614873E+01 0.0000000000000E+00-1.7358761708842E+02
 6.7195206614873E+01 0.0000000000000E+00 1.7358761708842E+02-6.7195206614873E+01
 0.0000000000000E+00-1.3439041322975E+02-1.2879081267851E+02 0.0000000000000E+00
 1.3439041322975E+02 1.2879081267851E+02 0.0000000000000E+00-1.3439041322975E+02
 1.2879081267851E+02 0.0000000000000E+00 1.3439041322975E+02-1.2879081267851E+02
 0.0000000000000E+00-1.2879081267851E+02-1.3439041322975E+02 0.0000000000000E+00
 1.2879081267851E+02 1.3439041322975E+02 0.0000000000000E+00-1.2879081267851E+02
 1.3439041322975E+02 0.0000000000000E+00 1.2879081267851E+02-1.3439041322975E+02
 0.0000000000000E+00-6.7195206614873E+01-1.7358761708842E+02 0.0000000000000E+00
 6.7195206614873E+01 1.7358761708842E+02 0.0000000000000E+00-6.7195206614873E+01
 1.7358761708842E+02 0.0000000000000E+00 6.7195206614873E+01-1.7358761708842E+02
 0.0000000000000E+00-5.0396404961154E+01-1.7918721763966E+02 0.0000000000000E+00
 5.0396404961154E+01 1.7918721763966E+02 0.0000000000000E+00-5.0396404961154E+01
 1.7918721763966E+02 0.0000000000000E+00 5.0396404961154E+01-1.7918721763966E+02
 0.0000000000000E+00-2.2398402204958E+01-1.8478681819090E+02 0.0000000000000E+00
 2.2398402204958E+01 1.8478681819090E+02 0.0000000000000E+00-2.2398402204958E+01
 1.8478681819090E+02 0.0000000000000E+00 2.2398402204958E+01-1.8478681819090E+02
 0.0000000000000E+00-1.5678881543470E+02-1.0079280992231E+02 0.0000000000000E+00
 1.5678881543470E+02 1.0079280992231E+02 0.0000000000000E+00-1.5678881543470E+02
 1.0079280992231E+02 0.0000000000000E+00 1.5678881543470E+02-1.0079280992231E+02
 0.0000000000000E+00-1.0079280992231E+02-1.5678881543470E+02 0.0000000000000E+00
 1.0079280992231E+02 1.5678881543470E+02 0.0000000000000E+00-1.0079280992231E+02
 1.5678881543470E+02 0.0000000000000E+00 1.0079280992231E+02-1.5678881543470E+02
 0.0000000000000E+00-1.3999001378098E+02-1.2319121212727E+02 0.0000000000000E+00
 1.3999001378098E+02 1.2319121212727E+02 0.0000000000000E+00-1.3999001378098E+02
 1.2319121212727E+02 0.0000000000000E+00 1.3999001378098E+02-1.2319121212727E+02
 0.0000000000000E+00-1.2319121212727E+02-1.3999001378098E+02 0.0000000000000E+00
 1.2319121212727E+02 1.3999001378098E+02 0.0000000000000E+00-1.2319121212727E+02
 1.3999001378098E+02 0.0000000000000E+00 1.2319121212727E+02-1.3999001378098E+02
 0.0000000000000E+00-1.8478681819090E+02-2.7998002756197E+01 0.0000000000000E+00
 1.8478681819090E+02 2.7998002756197E+01 0.0000000000000E+00-1.8478681819090E+02
 2.7998002756197E+01 0.0000000000000E+00 1.8478681819090E+02-2.7998002756197E+01
 0.0000000000000E+00-2.7998002756197E+01-1.8478681819090E+02 0.0000000000000E+00
 2.7998002756197E+01 1.8478681819090E+02 0.0000000000000E+00-2.7998002756197E+01
 1.8478681819090E+02 0.0000000000000E+00 2.7998002756197E+01-1.8478681819090E+02
 0.0000000000000E+00-1.4558961433222E+02-1.1759161157603E+02 0.0000000000000E+00
 1.4558961433222E+02 1.1759161157603E+02 0.0000000000000E+00-1.4558961433222E+02
 1.1759161157603E+02 0.0000000000000E+00 1.4558961433222E+02-1.1759161157603E+02
 0.0000000000000E+00-1.1759161157603E+02-1.4558961433222E+02 0.0000000000000E+00
 1.1759161157603E+02 1.4558961433222E+02 0.0000000000000E+00-1.1759161157603E+02
 1.4558961433222E+02 0.0000000000000E+00 1.1759161157603E+02-1.4558961433222E+02
 0.0000000000000E+00-1.7918721763966E+02-5.5996005512394E+01 0.0000000000000E+00
 1.7918721763966E+02 5.5996005512394E+01 0.0000000000000E+00-1.7918721763966E+02
 5.5996005512394E+01 0.0000000000000E+00 1.7918721763966E+02-5.5996005512394E+01
 0.0000000000000E+00-5.5996005512394E+01-1.7918721763966E+02 0.0000000000000E+00
 5.5996005512394E+01 1.7918721763966E+02 0.0000000000000E+00-5.5996005512394E+01
 1.7918721763966E+02 0.0000000000000E+00 5.5996005512394E+01-1.7918721763966E+02
 0.0000000000000E+00-1.8478681819090E+02-3.3597603307436E+01 0.0000000000000E+00
 1.8478681819090E+02 3.3597603307436E+01 0.0000000000000E+00-1.8478681819090E+02
 3.3597603307436E+01 0.0000000000000E+00 1.8478681819090E+02-3.3597603307436E+01
 0.0000000000000E+00-1.6798801653718E+02-8.3994008268591E+01 0.0000000000000E+00
 1.6798801653718E+02 8.3994008268591E+01 0.0000000000000E+00-1.6798801653718E+02
 8.3994008268591E+01 0.0000000000000E+00 1.6798801653718E+02-8.3994008268591E+01
 0.0000000000000E+00-8.3994008268591E+01-1.6798801653718E+02 0.0000000000000E+00
 8.3994008268591E+01 1.6798801653718E+02 0.0000000000000E+00-8.3994008268591E+01
 1.6798801653718E+02 0.0000000000000E+00 8.3994008268591E+01-1.6798801653718E+02
 0.0000000000000E+00-3.3597603307436E+01-1.8478681819090E+02 0.0000000000000E+00
 3.3597603307436E+01 1.8478681819090E+02 0.0000000000000E+00-3.3597603307436E+01
 1.8478681819090E+02 0.0000000000000E+00 3.3597603307436E+01-1.8478681819090E+02
 0.0000000000000E+00-1.5118921488346E+02-1.1199201102479E+02 0.0000000000000E+00
 1.5118921488346E+02 1.1199201102479E+02 0.0000000000000E+00-1.5118921488346E+02
 1.1199201102479E+02 0.0000000000000E+00 1.5118921488346E+02-1.1199201102479E+02
 0.0000000000000E+00-1.1199201102479E+02-1.5118921488346E+02 0.0000000000000E+00
 1.1199201102479E+02 1.5118921488346E+02 0.0000000000000E+00-1.1199201102479E+02
 1.5118921488346E+02 0.0000000000000E+00 1.1199201102479E+02-1.5118921488346E+02
 0.0000000000000E+00-1.7358761708842E+02-7.2794807166112E+01 0.0000000000000E+00
 1.7358761708842E+02 7.2794807166112E+01 0.0000000000000E+00-1.7358761708842E+02
 7.2794807166112E+01 0.0000000000000E+00 1.7358761708842E+02-7.2794807166112E+01
 0.0000000000000E+00-1.6238841598594E+02-9.5193209371070E+01 0.0000000000000E+00
 1.6238841598594E+02 9.5193209371070E+01 0.0000000000000E+00-1.6238841598594E+02
 9.5193209371070E+01 0.0000000000000E+00 1.6238841598594E+02-9.5193209371070E+01
 0.0000000000000E+00-9.5193209371070E+01-1.6238841598594E+02 0.0000000000000E+00
 9.5193209371070E+01 1.6238841598594E+02 0.0000000000000E+00-9.5193209371070E+01
 1.6238841598594E+02 0.0000000000000E+00 9.5193209371070E+01-1.6238841598594E+02
 0.0000000000000E+00-7.2794807166112E+01-1.7358761708842E+02 0.0000000000000E+00
 7.2794807166112E+01 1.7358761708842E+02 0.0000000000000E+00-7.2794807166112E+01
 1.7358761708842E+02 0.0000000000000E+00 7.2794807166112E+01-1.7358761708842E+02
 0.0000000000000E+00-1.8478681819090E+02-3.9197203858676E+01 0.0000000000000E+00
 1.8478681819090E+02 3.9197203858676E+01 0.0000000000000E+00-1.8478681819090E+02
 3.9197203858676E+01 0.0000000000000E+00 1.8478681819090E+02-3.9197203858676E+01
 0.0000000000000E+00-3.9197203858676E+01-1.8478681819090E+02 0.0000000000000E+00
 3.9197203858676E+01 1.8478681819090E+02 0.0000000000000E+00-3.9197203858676E+01
 1.8478681819090E+02 0.0000000000000E+00 3.9197203858676E+01-1.8478681819090E+02
 0.0000000000000E+00-1.7918721763966E+02-6.1595606063633E+01 0.0000000000000E+00
 1.7918721763966E+02 6.1595606063633E+01 0.0000000000000E+00-1.7918721763966E+02
 6.1595606063633E+01 0.0000000000000E+00 1.7918721763966E+02-6.1595606063633E+01
 0.0000000000000E+00-1.5678881543470E+02-1.0639241047355E+02 0.0000000000000E+00
 1.5678881543470E+02 1.0639241047355E+02 0.0000000000000E+00-1.5678881543470E+02
 1.0639241047355E+02 0.0000000000000E+00 1.5678881543470E+02-1.0639241047355E+02
 0.0000000000000E+00-1.0639241047355E+02-1.5678881543470E+02 0.0000000000000E+00
 1.0639241047355E+02 1.5678881543470E+02 0.0000000000000E+00-1.0639241047355E+02
 1.5678881543470E+02 0.0000000000000E+00 1.0639241047355E+02-1.5678881543470E+02
 0.0000000000000E+00-6.1595606063633E+01-1.7918721763966E+02 0.0000000000000E+00
 6.1595606063633E+01 1.7918721763966E+02 0.0000000000000E+00-6.1595606063633E+01
 1.7918721763966E+02 0.0000000000000E+00 6.1595606063633E+01-1.7918721763966E+02
 0.0000000000000E+00-1.3439041322975E+02-1.3439041322975E+02 0.0000000000000E+00
 1.3439041322975E+02 1.3439041322975E+02 0.0000000000000E+00-1.3439041322975E+02
 1.3439041322975E+02 0.0000000000000E+00 1.3439041322975E+02-1.3439041322975E+02
 0.0000000000000E+00-1.8478681819090E+02-4.4796804409915E+01 0.0000000000000E+00
 1.8478681819090E+02 4.4796804409915E+01 0.0000000000000E+00-1.8478681819090E+02
 4.4796804409915E+01 0.0000000000000E+00 1.8478681819090E+02-4.4796804409915E+01
 0.0000000000000E+00-4.4796804409915E+01-1.8478681819090E+02 0.0000000000000E+00
 4.4796804409915E+01 1.8478681819090E+02 0.0000000000000E+00-4.4796804409915E+01
 1.8478681819090E+02 0.0000000000000E+00 4.4796804409915E+01-1.8478681819090E+02
 0.0000000000000E+00-1.3999001378098E+02-1.2879081267851E+02 0.0000000000000E+00
 1.3999001378098E+02 1.2879081267851E+02 0.0000000000000E+00-1.3999001378098E+02
 1.2879081267851E+02 0.0000000000000E+00 1.3999001378098E+02-1.2879081267851E+02
 0.0000000000000E+00-1.2879081267851E+02-1.3999001378098E+02 0.0000000000000E+00
 1.2879081267851E+02 1.3999001378098E+02 0.0000000000000E+00-1.2879081267851E+02
 1.3999001378098E+02 0.0000000000000E+00 1.2879081267851E+02-1.3999001378098E+02
 0.0000000000000E+00-1.9038641874214E+02 0.0000000000000E+00 0.0000000000000E+00
 1.9038641874214E+02 0.0000000000000E+00 0.0000000000000E+00-1.6798801653718E+02
-8.9593608819830E+01 0.0000000000000E+00 1.6798801653718E+02 8.9593608819830E+01
 0.0000000000000E+00-1.6798801653718E+02 8.9593608819830E+01 0.0000000000000E+00
 1.6798801653718E+02-8.9593608819830E+01 0.0000000000000E+00-8.9593608819830E+01
-1.6798801653718E+02 0.0000000000000E+00 8.9593608819830E+01 1.6798801653718E+02
 0.0000000000000E+00-8.9593608819830E+01 1.6798801653718E+02 0.0000000000000E+00
 8.9593608819830E+01-1.6798801653718E+02 0.0000000000000E+00 0.0000000000000E+00
-1.9038641874214E+02 0.0000000000000E+00 0.0000000000000E+00 1.9038641874214E+02
 0.0000000000000E+00-1.9038641874214E+02-5.5996005512394E+00 0.0000000000000E+00
 1.9038641874214E+02 5.5996005512394E+00 0.0000000000000E+00-1.9038641874214E+02
 5.5996005512394E+00 0.0000000000000E+00 1.9038641874214E+02-5.5996005512394E+00
 0.0000000000000E+00-1.7358761708842E+02-7.8394407717351E+01 0.0000000000000E+00
 1.7358761708842E+02 7.8394407717351E+01 0.0000000000000E+00-1.7358761708842E+02
 7.8394407717351E+01 0.0000000000000E+00 1.7358761708842E+02-7.8394407717351E+01
 0.0000000000000E+00-7.8394407717351E+01-1.7358761708842E+02 0.0000000000000E+00
 7.8394407717351E+01 1.7358761708842E+02 0.0000000000000E+00-7.8394407717351E+01
 1.7358761708842E+02 0.0000000000000E+00 7.8394407717351E+01-1.7358761708842E+02
 0.0000000000000E+00-5.5996005512394E+00-1.9038641874214E+02 0.0000000000000E+00
 5.5996005512394E+00 1.9038641874214E+02 0.0000000000000E+00-5.5996005512394E+00
 1.9038641874214E+02 0.0000000000000E+00 5.5996005512394E+00-1.9038641874214E+02
 0.0000000000000E+00-1.9038641874214E+02-1.1199201102479E+01 0.0000000000000E+00
 1.9038641874214E+02 1.1199201102479E+01 0.0000000000000E+00-1.9038641874214E+02
 1.1199201102479E+01 0.0000000000000E+00 1.9038641874214E+02-1.1199201102479E+01
 0.0000000000000E+00-1.4558961433222E+02-1.2319121212727E+02 0.0000000000000E+00
 1.4558961433222E+02 1.2319121212727E+02 0.0000000000000E+00-1.4558961433222E+02
 1.2319121212727E+02 0.0000000000000E+00 1.4558961433222E+02-1.2319121212727E+02
 0.0000000000000E+00-1.2319121212727E+02-1.4558961433222E+02 0.0000000000000E+00
 1.2319121212727E+02 1.4558961433222E+02 0.0000000000000E+00-1.2319121212727E+02
 1.4558961433222E+02 0.0000000000000E+00 1.2319121212727E+02-1.4558961433222E+02
 0.0000000000000E+00-1.1199201102479E+01-1.9038641874214E+02 0.0000000000000E+00
 1.1199201102479E+01 1.9038641874214E+02 0.0000000000000E+00-1.1199201102479E+01
 1.9038641874214E+02 0.0000000000000E+00 1.1199201102479E+01-1.9038641874214E+02
 0.0000000000000E+00-1.9038641874214E+02-1.6798801653718E+01 0.0000000000000E+00
 1.9038641874214E+02 1.6798801653718E+01 0.0000000000000E+00-1.9038641874214E+02
 1.6798801653718E+01 0.0000000000000E+00 1.9038641874214E+02-1.6798801653718E+01
 0.0000000000000E+00-1.6238841598594E+02-1.0079280992231E+02 0.0000000000000E+00
 1.6238841598594E+02 1.0079280992231E+02 0.0000000000000E+00-1.6238841598594E+02
 1.0079280992231E+02 0.0000000000000E+00 1.6238841598594E+02-1.0079280992231E+02
 0.0000000000000E+00-1.0079280992231E+02-1.6238841598594E+02 0.0000000000000E+00
 1.0079280992231E+02 1.6238841598594E+02 0.0000000000000E+00-1.0079280992231E+02
 1.6238841598594E+02 0.0000000000000E+00 1.0079280992231E+02-1.6238841598594E+02
 0.0000000000000E+00-1.6798801653718E+01-1.9038641874214E+02 0.0000000000000E+00
 1.6798801653718E+01 1.9038641874214E+02 0.0000000000000E+00-1.6798801653718E+01
 1.9038641874214E+02 0.0000000000000E+00 1.6798801653718E+01-1.9038641874214E+02
 0.0000000000000E+00-1.7918721763966E+02-6.7195206614873E+01 0.0000000000000E+00
 1.7918721763966E+02 6.7195206614873E+01 0.0000000000000E+00-1.7918721763966E+02
 6.7195206614873E+01 0.0000000000000E+00 1.7918721763966E+02-6.7195206614873E+01
 0.0000000000000E+00-6.7195206614873E+01-1.7918721763966E+02 0.0000000000000E+00
 6.7195206614873E+01 1.7918721763966E+02 0.0000000000000E+00-6.7195206614873E+01
 1.7918721763966E+02 0.0000000000000E+00 6.7195206614873E+01-1.7918721763966E+02
 0.0000000000000E+00-1.8478681819090E+02-5.0396404961154E+01 0.0000000000000E+00
 1.8478681819090E+02 5.0396404961154E+01 0.0000000000000E+00-1.8478681819090E+02
 5.0396404961154E+01 0.0000000000000E+00 1.8478681819090E+02-5.0396404961154E+01
 0.0000000000000E+00-1.5118921488346E+02-1.1759161157603E+02 0.0000000000000E+00
 1.5118921488346E+02 1.1759161157603E+02 0.0000000000000E+00-1.5118921488346E+02
 1.1759161157603E+02 0.0000000000000E+00 1.5118921488346E+02-1.1759161157603E+02
 0.0000000000000E+00-1.1759161157603E+02-1.5118921488346E+02 0.0000000000000E+00
 1.1759161157603E+02 1.5118921488346E+02 0.0000000000000E+00-1.1759161157603E+02
 1.5118921488346E+02 0.0000000000000E+00 1.1759161157603E+02-1.5118921488346E+02
 0.0000000000000E+00-5.0396404961154E+01-1.8478681819090E+02 0.0000000000000E+00
 5.0396404961154E+01 1.8478681819090E+02 0.0000000000000E+00-5.0396404961154E+01
 1.8478681819090E+02 0.0000000000000E+00 5.0396404961154E+01-1.8478681819090E+02
 0.0000000000000E+00-1.9038641874214E+02-2.2398402204958E+01 0.0000000000000E+00
 1.9038641874214E+02 2.2398402204958E+01 0.0000000000000E+00-1.9038641874214E+02
 2.2398402204958E+01 0.0000000000000E+00 1.9038641874214E+02-2.2398402204958E+01
 0.0000000000000E+00-2.2398402204958E+01-1.9038641874214E+02 0.0000000000000E+00
 2.2398402204958E+01 1.9038641874214E+02 0.0000000000000E+00-2.2398402204958E+01
 1.9038641874214E+02 0.0000000000000E+00 2.2398402204958E+01-1.9038641874214E+02
 0.0000000000000E+00-1.9038641874214E+02-2.7998002756197E+01 0.0000000000000E+00
 1.9038641874214E+02 2.7998002756197E+01 0.0000000000000E+00-1.9038641874214E+02
 2.7998002756197E+01 0.0000000000000E+00 1.9038641874214E+02-2.7998002756197E+01
 0.0000000000000E+00-2.7998002756197E+01-1.9038641874214E+02 0.0000000000000E+00
 2.7998002756197E+01 1.9038641874214E+02 0.0000000000000E+00-2.7998002756197E+01
 1.9038641874214E+02 0.0000000000000E+00 2.7998002756197E+01-1.9038641874214E+02
 0.0000000000000E+00-1.5678881543470E+02-1.1199201102479E+02 0.0000000000000E+00
 1.5678881543470E+02 1.1199201102479E+02 0.0000000000000E+00-1.5678881543470E+02
 1.1199201102479E+02 0.0000000000000E+00 1.5678881543470E+02-1.1199201102479E+02
 0.0000000000000E+00-1.1199201102479E+02-1.5678881543470E+02 0.0000000000000E+00
 1.1199201102479E+02 1.5678881543470E+02 0.0000000000000E+00-1.1199201102479E+02
 1.5678881543470E+02 0.0000000000000E+00 1.1199201102479E+02-1.5678881543470E+02
 0.0000000000000E+00-1.7358761708842E+02-8.3994008268591E+01 0.0000000000000E+00
 1.7358761708842E+02 8.3994008268591E+01 0.0000000000000E+00-1.7358761708842E+02
 8.3994008268591E+01 0.0000000000000E+00 1.7358761708842E+02-8.3994008268591E+01
 0.0000000000000E+00-8.3994008268591E+01-1.7358761708842E+02 0.0000000000000E+00
 8.3994008268591E+01 1.7358761708842E+02 0.0000000000000E+00-8.3994008268591E+01
 1.7358761708842E+02 0.0000000000000E+00 8.3994008268591E+01-1.7358761708842E+02
 0.0000000000000E+00-1.8478681819090E+02-5.5996005512394E+01 0.0000000000000E+00
 1.8478681819090E+02 5.5996005512394E+01 0.0000000000000E+00-1.8478681819090E+02
 5.5996005512394E+01 0.0000000000000E+00 1.8478681819090E+02-5.5996005512394E+01
 0.0000000000000E+00-1.6798801653718E+02-9.5193209371070E+01 0.0000000000000E+00
 1.6798801653718E+02 9.5193209371070E+01 0.0000000000000E+00-1.6798801653718E+02
 9.5193209371070E+01 0.0000000000000E+00 1.6798801653718E+02-9.5193209371070E+01
 0.0000000000000E+00-9.5193209371070E+01-1.6798801653718E+02 0.0000000000000E+00
 9.5193209371070E+01 1.6798801653718E+02 0.0000000000000E+00-9.5193209371070E+01
 1.6798801653718E+02 0.0000000000000E+00 9.5193209371070E+01-1.6798801653718E+02
 0.0000000000000E+00-5.5996005512394E+01-1.8478681819090E+02 0.0000000000000E+00
 5.5996005512394E+01 1.8478681819090E+02 0.0000000000000E+00-5.5996005512394E+01
 1.8478681819090E+02 0.0000000000000E+00 5.5996005512394E+01-1.8478681819090E+02
 0.0000000000000E+00-1.9038641874214E+02-3.3597603307436E+01 0.0000000000000E+00
 1.9038641874214E+02 3.3597603307436E+01 0.0000000000000E+00-1.9038641874214E+02
 3.3597603307436E+01 0.0000000000000E+00 1.9038641874214E+02-3.3597603307436E+01
 0.0000000000000E+00-3.3597603307436E+01-1.9038641874214E+02 0.0000000000000E+00
 3.3597603307436E+01 1.9038641874214E+02 0.0000000000000E+00-3.3597603307436E+01
 1.9038641874214E+02 0.0000000000000E+00 3.3597603307436E+01-1.9038641874214E+02
 0.0000000000000E+00-1.7918721763966E+02-7.2794807166112E+01 0.0000000000000E+00
 1.7918721763966E+02 7.2794807166112E+01 0.0000000000000E+00-1.7918721763966E+02
 7.2794807166112E+01 0.0000000000000E+00 1.7918721763966E+02-7.2794807166112E+01
 0.0000000000000E+00-7.2794807166112E+01-1.7918721763966E+02 0.0000000000000E+00
 7.2794807166112E+01 1.7918721763966E+02 0.0000000000000E+00-7.2794807166112E+01
 1.7918721763966E+02 0.0000000000000E+00 7.2794807166112E+01-1.7918721763966E+02
 0.0000000000000E+00-1.3999001378098E+02-1.3439041322975E+02 0.0000000000000E+00
 1.3999001378098E+02 1.3439041322975E+02 0.0000000000000E+00-1.3999001378098E+02
 1.3439041322975E+02 0.0000000000000E+00 1.3999001378098E+02-1.3439041322975E+02
 0.0000000000000E+00-1.3439041322975E+02-1.3999001378098E+02 0.0000000000000E+00
 1.3439041322975E+02 1.3999001378098E+02 0.0000000000000E+00-1.3439041322975E+02
 1.3999001378098E+02 0.0000000000000E+00 1.3439041322975E+02-1.3999001378098E+02
 0.0000000000000E+00-1.6238841598594E+02-1.0639241047355E+02 0.0000000000000E+00
 1.6238841598594E+02 1.0639241047355E+02 0.0000000000000E+00-1.6238841598594E+02
 1.0639241047355E+02 0.0000000000000E+00 1.6238841598594E+02-1.0639241047355E+02
 0.0000000000000E+00-1.0639241047355E+02-1.6238841598594E+02 0.0000000000000E+00
 1.0639241047355E+02 1.6238841598594E+02 0.0000000000000E+00-1.0639241047355E+02
 1.6238841598594E+02 0.0000000000000E+00 1.0639241047355E+02-1.6238841598594E+02
 0.0000000000000E+00-1.9038641874214E+02-3.9197203858676E+01 0.0000000000000E+00
 1.9038641874214E+02 3.9197203858676E+01 0.0000000000000E+00-1.9038641874214E+02
 3.9197203858676E+01 0.0000000000000E+00 1.9038641874214E+02-3.9197203858676E+01
 0.0000000000000E+00-1.4558961433222E+02-1.2879081267851E+02 0.0000000000000E+00
 1.4558961433222E+02 1.2879081267851E+02 0.0000000000000E+00-1.4558961433222E+02
 1.2879081267851E+02 0.0000000000000E+00 1.4558961433222E+02-1.2879081267851E+02
 0.0000000000000E+00-1.2879081267851E+02-1.4558961433222E+02 0.0000000000000E+00
 1.2879081267851E+02 1.4558961433222E+02 0.0000000000000E+00-1.2879081267851E+02
 1.4558961433222E+02 0.0000000000000E+00 1.2879081267851E+02-1.4558961433222E+02
 0.0000000000000E+00-3.9197203858676E+01-1.9038641874214E+02 0.0000000000000E+00
 3.9197203858676E+01 1.9038641874214E+02 0.0000000000000E+00-3.9197203858676E+01
 1.9038641874214E+02 0.0000000000000E+00 3.9197203858676E+01-1.9038641874214E+02
 0.0000000000000E+00-1.8478681819090E+02-6.1595606063633E+01 0.0000000000000E+00
 1.8478681819090E+02 6.1595606063633E+01 0.0000000000000E+00-1.8478681819090E+02
 6.1595606063633E+01 0.0000000000000E+00 1.8478681819090E+02-6.1595606063633E+01
 0.0000000000000E+00-6.1595606063633E+01-1.8478681819090E+02 0.0000000000000E+00
 6.1595606063633E+01 1.8478681819090E+02 0.0000000000000E+00-6.1595606063633E+01
 1.8478681819090E+02 0.0000000000000E+00 6.1595606063633E+01-1.8478681819090E+02
 0.0000000000000E+00-1.5118921488346E+02-1.2319121212727E+02 0.0000000000000E+00
 1.5118921488346E+02 1.2319121212727E+02 0.0000000000000E+00-1.5118921488346E+02
 1.2319121212727E+02 0.0000000000000E+00 1.5118921488346E+02-1.2319121212727E+02
 0.0000000000000E+00-1.2319121212727E+02-1.5118921488346E+02 0.0000000000000E+00
 1.2319121212727E+02 1.5118921488346E+02 0.0000000000000E+00-1.2319121212727E+02
 1.5118921488346E+02 0.0000000000000E+00 1.2319121212727E+02-1.5118921488346E+02
 0.0000000000000E+00-1.7358761708842E+02-8.9593608819830E+01 0.0000000000000E+00
 1.7358761708842E+02 8.9593608819830E+01 0.0000000000000E+00-1.7358761708842E+02
 8.9593608819830E+01 0.0000000000000E+00 1.7358761708842E+02-8.9593608819830E+01
 0.0000000000000E+00-8.9593608819830E+01-1.7358761708842E+02 0.0000000000000E+00
 8.9593608819830E+01 1.7358761708842E+02 0.0000000000000E+00-8.9593608819830E+01
 1.7358761708842E+02 0.0000000000000E+00 8.9593608819830E+01-1.7358761708842E+02
 0.0000000000000E+00-1.9038641874214E+02-4.4796804409915E+01 0.0000000000000E+00
 1.9038641874214E+02 4.4796804409915E+01 0.0000000000000E+00-1.9038641874214E+02
 4.4796804409915E+01 0.0000000000000E+00 1.9038641874214E+02-4.4796804409915E+01
 0.0000000000000E+00-1.7918721763966E+02-7.8394407717351E+01 0.0000000000000E+00
 1.7918721763966E+02 7.8394407717351E+01 0.0000000000000E+00-1.7918721763966E+02
 7.8394407717351E+01 0.0000000000000E+00 1.7918721763966E+02-7.8394407717351E+01
 0.0000000000000E+00-7.8394407717351E+01-1.7918721763966E+02 0.0000000000000E+00
 7.8394407717351E+01 1.7918721763966E+02 0.0000000000000E+00-7.8394407717351E+01
 1.7918721763966E+02 0.0000000000000E+00 7.8394407717351E+01-1.7918721763966E+02
 0.0000000000000E+00-4.4796804409915E+01-1.9038641874214E+02 0.0000000000000E+00
 4.4796804409915E+01 1.9038641874214E+02 0.0000000000000E+00-4.4796804409915E+01
 1.9038641874214E+02 0.0000000000000E+00 4.4796804409915E+01-1.9038641874214E+02
 0.0000000000000E+00-1.6798801653718E+02-1.0079280992231E+02 0.0000000000000E+00
 1.6798801653718E+02 1.0079280992231E+02 0.0000000000000E+00-1.6798801653718E+02
 1.0079280992231E+02 0.0000000000000E+00 1.6798801653718E+02-1.0079280992231E+02
 0.0000000000000E+00-1.0079280992231E+02-1.6798801653718E+02 0.0000000000000E+00
 1.0079280992231E+02 1.6798801653718E+02 0.0000000000000E+00-1.0079280992231E+02
 1.6798801653718E+02 0.0000000000000E+00 1.0079280992231E+02-1.6798801653718E+02
 0.0000000000000E+00-1.9598601929338E+02 0.0000000000000E+00 0.0000000000000E+00
 1.9598601929338E+02 0.0000000000000E+00 0.0000000000000E+00-1.5678881543470E+02
-1.1759161157603E+02 0.0000000000000E+00 1.5678881543470E+02 1.1759161157603E+02
 0.0000000000000E+00-1.5678881543470E+02 1.1759161157603E+02 0.0000000000000E+00
 1.5678881543470E+02-1.1759161157603E+02 0.0000000000000E+00-1.1759161157603E+02
-1.5678881543470E+02 0.0000000000000E+00 1.1759161157603E+02 1.5678881543470E+02
 0.0000000000000E+00-1.1759161157603E+02 1.5678881543470E+02 0.0000000000000E+00
 1.1759161157603E+02-1.5678881543470E+02 0.0000000000000E+00 0.0000000000000E+00
-1.9598601929338E+02 0.0000000000000E+00 0.0000000000000E+00 1.9598601929338E+02
 0.0000000000000E+00-1.9598601929338E+02-5.5996005512394E+00 0.0000000000000E+00
 1.9598601929338E+02 5.5996005512394E+00 0.0000000000000E+00-1.9598601929338E+02
 5.5996005512394E+00 0.0000000000000E+00 1.9598601929338E+02-5.5996005512394E+00
 0.0000000000000E+00-5.5996005512394E+00-1.9598601929338E+02 0.0000000000000E+00
 5.5996005512394E+00 1.9598601929338E+02 0.0000000000000E+00-5.5996005512394E+00
 1.9598601929338E+02 0.0000000000000E+00 5.5996005512394E+00-1.9598601929338E+02
 0.0000000000000E+00-1.9598601929338E+02-1.1199201102479E+01 0.0000000000000E+00
 1.9598601929338E+02 1.1199201102479E+01 0.0000000000000E+00-1.9598601929338E+02
 1.1199201102479E+01 0.0000000000000E+00 1.9598601929338E+02-1.1199201102479E+01
 0.0000000000000E+00-1.1199201102479E+01-1.9598601929338E+02 0.0000000000000E+00
 1.1199201102479E+01 1.9598601929338E+02 0.0000000000000E+00-1.1199201102479E+01
 1.9598601929338E+02 0.0000000000000E+00 1.1199201102479E+01-1.9598601929338E+02
 0.0000000000000E+00-1.8478681819090E+02-6.7195206614873E+01 0.0000000000000E+00
 1.8478681819090E+02 6.7195206614873E+01 0.0000000000000E+00-1.8478681819090E+02
 6.7195206614873E+01 0.0000000000000E+00 1.8478681819090E+02-6.7195206614873E+01
 0.0000000000000E+00-6.7195206614873E+01-1.8478681819090E+02 0.0000000000000E+00
 6.7195206614873E+01 1.8478681819090E+02 0.0000000000000E+00-6.7195206614873E+01
 1.8478681819090E+02 0.0000000000000E+00 6.7195206614873E+01-1.8478681819090E+02
 0.0000000000000E+00-1.9598601929338E+02-1.6798801653718E+01 0.0000000000000E+00
 1.9598601929338E+02 1.6798801653718E+01 0.0000000000000E+00-1.9598601929338E+02
 1.6798801653718E+01 0.0000000000000E+00 1.9598601929338E+02-1.6798801653718E+01
 0.0000000000000E+00-1.6798801653718E+01-1.9598601929338E+02 0.0000000000000E+00
 1.6798801653718E+01 1.9598601929338E+02 0.0000000000000E+00-1.6798801653718E+01
 1.9598601929338E+02 0.0000000000000E+00 1.6798801653718E+01-1.9598601929338E+02
 0.0000000000000E+00-1.9038641874214E+02-5.0396404961154E+01 0.0000000000000E+00
 1.9038641874214E+02 5.0396404961154E+01 0.0000000000000E+00-1.9038641874214E+02
 5.0396404961154E+01 0.0000000000000E+00 1.9038641874214E+02-5.0396404961154E+01
 0.0000000000000E+00-5.0396404961154E+01-1.9038641874214E+02 0.0000000000000E+00
 5.0396404961154E+01 1.9038641874214E+02 0.0000000000000E+00-5.0396404961154E+01
 1.9038641874214E+02 0.0000000000000E+00 5.0396404961154E+01-1.9038641874214E+02
 0.0000000000000E+00-1.9598601929338E+02-2.2398402204958E+01 0.0000000000000E+00
 1.9598601929338E+02 2.2398402204958E+01 0.0000000000000E+00-1.9598601929338E+02
 2.2398402204958E+01 0.0000000000000E+00 1.9598601929338E+02-2.2398402204958E+01
 0.0000000000000E+00-1.6238841598594E+02-1.1199201102479E+02 0.0000000000000E+00
 1.6238841598594E+02 1.1199201102479E+02 0.0000000000000E+00-1.6238841598594E+02
 1.1199201102479E+02 0.0000000000000E+00 1.6238841598594E+02-1.1199201102479E+02
 0.0000000000000E+00-1.1199201102479E+02-1.6238841598594E+02 0.0000000000000E+00
 1.1199201102479E+02 1.6238841598594E+02 0.0000000000000E+00-1.1199201102479E+02
 1.6238841598594E+02 0.0000000000000E+00 1.1199201102479E+02-1.6238841598594E+02
 0.0000000000000E+00-2.2398402204958E+01-1.9598601929338E+02 0.0000000000000E+00
 2.2398402204958E+01 1.9598601929338E+02 0.0000000000000E+00-2.2398402204958E+01
 1.9598601929338E+02 0.0000000000000E+00 2.2398402204958E+01-1.9598601929338E+02
 0.0000000000000E+00-1.7918721763966E+02-8.3994008268591E+01 0.0000000000000E+00
 1.7918721763966E+02 8.3994008268591E+01 0.0000000000000E+00-1.7918721763966E+02
 8.3994008268591E+01 0.0000000000000E+00 1.7918721763966E+02-8.3994008268591E+01
 0.0000000000000E+00-8.3994008268591E+01-1.7918721763966E+02 0.0000000000000E+00
 8.3994008268591E+01 1.7918721763966E+02 0.0000000000000E+00-8.3994008268591E+01
 1.7918721763966E+02 0.0000000000000E+00 8.3994008268591E+01-1.7918721763966E+02
 0.0000000000000E+00-1.9598601929338E+02-2.7998002756197E+01 0.0000000000000E+00
 1.9598601929338E+02 2.7998002756197E+01 0.0000000000000E+00-1.9598601929338E+02
 2.7998002756197E+01 0.0000000000000E+00 1.9598601929338E+02-2.7998002756197E+01
 0.0000000000000E+00-1.7358761708842E+02-9.5193209371070E+01 0.0000000000000E+00
 1.7358761708842E+02 9.5193209371070E+01 0.0000000000000E+00-1.7358761708842E+02
 9.5193209371070E+01 0.0000000000000E+00 1.7358761708842E+02-9.5193209371070E+01
 0.0000000000000E+00-1.3999001378098E+02-1.3999001378098E+02 0.0000000000000E+00
 1.3999001378098E+02 1.3999001378098E+02 0.0000000000000E+00-1.3999001378098E+02
 1.3999001378098E+02 0.0000000000000E+00 1.3999001378098E+02-1.3999001378098E+02
 0.0000000000000E+00-9.5193209371070E+01-1.7358761708842E+02 0.0000000000000E+00
 9.5193209371070E+01 1.7358761708842E+02 0.0000000000000E+00-9.5193209371070E+01
 1.7358761708842E+02 0.0000000000000E+00 9.5193209371070E+01-1.7358761708842E+02
 0.0000000000000E+00-2.7998002756197E+01-1.9598601929338E+02 0.0000000000000E+00
 2.7998002756197E+01 1.9598601929338E+02 0.0000000000000E+00-2.7998002756197E+01
 1.9598601929338E+02 0.0000000000000E+00 2.7998002756197E+01-1.9598601929338E+02
 0.0000000000000E+00-1.4558961433222E+02-1.3439041322975E+02 0.0000000000000E+00
 1.4558961433222E+02 1.3439041322975E+02 0.0000000000000E+00-1.4558961433222E+02
 1.3439041322975E+02 0.0000000000000E+00 1.4558961433222E+02-1.3439041322975E+02
 0.0000000000000E+00-1.3439041322975E+02-1.4558961433222E+02 0.0000000000000E+00
 1.3439041322975E+02 1.4558961433222E+02 0.0000000000000E+00-1.3439041322975E+02
 1.4558961433222E+02 0.0000000000000E+00 1.3439041322975E+02-1.4558961433222E+02
 0.0000000000000E+00-1.9038641874214E+02-5.5996005512394E+01 0.0000000000000E+00
 1.9038641874214E+02 5.5996005512394E+01 0.0000000000000E+00-1.9038641874214E+02
 5.5996005512394E+01 0.0000000000000E+00 1.9038641874214E+02-5.5996005512394E+01
 0.0000000000000E+00-5.5996005512394E+01-1.9038641874214E+02 0.0000000000000E+00
 5.5996005512394E+01 1.9038641874214E+02 0.0000000000000E+00-5.5996005512394E+01
 1.9038641874214E+02 0.0000000000000E+00 5.5996005512394E+01-1.9038641874214E+02
 0.0000000000000E+00-1.8478681819090E+02-7.2794807166112E+01 0.0000000000000E+00
 1.8478681819090E+02 7.2794807166112E+01 0.0000000000000E+00-1.8478681819090E+02
 7.2794807166112E+01 0.0000000000000E+00 1.8478681819090E+02-7.2794807166112E+01
 0.0000000000000E+00-1.5118921488346E+02-1.2879081267851E+02 0.0000000000000E+00
 1.5118921488346E+02 1.2879081267851E+02 0.0000000000000E+00-1.5118921488346E+02
 1.2879081267851E+02 0.0000000000000E+00 1.5118921488346E+02-1.2879081267851E+02
 0.0000000000000E+00-1.2879081267851E+02-1.5118921488346E+02 0.0000000000000E+00
 1.2879081267851E+02 1.5118921488346E+02 0.0000000000000E+00-1.2879081267851E+02
 1.5118921488346E+02 0.0000000000000E+00 1.2879081267851E+02-1.5118921488346E+02
 0.0000000000000E+00-7.2794807166112E+01-1.8478681819090E+02 0.0000000000000E+00
 7.2794807166112E+01 1.8478681819090E+02 0.0000000000000E+00-7.2794807166112E+01
 1.8478681819090E+02 0.0000000000000E+00 7.2794807166112E+01-1.8478681819090E+02
 0.0000000000000E+00-1.9598601929338E+02-3.3597603307436E+01 0.0000000000000E+00
 1.9598601929338E+02 3.3597603307436E+01 0.0000000000000E+00-1.9598601929338E+02
 3.3597603307436E+01 0.0000000000000E+00 1.9598601929338E+02-3.3597603307436E+01
 0.0000000000000E+00-1.6798801653718E+02-1.0639241047355E+02 0.0000000000000E+00
 1.6798801653718E+02 1.0639241047355E+02 0.0000000000000E+00-1.6798801653718E+02
 1.0639241047355E+02 0.0000000000000E+00 1.6798801653718E+02-1.0639241047355E+02
 0.0000000000000E+00-1.0639241047355E+02-1.6798801653718E+02 0.0000000000000E+00
 1.0639241047355E+02 1.6798801653718E+02 0.0000000000000E+00-1.0639241047355E+02
 1.6798801653718E+02 0.0000000000000E+00 1.0639241047355E+02-1.6798801653718E+02
 0.0000000000000E+00-3.3597603307436E+01-1.9598601929338E+02 0.0000000000000E+00
 3.3597603307436E+01 1.9598601929338E+02 0.0000000000000E+00-3.3597603307436E+01
 1.9598601929338E+02 0.0000000000000E+00 3.3597603307436E+01-1.9598601929338E+02
 0.0000000000000E+00-1.5678881543470E+02-1.2319121212727E+02 0.0000000000000E+00
 1.5678881543470E+02 1.2319121212727E+02 0.0000000000000E+00-1.5678881543470E+02
 1.2319121212727E+02 0.0000000000000E+00 1.5678881543470E+02-1.2319121212727E+02
 0.0000000000000E+00-1.2319121212727E+02-1.5678881543470E+02 0.0000000000000E+00
 1.2319121212727E+02 1.5678881543470E+02 0.0000000000000E+00-1.2319121212727E+02
 1.5678881543470E+02 0.0000000000000E+00 1.2319121212727E+02-1.5678881543470E+02
 0.0000000000000E+00-1.9598601929338E+02-3.9197203858676E+01 0.0000000000000E+00
 1.9598601929338E+02 3.9197203858676E+01 0.0000000000000E+00-1.9598601929338E+02
 3.9197203858676E+01 0.0000000000000E+00 1.9598601929338E+02-3.9197203858676E+01
 0.0000000000000E+00-3.9197203858676E+01-1.9598601929338E+02 0.0000000000000E+00
 3.9197203858676E+01 1.9598601929338E+02 0.0000000000000E+00-3.9197203858676E+01
 1.9598601929338E+02 0.0000000000000E+00 3.9197203858676E+01-1.9598601929338E+02
 0.0000000000000E+00-1.9038641874214E+02-6.1595606063633E+01 0.0000000000000E+00
 1.9038641874214E+02 6.1595606063633E+01 0.0000000000000E+00-1.9038641874214E+02
 6.1595606063633E+01 0.0000000000000E+00 1.9038641874214E+02-6.1595606063633E+01
 0.0000000000000E+00-6.1595606063633E+01-1.9038641874214E+02 0.0000000000000E+00
 6.1595606063633E+01 1.9038641874214E+02 0.0000000000000E+00-6.1595606063633E+01
 1.9038641874214E+02 0.0000000000000E+00 6.1595606063633E+01-1.9038641874214E+02
 0.0000000000000E+00-1.7918721763966E+02-8.9593608819830E+01 0.0000000000000E+00
 1.7918721763966E+02 8.9593608819830E+01 0.0000000000000E+00-1.7918721763966E+02
 8.9593608819830E+01 0.0000000000000E+00 1.7918721763966E+02-8.9593608819830E+01
 0.0000000000000E+00-8.9593608819830E+01-1.7918721763966E+02 0.0000000000000E+00
 8.9593608819830E+01 1.7918721763966E+02 0.0000000000000E+00-8.9593608819830E+01
 1.7918721763966E+02 0.0000000000000E+00 8.9593608819830E+01-1.7918721763966E+02
 0.0000000000000E+00-1.6238841598594E+02-1.1759161157603E+02 0.0000000000000E+00
 1.6238841598594E+02 1.1759161157603E+02 0.0000000000000E+00-1.6238841598594E+02
 1.1759161157603E+02 0.0000000000000E+00 1.6238841598594E+02-1.1759161157603E+02
 0.0000000000000E+00-1.1759161157603E+02-1.6238841598594E+02 0.0000000000000E+00
 1.1759161157603E+02 1.6238841598594E+02 0.0000000000000E+00-1.1759161157603E+02
 1.6238841598594E+02 0.0000000000000E+00 1.1759161157603E+02-1.6238841598594E+02
 0.0000000000000E+00-1.8478681819090E+02-7.8394407717351E+01 0.0000000000000E+00
 1.8478681819090E+02 7.8394407717351E+01 0.0000000000000E+00-1.8478681819090E+02
 7.8394407717351E+01 0.0000000000000E+00 1.8478681819090E+02-7.8394407717351E+01
 0.0000000000000E+00-1.7358761708842E+02-1.0079280992231E+02 0.0000000000000E+00
 1.7358761708842E+02 1.0079280992231E+02 0.0000000000000E+00-1.7358761708842E+02
 1.0079280992231E+02 0.0000000000000E+00 1.7358761708842E+02-1.0079280992231E+02
 0.0000000000000E+00-1.0079280992231E+02-1.7358761708842E+02 0.0000000000000E+00
 1.0079280992231E+02 1.7358761708842E+02 0.0000000000000E+00-1.0079280992231E+02
 1.7358761708842E+02 0.0000000000000E+00 1.0079280992231E+02-1.7358761708842E+02
 0.0000000000000E+00-7.8394407717351E+01-1.8478681819090E+02 0.0000000000000E+00
 7.8394407717351E+01 1.8478681819090E+02 0.0000000000000E+00-7.8394407717351E+01
 1.8478681819090E+02 0.0000000000000E+00 7.8394407717351E+01-1.8478681819090E+02
 0.0000000000000E+00-1.9598601929338E+02-4.4796804409915E+01 0.0000000000000E+00
 1.9598601929338E+02 4.4796804409915E+01 0.0000000000000E+00-1.9598601929338E+02
 4.4796804409915E+01 0.0000000000000E+00 1.9598601929338E+02-4.4796804409915E+01
 0.0000000000000E+00-4.4796804409915E+01-1.9598601929338E+02 0.0000000000000E+00
 4.4796804409915E+01 1.9598601929338E+02 0.0000000000000E+00-4.4796804409915E+01
 1.9598601929338E+02 0.0000000000000E+00 4.4796804409915E+01-1.9598601929338E+02
 0.0000000000000E+00-2.0158561984462E+02 0.0000000000000E+00 0.0000000000000E+00
 2.0158561984462E+02 0.0000000000000E+00 0.0000000000000E+00 0.0000000000000E+00
-2.0158561984462E+02 0.0000000000000E+00 0.0000000000000E+00 2.0158561984462E+02
 0.0000000000000E+00-2.0158561984462E+02-5.5996005512394E+00 0.0000000000000E+00
 2.0158561984462E+02 5.5996005512394E+00 0.0000000000000E+00-2.0158561984462E+02
 5.5996005512394E+00 0.0000000000000E+00 2.0158561984462E+02-5.5996005512394E+00
 0.0000000000000E+00-5.5996005512394E+00-2.0158561984462E+02 0.0000000000000E+00
 5.5996005512394E+00 2.0158561984462E+02 0.0000000000000E+00-5.5996005512394E+00
 2.0158561984462E+02 0.0000000000000E+00 5.5996005512394E+00-2.0158561984462E+02
 0.0000000000000E+00-2.0158561984462E+02-1.1199201102479E+01 0.0000000000000E+00
 2.0158561984462E+02 1.1199201102479E+01 0.0000000000000E+00-2.0158561984462E+02
 1.1199201102479E+01 0.0000000000000E+00 2.0158561984462E+02-1.1199201102479E+01
 0.0000000000000E+00-1.9038641874214E+02-6.7195206614873E+01 0.0000000000000E+00
 1.9038641874214E+02 6.7195206614873E+01 0.0000000000000E+00-1.9038641874214E+02
 6.7195206614873E+01 0.0000000000000E+00 1.9038641874214E+02-6.7195206614873E+01
 0.0000000000000E+00-1.6798801653718E+02-1.1199201102479E+02 0.0000000000000E+00
 1.6798801653718E+02 1.1199201102479E+02 0.0000000000000E+00-1.6798801653718E+02
 1.1199201102479E+02 0.0000000000000E+00 1.6798801653718E+02-1.1199201102479E+02
 0.0000000000000E+00-1.1199201102479E+02-1.6798801653718E+02 0.0000000000000E+00
 1.1199201102479E+02 1.6798801653718E+02 0.0000000000000E+00-1.1199201102479E+02
 1.6798801653718E+02 0.0000000000000E+00 1.1199201102479E+02-1.6798801653718E+02
 0.0000000000000E+00-6.7195206614873E+01-1.9038641874214E+02 0.0000000000000E+00
 6.7195206614873E+01 1.9038641874214E+02 0.0000000000000E+00-6.7195206614873E+01
 1.9038641874214E+02 0.0000000000000E+00 6.7195206614873E+01-1.9038641874214E+02
 0.0000000000000E+00-1.1199201102479E+01-2.0158561984462E+02 0.0000000000000E+00
 1.1199201102479E+01 2.0158561984462E+02 0.0000000000000E+00-1.1199201102479E+01
 2.0158561984462E+02 0.0000000000000E+00 1.1199201102479E+01-2.0158561984462E+02
 0.0000000000000E+00-1.4558961433222E+02-1.3999001378098E+02 0.0000000000000E+00
 1.4558961433222E+02 1.3999001378098E+02 0.0000000000000E+00-1.4558961433222E+02
 1.3999001378098E+02 0.0000000000000E+00 1.4558961433222E+02-1.3999001378098E+02
 0.0000000000000E+00-1.3999001378098E+02-1.4558961433222E+02 0.0000000000000E+00
 1.3999001378098E+02 1.4558961433222E+02 0.0000000000000E+00-1.3999001378098E+02
 1.4558961433222E+02 0.0000000000000E+00 1.3999001378098E+02-1.4558961433222E+02
 0.0000000000000E+00-2.0158561984462E+02-1.6798801653718E+01 0.0000000000000E+00
 2.0158561984462E+02 1.6798801653718E+01 0.0000000000000E+00-2.0158561984462E+02
 1.6798801653718E+01 0.0000000000000E+00 2.0158561984462E+02-1.6798801653718E+01
 0.0000000000000E+00-1.5118921488346E+02-1.3439041322975E+02 0.0000000000000E+00
 1.5118921488346E+02 1.3439041322975E+02 0.0000000000000E+00-1.5118921488346E+02
 1.3439041322975E+02 0.0000000000000E+00 1.5118921488346E+02-1.3439041322975E+02
 0.0000000000000E+00-1.3439041322975E+02-1.5118921488346E+02 0.0000000000000E+00
 1.3439041322975E+02 1.5118921488346E+02 0.0000000000000E+00-1.3439041322975E+02
 1.5118921488346E+02 0.0000000000000E+00 1.3439041322975E+02-1.5118921488346E+02
 0.0000000000000E+00-1.6798801653718E+01-2.0158561984462E+02 0.0000000000000E+00
 1.6798801653718E+01 2.0158561984462E+02 0.0000000000000E+00-1.6798801653718E+01
 2.0158561984462E+02 0.0000000000000E+00 1.6798801653718E+01-2.0158561984462E+02
 0.0000000000000E+00-1.9598601929338E+02-5.0396404961154E+01 0.0000000000000E+00
 1.9598601929338E+02 5.0396404961154E+01 0.0000000000000E+00-1.9598601929338E+02
 5.0396404961154E+01 0.0000000000000E+00 1.9598601929338E+02-5.0396404961154E+01
 0.0000000000000E+00-5.0396404961154E+01-1.9598601929338E+02 0.0000000000000E+00
 5.0396404961154E+01 1.9598601929338E+02 0.0000000000000E+00-5.0396404961154E+01
 1.9598601929338E+02 0.0000000000000E+00 5.0396404961154E+01-1.9598601929338E+02
 0.0000000000000E+00-2.0158561984462E+02-2.2398402204958E+01 0.0000000000000E+00
 2.0158561984462E+02 2.2398402204958E+01 0.0000000000000E+00-2.0158561984462E+02
 2.2398402204958E+01 0.0000000000000E+00 2.0158561984462E+02-2.2398402204958E+01
 0.0000000000000E+00-2.2398402204958E+01-2.0158561984462E+02 0.0000000000000E+00
 2.2398402204958E+01 2.0158561984462E+02 0.0000000000000E+00-2.2398402204958E+01
 2.0158561984462E+02 0.0000000000000E+00 2.2398402204958E+01-2.0158561984462E+02
 0.0000000000000E+00-1.7918721763966E+02-9.5193209371070E+01 0.0000000000000E+00
 1.7918721763966E+02 9.5193209371070E+01 0.0000000000000E+00-1.7918721763966E+02
 9.5193209371070E+01 0.0000000000000E+00 1.7918721763966E+02-9.5193209371070E+01
 0.0000000000000E+00-1.5678881543470E+02-1.2879081267851E+02 0.0000000000000E+00
 1.5678881543470E+02 1.2879081267851E+02 0.0000000000000E+00-1.5678881543470E+02
 1.2879081267851E+02 0.0000000000000E+00 1.5678881543470E+02-1.2879081267851E+02
 0.0000000000000E+00-1.2879081267851E+02-1.5678881543470E+02 0.0000000000000E+00
 1.2879081267851E+02 1.5678881543470E+02 0.0000000000000E+00-1.2879081267851E+02
 1.5678881543470E+02 0.0000000000000E+00 1.2879081267851E+02-1.5678881543470E+02
 0.0000000000000E+00-9.5193209371070E+01-1.7918721763966E+02 0.0000000000000E+00
 9.5193209371070E+01 1.7918721763966E+02 0.0000000000000E+00-9.5193209371070E+01
 1.7918721763966E+02 0.0000000000000E+00 9.5193209371070E+01-1.7918721763966E+02
 0.0000000000000E+00-1.8478681819090E+02-8.3994008268591E+01 0.0000000000000E+00
 1.8478681819090E+02 8.3994008268591E+01 0.0000000000000E+00-1.8478681819090E+02
 8.3994008268591E+01 0.0000000000000E+00 1.8478681819090E+02-8.3994008268591E+01
 0.0000000000000E+00-8.3994008268591E+01-1.8478681819090E+02 0.0000000000000E+00
 8.3994008268591E+01 1.8478681819090E+02 0.0000000000000E+00-8.3994008268591E+01
 1.8478681819090E+02 0.0000000000000E+00 8.3994008268591E+01-1.8478681819090E+02
 0.0000000000000E+00-2.0158561984462E+02-2.7998002756197E+01 0.0000000000000E+00
 2.0158561984462E+02 2.7998002756197E+01 0.0000000000000E+00-2.0158561984462E+02
 2.7998002756197E+01 0.0000000000000E+00 2.0158561984462E+02-2.7998002756197E+01
 0.0000000000000E+00-2.7998002756197E+01-2.0158561984462E+02 0.0000000000000E+00
 2.7998002756197E+01 2.0158561984462E+02 0.0000000000000E+00-2.7998002756197E+01
 2.0158561984462E+02 0.0000000000000E+00 2.7998002756197E+01-2.0158561984462E+02
 0.0000000000000E+00-1.7358761708842E+02-1.0639241047355E+02 0.0000000000000E+00
 1.7358761708842E+02 1.0639241047355E+02 0.0000000000000E+00-1.7358761708842E+02
 1.0639241047355E+02 0.0000000000000E+00 1.7358761708842E+02-1.0639241047355E+02
 0.0000000000000E+00-1.0639241047355E+02-1.7358761708842E+02 0.0000000000000E+00
 1.0639241047355E+02 1.7358761708842E+02 0.0000000000000E+00-1.0639241047355E+02
 1.7358761708842E+02 0.0000000000000E+00 1.0639241047355E+02-1.7358761708842E+02
 0.0000000000000E+00-1.9598601929338E+02-5.5996005512394E+01 0.0000000000000E+00
 1.9598601929338E+02 5.5996005512394E+01 0.0000000000000E+00-1.9598601929338E+02
 5.5996005512394E+01 0.0000000000000E+00 1.9598601929338E+02-5.5996005512394E+01
 0.0000000000000E+00-1.9038641874214E+02-7.2794807166112E+01 0.0000000000000E+00
 1.9038641874214E+02 7.2794807166112E+01 0.0000000000000E+00-1.9038641874214E+02
 7.2794807166112E+01 0.0000000000000E+00 1.9038641874214E+02-7.2794807166112E+01
 0.0000000000000E+00-1.6238841598594E+02-1.2319121212727E+02 0.0000000000000E+00
 1.6238841598594E+02 1.2319121212727E+02 0.0000000000000E+00-1.6238841598594E+02
 1.2319121212727E+02 0.0000000000000E+00 1.6238841598594E+02-1.2319121212727E+02
 0.0000000000000E+00-1.2319121212727E+02-1.6238841598594E+02 0.0000000000000E+00
 1.2319121212727E+02 1.6238841598594E+02 0.0000000000000E+00-1.2319121212727E+02
 1.6238841598594E+02 0.0000000000000E+00 1.2319121212727E+02-1.6238841598594E+02
 0.0000000000000E+00-7.2794807166112E+01-1.9038641874214E+02 0.0000000000000E+00
 7.2794807166112E+01 1.9038641874214E+02 0.0000000000000E+00-7.2794807166112E+01
 1.9038641874214E+02 0.0000000000000E+00 7.2794807166112E+01-1.9038641874214E+02
 0.0000000000000E+00-5.5996005512394E+01-1.9598601929338E+02 0.0000000000000E+00
 5.5996005512394E+01 1.9598601929338E+02 0.0000000000000E+00-5.5996005512394E+01
 1.9598601929338E+02 0.0000000000000E+00 5.5996005512394E+01-1.9598601929338E+02
 0.0000000000000E+00-2.0158561984462E+02-3.3597603307436E+01 0.0000000000000E+00
 2.0158561984462E+02 3.3597603307436E+01 0.0000000000000E+00-2.0158561984462E+02
 3.3597603307436E+01 0.0000000000000E+00 2.0158561984462E+02-3.3597603307436E+01
 0.0000000000000E+00-3.3597603307436E+01-2.0158561984462E+02 0.0000000000000E+00
 3.3597603307436E+01 2.0158561984462E+02 0.0000000000000E+00-3.3597603307436E+01
 2.0158561984462E+02 0.0000000000000E+00 3.3597603307436E+01-2.0158561984462E+02
 0.0000000000000E+00-1.6798801653718E+02-1.1759161157603E+02 0.0000000000000E+00
 1.6798801653718E+02 1.1759161157603E+02 0.0000000000000E+00-1.6798801653718E+02
 1.1759161157603E+02 0.0000000000000E+00 1.6798801653718E+02-1.1759161157603E+02
 0.0000000000000E+00-1.1759161157603E+02-1.6798801653718E+02 0.0000000000000E+00
 1.1759161157603E+02 1.6798801653718E+02 0.0000000000000E+00-1.1759161157603E+02
 1.6798801653718E+02 0.0000000000000E+00 1.1759161157603E+02-1.6798801653718E+02
 0.0000000000000E+00-2.0158561984462E+02-3.9197203858676E+01 0.0000000000000E+00
 2.0158561984462E+02 3.9197203858676E+01 0.0000000000000E+00-2.0158561984462E+02
 3.9197203858676E+01 0.0000000000000E+00 2.0158561984462E+02-3.9197203858676E+01
 0.0000000000000E+00-1.8478681819090E+02-8.9593608819830E+01 0.0000000000000E+00
 1.8478681819090E+02 8.9593608819830E+01 0.0000000000000E+00-1.8478681819090E+02
 8.9593608819830E+01 0.0000000000000E+00 1.8478681819090E+02-8.9593608819830E+01
 0.0000000000000E+00-8.9593608819830E+01-1.8478681819090E+02 0.0000000000000E+00
 8.9593608819830E+01 1.8478681819090E+02 0.0000000000000E+00-8.9593608819830E+01
 1.8478681819090E+02 0.0000000000000E+00 8.9593608819830E+01-1.8478681819090E+02
 0.0000000000000E+00-3.9197203858676E+01-2.0158561984462E+02 0.0000000000000E+00
 3.9197203858676E+01 2.0158561984462E+02 0.0000000000000E+00-3.9197203858676E+01
 2.0158561984462E+02 0.0000000000000E+00 3.9197203858676E+01-2.0158561984462E+02
 0.0000000000000E+00-1.9598601929338E+02-6.1595606063633E+01 0.0000000000000E+00
 1.9598601929338E+02 6.1595606063633E+01 0.0000000000000E+00-1.9598601929338E+02
 6.1595606063633E+01 0.0000000000000E+00 1.9598601929338E+02-6.1595606063633E+01
 0.0000000000000E+00-6.1595606063633E+01-1.9598601929338E+02 0.0000000000000E+00
 6.1595606063633E+01 1.9598601929338E+02 0.0000000000000E+00-6.1595606063633E+01
 1.9598601929338E+02 0.0000000000000E+00 6.1595606063633E+01-1.9598601929338E+02
 0.0000000000000E+00-1.7918721763966E+02-1.0079280992231E+02 0.0000000000000E+00
 1.7918721763966E+02 1.0079280992231E+02 0.0000000000000E+00-1.7918721763966E+02
 1.0079280992231E+02 0.0000000000000E+00 1.7918721763966E+02-1.0079280992231E+02
 0.0000000000000E+00-1.0079280992231E+02-1.7918721763966E+02 0.0000000000000E+00
 1.0079280992231E+02 1.7918721763966E+02 0.0000000000000E+00-1.0079280992231E+02
 1.7918721763966E+02 0.0000000000000E+00 1.0079280992231E+02-1.7918721763966E+02
 0.0000000000000E+00-1.9038641874214E+02-7.8394407717351E+01 0.0000000000000E+00
 1.9038641874214E+02 7.8394407717351E+01 0.0000000000000E+00-1.9038641874214E+02
 7.8394407717351E+01 0.0000000000000E+00 1.9038641874214E+02-7.8394407717351E+01
 0.0000000000000E+00-1.4558961433222E+02-1.4558961433222E+02 0.0000000000000E+00
 1.4558961433222E+02 1.4558961433222E+02 0.0000000000000E+00-1.4558961433222E+02
 1.4558961433222E+02 0.0000000000000E+00 1.4558961433222E+02-1.4558961433222E+02
 0.0000000000000E+00-7.8394407717351E+01-1.9038641874214E+02 0.0000000000000E+00
 7.8394407717351E+01 1.9038641874214E+02 0.0000000000000E+00-7.8394407717351E+01
 1.9038641874214E+02 0.0000000000000E+00 7.8394407717351E+01-1.9038641874214E+02
 0.0000000000000E+00-1.5118921488346E+02-1.3999001378098E+02 0.0000000000000E+00
 1.5118921488346E+02 1.3999001378098E+02 0.0000000000000E+00-1.5118921488346E+02
 1.3999001378098E+02 0.0000000000000E+00 1.5118921488346E+02-1.3999001378098E+02
 0.0000000000000E+00-1.3999001378098E+02-1.5118921488346E+02 0.0000000000000E+00
 1.3999001378098E+02 1.5118921488346E+02 0.0000000000000E+00-1.3999001378098E+02
 1.5118921488346E+02 0.0000000000000E+00 1.3999001378098E+02-1.5118921488346E+02
 0.0000000000000E+00-2.0158561984462E+02-4.4796804409915E+01 0.0000000000000E+00
 2.0158561984462E+02 4.4796804409915E+01 0.0000000000000E+00-2.0158561984462E+02
 4.4796804409915E+01 0.0000000000000E+00 2.0158561984462E+02-4.4796804409915E+01
 0.0000000000000E+00-1.5678881543470E+02-1.3439041322975E+02 0.0000000000000E+00
 1.5678881543470E+02 1.3439041322975E+02 0.0000000000000E+00-1.5678881543470E+02
 1.3439041322975E+02 0.0000000000000E+00 1.5678881543470E+02-1.3439041322975E+02
 0.0000000000000E+00-1.3439041322975E+02-1.5678881543470E+02 0.0000000000000E+00
 1.3439041322975E+02 1.5678881543470E+02 0.0000000000000E+00-1.3439041322975E+02
 1.5678881543470E+02 0.0000000000000E+00 1.3439041322975E+02-1.5678881543470E+02
 0.0000000000000E+00-4.4796804409915E+01-2.0158561984462E+02 0.0000000000000E+00
 4.4796804409915E+01 2.0158561984462E+02 0.0000000000000E+00-4.4796804409915E+01
 2.0158561984462E+02 0.0000000000000E+00 4.4796804409915E+01-2.0158561984462E+02
 0.0000000000000E+00-1.7358761708842E+02-1.1199201102479E+02 0.0000000000000E+00
 1.7358761708842E+02 1.1199201102479E+02 0.0000000000000E+00-1.7358761708842E+02
 1.1199201102479E+02 0.0000000000000E+00 1.7358761708842E+02-1.1199201102479E+02
 0.0000000000000E+00-1.1199201102479E+02-1.7358761708842E+02 0.0000000000000E+00
 1.1199201102479E+02 1.7358761708842E+02 0.0000000000000E+00-1.1199201102479E+02
 1.7358761708842E+02 0.0000000000000E+00 1.1199201102479E+02-1.7358761708842E+02
 0.0000000000000E+00-2.0718522039586E+02 0.0000000000000E+00 0.0000000000000E+00
 2.0718522039586E+02 0.0000000000000E+00 0.0000000000000E+00-1.9598601929338E+02
-6.7195206614873E+01 0.0000000000000E+00 1.9598601929338E+02 6.7195206614873E+01
 0.0000000000000E+00-1.9598601929338E+02 6.7195206614873E+01 0.0000000000000E+00
 1.9598601929338E+02-6.7195206614873E+01 0.0000000000000E+00-6.7195206614873E+01
-1.9598601929338E+02 0.0000000000000E+00 6.7195206614873E+01 1.9598601929338E+02
 0.0000000000000E+00-6.7195206614873E+01 1.9598601929338E+02 0.0000000000000E+00
 6.7195206614873E+01-1.9598601929338E+02 0.0000000000000E+00 0.0000000000000E+00
-2.0718522039586E+02 0.0000000000000E+00 0.0000000000000E+00 2.0718522039586E+02
 0.0000000000000E+00-2.0718522039586E+02-5.5996005512394E+00 0.0000000000000E+00
 2.0718522039586E+02 5.5996005512394E+00 0.0000000000000E+00-2.0718522039586E+02
 5.5996005512394E+00 0.0000000000000E+00 2.0718522039586E+02-5.5996005512394E+00
 0.0000000000000E+00-1.6238841598594E+02-1.2879081267851E+02 0.0000000000000E+00
 1.6238841598594E+02 1.2879081267851E+02 0.0000000000000E+00-1.6238841598594E+02
 1.2879081267851E+02 0.0000000000000E+00 1.6238841598594E+02-1.2879081267851E+02
 0.0000000000000E+00-1.2879081267851E+02-1.6238841598594E+02 0.0000000000000E+00
 1.2879081267851E+02 1.6238841598594E+02 0.0000000000000E+00-1.2879081267851E+02
 1.6238841598594E+02 0.0000000000000E+00 1.2879081267851E+02-1.6238841598594E+02
 0.0000000000000E+00-5.5996005512394E+00-2.0718522039586E+02 0.0000000000000E+00
 5.5996005512394E+00 2.0718522039586E+02 0.0000000000000E+00-5.5996005512394E+00
 2.0718522039586E+02 0.0000000000000E+00 5.5996005512394E+00-2.0718522039586E+02
 0.0000000000000E+00-2.0718522039586E+02-1.1199201102479E+01 0.0000000000000E+00
 2.0718522039586E+02 1.1199201102479E+01 0.0000000000000E+00-2.0718522039586E+02
 1.1199201102479E+01 0.0000000000000E+00 2.0718522039586E+02-1.1199201102479E+01
 0.0000000000000E+00-1.1199201102479E+01-2.0718522039586E+02 0.0000000000000E+00
 1.1199201102479E+01 2.0718522039586E+02 0.0000000000000E+00-1.1199201102479E+01
 2.0718522039586E+02 0.0000000000000E+00 1.1199201102479E+01-2.0718522039586E+02
 0.0000000000000E+00-2.0158561984462E+02-5.0396404961154E+01 0.0000000000000E+00
 2.0158561984462E+02 5.0396404961154E+01 0.0000000000000E+00-2.0158561984462E+02
 5.0396404961154E+01 0.0000000000000E+00 2.0158561984462E+02-5.0396404961154E+01
 0.0000000000000E+00-5.0396404961154E+01-2.0158561984462E+02 0.0000000000000E+00
 5.0396404961154E+01 2.0158561984462E+02 0.0000000000000E+00-5.0396404961154E+01
 2.0158561984462E+02 0.0000000000000E+00 5.0396404961154E+01-2.0158561984462E+02
 0.0000000000000E+00-2.0718522039586E+02-1.6798801653718E+01 0.0000000000000E+00
 2.0718522039586E+02 1.6798801653718E+01 0.0000000000000E+00-2.0718522039586E+02
 1.6798801653718E+01 0.0000000000000E+00 2.0718522039586E+02-1.6798801653718E+01
 0.0000000000000E+00-1.8478681819090E+02-9.5193209371070E+01 0.0000000000000E+00
 1.8478681819090E+02 9.5193209371070E+01 0.0000000000000E+00-1.8478681819090E+02
 9.5193209371070E+01 0.0000000000000E+00 1.8478681819090E+02-9.5193209371070E+01
 0.0000000000000E+00-9.5193209371070E+01-1.8478681819090E+02 0.0000000000000E+00
 9.5193209371070E+01 1.8478681819090E+02 0.0000000000000E+00-9.5193209371070E+01
 1.8478681819090E+02 0.0000000000000E+00 9.5193209371070E+01-1.8478681819090E+02
 0.0000000000000E+00-1.6798801653718E+01-2.0718522039586E+02 0.0000000000000E+00
 1.6798801653718E+01 2.0718522039586E+02 0.0000000000000E+00-1.6798801653718E+01
 2.0718522039586E+02 0.0000000000000E+00 1.6798801653718E+01-2.0718522039586E+02
 0.0000000000000E+00-1.9038641874214E+02-8.3994008268591E+01 0.0000000000000E+00
 1.9038641874214E+02 8.3994008268591E+01 0.0000000000000E+00-1.9038641874214E+02
 8.3994008268591E+01 0.0000000000000E+00 1.9038641874214E+02-8.3994008268591E+01
 0.0000000000000E+00-8.3994008268591E+01-1.9038641874214E+02 0.0000000000000E+00
 8.3994008268591E+01 1.9038641874214E+02 0.0000000000000E+00-8.3994008268591E+01
 1.9038641874214E+02 0.0000000000000E+00 8.3994008268591E+01-1.9038641874214E+02
 0.0000000000000E+00-1.6798801653718E+02-1.2319121212727E+02 0.0000000000000E+00
 1.6798801653718E+02 1.2319121212727E+02 0.0000000000000E+00-1.6798801653718E+02
 1.2319121212727E+02 0.0000000000000E+00 1.6798801653718E+02-1.2319121212727E+02
 0.0000000000000E+00-1.2319121212727E+02-1.6798801653718E+02 0.0000000000000E+00
 1.2319121212727E+02 1.6798801653718E+02 0.0000000000000E+00-1.2319121212727E+02
 1.6798801653718E+02 0.0000000000000E+00 1.2319121212727E+02-1.6798801653718E+02
 0.0000000000000E+00-2.0718522039586E+02-2.2398402204958E+01 0.0000000000000E+00
 2.0718522039586E+02 2.2398402204958E+01 0.0000000000000E+00-2.0718522039586E+02
 2.2398402204958E+01 0.0000000000000E+00 2.0718522039586E+02-2.2398402204958E+01
 0.0000000000000E+00-1.7918721763966E+02-1.0639241047355E+02 0.0000000000000E+00
 1.7918721763966E+02 1.0639241047355E+02 0.0000000000000E+00-1.7918721763966E+02
 1.0639241047355E+02 0.0000000000000E+00 1.7918721763966E+02-1.0639241047355E+02
 0.0000000000000E+00-1.0639241047355E+02-1.7918721763966E+02 0.0000000000000E+00
 1.0639241047355E+02 1.7918721763966E+02 0.0000000000000E+00-1.0639241047355E+02
 1.7918721763966E+02 0.0000000000000E+00 1.0639241047355E+02-1.7918721763966E+02
 0.0000000000000E+00-2.2398402204958E+01-2.0718522039586E+02 0.0000000000000E+00
 2.2398402204958E+01 2.0718522039586E+02 0.0000000000000E+00-2.2398402204958E+01
 2.0718522039586E+02 0.0000000000000E+00 2.2398402204958E+01-2.0718522039586E+02
 0.0000000000000E+00-2.0718522039586E+02-2.7998002756197E+01 0.0000000000000E+00
 2.0718522039586E+02 2.7998002756197E+01 0.0000000000000E+00-2.0718522039586E+02
 2.7998002756197E+01 0.0000000000000E+00 2.0718522039586E+02-2.7998002756197E+01
 0.0000000000000E+00-1.9598601929338E+02-7.2794807166112E+01 0.0000000000000E+00
 1.9598601929338E+02 7.2794807166112E+01 0.0000000000000E+00-1.9598601929338E+02
 7.2794807166112E+01 0.0000000000000E+00 1.9598601929338E+02-7.2794807166112E+01
 0.0000000000000E+00-7.2794807166112E+01-1.9598601929338E+02 0.0000000000000E+00
 7.2794807166112E+01 1.9598601929338E+02 0.0000000000000E+00-7.2794807166112E+01
 1.9598601929338E+02 0.0000000000000E+00 7.2794807166112E+01-1.9598601929338E+02
 0.0000000000000E+00-2.7998002756197E+01-2.0718522039586E+02 0.0000000000000E+00
 2.7998002756197E+01 2.0718522039586E+02 0.0000000000000E+00-2.7998002756197E+01
 2.0718522039586E+02 0.0000000000000E+00 2.7998002756197E+01-2.0718522039586E+02
 0.0000000000000E+00-2.0158561984462E+02-5.5996005512394E+01 0.0000000000000E+00
 2.0158561984462E+02 5.5996005512394E+01 0.0000000000000E+00-2.0158561984462E+02
 5.5996005512394E+01 0.0000000000000E+00 2.0158561984462E+02-5.5996005512394E+01
 0.0000000000000E+00-5.5996005512394E+01-2.0158561984462E+02 0.0000000000000E+00
 5.5996005512394E+01 2.0158561984462E+02 0.0000000000000E+00-5.5996005512394E+01
 2.0158561984462E+02 0.0000000000000E+00 5.5996005512394E+01-2.0158561984462E+02
 0.0000000000000E+00-1.7358761708842E+02-1.1759161157603E+02 0.0000000000000E+00
 1.7358761708842E+02 1.1759161157603E+02 0.0000000000000E+00-1.7358761708842E+02
 1.1759161157603E+02 0.0000000000000E+00 1.7358761708842E+02-1.1759161157603E+02
 0.0000000000000E+00-1.1759161157603E+02-1.7358761708842E+02 0.0000000000000E+00
 1.1759161157603E+02 1.7358761708842E+02 0.0000000000000E+00-1.1759161157603E+02
 1.7358761708842E+02 0.0000000000000E+00 1.1759161157603E+02-1.7358761708842E+02
 0.0000000000000E+00-2.0718522039586E+02-3.3597603307436E+01 0.0000000000000E+00
 2.0718522039586E+02 3.3597603307436E+01 0.0000000000000E+00-2.0718522039586E+02
 3.3597603307436E+01 0.0000000000000E+00 2.0718522039586E+02-3.3597603307436E+01
 0.0000000000000E+00-1.5118921488346E+02-1.4558961433222E+02 0.0000000000000E+00
 1.5118921488346E+02 1.4558961433222E+02 0.0000000000000E+00-1.5118921488346E+02
 1.4558961433222E+02 0.0000000000000E+00 1.5118921488346E+02-1.4558961433222E+02
 0.0000000000000E+00-1.4558961433222E+02-1.5118921488346E+02 0.0000000000000E+00
 1.4558961433222E+02 1.5118921488346E+02 0.0000000000000E+00-1.4558961433222E+02
 1.5118921488346E+02 0.0000000000000E+00 1.4558961433222E+02-1.5118921488346E+02
 0.0000000000000E+00-3.3597603307436E+01-2.0718522039586E+02 0.0000000000000E+00
 3.3597603307436E+01 2.0718522039586E+02 0.0000000000000E+00-3.3597603307436E+01
 2.0718522039586E+02 0.0000000000000E+00 3.3597603307436E+01-2.0718522039586E+02
 0.0000000000000E+00-1.5678881543470E+02-1.3999001378098E+02 0.0000000000000E+00
 1.5678881543470E+02 1.3999001378098E+02 0.0000000000000E+00-1.5678881543470E+02
 1.3999001378098E+02 0.0000000000000E+00 1.5678881543470E+02-1.3999001378098E+02
 0.0000000000000E+00-1.3999001378098E+02-1.5678881543470E+02 0.0000000000000E+00
 1.3999001378098E+02 1.5678881543470E+02 0.0000000000000E+00-1.3999001378098E+02
 1.5678881543470E+02 0.0000000000000E+00 1.3999001378098E+02-1.5678881543470E+02
 0.0000000000000E+00-1.9038641874214E+02-8.9593608819830E+01 0.0000000000000E+00
 1.9038641874214E+02 8.9593608819830E+01 0.0000000000000E+00-1.9038641874214E+02
 8.9593608819830E+01 0.0000000000000E+00 1.9038641874214E+02-8.9593608819830E+01
 0.0000000000000E+00-8.9593608819830E+01-1.9038641874214E+02 0.0000000000000E+00
 8.9593608819830E+01 1.9038641874214E+02 0.0000000000000E+00-8.9593608819830E+01
 1.9038641874214E+02 0.0000000000000E+00 8.9593608819830E+01-1.9038641874214E+02
 0.0000000000000E+00-1.8478681819090E+02-1.0079280992231E+02 0.0000000000000E+00
 1.8478681819090E+02 1.0079280992231E+02 0.0000000000000E+00-1.8478681819090E+02
 1.0079280992231E+02 0.0000000000000E+00 1.8478681819090E+02-1.0079280992231E+02
 0.0000000000000E+00-1.0079280992231E+02-1.8478681819090E+02 0.0000000000000E+00
 1.0079280992231E+02 1.8478681819090E+02 0.0000000000000E+00-1.0079280992231E+02
 1.8478681819090E+02 0.0000000000000E+00 1.0079280992231E+02-1.8478681819090E+02
 0.0000000000000E+00-2.0158561984462E+02-6.1595606063633E+01 0.0000000000000E+00
 2.0158561984462E+02 6.1595606063633E+01 0.0000000000000E+00-2.0158561984462E+02
 6.1595606063633E+01 0.0000000000000E+00 2.0158561984462E+02-6.1595606063633E+01
 0.0000000000000E+00-1.6238841598594E+02-1.3439041322975E+02 0.0000000000000E+00
 1.6238841598594E+02 1.3439041322975E+02 0.0000000000000E+00-1.6238841598594E+02
 1.3439041322975E+02 0.0000000000000E+00 1.6238841598594E+02-1.3439041322975E+02
 0.0000000000000E+00-1.3439041322975E+02-1.6238841598594E+02 0.0000000000000E+00
 1.3439041322975E+02 1.6238841598594E+02 0.0000000000000E+00-1.3439041322975E+02
 1.6238841598594E+02 0.0000000000000E+00 1.3439041322975E+02-1.6238841598594E+02
 0.0000000000000E+00-6.1595606063633E+01-2.0158561984462E+02 0.0000000000000E+00
 6.1595606063633E+01 2.0158561984462E+02 0.0000000000000E+00-6.1595606063633E+01
 2.0158561984462E+02 0.0000000000000E+00 6.1595606063633E+01-2.0158561984462E+02
 0.0000000000000E+00-2.0718522039586E+02-3.9197203858676E+01 0.0000000000000E+00
 2.0718522039586E+02 3.9197203858676E+01 0.0000000000000E+00-2.0718522039586E+02
 3.9197203858676E+01 0.0000000000000E+00 2.0718522039586E+02-3.9197203858676E+01
 0.0000000000000E+00-3.9197203858676E+01-2.0718522039586E+02 0.0000000000000E+00
 3.9197203858676E+01 2.0718522039586E+02 0.0000000000000E+00-3.9197203858676E+01
 2.0718522039586E+02 0.0000000000000E+00 3.9197203858676E+01-2.0718522039586E+02
 0.0000000000000E+00-1.9598601929338E+02-7.8394407717351E+01 0.0000000000000E+00
 1.9598601929338E+02 7.8394407717351E+01 0.0000000000000E+00-1.9598601929338E+02
 7.8394407717351E+01 0.0000000000000E+00 1.9598601929338E+02-7.8394407717351E+01
 0.0000000000000E+00-7.8394407717351E+01-1.9598601929338E+02 0.0000000000000E+00
 7.8394407717351E+01 1.9598601929338E+02 0.0000000000000E+00-7.8394407717351E+01
 1.9598601929338E+02 0.0000000000000E+00 7.8394407717351E+01-1.9598601929338E+02
 0.0000000000000E+00-1.7918721763966E+02-1.1199201102479E+02 0.0000000000000E+00
 1.7918721763966E+02 1.1199201102479E+02 0.0000000000000E+00-1.7918721763966E+02
 1.1199201102479E+02 0.0000000000000E+00 1.7918721763966E+02-1.1199201102479E+02
 0.0000000000000E+00-1.1199201102479E+02-1.7918721763966E+02 0.0000000000000E+00
 1.1199201102479E+02 1.7918721763966E+02 0.0000000000000E+00-1.1199201102479E+02
 1.7918721763966E+02 0.0000000000000E+00 1.1199201102479E+02-1.7918721763966E+02
 0.0000000000000E+00-1.6798801653718E+02-1.2879081267851E+02 0.0000000000000E+00
 1.6798801653718E+02 1.2879081267851E+02 0.0000000000000E+00-1.6798801653718E+02
 1.2879081267851E+02 0.0000000000000E+00 1.6798801653718E+02-1.2879081267851E+02
 0.0000000000000E+00-1.2879081267851E+02-1.6798801653718E+02 0.0000000000000E+00
 1.2879081267851E+02 1.6798801653718E+02 0.0000000000000E+00-1.2879081267851E+02
 1.6798801653718E+02 0.0000000000000E+00 1.2879081267851E+02-1.6798801653718E+02
 0.0000000000000E+00-2.0718522039586E+02-4.4796804409915E+01 0.0000000000000E+00
 2.0718522039586E+02 4.4796804409915E+01 0.0000000000000E+00-2.0718522039586E+02
 4.4796804409915E+01 0.0000000000000E+00 2.0718522039586E+02-4.4796804409915E+01
 0.0000000000000E+00-4.4796804409915E+01-2.0718522039586E+02 0.0000000000000E+00
 4.4796804409915E+01 2.0718522039586E+02 0.0000000000000E+00-4.4796804409915E+01
 2.0718522039586E+02 0.0000000000000E+00 4.4796804409915E+01-2.0718522039586E+02
 0.0000000000000E+00-2.0158561984462E+02-6.7195206614873E+01 0.0000000000000E+00
 2.0158561984462E+02 6.7195206614873E+01 0.0000000000000E+00-2.0158561984462E+02
 6.7195206614873E+01 0.0000000000000E+00 2.0158561984462E+02-6.7195206614873E+01
 0.0000000000000E+00-6.7195206614873E+01-2.0158561984462E+02 0.0000000000000E+00
 6.7195206614873E+01 2.0158561984462E+02 0.0000000000000E+00-6.7195206614873E+01
 2.0158561984462E+02 0.0000000000000E+00 6.7195206614873E+01-2.0158561984462E+02
 0.0000000000000E+00-2.1278482094710E+02 0.0000000000000E+00 0.0000000000000E+00
 2.1278482094710E+02 0.0000000000000E+00 0.0000000000000E+00 0.0000000000000E+00
-2.1278482094710E+02 0.0000000000000E+00 0.0000000000000E+00 2.1278482094710E+02
 0.0000000000000E+00-2.1278482094710E+02-5.5996005512394E+00 0.0000000000000E+00
 2.1278482094710E+02 5.5996005512394E+00 0.0000000000000E+00-2.1278482094710E+02
 5.5996005512394E+00 0.0000000000000E+00 2.1278482094710E+02-5.5996005512394E+00
 0.0000000000000E+00-1.9038641874214E+02-9.5193209371070E+01 0.0000000000000E+00
 1.9038641874214E+02 9.5193209371070E+01 0.0000000000000E+00-1.9038641874214E+02
 9.5193209371070E+01 0.0000000000000E+00 1.9038641874214E+02-9.5193209371070E+01
 0.0000000000000E+00-1.7358761708842E+02-1.2319121212727E+02 0.0000000000000E+00
 1.7358761708842E+02 1.2319121212727E+02 0.0000000000000E+00-1.7358761708842E+02
 1.2319121212727E+02 0.0000000000000E+00 1.7358761708842E+02-1.2319121212727E+02
 0.0000000000000E+00-1.2319121212727E+02-1.7358761708842E+02 0.0000000000000E+00
 1.2319121212727E+02 1.7358761708842E+02 0.0000000000000E+00-1.2319121212727E+02
 1.7358761708842E+02 0.0000000000000E+00 1.2319121212727E+02-1.7358761708842E+02
 0.0000000000000E+00-9.5193209371070E+01-1.9038641874214E+02 0.0000000000000E+00
 9.5193209371070E+01 1.9038641874214E+02 0.0000000000000E+00-9.5193209371070E+01
 1.9038641874214E+02 0.0000000000000E+00 9.5193209371070E+01-1.9038641874214E+02
 0.0000000000000E+00-5.5996005512394E+00-2.1278482094710E+02 0.0000000000000E+00
 5.5996005512394E+00 2.1278482094710E+02 0.0000000000000E+00-5.5996005512394E+00
 2.1278482094710E+02 0.0000000000000E+00 5.5996005512394E+00-2.1278482094710E+02
 0.0000000000000E+00-2.1278482094710E+02-1.1199201102479E+01 0.0000000000000E+00
 2.1278482094710E+02 1.1199201102479E+01 0.0000000000000E+00-2.1278482094710E+02
 1.1199201102479E+01 0.0000000000000E+00 2.1278482094710E+02-1.1199201102479E+01
 0.0000000000000E+00-1.1199201102479E+01-2.1278482094710E+02 0.0000000000000E+00
 1.1199201102479E+01 2.1278482094710E+02 0.0000000000000E+00-1.1199201102479E+01
 2.1278482094710E+02 0.0000000000000E+00 1.1199201102479E+01-2.1278482094710E+02
 0.0000000000000E+00-2.0718522039586E+02-5.0396404961154E+01 0.0000000000000E+00
 2.0718522039586E+02 5.0396404961154E+01 0.0000000000000E+00-2.0718522039586E+02
 5.0396404961154E+01 0.0000000000000E+00 2.0718522039586E+02-5.0396404961154E+01
 0.0000000000000E+00-1.9598601929338E+02-8.3994008268591E+01 0.0000000000000E+00
 1.9598601929338E+02 8.3994008268591E+01 0.0000000000000E+00-1.9598601929338E+02
 8.3994008268591E+01 0.0000000000000E+00 1.9598601929338E+02-8.3994008268591E+01
 0.0000000000000E+00-1.8478681819090E+02-1.0639241047355E+02 0.0000000000000E+00
 1.8478681819090E+02 1.0639241047355E+02 0.0000000000000E+00-1.8478681819090E+02
 1.0639241047355E+02 0.0000000000000E+00 1.8478681819090E+02-1.0639241047355E+02
 0.0000000000000E+00-1.0639241047355E+02-1.8478681819090E+02 0.0000000000000E+00
 1.0639241047355E+02 1.8478681819090E+02 0.0000000000000E+00-1.0639241047355E+02
 1.8478681819090E+02 0.0000000000000E+00 1.0639241047355E+02-1.8478681819090E+02
 0.0000000000000E+00-8.3994008268591E+01-1.9598601929338E+02 0.0000000000000E+00
 8.3994008268591E+01 1.9598601929338E+02 0.0000000000000E+00-8.3994008268591E+01
 1.9598601929338E+02 0.0000000000000E+00 8.3994008268591E+01-1.9598601929338E+02
 0.0000000000000E+00-5.0396404961154E+01-2.0718522039586E+02 0.0000000000000E+00
 5.0396404961154E+01 2.0718522039586E+02 0.0000000000000E+00-5.0396404961154E+01
 2.0718522039586E+02 0.0000000000000E+00 5.0396404961154E+01-2.0718522039586E+02
 0.0000000000000E+00-2.1278482094710E+02-1.6798801653718E+01 0.0000000000000E+00
 2.1278482094710E+02 1.6798801653718E+01 0.0000000000000E+00-2.1278482094710E+02
 1.6798801653718E+01 0.0000000000000E+00 2.1278482094710E+02-1.6798801653718E+01
 0.0000000000000E+00-1.6798801653718E+01-2.1278482094710E+02 0.0000000000000E+00
 1.6798801653718E+01 2.1278482094710E+02 0.0000000000000E+00-1.6798801653718E+01
 2.1278482094710E+02 0.0000000000000E+00 1.6798801653718E+01-2.1278482094710E+02
 0.0000000000000E+00-1.5118921488346E+02-1.5118921488346E+02 0.0000000000000E+00
 1.5118921488346E+02 1.5118921488346E+02 0.0000000000000E+00-1.5118921488346E+02
 1.5118921488346E+02 0.0000000000000E+00 1.5118921488346E+02-1.5118921488346E+02
 0.0000000000000E+00-2.1278482094710E+02-2.2398402204958E+01 0.0000000000000E+00
 2.1278482094710E+02 2.2398402204958E+01 0.0000000000000E+00-2.1278482094710E+02
 2.2398402204958E+01 0.0000000000000E+00 2.1278482094710E+02-2.2398402204958E+01
 0.0000000000000E+00-1.5678881543470E+02-1.4558961433222E+02 0.0000000000000E+00
 1.5678881543470E+02 1.4558961433222E+02 0.0000000000000E+00-1.5678881543470E+02
 1.4558961433222E+02 0.0000000000000E+00 1.5678881543470E+02-1.4558961433222E+02
 0.0000000000000E+00-1.4558961433222E+02-1.5678881543470E+02 0.0000000000000E+00
 1.4558961433222E+02 1.5678881543470E+02 0.0000000000000E+00-1.4558961433222E+02
 1.5678881543470E+02 0.0000000000000E+00 1.4558961433222E+02-1.5678881543470E+02
 0.0000000000000E+00-2.2398402204958E+01-2.1278482094710E+02 0.0000000000000E+00
 2.2398402204958E+01 2.1278482094710E+02 0.0000000000000E+00-2.2398402204958E+01
 2.1278482094710E+02 0.0000000000000E+00 2.2398402204958E+01-2.1278482094710E+02
 0.0000000000000E+00-2.0158561984462E+02-7.2794807166112E+01 0.0000000000000E+00
 2.0158561984462E+02 7.2794807166112E+01 0.0000000000000E+00-2.0158561984462E+02
 7.2794807166112E+01 0.0000000000000E+00 2.0158561984462E+02-7.2794807166112E+01
 0.0000000000000E+00-1.7918721763966E+02-1.1759161157603E+02 0.0000000000000E+00
 1.7918721763966E+02 1.1759161157603E+02 0.0000000000000E+00-1.7918721763966E+02
 1.1759161157603E+02 0.0000000000000E+00 1.7918721763966E+02-1.1759161157603E+02
 0.0000000000000E+00-1.1759161157603E+02-1.7918721763966E+02 0.0000000000000E+00
 1.1759161157603E+02 1.7918721763966E+02 0.0000000000000E+00-1.1759161157603E+02
 1.7918721763966E+02 0.0000000000000E+00 1.1759161157603E+02-1.7918721763966E+02
 0.0000000000000E+00-7.2794807166112E+01-2.0158561984462E+02 0.0000000000000E+00
 7.2794807166112E+01 2.0158561984462E+02 0.0000000000000E+00-7.2794807166112E+01
 2.0158561984462E+02 0.0000000000000E+00 7.2794807166112E+01-2.0158561984462E+02
 0.0000000000000E+00-1.6238841598594E+02-1.3999001378098E+02 0.0000000000000E+00
 1.6238841598594E+02 1.3999001378098E+02 0.0000000000000E+00-1.6238841598594E+02
 1.3999001378098E+02 0.0000000000000E+00 1.6238841598594E+02-1.3999001378098E+02
 0.0000000000000E+00-1.3999001378098E+02-1.6238841598594E+02 0.0000000000000E+00
 1.3999001378098E+02 1.6238841598594E+02 0.0000000000000E+00-1.3999001378098E+02
 1.6238841598594E+02 0.0000000000000E+00 1.3999001378098E+02-1.6238841598594E+02
 0.0000000000000E+00-2.1278482094710E+02-2.7998002756197E+01 0.0000000000000E+00
 2.1278482094710E+02 2.7998002756197E+01 0.0000000000000E+00-2.1278482094710E+02
 2.7998002756197E+01 0.0000000000000E+00 2.1278482094710E+02-2.7998002756197E+01
 0.0000000000000E+00-2.0718522039586E+02-5.5996005512394E+01 0.0000000000000E+00
 2.0718522039586E+02 5.5996005512394E+01 0.0000000000000E+00-2.0718522039586E+02
 5.5996005512394E+01 0.0000000000000E+00 2.0718522039586E+02-5.5996005512394E+01
 0.0000000000000E+00-5.5996005512394E+01-2.0718522039586E+02 0.0000000000000E+00
 5.5996005512394E+01 2.0718522039586E+02 0.0000000000000E+00-5.5996005512394E+01
 2.0718522039586E+02 0.0000000000000E+00 5.5996005512394E+01-2.0718522039586E+02
 0.0000000000000E+00-2.7998002756197E+01-2.1278482094710E+02 0.0000000000000E+00
 2.7998002756197E+01 2.1278482094710E+02 0.0000000000000E+00-2.7998002756197E+01
 2.1278482094710E+02 0.0000000000000E+00 2.7998002756197E+01-2.1278482094710E+02
 0.0000000000000E+00-1.6798801653718E+02-1.3439041322975E+02 0.0000000000000E+00
 1.6798801653718E+02 1.3439041322975E+02 0.0000000000000E+00-1.6798801653718E+02
 1.3439041322975E+02 0.0000000000000E+00 1.6798801653718E+02-1.3439041322975E+02
 0.0000000000000E+00-1.3439041322975E+02-1.6798801653718E+02 0.0000000000000E+00
 1.3439041322975E+02 1.6798801653718E+02 0.0000000000000E+00-1.3439041322975E+02
 1.6798801653718E+02 0.0000000000000E+00 1.3439041322975E+02-1.6798801653718E+02
 0.0000000000000E+00-2.1278482094710E+02-3.3597603307436E+01 0.0000000000000E+00
 2.1278482094710E+02 3.3597603307436E+01 0.0000000000000E+00-2.1278482094710E+02
 3.3597603307436E+01 0.0000000000000E+00 2.1278482094710E+02-3.3597603307436E+01
 0.0000000000000E+00-1.9038641874214E+02-1.0079280992231E+02 0.0000000000000E+00
 1.9038641874214E+02 1.0079280992231E+02 0.0000000000000E+00-1.9038641874214E+02
 1.0079280992231E+02 0.0000000000000E+00 1.9038641874214E+02-1.0079280992231E+02
 0.0000000000000E+00-1.0079280992231E+02-1.9038641874214E+02 0.0000000000000E+00
 1.0079280992231E+02 1.9038641874214E+02 0.0000000000000E+00-1.0079280992231E+02
 1.9038641874214E+02 0.0000000000000E+00 1.0079280992231E+02-1.9038641874214E+02
 0.0000000000000E+00-3.3597603307436E+01-2.1278482094710E+02 0.0000000000000E+00
 3.3597603307436E+01 2.1278482094710E+02 0.0000000000000E+00-3.3597603307436E+01
 2.1278482094710E+02 0.0000000000000E+00 3.3597603307436E+01-2.1278482094710E+02
 0.0000000000000E+00-1.9598601929338E+02-8.9593608819830E+01 0.0000000000000E+00
 1.9598601929338E+02 8.9593608819830E+01 0.0000000000000E+00-1.9598601929338E+02
 8.9593608819830E+01 0.0000000000000E+00 1.9598601929338E+02-8.9593608819830E+01
 0.0000000000000E+00-8.9593608819830E+01-1.9598601929338E+02 0.0000000000000E+00
 8.9593608819830E+01 1.9598601929338E+02 0.0000000000000E+00-8.9593608819830E+01
 1.9598601929338E+02 0.0000000000000E+00 8.9593608819830E+01-1.9598601929338E+02
 0.0000000000000E+00-1.8478681819090E+02-1.1199201102479E+02 0.0000000000000E+00
 1.8478681819090E+02 1.1199201102479E+02 0.0000000000000E+00-1.8478681819090E+02
 1.1199201102479E+02 0.0000000000000E+00 1.8478681819090E+02-1.1199201102479E+02
 0.0000000000000E+00-1.1199201102479E+02-1.8478681819090E+02 0.0000000000000E+00
 1.1199201102479E+02 1.8478681819090E+02 0.0000000000000E+00-1.1199201102479E+02
 1.8478681819090E+02 0.0000000000000E+00 1.1199201102479E+02-1.8478681819090E+02
 0.0000000000000E+00-2.0718522039586E+02-6.1595606063633E+01 0.0000000000000E+00
 2.0718522039586E+02 6.1595606063633E+01 0.0000000000000E+00-2.0718522039586E+02
 6.1595606063633E+01 0.0000000000000E+00 2.0718522039586E+02-6.1595606063633E+01
 0.0000000000000E+00-1.7358761708842E+02-1.2879081267851E+02 0.0000000000000E+00
 1.7358761708842E+02 1.2879081267851E+02 0.0000000000000E+00-1.7358761708842E+02
 1.2879081267851E+02 0.0000000000000E+00 1.7358761708842E+02-1.2879081267851E+02
 0.0000000000000E+00-1.2879081267851E+02-1.7358761708842E+02 0.0000000000000E+00
 1.2879081267851E+02 1.7358761708842E+02 0.0000000000000E+00-1.2879081267851E+02
 1.7358761708842E+02 0.0000000000000E+00 1.2879081267851E+02-1.7358761708842E+02
 0.0000000000000E+00-6.1595606063633E+01-2.0718522039586E+02 0.0000000000000E+00
 6.1595606063633E+01 2.0718522039586E+02 0.0000000000000E+00-6.1595606063633E+01
 2.0718522039586E+02 0.0000000000000E+00 6.1595606063633E+01-2.0718522039586E+02
 0.0000000000000E+00-2.0158561984462E+02-7.8394407717351E+01 0.0000000000000E+00
 2.0158561984462E+02 7.8394407717351E+01 0.0000000000000E+00-2.0158561984462E+02
 7.8394407717351E+01 0.0000000000000E+00 2.0158561984462E+02-7.8394407717351E+01
 0.0000000000000E+00-7.8394407717351E+01-2.0158561984462E+02 0.0000000000000E+00
 7.8394407717351E+01 2.0158561984462E+02 0.0000000000000E+00-7.8394407717351E+01
 2.0158561984462E+02 0.0000000000000E+00 7.8394407717351E+01-2.0158561984462E+02
 0.0000000000000E+00-2.1278482094710E+02-3.9197203858676E+01 0.0000000000000E+00
 2.1278482094710E+02 3.9197203858676E+01 0.0000000000000E+00-2.1278482094710E+02
 3.9197203858676E+01 0.0000000000000E+00 2.1278482094710E+02-3.9197203858676E+01
 0.0000000000000E+00-3.9197203858676E+01-2.1278482094710E+02 0.0000000000000E+00
 3.9197203858676E+01 2.1278482094710E+02 0.0000000000000E+00-3.9197203858676E+01
 2.1278482094710E+02 0.0000000000000E+00 3.9197203858676E+01-2.1278482094710E+02
 0.0000000000000E+00-2.1278482094710E+02-4.4796804409915E+01 0.0000000000000E+00
 2.1278482094710E+02 4.4796804409915E+01 0.0000000000000E+00-2.1278482094710E+02
 4.4796804409915E+01 0.0000000000000E+00 2.1278482094710E+02-4.4796804409915E+01
 0.0000000000000E+00-1.7918721763966E+02-1.2319121212727E+02 0.0000000000000E+00
 1.7918721763966E+02 1.2319121212727E+02 0.0000000000000E+00-1.7918721763966E+02
 1.2319121212727E+02 0.0000000000000E+00 1.7918721763966E+02-1.2319121212727E+02
 0.0000000000000E+00-1.2319121212727E+02-1.7918721763966E+02 0.0000000000000E+00
 1.2319121212727E+02 1.7918721763966E+02 0.0000000000000E+00-1.2319121212727E+02
 1.7918721763966E+02 0.0000000000000E+00 1.2319121212727E+02-1.7918721763966E+02
 0.0000000000000E+00-4.4796804409915E+01-2.1278482094710E+02 0.0000000000000E+00
 4.4796804409915E+01 2.1278482094710E+02 0.0000000000000E+00-4.4796804409915E+01
 2.1278482094710E+02 0.0000000000000E+00 4.4796804409915E+01-2.1278482094710E+02
 0.0000000000000E+00-2.0718522039586E+02-6.7195206614873E+01 0.0000000000000E+00
 2.0718522039586E+02 6.7195206614873E+01 0.0000000000000E+00-2.0718522039586E+02
 6.7195206614873E+01 0.0000000000000E+00 2.0718522039586E+02-6.7195206614873E+01
 0.0000000000000E+00-1.5678881543470E+02-1.5118921488346E+02 0.0000000000000E+00
 1.5678881543470E+02 1.5118921488346E+02 0.0000000000000E+00-1.5678881543470E+02
 1.5118921488346E+02 0.0000000000000E+00 1.5678881543470E+02-1.5118921488346E+02
 0.0000000000000E+00-1.5118921488346E+02-1.5678881543470E+02 0.0000000000000E+00
 1.5118921488346E+02 1.5678881543470E+02 0.0000000000000E+00-1.5118921488346E+02
 1.5678881543470E+02 0.0000000000000E+00 1.5118921488346E+02-1.5678881543470E+02
 0.0000000000000E+00-6.7195206614873E+01-2.0718522039586E+02 0.0000000000000E+00
 6.7195206614873E+01 2.0718522039586E+02 0.0000000000000E+00-6.7195206614873E+01
 2.0718522039586E+02 0.0000000000000E+00 6.7195206614873E+01-2.0718522039586E+02
 0.0000000000000E+00-1.9598601929338E+02-9.5193209371070E+01 0.0000000000000E+00
 1.9598601929338E+02 9.5193209371070E+01 0.0000000000000E+00-1.9598601929338E+02
 9.5193209371070E+01 0.0000000000000E+00 1.9598601929338E+02-9.5193209371070E+01
 0.0000000000000E+00-9.5193209371070E+01-1.9598601929338E+02 0.0000000000000E+00
 9.5193209371070E+01 1.9598601929338E+02 0.0000000000000E+00-9.5193209371070E+01
 1.9598601929338E+02 0.0000000000000E+00 9.5193209371070E+01-1.9598601929338E+02
 0.0000000000000E+00-1.9038641874214E+02-1.0639241047355E+02 0.0000000000000E+00
 1.9038641874214E+02 1.0639241047355E+02 0.0000000000000E+00-1.9038641874214E+02
 1.0639241047355E+02 0.0000000000000E+00 1.9038641874214E+02-1.0639241047355E+02
 0.0000000000000E+00-1.6238841598594E+02-1.4558961433222E+02 0.0000000000000E+00
 1.6238841598594E+02 1.4558961433222E+02 0.0000000000000E+00-1.6238841598594E+02
 1.4558961433222E+02 0.0000000000000E+00 1.6238841598594E+02-1.4558961433222E+02
 0.0000000000000E+00-1.4558961433222E+02-1.6238841598594E+02 0.0000000000000E+00
 1.4558961433222E+02 1.6238841598594E+02 0.0000000000000E+00-1.4558961433222E+02
 1.6238841598594E+02 0.0000000000000E+00 1.4558961433222E+02-1.6238841598594E+02
 0.0000000000000E+00-1.0639241047355E+02-1.9038641874214E+02 0.0000000000000E+00
 1.0639241047355E+02 1.9038641874214E+02 0.0000000000000E+00-1.0639241047355E+02
 1.9038641874214E+02 0.0000000000000E+00 1.0639241047355E+02-1.9038641874214E+02
 0.0000000000000E+00-2.1838442149834E+02 0.0000000000000E+00 0.0000000000000E+00
 2.1838442149834E+02 0.0000000000000E+00 0.0000000000000E+00-2.0158561984462E+02
-8.3994008268591E+01 0.0000000000000E+00 2.0158561984462E+02 8.3994008268591E+01
 0.0000000000000E+00-2.0158561984462E+02 8.3994008268591E+01 0.0000000000000E+00
 2.0158561984462E+02-8.3994008268591E+01 0.0000000000000E+00-8.3994008268591E+01
-2.0158561984462E+02 0.0000000000000E+00 8.3994008268591E+01 2.0158561984462E+02
 0.0000000000000E+00-8.3994008268591E+01 2.0158561984462E+02 0.0000000000000E+00
 8.3994008268591E+01-2.0158561984462E+02 0.0000000000000E+00 0.0000000000000E+00
-2.1838442149834E+02 0.0000000000000E+00 0.0000000000000E+00 2.1838442149834E+02
 0.0000000000000E+00-2.1838442149834E+02-5.5996005512394E+00 0.0000000000000E+00
 2.1838442149834E+02 5.5996005512394E+00 0.0000000000000E+00-2.1838442149834E+02
 5.5996005512394E+00 0.0000000000000E+00 2.1838442149834E+02-5.5996005512394E+00
 0.0000000000000E+00-5.5996005512394E+00-2.1838442149834E+02 0.0000000000000E+00
 5.5996005512394E+00 2.1838442149834E+02 0.0000000000000E+00-5.5996005512394E+00
 2.1838442149834E+02 0.0000000000000E+00 5.5996005512394E+00-2.1838442149834E+02
 0.0000000000000E+00-2.1838442149834E+02-1.1199201102479E+01 0.0000000000000E+00
 2.1838442149834E+02 1.1199201102479E+01 0.0000000000000E+00-2.1838442149834E+02
 1.1199201102479E+01 0.0000000000000E+00 2.1838442149834E+02-1.1199201102479E+01
 0.0000000000000E+00-2.1278482094710E+02-5.0396404961154E+01 0.0000000000000E+00
 2.1278482094710E+02 5.0396404961154E+01 0.0000000000000E+00-2.1278482094710E+02
 5.0396404961154E+01 0.0000000000000E+00 2.1278482094710E+02-5.0396404961154E+01
 0.0000000000000E+00-1.6798801653718E+02-1.3999001378098E+02 0.0000000000000E+00
 1.6798801653718E+02 1.3999001378098E+02 0.0000000000000E+00-1.6798801653718E+02
 1.3999001378098E+02 0.0000000000000E+00 1.6798801653718E+02-1.3999001378098E+02
 0.0000000000000E+00-1.3999001378098E+02-1.6798801653718E+02 0.0000000000000E+00
 1.3999001378098E+02 1.6798801653718E+02 0.0000000000000E+00-1.3999001378098E+02
 1.6798801653718E+02 0.0000000000000E+00 1.3999001378098E+02-1.6798801653718E+02
 0.0000000000000E+00-5.0396404961154E+01-2.1278482094710E+02 0.0000000000000E+00
 5.0396404961154E+01 2.1278482094710E+02 0.0000000000000E+00-5.0396404961154E+01
 2.1278482094710E+02 0.0000000000000E+00 5.0396404961154E+01-2.1278482094710E+02
 0.0000000000000E+00-1.1199201102479E+01-2.1838442149834E+02 0.0000000000000E+00
 1.1199201102479E+01 2.1838442149834E+02 0.0000000000000E+00-1.1199201102479E+01
 2.1838442149834E+02 0.0000000000000E+00 1.1199201102479E+01-2.1838442149834E+02
 0.0000000000000E+00-2.1838442149834E+02-1.6798801653718E+01 0.0000000000000E+00
 2.1838442149834E+02 1.6798801653718E+01 0.0000000000000E+00-2.1838442149834E+02
 1.6798801653718E+01 0.0000000000000E+00 2.1838442149834E+02-1.6798801653718E+01
 0.0000000000000E+00-1.8478681819090E+02-1.1759161157603E+02 0.0000000000000E+00
 1.8478681819090E+02 1.1759161157603E+02 0.0000000000000E+00-1.8478681819090E+02
 1.1759161157603E+02 0.0000000000000E+00 1.8478681819090E+02-1.1759161157603E+02
 0.0000000000000E+00-1.1759161157603E+02-1.8478681819090E+02 0.0000000000000E+00
 1.1759161157603E+02 1.8478681819090E+02 0.0000000000000E+00-1.1759161157603E+02
 1.8478681819090E+02 0.0000000000000E+00 1.1759161157603E+02-1.8478681819090E+02
 0.0000000000000E+00-1.6798801653718E+01-2.1838442149834E+02 0.0000000000000E+00
 1.6798801653718E+01 2.1838442149834E+02 0.0000000000000E+00-1.6798801653718E+01
 2.1838442149834E+02 0.0000000000000E+00 1.6798801653718E+01-2.1838442149834E+02
 0.0000000000000E+00-2.1838442149834E+02-2.2398402204958E+01 0.0000000000000E+00
 2.1838442149834E+02 2.2398402204958E+01 0.0000000000000E+00-2.1838442149834E+02
 2.2398402204958E+01 0.0000000000000E+00 2.1838442149834E+02-2.2398402204958E+01
 0.0000000000000E+00-1.7358761708842E+02-1.3439041322975E+02 0.0000000000000E+00
 1.7358761708842E+02 1.3439041322975E+02 0.0000000000000E+00-1.7358761708842E+02
 1.3439041322975E+02 0.0000000000000E+00 1.7358761708842E+02-1.3439041322975E+02
 0.0000000000000E+00-1.3439041322975E+02-1.7358761708842E+02 0.0000000000000E+00
 1.3439041322975E+02 1.7358761708842E+02 0.0000000000000E+00-1.3439041322975E+02
 1.7358761708842E+02 0.0000000000000E+00 1.3439041322975E+02-1.7358761708842E+02
 0.0000000000000E+00-2.2398402204958E+01-2.1838442149834E+02 0.0000000000000E+00
 2.2398402204958E+01 2.1838442149834E+02 0.0000000000000E+00-2.2398402204958E+01
 2.1838442149834E+02 0.0000000000000E+00 2.2398402204958E+01-2.1838442149834E+02
 0.0000000000000E+00-2.0718522039586E+02-7.2794807166112E+01 0.0000000000000E+00
 2.0718522039586E+02 7.2794807166112E+01 0.0000000000000E+00-2.0718522039586E+02
 7.2794807166112E+01 0.0000000000000E+00 2.0718522039586E+02-7.2794807166112E+01
 0.0000000000000E+00-7.2794807166112E+01-2.0718522039586E+02 0.0000000000000E+00
 7.2794807166112E+01 2.0718522039586E+02 0.0000000000000E+00-7.2794807166112E+01
 2.0718522039586E+02 0.0000000000000E+00 7.2794807166112E+01-2.0718522039586E+02
 0.0000000000000E+00-2.1278482094710E+02-5.5996005512394E+01 0.0000000000000E+00
 2.1278482094710E+02 5.5996005512394E+01 0.0000000000000E+00-2.1278482094710E+02
 5.5996005512394E+01 0.0000000000000E+00 2.1278482094710E+02-5.5996005512394E+01
 0.0000000000000E+00-5.5996005512394E+01-2.1278482094710E+02 0.0000000000000E+00
 5.5996005512394E+01 2.1278482094710E+02 0.0000000000000E+00-5.5996005512394E+01
 2.1278482094710E+02 0.0000000000000E+00 5.5996005512394E+01-2.1278482094710E+02
 0.0000000000000E+00-2.1838442149834E+02-2.7998002756197E+01 0.0000000000000E+00
 2.1838442149834E+02 2.7998002756197E+01 0.0000000000000E+00-2.1838442149834E+02
 2.7998002756197E+01 0.0000000000000E+00 2.1838442149834E+02-2.7998002756197E+01
 0.0000000000000E+00-2.7998002756197E+01-2.1838442149834E+02 0.0000000000000E+00
 2.7998002756197E+01 2.1838442149834E+02 0.0000000000000E+00-2.7998002756197E+01
 2.1838442149834E+02 0.0000000000000E+00 2.7998002756197E+01-2.1838442149834E+02
 0.0000000000000E+00-1.9598601929338E+02-1.0079280992231E+02 0.0000000000000E+00
 1.9598601929338E+02 1.0079280992231E+02 0.0000000000000E+00-1.9598601929338E+02
 1.0079280992231E+02 0.0000000000000E+00 1.9598601929338E+02-1.0079280992231E+02
 0.0000000000000E+00-1.0079280992231E+02-1.9598601929338E+02 0.0000000000000E+00
 1.0079280992231E+02 1.9598601929338E+02 0.0000000000000E+00-1.0079280992231E+02
 1.9598601929338E+02 0.0000000000000E+00 1.0079280992231E+02-1.9598601929338E+02
 0.0000000000000E+00-2.0158561984462E+02-8.9593608819830E+01 0.0000000000000E+00
 2.0158561984462E+02 8.9593608819830E+01 0.0000000000000E+00-2.0158561984462E+02
 8.9593608819830E+01 0.0000000000000E+00 2.0158561984462E+02-8.9593608819830E+01
 0.0000000000000E+00-8.9593608819830E+01-2.0158561984462E+02 0.0000000000000E+00
 8.9593608819830E+01 2.0158561984462E+02 0.0000000000000E+00-8.9593608819830E+01
 2.0158561984462E+02 0.0000000000000E+00 8.9593608819830E+01-2.0158561984462E+02
 0.0000000000000E+00-1.7918721763966E+02-1.2879081267851E+02 0.0000000000000E+00
 1.7918721763966E+02 1.2879081267851E+02 0.0000000000000E+00-1.7918721763966E+02
 1.2879081267851E+02 0.0000000000000E+00 1.7918721763966E+02-1.2879081267851E+02
 0.0000000000000E+00-1.2879081267851E+02-1.7918721763966E+02 0.0000000000000E+00
 1.2879081267851E+02 1.7918721763966E+02 0.0000000000000E+00-1.2879081267851E+02
 1.7918721763966E+02 0.0000000000000E+00 1.2879081267851E+02-1.7918721763966E+02
 0.0000000000000E+00-1.9038641874214E+02-1.1199201102479E+02 0.0000000000000E+00
 1.9038641874214E+02 1.1199201102479E+02 0.0000000000000E+00-1.9038641874214E+02
 1.1199201102479E+02 0.0000000000000E+00 1.9038641874214E+02-1.1199201102479E+02
 0.0000000000000E+00-1.1199201102479E+02-1.9038641874214E+02 0.0000000000000E+00
 1.1199201102479E+02 1.9038641874214E+02 0.0000000000000E+00-1.1199201102479E+02
 1.9038641874214E+02 0.0000000000000E+00 1.1199201102479E+02-1.9038641874214E+02
 0.0000000000000E+00-2.1838442149834E+02-3.3597603307436E+01 0.0000000000000E+00
 2.1838442149834E+02 3.3597603307436E+01 0.0000000000000E+00-2.1838442149834E+02
 3.3597603307436E+01 0.0000000000000E+00 2.1838442149834E+02-3.3597603307436E+01
 0.0000000000000E+00-3.3597603307436E+01-2.1838442149834E+02 0.0000000000000E+00
 3.3597603307436E+01 2.1838442149834E+02 0.0000000000000E+00-3.3597603307436E+01
 2.1838442149834E+02 0.0000000000000E+00 3.3597603307436E+01-2.1838442149834E+02
 0.0000000000000E+00-2.1278482094710E+02-6.1595606063633E+01 0.0000000000000E+00
 2.1278482094710E+02 6.1595606063633E+01 0.0000000000000E+00-2.1278482094710E+02
 6.1595606063633E+01 0.0000000000000E+00 2.1278482094710E+02-6.1595606063633E+01
 0.0000000000000E+00-2.0718522039586E+02-7.8394407717351E+01 0.0000000000000E+00
 2.0718522039586E+02 7.8394407717351E+01 0.0000000000000E+00-2.0718522039586E+02
 7.8394407717351E+01 0.0000000000000E+00 2.0718522039586E+02-7.8394407717351E+01
 0.0000000000000E+00-7.8394407717351E+01-2.0718522039586E+02 0.0000000000000E+00
 7.8394407717351E+01 2.0718522039586E+02 0.0000000000000E+00-7.8394407717351E+01
 2.0718522039586E+02 0.0000000000000E+00 7.8394407717351E+01-2.0718522039586E+02
 0.0000000000000E+00-6.1595606063633E+01-2.1278482094710E+02 0.0000000000000E+00
 6.1595606063633E+01 2.1278482094710E+02 0.0000000000000E+00-6.1595606063633E+01
 2.1278482094710E+02 0.0000000000000E+00 6.1595606063633E+01-2.1278482094710E+02
 0.0000000000000E+00-1.5678881543470E+02-1.5678881543470E+02 0.0000000000000E+00
 1.5678881543470E+02 1.5678881543470E+02 0.0000000000000E+00-1.5678881543470E+02
 1.5678881543470E+02 0.0000000000000E+00 1.5678881543470E+02-1.5678881543470E+02
 0.0000000000000E+00-2.1838442149834E+02-3.9197203858676E+01 0.0000000000000E+00
 2.1838442149834E+02 3.9197203858676E+01 0.0000000000000E+00-2.1838442149834E+02
 3.9197203858676E+01 0.0000000000000E+00 2.1838442149834E+02-3.9197203858676E+01
 0.0000000000000E+00-1.6238841598594E+02-1.5118921488346E+02 0.0000000000000E+00
 1.6238841598594E+02 1.5118921488346E+02 0.0000000000000E+00-1.6238841598594E+02
 1.5118921488346E+02 0.0000000000000E+00 1.6238841598594E+02-1.5118921488346E+02
 0.0000000000000E+00-1.5118921488346E+02-1.6238841598594E+02 0.0000000000000E+00
 1.5118921488346E+02 1.6238841598594E+02 0.0000000000000E+00-1.5118921488346E+02
 1.6238841598594E+02 0.0000000000000E+00 1.5118921488346E+02-1.6238841598594E+02
 0.0000000000000E+00-3.9197203858676E+01-2.1838442149834E+02 0.0000000000000E+00
 3.9197203858676E+01 2.1838442149834E+02 0.0000000000000E+00-3.9197203858676E+01
 2.1838442149834E+02 0.0000000000000E+00 3.9197203858676E+01-2.1838442149834E+02
 0.0000000000000E+00-1.8478681819090E+02-1.2319121212727E+02 0.0000000000000E+00
 1.8478681819090E+02 1.2319121212727E+02 0.0000000000000E+00-1.8478681819090E+02
 1.2319121212727E+02 0.0000000000000E+00 1.8478681819090E+02-1.2319121212727E+02
 0.0000000000000E+00-1.2319121212727E+02-1.8478681819090E+02 0.0000000000000E+00
 1.2319121212727E+02 1.8478681819090E+02 0.0000000000000E+00-1.2319121212727E+02
 1.8478681819090E+02 0.0000000000000E+00 1.2319121212727E+02-1.8478681819090E+02
 0.0000000000000E+00-1.6798801653718E+02-1.4558961433222E+02 0.0000000000000E+00
 1.6798801653718E+02 1.4558961433222E+02 0.0000000000000E+00-1.6798801653718E+02
 1.4558961433222E+02 0.0000000000000E+00 1.6798801653718E+02-1.4558961433222E+02
 0.0000000000000E+00-1.4558961433222E+02-1.6798801653718E+02 0.0000000000000E+00
 1.4558961433222E+02 1.6798801653718E+02 0.0000000000000E+00-1.4558961433222E+02
 1.6798801653718E+02 0.0000000000000E+00 1.4558961433222E+02-1.6798801653718E+02
 0.0000000000000E+00-2.1838442149834E+02-4.4796804409915E+01 0.0000000000000E+00
 2.1838442149834E+02 4.4796804409915E+01 0.0000000000000E+00-2.1838442149834E+02
 4.4796804409915E+01 0.0000000000000E+00 2.1838442149834E+02-4.4796804409915E+01
 0.0000000000000E+00-2.0158561984462E+02-9.5193209371070E+01 0.0000000000000E+00
 2.0158561984462E+02 9.5193209371070E+01 0.0000000000000E+00-2.0158561984462E+02
 9.5193209371070E+01 0.0000000000000E+00 2.0158561984462E+02-9.5193209371070E+01
 0.0000000000000E+00-9.5193209371070E+01-2.0158561984462E+02 0.0000000000000E+00
 9.5193209371070E+01 2.0158561984462E+02 0.0000000000000E+00-9.5193209371070E+01
 2.0158561984462E+02 0.0000000000000E+00 9.5193209371070E+01-2.0158561984462E+02
 0.0000000000000E+00-4.4796804409915E+01-2.1838442149834E+02 0.0000000000000E+00
 4.4796804409915E+01 2.1838442149834E+02 0.0000000000000E+00-4.4796804409915E+01
 2.1838442149834E+02 0.0000000000000E+00 4.4796804409915E+01-2.1838442149834E+02
 0.0000000000000E+00-1.9598601929338E+02-1.0639241047355E+02 0.0000000000000E+00
 1.9598601929338E+02 1.0639241047355E+02 0.0000000000000E+00-1.9598601929338E+02
 1.0639241047355E+02 0.0000000000000E+00 1.9598601929338E+02-1.0639241047355E+02
 0.0000000000000E+00-1.7358761708842E+02-1.3999001378098E+02 0.0000000000000E+00
 1.7358761708842E+02 1.3999001378098E+02 0.0000000000000E+00-1.7358761708842E+02
 1.3999001378098E+02 0.0000000000000E+00 1.7358761708842E+02-1.3999001378098E+02
 0.0000000000000E+00-1.3999001378098E+02-1.7358761708842E+02 0.0000000000000E+00
 1.3999001378098E+02 1.7358761708842E+02 0.0000000000000E+00-1.3999001378098E+02
 1.7358761708842E+02 0.0000000000000E+00 1.3999001378098E+02-1.7358761708842E+02
 0.0000000000000E+00-1.0639241047355E+02-1.9598601929338E+02 0.0000000000000E+00
 1.0639241047355E+02 1.9598601929338E+02 0.0000000000000E+00-1.0639241047355E+02
 1.9598601929338E+02 0.0000000000000E+00 1.0639241047355E+02-1.9598601929338E+02
 0.0000000000000E+00-2.1278482094710E+02-6.7195206614873E+01 0.0000000000000E+00
 2.1278482094710E+02 6.7195206614873E+01 0.0000000000000E+00-2.1278482094710E+02
 6.7195206614873E+01 0.0000000000000E+00 2.1278482094710E+02-6.7195206614873E+01
 0.0000000000000E+00-6.7195206614873E+01-2.1278482094710E+02 0.0000000000000E+00
 6.7195206614873E+01 2.1278482094710E+02 0.0000000000000E+00-6.7195206614873E+01
 2.1278482094710E+02 0.0000000000000E+00 6.7195206614873E+01-2.1278482094710E+02
 0.0000000000000E+00-2.0718522039586E+02-8.3994008268591E+01 0.0000000000000E+00
 2.0718522039586E+02 8.3994008268591E+01 0.0000000000000E+00-2.0718522039586E+02
 8.3994008268591E+01 0.0000000000000E+00 2.0718522039586E+02-8.3994008268591E+01
 0.0000000000000E+00-8.3994008268591E+01-2.0718522039586E+02 0.0000000000000E+00
 8.3994008268591E+01 2.0718522039586E+02 0.0000000000000E+00-8.3994008268591E+01
 2.0718522039586E+02 0.0000000000000E+00 8.3994008268591E+01-2.0718522039586E+02
 0.0000000000000E+00-1.9038641874214E+02-1.1759161157603E+02 0.0000000000000E+00
 1.9038641874214E+02 1.1759161157603E+02 0.0000000000000E+00-1.9038641874214E+02
 1.1759161157603E+02 0.0000000000000E+00 1.9038641874214E+02-1.1759161157603E+02
 0.0000000000000E+00-1.1759161157603E+02-1.9038641874214E+02 0.0000000000000E+00
 1.1759161157603E+02 1.9038641874214E+02 0.0000000000000E+00-1.1759161157603E+02
 1.9038641874214E+02 0.0000000000000E+00 1.1759161157603E+02-1.9038641874214E+02
 0.0000000000000E+00-2.2398402204958E+02 0.0000000000000E+00 0.0000000000000E+00
 2.2398402204958E+02 0.0000000000000E+00 0.0000000000000E+00-1.7918721763966E+02
-1.3439041322975E+02 0.0000000000000E+00 1.7918721763966E+02 1.3439041322975E+02
 0.0000000000000E+00-1.7918721763966E+02 1.3439041322975E+02 0.0000000000000E+00
 1.7918721763966E+02-1.3439041322975E+02 0.0000000000000E+00-1.3439041322975E+02
-1.7918721763966E+02 0.0000000000000E+00 1.3439041322975E+02 1.7918721763966E+02
 0.0000000000000E+00-1.3439041322975E+02 1.7918721763966E+02 0.0000000000000E+00
 1.3439041322975E+02-1.7918721763966E+02 0.0000000000000E+00 0.0000000000000E+00
-2.2398402204958E+02 0.0000000000000E+00 0.0000000000000E+00 2.2398402204958E+02
 0.0000000000000E+00-2.2398402204958E+02-5.5996005512394E+00 0.0000000000000E+00
 2.2398402204958E+02 5.5996005512394E+00 0.0000000000000E+00-2.2398402204958E+02
 5.5996005512394E+00 0.0000000000000E+00 2.2398402204958E+02-5.5996005512394E+00
 0.0000000000000E+00-5.5996005512394E+00-2.2398402204958E+02 0.0000000000000E+00
 5.5996005512394E+00 2.2398402204958E+02 0.0000000000000E+00-5.5996005512394E+00
 2.2398402204958E+02 0.0000000000000E+00 5.5996005512394E+00-2.2398402204958E+02
 0.0000000000000E+00-2.1838442149834E+02-5.0396404961154E+01 0.0000000000000E+00
 2.1838442149834E+02 5.0396404961154E+01 0.0000000000000E+00-2.1838442149834E+02
 5.0396404961154E+01 0.0000000000000E+00 2.1838442149834E+02-5.0396404961154E+01
 0.0000000000000E+00-5.0396404961154E+01-2.1838442149834E+02 0.0000000000000E+00
 5.0396404961154E+01 2.1838442149834E+02 0.0000000000000E+00-5.0396404961154E+01
 2.1838442149834E+02 0.0000000000000E+00 5.0396404961154E+01-2.1838442149834E+02
 0.0000000000000E+00-2.2398402204958E+02-1.1199201102479E+01 0.0000000000000E+00
 2.2398402204958E+02 1.1199201102479E+01 0.0000000000000E+00-2.2398402204958E+02
 1.1199201102479E+01 0.0000000000000E+00 2.2398402204958E+02-1.1199201102479E+01
 0.0000000000000E+00-1.1199201102479E+01-2.2398402204958E+02 0.0000000000000E+00
 1.1199201102479E+01 2.2398402204958E+02 0.0000000000000E+00-1.1199201102479E+01
 2.2398402204958E+02 0.0000000000000E+00 1.1199201102479E+01-2.2398402204958E+02
 0.0000000000000E+00-2.2398402204958E+02-1.6798801653718E+01 0.0000000000000E+00
 2.2398402204958E+02 1.6798801653718E+01 0.0000000000000E+00-2.2398402204958E+02
 1.6798801653718E+01 0.0000000000000E+00 2.2398402204958E+02-1.6798801653718E+01
 0.0000000000000E+00-1.6798801653718E+01-2.2398402204958E+02 0.0000000000000E+00
 1.6798801653718E+01 2.2398402204958E+02 0.0000000000000E+00-1.6798801653718E+01
 2.2398402204958E+02 0.0000000000000E+00 1.6798801653718E+01-2.2398402204958E+02
 0.0000000000000E+00-2.1278482094710E+02-7.2794807166112E+01 0.0000000000000E+00
 2.1278482094710E+02 7.2794807166112E+01 0.0000000000000E+00-2.1278482094710E+02
 7.2794807166112E+01 0.0000000000000E+00 2.1278482094710E+02-7.2794807166112E+01
 0.0000000000000E+00-7.2794807166112E+01-2.1278482094710E+02 0.0000000000000E+00
 7.2794807166112E+01 2.1278482094710E+02 0.0000000000000E+00-7.2794807166112E+01
 2.1278482094710E+02 0.0000000000000E+00 7.2794807166112E+01-2.1278482094710E+02
 0.0000000000000E+00-2.2398402204958E+02-2.2398402204958E+01 0.0000000000000E+00
 2.2398402204958E+02 2.2398402204958E+01 0.0000000000000E+00-2.2398402204958E+02
 2.2398402204958E+01 0.0000000000000E+00 2.2398402204958E+02-2.2398402204958E+01
 0.0000000000000E+00-2.2398402204958E+01-2.2398402204958E+02 0.0000000000000E+00
 2.2398402204958E+01 2.2398402204958E+02 0.0000000000000E+00-2.2398402204958E+01
 2.2398402204958E+02 0.0000000000000E+00 2.2398402204958E+01-2.2398402204958E+02
 0.0000000000000E+00-1.8478681819090E+02-1.2879081267851E+02 0.0000000000000E+00
 1.8478681819090E+02 1.2879081267851E+02 0.0000000000000E+00-1.8478681819090E+02
 1.2879081267851E+02 0.0000000000000E+00 1.8478681819090E+02-1.2879081267851E+02
 0.0000000000000E+00-1.2879081267851E+02-1.8478681819090E+02 0.0000000000000E+00
 1.2879081267851E+02 1.8478681819090E+02 0.0000000000000E+00-1.2879081267851E+02
 1.8478681819090E+02 0.0000000000000E+00 1.2879081267851E+02-1.8478681819090E+02
 0.0000000000000E+00-2.0158561984462E+02-1.0079280992231E+02 0.0000000000000E+00
 2.0158561984462E+02 1.0079280992231E+02 0.0000000000000E+00-2.0158561984462E+02
 1.0079280992231E+02 0.0000000000000E+00 2.0158561984462E+02-1.0079280992231E+02
 0.0000000000000E+00-1.0079280992231E+02-2.0158561984462E+02 0.0000000000000E+00
 1.0079280992231E+02 2.0158561984462E+02 0.0000000000000E+00-1.0079280992231E+02
 2.0158561984462E+02 0.0000000000000E+00 1.0079280992231E+02-2.0158561984462E+02
 0.0000000000000E+00-2.1838442149834E+02-5.5996005512394E+01 0.0000000000000E+00
 2.1838442149834E+02 5.5996005512394E+01 0.0000000000000E+00-2.1838442149834E+02
 5.5996005512394E+01 0.0000000000000E+00 2.1838442149834E+02-5.5996005512394E+01
 0.0000000000000E+00-5.5996005512394E+01-2.1838442149834E+02 0.0000000000000E+00
 5.5996005512394E+01 2.1838442149834E+02 0.0000000000000E+00-5.5996005512394E+01
 2.1838442149834E+02 0.0000000000000E+00 5.5996005512394E+01-2.1838442149834E+02
 0.0000000000000E+00-2.2398402204958E+02-2.7998002756197E+01 0.0000000000000E+00
 2.2398402204958E+02 2.7998002756197E+01 0.0000000000000E+00-2.2398402204958E+02
 2.7998002756197E+01 0.0000000000000E+00 2.2398402204958E+02-2.7998002756197E+01
 0.0000000000000E+00-2.0718522039586E+02-8.9593608819830E+01 0.0000000000000E+00
 2.0718522039586E+02 8.9593608819830E+01 0.0000000000000E+00-2.0718522039586E+02
 8.9593608819830E+01 0.0000000000000E+00 2.0718522039586E+02-8.9593608819830E+01
 0.0000000000000E+00-1.9598601929338E+02-1.1199201102479E+02 0.0000000000000E+00
 1.9598601929338E+02 1.1199201102479E+02 0.0000000000000E+00-1.9598601929338E+02
 1.1199201102479E+02 0.0000000000000E+00 1.9598601929338E+02-1.1199201102479E+02
 0.0000000000000E+00-1.6238841598594E+02-1.5678881543470E+02 0.0000000000000E+00
 1.6238841598594E+02 1.5678881543470E+02 0.0000000000000E+00-1.6238841598594E+02
 1.5678881543470E+02 0.0000000000000E+00 1.6238841598594E+02-1.5678881543470E+02
 0.0000000000000E+00-1.5678881543470E+02-1.6238841598594E+02 0.0000000000000E+00
 1.5678881543470E+02 1.6238841598594E+02 0.0000000000000E+00-1.5678881543470E+02
 1.6238841598594E+02 0.0000000000000E+00 1.5678881543470E+02-1.6238841598594E+02
 0.0000000000000E+00-1.1199201102479E+02-1.9598601929338E+02 0.0000000000000E+00
 1.1199201102479E+02 1.9598601929338E+02 0.0000000000000E+00-1.1199201102479E+02
 1.9598601929338E+02 0.0000000000000E+00 1.1199201102479E+02-1.9598601929338E+02
 0.0000000000000E+00-8.9593608819830E+01-2.0718522039586E+02 0.0000000000000E+00
 8.9593608819830E+01 2.0718522039586E+02 0.0000000000000E+00-8.9593608819830E+01
 2.0718522039586E+02 0.0000000000000E+00 8.9593608819830E+01-2.0718522039586E+02
 0.0000000000000E+00-2.7998002756197E+01-2.2398402204958E+02 0.0000000000000E+00
 2.7998002756197E+01 2.2398402204958E+02 0.0000000000000E+00-2.7998002756197E+01
 2.2398402204958E+02 0.0000000000000E+00 2.7998002756197E+01-2.2398402204958E+02
 0.0000000000000E+00-1.6798801653718E+02-1.5118921488346E+02 0.0000000000000E+00
 1.6798801653718E+02 1.5118921488346E+02 0.0000000000000E+00-1.6798801653718E+02
 1.5118921488346E+02 0.0000000000000E+00 1.6798801653718E+02-1.5118921488346E+02
 0.0000000000000E+00-1.5118921488346E+02-1.6798801653718E+02 0.0000000000000E+00
 1.5118921488346E+02 1.6798801653718E+02 0.0000000000000E+00-1.5118921488346E+02
 1.6798801653718E+02 0.0000000000000E+00 1.5118921488346E+02-1.6798801653718E+02
 0.0000000000000E+00-2.2398402204958E+02-3.3597603307436E+01 0.0000000000000E+00
 2.2398402204958E+02 3.3597603307436E+01 0.0000000000000E+00-2.2398402204958E+02
 3.3597603307436E+01 0.0000000000000E+00 2.2398402204958E+02-3.3597603307436E+01
 0.0000000000000E+00-3.3597603307436E+01-2.2398402204958E+02 0.0000000000000E+00
 3.3597603307436E+01 2.2398402204958E+02 0.0000000000000E+00-3.3597603307436E+01
 2.2398402204958E+02 0.0000000000000E+00 3.3597603307436E+01-2.2398402204958E+02
 0.0000000000000E+00-1.7358761708842E+02-1.4558961433222E+02 0.0000000000000E+00
 1.7358761708842E+02 1.4558961433222E+02 0.0000000000000E+00-1.7358761708842E+02
 1.4558961433222E+02 0.0000000000000E+00 1.7358761708842E+02-1.4558961433222E+02
 0.0000000000000E+00-1.4558961433222E+02-1.7358761708842E+02 0.0000000000000E+00
 1.4558961433222E+02 1.7358761708842E+02 0.0000000000000E+00-1.4558961433222E+02
 1.7358761708842E+02 0.0000000000000E+00 1.4558961433222E+02-1.7358761708842E+02
 0.0000000000000E+00-2.1278482094710E+02-7.8394407717351E+01 0.0000000000000E+00
 2.1278482094710E+02 7.8394407717351E+01 0.0000000000000E+00-2.1278482094710E+02
 7.8394407717351E+01 0.0000000000000E+00 2.1278482094710E+02-7.8394407717351E+01
 0.0000000000000E+00-1.9038641874214E+02-1.2319121212727E+02 0.0000000000000E+00
 1.9038641874214E+02 1.2319121212727E+02 0.0000000000000E+00-1.9038641874214E+02
 1.2319121212727E+02 0.0000000000000E+00 1.9038641874214E+02-1.2319121212727E+02
 0.0000000000000E+00-1.2319121212727E+02-1.9038641874214E+02 0.0000000000000E+00
 1.2319121212727E+02 1.9038641874214E+02 0.0000000000000E+00-1.2319121212727E+02
 1.9038641874214E+02 0.0000000000000E+00 1.2319121212727E+02-1.9038641874214E+02
 0.0000000000000E+00-7.8394407717351E+01-2.1278482094710E+02 0.0000000000000E+00
 7.8394407717351E+01 2.1278482094710E+02 0.0000000000000E+00-7.8394407717351E+01
 2.1278482094710E+02 0.0000000000000E+00 7.8394407717351E+01-2.1278482094710E+02
 0.0000000000000E+00-2.1838442149834E+02-6.1595606063633E+01 0.0000000000000E+00
 2.1838442149834E+02 6.1595606063633E+01 0.0000000000000E+00-2.1838442149834E+02
 6.1595606063633E+01 0.0000000000000E+00 2.1838442149834E+02-6.1595606063633E+01
 0.0000000000000E+00-6.1595606063633E+01-2.1838442149834E+02 0.0000000000000E+00
 6.1595606063633E+01 2.1838442149834E+02 0.0000000000000E+00-6.1595606063633E+01
 2.1838442149834E+02 0.0000000000000E+00 6.1595606063633E+01-2.1838442149834E+02
 0.0000000000000E+00-2.2398402204958E+02-3.9197203858676E+01 0.0000000000000E+00
 2.2398402204958E+02 3.9197203858676E+01 0.0000000000000E+00-2.2398402204958E+02
 3.9197203858676E+01 0.0000000000000E+00 2.2398402204958E+02-3.9197203858676E+01
 0.0000000000000E+00-1.7918721763966E+02-1.3999001378098E+02 0.0000000000000E+00
 1.7918721763966E+02 1.3999001378098E+02 0.0000000000000E+00-1.7918721763966E+02
 1.3999001378098E+02 0.0000000000000E+00 1.7918721763966E+02-1.3999001378098E+02
 0.0000000000000E+00-1.3999001378098E+02-1.7918721763966E+02 0.0000000000000E+00
 1.3999001378098E+02 1.7918721763966E+02 0.0000000000000E+00-1.3999001378098E+02
 1.7918721763966E+02 0.0000000000000E+00 1.3999001378098E+02-1.7918721763966E+02
 0.0000000000000E+00-3.9197203858676E+01-2.2398402204958E+02 0.0000000000000E+00
 3.9197203858676E+01 2.2398402204958E+02 0.0000000000000E+00-3.9197203858676E+01
 2.2398402204958E+02 0.0000000000000E+00 3.9197203858676E+01-2.2398402204958E+02
 0.0000000000000E+00-2.0158561984462E+02-1.0639241047355E+02 0.0000000000000E+00
 2.0158561984462E+02 1.0639241047355E+02 0.0000000000000E+00-2.0158561984462E+02
 1.0639241047355E+02 0.0000000000000E+00 2.0158561984462E+02-1.0639241047355E+02
 0.0000000000000E+00-1.0639241047355E+02-2.0158561984462E+02 0.0000000000000E+00
 1.0639241047355E+02 2.0158561984462E+02 0.0000000000000E+00-1.0639241047355E+02
 2.0158561984462E+02 0.0000000000000E+00 1.0639241047355E+02-2.0158561984462E+02
 0.0000000000000E+00-2.0718522039586E+02-9.5193209371070E+01 0.0000000000000E+00
 2.0718522039586E+02 9.5193209371070E+01 0.0000000000000E+00-2.0718522039586E+02
 9.5193209371070E+01 0.0000000000000E+00 2.0718522039586E+02-9.5193209371070E+01
 0.0000000000000E+00-9.5193209371070E+01-2.0718522039586E+02 0.0000000000000E+00
 9.5193209371070E+01 2.0718522039586E+02 0.0000000000000E+00-9.5193209371070E+01
 2.0718522039586E+02 0.0000000000000E+00 9.5193209371070E+01-2.0718522039586E+02
 0.0000000000000E+00-2.2398402204958E+02-4.4796804409915E+01 0.0000000000000E+00
 2.2398402204958E+02 4.4796804409915E+01 0.0000000000000E+00-2.2398402204958E+02
 4.4796804409915E+01 0.0000000000000E+00 2.2398402204958E+02-4.4796804409915E+01
 0.0000000000000E+00-4.4796804409915E+01-2.2398402204958E+02 0.0000000000000E+00
 4.4796804409915E+01 2.2398402204958E+02 0.0000000000000E+00-4.4796804409915E+01
 2.2398402204958E+02 0.0000000000000E+00 4.4796804409915E+01-2.2398402204958E+02
 0.0000000000000E+00-2.1838442149834E+02-6.7195206614873E+01 0.0000000000000E+00
 2.1838442149834E+02 6.7195206614873E+01 0.0000000000000E+00-2.1838442149834E+02
 6.7195206614873E+01 0.0000000000000E+00 2.1838442149834E+02-6.7195206614873E+01
 0.0000000000000E+00-1.8478681819090E+02-1.3439041322975E+02 0.0000000000000E+00
 1.8478681819090E+02 1.3439041322975E+02 0.0000000000000E+00-1.8478681819090E+02
 1.3439041322975E+02 0.0000000000000E+00 1.8478681819090E+02-1.3439041322975E+02
 0.0000000000000E+00-1.3439041322975E+02-1.8478681819090E+02 0.0000000000000E+00
 1.3439041322975E+02 1.8478681819090E+02 0.0000000000000E+00-1.3439041322975E+02
 1.8478681819090E+02 0.0000000000000E+00 1.3439041322975E+02-1.8478681819090E+02
 0.0000000000000E+00-6.7195206614873E+01-2.1838442149834E+02 0.0000000000000E+00
 6.7195206614873E+01 2.1838442149834E+02 0.0000000000000E+00-6.7195206614873E+01
 2.1838442149834E+02 0.0000000000000E+00 6.7195206614873E+01-2.1838442149834E+02
 0.0000000000000E+00-1.9598601929338E+02-1.1759161157603E+02 0.0000000000000E+00
 1.9598601929338E+02 1.1759161157603E+02 0.0000000000000E+00-1.9598601929338E+02
 1.1759161157603E+02 0.0000000000000E+00 1.9598601929338E+02-1.1759161157603E+02
 0.0000000000000E+00-1.1759161157603E+02-1.9598601929338E+02 0.0000000000000E+00
 1.1759161157603E+02 1.9598601929338E+02 0.0000000000000E+00-1.1759161157603E+02
 1.9598601929338E+02 0.0000000000000E+00 1.1759161157603E+02-1.9598601929338E+02
 0.0000000000000E+00-2.1278482094710E+02-8.3994008268591E+01 0.0000000000000E+00
 2.1278482094710E+02 8.3994008268591E+01 0.0000000000000E+00-2.1278482094710E+02
 8.3994008268591E+01 0.0000000000000E+00 2.1278482094710E+02-8.3994008268591E+01
 0.0000000000000E+00-8.3994008268591E+01-2.1278482094710E+02 0.0000000000000E+00
 8.3994008268591E+01 2.1278482094710E+02 0.0000000000000E+00-8.3994008268591E+01
 2.1278482094710E+02 0.0000000000000E+00 8.3994008268591E+01-2.1278482094710E+02
 0.0000000000000E+00-2.2958362260081E+02 0.0000000000000E+00 0.0000000000000E+00
 2.2958362260081E+02 0.0000000000000E+00 0.0000000000000E+00-2.2398402204958E+02
-5.0396404961154E+01 0.0000000000000E+00 2.2398402204958E+02 5.0396404961154E+01
 0.0000000000000E+00-2.2398402204958E+02 5.0396404961154E+01 0.0000000000000E+00
 2.2398402204958E+02-5.0396404961154E+01 0.0000000000000E+00-5.0396404961154E+01
-2.2398402204958E+02 0.0000000000000E+00 5.0396404961154E+01 2.2398402204958E+02
 0.0000000000000E+00-5.0396404961154E+01 2.2398402204958E+02 0.0000000000000E+00
 5.0396404961154E+01-2.2398402204958E+02 0.0000000000000E+00 0.0000000000000E+00
-2.2958362260081E+02 0.0000000000000E+00 0.0000000000000E+00 2.2958362260081E+02
 0.0000000000000E+00-2.2958362260081E+02-5.5996005512394E+00 0.0000000000000E+00
 2.2958362260081E+02 5.5996005512394E+00 0.0000000000000E+00-2.2958362260081E+02
 5.5996005512394E+00 0.0000000000000E+00 2.2958362260081E+02-5.5996005512394E+00
 0.0000000000000E+00-1.6238841598594E+02-1.6238841598594E+02 0.0000000000000E+00
 1.6238841598594E+02 1.6238841598594E+02 0.0000000000000E+00-1.6238841598594E+02
 1.6238841598594E+02 0.0000000000000E+00 1.6238841598594E+02-1.6238841598594E+02
 0.0000000000000E+00-5.5996005512394E+00-2.2958362260081E+02 0.0000000000000E+00
 5.5996005512394E+00 2.2958362260081E+02 0.0000000000000E+00-5.5996005512394E+00
 2.2958362260081E+02 0.0000000000000E+00 5.5996005512394E+00-2.2958362260081E+02
 0.0000000000000E+00-1.6798801653718E+02-1.5678881543470E+02 0.0000000000000E+00
 1.6798801653718E+02 1.5678881543470E+02 0.0000000000000E+00-1.6798801653718E+02
 1.5678881543470E+02 0.0000000000000E+00 1.6798801653718E+02-1.5678881543470E+02
 0.0000000000000E+00-1.5678881543470E+02-1.6798801653718E+02 0.0000000000000E+00
 1.5678881543470E+02 1.6798801653718E+02 0.0000000000000E+00-1.5678881543470E+02
 1.6798801653718E+02 0.0000000000000E+00 1.5678881543470E+02-1.6798801653718E+02
 0.0000000000000E+00-2.2958362260081E+02-1.1199201102479E+01 0.0000000000000E+00
 2.2958362260081E+02 1.1199201102479E+01 0.0000000000000E+00-2.2958362260081E+02
 1.1199201102479E+01 0.0000000000000E+00 2.2958362260081E+02-1.1199201102479E+01
 0.0000000000000E+00-1.9038641874214E+02-1.2879081267851E+02 0.0000000000000E+00
 1.9038641874214E+02 1.2879081267851E+02 0.0000000000000E+00-1.9038641874214E+02
 1.2879081267851E+02 0.0000000000000E+00 1.9038641874214E+02-1.2879081267851E+02
 0.0000000000000E+00-1.2879081267851E+02-1.9038641874214E+02 0.0000000000000E+00
 1.2879081267851E+02 1.9038641874214E+02 0.0000000000000E+00-1.2879081267851E+02
 1.9038641874214E+02 0.0000000000000E+00 1.2879081267851E+02-1.9038641874214E+02
 0.0000000000000E+00-1.1199201102479E+01-2.2958362260081E+02 0.0000000000000E+00
 1.1199201102479E+01 2.2958362260081E+02 0.0000000000000E+00-1.1199201102479E+01
 2.2958362260081E+02 0.0000000000000E+00 1.1199201102479E+01-2.2958362260081E+02
 0.0000000000000E+00-2.2958362260081E+02-1.6798801653718E+01 0.0000000000000E+00
 2.2958362260081E+02 1.6798801653718E+01 0.0000000000000E+00-2.2958362260081E+02
 1.6798801653718E+01 0.0000000000000E+00 2.2958362260081E+02-1.6798801653718E+01
 0.0000000000000E+00-2.1838442149834E+02-7.2794807166112E+01 0.0000000000000E+00
 2.1838442149834E+02 7.2794807166112E+01 0.0000000000000E+00-2.1838442149834E+02
 7.2794807166112E+01 0.0000000000000E+00 2.1838442149834E+02-7.2794807166112E+01
 0.0000000000000E+00-1.7358761708842E+02-1.5118921488346E+02 0.0000000000000E+00
 1.7358761708842E+02 1.5118921488346E+02 0.0000000000000E+00-1.7358761708842E+02
 1.5118921488346E+02 0.0000000000000E+00 1.7358761708842E+02-1.5118921488346E+02
 0.0000000000000E+00-1.5118921488346E+02-1.7358761708842E+02 0.0000000000000E+00
 1.5118921488346E+02 1.7358761708842E+02 0.0000000000000E+00-1.5118921488346E+02
 1.7358761708842E+02 0.0000000000000E+00 1.5118921488346E+02-1.7358761708842E+02
 0.0000000000000E+00-7.2794807166112E+01-2.1838442149834E+02 0.0000000000000E+00
 7.2794807166112E+01 2.1838442149834E+02 0.0000000000000E+00-7.2794807166112E+01
 2.1838442149834E+02 0.0000000000000E+00 7.2794807166112E+01-2.1838442149834E+02
 0.0000000000000E+00-1.6798801653718E+01-2.2958362260081E+02 0.0000000000000E+00
 1.6798801653718E+01 2.2958362260081E+02 0.0000000000000E+00-1.6798801653718E+01
 2.2958362260081E+02 0.0000000000000E+00 1.6798801653718E+01-2.2958362260081E+02
 0.0000000000000E+00-2.0718522039586E+02-1.0079280992231E+02 0.0000000000000E+00
 2.0718522039586E+02 1.0079280992231E+02 0.0000000000000E+00-2.0718522039586E+02
 1.0079280992231E+02 0.0000000000000E+00 2.0718522039586E+02-1.0079280992231E+02
 0.0000000000000E+00-1.0079280992231E+02-2.0718522039586E+02 0.0000000000000E+00
 1.0079280992231E+02 2.0718522039586E+02 0.0000000000000E+00-1.0079280992231E+02
 2.0718522039586E+02 0.0000000000000E+00 1.0079280992231E+02-2.0718522039586E+02
 0.0000000000000E+00-2.0158561984462E+02-1.1199201102479E+02 0.0000000000000E+00
 2.0158561984462E+02 1.1199201102479E+02 0.0000000000000E+00-2.0158561984462E+02
 1.1199201102479E+02 0.0000000000000E+00 2.0158561984462E+02-1.1199201102479E+02
 0.0000000000000E+00-1.1199201102479E+02-2.0158561984462E+02 0.0000000000000E+00
 1.1199201102479E+02 2.0158561984462E+02 0.0000000000000E+00-1.1199201102479E+02
 2.0158561984462E+02 0.0000000000000E+00 1.1199201102479E+02-2.0158561984462E+02
 0.0000000000000E+00-2.2958362260081E+02-2.2398402204958E+01 0.0000000000000E+00
 2.2958362260081E+02 2.2398402204958E+01 0.0000000000000E+00-2.2958362260081E+02
 2.2398402204958E+01 0.0000000000000E+00 2.2958362260081E+02-2.2398402204958E+01
 0.0000000000000E+00-2.2398402204958E+01-2.2958362260081E+02 0.0000000000000E+00
 2.2398402204958E+01 2.2958362260081E+02 0.0000000000000E+00-2.2398402204958E+01
 2.2958362260081E+02 0.0000000000000E+00 2.2398402204958E+01-2.2958362260081E+02
 0.0000000000000E+00-2.2398402204958E+02-5.5996005512394E+01 0.0000000000000E+00
 2.2398402204958E+02 5.5996005512394E+01 0.0000000000000E+00-2.2398402204958E+02
 5.5996005512394E+01 0.0000000000000E+00 2.2398402204958E+02-5.5996005512394E+01
 0.0000000000000E+00-2.1278482094710E+02-8.9593608819830E+01 0.0000000000000E+00
 2.1278482094710E+02 8.9593608819830E+01 0.0000000000000E+00-2.1278482094710E+02
 8.9593608819830E+01 0.0000000000000E+00 2.1278482094710E+02-8.9593608819830E+01
 0.0000000000000E+00-1.7918721763966E+02-1.4558961433222E+02 0.0000000000000E+00
 1.7918721763966E+02 1.4558961433222E+02 0.0000000000000E+00-1.7918721763966E+02
 1.4558961433222E+02 0.0000000000000E+00 1.7918721763966E+02-1.4558961433222E+02
 0.0000000000000E+00-1.4558961433222E+02-1.7918721763966E+02 0.0000000000000E+00
 1.4558961433222E+02 1.7918721763966E+02 0.0000000000000E+00-1.4558961433222E+02
 1.7918721763966E+02 0.0000000000000E+00 1.4558961433222E+02-1.7918721763966E+02
 0.0000000000000E+00-8.9593608819830E+01-2.1278482094710E+02 0.0000000000000E+00
 8.9593608819830E+01 2.1278482094710E+02 0.0000000000000E+00-8.9593608819830E+01
 2.1278482094710E+02 0.0000000000000E+00 8.9593608819830E+01-2.1278482094710E+02
 0.0000000000000E+00-5.5996005512394E+01-2.2398402204958E+02 0.0000000000000E+00
 5.5996005512394E+01 2.2398402204958E+02 0.0000000000000E+00-5.5996005512394E+01
 2.2398402204958E+02 0.0000000000000E+00 5.5996005512394E+01-2.2398402204958E+02
 0.0000000000000E+00-2.2958362260081E+02-2.7998002756197E+01 0.0000000000000E+00
 2.2958362260081E+02 2.7998002756197E+01 0.0000000000000E+00-2.2958362260081E+02
 2.7998002756197E+01 0.0000000000000E+00 2.2958362260081E+02-2.7998002756197E+01
 0.0000000000000E+00-2.7998002756197E+01-2.2958362260081E+02 0.0000000000000E+00
 2.7998002756197E+01 2.2958362260081E+02 0.0000000000000E+00-2.7998002756197E+01
 2.2958362260081E+02 0.0000000000000E+00 2.7998002756197E+01-2.2958362260081E+02
 0.0000000000000E+00-1.9598601929338E+02-1.2319121212727E+02 0.0000000000000E+00
 1.9598601929338E+02 1.2319121212727E+02 0.0000000000000E+00-1.9598601929338E+02
 1.2319121212727E+02 0.0000000000000E+00 1.9598601929338E+02-1.2319121212727E+02
 0.0000000000000E+00-1.2319121212727E+02-1.9598601929338E+02 0.0000000000000E+00
 1.2319121212727E+02 1.9598601929338E+02 0.0000000000000E+00-1.2319121212727E+02
 1.9598601929338E+02 0.0000000000000E+00 1.2319121212727E+02-1.9598601929338E+02
 0.0000000000000E+00-1.8478681819090E+02-1.3999001378098E+02 0.0000000000000E+00
 1.8478681819090E+02 1.3999001378098E+02 0.0000000000000E+00-1.8478681819090E+02
 1.3999001378098E+02 0.0000000000000E+00 1.8478681819090E+02-1.3999001378098E+02
 0.0000000000000E+00-1.3999001378098E+02-1.8478681819090E+02 0.0000000000000E+00
 1.3999001378098E+02 1.8478681819090E+02 0.0000000000000E+00-1.3999001378098E+02
 1.8478681819090E+02 0.0000000000000E+00 1.3999001378098E+02-1.8478681819090E+02
 0.0000000000000E+00-2.2958362260081E+02-3.3597603307436E+01 0.0000000000000E+00
 2.2958362260081E+02 3.3597603307436E+01 0.0000000000000E+00-2.2958362260081E+02
 3.3597603307436E+01 0.0000000000000E+00 2.2958362260081E+02-3.3597603307436E+01
 0.0000000000000E+00-2.1838442149834E+02-7.8394407717351E+01 0.0000000000000E+00
 2.1838442149834E+02 7.8394407717351E+01 0.0000000000000E+00-2.1838442149834E+02
 7.8394407717351E+01 0.0000000000000E+00 2.1838442149834E+02-7.8394407717351E+01
 0.0000000000000E+00-7.8394407717351E+01-2.1838442149834E+02 0.0000000000000E+00
 7.8394407717351E+01 2.1838442149834E+02 0.0000000000000E+00-7.8394407717351E+01
 2.1838442149834E+02 0.0000000000000E+00 7.8394407717351E+01-2.1838442149834E+02
 0.0000000000000E+00-3.3597603307436E+01-2.2958362260081E+02 0.0000000000000E+00
 3.3597603307436E+01 2.2958362260081E+02 0.0000000000000E+00-3.3597603307436E+01
 2.2958362260081E+02 0.0000000000000E+00 3.3597603307436E+01-2.2958362260081E+02
 0.0000000000000E+00-2.2398402204958E+02-6.1595606063633E+01 0.0000000000000E+00
 2.2398402204958E+02 6.1595606063633E+01 0.0000000000000E+00-2.2398402204958E+02
 6.1595606063633E+01 0.0000000000000E+00 2.2398402204958E+02-6.1595606063633E+01
 0.0000000000000E+00-6.1595606063633E+01-2.2398402204958E+02 0.0000000000000E+00
 6.1595606063633E+01 2.2398402204958E+02 0.0000000000000E+00-6.1595606063633E+01
 2.2398402204958E+02 0.0000000000000E+00 6.1595606063633E+01-2.2398402204958E+02
 0.0000000000000E+00-2.2958362260081E+02-3.9197203858676E+01 0.0000000000000E+00
 2.2958362260081E+02 3.9197203858676E+01 0.0000000000000E+00-2.2958362260081E+02
 3.9197203858676E+01 0.0000000000000E+00 2.2958362260081E+02-3.9197203858676E+01
 0.0000000000000E+00-2.0718522039586E+02-1.0639241047355E+02 0.0000000000000E+00
 2.0718522039586E+02 1.0639241047355E+02 0.0000000000000E+00-2.0718522039586E+02
 1.0639241047355E+02 0.0000000000000E+00 2.0718522039586E+02-1.0639241047355E+02
 0.0000000000000E+00-1.0639241047355E+02-2.0718522039586E+02 0.0000000000000E+00
 1.0639241047355E+02 2.0718522039586E+02 0.0000000000000E+00-1.0639241047355E+02
 2.0718522039586E+02 0.0000000000000E+00 1.0639241047355E+02-2.0718522039586E+02
 0.0000000000000E+00-3.9197203858676E+01-2.2958362260081E+02 0.0000000000000E+00
 3.9197203858676E+01 2.2958362260081E+02 0.0000000000000E+00-3.9197203858676E+01
 2.2958362260081E+02 0.0000000000000E+00 3.9197203858676E+01-2.2958362260081E+02
 0.0000000000000E+00-1.9038641874214E+02-1.3439041322975E+02 0.0000000000000E+00
 1.9038641874214E+02 1.3439041322975E+02 0.0000000000000E+00-1.9038641874214E+02
 1.3439041322975E+02 0.0000000000000E+00 1.9038641874214E+02-1.3439041322975E+02
 0.0000000000000E+00-1.3439041322975E+02-1.9038641874214E+02 0.0000000000000E+00
 1.3439041322975E+02 1.9038641874214E+02 0.0000000000000E+00-1.3439041322975E+02
 1.9038641874214E+02 0.0000000000000E+00 1.3439041322975E+02-1.9038641874214E+02
 0.0000000000000E+00-2.1278482094710E+02-9.5193209371070E+01 0.0000000000000E+00
 2.1278482094710E+02 9.5193209371070E+01 0.0000000000000E+00-2.1278482094710E+02
 9.5193209371070E+01 0.0000000000000E+00 2.1278482094710E+02-9.5193209371070E+01
 0.0000000000000E+00-9.5193209371070E+01-2.1278482094710E+02 0.0000000000000E+00
 9.5193209371070E+01 2.1278482094710E+02 0.0000000000000E+00-9.5193209371070E+01
 2.1278482094710E+02 0.0000000000000E+00 9.5193209371070E+01-2.1278482094710E+02
 0.0000000000000E+00-2.0158561984462E+02-1.1759161157603E+02 0.0000000000000E+00
 2.0158561984462E+02 1.1759161157603E+02 0.0000000000000E+00-2.0158561984462E+02
 1.1759161157603E+02 0.0000000000000E+00 2.0158561984462E+02-1.1759161157603E+02
 0.0000000000000E+00-1.1759161157603E+02-2.0158561984462E+02 0.0000000000000E+00
 1.1759161157603E+02 2.0158561984462E+02 0.0000000000000E+00-1.1759161157603E+02
 2.0158561984462E+02 0.0000000000000E+00 1.1759161157603E+02-2.0158561984462E+02
 0.0000000000000E+00-1.6798801653718E+02-1.6238841598594E+02 0.0000000000000E+00
 1.6798801653718E+02 1.6238841598594E+02 0.0000000000000E+00-1.6798801653718E+02
 1.6238841598594E+02 0.0000000000000E+00 1.6798801653718E+02-1.6238841598594E+02
 0.0000000000000E+00-1.6238841598594E+02-1.6798801653718E+02 0.0000000000000E+00
 1.6238841598594E+02 1.6798801653718E+02 0.0000000000000E+00-1.6238841598594E+02
 1.6798801653718E+02 0.0000000000000E+00 1.6238841598594E+02-1.6798801653718E+02
 0.0000000000000E+00-2.2398402204958E+02-6.7195206614873E+01 0.0000000000000E+00
 2.2398402204958E+02 6.7195206614873E+01 0.0000000000000E+00-2.2398402204958E+02
 6.7195206614873E+01 0.0000000000000E+00 2.2398402204958E+02-6.7195206614873E+01
 0.0000000000000E+00-6.7195206614873E+01-2.2398402204958E+02 0.0000000000000E+00
 6.7195206614873E+01 2.2398402204958E+02 0.0000000000000E+00-6.7195206614873E+01
 2.2398402204958E+02 0.0000000000000E+00 6.7195206614873E+01-2.2398402204958E+02
 0.0000000000000E+00-2.2958362260081E+02-4.4796804409915E+01 0.0000000000000E+00
 2.2958362260081E+02 4.4796804409915E+01 0.0000000000000E+00-2.2958362260081E+02
 4.4796804409915E+01 0.0000000000000E+00 2.2958362260081E+02-4.4796804409915E+01
 0.0000000000000E+00-1.7358761708842E+02-1.5678881543470E+02 0.0000000000000E+00
 1.7358761708842E+02 1.5678881543470E+02 0.0000000000000E+00-1.7358761708842E+02
 1.5678881543470E+02 0.0000000000000E+00 1.7358761708842E+02-1.5678881543470E+02
 0.0000000000000E+00-1.5678881543470E+02-1.7358761708842E+02 0.0000000000000E+00
 1.5678881543470E+02 1.7358761708842E+02 0.0000000000000E+00-1.5678881543470E+02
 1.7358761708842E+02 0.0000000000000E+00 1.5678881543470E+02-1.7358761708842E+02
 0.0000000000000E+00-4.4796804409915E+01-2.2958362260081E+02 0.0000000000000E+00
 4.4796804409915E+01 2.2958362260081E+02 0.0000000000000E+00-4.4796804409915E+01
 2.2958362260081E+02 0.0000000000000E+00 4.4796804409915E+01-2.2958362260081E+02
 0.0000000000000E+00-2.1838442149834E+02-8.3994008268591E+01 0.0000000000000E+00
 2.1838442149834E+02 8.3994008268591E+01 0.0000000000000E+00-2.1838442149834E+02
 8.3994008268591E+01 0.0000000000000E+00 2.1838442149834E+02-8.3994008268591E+01
 0.0000000000000E+00-8.3994008268591E+01-2.1838442149834E+02 0.0000000000000E+00
 8.3994008268591E+01 2.1838442149834E+02 0.0000000000000E+00-8.3994008268591E+01
 2.1838442149834E+02 0.0000000000000E+00 8.3994008268591E+01-2.1838442149834E+02
 0.0000000000000E+00-1.7918721763966E+02-1.5118921488346E+02 0.0000000000000E+00
 1.7918721763966E+02 1.5118921488346E+02 0.0000000000000E+00-1.7918721763966E+02
 1.5118921488346E+02 0.0000000000000E+00 1.7918721763966E+02-1.5118921488346E+02
 0.0000000000000E+00-1.5118921488346E+02-1.7918721763966E+02 0.0000000000000E+00
 1.5118921488346E+02 1.7918721763966E+02 0.0000000000000E+00-1.5118921488346E+02
 1.7918721763966E+02 0.0000000000000E+00 1.5118921488346E+02-1.7918721763966E+02
 0.0000000000000E+00-1.9598601929338E+02-1.2879081267851E+02 0.0000000000000E+00
 1.9598601929338E+02 1.2879081267851E+02 0.0000000000000E+00-1.9598601929338E+02
 1.2879081267851E+02 0.0000000000000E+00 1.9598601929338E+02-1.2879081267851E+02
 0.0000000000000E+00-1.2879081267851E+02-1.9598601929338E+02 0.0000000000000E+00
 1.2879081267851E+02 1.9598601929338E+02 0.0000000000000E+00-1.2879081267851E+02
 1.9598601929338E+02 0.0000000000000E+00 1.2879081267851E+02-1.9598601929338E+02
 0.0000000000000E+00-2.2958362260081E+02-5.0396404961154E+01 0.0000000000000E+00
 2.2958362260081E+02 5.0396404961154E+01 0.0000000000000E+00-2.2958362260081E+02
 5.0396404961154E+01 0.0000000000000E+00 2.2958362260081E+02-5.0396404961154E+01
 0.0000000000000E+00-5.0396404961154E+01-2.2958362260081E+02 0.0000000000000E+00
 5.0396404961154E+01 2.2958362260081E+02 0.0000000000000E+00-5.0396404961154E+01
 2.2958362260081E+02 0.0000000000000E+00 5.0396404961154E+01-2.2958362260081E+02
 0.0000000000000E+00-2.3518322315205E+02 0.0000000000000E+00 0.0000000000000E+00
 2.3518322315205E+02 0.0000000000000E+00 0.0000000000000E+00 0.0000000000000E+00
-2.3518322315205E+02 0.0000000000000E+00 0.0000000000000E+00 2.3518322315205E+02
 0.0000000000000E+00-2.3518322315205E+02-5.5996005512394E+00 0.0000000000000E+00
 2.3518322315205E+02 5.5996005512394E+00 0.0000000000000E+00-2.3518322315205E+02
 5.5996005512394E+00 0.0000000000000E+00 2.3518322315205E+02-5.5996005512394E+00
 0.0000000000000E+00-1.8478681819090E+02-1.4558961433222E+02 0.0000000000000E+00
 1.8478681819090E+02 1.4558961433222E+02 0.0000000000000E+00-1.8478681819090E+02
 1.4558961433222E+02 0.0000000000000E+00 1.8478681819090E+02-1.4558961433222E+02
 0.0000000000000E+00-1.4558961433222E+02-1.8478681819090E+02 0.0000000000000E+00
 1.4558961433222E+02 1.8478681819090E+02 0.0000000000000E+00-1.4558961433222E+02
 1.8478681819090E+02 0.0000000000000E+00 1.4558961433222E+02-1.8478681819090E+02
 0.0000000000000E+00-5.5996005512394E+00-2.3518322315205E+02 0.0000000000000E+00
 5.5996005512394E+00 2.3518322315205E+02 0.0000000000000E+00-5.5996005512394E+00
 2.3518322315205E+02 0.0000000000000E+00 5.5996005512394E+00-2.3518322315205E+02
 0.0000000000000E+00-2.3518322315205E+02-1.1199201102479E+01 0.0000000000000E+00
 2.3518322315205E+02 1.1199201102479E+01 0.0000000000000E+00-2.3518322315205E+02
 1.1199201102479E+01 0.0000000000000E+00 2.3518322315205E+02-1.1199201102479E+01
 0.0000000000000E+00-2.1278482094710E+02-1.0079280992231E+02 0.0000000000000E+00
 2.1278482094710E+02 1.0079280992231E+02 0.0000000000000E+00-2.1278482094710E+02
 1.0079280992231E+02 0.0000000000000E+00 2.1278482094710E+02-1.0079280992231E+02
 0.0000000000000E+00-1.0079280992231E+02-2.1278482094710E+02 0.0000000000000E+00
 1.0079280992231E+02 2.1278482094710E+02 0.0000000000000E+00-1.0079280992231E+02
 2.1278482094710E+02 0.0000000000000E+00 1.0079280992231E+02-2.1278482094710E+02
 0.0000000000000E+00-1.1199201102479E+01-2.3518322315205E+02 0.0000000000000E+00
 1.1199201102479E+01 2.3518322315205E+02 0.0000000000000E+00-1.1199201102479E+01
 2.3518322315205E+02 0.0000000000000E+00 1.1199201102479E+01-2.3518322315205E+02
 0.0000000000000E+00-2.2398402204958E+02-7.2794807166112E+01 0.0000000000000E+00
 2.2398402204958E+02 7.2794807166112E+01 0.0000000000000E+00-2.2398402204958E+02
 7.2794807166112E+01 0.0000000000000E+00 2.2398402204958E+02-7.2794807166112E+01
 0.0000000000000E+00-2.0718522039586E+02-1.1199201102479E+02 0.0000000000000E+00
 2.0718522039586E+02 1.1199201102479E+02 0.0000000000000E+00-2.0718522039586E+02
 1.1199201102479E+02 0.0000000000000E+00 2.0718522039586E+02-1.1199201102479E+02
 0.0000000000000E+00-1.1199201102479E+02-2.0718522039586E+02 0.0000000000000E+00
 1.1199201102479E+02 2.0718522039586E+02 0.0000000000000E+00-1.1199201102479E+02
 2.0718522039586E+02 0.0000000000000E+00 1.1199201102479E+02-2.0718522039586E+02
 0.0000000000000E+00-7.2794807166112E+01-2.2398402204958E+02 0.0000000000000E+00
 7.2794807166112E+01 2.2398402204958E+02 0.0000000000000E+00-7.2794807166112E+01
 2.2398402204958E+02 0.0000000000000E+00 7.2794807166112E+01-2.2398402204958E+02
 0.0000000000000E+00-2.3518322315205E+02-1.6798801653718E+01 0.0000000000000E+00
 2.3518322315205E+02 1.6798801653718E+01 0.0000000000000E+00-2.3518322315205E+02
 1.6798801653718E+01 0.0000000000000E+00 2.3518322315205E+02-1.6798801653718E+01
 0.0000000000000E+00-1.6798801653718E+01-2.3518322315205E+02 0.0000000000000E+00
 1.6798801653718E+01 2.3518322315205E+02 0.0000000000000E+00-1.6798801653718E+01
 2.3518322315205E+02 0.0000000000000E+00 1.6798801653718E+01-2.3518322315205E+02
 0.0000000000000E+00-2.1838442149834E+02-8.9593608819830E+01 0.0000000000000E+00
 2.1838442149834E+02 8.9593608819830E+01 0.0000000000000E+00-2.1838442149834E+02
 8.9593608819830E+01 0.0000000000000E+00 2.1838442149834E+02-8.9593608819830E+01
 0.0000000000000E+00-8.9593608819830E+01-2.1838442149834E+02 0.0000000000000E+00
 8.9593608819830E+01 2.1838442149834E+02 0.0000000000000E+00-8.9593608819830E+01
 2.1838442149834E+02 0.0000000000000E+00 8.9593608819830E+01-2.1838442149834E+02
 0.0000000000000E+00-2.3518322315205E+02-2.2398402204958E+01 0.0000000000000E+00
 2.3518322315205E+02 2.2398402204958E+01 0.0000000000000E+00-2.3518322315205E+02
 2.2398402204958E+01 0.0000000000000E+00 2.3518322315205E+02-2.2398402204958E+01
 0.0000000000000E+00-2.0158561984462E+02-1.2319121212727E+02 0.0000000000000E+00
 2.0158561984462E+02 1.2319121212727E+02 0.0000000000000E+00-2.0158561984462E+02
 1.2319121212727E+02 0.0000000000000E+00 2.0158561984462E+02-1.2319121212727E+02
 0.0000000000000E+00-1.2319121212727E+02-2.0158561984462E+02 0.0000000000000E+00
 1.2319121212727E+02 2.0158561984462E+02 0.0000000000000E+00-1.2319121212727E+02
 2.0158561984462E+02 0.0000000000000E+00 1.2319121212727E+02-2.0158561984462E+02
 0.0000000000000E+00-2.2398402204958E+01-2.3518322315205E+02 0.0000000000000E+00
 2.2398402204958E+01 2.3518322315205E+02 0.0000000000000E+00-2.2398402204958E+01
 2.3518322315205E+02 0.0000000000000E+00 2.2398402204958E+01-2.3518322315205E+02
 0.0000000000000E+00-2.2958362260081E+02-5.5996005512394E+01 0.0000000000000E+00
 2.2958362260081E+02 5.5996005512394E+01 0.0000000000000E+00-2.2958362260081E+02
 5.5996005512394E+01 0.0000000000000E+00 2.2958362260081E+02-5.5996005512394E+01
 0.0000000000000E+00-1.9038641874214E+02-1.3999001378098E+02 0.0000000000000E+00
 1.9038641874214E+02 1.3999001378098E+02 0.0000000000000E+00-1.9038641874214E+02
 1.3999001378098E+02 0.0000000000000E+00 1.9038641874214E+02-1.3999001378098E+02
 0.0000000000000E+00-1.3999001378098E+02-1.9038641874214E+02 0.0000000000000E+00
 1.3999001378098E+02 1.9038641874214E+02 0.0000000000000E+00-1.3999001378098E+02
 1.9038641874214E+02 0.0000000000000E+00 1.3999001378098E+02-1.9038641874214E+02
 0.0000000000000E+00-5.5996005512394E+01-2.2958362260081E+02 0.0000000000000E+00
 5.5996005512394E+01 2.2958362260081E+02 0.0000000000000E+00-5.5996005512394E+01
 2.2958362260081E+02 0.0000000000000E+00 5.5996005512394E+01-2.2958362260081E+02
 0.0000000000000E+00-2.3518322315205E+02-2.7998002756197E+01 0.0000000000000E+00
 2.3518322315205E+02 2.7998002756197E+01 0.0000000000000E+00-2.3518322315205E+02
 2.7998002756197E+01 0.0000000000000E+00 2.3518322315205E+02-2.7998002756197E+01
 0.0000000000000E+00-2.7998002756197E+01-2.3518322315205E+02 0.0000000000000E+00
 2.7998002756197E+01 2.3518322315205E+02 0.0000000000000E+00-2.7998002756197E+01
 2.3518322315205E+02 0.0000000000000E+00 2.7998002756197E+01-2.3518322315205E+02
 0.0000000000000E+00-2.2398402204958E+02-7.8394407717351E+01 0.0000000000000E+00
 2.2398402204958E+02 7.8394407717351E+01 0.0000000000000E+00-2.2398402204958E+02
 7.8394407717351E+01 0.0000000000000E+00 2.2398402204958E+02-7.8394407717351E+01
 0.0000000000000E+00-7.8394407717351E+01-2.2398402204958E+02 0.0000000000000E+00
 7.8394407717351E+01 2.2398402204958E+02 0.0000000000000E+00-7.8394407717351E+01
 2.2398402204958E+02 0.0000000000000E+00 7.8394407717351E+01-2.2398402204958E+02
 0.0000000000000E+00-2.3518322315205E+02-3.3597603307436E+01 0.0000000000000E+00
 2.3518322315205E+02 3.3597603307436E+01 0.0000000000000E+00-2.3518322315205E+02
 3.3597603307436E+01 0.0000000000000E+00 2.3518322315205E+02-3.3597603307436E+01
 0.0000000000000E+00-1.6798801653718E+02-1.6798801653718E+02 0.0000000000000E+00
 1.6798801653718E+02 1.6798801653718E+02 0.0000000000000E+00-1.6798801653718E+02
 1.6798801653718E+02 0.0000000000000E+00 1.6798801653718E+02-1.6798801653718E+02
 0.0000000000000E+00-3.3597603307436E+01-2.3518322315205E+02 0.0000000000000E+00
 3.3597603307436E+01 2.3518322315205E+02 0.0000000000000E+00-3.3597603307436E+01
 2.3518322315205E+02 0.0000000000000E+00 3.3597603307436E+01-2.3518322315205E+02
 0.0000000000000E+00-1.9598601929338E+02-1.3439041322975E+02 0.0000000000000E+00
 1.9598601929338E+02 1.3439041322975E+02 0.0000000000000E+00-1.9598601929338E+02
 1.3439041322975E+02 0.0000000000000E+00 1.9598601929338E+02-1.3439041322975E+02
 0.0000000000000E+00-1.3439041322975E+02-1.9598601929338E+02 0.0000000000000E+00
 1.3439041322975E+02 1.9598601929338E+02 0.0000000000000E+00-1.3439041322975E+02
 1.9598601929338E+02 0.0000000000000E+00 1.3439041322975E+02-1.9598601929338E+02
 0.0000000000000E+00-2.2958362260081E+02-6.1595606063633E+01 0.0000000000000E+00
 2.2958362260081E+02 6.1595606063633E+01 0.0000000000000E+00-2.2958362260081E+02
 6.1595606063633E+01 0.0000000000000E+00 2.2958362260081E+02-6.1595606063633E+01
 0.0000000000000E+00-1.7358761708842E+02-1.6238841598594E+02 0.0000000000000E+00
 1.7358761708842E+02 1.6238841598594E+02 0.0000000000000E+00-1.7358761708842E+02
 1.6238841598594E+02 0.0000000000000E+00 1.7358761708842E+02-1.6238841598594E+02
 0.0000000000000E+00-1.6238841598594E+02-1.7358761708842E+02 0.0000000000000E+00
 1.6238841598594E+02 1.7358761708842E+02 0.0000000000000E+00-1.6238841598594E+02
 1.7358761708842E+02 0.0000000000000E+00 1.6238841598594E+02-1.7358761708842E+02
 0.0000000000000E+00-6.1595606063633E+01-2.2958362260081E+02 0.0000000000000E+00
 6.1595606063633E+01 2.2958362260081E+02 0.0000000000000E+00-6.1595606063633E+01
 2.2958362260081E+02 0.0000000000000E+00 6.1595606063633E+01-2.2958362260081E+02
 0.0000000000000E+00-2.1278482094710E+02-1.0639241047355E+02 0.0000000000000E+00
 2.1278482094710E+02 1.0639241047355E+02 0.0000000000000E+00-2.1278482094710E+02
 1.0639241047355E+02 0.0000000000000E+00 2.1278482094710E+02-1.0639241047355E+02
 0.0000000000000E+00-1.0639241047355E+02-2.1278482094710E+02 0.0000000000000E+00
 1.0639241047355E+02 2.1278482094710E+02 0.0000000000000E+00-1.0639241047355E+02
 2.1278482094710E+02 0.0000000000000E+00 1.0639241047355E+02-2.1278482094710E+02
 0.0000000000000E+00-1.7918721763966E+02-1.5678881543470E+02 0.0000000000000E+00
 1.7918721763966E+02 1.5678881543470E+02 0.0000000000000E+00-1.7918721763966E+02
 1.5678881543470E+02 0.0000000000000E+00 1.7918721763966E+02-1.5678881543470E+02
 0.0000000000000E+00-1.5678881543470E+02-1.7918721763966E+02 0.0000000000000E+00
 1.5678881543470E+02 1.7918721763966E+02 0.0000000000000E+00-1.5678881543470E+02
 1.7918721763966E+02 0.0000000000000E+00 1.5678881543470E+02-1.7918721763966E+02
 0.0000000000000E+00-2.1838442149834E+02-9.5193209371070E+01 0.0000000000000E+00
 2.1838442149834E+02 9.5193209371070E+01 0.0000000000000E+00-2.1838442149834E+02
 9.5193209371070E+01 0.0000000000000E+00 2.1838442149834E+02-9.5193209371070E+01
 0.0000000000000E+00-2.0718522039586E+02-1.1759161157603E+02 0.0000000000000E+00
 2.0718522039586E+02 1.1759161157603E+02 0.0000000000000E+00-2.0718522039586E+02
 1.1759161157603E+02 0.0000000000000E+00 2.0718522039586E+02-1.1759161157603E+02
 0.0000000000000E+00-1.1759161157603E+02-2.0718522039586E+02 0.0000000000000E+00
 1.1759161157603E+02 2.0718522039586E+02 0.0000000000000E+00-1.1759161157603E+02
 2.0718522039586E+02 0.0000000000000E+00 1.1759161157603E+02-2.0718522039586E+02
 0.0000000000000E+00-9.5193209371070E+01-2.1838442149834E+02 0.0000000000000E+00
 9.5193209371070E+01 2.1838442149834E+02 0.0000000000000E+00-9.5193209371070E+01
 2.1838442149834E+02 0.0000000000000E+00 9.5193209371070E+01-2.1838442149834E+02
 0.0000000000000E+00-2.3518322315205E+02-3.9197203858676E+01 0.0000000000000E+00
 2.3518322315205E+02 3.9197203858676E+01 0.0000000000000E+00-2.3518322315205E+02
 3.9197203858676E+01 0.0000000000000E+00 2.3518322315205E+02-3.9197203858676E+01
 0.0000000000000E+00-3.9197203858676E+01-2.3518322315205E+02 0.0000000000000E+00
 3.9197203858676E+01 2.3518322315205E+02 0.0000000000000E+00-3.9197203858676E+01
 2.3518322315205E+02 0.0000000000000E+00 3.9197203858676E+01-2.3518322315205E+02
 0.0000000000000E+00-1.8478681819090E+02-1.5118921488346E+02 0.0000000000000E+00
 1.8478681819090E+02 1.5118921488346E+02 0.0000000000000E+00-1.8478681819090E+02
 1.5118921488346E+02 0.0000000000000E+00 1.8478681819090E+02-1.5118921488346E+02
 0.0000000000000E+00-1.5118921488346E+02-1.8478681819090E+02 0.0000000000000E+00
 1.5118921488346E+02 1.8478681819090E+02 0.0000000000000E+00-1.5118921488346E+02
 1.8478681819090E+02 0.0000000000000E+00 1.5118921488346E+02-1.8478681819090E+02
 0.0000000000000E+00-2.2958362260081E+02-6.7195206614873E+01 0.0000000000000E+00
 2.2958362260081E+02 6.7195206614873E+01 0.0000000000000E+00-2.2958362260081E+02
 6.7195206614873E+01 0.0000000000000E+00 2.2958362260081E+02-6.7195206614873E+01
 0.0000000000000E+00-2.2398402204958E+02-8.3994008268591E+01 0.0000000000000E+00
 2.2398402204958E+02 8.3994008268591E+01 0.0000000000000E+00-2.2398402204958E+02
 8.3994008268591E+01 0.0000000000000E+00 2.2398402204958E+02-8.3994008268591E+01
 0.0000000000000E+00-2.0158561984462E+02-1.2879081267851E+02 0.0000000000000E+00
 2.0158561984462E+02 1.2879081267851E+02 0.0000000000000E+00-2.0158561984462E+02
 1.2879081267851E+02 0.0000000000000E+00 2.0158561984462E+02-1.2879081267851E+02
 0.0000000000000E+00-1.2879081267851E+02-2.0158561984462E+02 0.0000000000000E+00
 1.2879081267851E+02 2.0158561984462E+02 0.0000000000000E+00-1.2879081267851E+02
 2.0158561984462E+02 0.0000000000000E+00 1.2879081267851E+02-2.0158561984462E+02
 0.0000000000000E+00-8.3994008268591E+01-2.2398402204958E+02 0.0000000000000E+00
 8.3994008268591E+01 2.2398402204958E+02 0.0000000000000E+00-8.3994008268591E+01
 2.2398402204958E+02 0.0000000000000E+00 8.3994008268591E+01-2.2398402204958E+02
 0.0000000000000E+00-6.7195206614873E+01-2.2958362260081E+02 0.0000000000000E+00
 6.7195206614873E+01 2.2958362260081E+02 0.0000000000000E+00-6.7195206614873E+01
 2.2958362260081E+02 0.0000000000000E+00 6.7195206614873E+01-2.2958362260081E+02
 0.0000000000000E+00-2.3518322315205E+02-4.4796804409915E+01 0.0000000000000E+00
 2.3518322315205E+02 4.4796804409915E+01 0.0000000000000E+00-2.3518322315205E+02
 4.4796804409915E+01 0.0000000000000E+00 2.3518322315205E+02-4.4796804409915E+01
 0.0000000000000E+00-4.4796804409915E+01-2.3518322315205E+02 0.0000000000000E+00
 4.4796804409915E+01 2.3518322315205E+02 0.0000000000000E+00-4.4796804409915E+01
 2.3518322315205E+02 0.0000000000000E+00 4.4796804409915E+01-2.3518322315205E+02
 0.0000000000000E+00-1.9038641874214E+02-1.4558961433222E+02 0.0000000000000E+00
 1.9038641874214E+02 1.4558961433222E+02 0.0000000000000E+00-1.9038641874214E+02
 1.4558961433222E+02 0.0000000000000E+00 1.9038641874214E+02-1.4558961433222E+02
 0.0000000000000E+00-1.4558961433222E+02-1.9038641874214E+02 0.0000000000000E+00
 1.4558961433222E+02 1.9038641874214E+02 0.0000000000000E+00-1.4558961433222E+02
 1.9038641874214E+02 0.0000000000000E+00 1.4558961433222E+02-1.9038641874214E+02
 0.0000000000000E+00-2.1278482094710E+02-1.1199201102479E+02 0.0000000000000E+00
 2.1278482094710E+02 1.1199201102479E+02 0.0000000000000E+00-2.1278482094710E+02
 1.1199201102479E+02 0.0000000000000E+00 2.1278482094710E+02-1.1199201102479E+02
 0.0000000000000E+00-1.1199201102479E+02-2.1278482094710E+02 0.0000000000000E+00
 1.1199201102479E+02 2.1278482094710E+02 0.0000000000000E+00-1.1199201102479E+02
 2.1278482094710E+02 0.0000000000000E+00 1.1199201102479E+02-2.1278482094710E+02
 0.0000000000000E+00-2.3518322315205E+02-5.0396404961154E+01 0.0000000000000E+00
 2.3518322315205E+02 5.0396404961154E+01 0.0000000000000E+00-2.3518322315205E+02
 5.0396404961154E+01 0.0000000000000E+00 2.3518322315205E+02-5.0396404961154E+01
 0.0000000000000E+00-2.1838442149834E+02-1.0079280992231E+02 0.0000000000000E+00
 2.1838442149834E+02 1.0079280992231E+02 0.0000000000000E+00-2.1838442149834E+02
 1.0079280992231E+02 0.0000000000000E+00 2.1838442149834E+02-1.0079280992231E+02
 0.0000000000000E+00-1.0079280992231E+02-2.1838442149834E+02 0.0000000000000E+00
 1.0079280992231E+02 2.1838442149834E+02 0.0000000000000E+00-1.0079280992231E+02
 2.1838442149834E+02 0.0000000000000E+00 1.0079280992231E+02-2.1838442149834E+02
 0.0000000000000E+00-5.0396404961154E+01-2.3518322315205E+02 0.0000000000000E+00
 5.0396404961154E+01 2.3518322315205E+02 0.0000000000000E+00-5.0396404961154E+01
 2.3518322315205E+02 0.0000000000000E+00 5.0396404961154E+01-2.3518322315205E+02
 0.0000000000000E+00-2.4078282370329E+02 0.0000000000000E+00 0.0000000000000E+00
 2.4078282370329E+02 0.0000000000000E+00 0.0000000000000E+00 0.0000000000000E+00
-2.4078282370329E+02 0.0000000000000E+00 0.0000000000000E+00 2.4078282370329E+02
 0.0000000000000E+00-2.4078282370329E+02-5.5996005512394E+00 0.0000000000000E+00
 2.4078282370329E+02 5.5996005512394E+00 0.0000000000000E+00-2.4078282370329E+02
 5.5996005512394E+00 0.0000000000000E+00 2.4078282370329E+02-5.5996005512394E+00
 0.0000000000000E+00-2.2958362260081E+02-7.2794807166112E+01 0.0000000000000E+00
 2.2958362260081E+02 7.2794807166112E+01 0.0000000000000E+00-2.2958362260081E+02
 7.2794807166112E+01 0.0000000000000E+00 2.2958362260081E+02-7.2794807166112E+01
 0.0000000000000E+00-1.9598601929338E+02-1.3999001378098E+02 0.0000000000000E+00
 1.9598601929338E+02 1.3999001378098E+02 0.0000000000000E+00-1.9598601929338E+02
 1.3999001378098E+02 0.0000000000000E+00 1.9598601929338E+02-1.3999001378098E+02
 0.0000000000000E+00-1.3999001378098E+02-1.9598601929338E+02 0.0000000000000E+00
 1.3999001378098E+02 1.9598601929338E+02 0.0000000000000E+00-1.3999001378098E+02
 1.9598601929338E+02 0.0000000000000E+00 1.3999001378098E+02-1.9598601929338E+02
 0.0000000000000E+00-7.2794807166112E+01-2.2958362260081E+02 0.0000000000000E+00
 7.2794807166112E+01 2.2958362260081E+02 0.0000000000000E+00-7.2794807166112E+01
 2.2958362260081E+02 0.0000000000000E+00 7.2794807166112E+01-2.2958362260081E+02
 0.0000000000000E+00-5.5996005512394E+00-2.4078282370329E+02 0.0000000000000E+00
 5.5996005512394E+00 2.4078282370329E+02 0.0000000000000E+00-5.5996005512394E+00
 2.4078282370329E+02 0.0000000000000E+00 5.5996005512394E+00-2.4078282370329E+02
 0.0000000000000E+00-2.4078282370329E+02-1.1199201102479E+01 0.0000000000000E+00
 2.4078282370329E+02 1.1199201102479E+01 0.0000000000000E+00-2.4078282370329E+02
 1.1199201102479E+01 0.0000000000000E+00 2.4078282370329E+02-1.1199201102479E+01
 0.0000000000000E+00-2.0718522039586E+02-1.2319121212727E+02 0.0000000000000E+00
 2.0718522039586E+02 1.2319121212727E+02 0.0000000000000E+00-2.0718522039586E+02
 1.2319121212727E+02 0.0000000000000E+00 2.0718522039586E+02-1.2319121212727E+02
 0.0000000000000E+00-1.2319121212727E+02-2.0718522039586E+02 0.0000000000000E+00
 1.2319121212727E+02 2.0718522039586E+02 0.0000000000000E+00-1.2319121212727E+02
 2.0718522039586E+02 0.0000000000000E+00 1.2319121212727E+02-2.0718522039586E+02
 0.0000000000000E+00-1.1199201102479E+01-2.4078282370329E+02 0.0000000000000E+00
 1.1199201102479E+01 2.4078282370329E+02 0.0000000000000E+00-1.1199201102479E+01
 2.4078282370329E+02 0.0000000000000E+00 1.1199201102479E+01-2.4078282370329E+02
 0.0000000000000E+00-2.2398402204958E+02-8.9593608819830E+01 0.0000000000000E+00
 2.2398402204958E+02 8.9593608819830E+01 0.0000000000000E+00-2.2398402204958E+02
 8.9593608819830E+01 0.0000000000000E+00 2.2398402204958E+02-8.9593608819830E+01
 0.0000000000000E+00-8.9593608819830E+01-2.2398402204958E+02 0.0000000000000E+00
 8.9593608819830E+01 2.2398402204958E+02 0.0000000000000E+00-8.9593608819830E+01
 2.2398402204958E+02 0.0000000000000E+00 8.9593608819830E+01-2.2398402204958E+02
 0.0000000000000E+00-2.4078282370329E+02-1.6798801653718E+01 0.0000000000000E+00
 2.4078282370329E+02 1.6798801653718E+01 0.0000000000000E+00-2.4078282370329E+02
 1.6798801653718E+01 0.0000000000000E+00 2.4078282370329E+02-1.6798801653718E+01
 0.0000000000000E+00-1.6798801653718E+01-2.4078282370329E+02 0.0000000000000E+00
 1.6798801653718E+01 2.4078282370329E+02 0.0000000000000E+00-1.6798801653718E+01
 2.4078282370329E+02 0.0000000000000E+00 1.6798801653718E+01-2.4078282370329E+02
 0.0000000000000E+00-1.7358761708842E+02-1.6798801653718E+02 0.0000000000000E+00
 1.7358761708842E+02 1.6798801653718E+02 0.0000000000000E+00-1.7358761708842E+02
 1.6798801653718E+02 0.0000000000000E+00 1.7358761708842E+02-1.6798801653718E+02
 0.0000000000000E+00-1.6798801653718E+02-1.7358761708842E+02 0.0000000000000E+00
 1.6798801653718E+02 1.7358761708842E+02 0.0000000000000E+00-1.6798801653718E+02
 1.7358761708842E+02 0.0000000000000E+00 1.6798801653718E+02-1.7358761708842E+02
 0.0000000000000E+00-2.3518322315205E+02-5.5996005512394E+01 0.0000000000000E+00
 2.3518322315205E+02 5.5996005512394E+01 0.0000000000000E+00-2.3518322315205E+02
 5.5996005512394E+01 0.0000000000000E+00 2.3518322315205E+02-5.5996005512394E+01
 0.0000000000000E+00-5.5996005512394E+01-2.3518322315205E+02 0.0000000000000E+00
 5.5996005512394E+01 2.3518322315205E+02 0.0000000000000E+00-5.5996005512394E+01
 2.3518322315205E+02 0.0000000000000E+00 5.5996005512394E+01-2.3518322315205E+02
 0.0000000000000E+00-2.4078282370329E+02-2.2398402204958E+01 0.0000000000000E+00
 2.4078282370329E+02 2.2398402204958E+01 0.0000000000000E+00-2.4078282370329E+02
 2.2398402204958E+01 0.0000000000000E+00 2.4078282370329E+02-2.2398402204958E+01
 0.0000000000000E+00-1.7918721763966E+02-1.6238841598594E+02 0.0000000000000E+00
 1.7918721763966E+02 1.6238841598594E+02 0.0000000000000E+00-1.7918721763966E+02
 1.6238841598594E+02 0.0000000000000E+00 1.7918721763966E+02-1.6238841598594E+02
 0.0000000000000E+00-1.6238841598594E+02-1.7918721763966E+02 0.0000000000000E+00
 1.6238841598594E+02 1.7918721763966E+02 0.0000000000000E+00-1.6238841598594E+02
 1.7918721763966E+02 0.0000000000000E+00 1.6238841598594E+02-1.7918721763966E+02
 0.0000000000000E+00-2.2398402204958E+01-2.4078282370329E+02 0.0000000000000E+00
 2.2398402204958E+01 2.4078282370329E+02 0.0000000000000E+00-2.2398402204958E+01
 2.4078282370329E+02 0.0000000000000E+00 2.2398402204958E+01-2.4078282370329E+02
 0.0000000000000E+00-2.0158561984462E+02-1.3439041322975E+02 0.0000000000000E+00
 2.0158561984462E+02 1.3439041322975E+02 0.0000000000000E+00-2.0158561984462E+02
 1.3439041322975E+02 0.0000000000000E+00 2.0158561984462E+02-1.3439041322975E+02
 0.0000000000000E+00-1.3439041322975E+02-2.0158561984462E+02 0.0000000000000E+00
 1.3439041322975E+02 2.0158561984462E+02 0.0000000000000E+00-1.3439041322975E+02
 2.0158561984462E+02 0.0000000000000E+00 1.3439041322975E+02-2.0158561984462E+02
 0.0000000000000E+00-1.8478681819090E+02-1.5678881543470E+02 0.0000000000000E+00
 1.8478681819090E+02 1.5678881543470E+02 0.0000000000000E+00-1.8478681819090E+02
 1.5678881543470E+02 0.0000000000000E+00 1.8478681819090E+02-1.5678881543470E+02
 0.0000000000000E+00-1.5678881543470E+02-1.8478681819090E+02 0.0000000000000E+00
 1.5678881543470E+02 1.8478681819090E+02 0.0000000000000E+00-1.5678881543470E+02
 1.8478681819090E+02 0.0000000000000E+00 1.5678881543470E+02-1.8478681819090E+02
 0.0000000000000E+00-2.4078282370329E+02-2.7998002756197E+01 0.0000000000000E+00
 2.4078282370329E+02 2.7998002756197E+01 0.0000000000000E+00-2.4078282370329E+02
 2.7998002756197E+01 0.0000000000000E+00 2.4078282370329E+02-2.7998002756197E+01
 0.0000000000000E+00-2.7998002756197E+01-2.4078282370329E+02 0.0000000000000E+00
 2.7998002756197E+01 2.4078282370329E+02 0.0000000000000E+00-2.7998002756197E+01
 2.4078282370329E+02 0.0000000000000E+00 2.7998002756197E+01-2.4078282370329E+02
 0.0000000000000E+00-2.2958362260081E+02-7.8394407717351E+01 0.0000000000000E+00
 2.2958362260081E+02 7.8394407717351E+01 0.0000000000000E+00-2.2958362260081E+02
 7.8394407717351E+01 0.0000000000000E+00 2.2958362260081E+02-7.8394407717351E+01
 0.0000000000000E+00-7.8394407717351E+01-2.2958362260081E+02 0.0000000000000E+00
 7.8394407717351E+01 2.2958362260081E+02 0.0000000000000E+00-7.8394407717351E+01
 2.2958362260081E+02 0.0000000000000E+00 7.8394407717351E+01-2.2958362260081E+02
 0.0000000000000E+00-2.1838442149834E+02-1.0639241047355E+02 0.0000000000000E+00
 2.1838442149834E+02 1.0639241047355E+02 0.0000000000000E+00-2.1838442149834E+02
 1.0639241047355E+02 0.0000000000000E+00 2.1838442149834E+02-1.0639241047355E+02
 0.0000000000000E+00-1.0639241047355E+02-2.1838442149834E+02 0.0000000000000E+00
 1.0639241047355E+02 2.1838442149834E+02 0.0000000000000E+00-1.0639241047355E+02
 2.1838442149834E+02 0.0000000000000E+00 1.0639241047355E+02-2.1838442149834E+02
 0.0000000000000E+00-2.4078282370329E+02-3.3597603307436E+01 0.0000000000000E+00
 2.4078282370329E+02 3.3597603307436E+01 0.0000000000000E+00-2.4078282370329E+02
 3.3597603307436E+01 0.0000000000000E+00 2.4078282370329E+02-3.3597603307436E+01
 0.0000000000000E+00-2.3518322315205E+02-6.1595606063633E+01 0.0000000000000E+00
 2.3518322315205E+02 6.1595606063633E+01 0.0000000000000E+00-2.3518322315205E+02
 6.1595606063633E+01 0.0000000000000E+00 2.3518322315205E+02-6.1595606063633E+01
 0.0000000000000E+00-2.1278482094710E+02-1.1759161157603E+02 0.0000000000000E+00
 2.1278482094710E+02 1.1759161157603E+02 0.0000000000000E+00-2.1278482094710E+02
 1.1759161157603E+02 0.0000000000000E+00 2.1278482094710E+02-1.1759161157603E+02
 0.0000000000000E+00-1.9038641874214E+02-1.5118921488346E+02 0.0000000000000E+00
 1.9038641874214E+02 1.5118921488346E+02 0.0000000000000E+00-1.9038641874214E+02
 1.5118921488346E+02 0.0000000000000E+00 1.9038641874214E+02-1.5118921488346E+02
 0.0000000000000E+00-1.5118921488346E+02-1.9038641874214E+02 0.0000000000000E+00
 1.5118921488346E+02 1.9038641874214E+02 0.0000000000000E+00-1.5118921488346E+02
 1.9038641874214E+02 0.0000000000000E+00 1.5118921488346E+02-1.9038641874214E+02
 0.0000000000000E+00-1.1759161157603E+02-2.1278482094710E+02 0.0000000000000E+00
 1.1759161157603E+02 2.1278482094710E+02 0.0000000000000E+00-1.1759161157603E+02
 2.1278482094710E+02 0.0000000000000E+00 1.1759161157603E+02-2.1278482094710E+02
 0.0000000000000E+00-6.1595606063633E+01-2.3518322315205E+02 0.0000000000000E+00
 6.1595606063633E+01 2.3518322315205E+02 0.0000000000000E+00-6.1595606063633E+01
 2.3518322315205E+02 0.0000000000000E+00 6.1595606063633E+01-2.3518322315205E+02
 0.0000000000000E+00-3.3597603307436E+01-2.4078282370329E+02 0.0000000000000E+00
 3.3597603307436E+01 2.4078282370329E+02 0.0000000000000E+00-3.3597603307436E+01
 2.4078282370329E+02 0.0000000000000E+00 3.3597603307436E+01-2.4078282370329E+02
 0.0000000000000E+00-2.2398402204958E+02-9.5193209371070E+01 0.0000000000000E+00
 2.2398402204958E+02 9.5193209371070E+01 0.0000000000000E+00-2.2398402204958E+02
 9.5193209371070E+01 0.0000000000000E+00 2.2398402204958E+02-9.5193209371070E+01
 0.0000000000000E+00-9.5193209371070E+01-2.2398402204958E+02 0.0000000000000E+00
 9.5193209371070E+01 2.2398402204958E+02 0.0000000000000E+00-9.5193209371070E+01
 2.2398402204958E+02 0.0000000000000E+00 9.5193209371070E+01-2.2398402204958E+02
 0.0000000000000E+00-2.4078282370329E+02-3.9197203858676E+01 0.0000000000000E+00
 2.4078282370329E+02 3.9197203858676E+01 0.0000000000000E+00-2.4078282370329E+02
 3.9197203858676E+01 0.0000000000000E+00 2.4078282370329E+02-3.9197203858676E+01
 0.0000000000000E+00-2.0718522039586E+02-1.2879081267851E+02 0.0000000000000E+00
 2.0718522039586E+02 1.2879081267851E+02 0.0000000000000E+00-2.0718522039586E+02
 1.2879081267851E+02 0.0000000000000E+00 2.0718522039586E+02-1.2879081267851E+02
 0.0000000000000E+00-1.2879081267851E+02-2.0718522039586E+02 0.0000000000000E+00
 1.2879081267851E+02 2.0718522039586E+02 0.0000000000000E+00-1.2879081267851E+02
 2.0718522039586E+02 0.0000000000000E+00 1.2879081267851E+02-2.0718522039586E+02
 0.0000000000000E+00-3.9197203858676E+01-2.4078282370329E+02 0.0000000000000E+00
 3.9197203858676E+01 2.4078282370329E+02 0.0000000000000E+00-3.9197203858676E+01
 2.4078282370329E+02 0.0000000000000E+00 3.9197203858676E+01-2.4078282370329E+02
 0.0000000000000E+00-1.9598601929338E+02-1.4558961433222E+02 0.0000000000000E+00
 1.9598601929338E+02 1.4558961433222E+02 0.0000000000000E+00-1.9598601929338E+02
 1.4558961433222E+02 0.0000000000000E+00 1.9598601929338E+02-1.4558961433222E+02
 0.0000000000000E+00-1.4558961433222E+02-1.9598601929338E+02 0.0000000000000E+00
 1.4558961433222E+02 1.9598601929338E+02 0.0000000000000E+00-1.4558961433222E+02
 1.9598601929338E+02 0.0000000000000E+00 1.4558961433222E+02-1.9598601929338E+02
 0.0000000000000E+00-2.2958362260081E+02-8.3994008268591E+01 0.0000000000000E+00
 2.2958362260081E+02 8.3994008268591E+01 0.0000000000000E+00-2.2958362260081E+02
 8.3994008268591E+01 0.0000000000000E+00 2.2958362260081E+02-8.3994008268591E+01
 0.0000000000000E+00-8.3994008268591E+01-2.2958362260081E+02 0.0000000000000E+00
 8.3994008268591E+01 2.2958362260081E+02 0.0000000000000E+00-8.3994008268591E+01
 2.2958362260081E+02 0.0000000000000E+00 8.3994008268591E+01-2.2958362260081E+02
 0.0000000000000E+00-2.3518322315205E+02-6.7195206614873E+01 0.0000000000000E+00
 2.3518322315205E+02 6.7195206614873E+01 0.0000000000000E+00-2.3518322315205E+02
 6.7195206614873E+01 0.0000000000000E+00 2.3518322315205E+02-6.7195206614873E+01
 0.0000000000000E+00-6.7195206614873E+01-2.3518322315205E+02 0.0000000000000E+00
 6.7195206614873E+01 2.3518322315205E+02 0.0000000000000E+00-6.7195206614873E+01
 2.3518322315205E+02 0.0000000000000E+00 6.7195206614873E+01-2.3518322315205E+02
 0.0000000000000E+00-2.4078282370329E+02-4.4796804409915E+01 0.0000000000000E+00
 2.4078282370329E+02 4.4796804409915E+01 0.0000000000000E+00-2.4078282370329E+02
 4.4796804409915E+01 0.0000000000000E+00 2.4078282370329E+02-4.4796804409915E+01
 0.0000000000000E+00-4.4796804409915E+01-2.4078282370329E+02 0.0000000000000E+00
 4.4796804409915E+01 2.4078282370329E+02 0.0000000000000E+00-4.4796804409915E+01
 2.4078282370329E+02 0.0000000000000E+00 4.4796804409915E+01-2.4078282370329E+02
 0.0000000000000E+00-2.1838442149834E+02-1.1199201102479E+02 0.0000000000000E+00
 2.1838442149834E+02 1.1199201102479E+02 0.0000000000000E+00-2.1838442149834E+02
 1.1199201102479E+02 0.0000000000000E+00 2.1838442149834E+02-1.1199201102479E+02
 0.0000000000000E+00-2.0158561984462E+02-1.3999001378098E+02 0.0000000000000E+00
 2.0158561984462E+02 1.3999001378098E+02 0.0000000000000E+00-2.0158561984462E+02
 1.3999001378098E+02 0.0000000000000E+00 2.0158561984462E+02-1.3999001378098E+02
 0.0000000000000E+00-1.3999001378098E+02-2.0158561984462E+02 0.0000000000000E+00
 1.3999001378098E+02 2.0158561984462E+02 0.0000000000000E+00-1.3999001378098E+02
 2.0158561984462E+02 0.0000000000000E+00 1.3999001378098E+02-2.0158561984462E+02
 0.0000000000000E+00-1.1199201102479E+02-2.1838442149834E+02 0.0000000000000E+00
 1.1199201102479E+02 2.1838442149834E+02 0.0000000000000E+00-1.1199201102479E+02
 2.1838442149834E+02 0.0000000000000E+00 1.1199201102479E+02-2.1838442149834E+02
 0.0000000000000E+00-1.7358761708842E+02-1.7358761708842E+02 0.0000000000000E+00
 1.7358761708842E+02 1.7358761708842E+02 0.0000000000000E+00-1.7358761708842E+02
 1.7358761708842E+02 0.0000000000000E+00 1.7358761708842E+02-1.7358761708842E+02
 0.0000000000000E+00-2.2398402204958E+02-1.0079280992231E+02 0.0000000000000E+00
 2.2398402204958E+02 1.0079280992231E+02 0.0000000000000E+00-2.2398402204958E+02
 1.0079280992231E+02 0.0000000000000E+00 2.2398402204958E+02-1.0079280992231E+02
 0.0000000000000E+00-1.7918721763966E+02-1.6798801653718E+02 0.0000000000000E+00
 1.7918721763966E+02 1.6798801653718E+02 0.0000000000000E+00-1.7918721763966E+02
 1.6798801653718E+02 0.0000000000000E+00 1.7918721763966E+02-1.6798801653718E+02
 0.0000000000000E+00-1.6798801653718E+02-1.7918721763966E+02 0.0000000000000E+00
 1.6798801653718E+02 1.7918721763966E+02 0.0000000000000E+00-1.6798801653718E+02
 1.7918721763966E+02 0.0000000000000E+00 1.6798801653718E+02-1.7918721763966E+02
 0.0000000000000E+00-1.0079280992231E+02-2.2398402204958E+02 0.0000000000000E+00
 1.0079280992231E+02 2.2398402204958E+02 0.0000000000000E+00-1.0079280992231E+02
 2.2398402204958E+02 0.0000000000000E+00 1.0079280992231E+02-2.2398402204958E+02
 0.0000000000000E+00-2.1278482094710E+02-1.2319121212727E+02 0.0000000000000E+00
 2.1278482094710E+02 1.2319121212727E+02 0.0000000000000E+00-2.1278482094710E+02
 1.2319121212727E+02 0.0000000000000E+00 2.1278482094710E+02-1.2319121212727E+02
 0.0000000000000E+00-1.2319121212727E+02-2.1278482094710E+02 0.0000000000000E+00
 1.2319121212727E+02 2.1278482094710E+02 0.0000000000000E+00-1.2319121212727E+02
 2.1278482094710E+02 0.0000000000000E+00 1.2319121212727E+02-2.1278482094710E+02
 0.0000000000000E+00-2.4078282370329E+02-5.0396404961154E+01 0.0000000000000E+00
 2.4078282370329E+02 5.0396404961154E+01 0.0000000000000E+00-2.4078282370329E+02
 5.0396404961154E+01 0.0000000000000E+00 2.4078282370329E+02-5.0396404961154E+01
 0.0000000000000E+00-1.8478681819090E+02-1.6238841598594E+02 0.0000000000000E+00
 1.8478681819090E+02 1.6238841598594E+02 0.0000000000000E+00-1.8478681819090E+02
 1.6238841598594E+02 0.0000000000000E+00 1.8478681819090E+02-1.6238841598594E+02
 0.0000000000000E+00-1.6238841598594E+02-1.8478681819090E+02 0.0000000000000E+00
 1.6238841598594E+02 1.8478681819090E+02 0.0000000000000E+00-1.6238841598594E+02
 1.8478681819090E+02 0.0000000000000E+00 1.6238841598594E+02-1.8478681819090E+02
 0.0000000000000E+00-5.0396404961154E+01-2.4078282370329E+02 0.0000000000000E+00
 5.0396404961154E+01 2.4078282370329E+02 0.0000000000000E+00-5.0396404961154E+01
 2.4078282370329E+02 0.0000000000000E+00 5.0396404961154E+01-2.4078282370329E+02
 0.0000000000000E+00-2.3518322315205E+02-7.2794807166112E+01 0.0000000000000E+00
 2.3518322315205E+02 7.2794807166112E+01 0.0000000000000E+00-2.3518322315205E+02
 7.2794807166112E+01 0.0000000000000E+00 2.3518322315205E+02-7.2794807166112E+01
 0.0000000000000E+00-7.2794807166112E+01-2.3518322315205E+02 0.0000000000000E+00
 7.2794807166112E+01 2.3518322315205E+02 0.0000000000000E+00-7.2794807166112E+01
 2.3518322315205E+02 0.0000000000000E+00 7.2794807166112E+01-2.3518322315205E+02
 0.0000000000000E+00-2.4638242425453E+02 0.0000000000000E+00 0.0000000000000E+00
 2.4638242425453E+02 0.0000000000000E+00 0.0000000000000E+00 0.0000000000000E+00
-2.4638242425453E+02 0.0000000000000E+00 0.0000000000000E+00 2.4638242425453E+02
 0.0000000000000E+00-2.4638242425453E+02-5.5996005512394E+00 0.0000000000000E+00
 2.4638242425453E+02 5.5996005512394E+00 0.0000000000000E+00-2.4638242425453E+02
 5.5996005512394E+00 0.0000000000000E+00 2.4638242425453E+02-5.5996005512394E+00
 0.0000000000000E+00-2.2958362260081E+02-8.9593608819830E+01 0.0000000000000E+00
 2.2958362260081E+02 8.9593608819830E+01 0.0000000000000E+00-2.2958362260081E+02
 8.9593608819830E+01 0.0000000000000E+00 2.2958362260081E+02-8.9593608819830E+01
 0.0000000000000E+00-8.9593608819830E+01-2.2958362260081E+02 0.0000000000000E+00
 8.9593608819830E+01 2.2958362260081E+02 0.0000000000000E+00-8.9593608819830E+01
 2.2958362260081E+02 0.0000000000000E+00 8.9593608819830E+01-2.2958362260081E+02
 0.0000000000000E+00-5.5996005512394E+00-2.4638242425453E+02 0.0000000000000E+00
 5.5996005512394E+00 2.4638242425453E+02 0.0000000000000E+00-5.5996005512394E+00
 2.4638242425453E+02 0.0000000000000E+00 5.5996005512394E+00-2.4638242425453E+02
 0.0000000000000E+00-2.4638242425453E+02-1.1199201102479E+01 0.0000000000000E+00
 2.4638242425453E+02 1.1199201102479E+01 0.0000000000000E+00-2.4638242425453E+02
 1.1199201102479E+01 0.0000000000000E+00 2.4638242425453E+02-1.1199201102479E+01
 0.0000000000000E+00-1.9038641874214E+02-1.5678881543470E+02 0.0000000000000E+00
 1.9038641874214E+02 1.5678881543470E+02 0.0000000000000E+00-1.9038641874214E+02
 1.5678881543470E+02 0.0000000000000E+00 1.9038641874214E+02-1.5678881543470E+02
 0.0000000000000E+00-1.5678881543470E+02-1.9038641874214E+02 0.0000000000000E+00
 1.5678881543470E+02 1.9038641874214E+02 0.0000000000000E+00-1.5678881543470E+02
 1.9038641874214E+02 0.0000000000000E+00 1.5678881543470E+02-1.9038641874214E+02
 0.0000000000000E+00-1.1199201102479E+01-2.4638242425453E+02 0.0000000000000E+00
 1.1199201102479E+01 2.4638242425453E+02 0.0000000000000E+00-1.1199201102479E+01
 2.4638242425453E+02 0.0000000000000E+00 1.1199201102479E+01-2.4638242425453E+02
 0.0000000000000E+00-2.4638242425453E+02-1.6798801653718E+01 0.0000000000000E+00
 2.4638242425453E+02 1.6798801653718E+01 0.0000000000000E+00-2.4638242425453E+02
 1.6798801653718E+01 0.0000000000000E+00 2.4638242425453E+02-1.6798801653718E+01
 0.0000000000000E+00-2.0718522039586E+02-1.3439041322975E+02 0.0000000000000E+00
 2.0718522039586E+02 1.3439041322975E+02 0.0000000000000E+00-2.0718522039586E+02
 1.3439041322975E+02 0.0000000000000E+00 2.0718522039586E+02-1.3439041322975E+02
 0.0000000000000E+00-1.3439041322975E+02-2.0718522039586E+02 0.0000000000000E+00
 1.3439041322975E+02 2.0718522039586E+02 0.0000000000000E+00-1.3439041322975E+02
 2.0718522039586E+02 0.0000000000000E+00 1.3439041322975E+02-2.0718522039586E+02
 0.0000000000000E+00-1.6798801653718E+01-2.4638242425453E+02 0.0000000000000E+00
 1.6798801653718E+01 2.4638242425453E+02 0.0000000000000E+00-1.6798801653718E+01
 2.4638242425453E+02 0.0000000000000E+00 1.6798801653718E+01-2.4638242425453E+02
 0.0000000000000E+00-2.4078282370329E+02-5.5996005512394E+01 0.0000000000000E+00
 2.4078282370329E+02 5.5996005512394E+01 0.0000000000000E+00-2.4078282370329E+02
 5.5996005512394E+01 0.0000000000000E+00 2.4078282370329E+02-5.5996005512394E+01
 0.0000000000000E+00-5.5996005512394E+01-2.4078282370329E+02 0.0000000000000E+00
 5.5996005512394E+01 2.4078282370329E+02 0.0000000000000E+00-5.5996005512394E+01
 2.4078282370329E+02 0.0000000000000E+00 5.5996005512394E+01-2.4078282370329E+02
 0.0000000000000E+00-2.4638242425453E+02-2.2398402204958E+01 0.0000000000000E+00
 2.4638242425453E+02 2.2398402204958E+01 0.0000000000000E+00-2.4638242425453E+02
 2.2398402204958E+01 0.0000000000000E+00 2.4638242425453E+02-2.2398402204958E+01
 0.0000000000000E+00-2.2398402204958E+01-2.4638242425453E+02 0.0000000000000E+00
 2.2398402204958E+01 2.4638242425453E+02 0.0000000000000E+00-2.2398402204958E+01
 2.4638242425453E+02 0.0000000000000E+00 2.2398402204958E+01-2.4638242425453E+02
 0.0000000000000E+00-1.9598601929338E+02-1.5118921488346E+02 0.0000000000000E+00
 1.9598601929338E+02 1.5118921488346E+02 0.0000000000000E+00-1.9598601929338E+02
 1.5118921488346E+02 0.0000000000000E+00 1.9598601929338E+02-1.5118921488346E+02
 0.0000000000000E+00-1.5118921488346E+02-1.9598601929338E+02 0.0000000000000E+00
 1.5118921488346E+02 1.9598601929338E+02 0.0000000000000E+00-1.5118921488346E+02
 1.9598601929338E+02 0.0000000000000E+00 1.5118921488346E+02-1.9598601929338E+02
 0.0000000000000E+00-2.3518322315205E+02-7.8394407717351E+01 0.0000000000000E+00
 2.3518322315205E+02 7.8394407717351E+01 0.0000000000000E+00-2.3518322315205E+02
 7.8394407717351E+01 0.0000000000000E+00 2.3518322315205E+02-7.8394407717351E+01
 0.0000000000000E+00-7.8394407717351E+01-2.3518322315205E+02 0.0000000000000E+00
 7.8394407717351E+01 2.3518322315205E+02 0.0000000000000E+00-7.8394407717351E+01
 2.3518322315205E+02 0.0000000000000E+00 7.8394407717351E+01-2.3518322315205E+02
 0.0000000000000E+00-2.4638242425453E+02-2.7998002756197E+01 0.0000000000000E+00
 2.4638242425453E+02 2.7998002756197E+01 0.0000000000000E+00-2.4638242425453E+02
 2.7998002756197E+01 0.0000000000000E+00 2.4638242425453E+02-2.7998002756197E+01
 0.0000000000000E+00-2.2398402204958E+02-1.0639241047355E+02 0.0000000000000E+00
 2.2398402204958E+02 1.0639241047355E+02 0.0000000000000E+00-2.2398402204958E+02
 1.0639241047355E+02 0.0000000000000E+00 2.2398402204958E+02-1.0639241047355E+02
 0.0000000000000E+00-1.0639241047355E+02-2.2398402204958E+02 0.0000000000000E+00
 1.0639241047355E+02 2.2398402204958E+02 0.0000000000000E+00-1.0639241047355E+02
 2.2398402204958E+02 0.0000000000000E+00 1.0639241047355E+02-2.2398402204958E+02
 0.0000000000000E+00-2.7998002756197E+01-2.4638242425453E+02 0.0000000000000E+00
 2.7998002756197E+01 2.4638242425453E+02 0.0000000000000E+00-2.7998002756197E+01
 2.4638242425453E+02 0.0000000000000E+00 2.7998002756197E+01-2.4638242425453E+02
 0.0000000000000E+00-2.1838442149834E+02-1.1759161157603E+02 0.0000000000000E+00
 2.1838442149834E+02 1.1759161157603E+02 0.0000000000000E+00-2.1838442149834E+02
 1.1759161157603E+02 0.0000000000000E+00 2.1838442149834E+02-1.1759161157603E+02
 0.0000000000000E+00-1.1759161157603E+02-2.1838442149834E+02 0.0000000000000E+00
 1.1759161157603E+02 2.1838442149834E+02 0.0000000000000E+00-1.1759161157603E+02
 2.1838442149834E+02 0.0000000000000E+00 1.1759161157603E+02-2.1838442149834E+02
 0.0000000000000E+00-2.4078282370329E+02-6.1595606063633E+01 0.0000000000000E+00
 2.4078282370329E+02 6.1595606063633E+01 0.0000000000000E+00-2.4078282370329E+02
 6.1595606063633E+01 0.0000000000000E+00 2.4078282370329E+02-6.1595606063633E+01
 0.0000000000000E+00-2.2958362260081E+02-9.5193209371070E+01 0.0000000000000E+00
 2.2958362260081E+02 9.5193209371070E+01 0.0000000000000E+00-2.2958362260081E+02
 9.5193209371070E+01 0.0000000000000E+00 2.2958362260081E+02-9.5193209371070E+01
 0.0000000000000E+00-9.5193209371070E+01-2.2958362260081E+02 0.0000000000000E+00
 9.5193209371070E+01 2.2958362260081E+02 0.0000000000000E+00-9.5193209371070E+01
 2.2958362260081E+02 0.0000000000000E+00 9.5193209371070E+01-2.2958362260081E+02
 0.0000000000000E+00-6.1595606063633E+01-2.4078282370329E+02 0.0000000000000E+00
 6.1595606063633E+01 2.4078282370329E+02 0.0000000000000E+00-6.1595606063633E+01
 2.4078282370329E+02 0.0000000000000E+00 6.1595606063633E+01-2.4078282370329E+02
 0.0000000000000E+00-2.4638242425453E+02-3.3597603307436E+01 0.0000000000000E+00
 2.4638242425453E+02 3.3597603307436E+01 0.0000000000000E+00-2.4638242425453E+02
 3.3597603307436E+01 0.0000000000000E+00 2.4638242425453E+02-3.3597603307436E+01
 0.0000000000000E+00-2.0158561984462E+02-1.4558961433222E+02 0.0000000000000E+00
 2.0158561984462E+02 1.4558961433222E+02 0.0000000000000E+00-2.0158561984462E+02
 1.4558961433222E+02 0.0000000000000E+00 2.0158561984462E+02-1.4558961433222E+02
 0.0000000000000E+00-1.4558961433222E+02-2.0158561984462E+02 0.0000000000000E+00
 1.4558961433222E+02 2.0158561984462E+02 0.0000000000000E+00-1.4558961433222E+02
 2.0158561984462E+02 0.0000000000000E+00 1.4558961433222E+02-2.0158561984462E+02
 0.0000000000000E+00-3.3597603307436E+01-2.4638242425453E+02 0.0000000000000E+00
 3.3597603307436E+01 2.4638242425453E+02 0.0000000000000E+00-3.3597603307436E+01
 2.4638242425453E+02 0.0000000000000E+00 3.3597603307436E+01-2.4638242425453E+02
 0.0000000000000E+00-2.1278482094710E+02-1.2879081267851E+02 0.0000000000000E+00
 2.1278482094710E+02 1.2879081267851E+02 0.0000000000000E+00-2.1278482094710E+02
 1.2879081267851E+02 0.0000000000000E+00 2.1278482094710E+02-1.2879081267851E+02
 0.0000000000000E+00-1.2879081267851E+02-2.1278482094710E+02 0.0000000000000E+00
 1.2879081267851E+02 2.1278482094710E+02 0.0000000000000E+00-1.2879081267851E+02
 2.1278482094710E+02 0.0000000000000E+00 1.2879081267851E+02-2.1278482094710E+02
 0.0000000000000E+00-2.4638242425453E+02-3.9197203858676E+01 0.0000000000000E+00
 2.4638242425453E+02 3.9197203858676E+01 0.0000000000000E+00-2.4638242425453E+02
 3.9197203858676E+01 0.0000000000000E+00 2.4638242425453E+02-3.9197203858676E+01
 0.0000000000000E+00-1.7918721763966E+02-1.7358761708842E+02 0.0000000000000E+00
 1.7918721763966E+02 1.7358761708842E+02 0.0000000000000E+00-1.7918721763966E+02
 1.7358761708842E+02 0.0000000000000E+00 1.7918721763966E+02-1.7358761708842E+02
 0.0000000000000E+00-1.7358761708842E+02-1.7918721763966E+02 0.0000000000000E+00
 1.7358761708842E+02 1.7918721763966E+02 0.0000000000000E+00-1.7358761708842E+02
 1.7918721763966E+02 0.0000000000000E+00 1.7358761708842E+02-1.7918721763966E+02
 0.0000000000000E+00-3.9197203858676E+01-2.4638242425453E+02 0.0000000000000E+00
 3.9197203858676E+01 2.4638242425453E+02 0.0000000000000E+00-3.9197203858676E+01
 2.4638242425453E+02 0.0000000000000E+00 3.9197203858676E+01-2.4638242425453E+02
 0.0000000000000E+00-2.3518322315205E+02-8.3994008268591E+01 0.0000000000000E+00
 2.3518322315205E+02 8.3994008268591E+01 0.0000000000000E+00-2.3518322315205E+02
 8.3994008268591E+01 0.0000000000000E+00 2.3518322315205E+02-8.3994008268591E+01
 0.0000000000000E+00-1.8478681819090E+02-1.6798801653718E+02 0.0000000000000E+00
 1.8478681819090E+02 1.6798801653718E+02 0.0000000000000E+00-1.8478681819090E+02
 1.6798801653718E+02 0.0000000000000E+00 1.8478681819090E+02-1.6798801653718E+02
 0.0000000000000E+00-1.6798801653718E+02-1.8478681819090E+02 0.0000000000000E+00
 1.6798801653718E+02 1.8478681819090E+02 0.0000000000000E+00-1.6798801653718E+02
 1.8478681819090E+02 0.0000000000000E+00 1.6798801653718E+02-1.8478681819090E+02
 0.0000000000000E+00-8.3994008268591E+01-2.3518322315205E+02 0.0000000000000E+00
 8.3994008268591E+01 2.3518322315205E+02 0.0000000000000E+00-8.3994008268591E+01
 2.3518322315205E+02 0.0000000000000E+00 8.3994008268591E+01-2.3518322315205E+02
 0.0000000000000E+00-2.4078282370329E+02-6.7195206614873E+01 0.0000000000000E+00
 2.4078282370329E+02 6.7195206614873E+01 0.0000000000000E+00-2.4078282370329E+02
 6.7195206614873E+01 0.0000000000000E+00 2.4078282370329E+02-6.7195206614873E+01
 0.0000000000000E+00-6.7195206614873E+01-2.4078282370329E+02 0.0000000000000E+00
 6.7195206614873E+01 2.4078282370329E+02 0.0000000000000E+00-6.7195206614873E+01
 2.4078282370329E+02 0.0000000000000E+00 6.7195206614873E+01-2.4078282370329E+02
 0.0000000000000E+00-2.0718522039586E+02-1.3999001378098E+02 0.0000000000000E+00
 2.0718522039586E+02 1.3999001378098E+02 0.0000000000000E+00-2.0718522039586E+02
 1.3999001378098E+02 0.0000000000000E+00 2.0718522039586E+02-1.3999001378098E+02
 0.0000000000000E+00-1.3999001378098E+02-2.0718522039586E+02 0.0000000000000E+00
 1.3999001378098E+02 2.0718522039586E+02 0.0000000000000E+00-1.3999001378098E+02
 2.0718522039586E+02 0.0000000000000E+00 1.3999001378098E+02-2.0718522039586E+02
 0.0000000000000E+00-1.9038641874214E+02-1.6238841598594E+02 0.0000000000000E+00
 1.9038641874214E+02 1.6238841598594E+02 0.0000000000000E+00-1.9038641874214E+02
 1.6238841598594E+02 0.0000000000000E+00 1.9038641874214E+02-1.6238841598594E+02
 0.0000000000000E+00-1.6238841598594E+02-1.9038641874214E+02 0.0000000000000E+00
 1.6238841598594E+02 1.9038641874214E+02 0.0000000000000E+00-1.6238841598594E+02
 1.9038641874214E+02 0.0000000000000E+00 1.6238841598594E+02-1.9038641874214E+02
 0.0000000000000E+00-2.4638242425453E+02-4.4796804409915E+01 0.0000000000000E+00
 2.4638242425453E+02 4.4796804409915E+01 0.0000000000000E+00-2.4638242425453E+02
 4.4796804409915E+01 0.0000000000000E+00 2.4638242425453E+02-4.4796804409915E+01
 0.0000000000000E+00-2.2398402204958E+02-1.1199201102479E+02 0.0000000000000E+00
 2.2398402204958E+02 1.1199201102479E+02 0.0000000000000E+00-2.2398402204958E+02
 1.1199201102479E+02 0.0000000000000E+00 2.2398402204958E+02-1.1199201102479E+02
 0.0000000000000E+00-1.1199201102479E+02-2.2398402204958E+02 0.0000000000000E+00
 1.1199201102479E+02 2.2398402204958E+02 0.0000000000000E+00-1.1199201102479E+02
 2.2398402204958E+02 0.0000000000000E+00 1.1199201102479E+02-2.2398402204958E+02
 0.0000000000000E+00-4.4796804409915E+01-2.4638242425453E+02 0.0000000000000E+00
 4.4796804409915E+01 2.4638242425453E+02 0.0000000000000E+00-4.4796804409915E+01
 2.4638242425453E+02 0.0000000000000E+00 4.4796804409915E+01-2.4638242425453E+02
 0.0000000000000E+00-2.2958362260081E+02-1.0079280992231E+02 0.0000000000000E+00
 2.2958362260081E+02 1.0079280992231E+02 0.0000000000000E+00-2.2958362260081E+02
 1.0079280992231E+02 0.0000000000000E+00 2.2958362260081E+02-1.0079280992231E+02
 0.0000000000000E+00-2.1838442149834E+02-1.2319121212727E+02 0.0000000000000E+00
 2.1838442149834E+02 1.2319121212727E+02 0.0000000000000E+00-2.1838442149834E+02
 1.2319121212727E+02 0.0000000000000E+00 2.1838442149834E+02-1.2319121212727E+02
 0.0000000000000E+00-1.2319121212727E+02-2.1838442149834E+02 0.0000000000000E+00
 1.2319121212727E+02 2.1838442149834E+02 0.0000000000000E+00-1.2319121212727E+02
 2.1838442149834E+02 0.0000000000000E+00 1.2319121212727E+02-2.1838442149834E+02
 0.0000000000000E+00-1.0079280992231E+02-2.2958362260081E+02 0.0000000000000E+00
 1.0079280992231E+02 2.2958362260081E+02 0.0000000000000E+00-1.0079280992231E+02
 2.2958362260081E+02 0.0000000000000E+00 1.0079280992231E+02-2.2958362260081E+02
 0.0000000000000E+00-1.9598601929338E+02-1.5678881543470E+02 0.0000000000000E+00
 1.9598601929338E+02 1.5678881543470E+02 0.0000000000000E+00-1.9598601929338E+02
 1.5678881543470E+02 0.0000000000000E+00 1.9598601929338E+02-1.5678881543470E+02
 0.0000000000000E+00-1.5678881543470E+02-1.9598601929338E+02 0.0000000000000E+00
 1.5678881543470E+02 1.9598601929338E+02 0.0000000000000E+00-1.5678881543470E+02
 1.9598601929338E+02 0.0000000000000E+00 1.5678881543470E+02-1.9598601929338E+02
 0.0000000000000E+00-2.4638242425453E+02-5.0396404961154E+01 0.0000000000000E+00
 2.4638242425453E+02 5.0396404961154E+01 0.0000000000000E+00-2.4638242425453E+02
 5.0396404961154E+01 0.0000000000000E+00 2.4638242425453E+02-5.0396404961154E+01
 0.0000000000000E+00-5.0396404961154E+01-2.4638242425453E+02 0.0000000000000E+00
 5.0396404961154E+01 2.4638242425453E+02 0.0000000000000E+00-5.0396404961154E+01
 2.4638242425453E+02 0.0000000000000E+00 5.0396404961154E+01-2.4638242425453E+02
 0.0000000000000E+00-2.4078282370329E+02-7.2794807166112E+01 0.0000000000000E+00
 2.4078282370329E+02 7.2794807166112E+01 0.0000000000000E+00-2.4078282370329E+02
 7.2794807166112E+01 0.0000000000000E+00 2.4078282370329E+02-7.2794807166112E+01
 0.0000000000000E+00-7.2794807166112E+01-2.4078282370329E+02 0.0000000000000E+00
 7.2794807166112E+01 2.4078282370329E+02 0.0000000000000E+00-7.2794807166112E+01
 2.4078282370329E+02 0.0000000000000E+00 7.2794807166112E+01-2.4078282370329E+02
 0.0000000000000E+00-2.3518322315205E+02-8.9593608819830E+01 0.0000000000000E+00
 2.3518322315205E+02 8.9593608819830E+01 0.0000000000000E+00-2.3518322315205E+02
 8.9593608819830E+01 0.0000000000000E+00 2.3518322315205E+02-8.9593608819830E+01
 0.0000000000000E+00-2.1278482094710E+02-1.3439041322975E+02 0.0000000000000E+00
 2.1278482094710E+02 1.3439041322975E+02 0.0000000000000E+00-2.1278482094710E+02
 1.3439041322975E+02 0.0000000000000E+00 2.1278482094710E+02-1.3439041322975E+02
 0.0000000000000E+00-1.3439041322975E+02-2.1278482094710E+02 0.0000000000000E+00
 1.3439041322975E+02 2.1278482094710E+02 0.0000000000000E+00-1.3439041322975E+02
 2.1278482094710E+02 0.0000000000000E+00 1.3439041322975E+02-2.1278482094710E+02
 0.0000000000000E+00-8.9593608819830E+01-2.3518322315205E+02 0.0000000000000E+00
 8.9593608819830E+01 2.3518322315205E+02 0.0000000000000E+00-8.9593608819830E+01
 2.3518322315205E+02 0.0000000000000E+00 8.9593608819830E+01-2.3518322315205E+02
 0.0000000000000E+00-2.5198202480577E+02 0.0000000000000E+00 0.0000000000000E+00
 2.5198202480577E+02 0.0000000000000E+00 0.0000000000000E+00-2.0158561984462E+02
-1.5118921488346E+02 0.0000000000000E+00 2.0158561984462E+02 1.5118921488346E+02
 0.0000000000000E+00-2.0158561984462E+02 1.5118921488346E+02 0.0000000000000E+00
 2.0158561984462E+02-1.5118921488346E+02 0.0000000000000E+00-1.5118921488346E+02
-2.0158561984462E+02 0.0000000000000E+00 1.5118921488346E+02 2.0158561984462E+02
 0.0000000000000E+00-1.5118921488346E+02 2.0158561984462E+02 0.0000000000000E+00
 1.5118921488346E+02-2.0158561984462E+02 0.0000000000000E+00 0.0000000000000E+00
-2.5198202480577E+02 0.0000000000000E+00 0.0000000000000E+00 2.5198202480577E+02
 0.0000000000000E+00-2.5198202480577E+02-5.5996005512394E+00 0.0000000000000E+00
 2.5198202480577E+02 5.5996005512394E+00 0.0000000000000E+00-2.5198202480577E+02
 5.5996005512394E+00 0.0000000000000E+00 2.5198202480577E+02-5.5996005512394E+00
 0.0000000000000E+00-5.5996005512394E+00-2.5198202480577E+02 0.0000000000000E+00
 5.5996005512394E+00 2.5198202480577E+02 0.0000000000000E+00-5.5996005512394E+00
 2.5198202480577E+02 0.0000000000000E+00 5.5996005512394E+00-2.5198202480577E+02
 0.0000000000000E+00-2.5198202480577E+02-1.1199201102479E+01 0.0000000000000E+00
 2.5198202480577E+02 1.1199201102479E+01 0.0000000000000E+00-2.5198202480577E+02
 1.1199201102479E+01 0.0000000000000E+00 2.5198202480577E+02-1.1199201102479E+01
 0.0000000000000E+00-1.1199201102479E+01-2.5198202480577E+02 0.0000000000000E+00
 1.1199201102479E+01 2.5198202480577E+02 0.0000000000000E+00-1.1199201102479E+01
 2.5198202480577E+02 0.0000000000000E+00 1.1199201102479E+01-2.5198202480577E+02
 0.0000000000000E+00-2.5198202480577E+02-1.6798801653718E+01 0.0000000000000E+00
 2.5198202480577E+02 1.6798801653718E+01 0.0000000000000E+00-2.5198202480577E+02
 1.6798801653718E+01 0.0000000000000E+00 2.5198202480577E+02-1.6798801653718E+01
 0.0000000000000E+00-1.6798801653718E+01-2.5198202480577E+02 0.0000000000000E+00
 1.6798801653718E+01 2.5198202480577E+02 0.0000000000000E+00-1.6798801653718E+01
 2.5198202480577E+02 0.0000000000000E+00 1.6798801653718E+01-2.5198202480577E+02
 0.0000000000000E+00-2.4638242425453E+02-5.5996005512394E+01 0.0000000000000E+00
 2.4638242425453E+02 5.5996005512394E+01 0.0000000000000E+00-2.4638242425453E+02
 5.5996005512394E+01 0.0000000000000E+00 2.4638242425453E+02-5.5996005512394E+01
 0.0000000000000E+00-5.5996005512394E+01-2.4638242425453E+02 0.0000000000000E+00
 5.5996005512394E+01 2.4638242425453E+02 0.0000000000000E+00-5.5996005512394E+01
 2.4638242425453E+02 0.0000000000000E+00 5.5996005512394E+01-2.4638242425453E+02
 0.0000000000000E+00-2.5198202480577E+02-2.2398402204958E+01 0.0000000000000E+00
 2.5198202480577E+02 2.2398402204958E+01 0.0000000000000E+00-2.5198202480577E+02
 2.2398402204958E+01 0.0000000000000E+00 2.5198202480577E+02-2.2398402204958E+01
 0.0000000000000E+00-2.2398402204958E+02-1.1759161157603E+02 0.0000000000000E+00
 2.2398402204958E+02 1.1759161157603E+02 0.0000000000000E+00-2.2398402204958E+02
 1.1759161157603E+02 0.0000000000000E+00 2.2398402204958E+02-1.1759161157603E+02
 0.0000000000000E+00-1.1759161157603E+02-2.2398402204958E+02 0.0000000000000E+00
 1.1759161157603E+02 2.2398402204958E+02 0.0000000000000E+00-1.1759161157603E+02
 2.2398402204958E+02 0.0000000000000E+00 1.1759161157603E+02-2.2398402204958E+02
 0.0000000000000E+00-2.2398402204958E+01-2.5198202480577E+02 0.0000000000000E+00
 2.2398402204958E+01 2.5198202480577E+02 0.0000000000000E+00-2.2398402204958E+01
 2.5198202480577E+02 0.0000000000000E+00 2.2398402204958E+01-2.5198202480577E+02
 0.0000000000000E+00-2.2958362260081E+02-1.0639241047355E+02 0.0000000000000E+00
 2.2958362260081E+02 1.0639241047355E+02 0.0000000000000E+00-2.2958362260081E+02
 1.0639241047355E+02 0.0000000000000E+00 2.2958362260081E+02-1.0639241047355E+02
 0.0000000000000E+00-1.0639241047355E+02-2.2958362260081E+02 0.0000000000000E+00
 1.0639241047355E+02 2.2958362260081E+02 0.0000000000000E+00-1.0639241047355E+02
 2.2958362260081E+02 0.0000000000000E+00 1.0639241047355E+02-2.2958362260081E+02
 0.0000000000000E+00-2.4078282370329E+02-7.8394407717351E+01 0.0000000000000E+00
 2.4078282370329E+02 7.8394407717351E+01 0.0000000000000E+00-2.4078282370329E+02
 7.8394407717351E+01 0.0000000000000E+00 2.4078282370329E+02-7.8394407717351E+01
 0.0000000000000E+00-2.0718522039586E+02-1.4558961433222E+02 0.0000000000000E+00
 2.0718522039586E+02 1.4558961433222E+02 0.0000000000000E+00-2.0718522039586E+02
 1.4558961433222E+02 0.0000000000000E+00 2.0718522039586E+02-1.4558961433222E+02
 0.0000000000000E+00-1.4558961433222E+02-2.0718522039586E+02 0.0000000000000E+00
 1.4558961433222E+02 2.0718522039586E+02 0.0000000000000E+00-1.4558961433222E+02
 2.0718522039586E+02 0.0000000000000E+00 1.4558961433222E+02-2.0718522039586E+02
 0.0000000000000E+00-7.8394407717351E+01-2.4078282370329E+02 0.0000000000000E+00
 7.8394407717351E+01 2.4078282370329E+02 0.0000000000000E+00-7.8394407717351E+01
 2.4078282370329E+02 0.0000000000000E+00 7.8394407717351E+01-2.4078282370329E+02
 0.0000000000000E+00-1.7918721763966E+02-1.7918721763966E+02 0.0000000000000E+00
 1.7918721763966E+02 1.7918721763966E+02 0.0000000000000E+00-1.7918721763966E+02
 1.7918721763966E+02 0.0000000000000E+00 1.7918721763966E+02-1.7918721763966E+02
 0.0000000000000E+00-2.5198202480577E+02-2.7998002756197E+01 0.0000000000000E+00
 2.5198202480577E+02 2.7998002756197E+01 0.0000000000000E+00-2.5198202480577E+02
 2.7998002756197E+01 0.0000000000000E+00 2.5198202480577E+02-2.7998002756197E+01
 0.0000000000000E+00-2.1838442149834E+02-1.2879081267851E+02 0.0000000000000E+00
 2.1838442149834E+02 1.2879081267851E+02 0.0000000000000E+00-2.1838442149834E+02
 1.2879081267851E+02 0.0000000000000E+00 2.1838442149834E+02-1.2879081267851E+02
 0.0000000000000E+00-1.8478681819090E+02-1.7358761708842E+02 0.0000000000000E+00
 1.8478681819090E+02 1.7358761708842E+02 0.0000000000000E+00-1.8478681819090E+02
 1.7358761708842E+02 0.0000000000000E+00 1.8478681819090E+02-1.7358761708842E+02
 0.0000000000000E+00-1.7358761708842E+02-1.8478681819090E+02 0.0000000000000E+00
 1.7358761708842E+02 1.8478681819090E+02 0.0000000000000E+00-1.7358761708842E+02
 1.8478681819090E+02 0.0000000000000E+00 1.7358761708842E+02-1.8478681819090E+02
 0.0000000000000E+00-1.2879081267851E+02-2.1838442149834E+02 0.0000000000000E+00
 1.2879081267851E+02 2.1838442149834E+02 0.0000000000000E+00-1.2879081267851E+02
 2.1838442149834E+02 0.0000000000000E+00 1.2879081267851E+02-2.1838442149834E+02
 0.0000000000000E+00-2.7998002756197E+01-2.5198202480577E+02 0.0000000000000E+00
 2.7998002756197E+01 2.5198202480577E+02 0.0000000000000E+00-2.7998002756197E+01
 2.5198202480577E+02 0.0000000000000E+00 2.7998002756197E+01-2.5198202480577E+02
 0.0000000000000E+00-2.3518322315205E+02-9.5193209371070E+01 0.0000000000000E+00
 2.3518322315205E+02 9.5193209371070E+01 0.0000000000000E+00-2.3518322315205E+02
 9.5193209371070E+01 0.0000000000000E+00 2.3518322315205E+02-9.5193209371070E+01
 0.0000000000000E+00-9.5193209371070E+01-2.3518322315205E+02 0.0000000000000E+00
 9.5193209371070E+01 2.3518322315205E+02 0.0000000000000E+00-9.5193209371070E+01
 2.3518322315205E+02 0.0000000000000E+00 9.5193209371070E+01-2.3518322315205E+02
 0.0000000000000E+00-1.9038641874214E+02-1.6798801653718E+02 0.0000000000000E+00
 1.9038641874214E+02 1.6798801653718E+02 0.0000000000000E+00-1.9038641874214E+02
 1.6798801653718E+02 0.0000000000000E+00 1.9038641874214E+02-1.6798801653718E+02
 0.0000000000000E+00-1.6798801653718E+02-1.9038641874214E+02 0.0000000000000E+00
 1.6798801653718E+02 1.9038641874214E+02 0.0000000000000E+00-1.6798801653718E+02
 1.9038641874214E+02 0.0000000000000E+00 1.6798801653718E+02-1.9038641874214E+02
 0.0000000000000E+00-2.4638242425453E+02-6.1595606063633E+01 0.0000000000000E+00
 2.4638242425453E+02 6.1595606063633E+01 0.0000000000000E+00-2.4638242425453E+02
 6.1595606063633E+01 0.0000000000000E+00 2.4638242425453E+02-6.1595606063633E+01
 0.0000000000000E+00-6.1595606063633E+01-2.4638242425453E+02 0.0000000000000E+00
 6.1595606063633E+01 2.4638242425453E+02 0.0000000000000E+00-6.1595606063633E+01
 2.4638242425453E+02 0.0000000000000E+00 6.1595606063633E+01-2.4638242425453E+02
 0.0000000000000E+00-2.5198202480577E+02-3.3597603307436E+01 0.0000000000000E+00
 2.5198202480577E+02 3.3597603307436E+01 0.0000000000000E+00-2.5198202480577E+02
 3.3597603307436E+01 0.0000000000000E+00 2.5198202480577E+02-3.3597603307436E+01
 0.0000000000000E+00-3.3597603307436E+01-2.5198202480577E+02 0.0000000000000E+00
 3.3597603307436E+01 2.5198202480577E+02 0.0000000000000E+00-3.3597603307436E+01
 2.5198202480577E+02 0.0000000000000E+00 3.3597603307436E+01-2.5198202480577E+02
 0.0000000000000E+00-1.9598601929338E+02-1.6238841598594E+02 0.0000000000000E+00
 1.9598601929338E+02 1.6238841598594E+02 0.0000000000000E+00-1.9598601929338E+02
 1.6238841598594E+02 0.0000000000000E+00 1.9598601929338E+02-1.6238841598594E+02
 0.0000000000000E+00-1.6238841598594E+02-1.9598601929338E+02 0.0000000000000E+00
 1.6238841598594E+02 1.9598601929338E+02 0.0000000000000E+00-1.6238841598594E+02
 1.9598601929338E+02 0.0000000000000E+00 1.6238841598594E+02-1.9598601929338E+02
 0.0000000000000E+00-2.1278482094710E+02-1.3999001378098E+02 0.0000000000000E+00
 2.1278482094710E+02 1.3999001378098E+02 0.0000000000000E+00-2.1278482094710E+02
 1.3999001378098E+02 0.0000000000000E+00 2.1278482094710E+02-1.3999001378098E+02
 0.0000000000000E+00-1.3999001378098E+02-2.1278482094710E+02 0.0000000000000E+00
 1.3999001378098E+02 2.1278482094710E+02 0.0000000000000E+00-1.3999001378098E+02
 2.1278482094710E+02 0.0000000000000E+00 1.3999001378098E+02-2.1278482094710E+02
 0.0000000000000E+00-2.5198202480577E+02-3.9197203858676E+01 0.0000000000000E+00
 2.5198202480577E+02 3.9197203858676E+01 0.0000000000000E+00-2.5198202480577E+02
 3.9197203858676E+01 0.0000000000000E+00 2.5198202480577E+02-3.9197203858676E+01
 0.0000000000000E+00-2.4078282370329E+02-8.3994008268591E+01 0.0000000000000E+00
 2.4078282370329E+02 8.3994008268591E+01 0.0000000000000E+00-2.4078282370329E+02
 8.3994008268591E+01 0.0000000000000E+00 2.4078282370329E+02-8.3994008268591E+01
 0.0000000000000E+00-8.3994008268591E+01-2.4078282370329E+02 0.0000000000000E+00
 8.3994008268591E+01 2.4078282370329E+02 0.0000000000000E+00-8.3994008268591E+01
 2.4078282370329E+02 0.0000000000000E+00 8.3994008268591E+01-2.4078282370329E+02
 0.0000000000000E+00-3.9197203858676E+01-2.5198202480577E+02 0.0000000000000E+00
 3.9197203858676E+01 2.5198202480577E+02 0.0000000000000E+00-3.9197203858676E+01
 2.5198202480577E+02 0.0000000000000E+00 3.9197203858676E+01-2.5198202480577E+02
 0.0000000000000E+00-2.4638242425453E+02-6.7195206614873E+01 0.0000000000000E+00
 2.4638242425453E+02 6.7195206614873E+01 0.0000000000000E+00-2.4638242425453E+02
 6.7195206614873E+01 0.0000000000000E+00 2.4638242425453E+02-6.7195206614873E+01
 0.0000000000000E+00-2.0158561984462E+02-1.5678881543470E+02 0.0000000000000E+00
 2.0158561984462E+02 1.5678881543470E+02 0.0000000000000E+00-2.0158561984462E+02
 1.5678881543470E+02 0.0000000000000E+00 2.0158561984462E+02-1.5678881543470E+02
 0.0000000000000E+00-1.5678881543470E+02-2.0158561984462E+02 0.0000000000000E+00
 1.5678881543470E+02 2.0158561984462E+02 0.0000000000000E+00-1.5678881543470E+02
 2.0158561984462E+02 0.0000000000000E+00 1.5678881543470E+02-2.0158561984462E+02
 0.0000000000000E+00-6.7195206614873E+01-2.4638242425453E+02 0.0000000000000E+00
 6.7195206614873E+01 2.4638242425453E+02 0.0000000000000E+00-6.7195206614873E+01
 2.4638242425453E+02 0.0000000000000E+00 6.7195206614873E+01-2.4638242425453E+02
 0.0000000000000E+00-2.2958362260081E+02-1.1199201102479E+02 0.0000000000000E+00
 2.2958362260081E+02 1.1199201102479E+02 0.0000000000000E+00-2.2958362260081E+02
 1.1199201102479E+02 0.0000000000000E+00 2.2958362260081E+02-1.1199201102479E+02
 0.0000000000000E+00-1.1199201102479E+02-2.2958362260081E+02 0.0000000000000E+00
 1.1199201102479E+02 2.2958362260081E+02 0.0000000000000E+00-1.1199201102479E+02
 2.2958362260081E+02 0.0000000000000E+00 1.1199201102479E+02-2.2958362260081E+02
 0.0000000000000E+00-2.2398402204958E+02-1.2319121212727E+02 0.0000000000000E+00
 2.2398402204958E+02 1.2319121212727E+02 0.0000000000000E+00-2.2398402204958E+02
 1.2319121212727E+02 0.0000000000000E+00 2.2398402204958E+02-1.2319121212727E+02
 0.0000000000000E+00-1.2319121212727E+02-2.2398402204958E+02 0.0000000000000E+00
 1.2319121212727E+02 2.2398402204958E+02 0.0000000000000E+00-1.2319121212727E+02
 2.2398402204958E+02 0.0000000000000E+00 1.2319121212727E+02-2.2398402204958E+02
 0.0000000000000E+00-2.3518322315205E+02-1.0079280992231E+02 0.0000000000000E+00
 2.3518322315205E+02 1.0079280992231E+02 0.0000000000000E+00-2.3518322315205E+02
 1.0079280992231E+02 0.0000000000000E+00 2.3518322315205E+02-1.0079280992231E+02
 0.0000000000000E+00-1.0079280992231E+02-2.3518322315205E+02 0.0000000000000E+00
 1.0079280992231E+02 2.3518322315205E+02 0.0000000000000E+00-1.0079280992231E+02
 2.3518322315205E+02 0.0000000000000E+00 1.0079280992231E+02-2.3518322315205E+02
 0.0000000000000E+00-2.5198202480577E+02-4.4796804409915E+01 0.0000000000000E+00
 2.5198202480577E+02 4.4796804409915E+01 0.0000000000000E+00-2.5198202480577E+02
 4.4796804409915E+01 0.0000000000000E+00 2.5198202480577E+02-4.4796804409915E+01
 0.0000000000000E+00-4.4796804409915E+01-2.5198202480577E+02 0.0000000000000E+00
 4.4796804409915E+01 2.5198202480577E+02 0.0000000000000E+00-4.4796804409915E+01
 2.5198202480577E+02 0.0000000000000E+00 4.4796804409915E+01-2.5198202480577E+02
 0.0000000000000E+00-2.1838442149834E+02-1.3439041322975E+02 0.0000000000000E+00
 2.1838442149834E+02 1.3439041322975E+02 0.0000000000000E+00-2.1838442149834E+02
 1.3439041322975E+02 0.0000000000000E+00 2.1838442149834E+02-1.3439041322975E+02
 0.0000000000000E+00-1.3439041322975E+02-2.1838442149834E+02 0.0000000000000E+00
 1.3439041322975E+02 2.1838442149834E+02 0.0000000000000E+00-1.3439041322975E+02
 2.1838442149834E+02 0.0000000000000E+00 1.3439041322975E+02-2.1838442149834E+02
 0.0000000000000E+00-2.0718522039586E+02-1.5118921488346E+02 0.0000000000000E+00
 2.0718522039586E+02 1.5118921488346E+02 0.0000000000000E+00-2.0718522039586E+02
 1.5118921488346E+02 0.0000000000000E+00 2.0718522039586E+02-1.5118921488346E+02
 0.0000000000000E+00-1.5118921488346E+02-2.0718522039586E+02 0.0000000000000E+00
 1.5118921488346E+02 2.0718522039586E+02 0.0000000000000E+00-1.5118921488346E+02
 2.0718522039586E+02 0.0000000000000E+00 1.5118921488346E+02-2.0718522039586E+02
 0.0000000000000E+00-2.4638242425453E+02-7.2794807166112E+01 0.0000000000000E+00
 2.4638242425453E+02 7.2794807166112E+01 0.0000000000000E+00-2.4638242425453E+02
 7.2794807166112E+01 0.0000000000000E+00 2.4638242425453E+02-7.2794807166112E+01
 0.0000000000000E+00-2.4078282370329E+02-8.9593608819830E+01 0.0000000000000E+00
 2.4078282370329E+02 8.9593608819830E+01 0.0000000000000E+00-2.4078282370329E+02
 8.9593608819830E+01 0.0000000000000E+00 2.4078282370329E+02-8.9593608819830E+01
 0.0000000000000E+00-8.9593608819830E+01-2.4078282370329E+02 0.0000000000000E+00
 8.9593608819830E+01 2.4078282370329E+02 0.0000000000000E+00-8.9593608819830E+01
 2.4078282370329E+02 0.0000000000000E+00 8.9593608819830E+01-2.4078282370329E+02
 0.0000000000000E+00-7.2794807166112E+01-2.4638242425453E+02 0.0000000000000E+00
 7.2794807166112E+01 2.4638242425453E+02 0.0000000000000E+00-7.2794807166112E+01
 2.4638242425453E+02 0.0000000000000E+00 7.2794807166112E+01-2.4638242425453E+02
 0.0000000000000E+00-2.5198202480577E+02-5.0396404961154E+01 0.0000000000000E+00
 2.5198202480577E+02 5.0396404961154E+01 0.0000000000000E+00-2.5198202480577E+02
 5.0396404961154E+01 0.0000000000000E+00 2.5198202480577E+02-5.0396404961154E+01
 0.0000000000000E+00-5.0396404961154E+01-2.5198202480577E+02 0.0000000000000E+00
 5.0396404961154E+01 2.5198202480577E+02 0.0000000000000E+00-5.0396404961154E+01
 2.5198202480577E+02 0.0000000000000E+00 5.0396404961154E+01-2.5198202480577E+02
 0.0000000000000E+00-1.8478681819090E+02-1.7918721763966E+02 0.0000000000000E+00
 1.8478681819090E+02 1.7918721763966E+02 0.0000000000000E+00-1.8478681819090E+02
 1.7918721763966E+02 0.0000000000000E+00 1.8478681819090E+02-1.7918721763966E+02
 0.0000000000000E+00-1.7918721763966E+02-1.8478681819090E+02 0.0000000000000E+00
 1.7918721763966E+02 1.8478681819090E+02 0.0000000000000E+00-1.7918721763966E+02
 1.8478681819090E+02 0.0000000000000E+00 1.7918721763966E+02-1.8478681819090E+02
 0.0000000000000E+00-2.5758162535701E+02 0.0000000000000E+00 0.0000000000000E+00
 2.5758162535701E+02 0.0000000000000E+00 0.0000000000000E+00 0.0000000000000E+00
-2.5758162535701E+02 0.0000000000000E+00 0.0000000000000E+00 2.5758162535701E+02
 0.0000000000000E+00-2.5758162535701E+02-5.5996005512394E+00 0.0000000000000E+00
 2.5758162535701E+02 5.5996005512394E+00 0.0000000000000E+00-2.5758162535701E+02
 5.5996005512394E+00 0.0000000000000E+00 2.5758162535701E+02-5.5996005512394E+00
 0.0000000000000E+00-1.9038641874214E+02-1.7358761708842E+02 0.0000000000000E+00
 1.9038641874214E+02 1.7358761708842E+02 0.0000000000000E+00-1.9038641874214E+02
 1.7358761708842E+02 0.0000000000000E+00 1.9038641874214E+02-1.7358761708842E+02
 0.0000000000000E+00-1.7358761708842E+02-1.9038641874214E+02 0.0000000000000E+00
 1.7358761708842E+02 1.9038641874214E+02 0.0000000000000E+00-1.7358761708842E+02
 1.9038641874214E+02 0.0000000000000E+00 1.7358761708842E+02-1.9038641874214E+02
 0.0000000000000E+00-5.5996005512394E+00-2.5758162535701E+02 0.0000000000000E+00
 5.5996005512394E+00 2.5758162535701E+02 0.0000000000000E+00-5.5996005512394E+00
 2.5758162535701E+02 0.0000000000000E+00 5.5996005512394E+00-2.5758162535701E+02
 0.0000000000000E+00-2.5758162535701E+02-1.1199201102479E+01 0.0000000000000E+00
 2.5758162535701E+02 1.1199201102479E+01 0.0000000000000E+00-2.5758162535701E+02
 1.1199201102479E+01 0.0000000000000E+00 2.5758162535701E+02-1.1199201102479E+01
 0.0000000000000E+00-2.1278482094710E+02-1.4558961433222E+02 0.0000000000000E+00
 2.1278482094710E+02 1.4558961433222E+02 0.0000000000000E+00-2.1278482094710E+02
 1.4558961433222E+02 0.0000000000000E+00 2.1278482094710E+02-1.4558961433222E+02
 0.0000000000000E+00-1.4558961433222E+02-2.1278482094710E+02 0.0000000000000E+00
 1.4558961433222E+02 2.1278482094710E+02 0.0000000000000E+00-1.4558961433222E+02
 2.1278482094710E+02 0.0000000000000E+00 1.4558961433222E+02-2.1278482094710E+02
 0.0000000000000E+00-1.1199201102479E+01-2.5758162535701E+02 0.0000000000000E+00
 1.1199201102479E+01 2.5758162535701E+02 0.0000000000000E+00-1.1199201102479E+01
 2.5758162535701E+02 0.0000000000000E+00 1.1199201102479E+01-2.5758162535701E+02
 0.0000000000000E+00-2.2958362260081E+02-1.1759161157603E+02 0.0000000000000E+00
 2.2958362260081E+02 1.1759161157603E+02 0.0000000000000E+00-2.2958362260081E+02
 1.1759161157603E+02 0.0000000000000E+00 2.2958362260081E+02-1.1759161157603E+02
 0.0000000000000E+00-1.1759161157603E+02-2.2958362260081E+02 0.0000000000000E+00
 1.1759161157603E+02 2.2958362260081E+02 0.0000000000000E+00-1.1759161157603E+02
 2.2958362260081E+02 0.0000000000000E+00 1.1759161157603E+02-2.2958362260081E+02
 0.0000000000000E+00-2.5758162535701E+02-1.6798801653718E+01 0.0000000000000E+00
 2.5758162535701E+02 1.6798801653718E+01 0.0000000000000E+00-2.5758162535701E+02
 1.6798801653718E+01 0.0000000000000E+00 2.5758162535701E+02-1.6798801653718E+01
 0.0000000000000E+00-2.5198202480577E+02-5.5996005512394E+01 0.0000000000000E+00
 2.5198202480577E+02 5.5996005512394E+01 0.0000000000000E+00-2.5198202480577E+02
 5.5996005512394E+01 0.0000000000000E+00 2.5198202480577E+02-5.5996005512394E+01
 0.0000000000000E+00-2.3518322315205E+02-1.0639241047355E+02 0.0000000000000E+00
 2.3518322315205E+02 1.0639241047355E+02 0.0000000000000E+00-2.3518322315205E+02
 1.0639241047355E+02 0.0000000000000E+00 2.3518322315205E+02-1.0639241047355E+02
 0.0000000000000E+00-1.9598601929338E+02-1.6798801653718E+02 0.0000000000000E+00
 1.9598601929338E+02 1.6798801653718E+02 0.0000000000000E+00-1.9598601929338E+02
 1.6798801653718E+02 0.0000000000000E+00 1.9598601929338E+02-1.6798801653718E+02
 0.0000000000000E+00-1.6798801653718E+02-1.9598601929338E+02 0.0000000000000E+00
 1.6798801653718E+02 1.9598601929338E+02 0.0000000000000E+00-1.6798801653718E+02
 1.9598601929338E+02 0.0000000000000E+00 1.6798801653718E+02-1.9598601929338E+02
 0.0000000000000E+00-1.0639241047355E+02-2.3518322315205E+02 0.0000000000000E+00
 1.0639241047355E+02 2.3518322315205E+02 0.0000000000000E+00-1.0639241047355E+02
 2.3518322315205E+02 0.0000000000000E+00 1.0639241047355E+02-2.3518322315205E+02
 0.0000000000000E+00-5.5996005512394E+01-2.5198202480577E+02 0.0000000000000E+00
 5.5996005512394E+01 2.5198202480577E+02 0.0000000000000E+00-5.5996005512394E+01
 2.5198202480577E+02 0.0000000000000E+00 5.5996005512394E+01-2.5198202480577E+02
 0.0000000000000E+00-1.6798801653718E+01-2.5758162535701E+02 0.0000000000000E+00
 1.6798801653718E+01 2.5758162535701E+02 0.0000000000000E+00-1.6798801653718E+01
 2.5758162535701E+02 0.0000000000000E+00 1.6798801653718E+01-2.5758162535701E+02
 0.0000000000000E+00-2.2398402204958E+02-1.2879081267851E+02 0.0000000000000E+00
 2.2398402204958E+02 1.2879081267851E+02 0.0000000000000E+00-2.2398402204958E+02
 1.2879081267851E+02 0.0000000000000E+00 2.2398402204958E+02-1.2879081267851E+02
 0.0000000000000E+00-1.2879081267851E+02-2.2398402204958E+02 0.0000000000000E+00
 1.2879081267851E+02 2.2398402204958E+02 0.0000000000000E+00-1.2879081267851E+02
 2.2398402204958E+02 0.0000000000000E+00 1.2879081267851E+02-2.2398402204958E+02
 0.0000000000000E+00-2.5758162535701E+02-2.2398402204958E+01 0.0000000000000E+00
 2.5758162535701E+02 2.2398402204958E+01 0.0000000000000E+00-2.5758162535701E+02
 2.2398402204958E+01 0.0000000000000E+00 2.5758162535701E+02-2.2398402204958E+01
 0.0000000000000E+00-2.4638242425453E+02-7.8394407717351E+01 0.0000000000000E+00
 2.4638242425453E+02 7.8394407717351E+01 0.0000000000000E+00-2.4638242425453E+02
 7.8394407717351E+01 0.0000000000000E+00 2.4638242425453E+02-7.8394407717351E+01
 0.0000000000000E+00-7.8394407717351E+01-2.4638242425453E+02 0.0000000000000E+00
 7.8394407717351E+01 2.4638242425453E+02 0.0000000000000E+00-7.8394407717351E+01
 2.4638242425453E+02 0.0000000000000E+00 7.8394407717351E+01-2.4638242425453E+02
 0.0000000000000E+00-2.2398402204958E+01-2.5758162535701E+02 0.0000000000000E+00
 2.2398402204958E+01 2.5758162535701E+02 0.0000000000000E+00-2.2398402204958E+01
 2.5758162535701E+02 0.0000000000000E+00 2.2398402204958E+01-2.5758162535701E+02
 0.0000000000000E+00-2.0158561984462E+02-1.6238841598594E+02 0.0000000000000E+00
 2.0158561984462E+02 1.6238841598594E+02 0.0000000000000E+00-2.0158561984462E+02
 1.6238841598594E+02 0.0000000000000E+00 2.0158561984462E+02-1.6238841598594E+02
 0.0000000000000E+00-1.6238841598594E+02-2.0158561984462E+02 0.0000000000000E+00
 1.6238841598594E+02 2.0158561984462E+02 0.0000000000000E+00-1.6238841598594E+02
 2.0158561984462E+02 0.0000000000000E+00 1.6238841598594E+02-2.0158561984462E+02
 0.0000000000000E+00-2.4078282370329E+02-9.5193209371070E+01 0.0000000000000E+00
 2.4078282370329E+02 9.5193209371070E+01 0.0000000000000E+00-2.4078282370329E+02
 9.5193209371070E+01 0.0000000000000E+00 2.4078282370329E+02-9.5193209371070E+01
 0.0000000000000E+00-9.5193209371070E+01-2.4078282370329E+02 0.0000000000000E+00
 9.5193209371070E+01 2.4078282370329E+02 0.0000000000000E+00-9.5193209371070E+01
 2.4078282370329E+02 0.0000000000000E+00 9.5193209371070E+01-2.4078282370329E+02
 0.0000000000000E+00-2.5758162535701E+02-2.7998002756197E+01 0.0000000000000E+00
 2.5758162535701E+02 2.7998002756197E+01 0.0000000000000E+00-2.5758162535701E+02
 2.7998002756197E+01 0.0000000000000E+00 2.5758162535701E+02-2.7998002756197E+01
 0.0000000000000E+00-2.7998002756197E+01-2.5758162535701E+02 0.0000000000000E+00
 2.7998002756197E+01 2.5758162535701E+02 0.0000000000000E+00-2.7998002756197E+01
 2.5758162535701E+02 0.0000000000000E+00 2.7998002756197E+01-2.5758162535701E+02
 0.0000000000000E+00-2.5198202480577E+02-6.1595606063633E+01 0.0000000000000E+00
 2.5198202480577E+02 6.1595606063633E+01 0.0000000000000E+00-2.5198202480577E+02
 6.1595606063633E+01 0.0000000000000E+00 2.5198202480577E+02-6.1595606063633E+01
 0.0000000000000E+00-2.1838442149834E+02-1.3999001378098E+02 0.0000000000000E+00
 2.1838442149834E+02 1.3999001378098E+02 0.0000000000000E+00-2.1838442149834E+02
 1.3999001378098E+02 0.0000000000000E+00 2.1838442149834E+02-1.3999001378098E+02
 0.0000000000000E+00-1.3999001378098E+02-2.1838442149834E+02 0.0000000000000E+00
 1.3999001378098E+02 2.1838442149834E+02 0.0000000000000E+00-1.3999001378098E+02
 2.1838442149834E+02 0.0000000000000E+00 1.3999001378098E+02-2.1838442149834E+02
 0.0000000000000E+00-6.1595606063633E+01-2.5198202480577E+02 0.0000000000000E+00
 6.1595606063633E+01 2.5198202480577E+02 0.0000000000000E+00-6.1595606063633E+01
 2.5198202480577E+02 0.0000000000000E+00 6.1595606063633E+01-2.5198202480577E+02
 0.0000000000000E+00-2.5758162535701E+02-3.3597603307436E+01 0.0000000000000E+00
 2.5758162535701E+02 3.3597603307436E+01 0.0000000000000E+00-2.5758162535701E+02
 3.3597603307436E+01 0.0000000000000E+00 2.5758162535701E+02-3.3597603307436E+01
 0.0000000000000E+00-3.3597603307436E+01-2.5758162535701E+02 0.0000000000000E+00
 3.3597603307436E+01 2.5758162535701E+02 0.0000000000000E+00-3.3597603307436E+01
 2.5758162535701E+02 0.0000000000000E+00 3.3597603307436E+01-2.5758162535701E+02
 0.0000000000000E+00-2.0718522039586E+02-1.5678881543470E+02 0.0000000000000E+00
 2.0718522039586E+02 1.5678881543470E+02 0.0000000000000E+00-2.0718522039586E+02
 1.5678881543470E+02 0.0000000000000E+00 2.0718522039586E+02-1.5678881543470E+02
 0.0000000000000E+00-1.5678881543470E+02-2.0718522039586E+02 0.0000000000000E+00
 1.5678881543470E+02 2.0718522039586E+02 0.0000000000000E+00-1.5678881543470E+02
 2.0718522039586E+02 0.0000000000000E+00 1.5678881543470E+02-2.0718522039586E+02
 0.0000000000000E+00-2.4638242425453E+02-8.3994008268591E+01 0.0000000000000E+00
 2.4638242425453E+02 8.3994008268591E+01 0.0000000000000E+00-2.4638242425453E+02
 8.3994008268591E+01 0.0000000000000E+00 2.4638242425453E+02-8.3994008268591E+01
 0.0000000000000E+00-8.3994008268591E+01-2.4638242425453E+02 0.0000000000000E+00
 8.3994008268591E+01 2.4638242425453E+02 0.0000000000000E+00-8.3994008268591E+01
 2.4638242425453E+02 0.0000000000000E+00 8.3994008268591E+01-2.4638242425453E+02
 0.0000000000000E+00-2.3518322315205E+02-1.1199201102479E+02 0.0000000000000E+00
 2.3518322315205E+02 1.1199201102479E+02 0.0000000000000E+00-2.3518322315205E+02
 1.1199201102479E+02 0.0000000000000E+00 2.3518322315205E+02-1.1199201102479E+02
 0.0000000000000E+00-1.1199201102479E+02-2.3518322315205E+02 0.0000000000000E+00
 1.1199201102479E+02 2.3518322315205E+02 0.0000000000000E+00-1.1199201102479E+02
 2.3518322315205E+02 0.0000000000000E+00 1.1199201102479E+02-2.3518322315205E+02
 0.0000000000000E+00-2.5758162535701E+02-3.9197203858676E+01 0.0000000000000E+00
 2.5758162535701E+02 3.9197203858676E+01 0.0000000000000E+00-2.5758162535701E+02
 3.9197203858676E+01 0.0000000000000E+00 2.5758162535701E+02-3.9197203858676E+01
 0.0000000000000E+00-2.2958362260081E+02-1.2319121212727E+02 0.0000000000000E+00
 2.2958362260081E+02 1.2319121212727E+02 0.0000000000000E+00-2.2958362260081E+02
 1.2319121212727E+02 0.0000000000000E+00 2.2958362260081E+02-1.2319121212727E+02
 0.0000000000000E+00-1.2319121212727E+02-2.2958362260081E+02 0.0000000000000E+00
 1.2319121212727E+02 2.2958362260081E+02 0.0000000000000E+00-1.2319121212727E+02
 2.2958362260081E+02 0.0000000000000E+00 1.2319121212727E+02-2.2958362260081E+02
 0.0000000000000E+00-3.9197203858676E+01-2.5758162535701E+02 0.0000000000000E+00
 3.9197203858676E+01 2.5758162535701E+02 0.0000000000000E+00-3.9197203858676E+01
 2.5758162535701E+02 0.0000000000000E+00 3.9197203858676E+01-2.5758162535701E+02
 0.0000000000000E+00-2.5198202480577E+02-6.7195206614873E+01 0.0000000000000E+00
 2.5198202480577E+02 6.7195206614873E+01 0.0000000000000E+00-2.5198202480577E+02
 6.7195206614873E+01 0.0000000000000E+00 2.5198202480577E+02-6.7195206614873E+01
 0.0000000000000E+00-6.7195206614873E+01-2.5198202480577E+02 0.0000000000000E+00
 6.7195206614873E+01 2.5198202480577E+02 0.0000000000000E+00-6.7195206614873E+01
 2.5198202480577E+02 0.0000000000000E+00 6.7195206614873E+01-2.5198202480577E+02
 0.0000000000000E+00-2.4078282370329E+02-1.0079280992231E+02 0.0000000000000E+00
 2.4078282370329E+02 1.0079280992231E+02 0.0000000000000E+00-2.4078282370329E+02
 1.0079280992231E+02 0.0000000000000E+00 2.4078282370329E+02-1.0079280992231E+02
 0.0000000000000E+00-2.1278482094710E+02-1.5118921488346E+02 0.0000000000000E+00
 2.1278482094710E+02 1.5118921488346E+02 0.0000000000000E+00-2.1278482094710E+02
 1.5118921488346E+02 0.0000000000000E+00 2.1278482094710E+02-1.5118921488346E+02
 0.0000000000000E+00-1.5118921488346E+02-2.1278482094710E+02 0.0000000000000E+00
 1.5118921488346E+02 2.1278482094710E+02 0.0000000000000E+00-1.5118921488346E+02
 2.1278482094710E+02 0.0000000000000E+00 1.5118921488346E+02-2.1278482094710E+02
 0.0000000000000E+00-1.0079280992231E+02-2.4078282370329E+02 0.0000000000000E+00
 1.0079280992231E+02 2.4078282370329E+02 0.0000000000000E+00-1.0079280992231E+02
 2.4078282370329E+02 0.0000000000000E+00 1.0079280992231E+02-2.4078282370329E+02
 0.0000000000000E+00-2.2398402204958E+02-1.3439041322975E+02 0.0000000000000E+00
 2.2398402204958E+02 1.3439041322975E+02 0.0000000000000E+00-2.2398402204958E+02
 1.3439041322975E+02 0.0000000000000E+00 2.2398402204958E+02-1.3439041322975E+02
 0.0000000000000E+00-1.3439041322975E+02-2.2398402204958E+02 0.0000000000000E+00
 1.3439041322975E+02 2.2398402204958E+02 0.0000000000000E+00-1.3439041322975E+02
 2.2398402204958E+02 0.0000000000000E+00 1.3439041322975E+02-2.2398402204958E+02
 0.0000000000000E+00-1.8478681819090E+02-1.8478681819090E+02 0.0000000000000E+00
 1.8478681819090E+02 1.8478681819090E+02 0.0000000000000E+00-1.8478681819090E+02
 1.8478681819090E+02 0.0000000000000E+00 1.8478681819090E+02-1.8478681819090E+02
 0.0000000000000E+00-2.5758162535701E+02-4.4796804409915E+01 0.0000000000000E+00
 2.5758162535701E+02 4.4796804409915E+01 0.0000000000000E+00-2.5758162535701E+02
 4.4796804409915E+01 0.0000000000000E+00 2.5758162535701E+02-4.4796804409915E+01
 0.0000000000000E+00-1.9038641874214E+02-1.7918721763966E+02 0.0000000000000E+00
 1.9038641874214E+02 1.7918721763966E+02 0.0000000000000E+00-1.9038641874214E+02
 1.7918721763966E+02 0.0000000000000E+00 1.9038641874214E+02-1.7918721763966E+02
 0.0000000000000E+00-1.7918721763966E+02-1.9038641874214E+02 0.0000000000000E+00
 1.7918721763966E+02 1.9038641874214E+02 0.0000000000000E+00-1.7918721763966E+02
 1.9038641874214E+02 0.0000000000000E+00 1.7918721763966E+02-1.9038641874214E+02
 0.0000000000000E+00-4.4796804409915E+01-2.5758162535701E+02 0.0000000000000E+00
 4.4796804409915E+01 2.5758162535701E+02 0.0000000000000E+00-4.4796804409915E+01
 2.5758162535701E+02 0.0000000000000E+00 4.4796804409915E+01-2.5758162535701E+02
 0.0000000000000E+00-1.9598601929338E+02-1.7358761708842E+02 0.0000000000000E+00
 1.9598601929338E+02 1.7358761708842E+02 0.0000000000000E+00-1.9598601929338E+02
 1.7358761708842E+02 0.0000000000000E+00 1.9598601929338E+02-1.7358761708842E+02
 0.0000000000000E+00-1.7358761708842E+02-1.9598601929338E+02 0.0000000000000E+00
 1.7358761708842E+02 1.9598601929338E+02 0.0000000000000E+00-1.7358761708842E+02
 1.9598601929338E+02 0.0000000000000E+00 1.7358761708842E+02-1.9598601929338E+02
 0.0000000000000E+00-2.4638242425453E+02-8.9593608819830E+01 0.0000000000000E+00
 2.4638242425453E+02 8.9593608819830E+01 0.0000000000000E+00-2.4638242425453E+02
 8.9593608819830E+01 0.0000000000000E+00 2.4638242425453E+02-8.9593608819830E+01
 0.0000000000000E+00-8.9593608819830E+01-2.4638242425453E+02 0.0000000000000E+00
 8.9593608819830E+01 2.4638242425453E+02 0.0000000000000E+00-8.9593608819830E+01
 2.4638242425453E+02 0.0000000000000E+00 8.9593608819830E+01-2.4638242425453E+02
 0.0000000000000E+00-2.5198202480577E+02-7.2794807166112E+01 0.0000000000000E+00
 2.5198202480577E+02 7.2794807166112E+01 0.0000000000000E+00-2.5198202480577E+02
 7.2794807166112E+01 0.0000000000000E+00 2.5198202480577E+02-7.2794807166112E+01
 0.0000000000000E+00-7.2794807166112E+01-2.5198202480577E+02 0.0000000000000E+00
 7.2794807166112E+01 2.5198202480577E+02 0.0000000000000E+00-7.2794807166112E+01
 2.5198202480577E+02 0.0000000000000E+00 7.2794807166112E+01-2.5198202480577E+02
 0.0000000000000E+00-2.0158561984462E+02-1.6798801653718E+02 0.0000000000000E+00
 2.0158561984462E+02 1.6798801653718E+02 0.0000000000000E+00-2.0158561984462E+02
 1.6798801653718E+02 0.0000000000000E+00 2.0158561984462E+02-1.6798801653718E+02
 0.0000000000000E+00-1.6798801653718E+02-2.0158561984462E+02 0.0000000000000E+00
 1.6798801653718E+02 2.0158561984462E+02 0.0000000000000E+00-1.6798801653718E+02
 2.0158561984462E+02 0.0000000000000E+00 1.6798801653718E+02-2.0158561984462E+02
 0.0000000000000E+00-2.5758162535701E+02-5.0396404961154E+01 0.0000000000000E+00
 2.5758162535701E+02 5.0396404961154E+01 0.0000000000000E+00-2.5758162535701E+02
 5.0396404961154E+01 0.0000000000000E+00 2.5758162535701E+02-5.0396404961154E+01
 0.0000000000000E+00-2.1838442149834E+02-1.4558961433222E+02 0.0000000000000E+00
 2.1838442149834E+02 1.4558961433222E+02 0.0000000000000E+00-2.1838442149834E+02
 1.4558961433222E+02 0.0000000000000E+00 2.1838442149834E+02-1.4558961433222E+02
 0.0000000000000E+00-1.4558961433222E+02-2.1838442149834E+02 0.0000000000000E+00
 1.4558961433222E+02 2.1838442149834E+02 0.0000000000000E+00-1.4558961433222E+02
 2.1838442149834E+02 0.0000000000000E+00 1.4558961433222E+02-2.1838442149834E+02
 0.0000000000000E+00-5.0396404961154E+01-2.5758162535701E+02 0.0000000000000E+00
 5.0396404961154E+01 2.5758162535701E+02 0.0000000000000E+00-5.0396404961154E+01
 2.5758162535701E+02 0.0000000000000E+00 5.0396404961154E+01-2.5758162535701E+02
 0.0000000000000E+00-2.3518322315205E+02-1.1759161157603E+02 0.0000000000000E+00
 2.3518322315205E+02 1.1759161157603E+02 0.0000000000000E+00-2.3518322315205E+02
 1.1759161157603E+02 0.0000000000000E+00 2.3518322315205E+02-1.1759161157603E+02
 0.0000000000000E+00-1.1759161157603E+02-2.3518322315205E+02 0.0000000000000E+00
 1.1759161157603E+02 2.3518322315205E+02 0.0000000000000E+00-1.1759161157603E+02
 2.3518322315205E+02 0.0000000000000E+00 1.1759161157603E+02-2.3518322315205E+02
 0.0000000000000E+00-2.6318122590825E+02 0.0000000000000E+00 0.0000000000000E+00
 2.6318122590825E+02 0.0000000000000E+00 0.0000000000000E+00 0.0000000000000E+00
-2.6318122590825E+02 0.0000000000000E+00 0.0000000000000E+00 2.6318122590825E+02
 0.0000000000000E+00-2.6318122590825E+02-5.5996005512394E+00 0.0000000000000E+00
 2.6318122590825E+02 5.5996005512394E+00 0.0000000000000E+00-2.6318122590825E+02
 5.5996005512394E+00 0.0000000000000E+00 2.6318122590825E+02-5.5996005512394E+00
 0.0000000000000E+00-2.4078282370329E+02-1.0639241047355E+02 0.0000000000000E+00
 2.4078282370329E+02 1.0639241047355E+02 0.0000000000000E+00-2.4078282370329E+02
 1.0639241047355E+02 0.0000000000000E+00 2.4078282370329E+02-1.0639241047355E+02
 0.0000000000000E+00-2.2958362260081E+02-1.2879081267851E+02 0.0000000000000E+00
 2.2958362260081E+02 1.2879081267851E+02 0.0000000000000E+00-2.2958362260081E+02
 1.2879081267851E+02 0.0000000000000E+00 2.2958362260081E+02-1.2879081267851E+02
 0.0000000000000E+00-2.0718522039586E+02-1.6238841598594E+02 0.0000000000000E+00
 2.0718522039586E+02 1.6238841598594E+02 0.0000000000000E+00-2.0718522039586E+02
 1.6238841598594E+02 0.0000000000000E+00 2.0718522039586E+02-1.6238841598594E+02
 0.0000000000000E+00-1.6238841598594E+02-2.0718522039586E+02 0.0000000000000E+00
 1.6238841598594E+02 2.0718522039586E+02 0.0000000000000E+00-1.6238841598594E+02
 2.0718522039586E+02 0.0000000000000E+00 1.6238841598594E+02-2.0718522039586E+02
 0.0000000000000E+00-1.2879081267851E+02-2.2958362260081E+02 0.0000000000000E+00
 1.2879081267851E+02 2.2958362260081E+02 0.0000000000000E+00-1.2879081267851E+02
 2.2958362260081E+02 0.0000000000000E+00 1.2879081267851E+02-2.2958362260081E+02
 0.0000000000000E+00-1.0639241047355E+02-2.4078282370329E+02 0.0000000000000E+00
 1.0639241047355E+02 2.4078282370329E+02 0.0000000000000E+00-1.0639241047355E+02
 2.4078282370329E+02 0.0000000000000E+00 1.0639241047355E+02-2.4078282370329E+02
 0.0000000000000E+00-5.5996005512394E+00-2.6318122590825E+02 0.0000000000000E+00
 5.5996005512394E+00 2.6318122590825E+02 0.0000000000000E+00-5.5996005512394E+00
 2.6318122590825E+02 0.0000000000000E+00 5.5996005512394E+00-2.6318122590825E+02
 0.0000000000000E+00-2.6318122590825E+02-1.1199201102479E+01 0.0000000000000E+00
 2.6318122590825E+02 1.1199201102479E+01 0.0000000000000E+00-2.6318122590825E+02
 1.1199201102479E+01 0.0000000000000E+00 2.6318122590825E+02-1.1199201102479E+01
 0.0000000000000E+00-1.1199201102479E+01-2.6318122590825E+02 0.0000000000000E+00
 1.1199201102479E+01 2.6318122590825E+02 0.0000000000000E+00-1.1199201102479E+01
 2.6318122590825E+02 0.0000000000000E+00 1.1199201102479E+01-2.6318122590825E+02
 0.0000000000000E+00-2.5758162535701E+02-5.5996005512394E+01 0.0000000000000E+00
 2.5758162535701E+02 5.5996005512394E+01 0.0000000000000E+00-2.5758162535701E+02
 5.5996005512394E+01 0.0000000000000E+00 2.5758162535701E+02-5.5996005512394E+01
 0.0000000000000E+00-5.5996005512394E+01-2.5758162535701E+02 0.0000000000000E+00
 5.5996005512394E+01 2.5758162535701E+02 0.0000000000000E+00-5.5996005512394E+01
 2.5758162535701E+02 0.0000000000000E+00 5.5996005512394E+01-2.5758162535701E+02
 0.0000000000000E+00-2.6318122590825E+02-1.6798801653718E+01 0.0000000000000E+00
 2.6318122590825E+02 1.6798801653718E+01 0.0000000000000E+00-2.6318122590825E+02
 1.6798801653718E+01 0.0000000000000E+00 2.6318122590825E+02-1.6798801653718E+01
 0.0000000000000E+00-1.6798801653718E+01-2.6318122590825E+02 0.0000000000000E+00
 1.6798801653718E+01 2.6318122590825E+02 0.0000000000000E+00-1.6798801653718E+01
 2.6318122590825E+02 0.0000000000000E+00 1.6798801653718E+01-2.6318122590825E+02
 0.0000000000000E+00-2.5198202480577E+02-7.8394407717351E+01 0.0000000000000E+00
 2.5198202480577E+02 7.8394407717351E+01 0.0000000000000E+00-2.5198202480577E+02
 7.8394407717351E+01 0.0000000000000E+00 2.5198202480577E+02-7.8394407717351E+01
 0.0000000000000E+00-7.8394407717351E+01-2.5198202480577E+02 0.0000000000000E+00
 7.8394407717351E+01 2.5198202480577E+02 0.0000000000000E+00-7.8394407717351E+01
 2.5198202480577E+02 0.0000000000000E+00 7.8394407717351E+01-2.5198202480577E+02
 0.0000000000000E+00-2.6318122590825E+02-2.2398402204958E+01 0.0000000000000E+00
 2.6318122590825E+02 2.2398402204958E+01 0.0000000000000E+00-2.6318122590825E+02
 2.2398402204958E+01 0.0000000000000E+00 2.6318122590825E+02-2.2398402204958E+01
 0.0000000000000E+00-2.4638242425453E+02-9.5193209371070E+01 0.0000000000000E+00
 2.4638242425453E+02 9.5193209371070E+01 0.0000000000000E+00-2.4638242425453E+02
 9.5193209371070E+01 0.0000000000000E+00 2.4638242425453E+02-9.5193209371070E+01
 0.0000000000000E+00-2.2398402204958E+02-1.3999001378098E+02 0.0000000000000E+00
 2.2398402204958E+02 1.3999001378098E+02 0.0000000000000E+00-2.2398402204958E+02
 1.3999001378098E+02 0.0000000000000E+00 2.2398402204958E+02-1.3999001378098E+02
 0.0000000000000E+00-1.3999001378098E+02-2.2398402204958E+02 0.0000000000000E+00
 1.3999001378098E+02 2.2398402204958E+02 0.0000000000000E+00
  1.0035478359930E+01  9.9567434957128E+00  1.0028068273708E+01  9.9874880150072E+00
  1.0035478359930E+01  9.9567434957128E+00
 -4.8922924543137E+01 -1.2070995011198E+01  1.3396870281196E-18  7.1801823589118E-19
 -1.6032290124611E-03 -6.4230280239376E+00  2.1642227545456E-19  4.6630202639956E-17
 -7.8357539719264E-03 -1.1971384911634E-17 -2.1807338997081E+00  7.7258242943354E-18
 -4.1110880735832E-19  4.7514391429029E-17  7.5107449379572E-18 -2.1807338997081E+00
 -3.6770483850740E-19 -7.8357539719258E-03 -3.9647336848865E-19 -4.5898405639294E-19
 -2.1830841620428E+00 -3.1455307496403E-05 -1.0047367390940E-04  8.6194206990771E-20
 -8.1062952028800E-08  1.0047367390940E-04  2.9542967835167E-04  1.4076050351306E-19
 -2.3929148578880E-07 -1.2227756139061E-20  5.8918795485703E-20 -1.8886612005649E-05
  1.9302510175020E-23 -8.1062952028716E-08  2.3929148578885E-07  5.9411162272951E-21
 -1.9177194116972E-05 -6.3380550536232E+00 -7.3486236459902E-20  1.3504567650041E-19
 -2.4854957763093E-04 -2.3634823749595E-05  2.1706271893691E-04  2.0530305074102E-20
  6.2667475538391E-07 -4.3178243602441E+00  2.8267331577832E-17  2.8092006973447E-17
 -8.4227994034920E-03  3.1296854093981E-18 -1.2040686138365E+00  2.3843110768338E-18
 -4.4871818053122E-19 -2.2392711367206E-17  2.4882783699808E-18 -1.2040686138365E+00
 -5.1771387209340E-19 -5.8001899803444E-03 -4.8256181832400E-19 -5.0732438424062E-19
 -1.2095309841551E+00 -7.7500371224389E-04 -1.6900969498186E-03  2.1284651320090E-19
  1.3669290646117E-06  3.1571558626038E-03  6.0374621077774E-03  3.1047289528277E-19
 -5.7822095587084E-06  3.4368847336514E-19  2.9159332517529E-19 -5.3647676058463E-04
 -1.4396700308229E-20 -3.6456330209090E-06 -1.1744665990194E-05  1.4860535194182E-20
 -4.5344497825998E-04 -2.7215625207434E+00  9.4019027072992E-17 -4.4560978796816E-17
  1.3162190853242E-03  9.4037391719080E-17 -1.1514029708613E-01 -1.5172387530236E-18
 -4.0969946401414E-18 -4.2554887866326E-17 -8.7921864676734E-19 -1.1514029708609E-01
  2.8736032173801E-18  1.3162190853249E-03 -3.7590601184143E-18  2.9144108999207E-18
 -9.8153743892034E-02 -6.7882631406437E-03 -1.9127178458766E-02  8.0480329734525E-19
 -1.2690930728538E-04  1.9127178458765E-02  4.5285722504781E-02 -7.1103041283401E-19
  1.6728329799147E-04 -2.8226719971230E-19  6.5715031134863E-19 -4.7840147115830E-03
 -1.4541218735864E-20 -1.2690930728538E-04 -1.6728329799147E-04  3.7849966681819E-20
 -5.2372011399779E-03  1.3861445697621E-03  2.0322629041839E-03  2.0322629041839E-03
  1.2833232399849E-04 -2.0322629041839E-03 -2.9864842811315E-03 -2.6712379865144E-03
 -2.3457488647318E-04 -2.0322629041839E-03 -2.6712379865144E-03 -2.9864842811315E-03
 -2.3457488647318E-04  1.2833232399849E-04  2.3457488647318E-04  2.3457488647318E-04
 -4.6265836885987E-04 -4.9157785349379E-04  1.2111802346351E-03  1.2111802346351E-03
 -9.1328561160674E-06 -1.6449111699964E-02  4.9791340506931E-02  4.9791340506931E-02
 -6.3796107579590E-04 -2.0347589103232E+01 -1.3365579059615E-03 -3.2987033849209E-03
 -3.2987033849209E-03  4.0091658358344E-05 -1.2032797592127E-02  1.5039169949189E-02
  1.5039169949189E-02 -1.2333777299824E-04 -1.7094421444142E-02  1.5721870858548E-02
  2.0055880443232E-02 -1.6186822901144E-04 -1.7094421444142E-02  2.0055880443232E-02
  1.5721870858547E-02 -1.6186822901144E-04  1.8657161176292E-04 -2.2606211518004E-04
 -2.2606211518004E-04 -4.2646872481943E-03 -6.4162303449792E-02  1.1447636947634E-01
  1.1447636947634E-01 -2.1435653157743E-03 -6.0989856457640E-02  6.7570807362136E-02
  1.0107398213210E-01 -2.3122120675378E-03 -6.0989856457640E-02  1.0107398213210E-01
  6.7570807362136E-02 -2.3122120675378E-03  8.7813299232894E-06 -1.3548853047951E-03
 -1.3548853047951E-03 -3.5045811243509E-02 -4.9016083638759E+00 -1.2560810670129E-17
  4.1755752253620E-18  4.6073564085095E-03  1.2274327278630E-04 -2.5349069035524E-04
  1.1408858815159E-20  2.6200542733529E-05 -2.0744733023846E+00 -4.2580646752431E-17
  1.0891958875856E-16  2.3656060944742E-02 -3.1843737334686E-17 -1.5929783021816E-01
  7.5854555156645E-19  2.1770271504025E-18  1.1777259416162E-16  2.9387460822666E-18
 -1.5929783021815E-01 -3.6607871216953E-18  2.3656060944742E-02  1.4254584553579E-18
 -1.6422724620681E-18 -1.4880539016576E-01  7.9350020939367E-04  1.7452521535886E-03
 -5.1026796814138E-20  2.7267566987849E-04 -1.7452521535886E-03 -3.2761272268203E-03
  3.3304558410555E-20 -4.1717977568613E-04  4.3979400525952E-20  7.2531985653039E-20
  7.4579200855864E-04  2.9136821435222E-21  2.7267566987849E-04  4.1717977568613E-04
 -1.6224801994637E-20  1.2083027312539E-03 -1.5520402569983E-01 -3.9248857279749E-01
 -3.9248857279749E-01  4.2832870848450E-03 -1.7950541360521E-01  7.2207347517010E-02
  7.2207347517008E-02 -1.0292881987039E-03 -3.8875683714724E-01  8.7338546283730E-02
  1.4248622149944E-01 -2.1922969701380E-03 -3.8875683714724E-01  1.4248622149944E-01
  8.7338546283729E-02 -2.1922969701380E-03  4.1478556138745E-03 -1.5667426453016E-03
 -1.5667426453017E-03 -5.5111051064633E-02  6.4525245593273E-06  7.4815348778232E-06
 -6.6829302711900E-06 -4.0075442970817E-07 -2.2061268442381E-05  6.8517868926906E-05
  8.6033758900656E-06 -2.6443886493190E-06 -1.3414343091495E-05  2.7924341978194E-05
  8.6720208460680E-06  8.5627818977448E-07  3.5123364812642E-07  3.8726245047301E-07
 -3.8106620377819E-07 -5.3004421722653E-06 -1.8807878296439E-01  1.1308117202421E-01
  1.1308117202421E-01  1.0757424295464E-03 -3.0553099890035E-01  3.0273724172787E-02
  9.5635112727621E-02  2.4916548532297E-03 -3.0553099890035E-01  9.5635112727617E-02
  3.0273724172790E-02  2.4916548532298E-03  5.2684318488683E-03 -2.9673220912305E-03
 -2.9673220912308E-03 -6.0310739171632E-02  1.2038465382923E-04  7.6204634559660E-05
 -3.0918170553443E-04  8.3254000653410E-06  1.1504089873303E-04  7.5153896909897E-04
 -6.1315533361416E-04  2.4075428011503E-05 -2.6230608318000E-04  6.8246176862890E-04
  2.2061240000737E-04 -2.2142924276528E-05  1.8687460623841E-06 -8.8697694786042E-06
 -3.1490710623700E-05 -1.8526221196957E-04 -3.1071378917793E+00 -2.2212000232995E-18
  5.6933993440354E-18  7.7271151201158E-04 -6.0994321360585E-03  2.9074586138562E-02
  5.0912420180170E-20 -2.5506049791567E-05 -1.9800756581668E-05  6.8317564474905E-05
  6.8317564474905E-05 -4.9665853025803E-06 -1.7780243521466E+00  7.6198519336368E-17
  4.3245201569275E-17  2.5006117859744E-02  1.7960144813564E-17 -5.4209380335106E-01
  1.3335533703428E-18 -1.4525225216007E-18  8.6088787563069E-18  1.8047304411977E-19
 -5.4209380335106E-01  2.6247127875323E-18  1.6292161497330E-02 -2.2850451835066E-18
  1.9366776903168E-18 -5.2563737097581E-01 -1.7726885727163E-02 -2.2580928494455E-02
 -2.5066630977105E-19 -1.9269532160962E-04  6.1257234766880E-02  6.5505520217330E-02
  8.9172780205118E-19  1.5136854363365E-04 -7.1938831800055E-21  4.5035323545006E-19
 -9.1800612974911E-03 -1.3739348876192E-20 -2.0337775220826E-04 -2.9972308821265E-04
  6.4272575181681E-20 -9.0112864345124E-03 -2.2723389848835E-04 -3.5653152608577E-04
 -3.5653152608577E-04 -1.3014592459931E-05  7.5732778428552E-04  9.9704382421496E-04
  1.1588056343166E-03  7.5442735061434E-05  7.5732778428552E-04  1.1588056343166E-03
  9.9704382421496E-04  7.5442735061434E-05 -3.5615083792237E-05 -5.2761032843845E-05
 -5.2761032843845E-05 -1.5543409653651E-04 -1.3126302205978E+00  1.9630943404560E-16
 -1.2945142185750E-16  6.6902623393811E-02  1.9596359455107E-16 -2.3040994276123E-01
  1.4512099598354E-17 -6.9362982794064E-18 -1.2904492609463E-16  1.3554886306183E-17
 -2.3040994276103E-01 -1.0628553194643E-17  6.6902623393821E-02 -9.9277563975753E-18
 -1.3095049274707E-17 -1.0545147266683E-01 -5.0751097110464E-02 -1.0402161502543E-01
  1.2166429418205E-17  1.6473259731554E-03  1.0402161502543E-01  1.4239360393207E-01
 -3.3606126605850E-18 -4.1611846885971E-03  1.2537922554951E-17  1.9979136712275E-18
 -6.0388504150260E-02  3.6619020419583E-19  1.6473259731556E-03  4.1611846885971E-03
  3.3678701661468E-19 -2.6313485676574E-02 -4.5562576022604E-03 -1.0734925477329E-02
 -1.0734925477329E-02  1.4416190003772E-04  1.0734925477329E-02  2.2168929135435E-02
  2.5077442849891E-02 -3.9761907392706E-04  1.0734925477329E-02  2.5077442849891E-02
  2.2168929135435E-02 -3.9761907392707E-04  1.4416190003772E-04  3.9761907392707E-04
  3.9761907392707E-04 -2.7555209152740E-03  2.1490104701188E-05  1.0191880654740E-04
 -1.5126233502265E-20  1.4670579807505E-06 -1.0191880654740E-04 -3.0275510115189E-04
  2.0657623389331E-20 -5.7654021963316E-06 -4.9611401461495E-22 -2.0665026548180E-20
 -1.6481546851730E-05 -1.8164245531822E-21  1.4670579807505E-06  5.7654021963316E-06
 -1.6564002350603E-21 -2.0843677498215E-05 -2.5839061020917E-05  1.0847279983704E-04
  1.0847279983704E-04  1.4952676860945E-04 -1.1684837690844E-03  1.2116163178405E-20
 -2.5545927748400E-20  4.1003773925966E-03 -1.4703105179457E-01  1.3052467814949E-20
 -8.2475459371223E-20  5.3012470017406E-01 -2.2129137337380E-04 -1.1315655514997E-03
  7.9185544072543E-21  8.0464235478126E-04 -4.8904886243239E+01 -3.1215485857267E-05
  4.9858622579228E-05  4.9858622579229E-05  7.0520722630355E-05 -5.0149159323111E-05
  5.9290238433428E-05  7.8062098928186E-05  1.0995172555164E-04 -5.0149159323112E-05
  7.8062098928186E-05  5.9290238433428E-05  1.0995172555164E-04 -7.0281923405477E-05
  1.1031567579685E-04  1.1031567579685E-04  1.3706382822967E-04 -7.6843658558276E-04
  1.5690122544257E-03  1.5690122544257E-03  2.2224258185858E-03 -8.3755721981019E-04
  1.1392717898232E-03  1.5936083032472E-03  2.3170183968362E-03 -8.3755721981019E-04
  1.5936083032472E-03  1.1392717898232E-03  2.3170183968362E-03 -1.1831754733075E-03
  2.3102559005060E-03  2.3102559005060E-03  2.7346153833351E-03 -4.3986278460488E-04
 -1.0836650722702E-20 -3.3074755536452E-21 -1.5393105584651E-03 -1.1094322238327E-02
 -6.9477023871701E-20 -4.9764780595701E-20  2.2411714234800E-02 -1.1340765100946E-19
 -4.0091298726835E-03  3.8724854669438E-20 -1.5948165133867E-19 -1.0245879915045E-19
 -3.1942891502295E-21 -4.0091298726834E-03  1.1319781510661E-20 -1.9854470258455E-02
 -3.0826945161286E-20 -9.3152168581646E-20  3.3624750500908E-02 -1.7109375589323E-01
 -1.0184044539301E-19 -1.1920173496340E-19  5.2790056474130E-01 -1.8723438465698E-18
 -5.2799714545746E-02  1.6850333298856E-19  2.9089731814501E-18  2.4215822299938E-18
  3.7661098605418E-20 -5.2799714545745E-02 -2.8889330983744E-18 -9.8505783909923E-02
 -1.7365237877373E-19  5.4472953503517E-19  2.2417895059468E-01 -8.4131484722679E-04
 -3.3272346161563E-03  8.8665654927764E-21  2.3715106371377E-03  9.8837780412877E-04
  3.2775232981935E-03  3.4496058835533E-21 -2.6220500784418E-03  1.0081974239258E-19
  1.6138414328339E-19 -4.0219593422683E-04 -1.8489504235370E-19 -7.0525924959508E-04
 -2.6193815092395E-03 -3.8108110078262E-21  1.4657202315416E-03  2.7521514394738E-06
 -1.8244557262448E-05 -1.8244557262448E-05  5.0569582223806E-06  3.5641218987201E-06
  2.5516523404896E-05  3.0719606452225E-05 -1.2185707558536E-05  3.5641218987202E-06
  3.0719606452225E-05  2.5516523404896E-05 -1.2185707558536E-05 -1.0896951888677E-05
 -2.8215694334078E-05 -2.8215694334078E-05  1.8202898525605E-05 -1.2066907022661E+01
 -4.1773916457769E-19  7.6495728572958E-19 -4.8853087211488E-18 -6.4084702661391E+00
 -4.7809644585154E-17  3.4583567845544E-17  4.9956867797793E-17 -2.2719043352868E-17
 -2.1670449633067E+00  9.4653892550923E-19 -8.7149346955778E-21  4.6581524541830E-17
  2.3566870583247E-19 -2.1670449633068E+00  8.3217309336403E-21  5.5748341440463E-17
 -2.8486167849790E-20  7.5095093705261E-21 -2.1670403344262E+00 -3.1370619479320E-05
 -1.0033354546388E-04  1.2795693487373E-19  2.4246846109716E-20  1.0033354546388E-04
  2.9528371420283E-04  1.4267869734160E-19 -2.4852006104808E-20  3.5970003385058E-20
  1.9752870840423E-19 -1.8814785201499E-05 -3.9128230543780E-21 -1.2114069028804E-21
  4.9670245712788E-21  1.5754985812841E-21 -1.9007617461852E-05 -2.4204373300512E-05
 -1.0858908341016E-04 -1.0858908341016E-04 -1.5246134603526E-04 -7.7089731400186E-04
  8.3866496003690E-04  8.3866496003690E-04  1.1751690417963E-03 -1.5718074359689E-03
  1.1411379320096E-03  1.5955247058303E-03  2.3136988246659E-03 -1.5718074359689E-03
  1.5955247058303E-03  1.1411379320096E-03  2.3136988246659E-03 -2.2247315025050E-03
  2.3139744891423E-03  2.3139744891423E-03  2.7214229176561E-03 -6.6061158926281E-03
  9.4160641408723E-03  9.4160641408722E-03  1.3526073775522E-02 -9.4957259587889E-03
  7.5455623898740E-03  1.2571589440814E-02  1.7616967059131E-02 -9.4957259587890E-03
  1.2571589440814E-02  7.5455623898742E-03  1.7616967059131E-02 -1.3249595393826E-02
  1.7527646535828E-02  1.7527646535828E-02  2.0394703338786E-02 -1.5038794732604E-02
  1.6899567678230E-19 -4.0596816836253E-20 -6.4862787478317E-02 -6.0357650750658E-02
 -1.2435744769455E-18  2.8417089379247E-18  8.2410661515116E-02  1.1562693430928E-18
 -3.2088204663279E-02 -8.2113442881443E-20  2.2349168595911E-18  2.8877282734677E-20
 -1.2560850943533E-19 -3.2088204663279E-02 -1.7808882679466E-18 -1.5485942251586E-01
 -1.8933336894853E-18 -5.0617638045822E-18  1.6511982727367E-01  5.9648095266317E-06
 -1.2362171776941E-04  2.7552323000294E-20  9.9148743820317E-06  7.4425317948852E-05
  4.3034704445610E-04  3.5168237522999E-20 -4.7504614296016E-04  3.4048399458388E-21
 -4.1123592126005E-21 -2.0119194472420E-04  7.1209949364812E-20 -1.0922958623343E-04
 -5.5526270520154E-04 -7.4139586916148E-20  3.3011045021199E-05 -1.8137861459283E-01
 -1.6000446259016E-17  6.9335242977418E-18  4.1991911585257E-01 -1.2608977770447E-17
 -6.4462578792018E-02  1.3860108620671E-18  1.4282262148272E-17  2.9059019001258E-18
  1.4179801531397E-18 -6.4462578792024E-02 -1.7249072125456E-17 -1.5673757541299E-01
  1.0667350707227E-17 -6.1099141733554E-18  1.2843312184359E-01 -3.6524749030677E-03
 -1.0674492500890E-02 -1.2162441158983E-19  7.6767415810041E-03  7.1299725919355E-03
  1.6623927042075E-02  1.4240670897990E-19 -1.3911048931011E-02 -3.0613825352757E-20
 -2.5653213130412E-20 -2.9474169781848E-03  1.7110175395067E-19 -5.0231043409108E-03
 -1.3805923968976E-02 -1.5369863987153E-19  7.0519277777132E-03  9.3293668911001E-05
 -7.9498727126167E-05 -7.9498727126170E-05 -2.1317351686554E-04 -8.7836944718610E-05
  1.9906941225589E-04  3.3512845474276E-04  2.0735555692014E-04 -8.7836944718609E-05
  3.3512845474276E-04  1.9906941225589E-04  2.0735555692014E-04 -2.6309134086676E-04
 -6.1316310880254E-04 -6.1316310880253E-04  4.3872854634065E-04 -6.3358595197813E+00
 -2.4123642925361E-19 -1.0362188328544E-19 -2.0158598705607E-19 -2.4695032275661E-05
  2.1761188925582E-04  5.5456694652229E-20  2.8729077343453E-21 -4.3074120995672E+00
  2.3374690218623E-18  2.0616256365537E-17  1.5130753057728E-16  1.0633817813867E-17
 -1.2000464297124E+00  7.1824682037755E-19 -7.1497072300294E-20  5.8030818777748E-18
 -5.4641374850189E-19 -1.2000464297123E+00 -5.4874527528087E-20  1.2076507308391E-16
  6.4299026157991E-21 -3.1025369165179E-20 -1.1998334392852E+00 -7.7252297858465E-04
 -1.6822434561117E-03  9.9728186189925E-20 -1.3941286794745E-19  3.1555391110945E-03
  6.0368050038188E-03  7.4793405177889E-20  6.1320557770172E-19  3.1434711945551E-19
  1.9378751762539E-19 -5.3872030917119E-04 -1.8747869575138E-20  3.7841348781316E-20
  4.0074005882916E-20  1.4006357891432E-20 -4.5822431601692E-04 -2.7150271502541E+00
 -1.1456871185869E-16  8.6961461196177E-17 -1.5594764511035E-16 -1.1399018590413E-16
 -1.1419710394774E-01 -1.1275280894449E-18  2.1457079984301E-21  8.7371797364040E-17
 -2.6278945377845E-18 -1.1419710394782E-01 -1.1331576518223E-19 -1.3095805963828E-16
 -2.5466438943148E-19  5.6564868229868E-20 -1.1149010221676E-01 -6.6913032103326E-03
 -1.9019508166575E-02  3.4326831808058E-19 -2.3913135313059E-20  1.9019508166574E-02
  4.5305950628015E-02  8.1637757597593E-19  1.2483992176553E-18  1.2506998732983E-18
  2.3247936518812E-19 -4.8699535765834E-03 -5.0327195822548E-20 -1.1501850792301E-19
 -1.3917496518834E-18  4.5913505454054E-20 -5.0258062177221E-03  1.2184346645426E-03
  1.8611595838756E-03  1.8611595838756E-03  4.3148068522048E-19 -1.8611595838756E-03
 -2.8568069549291E-03 -2.5428141489195E-03 -3.8759032135719E-19 -1.8611595838756E-03
 -2.5428141489195E-03 -2.8568069549291E-03 -3.2296410952437E-19  2.0965293586985E-19
  1.0702546640905E-19  9.2900211686562E-20 -3.2106793206110E-04 -4.8781632780507E-04
 -1.0434016861674E-20 -1.5104351925764E-20  1.7049954143696E-03 -1.6325654330858E-02
 -2.4698768366412E-20  6.1392666659378E-21  7.0134393700542E-02  1.0025893569798E-04
  1.1314685777590E-04  1.1314685777590E-04 -1.6403624303415E-04 -5.7978005721063E-03
 -1.3814923294527E-02 -1.3814923294527E-02  1.9690425943767E-02 -4.9031885587027E-04
 -1.2111524468768E-03 -1.2111524468768E-03 -9.3037188840602E-20 -1.6420551282058E-02
 -4.9862637924055E-02 -4.9862637924055E-02 -7.7107682422688E-19 -2.0362748579835E+01
 -1.3304330101583E-03 -5.7390991701369E-21  9.5063019399377E-21 -4.6326898728037E-03
 -1.1972648624662E-02  4.3638755376870E-20 -1.7079392157392E-19  2.1200239523586E-02
  6.9533800109254E-20 -4.3204553157006E-03  2.2389628689471E-20 -3.0467460681369E-19
 -2.3660342577879E-20 -1.8258212083202E-22 -4.3204553157005E-03  5.9384345340289E-20
 -2.4065316783486E-02  2.9683759150666E-19 -2.6324708808027E-19  3.5675535442749E-02
  2.5647933841314E-06  2.7594530684031E-06  1.4546265524312E-20  2.5642311352234E-07
  1.4313784348528E-06  7.9753757854110E-06  1.3429065271401E-20 -3.0214210237129E-06
 -1.6006334356503E-20 -1.8582935033097E-20  7.5042733926475E-06 -5.6709673651353E-21
 -7.4773569120225E-07 -1.1226079062370E-06  1.8302654805977E-20  1.0436329419422E-05
 -6.3580393147549E-02  6.1185376170552E-19 -8.7901286729797E-19  1.6208110807255E-01
  2.1976510798868E-19 -3.3510288966654E-02 -1.3936517340647E-19  4.8831673457204E-19
 -1.2678221105292E-18 -1.2089770109096E-19 -3.3510288966653E-02  7.0846104796850E-19
 -8.5141641990736E-02  4.5003818190998E-19 -3.1269955627291E-18  1.6897019327592E-01
  1.2876471376171E-05 -1.0553365454113E-04  2.7193738063732E-20  3.2597533471193E-05
  7.9992883459756E-05  4.5439733159656E-04  1.4697516996335E-19 -4.2659609911820E-04
 -2.3178174617717E-20 -2.8407045071074E-20 -2.1973651825664E-04 -2.1733744477777E-21
 -7.3493525651940E-05 -4.7371886334947E-04  3.3712607344699E-20  6.9108054179534E-05
  1.0101818280625E-04 -1.0826622236788E-04 -1.0826622236788E-04  1.5480119318283E-04
  5.8825805718522E-04  7.2795517045113E-04  7.2795517045112E-04 -1.0666093436060E-03
 -6.8863612386369E-04 -2.0086987668315E-04 -9.7153439503052E-04  1.2517322652618E-03
 -6.8863612386369E-04 -9.7153439503052E-04 -2.0086987668315E-04  1.2517322652618E-03
  1.0014562943634E-03  1.2054663058154E-03  1.2054663058154E-03 -1.2142470353649E-03
 -1.7045682982954E-02 -2.9552417819455E-02 -2.9552417819455E-02  4.2098150083834E-02
  1.0848695083206E-02  9.4723211011533E-03  1.7834411184308E-02 -2.5583200424265E-02
  1.0848695083206E-02  1.7834411184308E-02  9.4723211011534E-03 -2.5583200424265E-02
 -1.5459951648018E-02 -2.5615275813552E-02 -2.5615275813552E-02  2.7872235939728E-02
 -1.3418214968241E-03  3.3023661643040E-03  3.3023661643040E-03 -5.6685697760659E-21
 -1.2031968799950E-02 -1.5049518344167E-02 -1.5049518344167E-02  8.8977315050410E-20
  1.7096274232403E-02  1.5725438941697E-02  2.0058030366746E-02  2.2832403077675E-20
  1.7096274232403E-02  2.0058030366746E-02  1.5725438941697E-02  6.6969955020310E-20
  2.6458074947818E-18  3.5072392997060E-18  3.3675275188608E-18 -4.3321669326533E-03
 -6.3823637632101E-02 -1.1498367249554E-01 -1.1498367249553E-01 -1.0890921175452E-17
  6.0394675429841E-02  6.7879932394180E-02  1.0148234645428E-01  8.9183277520012E-18
  6.0394675429840E-02  1.0148234645428E-01  6.7879932394181E-02  1.1379249147608E-17
  9.6207357930324E-18  2.2847005117735E-17  2.3070734058523E-17 -3.3649923412739E-02
 -4.9080136430457E+00 -1.4332175725886E-17  8.5055381795966E-18 -5.8973289184124E-17
  1.0229451702646E-04 -2.2010707405364E-04  1.3390327491811E-20 -3.3979244081362E-21
 -2.1048298924286E+00 -6.8499962281328E-17 -5.1116312458926E-17 -3.8154403473467E-16
 -4.1401071841288E-17 -1.8873096129187E-01  4.6568395634804E-18  8.3470761369139E-20
 -5.5925612078967E-17  4.9277204729272E-18 -1.8873096129183E-01 -3.3172750445786E-20
 -4.3398783605214E-16 -1.6049282780697E-20 -5.3397316422708E-20 -1.8861144704081E-01
  5.8271064850081E-04  1.3778365656788E-03 -5.7208008752932E-21 -8.3061034050918E-20
 -1.3778365656788E-03 -2.7059768302202E-03  6.5619303534800E-21  4.7087395981677E-20
  4.5152667617449E-20 -4.8439699468108E-20  4.9481863970746E-04 -1.3135980449090E-20
 -2.2816245189249E-19  3.5685222484142E-20 -2.5669648826211E-20  7.4007954455829E-04
 -1.5467462903649E-01  4.5521559449281E-20  8.9627111846201E-20 -5.5346094923931E-01
 -2.3182226442178E-04  1.1893963768837E-03 -1.8556583945496E-20 -8.4135911877313E-04
 -1.7885051245497E-01 -1.8249373779312E-18 -4.8452190894010E-19  1.0183281124731E-01
  3.9130805342430E-19 -5.4975654421223E-02 -1.6369952910281E-19  6.4180587581153E-19
  1.1078394716489E-18 -1.7120193944121E-19 -5.4975654421223E-02  1.2679835710244E-18
 -5.4799974570037E-01  3.0441444078708E-18 -1.3960007273854E-18  2.2906181755252E-01
 -8.7497893219420E-04 -1.0253916270417E-03 -5.1878619962143E-20  7.2189201889356E-04
  3.4652890663557E-03  3.3998059894499E-03  2.4333326719592E-19 -2.6950928508673E-03
  5.4290831853075E-20  1.2658859212370E-19 -4.1713669244779E-04 -5.7062431012148E-20
 -2.4514474536404E-03 -2.7000182978189E-03 -1.4770514897482E-19  1.4899450891475E-03
  5.9713997928576E-06 -5.6501082476387E-07 -5.6501082476381E-07  1.0749294933785E-05
  1.6904912397879E-05  2.5589690831293E-05  3.0977198104104E-05 -2.4699440325910E-05
  1.6904912397879E-05  3.0977198104105E-05  2.5589690831293E-05 -2.4699440325910E-05
 -3.7824390732679E-06 -1.5460422025813E-05 -1.5460422025813E-05  1.6250732731579E-05
 -1.8850461910221E-01  8.2672282970669E-18  2.6634810156579E-18  1.6185305895891E-01
  2.0789751350783E-18 -6.5730426024340E-02  9.2187457153351E-19 -4.2245260847178E-18
  8.0453183197902E-18  1.3744399997617E-18 -6.5730426024353E-02 -6.9921039377986E-18
 -4.3263353159702E-01  1.2415043812077E-17  2.0538202762884E-17  1.2796574923380E-01
 -3.7630727553765E-03 -7.2938314852999E-03 -4.0847553682643E-19  5.2120140957903E-03
  1.1002185969327E-02  1.6982131348869E-02  2.1639588330361E-18 -1.4191035036281E-02
  5.1529458658620E-19  1.2499397375569E-18 -2.9750423590013E-03 -9.7438607324664E-19
 -7.7712503926311E-03 -1.4129125183571E-02 -1.4710627200521E-18  7.0539870843512E-03
  1.2816268303839E-04  1.0543334123260E-04  1.0543334123260E-04  3.3548540313847E-04
  4.0935813861259E-05  1.8111647837507E-04  3.1866674520386E-04 -7.1327141928436E-04
  4.0935813861261E-05  3.1866674520385E-04  1.8111647837507E-04 -7.1327141928436E-04
  2.8194067149732E-04  2.4702992402293E-04  2.4702992402293E-04  5.5845300387500E-04
 -5.7948497703946E-03  1.3813723175419E-02  1.3813723175419E-02 -1.9696047496048E-02
 -1.7004258857770E-02 -1.0872490715803E-02 -1.0872490715803E-02  1.5560379265995E-02
  2.9508798659280E-02  9.4658673050965E-03  1.7894023974237E-02 -2.5810451925988E-02
  2.9508798659281E-02  1.7894023974237E-02  9.4658673050964E-03 -2.5810451925988E-02
 -4.2095430158524E-02 -2.5687602707145E-02 -2.5687602707145E-02  2.8053940098785E-02
 -5.0220553096759E-02 -5.1912938221239E-02 -5.1912938221237E-02  7.3758204231665E-02
  5.1462646062635E-02  6.2570207892434E-03  3.5455382151444E-02 -7.1880368096600E-02
  5.1462646062635E-02  3.5455382151445E-02  6.2570207892432E-03 -7.1880368096600E-02
 -7.3729220314920E-02 -7.2650014268240E-02 -7.2650014268242E-02  4.3260655305429E-02
 -1.1534443999219E-04 -5.1348692085531E-04 -1.7776540443672E-04  2.6668750438258E-04
  5.1383183177403E-04  1.8482432559167E-03  6.1882095342524E-04 -8.8459125478149E-04
  1.6059162965587E-04  5.8767283365584E-04  9.4522753579157E-05 -4.1406806399176E-04
 -2.3644557063368E-04 -8.4212924875209E-04 -4.0432395018511E-04  3.9665231824484E-04
 -1.5518363757276E-01  3.9242462777762E-01  3.9242462777762E-01 -2.6568489045297E-18
 -1.7924636215467E-01 -7.2209100159428E-02 -7.2209100159429E-02 -6.3058772851698E-18
  3.8807193961479E-01  8.7241418623024E-02  1.4237418428985E-01 -1.7223848380570E-18
  3.8807193961479E-01  1.4237418428986E-01  8.7241418623024E-02 -2.3678639032592E-18
  2.0951267756663E-17  1.8237747928629E-17  1.7253197626083E-17 -5.5104711967871E-02
  2.3945237107345E-06 -8.9646699849338E-06  4.9215990127632E-06  2.9739487162970E-21
  2.0261108770572E-05  6.8309732586117E-05  9.7543157001406E-06  1.1947522175922E-20
  1.5242399695926E-05  2.7583166928131E-05  8.1296942933592E-06 -8.0730876638778E-21
  1.9743535386169E-20  2.1317957024766E-21 -1.1804410469414E-20 -6.4176177539275E-06
 -1.8891501515982E-01 -1.1475300653705E-01 -1.1475300653704E-01  1.1454419589595E-16
  3.0629377566529E-01  3.1114941026312E-02  9.7190575584220E-02  4.7277712667326E-17
  3.0629377566531E-01  9.7190575584213E-02  3.1114941026311E-02  4.9909230980781E-17
  5.1886418928076E-17  6.0514586394520E-17  5.4388124521943E-17 -6.5741042033305E-02
  9.7011979929868E-05 -9.8959986817007E-05  2.7713645403435E-04 -2.1221656114867E-20
 -8.5927612960010E-05  7.7637580178662E-04 -5.5983385843931E-04 -5.4016934205935E-20
  2.3655104964699E-04  6.5061587406495E-04  1.9830118490877E-04 -2.4196326582928E-22
 -1.1891083587657E-20  1.1335189506705E-20  9.9475984543522E-21 -1.3407725825248E-04
 -3.1111033691626E+00 -3.8167571635640E-19  8.2731752013805E-19 -4.2010428138247E-17
 -6.0956770927084E-03  2.9086925550148E-02  1.8769508912786E-20  5.8972692966628E-20
 -1.8040424173789E-05  6.2875350263067E-05  6.2875350263067E-05 -2.2457393702292E-20
 -1.8037054678157E+00 -3.7990536739180E-17  7.3969831707310E-17  8.7601879847205E-16
 -3.2309694822138E-17 -5.5522021560156E-01 -5.6241952071372E-19  4.0491933657860E-19
  2.7722659096366E-17 -1.9336959124834E-19 -5.5522021560160E-01  1.4311478574160E-19
  6.2404121931672E-16  2.8631216122294E-19 -3.0590264325381E-19 -5.5511726555402E-01
 -1.7662628010840E-02 -2.2419105952060E-02  3.6125643078115E-19  4.0379802913143E-18
  6.1396317399942E-02  6.5595608930679E-02  2.1206355590370E-19  9.4848293057338E-18
  1.9941452816094E-19 -2.9679776401876E-19 -8.9591751042516E-03 -1.0901881304449E-19
 -9.0583231565511E-19  2.8580575198931E-18 -1.2781397976427E-19 -8.6957337479074E-03
 -2.0887269474803E-04 -3.1733715785152E-04 -3.1733715785152E-04  2.7332431574801E-20
  7.0843606688091E-04  9.3249741766967E-04  1.0550380829254E-03 -9.9099251406140E-20
  7.0843606688091E-04  1.0550380829254E-03  9.3249741766966E-04 -7.6792082992517E-20
  1.2180254258519E-19  2.0155571823080E-19  1.4650042595071E-19 -1.2369103803054E-04
 -1.3595564390909E+00  5.1042547975510E-17  8.4361693243003E-17  1.2966372642793E-15
  5.0817413156498E-17 -2.5621488474495E-01 -8.9024023557019E-18  1.7443249658804E-18
  8.3291310795513E-17 -4.8875496792596E-18 -2.5621488474501E-01  1.1921228349178E-18
  1.2846025144131E-15  1.7982119360902E-20 -6.6238384361731E-19 -2.5535825360964E-01
 -5.1586988870582E-02 -1.0610292864286E-01  2.1341229808799E-17 -2.3697173366466E-17
  1.0610292864287E-01  1.4613998783972E-01  3.4260977337001E-17  9.1006499943946E-17
  2.1096769873273E-17 -3.2253075174541E-17 -6.1121598313708E-02  7.6782865704565E-20
 -2.2834227260495E-17 -8.4002491066999E-17 -5.6856434059502E-20 -2.9731837646774E-02
 -4.6069912365987E-03 -1.0840505469647E-02 -1.0840505469647E-02 -1.9510977025744E-18
  1.0840505469647E-02  2.2390237331368E-02  2.5342326798206E-02  2.9571434689052E-18
  1.0840505469647E-02  2.5342326798206E-02  2.2390237331368E-02  3.2889673062978E-18
  2.0431393074188E-19  2.9649031211838E-18  2.7121788792586E-18 -2.9416270642534E-03
  2.2191056567506E-05  1.0135599848974E-04 -1.3396922137653E-20 -2.8004430505201E-22
 -1.0135599848974E-04 -3.0118724031934E-04  5.1471827234876E-20 -8.3074249954262E-21
 -5.1876096150534E-21  3.7483974325792E-20 -1.3574632238084E-05  1.9855660722147E-21
 -3.7286849128919E-21  1.3284018484068E-20  6.1161645719356E-22 -5.8495661553037E-06
  5.3144995282500E-06 -3.2024346140225E-06 -3.2024346140226E-06  2.4398282014649E-05
  5.9177388042968E-06  6.8044103519043E-06  1.2104557165469E-05 -2.7584247100169E-05
  5.9177388042967E-06  1.2104557165469E-05  6.8044103519041E-06 -2.7584247100169E-05
 -5.3054982916452E-07 -1.3380774889602E-05 -1.3380774889602E-05  5.5494569378793E-05
  1.2170285089940E-03  2.9036322273321E-20 -1.9733742290753E-21 -2.6203536043775E-03
 -6.2311343964741E-20 -3.1532496949681E-04 -3.9043144675135E-20  6.5961593583086E-20
  1.8370837950979E-20  6.4116964536645E-20 -3.1532496949681E-04  5.0936663944448E-20
  2.6203536043776E-03 -7.3130808360358E-20 -7.7429944420786E-20 -5.3751675913702E-03
  1.0314317699964E-04  1.5983443278634E-04  1.5983443278634E-04  1.0192747274135E-04
  1.7764760120392E-04  1.4437959583222E-04  2.7793787074170E-04 -6.0500747928056E-04
  1.7764760120392E-04  2.7793787074170E-04  1.4437959583222E-04 -6.0500747928056E-04
  1.3772126834897E-04  2.2739381768665E-04  2.2739381768665E-04  4.9777984431689E-04
 -1.2039195417911E-05 -1.1884614722544E-21  5.8455984385000E-21  8.6344333068359E-05
 -1.8284190530597E-04 -1.5135880762527E-20 -1.2589715874824E-20  8.7173591266947E-04
  8.8423992445840E-21 -1.1365131620380E-04 -3.4663425545424E-20  1.6513999651095E-20
  2.5013291310593E-21 -3.4424130421930E-20 -1.1365131620380E-04  4.7296753303011E-20
 -3.9484587494709E-04 -2.0384283851340E-20  3.6972616685830E-20  1.7165266243285E-03
 -4.1603443609489E-03  9.2457605097435E-20  3.1499731230061E-20  1.3986207172227E-02
 -1.4384038682204E-20 -2.7043044229998E-03 -8.8761958953311E-20  4.7998007882891E-19
 -9.0478749274575E-20  2.5446145633031E-20 -2.7043044229998E-03 -6.6768371496720E-19
 -1.3986207172227E-02 -6.5826874228435E-19  6.9212853627648E-19  4.4013197680014E-02
 -1.0700492041250E-04 -3.2401288526168E-04 -9.7438927736259E-21  4.6449656001172E-04
  3.2401288526168E-04  6.4675964964043E-04  4.5398896914842E-22 -1.1825464473690E-03
  1.0487687037436E-20  7.8717287439536E-20  4.2914119632461E-05 -2.5066802298443E-20
 -4.6449656001172E-04 -1.1825464473690E-03 -8.6825439169367E-20  1.5171634173724E-03
  3.0885886612663E-05  4.6681408734110E-05  4.6681408734110E-05 -6.0168776054281E-05
 -4.6681408734110E-05 -7.6346427827435E-05 -7.0288751677472E-05  9.3594541960847E-05
 -4.6681408734110E-05 -7.0288751677472E-05 -7.6346427827435E-05  9.3594541960848E-05
  6.0168776054280E-05  9.3594541960848E-05  9.3594541960848E-05 -1.4657226966616E-04
  2.1261636212506E+00 -5.2136910637859E-01  0.0000000000000E+00  0.0000000000000E+00
  1.6136143841328E-03 -4.1527872994199E-04  6.4123044671714E-04 -8.4703294725429E-22
 -7.0986332603436E-05  2.1761962611209E+00  2.8888949165809E-34 -1.9259299443872E-34
 -1.2420676941278E-02  2.8888949165809E-34  2.0130922898390E+00 -8.6736173798840E-19
  0.0000000000000E+00 -1.9259299443872E-34 -8.6736173798840E-19  2.0130922898390E+00
  0.0000000000000E+00 -1.2420676941278E-02  0.0000000000000E+00  0.0000000000000E+00
  1.9947849249219E+00  2.8358907778240E-03  5.0209034481879E-03  6.7762635780344E-21
  6.2429579168671E-04 -5.0209034481879E-03 -5.2733240621179E-03 -1.3010426069826E-18
 -3.8702879803424E-04 -3.3881317890172E-20 -1.3010426069826E-18 -1.7702443864954E-03
  0.0000000000000E+00  6.2429579168671E-04  3.8702879803424E-04 -3.3881317890172E-21
  1.2530486298779E-03 -7.4428557929816E-03 -6.0752548832332E-03 -6.0752548832332E-03
 -4.7933199500867E-04  6.0752548832332E-03  4.5331615144976E-03  4.3244528694542E-03
  4.6091427748008E-04  6.0752548832332E-03  4.3244528694542E-03  4.5331615144976E-03
  4.6091427748008E-04 -4.7933199500867E-04 -4.6091427748008E-04 -4.6091427748008E-04
  5.4300998324322E-04 -2.5648097293874E-03  0.0000000000000E+00 -4.8148248609681E-35
 -1.0670144729845E-04  7.8695419369686E-05 -1.2263915983403E-04  1.0587911840678E-22
  4.8255619571070E-05 -6.9291893797205E-05  4.3835719383373E-05  4.3835719383373E-05
 -4.6824290280572E-05 -5.8082824211477E-03  0.0000000000000E+00  0.0000000000000E+00
  7.3756464195769E-03  0.0000000000000E+00  2.6559918905287E-04 -1.0164395367052E-20
  0.0000000000000E+00  0.0000000000000E+00  3.3881317890172E-21  2.6559918905287E-04
 -2.4074124304840E-35 -5.2015952806756E-04  0.0000000000000E+00  4.8148248609681E-35
  1.1769113094772E-02 -7.3139929476807E-04 -2.5877573825885E-03  2.3716922523120E-20
 -4.6966341590130E-04  1.1568741698155E-03  2.9138833220495E-03  6.7762635780344E-21
  2.4550107995188E-04 -3.3881317890174E-21  0.0000000000000E+00  4.5022772156378E-04
  8.4703294725430E-22 -4.0542521608732E-04 -4.9844081415623E-04 -1.6940658945086E-21
 -9.3938866607508E-04  5.4874458198085E-04  1.9423763088043E-03  1.9423763088043E-03
 -6.3513060898987E-06 -4.3082556854483E-04 -1.7319023694646E-03 -1.6157470049968E-03
 -2.3125962459385E-05 -4.3082556854483E-04 -1.6157470049968E-03 -1.7319023694646E-03
 -2.3125962459385E-05  3.0433409205445E-04  4.5760235210122E-04  4.5760235210122E-04
 -3.9651155315996E-04  1.2716481859684E-03  0.0000000000000E+00 -1.8055593228630E-35
  8.5494025696617E-04  0.0000000000000E+00  7.0840847104986E-04  4.2351647362715E-22
  1.2037062152420E-35 -1.8055593228630E-35  4.2351647362715E-22  7.0840847104986E-04
 -2.1064858766735E-35  8.5494025696617E-04  1.2037062152420E-35 -2.1064858766735E-35
  1.1192311766597E-03  2.2543335586745E-04  2.4621470686270E-04 -1.4823076576950E-21
  2.5402380486850E-04 -2.4621470686270E-04 -3.1976502102411E-04  0.0000000000000E+00
 -2.1663140625654E-04 -2.6331073458419E-36  0.0000000000000E+00  3.3240574024744E-05
 -7.4115382884751E-22  2.5402380486850E-04  2.1663140625654E-04  9.5291206566109E-22
  3.6958088394681E-04  7.3900570358133E-05  9.7748316450561E-06  9.7748316450561E-06
  7.9107985591773E-05 -9.7748316450561E-06  4.1520649506857E-05  4.0573216535794E-05
 -5.9840379388608E-05 -9.7748316450561E-06  4.0573216535794E-05  4.1520649506857E-05
 -5.9840379388608E-05  7.9107985591773E-05  5.9840379388608E-05  5.9840379388608E-05
  1.3209177430832E-04 -5.7889489413612E-05 -4.8185644685030E-05 -6.3527471044072E-22
 -2.0402256304034E-05  4.8185644685030E-05  5.8566957539512E-05  1.8127879050503E-22
  1.4652951333214E-05  0.0000000000000E+00 -2.0972678833715E-22 -2.9456177932314E-05
  0.0000000000000E+00 -2.0402256304034E-05 -1.4652951333214E-05  8.4703294725430E-22
 -2.2641347249717E-05 -1.3460112934652E-03  9.4477623201975E-03 -8.3703487661483E-03
 -8.3703487661483E-03  1.0957224346154E-03 -4.9142409939531E-03  4.6457655116375E-03
  4.6457655116375E-03 -8.7195328219155E-04 -5.9965835934881E-05 -9.5229307824465E-05
  3.1183938365205E-04 -1.4479246489550E-05  2.1597806847510E+00 -9.0252647068753E-04
  3.4602997759217E-03  8.5331587239346E-03  8.5331587239346E-03  7.0499222301184E-04
 -2.1586818795821E-02  2.5758646409365E-02  2.5758646409365E-02 -3.7638349347417E-03
 -5.8125415195516E-02  3.3987916666316E-02  4.8195375155270E-02 -4.9039593530308E-03
 -5.8125415195516E-02  4.8195375155270E-02  3.3987916666316E-02 -4.9039593530308E-03
 -7.1432583276105E-03  1.6461016668038E-03  1.6461016668038E-03 -2.1256858154999E-02
 -1.9295253203009E-03  1.1108595281762E-03  1.9571017917456E-03 -2.6881252240843E-05
 -4.6423511698879E-03  2.1016638800620E-03  3.9544268011093E-03 -2.1432042858585E-04
  1.0837837748141E-03 -9.8080122101989E-04 -5.3949781652394E-04  1.2316513398084E-04
 -2.1061575860986E-04  1.7137691736500E-04  2.6618104485398E-04  3.8915770185028E-04
  5.0622447915526E-03 -4.8611948685046E-03 -4.8611948685046E-03  2.0509998211264E-03
  7.7664369397857E-03 -3.4292697639758E-03 -8.0012958118386E-03  3.8359824436470E-03
  7.7664369397857E-03 -8.0012958118386E-03 -3.4292697639758E-03  3.8359824436470E-03
  7.1795921229896E-03 -4.8428056169054E-03 -4.8428056169054E-03  1.2229087553636E-02
 -5.3971482157648E-05  3.1378376161872E-04 -1.8171386184860E-04 -1.5083507806405E-05
  1.3906720661037E-03 -1.4555743687408E-04 -1.5486614560153E-03  2.1329885778163E-04
 -9.2301627721606E-04  1.1490546032057E-03  3.2281417564617E-04 -1.7335281959623E-04
  1.1795209516670E-04 -7.0921952708586E-05 -3.6465901330632E-04 -3.9453225154930E-04
 -4.3899624312414E-01 -9.6296497219362E-35 -1.4444474582904E-34  9.0808845255058E-05
  3.2735966474618E-03 -8.9672097518695E-03 -5.7598240413292E-20  9.4328905405395E-04
  7.7926359355607E-04 -4.8788086528134E-04 -4.8788086528134E-04 -1.0282993910298E-05
  8.6510449264367E-01  1.9259299443872E-34 -1.9259299443872E-34  2.2337009851301E-02
  1.9259299443872E-34  7.9757280889554E-01  4.3368086899420E-19  0.0000000000000E+00
 -1.9259299443872E-34  4.3368086899420E-19  7.9757280889554E-01  0.0000000000000E+00
  2.2337009851301E-02  0.0000000000000E+00  0.0000000000000E+00  8.1979567837848E-01
 -8.7769266280366E-03 -3.4173624653717E-02  2.3039296165317E-19 -5.1910667955489E-03
  3.4173624653717E-02  6.3195740550534E-02  0.0000000000000E+00  5.5884793842387E-03
 -1.8973538018496E-19  0.0000000000000E+00 -9.9261242820064E-03  3.7269449679189E-20
 -5.1910667955489E-03 -5.5884793842387E-03 -3.0493186101155E-20 -1.5300575364031E-02
 -2.0546422989934E-03 -2.6966701709833E-03 -2.6966701709833E-03 -6.0225186858134E-04
  2.6966701709833E-03  2.6423014797799E-03  3.5074135104492E-03  8.6393885070170E-04
  2.6966701709833E-03  3.5074135104492E-03  2.6423014797799E-03  8.6393885070170E-04
 -6.0225186858134E-04 -8.6393885070170E-04 -8.6393885070170E-04 -1.7823938938971E-04
  3.0395376337955E-03  7.5408346658554E-03  7.5408346658554E-03  6.1216194845854E-04
  9.8941470955920E-05  5.4126712256629E-04 -5.5456830247089E-05  1.2934600324195E-05
 -1.8027769313910E-02  1.1001638116764E-02  1.1001638116764E-02 -1.3710904637814E-03
 -5.0122722987480E-02  2.6137085699889E-02  3.5484664193620E-02 -3.9431720419383E-03
 -5.0122722987480E-02  3.5484664193620E-02  2.6137085699889E-02 -3.9431720419383E-03
 -6.1046896324997E-03  1.4466199524308E-03  1.4466199524308E-03 -1.4209710005917E-02
 -6.3434383838563E-04  2.5260315029136E-04  1.1680516834705E-04 -8.0243993908474E-05
 -3.9243051150026E-03  1.4828985107465E-03  2.4946155087006E-03 -2.8695510186315E-04
  5.6452934649724E-04 -1.8605433182406E-04 -4.2334211349228E-04  1.9359350099589E-05
 -1.1681968114292E-04  3.4788175765212E-05  1.1623634220803E-04  1.9868076675921E-04
  1.4749933529822E-04 -4.3553107978454E-04 -4.3553107978454E-04  2.0373063479557E-05
 -1.5516294126101E-04 -2.0122093023588E-04 -2.1792366222612E-04  4.4956808365958E-06
 -1.5516294126101E-04 -2.1792366222612E-04 -2.0122093023588E-04  4.4956808365958E-06
 -9.5410679693738E-05  9.5268496196361E-05  9.5268496196361E-05  5.1141744850623E-05
  3.4997916360763E-03 -2.9378776991809E-03 -2.9378776991809E-03  1.0637549778273E-03
  6.6975093892571E-03 -2.7576258959790E-03 -6.6575097500100E-03  3.3678386950713E-03
  6.6975093892571E-03 -6.6575097500100E-03 -2.7576258959790E-03  3.3678386950713E-03
  5.8634309704846E-03 -3.8515223335002E-03 -3.8515223335002E-03  9.9496258893833E-03
 -5.2193057746238E-05  1.9030956050598E-04 -2.3465992521931E-05  6.2480392820446E-05
  1.2353565738388E-03 -1.5398556299590E-04 -1.3075625428461E-03  2.7376305638662E-04
 -7.1450698549731E-04  8.8733676208616E-04  2.7726800174854E-04 -9.9117863176690E-05
  1.3098267066030E-04 -8.8940814021858E-05 -3.2139909891999E-04 -2.5561791427101E-04
  2.0080261364164E-04 -1.9829345305324E-04 -1.9829345305324E-04  3.4714788987215E-05
  4.2372177931377E-04 -4.8249687433402E-04 -3.8985714754044E-04  7.4080888220069E-05
  4.2372177931377E-04 -3.8985714754044E-04 -4.8249687433402E-04  7.4080888220069E-05
  2.0196503441228E-04 -2.0317213398879E-04 -2.0317213398879E-04 -3.1197885125292E-05
 -1.4649007716599E-01  0.0000000000000E+00  0.0000000000000E+00 -1.7382463426548E-03
  9.7102835688095E-04 -5.9050131018801E-03  2.7105054312138E-20  4.5323014231678E-04
 -1.2710689580135E-03  8.9156339213620E-04  8.9156339213620E-04  2.0449918311859E-04
  6.8013071899224E-05 -4.6948901671744E-04 -6.7762635780344E-21 -1.1558706349555E-06
  5.7702886727321E-01  0.0000000000000E+00  0.0000000000000E+00 -2.9704459045863E-02
  0.0000000000000E+00  6.6699964111025E-01  2.1684043449710E-19  9.6296497219362E-35
  9.6296497219362E-35  2.1684043449710E-19  6.6699964111025E-01 -1.9259299443872E-34
  8.7285275829765E-03  0.0000000000000E+00  0.0000000000000E+00  6.5437557013133E-01
 -5.4411526647696E-03 -7.6575013410672E-03 -3.3881317890172E-20  1.7287838616994E-03
  2.9408478701443E-02  4.8226789170847E-02 -6.5052130349130E-19  1.3469225279934E-04
 -8.1315162936413E-20 -6.5052130349130E-19 -5.2217580798447E-03 -4.2351647362715E-21
 -3.2498488833064E-03 -2.2623852364988E-03 -2.3716922523120E-20 -6.1697042892926E-03
  8.9345620947149E-04  2.0480746600216E-03  2.0480746600216E-03  1.0354355099386E-03
  5.1950854900120E-04 -8.9572308923514E-04  3.7321814642449E-04 -6.9494476344999E-04
  5.1950854900120E-04  3.7321814642449E-04 -8.9572308923515E-04 -6.9494476344999E-04
 -9.5865703524392E-04 -6.4825501885783E-04 -6.4825501885783E-04 -1.2318973621507E-03
 -3.7205656651572E-04  5.7441243272390E-04 -2.0328790734103E-20  2.3952023221106E-05
  3.1162259688980E-03  3.0717575094385E-03  1.4495565229666E-21 -5.2895315904581E-05
 -1.0842021724855E-19 -2.5373948366753E-21 -1.4589464430128E-04 -4.2351647362715E-21
 -2.5421652748490E-05 -8.2366652668206E-05 -1.6940658945086E-21 -3.6782563862357E-05
  5.4609215768345E-05  3.4577247814256E-04 -6.5361998240664E-05  7.2388694480389E-05
  1.8321639883457E-04 -1.9825460959840E-04  2.0208693115137E-04 -1.3265216516843E-04
  9.7451478856757E-05  4.9476043523894E-05  1.1396352455190E-04 -3.4056078882487E-05
  1.0242110053078E-05 -1.0633673928081E-05  1.8525354975295E-05  3.0220715877937E-05
  4.0117779532755E-01  3.8518598887745E-34  0.0000000000000E+00 -3.0160470934859E-02
  3.8518598887745E-34  5.5817551185717E-01  0.0000000000000E+00  0.0000000000000E+00
  0.0000000000000E+00  0.0000000000000E+00  5.5817551185717E-01  0.0000000000000E+00
 -3.0160470934859E-02  0.0000000000000E+00  0.0000000000000E+00  5.2275533622173E-01
 -3.2583886640196E-03 -7.0463838933587E-03 -3.3881317890172E-20  1.7200539080810E-03
  7.0463838933587E-03  3.6444615751367E-02 -1.0842021724855E-19 -1.7849208692061E-03
 -6.7762635780344E-21 -1.0842021724855E-19 -1.6861785864956E-03  4.2351647362715E-22
  1.7200539080810E-03  1.7849208692061E-03  3.8116482626444E-21 -1.2812726242418E-04
  2.0856707067951E-03  2.9047679314294E-03  2.9047679314294E-03  6.1743592424106E-04
 -2.9047679314294E-03 -3.3337863340570E-03 -1.8767259194451E-03 -6.1424999865336E-04
 -2.9047679314294E-03 -1.8767259194451E-03 -3.3337863340570E-03 -6.1424999865335E-04
  6.1743592424106E-04  6.1424999865335E-04  6.1424999865335E-04 -1.7299107274513E-03
  1.1521812384244E-05  6.2630645683564E-04  0.0000000000000E+00  3.1074637074175E-05
 -6.2630645683564E-04  1.9296412469678E-04 -1.8439663935673E-21 -1.5842172039515E-04
  1.3552527156069E-20 -3.6565476507605E-21 -2.7088072058301E-04  1.0164395367052E-20
  3.1074637074175E-05  1.5842172039515E-04  3.3881317890172E-21 -6.3656213578033E-05
  5.9850886468364E-05  3.8611659133988E-04 -6.6681176808595E-05  6.9834335075466E-05
 -3.8611659133988E-04 -7.2063902531213E-04 -2.0465404602230E-05 -1.3290978923791E-04
  6.6681176808595E-05 -2.0465404602230E-05  2.2774814957373E-04 -8.3812350756188E-06
  6.9834335075467E-05  1.3290978923791E-04  8.3812350756169E-06  5.9791310334499E-05
  8.6051989798554E-05  1.3946355159292E-04  1.3946355159292E-04  3.1147145015238E-05
 -1.3946355159292E-04 -1.6699751301060E-04 -1.9431089451812E-04 -3.4834692003738E-05
 -1.3946355159292E-04 -1.9431089451812E-04 -1.6699751301059E-04 -3.4834692003738E-05
  3.1147145015236E-05  3.4834692003739E-05  3.4834692003739E-05  4.0595957141501E-06
 -2.2487126917319E-04  2.5804376734391E-04  2.5804376734391E-04  5.0417070297254E-04
 -6.3652797965359E-05  1.9372771589370E-05  1.9372771589370E-05 -1.6543858362641E-04
 -1.1215333423924E-03  2.4677351549123E-03  9.6296497219362E-35  0.0000000000000E+00
 -1.1456323446818E-02 -1.0484922137620E-04 -1.7606144974220E-04 -5.5057141571530E-21
  2.6581333433667E-04  2.9809141558609E-03  0.0000000000000E+00  0.0000000000000E+00
 -9.5290978346811E-03 -8.6699528905866E-05 -1.7198659433476E-04  1.2705494208814E-21
  1.4323583093860E-04  9.4583381856777E-05  2.0700469215226E-04  2.0700469215226E-04
 -3.5489639514767E-04  2.1262268781978E+00 -2.5443785246210E-04 -3.1046257697063E-04
 -3.1046257697063E-04 -3.3961803271047E-04  1.4304389254741E-03 -1.9746030115082E-03
 -1.9746030115082E-03 -3.7878436828975E-03  2.4003103552658E-03 -1.3822532649939E-03
 -1.9719725547000E-03 -9.5564702300518E-04  2.4003103552658E-03 -1.9719725547000E-03
 -1.3822532649939E-03 -9.5564702300518E-04  2.4802408034469E-03 -9.5844072978723E-04
 -9.5844072978723E-04 -3.9726466568847E-03  2.9340669578103E-04 -9.1374015595508E-06
 -9.1374015595508E-06  1.3092720701092E-03 -1.1913271794750E-03  6.2079616310351E-04
  9.4531910501599E-04  5.7692091395798E-04 -1.1913271794750E-03  9.4531910501599E-04
  6.2079616310351E-04  5.7692091395798E-04 -8.8057633278930E-04  4.3875099868763E-04
  4.3875099868763E-04  2.2253477129633E-03  2.0123222749490E-05 -4.3594915589245E-05
  3.5164058647103E-05 -6.6445048696506E-05 -7.3355931790926E-05  1.4981108816119E-05
  7.5824698257014E-05 -3.7745828180015E-05 -4.1974954475920E-05  7.4518622106997E-06
  2.0697276095842E-05  3.4853635414451E-05 -1.2496264320814E-05 -2.7968681905427E-05
  5.5330910053256E-06 -7.5496125195825E-05  7.6438498142769E-03  0.0000000000000E+00
  4.8148248609681E-34  1.0715358452815E-02 -3.6131695148712E-04  4.9812572665945E-04
 -5.9292306307801E-21 -2.3984988243528E-04 -1.3435030276611E-02  7.7037197775489E-34
  0.0000000000000E+00  7.8432694701045E-02  1.5407439555098E-33 -1.4034669839309E-02
 -1.0164395367052E-20 -1.1555579666323E-33 -1.5407439555098E-33 -1.0164395367052E-20
 -1.4034669839309E-02 -3.8518598887745E-34 -3.0706512519530E-02  0.0000000000000E+00
  2.4074124304840E-35  8.3045382280410E-02  5.7887244628173E-04  1.3667487908336E-03
  1.6940658945086E-20 -2.1579522964891E-03 -1.7061009463723E-03 -2.0232249811218E-03
 -1.3552527156069E-20  6.0090246955033E-04 -1.6940658945086E-20  0.0000000000000E+00
 -7.4568637206932E-04 -6.7762635780344E-21  6.1899313180087E-04  9.8319429270394E-05
 -1.0164395367052E-20 -1.9688068943511E-03 -1.2175870065006E-03 -1.6195904548761E-03
 -1.6195904548761E-03  3.4870506665484E-03  1.1028865734453E-03  1.0779514461260E-03
  9.5706823881873E-04 -2.4493500017918E-03  1.1028865734453E-03  9.5706823881873E-04
  1.0779514461260E-03 -2.4493500017918E-03  5.0631018556547E-04  6.9257345433119E-04
  6.9257345433119E-04 -5.8063893652915E-04 -1.6571462822300E-02  0.0000000000000E+00
  0.0000000000000E+00  6.3920494652036E-02  0.0000000000000E+00 -9.0433078281810E-03
 -1.6940658945086E-20  0.0000000000000E+00  0.0000000000000E+00 -1.0164395367052E-20
 -9.0433078281810E-03  3.0814879110196E-33 -1.4393526345288E-02  0.0000000000000E+00
  3.6111186457261E-35  6.1290349144425E-02  5.0845598646972E-04  1.2401765553699E-03
  3.3881317890172E-21 -1.1987367596311E-03 -4.2336680236299E-05 -8.4016954923829E-04
 -1.6940658945086E-21  2.0132845546106E-04 -1.6940658945084E-21 -1.6940658945086E-21
 -4.3795817560696E-04 -6.7762635780348E-21  2.0532282731519E-04  1.3017386799270E-04
  8.4703294725430E-22 -7.1885526441407E-04 -5.4082072195344E-04 -1.4131160202238E-03
 -1.4131160202238E-03  2.7290872572112E-03  2.2877741654474E-04  8.8792304760753E-04
  7.4811003321928E-04 -1.6009043302939E-03  2.2877741654474E-04  7.4811003321928E-04
  8.8792304760753E-04 -1.6009043302939E-03 -4.5177790239303E-06  3.2491765084966E-04
  3.2491765084966E-04 -5.4680400169314E-04 -3.7403376416069E-07 -2.1627593677549E-05
  6.7762635780344E-21  2.5183429500927E-04  1.1366485623776E-05  2.6509185786752E-05
 -4.5769271188510E-21 -8.0703648715505E-05 -3.3881317890172E-21  6.3631300207907E-21
 -8.8127916053634E-05 -1.3552527156069E-20 -1.2396123438951E-05 -3.3662529179816E-05
 -3.8116482626443E-21  1.0181542163809E-05  5.8095330424799E-06 -1.3522744605168E-04
 -3.8994108353011E-05  5.9596732333090E-05  1.0205566179952E-05  9.4425371926700E-05
  9.3855102142188E-06 -2.9656289954787E-05 -1.8243459628851E-05  7.7302915172998E-05
  2.0310121674114E-05 -5.3371414144135E-05 -1.3764848975920E-05  1.9755607686278E-05
 -7.4882227944795E-06  2.1777499795392E-05 -5.2157609744871E-01  0.0000000000000E+00
  0.0000000000000E+00  0.0000000000000E+00 -3.0130952009189E-04  5.8343369642267E-04
 -6.7762635780344E-21  0.0000000000000E+00  2.1768800161745E+00 -3.0814879110196E-33
  0.0000000000000E+00  0.0000000000000E+00 -3.0814879110196E-33  2.0086314748896E+00
 -1.7347234759768E-18  0.0000000000000E+00  0.0000000000000E+00 -1.7347234759768E-18
  2.0086314748896E+00  0.0000000000000E+00  0.0000000000000E+00  0.0000000000000E+00
  0.0000000000000E+00  2.0091133135343E+00  1.8948018803662E-03  4.4590072766355E-03
 -8.1315162936413E-20  0.0000000000000E+00 -4.4590072766355E-03 -4.9254827920612E-03
 -1.7347234759768E-18  0.0000000000000E+00  0.0000000000000E+00 -1.7347234759768E-18
 -1.7095185377881E-03  0.0000000000000E+00  0.0000000000000E+00  0.0000000000000E+00
  0.0000000000000E+00  5.0596697964442E-04 -5.6769408508472E-03 -5.1944135815817E-03
 -5.1944135815817E-03  0.0000000000000E+00  5.1944135815817E-03  4.2605587666968E-03
  4.0366127348069E-03  0.0000000000000E+00  5.1944135815817E-03  4.0366127348069E-03
  4.2605587666968E-03  0.0000000000000E+00  0.0000000000000E+00  0.0000000000000E+00
  0.0000000000000E+00  2.3692891770529E-04  2.1707294340883E-05  7.2537944711450E-05
  7.2537944711450E-05  4.6164401261329E-05 -2.2723688095180E-04  9.2753046434894E-04
  9.2753046434894E-04  1.6142263878261E-03 -5.9096540015357E-04  6.1638895046950E-04
  9.1252096330509E-04  5.1225905748405E-04 -5.9096540015357E-04  9.1252096330509E-04
  6.1638895046950E-04  5.1225905748405E-04 -4.3861176091945E-04  6.5094627084676E-04
  6.5094627084676E-04  1.7422306058481E-03  4.2954316771679E-06  5.7857435982766E-05
  6.2210862238175E-05 -6.0438715859664E-06  1.3632204217192E-05  3.3120200476940E-05
  6.1387849237088E-05  8.0698875767151E-06 -2.6689923858645E-05  3.8662541127772E-05
  1.6139088802214E-05  5.5554410078991E-05  6.1402747303585E-05 -6.7231172725719E-05
 -2.4952930783024E-06 -5.5341212692319E-05 -9.6367062148972E-05  6.5280098508280E-05
  6.5280098508280E-05 -2.0111534891310E-04  5.0068390074952E-05 -3.8388951719469E-05
 -8.0681652692842E-05 -2.7961367859869E-05  5.0068390074952E-05 -8.0681652692842E-05
 -3.8388951719469E-05 -2.7961367859869E-05 -1.2019866142042E-04  5.6966198015209E-05
  5.6966198015209E-05 -2.6573814908823E-04 -1.4079153678761E-05  2.6356186381310E-06
 -1.1123224564150E-05 -1.1679046811402E-06 -1.0463154776470E-05  1.2242596378370E-05
 -1.0252584383910E-05 -1.6922091824004E-05 -1.2573701048925E-05  1.5587298456935E-05
 -8.2949664623274E-06 -1.3856324059149E-05  2.9098005252014E-06  1.8331266076733E-07
  9.0878596161011E-06  9.6233296146753E-06 -3.8534657942377E-03  7.7037197775489E-34
  3.8518598887745E-34 -5.4688690797540E-03  2.6342791960373E-04 -4.2712443616653E-04
 -8.4703294725425E-22  2.0057609957740E-04  9.5122994363015E-05  8.7399660621440E-06
  8.7399660621440E-06  3.4607849549530E-04 -1.3036549547417E-04  0.0000000000000E+00
  0.0000000000000E+00 -1.3086934142540E-02  3.0814879110196E-33  4.7711375741200E-03
  1.6940658945086E-21  1.5407439555098E-33 -4.2370458776519E-33  1.6940658945086E-21
  4.7711375741200E-03 -4.6222318665294E-33 -8.5479822363150E-04  4.8148248609681E-35
 -4.8148248609681E-35 -1.7965468218853E-02  2.0690360248800E-04 -3.8930123080873E-04
  2.1175823681357E-21  1.1100266511014E-03  1.8191425034676E-04  5.8876288450055E-04
  0.0000000000000E+00  2.0683328894810E-04  8.4703294725411E-22  0.0000000000000E+00
  2.3386705683901E-04  6.7762635780344E-21  2.1406508325724E-04  6.2238310997149E-04
  0.0000000000000E+00  9.5312262768212E-04 -5.5926406858136E-04  1.5640098989682E-04
  1.5640098989682E-04 -1.6106832378069E-03  4.3809952378300E-04 -6.7420430632316E-05
  3.9791123753454E-05  1.3077834687981E-03  4.3809952378300E-04  3.9791123753454E-05
 -6.7420430632316E-05  1.3077834687981E-03 -3.5185319132065E-04 -7.7475025082409E-04
 -7.7475025082409E-04  5.8912474628404E-06  5.8172091629740E-04  0.0000000000000E+00
  0.0000000000000E+00 -1.0521852841113E-02  0.0000000000000E+00  3.9957734910168E-03
 -3.3881317890172E-21  0.0000000000000E+00  0.0000000000000E+00 -3.3881317890172E-21
  3.9957734910168E-03 -3.0814879110196E-33  8.1259204334163E-05  4.8148248609681E-35
 -4.8148248609681E-35 -1.4178033855658E-02  3.9404966402909E-05 -3.8675420726539E-04
  8.4703294725430E-22  7.7733135529757E-04 -5.8497356149581E-05  4.5186723387246E-04
  0.0000000000000E+00  1.8936930902268E-04  4.2351647362715E-22  0.0000000000000E+00
  2.0397648335111E-04  1.6940658945086E-21  8.5056989338203E-05  4.5904558535010E-04
  0.0000000000000E+00  6.3263497710831E-04 -2.5799020007065E-04  1.3340025089995E-04
  1.3340025089995E-04 -1.2781242607838E-03  2.0053101540973E-04 -8.3633709547257E-05
  8.0062038200547E-06  1.0458337262207E-03  2.0053101540973E-04  8.0062038200547E-06
 -8.3633709547256E-05  1.0458337262207E-03 -2.4610366382798E-04 -6.8243987241358E-04
 -6.8243987241358E-04  7.6682141548492E-05 -1.2064435245063E-05 -1.4384576290468E-04
 -4.6586812098986E-21 -2.5640821927584E-04  1.1413985025928E-05  1.5714544110146E-04
  3.2311719910275E-21  1.9732485291417E-04 -2.5410988417629E-21  3.3959387285009E-21
  1.1099085463956E-04 -1.3552527156069E-20  1.1582572272742E-05 -1.4907413198046E-05
  3.3881317890172E-21 -6.7232247098183E-05  3.0468758595648E-06  3.5201491011847E-05
  2.5069950270274E-05  2.8645029908092E-05  1.3072694878775E-06 -3.8793622416113E-06
  7.1335516860656E-06 -7.7164258960147E-05  2.5298601966788E-07 -4.1263983281346E-05
 -3.0239178468494E-05  1.3768036547585E-05 -5.4673241408627E-06 -8.5783987688338E-05
  1.5284164707479E-05 -2.3930816119452E-05 -3.1741889351670E-03 -7.7037197775489E-34
  7.7037197775489E-34  0.0000000000000E+00  6.5785881972729E-07 -8.6503622105842E-05
 -3.1763735522036E-22  0.0000000000000E+00  4.6622327717555E-05 -9.4915662196957E-06
 -9.4915662196957E-06  0.0000000000000E+00 -2.6272681913701E-03  9.2444637330587E-33
  6.1629758220391E-33  0.0000000000000E+00  0.0000000000000E+00  4.7618398339959E-03
 -3.3881317890172E-21  0.0000000000000E+00  3.0814879110196E-33  3.7269449679189E-20
  4.7618398339959E-03  0.0000000000000E+00  0.0000000000000E+00  0.0000000000000E+00
  0.0000000000000E+00  3.2903092927097E-03 -1.3542173944018E-04 -2.0737977864278E-03
  0.0000000000000E+00  0.0000000000000E+00  8.4491224704032E-04  2.5304412323262E-03
  9.3173624197973E-21  0.0000000000000E+00 -1.0164395367049E-20 -1.1011428314306E-20
  4.2770508718775E-04  0.0000000000000E+00  0.0000000000000E+00  0.0000000000000E+00
  0.0000000000000E+00 -2.1919370125755E-04 -2.6834432737982E-04  1.2752285640688E-03
  1.2752285640688E-03  0.0000000000000E+00 -2.6803697245036E-05 -1.4390585243705E-03
 -1.3021192146604E-03  0.0000000000000E+00 -2.6803697245036E-05 -1.3021192146604E-03
 -1.4390585243705E-03  0.0000000000000E+00  0.0000000000000E+00  0.0000000000000E+00
  0.0000000000000E+00 -1.5705987733868E-04  6.3471321766515E-04  2.8888949165809E-34
 -1.9259299443872E-34  0.0000000000000E+00  2.8888949165809E-34  2.9966533761638E-04
  4.2351647362715E-22  0.0000000000000E+00 -1.9259299443872E-34  4.2351647362715E-22
  2.9966533761638E-04  0.0000000000000E+00  0.0000000000000E+00  0.0000000000000E+00
  0.0000000000000E+00  9.8841091024383E-04 -5.3461120354096E-05  4.1904808194152E-05
  7.9409338805091E-23  0.0000000000000E+00 -4.1904808194152E-05 -9.6907121584861E-05
  2.1175823681357E-22  0.0000000000000E+00 -4.4998625322885E-22  2.1175823681357E-22
 -1.0257718282777E-05  0.0000000000000E+00  0.0000000000000E+00  0.0000000000000E+00
  0.0000000000000E+00 -2.0442563184045E-05  1.3594293473351E-04  5.2210372848500E-05
  5.2210372848500E-05  0.0000000000000E+00 -5.2210372848500E-05  1.4385015506756E-05
 -1.0252207262733E-06  0.0000000000000E+00 -5.2210372848500E-05 -1.0252207262733E-06
  1.4385015506756E-05  0.0000000000000E+00  0.0000000000000E+00  0.0000000000000E+00
  0.0000000000000E+00  2.2871271113369E-05  2.2493086591196E-05  6.6524488680287E-07
  2.6469779601697E-22  0.0000000000000E+00 -6.6524488680288E-07  2.2831495931754E-05
 -7.7273099032172E-23  0.0000000000000E+00 -5.2939559203394E-23 -7.4565856927767E-23
 -1.9764132765831E-06  0.0000000000000E+00  0.0000000000000E+00  0.0000000000000E+00
  0.0000000000000E+00  6.9664316937197E-06 -1.2164178445287E-03  8.4758363533274E-03
  0.0000000000000E+00 -1.4444474582904E-34 -1.1118951927060E-02 -3.8107307704408E-04
 -4.4947019525509E-04 -1.6940658945086E-21  4.0724346883811E-04 -4.5157714533108E-03
  0.0000000000000E+00  0.0000000000000E+00  5.0759367811307E-03  2.4635425810672E-04
  3.4082753513713E-04  3.3881317890170E-21 -3.0807386309429E-04 -8.0103421184296E-05
 -1.0521096789880E-04 -1.0521096789880E-04 -3.7067195006835E-04 -6.9452816324396E-04
  2.3754389796885E-03  3.9297946393109E-03  3.9297946393109E-03 -5.6247458000722E-03
  9.1027133342116E-04  2.6507119599386E-03  2.6507119599386E-03 -4.0612071431853E-03
  5.9009513932198E-05  2.8873753636113E-04  1.0794945826665E-04 -1.1149251688314E-04
 -1.2147226565576E-03  8.2876069999696E-03  8.0619204201642E-03  8.0619204201642E-03
  0.0000000000000E+00 -4.0417638782014E-03 -4.0866550840305E-03 -4.0866550840305E-03
  0.0000000000000E+00  3.4853339119672E-05  1.6719328218001E-04 -2.4783959814895E-04
  0.0000000000000E+00  2.1599823212934E+00 -7.2257486875738E-04  3.0666520644224E-03
  0.0000000000000E+00  0.0000000000000E+00  1.1129891850074E-02 -1.4005832890390E-04
  2.5118470879037E-04 -5.9292306307801E-21 -1.4500585194655E-04 -1.8047290459206E-02
  0.0000000000000E+00  0.0000000000000E+00  3.2925659763162E-02  0.0000000000000E+00
 -1.3937138496340E-02  0.0000000000000E+00  0.0000000000000E+00  0.0000000000000E+00
 -1.3552527156069E-20 -1.3937138496340E-02 -1.9259299443872E-34 -7.3240172016446E-02
  4.8148248609681E-35  0.0000000000000E+00  7.8131449762857E-02  7.7544848834064E-04
  1.5242907106200E-03  6.7762635780343E-21 -1.5252658906821E-03 -1.8149609668177E-03
 -1.8224889746830E-03  6.7762635780344E-21  1.0398724558314E-03  1.3552527156069E-20
  6.7762635780344E-21 -9.9647073039643E-04 -8.4703294725430E-21  9.8908701851044E-04
  6.7489277405979E-04  2.7105054312138E-20 -1.7781950553211E-03 -2.0598652064540E-03
 -1.4757773592494E-03 -1.4757773592494E-03 -9.9066651169329E-04  2.0857124367157E-03
  1.2086687896265E-03  1.1217123624293E-03  1.2303939516309E-03  2.0857124367157E-03
  1.1217123624293E-03  1.2086687896265E-03  1.2303939516309E-03 -4.0138326117013E-03
 -2.4826125619309E-03 -2.4826125619309E-03 -1.2769787253947E-03  2.8497849952547E-03
  0.0000000000000E+00  0.0000000000000E+00 -2.2328416025275E-03  0.0000000000000E+00
  4.2560856160487E-03  5.0821976835258E-21  0.0000000000000E+00  0.0000000000000E+00
  5.0821976835258E-21  4.2560856160487E-03  0.0000000000000E+00  3.4681081945972E-03
  1.2037062152420E-35 -2.4074124304840E-35 -3.8303140419720E-03  3.0663141070253E-04
  1.3389469969776E-04 -3.7057691442376E-22  4.5757264819208E-04  2.8950457554174E-04
 -9.6974415575744E-05  3.3881317890172E-21 -1.7665668136047E-04 -7.6232965252887E-21
  3.3881317890172E-21  6.3953382654361E-04  3.3881317890172E-21  3.6103909593796E-05
  4.1477522706072E-04  3.3881317890172E-21  7.5177940582322E-04  1.8744141692222E-04
  5.2527349285055E-05  5.2527349285055E-05  5.7736335142715E-04 -5.9193926156989E-04
 -1.9323446513708E-04 -1.5114203946855E-04 -1.2227543683156E-03 -5.9193926156989E-04
 -1.5114203946855E-04 -1.9323446513708E-04 -1.2227543683156E-03  1.6753493984319E-03
  9.8426553817408E-04  9.8426553817408E-04  1.0378460473975E-03  2.4381154575458E-03
 -3.7453123081654E-03 -3.7453123081654E-03  5.4625633403764E-03 -4.5842474280384E-03
 -1.5164688279950E-02 -1.5164688279950E-02  2.1494700737117E-02  1.3104822614052E-02
  7.9586620866627E-03  1.7138599140808E-02 -2.3902384518150E-02  1.3104822614052E-02
  1.7138599140808E-02  7.9586620866627E-03 -2.3902384518150E-02 -1.9167357264586E-02
 -2.3286629294775E-02 -2.3286629294775E-02  2.5780317808444E-02 -1.0619626877664E-03
 -1.9210063994352E-03 -4.2722004401340E-04  3.8069664544627E-04  1.6058764603481E-03
  1.1227492975807E-03  1.1221511762204E-03 -1.2836290767518E-03  7.9987529368162E-04
  1.5590210293485E-03 -3.9267838998812E-04  1.0055227425791E-03 -1.1080396541794E-03
 -1.9882206048746E-03  7.4802452838148E-04 -1.3261552135966E-03 -5.4975975358583E-03
 -1.3573757586451E-02 -1.3573757586451E-02  1.8694391237719E-02  4.7353237432877E-03
  8.2623486557719E-03  1.3302482250880E-02 -1.8314141934295E-02  4.7353237432877E-03
  1.3302482250880E-02  8.2623486557719E-03 -1.8314141934295E-02 -6.7255657408696E-03
 -1.8219638215048E-02 -1.8219638215048E-02  2.1384750869345E-02 -2.5866681134176E-04
 -1.5627576096004E-03 -3.9800043280731E-04  5.2648413745134E-04 -1.4312150142817E-04
  9.3466598610321E-04  5.8298750613131E-04 -1.0866571883671E-03 -1.3971561641513E-05
  8.7177800056724E-04 -1.4868964794342E-04  1.8800945640904E-04  2.0772513879728E-04
 -9.3924467776117E-04  3.1868275371168E-04 -3.7802122012113E-04  7.8653247041692E-05
 -1.5456738261040E-04 -1.5456738261040E-04  5.2388468734868E-05 -1.5337961605478E-04
  2.4402819274199E-05  4.9087464985494E-05  3.2350557976689E-05 -1.5337961605478E-04
  4.9087464985494E-05  2.4402819274199E-05  3.2350557976690E-05  2.6424422943808E-04
  1.3725785098225E-04  1.3725785098225E-04 -1.5157648738465E-04  3.0190462969656E-03
 -7.8676373745385E-03 -7.8676373745385E-03  0.0000000000000E+00 -1.7685081715192E-02
 -2.4490897509706E-02 -2.4490897509706E-02  0.0000000000000E+00  5.1554445792760E-02
  3.2836176384133E-02  4.6976725064434E-02  0.0000000000000E+00  5.1554445792760E-02
  4.6976725064434E-02  3.2836176384133E-02  0.0000000000000E+00  0.0000000000000E+00
  0.0000000000000E+00  0.0000000000000E+00 -1.4127791053426E-02 -1.4434426943497E-03
 -8.1755794094432E-04 -1.6113294510995E-03  0.0000000000000E+00  3.8207640234340E-03
  1.8128253334361E-03  3.4715062917253E-03  0.0000000000000E+00 -6.3349893748534E-04
 -7.8337962120824E-04 -3.1569028215071E-04  0.0000000000000E+00  0.0000000000000E+00
  0.0000000000000E+00  0.0000000000000E+00  3.2529672899193E-05  2.1041301974426E-03
  2.2421359797089E-03  2.2421359797089E-03  0.0000000000000E+00 -1.5996037030457E-03
 -6.1304501236645E-04 -4.7671166309726E-03  0.0000000000000E+00 -1.5996037030457E-03
 -4.7671166309726E-03 -6.1304501236645E-04  0.0000000000000E+00  0.0000000000000E+00
  0.0000000000000E+00  0.0000000000000E+00  3.7624649876564E-03 -2.7491232802919E-04
 -4.4951482111167E-04 -7.8486131403745E-05  0.0000000000000E+00 -7.6996898768655E-04
  1.2310317541422E-04 -9.9415080287823E-04  0.0000000000000E+00  5.2435706760597E-04
  8.7525470891316E-04  9.5389573775386E-05  0.0000000000000E+00  0.0000000000000E+00
  0.0000000000000E+00  0.0000000000000E+00  1.8986793700497E-08 -4.3969388967275E-01
  0.0000000000000E+00  0.0000000000000E+00  0.0000000000000E+00  2.4779526812481E-03
 -7.8209776342376E-03 -3.3881317890172E-20  0.0000000000000E+00  7.7153516687960E-04
 -3.5365555228997E-04 -3.5365555228997E-04  0.0000000000000E+00  8.5766553922583E-01
  0.0000000000000E+00  0.0000000000000E+00  0.0000000000000E+00  0.0000000000000E+00
  8.1165647481802E-01  4.3368086899420E-19  0.0000000000000E+00  0.0000000000000E+00
  4.3368086899420E-19  8.1165647481802E-01  0.0000000000000E+00  0.0000000000000E+00
  0.0000000000000E+00  0.0000000000000E+00  8.1148236907693E-01 -5.3364944013095E-03
 -2.8176068795306E-02 -8.1315162936413E-20  0.0000000000000E+00  2.8176068795306E-02
  5.6999568104306E-02  1.3010426069826E-18  0.0000000000000E+00 -2.7105054312136E-20
  1.3010426069826E-18 -7.0259472391319E-03  0.0000000000000E+00  0.0000000000000E+00
  0.0000000000000E+00  0.0000000000000E+00 -8.9063604129841E-03 -1.4302320176374E-03
 -1.8597880806641E-03 -1.8597880806641E-03  0.0000000000000E+00  1.8597880806641E-03
  1.9231107434480E-03  1.9286332131028E-03  0.0000000000000E+00  1.8597880806641E-03
  1.9286332131028E-03  1.9231107434480E-03  0.0000000000000E+00  0.0000000000000E+00
  0.0000000000000E+00  0.0000000000000E+00 -2.4974087421394E-04  2.6805956771452E-03
 -4.8148248609681E-35  4.8148248609681E-35  9.5786659269110E-03 -5.3880236808408E-05
  1.6100533761295E-04 -8.4703294725430E-22 -9.3820054108860E-05  7.5103790082426E-05
 -2.3623524966234E-04 -2.3623524966234E-04  3.7391759025827E-04 -1.5561422929081E-02
  0.0000000000000E+00  0.0000000000000E+00  1.6478432206017E-02  0.0000000000000E+00
 -9.1283965916217E-03 -1.0164395367052E-20  0.0000000000000E+00  0.0000000000000E+00
 -1.0164395367052E-20 -9.1283965916217E-03  0.0000000000000E+00 -6.2224399496441E-02
  9.6296497219362E-35  9.6296497219362E-35  6.1319599724278E-02  2.7443573037225E-04
  7.6786659233478E-06  4.2351647362715E-22 -1.0532878560859E-04 -1.1182797890355E-03
 -6.7381728193803E-04 -6.7762635780344E-21  4.0688773447290E-04  6.7762635780344E-21
 -6.7762635780344E-21 -4.5209658641133E-04  2.5410988417629E-21  5.7567951265263E-04
  5.6082350993093E-05 -1.3552527156069E-20 -9.3996319606793E-04 -4.7442897045887E-04
 -5.9849158339647E-05 -5.9849158339647E-05  5.8508864468581E-05  1.7043182916796E-03
  8.4048134729203E-04  6.9586568530028E-04  5.1610569948166E-04  1.7043182916796E-03
  6.9586568530028E-04  8.4048134729203E-04  5.1610569948166E-04 -2.8693142093997E-03
 -1.2890193862400E-03 -1.2890193862400E-03 -8.9360173577948E-04  3.6979421965525E-05
  1.8965218017763E-05  1.0587911840679E-22  8.8106076547830E-06  6.4599469565505E-05
  3.9898176355356E-05 -2.9097581295388E-21 -9.5423973669630E-06 -1.3552527156069E-20
 -3.3804018609013E-21 -9.4620812159546E-05 -5.5057141571529E-21 -2.3617236890768E-04
 -4.9465188068023E-05  1.6940658945086E-20 -3.4039241622089E-06  2.7349416644455E-06
 -7.4066272656027E-06  1.7864062413783E-05  1.8619013219538E-05  1.6617951905987E-04
  9.4863514765146E-05  8.2636787040759E-05  2.2445575013906E-05  4.9876522951651E-05
  7.9631895859700E-06  2.2621914174809E-05 -6.9932330902895E-06 -8.1129016991317E-05
 -5.1190455411109E-05 -6.0055348272100E-05  3.1393215659762E-06  2.0828515351140E-03
  0.0000000000000E+00  0.0000000000000E+00 -1.6362188305702E-03  0.0000000000000E+00
  3.4955805511049E-03  0.0000000000000E+00  0.0000000000000E+00  0.0000000000000E+00
  0.0000000000000E+00  3.4955805511049E-03  0.0000000000000E+00  3.1099817556976E-03
  0.0000000000000E+00  0.0000000000000E+00 -3.0543874249827E-03  9.9306962054935E-05
  1.1022664734371E-04 -1.2705494208814E-21  3.3019484858637E-05  2.5482575086839E-04
 -8.3280652242743E-05 -2.5410988417629E-21 -3.3960341142328E-05  0.0000000000000E+00
 -2.5410988417629E-21  4.5620282118305E-04  3.3881317890172E-21  4.3541740919080E-05
  3.7717136207874E-04  6.7762635780344E-21  6.2167061275435E-04 -5.1120080332235E-05
 -8.8369949789466E-05 -8.8369949789466E-05  1.8489725820387E-04 -4.5715370527824E-04
 -1.4122790521591E-04 -8.7744888793687E-05 -9.4788447832813E-04 -4.5715370527824E-04
 -8.7744888793687E-05 -1.4122790521591E-04 -9.4788447832813E-04  1.3678472944850E-03
  7.6721005409008E-04  7.6721005409008E-04  8.5687472851055E-04 -2.8436396317303E-07
  9.3998737368675E-06  0.0000000000000E+00 -1.9708002383651E-05  6.8309629677435E-05
  6.1132331914456E-05 -1.7408709065619E-21 -8.2894454796745E-06 -1.6940658945086E-21
 -1.6370998320513E-21  1.4843736464959E-04  2.2022856628612E-20  2.2175879391443E-04
  1.6935043933044E-04 -2.2022856628612E-20 -3.3798191928100E-06  2.6325786102971E-06
 -3.4270575562804E-06  3.6459282739262E-06 -4.7177743467511E-07 -5.3154269776708E-05
 -1.2746990828494E-06 -4.2394378409451E-05 -8.4140373091287E-05 -4.0869572563283E-05
 -3.7387249622424E-06 -4.1049181493447E-05  2.8765504682073E-05  5.1165195326386E-06
 -2.5775656197143E-05  5.9937804461432E-05 -5.5202687125726E-06  7.8434173494549E-04
 -2.6445782426735E-03 -2.6445782426735E-03  3.6034022494020E-03  6.7986800559456E-05
 -3.0090251631576E-04 -1.0803931048407E-04  1.3455675258415E-04 -4.9644760849793E-03
 -2.7987980676541E-03 -2.7987980676541E-03  5.2881606121564E-03  1.2680535677853E-02
  7.4756324389507E-03  1.1998853603527E-02 -1.6056823780867E-02  1.2680535677853E-02
  1.1998853603527E-02  7.4756324389507E-03 -1.6056823780867E-02 -1.7802056006401E-02
 -1.5615556546876E-02 -1.5615556546876E-02  2.0889862501466E-02 -2.9625811969904E-04
  2.6160720199352E-04 -9.3071408724295E-05 -1.9686516846204E-05  1.5356115109357E-03
  1.0255061300153E-03  7.6777241709756E-04 -7.0814743010590E-04  5.0441270851203E-04
  6.0550755053456E-04 -1.8534999991414E-04  1.6063192420167E-04 -8.1264609702298E-04
 -1.0008763262163E-03  9.9031310118781E-06 -2.8103474310050E-04 -1.5350256977043E-05
  1.7809876842121E-04  1.7809876842121E-04 -2.8772680868705E-04  2.2416320166318E-04
  2.0072515108268E-05  5.4442604846336E-05  2.2125228985431E-04  2.2416320166318E-04
  5.4442604846336E-05  2.0072515108268E-05  2.2125228985431E-04 -1.0113741747718E-04
  4.4491920541661E-05  4.4491920541661E-05 -8.7218617541909E-05 -3.8809547034231E-03
 -2.8877317990460E-03 -2.8877317990460E-03  5.1314881443099E-03  4.8475898610461E-03
  7.5686795718793E-03  9.1874402898719E-03 -1.2176371328066E-02  4.8475898610461E-03
  9.1874402898719E-03  7.5686795718793E-03 -1.2176371328066E-02 -6.6717489115306E-03
 -1.1965972777116E-02 -1.1965972777116E-02  1.7403213593362E-02 -4.3426884862753E-05
  2.2190981060976E-04 -6.3809177193795E-05  5.0752520739320E-05 -5.4575106117122E-05
  8.3472600627022E-04  3.1700295490886E-04 -5.7520940252603E-04 -6.8851035443954E-05
  1.5018392284635E-04 -2.2375369233670E-05 -3.4245091398333E-04  1.7527084476438E-04
 -2.3675969491147E-04 -2.3473304840583E-04  3.3281547940075E-04  2.6903268519798E-05
  1.7639963124727E-04  1.7639963124727E-04 -2.5852888650471E-04 -1.2443096356455E-04
 -1.0381785359945E-04 -1.7060984702544E-04  2.5397902971551E-04 -1.2443096356455E-04
 -1.7060984702544E-04 -1.0381785359945E-04  2.5397902971551E-04  2.7164451551067E-04
  3.0899494689947E-04  3.0899494689947E-04 -1.4140563728707E-04  1.9196359856965E-05
  7.5732307881475E-05  2.3133697942318E-05 -5.0339816434965E-05 -6.1216545606183E-05
  6.7643943800381E-05 -2.6543492639969E-05  4.7739010900754E-05 -1.7102068818209E-05
 -2.6687193908788E-05  1.8592186842621E-05  3.8333419978584E-05  5.8405441015941E-05
  8.0005082620419E-05  3.9603802149971E-05  1.6435015490619E-06  2.7967268940719E-03
 -6.8992591336122E-03 -6.8992591336122E-03  0.0000000000000E+00  9.8988699895681E-05
 -4.7456242277251E-04  4.4413878073639E-05  0.0000000000000E+00 -1.5772236855939E-02
 -1.0420371614126E-02 -1.0420371614126E-02  0.0000000000000E+00  4.4203931902366E-02
  2.5291032314759E-02  3.4210362041644E-02  0.0000000000000E+00  4.4203931902366E-02
  3.4210362041644E-02  2.5291032314759E-02  0.0000000000000E+00  0.0000000000000E+00
  0.0000000000000E+00  0.0000000000000E+00 -8.8865933161996E-03 -6.1297061143891E-04
 -3.2809538142178E-04 -1.6691610414237E-04  0.0000000000000E+00  3.3099004534693E-03
  1.3541888200796E-03  2.2683202442390E-03  0.0000000000000E+00 -4.0305446455171E-04
 -1.2234292256450E-04 -3.2915442797939E-04  0.0000000000000E+00  0.0000000000000E+00
  0.0000000000000E+00  0.0000000000000E+00  1.3261721093306E-04  1.2673780036355E-04
  4.2353929936216E-04  4.2353929936216E-04  0.0000000000000E+00  9.6716940263904E-05
 -2.2040407277326E-04 -2.3550276738568E-04  0.0000000000000E+00  9.6716940263906E-05
 -2.3550276738568E-04 -2.2040407277326E-04  0.0000000000000E+00  0.0000000000000E+00
  0.0000000000000E+00  0.0000000000000E+00  1.5310583581181E-05  1.6567304340898E-03
  1.5178935803936E-03  1.5178935803936E-03  0.0000000000000E+00 -1.4578810405270E-03
 -4.6815645587140E-04 -3.9552319722380E-03  0.0000000000000E+00 -1.4578810405270E-03
 -3.9552319722380E-03 -4.6815645587140E-04  0.0000000000000E+00  0.0000000000000E+00
  0.0000000000000E+00  0.0000000000000E+00  3.2061328516566E-03 -1.5359675400772E-04
 -2.2799564212002E-04 -6.2148974159307E-05  0.0000000000000E+00 -6.6874707986163E-04
  8.0689111739938E-05 -8.6168689618447E-04  0.0000000000000E+00  4.6174874298646E-04
  6.9148873611023E-04  9.4596101186412E-05  0.0000000000000E+00  0.0000000000000E+00
  0.0000000000000E+00  0.0000000000000E+00 -3.2741347018285E-05  1.4516992186309E-04
  1.3992797783688E-04  1.3992797783688E-04  0.0000000000000E+00 -2.4488105074121E-04
 -2.9837100248591E-04 -2.2439833151610E-04  0.0000000000000E+00 -2.4488105074121E-04
 -2.2439833151610E-04 -2.9837100248591E-04  0.0000000000000E+00  0.0000000000000E+00
  0.0000000000000E+00  0.0000000000000E+00 -7.5804404443913E-05 -1.4670016578748E-01
  0.0000000000000E+00  0.0000000000000E+00  0.0000000000000E+00  9.5598443916763E-04
 -5.4430783784058E-03  1.3552527156069E-20  0.0000000000000E+00 -1.3398438209611E-03
  9.1858604038693E-04  9.1858604038693E-04  0.0000000000000E+00  9.7696144300949E-05
 -4.4096660188235E-04  0.0000000000000E+00  0.0000000000000E+00  5.8310323383059E-01
  6.1629758220391E-33  0.0000000000000E+00  0.0000000000000E+00  0.0000000000000E+00
  6.7544048271900E-01  0.0000000000000E+00  0.0000000000000E+00  0.0000000000000E+00
  0.0000000000000E+00  6.7544048271900E-01  0.0000000000000E+00  0.0000000000000E+00
  0.0000000000000E+00  0.0000000000000E+00  6.7559236770495E-01 -5.1516211850081E-03
 -9.2199587391794E-03  4.0657581468208E-20  0.0000000000000E+00  2.5913855789560E-02
  4.6524773022491E-02 -1.0842021724855E-18  0.0000000000000E+00 -4.8789097761849E-19
 -1.0842021724855E-18 -3.9743694709591E-03  0.0000000000000E+00  0.0000000000000E+00
  0.0000000000000E+00  0.0000000000000E+00 -4.7765580737792E-03  6.8092938952961E-04
  1.7950473890300E-03  1.7950473890300E-03  0.0000000000000E+00  4.4435996499224E-04
 -7.2884050910635E-04  1.9038969995051E-04  0.0000000000000E+00  4.4435996499224E-04
  1.9038969995051E-04 -7.2884050910634E-04  0.0000000000000E+00  0.0000000000000E+00
  0.0000000000000E+00  0.0000000000000E+00 -5.7870052438826E-04 -3.8193102954748E-04
  3.6008533599293E-04  0.0000000000000E+00  0.0000000000000E+00  2.7542612779657E-03
  2.8511549986992E-03 -4.3376144920379E-19  0.0000000000000E+00  0.0000000000000E+00
 -4.3368347403529E-19 -1.5191882989572E-04  0.0000000000000E+00  0.0000000000000E+00
  0.0000000000000E+00  0.0000000000000E+00 -6.3940498726195E-05  1.9532639260947E-05
  2.6848675107351E-04 -2.8266831985567E-05  0.0000000000000E+00  2.0553751310493E-04
 -1.3358790270756E-04  1.5995732437194E-04  0.0000000000000E+00  1.2181688694846E-04
  6.1536708364710E-05  7.7847827783027E-05  0.0000000000000E+00  0.0000000000000E+00
  0.0000000000000E+00  0.0000000000000E+00 -3.2846731831733E-05  4.1201278806653E-01
  0.0000000000000E+00  0.0000000000000E+00  0.0000000000000E+00  0.0000000000000E+00
  5.6248243063677E-01  0.0000000000000E+00  0.0000000000000E+00  0.0000000000000E+00
  0.0000000000000E+00  5.6248243063677E-01  0.0000000000000E+00  0.0000000000000E+00
  0.0000000000000E+00  0.0000000000000E+00  5.6290384279115E-01 -3.7965654528133E-03
 -9.0585195980574E-03  5.4210108624269E-20  0.0000000000000E+00  9.0585195980574E-03
  3.7848043453704E-02  2.1684043449710E-19  0.0000000000000E+00 -1.3552527156069E-20
  2.1684043449710E-19 -1.6939332004855E-03  0.0000000000000E+00  0.0000000000000E+00
  0.0000000000000E+00  0.0000000000000E+00 -1.7587104113382E-03  1.5661569079589E-03
  2.3262303737736E-03  2.3262303737736E-03  0.0000000000000E+00 -2.3262303737736E-03
 -2.5360813230379E-03 -1.0950007875419E-03  0.0000000000000E+00 -2.3262303737736E-03
 -1.0950007875419E-03 -2.5360813230379E-03  0.0000000000000E+00  0.0000000000000E+00
  0.0000000000000E+00  0.0000000000000E+00 -7.8957395659665E-04 -6.3543985182806E-05
  3.4324311253181E-04  1.3552527156069E-19  0.0000000000000E+00 -3.4324311253181E-04
  5.4506778983731E-04 -4.2924601691280E-19  0.0000000000000E+00  0.0000000000000E+00
 -4.2902458058437E-19 -1.3478537363513E-04  0.0000000000000E+00  0.0000000000000E+00
  0.0000000000000E+00  0.0000000000000E+00  1.6836030297122E-04  2.0334108850797E-05
  2.7823886861698E-04 -4.7171299338221E-05  0.0000000000000E+00 -2.7823886861698E-04
 -5.1553285211101E-04  2.0760185821713E-05  0.0000000000000E+00  4.7171299338222E-05
  2.0760185821713E-05  1.0869313553819E-04  0.0000000000000E+00  0.0000000000000E+00
  0.0000000000000E+00  0.0000000000000E+00  8.5410759272801E-05  6.2353968265198E-05
  1.0094547621345E-04  1.0094547621345E-04  0.0000000000000E+00 -1.0094547621345E-04
 -1.1645697403887E-04 -1.1672349437517E-04  0.0000000000000E+00 -1.0094547621345E-04
 -1.1672349437517E-04 -1.1645697403887E-04  0.0000000000000E+00  0.0000000000000E+00
  0.0000000000000E+00  0.0000000000000E+00  2.7776091491668E-05  6.2644698207404E-07
  0.0000000000000E+00 -4.8148248609681E-35  7.0290761788515E-06  9.6813565240930E-05
  2.4888244061032E-04  2.4888244061032E-04 -3.0072010353116E-04 -5.8449100295530E-03
  9.6296497219362E-35 -1.9259299443872E-34  7.1982077671338E-03  9.6296497219362E-35
  2.1364063814196E-04 -8.6736173798840E-19  0.0000000000000E+00 -1.9259299443872E-34
 -8.6736173798840E-19  2.1364063814195E-04  0.0000000000000E+00 -7.1982077671338E-03
  0.0000000000000E+00  0.0000000000000E+00  7.8040907862287E-03 -4.5418283761687E-05
  0.0000000000000E+00  0.0000000000000E+00 -6.2745048130683E-05  0.0000000000000E+00
 -1.3114598112350E-04  3.3881317890172E-21  0.0000000000000E+00  0.0000000000000E+00
 -1.0164395367052E-20 -1.3114598112350E-04  4.8148248609681E-35  1.6141745069137E-03
  0.0000000000000E+00 -2.4074124304840E-35 -1.9010214563386E-03  3.4086190021293E-05
  7.4941852823080E-05 -1.0164395367052E-20  7.2734624248894E-05  3.6672646989825E-05
 -5.8065652922590E-05  0.0000000000000E+00 -3.4117076713857E-05 -2.0328790734103E-20
  6.7762635780344E-21  7.3119282243973E-06 -8.4703294725430E-22 -5.5664060329132E-05
  7.1639997427459E-05 -1.2037062152420E-35  8.2654349897531E-05 -1.3873849079717E-03
 -2.3498614626591E-03 -2.3498614626591E-03  2.3459599896617E-03 -3.3710151161006E-04
 -2.4521370064603E-04 -3.5445917002575E-04  7.5285205610122E-04 -3.3710151161005E-04
 -3.5445917002575E-04 -2.4521370064603E-04  7.5285205610122E-04 -1.5577415298614E-03
 -2.2981585082549E-03 -2.2981585082549E-03  2.0460818123137E-03 -6.1296717467381E-04
 -1.8974816435150E-03 -1.8974816435150E-03  2.0502081823629E-03  7.2487378174058E-05
 -2.2382573865820E-04 -3.6108027119487E-04  3.5304497925552E-04  7.2487378174059E-05
 -3.6108027119487E-04 -2.2382573865820E-04  3.5304497925552E-04 -4.9203233506675E-04
 -1.5570049665976E-03 -1.5570049665976E-03  1.7482828928835E-03  2.5065619910326E-05
 -1.9527776960165E-04  1.4914071292799E-04  2.0777846743249E-05  4.8266435234374E-06
  1.9269966437242E-05 -2.8565311770456E-05 -4.4567150320317E-05 -7.8904733481903E-06
 -1.2002903018120E-05 -3.3321540296317E-05 -2.7563466764608E-05 -3.7647915420527E-06
 -5.6759166668163E-05  5.5579106299399E-06 -8.0248036885107E-05  1.3538909478460E-04
  0.0000000000000E+00 -1.8055593228630E-35 -5.7023390232246E-05  0.0000000000000E+00
  4.6674339794645E-05  1.2705494208814E-21  1.2037062152420E-35 -1.8055593228630E-35
  1.2705494208814E-21  4.6674339794645E-05  3.0092655381051E-36  5.7023390232246E-05
 -1.2037062152420E-35 -3.0092655381051E-36  6.2280410213657E-05 -1.2225436049430E-05
  1.2299627688820E-05  1.0587911840679E-21 -7.7560834803960E-06 -1.2299627688820E-05
 -2.0728361721652E-05  0.0000000000000E+00 -1.8330065085088E-05  8.4703294725430E-22
  8.4703294725430E-22  1.9412070082764E-05 -9.5291206566109E-22  7.7560834803960E-06
 -1.8330065085088E-05  1.0587911840679E-22  1.6088394152021E-05 -2.9051890334527E-05
 -6.4639415450153E-06 -6.4639415450153E-06  6.7940580553005E-06  6.4639415450153E-06
 -6.5703802228778E-06 -6.0195931648400E-06 -3.3527243077149E-05  6.4639415450153E-06
 -6.0195931648400E-06 -6.5703802228778E-06 -3.3527243077149E-05 -6.7940580553005E-06
 -3.3527243077149E-05 -3.3527243077149E-05 -3.5867962676009E-07  9.6789328042657E-06
 -2.2266327612759E-04 -2.2266327612759E-04 -6.4170295682597E-05 -2.2160885833424E-04
  9.9691822228414E-04  9.9691822228414E-04 -2.4860983043171E-04  5.8208277992912E-05
  6.2457892548285E-05  1.5814466111396E-04 -8.5615077900120E-04  5.8208277992912E-05
  1.5814466111396E-04  6.2457892548285E-05 -8.5615077900120E-04 -4.0262566873424E-04
  1.0111521065252E-03  1.0111521065252E-03  9.1173807645260E-05 -1.6572519065127E-04
  8.4797548551714E-04  8.4797548551714E-04 -1.6818001149297E-04  8.2753726970209E-05
  6.9965758098526E-05  1.5138638670346E-04 -7.0520072120271E-04  8.2753726970209E-05
  1.5138638670346E-04  6.9965758098526E-05 -7.0520072120271E-04 -1.3410340991760E-04
  8.5582486560475E-04  8.5582486560475E-04 -5.9669714006921E-06  8.4567316238441E-06
  1.2766764419043E-04 -2.1798187821867E-04  9.3789880148869E-05 -1.7786311545198E-05
  8.5555763951453E-06  1.2942723510287E-04 -8.0810401602439E-06  6.2376523795822E-06
  1.3889384792486E-07  9.5996971283833E-05  2.9218602318999E-05  1.3718960091175E-05
  7.1663625784809E-05 -7.5384521992928E-05  1.9507281492528E-04  9.2867807225373E-04
 -9.6296497219362E-35 -4.8148248609681E-35 -3.7729804549241E-04 -1.5062244160692E-03
  0.0000000000000E+00  0.0000000000000E+00  1.0245529701424E-03  5.7362664558183E-05
  1.4221600774869E-04 -9.4867690092482E-20 -2.6423792659663E-04  1.1202545690533E-04
  2.2222446085681E-04  2.2222446085681E-04 -3.3776488861104E-04 -7.6172907968511E-04
 -1.9259299443872E-34  5.7777898331617E-34  3.2257267789898E-03 -1.9259299443872E-34
 -1.7484375811085E-04  4.3368086899420E-19  0.0000000000000E+00  5.7777898331617E-34
  4.3368086899420E-19 -1.7484375811085E-04  0.0000000000000E+00 -3.2257267789898E-03
  0.0000000000000E+00  0.0000000000000E+00  4.5235844492183E-03 -7.4794117043377E-04
 -1.0357669635378E-03  4.0657581468206E-20  1.3623126302436E-03  1.0357669635378E-03
  6.2005561966067E-04  0.0000000000000E+00 -9.3517334863200E-04 -2.7105054312138E-20
  0.0000000000000E+00 -2.4781848666984E-03  1.6940658945086E-20 -1.3623126302436E-03
 -9.3517334863199E-04 -3.0493186101155E-20  1.4871696144336E-03  5.8256363276099E-05
  0.0000000000000E+00  6.7407548053553E-34  2.1439857186083E-03  0.0000000000000E+00
 -9.0823544800657E-04  2.1684043449710E-19  0.0000000000000E+00  0.0000000000000E+00
  2.1684043449710E-19 -9.0823544800657E-04  0.0000000000000E+00  4.3209481992438E-03
 -9.6296497219362E-35  0.0000000000000E+00 -1.6466395207949E-03 -3.0969324813414E-04
 -9.4072384962815E-04 -1.2197274440462E-19  1.2100225243786E-03 -2.6850182851985E-04
  3.9956588447174E-04 -2.1684043449710E-19 -5.0269588105200E-04  0.0000000000000E+00
 -2.1684043449710E-19 -9.8417628890659E-04  1.5246593050577E-20 -1.2268989802301E-04
 -1.0702446073683E-03 -8.4703294725430E-22  1.2605589522698E-03 -4.7461168888850E-04
 -1.3976470247036E-03 -1.3976470247036E-03  2.0178687477898E-03 -2.7677096310128E-04
  5.5820903639681E-04  6.2834799822390E-04 -1.0502531156042E-03 -2.7677096310128E-04
  6.2834799822390E-04  5.5820903639681E-04 -1.0502531156042E-03  4.2037911947574E-04
 -1.0289486223510E-03 -1.0289486223510E-03  1.2896130596288E-03  1.0500323683586E-03
 -3.8518598887745E-34  0.0000000000000E+00 -4.0650689353310E-03 -3.8518598887745E-34
 -1.3324837935447E-03  0.0000000000000E+00  0.0000000000000E+00  0.0000000000000E+00
  0.0000000000000E+00 -1.3324837935447E-03  0.0000000000000E+00  4.0650689353310E-03
  0.0000000000000E+00  0.0000000000000E+00 -5.5101120470818E-03 -9.3496035126764E-05
  1.6011281673096E-04 -1.0164395367052E-19  8.9325261924480E-05 -1.6011281673096E-04
  2.2861964687072E-04  1.0842021724855E-19 -6.4982284355351E-04  6.7762635780343E-21
  1.0842021724855E-19  8.6084862084757E-05  4.6586812098986E-21 -8.9325261924480E-05
 -6.4982284355351E-04 -9.7408788934244E-21  9.6275490619096E-04 -1.0990318816237E-04
  2.5155634007569E-04  2.5155634007569E-04 -3.2614821825088E-04 -2.5155634007569E-04
  3.5474954634922E-05 -1.0774108569396E-04 -2.1330856282259E-04 -2.5155634007569E-04
 -1.0774108569396E-04  3.5474954634922E-05 -2.1330856282259E-04  3.2614821825088E-04
 -2.1330856282259E-04 -2.1330856282259E-04  1.4026587826807E-04  4.6411916662447E-06
  8.5889374031251E-06  0.0000000000000E+00  8.3841290712373E-06 -8.5889374031250E-06
  8.8670260721723E-05  1.8439663935673E-21 -1.1972997961998E-04 -1.3552527156069E-20
  3.6565476507605E-21 -7.4249360226929E-05 -1.3552527156069E-20 -8.3841290712371E-06
 -1.1972997961998E-04 -1.6940658945086E-20  2.2612951244649E-05  2.5448669537977E-05
  1.0285106071554E-04  5.2772233911584E-06 -1.5923043432381E-05 -1.0285106071554E-04
 -8.6053126932559E-05 -2.5779500441025E-06 -1.6014261387696E-05 -5.2772233911584E-06
 -2.5779500441025E-06  8.9063307150779E-05 -5.4809308539486E-05  1.5923043432381E-05
 -1.6014261387698E-05 -5.4809308539485E-05  1.0970918513395E-04
   NCF
         0         2         4         6         8        10        12        14
        16        18        20        22        24        26        28        30
        32        34        36        38        40        42        44        46
        48        50        52        53        55        57        59        61
        63        65        66        67        69        71        73        75
        77        79        80        81        82        84        86        88
        90        92        94        95        96        97        98       100
       102       104       106       108       110       111       112       113
       114       115       117       119       121       123       125       127
       128       129       130       131       132       133       135       137
       139       141       143       145       147       149       151       153
       155       157       159       161       163
NSTATG
         0         1         9        57        69       117       181       182
       186       194       196       200       232       264       276       324
       332       380       428       444       524       620       624       628
       629       637       649       650       654       670       702       710
       758       838       846       894       898       930       962       974
      1022      1102      1114      1162      1226      1227      1235      1247
      1248      1252      1260      1261      1265      1273      1275      1283
      1331      1379      1383      1415      1463      1467      1499      1531
      1543      1591      1603      1683      1763      1771      1819      1883
      1891      1939      1987      2003      2083      2179      2183      2187
      2203      2235      2251      2283      2331      2335      2351      2383
      2387      2399      2431      2479      2559
NSTAFG
         0         1         5        37        45        77       125       125
       129       133       134       138       154       170       178       210
       214       246       278       290       338       402       402       406
       406       410       418       419       419       435       451       455
       471       519       523       555       559       575       591       595
       627       675       683       715       763       763       767       771
       771       775       779       779       783       787       788       792
       824       856       860       876       892       896       912       928
       936       968       976      1024      1072      1076      1092      1124
      1128      1160      1192      1204      1252      1316      1316      1316
      1316      1316      1316      1332      1348      1348      1348      1364
      1364      1368      1368      1384      1432
    LG
         0         0         0        -1         0         0         1         0
         0         0        -1         0         0         1         0        -1
        -1         0         1         1         0        -1         1         0
         1        -1         0        -2         0         0         2         0
         0         0        -2         0         0         2         0        -2
        -1         0         2         1         0        -2         1         0
         2        -1         0        -1        -2         0         1         2
         0        -1         2         0         1        -2         0        -2
        -2         0         2         2         0        -2         2         0
         2        -2         0        -3         0         0         3         0
         0         0        -3         0         0         3         0        -3
        -1         0         3         1         0        -3         1         0
         3        -1         0        -1        -3         0         1         3
         0        -1         3         0         1        -3         0        -3
        -2         0         3         2         0        -3         2         0
         3        -2         0        -2        -3         0         2         3
         0        -2         3         0         2        -3         0        -4
         0         0         4         0         0         0        -4         0
         0         4         0        -4        -1         0         4         1
         0        -4         1         0         4        -1         0        -1
        -4         0         1         4         0        -1         4         0
         1        -4         0        -3        -3         0         3         3
         0        -3         3         0         3        -3         0        -4
        -2         0         4         2         0        -4         2         0
         4        -2         0        -2        -4         0         2         4
         0        -2         4         0         2        -4         0        -5
         0         0         5         0         0        -4        -3         0
         4         3         0        -4         3         0         4        -3
         0        -3        -4         0         3         4         0        -3
         4         0         3        -4         0         0        -5         0
         0         5         0        -5        -1         0         5         1
         0        -5         1         0         5        -1         0        -1
        -5         0         1         5         0        -1         5         0
         1        -5         0        -5        -2         0         5         2
         0        -5         2         0         5        -2         0        -2
        -5         0         2         5         0        -2         5         0
         2        -5         0        -4        -4         0         4         4
         0        -4         4         0         4        -4         0        -5
        -3         0         5         3         0        -5         3         0
         5        -3         0        -3        -5         0         3         5
         0        -3         5         0         3        -5         0        -6
         0         0         6         0         0         0        -6         0
         0         6         0        -6        -1         0         6         1
         0        -6         1         0         6        -1         0        -1
        -6         0         1         6         0        -1         6         0
         1        -6         0        -6        -2         0         6         2
         0        -6         2         0         6        -2         0        -2
        -6         0         2         6         0        -2         6         0
         2        -6         0        -5        -4         0         5         4
         0        -5         4         0         5        -4         0        -4
        -5         0         4         5         0        -4         5         0
         4        -5         0        -6        -3         0         6         3
         0        -6         3         0         6        -3         0        -3
        -6         0         3         6         0        -3         6         0
         3        -6         0        -7         0         0         7         0
         0         0        -7         0         0         7         0        -7
        -1         0         7         1         0        -7         1         0
         7        -1         0        -5        -5         0         5         5
         0        -5         5         0         5        -5         0        -1
        -7         0         1         7         0        -1         7         0
         1        -7         0        -6        -4         0         6         4
         0        -6         4         0         6        -4         0        -4
        -6         0         4         6         0        -4         6         0
         4        -6         0        -7        -2         0         7         2
         0        -7         2         0         7        -2         0        -2
        -7         0         2         7         0        -2         7         0
         2        -7         0        -7        -3         0         7         3
         0        -7         3         0         7        -3         0        -3
        -7         0         3         7         0        -3         7         0
         3        -7         0        -6        -5         0         6         5
         0        -6         5         0         6        -5         0        -5
        -6         0         5         6         0        -5         6         0
         5        -6         0        -8         0         0         8         0
         0         0        -8         0         0         8         0        -8
        -1         0         8         1         0        -8         1         0
         8        -1         0        -7        -4         0         7         4
         0        -7         4         0         7        -4         0        -4
        -7         0         4         7         0        -4         7         0
         4        -7         0        -1        -8         0         1         8
         0        -1         8         0         1        -8         0        -8
        -2         0         8         2         0        -8         2         0
         8        -2         0        -2        -8         0         2         8
         0        -2         8         0         2        -8         0        -6
        -6         0         6         6         0        -6         6         0
         6        -6         0        -8        -3         0         8         3
         0        -8         3         0         8        -3         0        -3
        -8         0         3         8         0        -3         8         0
         3        -8         0        -7        -5         0         7         5
         0        -7         5         0         7        -5         0        -5
        -7         0         5         7         0        -5         7         0
         5        -7         0        -8        -4         0         8         4
         0        -8         4         0         8        -4         0        -4
        -8         0         4         8         0        -4         8         0
         4        -8         0        -9         0         0         9         0
         0         0        -9         0         0         9         0        -9
        -1         0         9         1         0        -9         1         0
         9        -1         0        -1        -9         0         1         9
         0        -1         9         0         1        -9         0        -9
        -2         0         9         2         0        -9         2         0
         9        -2         0        -7        -6         0         7         6
         0        -7         6         0         7        -6         0        -6
        -7         0         6         7         0        -6         7         0
         6        -7         0        -2        -9         0         2         9
         0        -2         9         0         2        -9         0        -8
        -5         0         8         5         0        -8         5         0
         8        -5         0        -5        -8         0         5         8
         0        -5         8         0         5        -8         0        -9
        -3         0         9         3         0        -9         3         0
         9        -3         0        -3        -9         0         3         9
         0        -3         9         0         3        -9         0        -9
        -4         0         9         4         0        -9         4         0
         9        -4         0        -4        -9         0         4         9
         0        -4         9         0         4        -9         0        -7
        -7         0         7         7         0        -7         7         0
         7        -7         0       -10         0         0        10         0
         0        -8        -6         0         8         6         0        -8
         6         0         8        -6         0        -6        -8         0
         6         8         0        -6         8         0         6        -8
         0         0       -10         0         0        10         0       -10
        -1         0        10         1         0       -10         1         0
        10        -1         0        -1       -10         0         1        10
         0        -1        10         0         1       -10         0       -10
        -2         0        10         2         0       -10         2         0
        10        -2         0        -2       -10         0         2        10
         0        -2        10         0         2       -10         0        -9
        -5         0         9         5         0        -9         5         0
         9        -5         0        -5        -9         0         5         9
         0        -5         9         0         5        -9         0       -10
        -3         0        10         3         0       -10         3         0
        10        -3         0        -3       -10         0         3        10
         0        -3        10         0         3       -10         0        -8
        -7         0         8         7         0        -8         7         0
         8        -7         0        -7        -8         0         7         8
         0        -7         8         0         7        -8         0       -10
        -4         0        10         4         0       -10         4         0
        10        -4         0        -4       -10         0         4        10
         0        -4        10         0         4       -10         0        -9
        -6         0         9         6         0        -9         6         0
         9        -6         0        -6        -9         0         6         9
         0        -6         9         0         6        -9         0       -11
         0         0        11         0         0         0       -11         0
         0        11         0       -11        -1         0        11         1
         0       -11         1         0        11        -1         0        -1
       -11         0         1        11         0        -1        11         0
         1       -11         0       -11        -2         0        11         2
         0       -11         2         0        11        -2         0       -10
        -5         0        10         5         0       -10         5         0
        10        -5         0        -5       -10         0         5        10
         0        -5        10         0         5       -10         0        -2
       -11         0         2        11         0        -2        11         0
         2       -11         0        -8        -8         0         8         8
         0        -8         8         0         8        -8         0       -11
        -3         0        11         3         0       -11         3         0
        11        -3         0        -9        -7         0         9         7
         0        -9         7         0         9        -7         0        -7
        -9         0         7         9         0        -7         9         0
         7        -9         0        -3       -11         0         3        11
         0        -3        11         0         3       -11         0       -10
        -6         0        10         6         0       -10         6         0
        10        -6         0        -6       -10         0         6        10
         0        -6        10         0         6       -10         0       -11
        -4         0        11         4         0       -11         4         0
        11        -4         0        -4       -11         0         4        11
         0        -4        11         0         4       -11         0       -12
         0         0        12         0         0         0       -12         0
         0        12         0       -12        -1         0        12         1
         0       -12         1         0        12        -1         0        -9
        -8         0         9         8         0        -9         8         0
         9        -8         0        -8        -9         0         8         9
         0        -8         9         0         8        -9         0        -1
       -12         0         1        12         0        -1        12         0
         1       -12         0       -11        -5         0        11         5
         0       -11         5         0        11        -5         0        -5
       -11         0         5        11         0        -5        11         0
         5       -11         0       -12        -2         0        12         2
         0       -12         2         0        12        -2         0        -2
       -12         0         2        12         0        -2        12         0
         2       -12         0       -10        -7         0        10         7
         0       -10         7         0        10        -7         0        -7
       -10         0         7        10         0        -7        10         0
         7       -10         0       -12        -3         0        12         3
         0       -12         3         0        12        -3         0        -3
       -12         0         3        12         0        -3        12         0
         3       -12         0       -11        -6         0        11         6
         0       -11         6         0        11        -6         0        -6
       -11         0         6        11         0        -6        11         0
         6       -11         0       -12        -4         0        12         4
         0       -12         4         0        12        -4         0        -4
       -12         0         4        12         0        -4        12         0
         4       -12         0        -9        -9         0         9         9
         0        -9         9         0         9        -9         0       -10
        -8         0        10         8         0       -10         8         0
        10        -8         0        -8       -10         0         8        10
         0        -8        10         0         8       -10         0       -13
         0         0        13         0         0       -12        -5         0
        12         5         0       -12         5         0        12        -5
         0        -5       -12         0         5        12         0        -5
        12         0         5       -12         0         0       -13         0
         0        13         0       -13        -1         0        13         1
         0       -13         1         0        13        -1         0       -11
        -7         0        11         7         0       -11         7         0
        11        -7         0        -7       -11         0         7        11
         0        -7        11         0         7       -11         0        -1
       -13         0         1        13         0        -1        13         0
         1       -13         0       -13        -2         0        13         2
         0       -13         2         0        13        -2         0        -2
       -13         0         2        13         0        -2        13         0
         2       -13         0       -13        -3         0        13         3
         0       -13         3         0        13        -3         0        -3
       -13         0         3        13         0        -3        13         0
         3       -13         0       -12        -6         0        12         6
         0       -12         6         0        12        -6         0        -6
       -12         0         6        12         0        -6        12         0
         6       -12         0       -10        -9         0        10         9
         0       -10         9         0        10        -9         0        -9
       -10         0         9        10         0        -9        10         0
         9       -10         0       -13        -4         0        13         4
         0       -13         4         0        13        -4         0       -11
        -8         0        11         8         0       -11         8         0
        11        -8         0        -8       -11         0         8        11
         0        -8        11         0         8       -11         0        -4
       -13         0         4        13         0        -4        13         0
         4       -13         0       -12        -7         0        12         7
         0       -12         7         0        12        -7         0        -7
       -12         0         7        12         0        -7        12         0
         7       -12         0       -13        -5         0        13         5
         0       -13         5         0        13        -5         0        -5
       -13         0         5        13         0        -5        13         0
         5       -13         0       -14         0         0        14         0
         0         0       -14         0         0        14         0       -14
        -1         0        14         1         0       -14         1         0
        14        -1         0        -1       -14         0         1        14
         0        -1        14         0         1       -14         0       -14
        -2         0        14         2         0       -14         2         0
        14        -2         0       -10       -10         0        10        10
         0       -10        10         0        10       -10         0        -2
       -14         0         2        14         0        -2        14         0
         2       -14         0       -11        -9         0        11         9
         0       -11         9         0        11        -9         0        -9
       -11         0         9        11         0        -9        11         0
         9       -11         0       -14        -3         0        14         3
         0       -14         3         0        14        -3         0       -13
        -6         0        13         6         0       -13         6         0
        13        -6         0        -6       -13         0         6        13
         0        -6        13         0         6       -13         0        -3
       -14         0         3        14         0        -3        14         0
         3       -14         0       -12        -8         0        12         8
         0       -12         8         0        12        -8         0        -8
       -12         0         8        12         0        -8        12         0
         8       -12         0       -14        -4         0        14         4
         0       -14         4         0        14        -4         0        -4
       -14         0         4        14         0        -4        14         0
         4       -14         0       -13        -7         0        13         7
         0       -13         7         0        13        -7         0        -7
       -13         0         7        13         0        -7        13         0
         7       -13         0       -14        -5         0        14         5
         0       -14         5         0        14        -5         0       -11
       -10         0        11        10         0       -11        10         0
        11       -10         0       -10       -11         0        10        11
         0       -10        11         0        10       -11         0        -5
       -14         0         5        14         0        -5        14         0
         5       -14         0       -15         0         0        15         0
         0       -12        -9         0        12         9         0       -12
         9         0        12        -9         0        -9       -12         0
         9        12         0        -9        12         0         9       -12
         0         0       -15         0         0        15         0       -15
        -1         0        15         1         0       -15         1         0
        15        -1         0        -1       -15         0         1        15
         0        -1        15         0         1       -15         0       -15
        -2         0        15         2         0       -15         2         0
        15        -2         0        -2       -15         0         2        15
         0        -2        15         0         2       -15         0       -14
        -6         0        14         6         0       -14         6         0
        14        -6         0        -6       -14         0         6        14
         0        -6        14         0         6       -14         0       -13
        -8         0        13         8         0       -13         8         0
        13        -8         0        -8       -13         0         8        13
         0        -8        13         0         8       -13         0       -15
        -3         0        15         3         0       -15         3         0
        15        -3         0        -3       -15         0         3        15
         0        -3        15         0         3       -15         0       -15
        -4         0        15         4         0       -15         4         0
        15        -4         0        -4       -15         0         4        15
         0        -4        15         0         4       -15         0       -11
       -11         0        11        11         0       -11        11         0
        11       -11         0       -12       -10         0        12        10
         0       -12        10         0        12       -10         0       -10
       -12         0        10        12         0       -10        12         0
        10       -12         0       -14        -7         0        14         7
         0       -14         7         0        14        -7         0        -7
       -14         0         7        14         0        -7        14         0
         7       -14         0       -15        -5         0        15         5
         0       -15         5         0        15        -5         0       -13
        -9         0        13         9         0       -13         9         0
        13        -9         0        -9       -13         0         9        13
         0        -9        13         0         9       -13         0        -5
       -15         0         5        15         0        -5        15         0
         5       -15         0       -16         0         0        16         0
         0         0       -16         0         0        16         0       -16
        -1         0        16         1         0       -16         1         0
        16        -1         0        -1       -16         0         1        16
         0        -1        16         0         1       -16         0       -16
        -2         0        16         2         0       -16         2         0
        16        -2         0       -14        -8         0        14         8
         0       -14         8         0        14        -8         0        -8
       -14         0         8        14         0        -8        14         0
         8       -14         0        -2       -16         0         2        16
         0        -2        16         0         2       -16         0       -15
        -6         0        15         6         0       -15         6         0
        15        -6         0        -6       -15         0         6        15
         0        -6        15         0         6       -15         0       -16
        -3         0        16         3         0       -16         3         0
        16        -3         0       -12       -11         0        12        11
         0       -12        11         0        12       -11         0       -11
       -12         0        11        12         0       -11        12         0
        11       -12         0        -3       -16         0         3        16
         0        -3        16         0         3       -16         0       -13
       -10         0        13        10         0       -13        10         0
        13       -10         0       -10       -13         0        10        13
         0       -10        13         0        10       -13         0       -16
        -4         0        16         4         0       -16         4         0
        16        -4         0        -4       -16         0         4        16
         0        -4        16         0         4       -16         0       -15
        -7         0        15         7         0       -15         7         0
        15        -7         0        -7       -15         0         7        15
         0        -7        15         0         7       -15         0       -14
        -9         0        14         9         0       -14         9         0
        14        -9         0        -9       -14         0         9        14
         0        -9        14         0         9       -14         0       -16
        -5         0        16         5         0       -16         5         0
        16        -5         0        -5       -16         0         5        16
         0        -5        16         0         5       -16         0       -12
       -12         0        12        12         0       -12        12         0
        12       -12         0       -17         0         0        17         0
         0       -15        -8         0        15         8         0       -15
         8         0        15        -8         0        -8       -15         0
         8        15         0        -8        15         0         8       -15
         0         0       -17         0         0        17         0       -17
        -1         0        17         1         0       -17         1         0
        17        -1         0       -13       -11         0        13        11
         0       -13        11         0        13       -11         0       -11
       -13         0        11        13         0       -11        13         0
        11       -13         0        -1       -17         0         1        17
         0        -1        17         0         1       -17         0       -16
        -6         0        16         6         0       -16         6         0
        16        -6         0        -6       -16         0         6        16
         0        -6        16         0         6       -16         0       -17
        -2         0        17         2         0       -17         2         0
        17        -2         0        -2       -17         0         2        17
         0        -2        17         0         2       -17         0       -14
       -10         0        14        10         0       -14        10         0
        14       -10         0       -10       -14         0        10        14
         0       -10        14         0        10       -14         0       -17
        -3         0        17         3         0       -17         3         0
        17        -3         0        -3       -17         0         3        17
         0        -3        17         0         3       -17         0       -17
        -4         0        17         4         0       -17         4         0
        17        -4         0       -16        -7         0        16         7
         0       -16         7         0        16        -7         0        -7
       -16         0         7        16         0        -7        16         0
         7       -16         0        -4       -17         0         4        17
         0        -4        17         0         4       -17         0       -15
        -9         0        15         9         0       -15         9         0
        15        -9         0        -9       -15         0         9        15
         0        -9        15         0         9       -15         0       -13
       -12         0        13        12         0       -13        12         0
        13       -12         0       -12       -13         0        12        13
         0       -12        13         0        12       -13         0       -17
        -5         0        17         5         0       -17         5         0
        17        -5         0        -5       -17         0         5        17
         0        -5        17         0         5       -17         0       -14
       -11         0        14        11         0       -14        11         0
        14       -11         0       -11       -14         0        11        14
         0       -11        14         0        11       -14         0       -16
        -8         0        16         8         0       -16         8         0
        16        -8         0        -8       -16         0         8        16
         0        -8        16         0         8       -16         0       -18
         0         0        18         0         0         0       -18         0
         0        18         0       -18        -1         0        18         1
         0       -18         1         0        18        -1         0       -17
        -6         0        17         6         0       -17         6         0
        17        -6         0       -15       -10         0        15        10
         0       -15        10         0        15       -10         0       -10
       -15         0        10        15         0       -10        15         0
        10       -15         0        -6       -17         0         6        17
         0        -6        17         0         6       -17         0        -1
       -18         0         1        18         0        -1        18         0
         1       -18         0       -18        -2         0        18         2
         0       -18         2         0        18        -2         0        -2
       -18         0         2        18         0        -2        18         0
         2       -18         0       -18        -3         0        18         3
         0       -18         3         0        18        -3         0        -3
       -18         0         3        18         0        -3        18         0
         3       -18         0       -16        -9         0        16         9
         0       -16         9         0        16        -9         0        -9
       -16         0         9        16         0        -9        16         0
         9       -16         0       -17        -7         0        17         7
         0       -17         7         0        17        -7         0       -13
       -13         0        13        13         0       -13        13         0
        13       -13         0        -7       -17         0         7        17
         0        -7        17         0         7       -17         0       -18
        -4         0        18         4         0       -18         4         0
        18        -4         0       -14       -12         0        14        12
         0       -14        12         0        14       -12         0       -12
       -14         0        12        14         0       -12        14         0
        12       -14         0        -4       -18         0         4        18
         0        -4        18         0         4       -18         0       -15
       -11         0        15        11         0       -15        11         0
        15       -11         0       -11       -15         0        11        15
         0       -11        15         0        11       -15         0       -18
        -5         0        18         5         0       -18         5         0
        18        -5         0        -5       -18         0         5        18
         0        -5        18         0         5       -18         0       -17
        -8         0        17         8         0       -17         8         0
        17        -8         0        -8       -17         0         8        17
         0        -8        17         0         8       -17         0       -16
       -10         0        16        10         0       -16        10         0
        16       -10         0       -10       -16         0        10        16
         0       -10        16         0        10       -16         0       -18
        -6         0        18         6         0       -18         6         0
        18        -6         0        -6       -18         0         6        18
         0        -6        18         0         6       -18         0       -19
         0         0        19         0         0         0       -19         0
         0        19         0       -19        -1         0        19         1
         0       -19         1         0        19        -1         0        -1
       -19         0         1        19         0        -1        19         0
         1       -19         0       -19        -2         0        19         2
         0       -19         2         0        19        -2         0       -14
       -13         0        14        13         0       -14        13         0
        14       -13         0       -13       -14         0        13        14
         0       -13        14         0        13       -14         0        -2
       -19         0         2        19         0        -2        19         0
         2       -19         0       -15       -12         0        15        12
         0       -15        12         0        15       -12         0       -12
       -15         0        12        15         0       -12        15         0
        12       -15         0       -19        -3         0        19         3
         0       -19         3         0        19        -3         0       -17
        -9         0        17         9         0       -17         9         0
        17        -9         0        -9       -17         0         9        17
         0        -9        17         0         9       -17         0        -3
       -19         0         3        19         0        -3        19         0
         3       -19         0       -18        -7         0        18         7
         0       -18         7         0        18        -7         0        -7
       -18         0         7        18         0        -7        18         0
         7       -18         0       -19        -4         0        19         4
         0       -19         4         0        19        -4         0       -16
       -11         0        16        11         0       -16        11         0
        16       -11         0       -11       -16         0        11        16
         0       -11        16         0        11       -16         0        -4
       -19         0         4        19         0        -4        19         0
         4       -19         0       -19        -5         0        19         5
         0       -19         5         0        19        -5         0        -5
       -19         0         5        19         0        -5        19         0
         5       -19         0       -18        -8         0        18         8
         0       -18         8         0        18        -8         0        -8
       -18         0         8        18         0        -8        18         0
         8       -18         0       -17       -10         0        17        10
         0       -17        10         0        17       -10         0       -10
       -17         0        10        17         0       -10        17         0
        10       -17         0       -14       -14         0        14        14
         0       -14        14         0        14       -14         0       -15
       -13         0        15        13         0       -15        13         0
        15       -13         0       -13       -15         0        13        15
         0       -13        15         0        13       -15         0       -19
        -6         0        19         6         0       -19         6         0
        19        -6         0        -6       -19         0         6        19
         0        -6        19         0         6       -19         0       -20
         0         0        20         0         0       -16       -12         0
        16        12         0       -16        12         0        16       -12
         0       -12       -16         0        12        16         0       -12
        16         0        12       -16         0         0       -20         0
         0        20         0       -20        -1         0        20         1
         0       -20         1         0        20        -1         0        -1
       -20         0         1        20         0        -1        20         0
         1       -20         0       -20        -2         0        20         2
         0       -20         2         0        20        -2         0        -2
       -20         0         2        20         0        -2        20         0
         2       -20         0       -18        -9         0        18         9
         0       -18         9         0        18        -9         0        -9
       -18         0         9        18         0        -9        18         0
         9       -18         0       -20        -3         0        20         3
         0       -20         3         0        20        -3         0        -3
       -20         0         3        20         0        -3        20         0
         3       -20         0       -19        -7         0        19         7
         0       -19         7         0        19        -7         0       -17
       -11         0        17        11         0       -17        11         0
        17       -11         0       -11       -17         0        11        17
         0       -11        17         0        11       -17         0        -7
       -19         0         7        19         0        -7        19         0
         7       -19         0       -20        -4         0        20         4
         0       -20         4         0        20        -4         0        -4
       -20         0         4        20         0        -4        20         0
         4       -20         0       -15       -14         0        15        14
         0       -15        14         0        15       -14         0       -14
       -15         0        14        15         0       -14        15         0
        14       -15         0       -18       -10         0        18        10
         0       -18        10         0        18       -10         0       -10
       -18         0        10        18         0       -10        18         0
        10       -18         0       -20        -5         0        20         5
         0       -20         5         0        20        -5         0       -19
        -8         0        19         8         0       -19         8         0
        19        -8         0       -16       -13         0        16        13
         0       -16        13         0        16       -13         0       -13
       -16         0        13        16         0       -13        16         0
        13       -16         0        -8       -19         0         8        19
         0        -8        19         0         8       -19         0        -5
       -20         0         5        20         0        -5        20         0
         5       -20         0       -17       -12         0        17        12
         0       -17        12         0        17       -12         0       -12
       -17         0        12        17         0       -12        17         0
        12       -17         0       -20        -6         0        20         6
         0       -20         6         0        20        -6         0        -6
       -20         0         6        20         0        -6        20         0
         6       -20         0       -21         0         0        21         0
         0         0       -21         0         0        21         0       -21
        -1         0        21         1         0       -21         1         0
        21        -1         0       -19        -9         0        19         9
         0       -19         9         0        19        -9         0        -9
       -19         0         9        19         0        -9        19         0
         9       -19         0        -1       -21         0         1        21
         0        -1        21         0         1       -21         0       -21
        -2         0        21         2         0       -21         2         0
        21        -2         0       -18       -11         0        18        11
         0       -18        11         0        18       -11         0       -11
       -18         0        11        18         0       -11        18         0
        11       -18         0        -2       -21         0         2        21
         0        -2        21         0         2       -21         0       -20
        -7         0        20         7         0       -20         7         0
        20        -7         0        -7       -20         0         7        20
         0        -7        20         0         7       -20         0       -21
        -3         0        21         3         0       -21         3         0
        21        -3         0       -15       -15         0        15        15
         0       -15        15         0        15       -15         0        -3
       -21         0         3        21         0        -3        21         0
         3       -21         0       -16       -14         0        16        14
         0       -16        14         0        16       -14         0       -14
       -16         0        14        16         0       -14        16         0
        14       -16         0       -21        -4         0        21         4
         0       -21         4         0        21        -4         0        -4
       -21         0         4        21         0        -4        21         0
         4       -21         0       -17       -13         0        17        13
         0       -17        13         0        17       -13         0       -13
       -17         0        13        17         0       -13        17         0
        13       -17         0       -19       -10         0        19        10
         0       -19        10         0        19       -10         0       -10
       -19         0        10        19         0       -10        19         0
        10       -19         0       -20        -8         0        20         8
         0       -20         8         0        20        -8         0        -8
       -20         0         8        20         0        -8        20         0
         8       -20         0       -21        -5         0        21         5
         0       -21         5         0        21        -5         0        -5
       -21         0         5        21         0        -5        21         0
         5       -21         0       -18       -12         0        18        12
         0       -18        12         0        18       -12         0       -12
       -18         0        12        18         0       -12        18         0
        12       -18         0       -21        -6         0        21         6
         0       -21         6         0        21        -6         0        -6
       -21         0         6        21         0        -6        21         0
         6       -21         0       -20        -9         0        20         9
         0       -20         9         0        20        -9         0       -16
       -15         0        16        15         0       -16        15         0
        16       -15         0       -15       -16         0        15        16
         0       -15        16         0        15       -16         0        -9
       -20         0         9        20         0        -9        20         0
         9       -20         0       -19       -11         0        19        11
         0       -19        11         0        19       -11         0       -11
       -19         0        11        19         0       -11        19         0
        11       -19         0       -22         0         0        22         0
         0         0       -22         0         0        22         0       -22
        -1         0        22         1         0       -22         1         0
        22        -1         0       -17       -14         0        17        14
         0       -17        14         0        17       -14         0       -14
       -17         0        14        17         0       -14        17         0
        14       -17         0        -1       -22         0         1        22
         0        -1        22         0         1       -22         0       -22
        -2         0        22         2         0       -22         2         0
        22        -2         0        -2       -22         0         2        22
         0        -2        22         0         2       -22         0       -21
        -7         0        21         7         0       -21         7         0
        21        -7         0        -7       -21         0         7        21
         0        -7        21         0         7       -21         0       -22
        -3         0        22         3         0       -22         3         0
        22        -3         0       -18       -13         0        18        13
         0       -18        13         0        18       -13         0       -13
       -18         0        13        18         0       -13        18         0
        13       -18         0        -3       -22         0         3        22
         0        -3        22         0         3       -22         0       -22
        -4         0        22         4         0       -22         4         0
        22        -4         0       -20       -10         0        20        10
         0       -20        10         0        20       -10         0       -10
       -20         0        10        20         0       -10        20         0
        10       -20         0        -4       -22         0         4        22
         0        -4        22         0         4       -22         0       -21
        -8         0        21         8         0       -21         8         0
        21        -8         0       -19       -12         0        19        12
         0       -19        12         0        19       -12         0       -12
       -19         0        12        19         0       -12        19         0
        12       -19         0        -8       -21         0         8        21
         0        -8        21         0         8       -21         0       -22
        -5         0        22         5         0       -22         5         0
        22        -5         0        -5       -22         0         5        22
         0        -5        22         0         5       -22         0       -16
       -16         0        16        16         0       -16        16         0
        16       -16         0       -17       -15         0        17        15
         0       -17        15         0        17       -15         0       -15
       -17         0        15        17         0       -15        17         0
        15       -17         0       -22        -6         0        22         6
         0       -22         6         0        22        -6         0       -18
       -14         0        18        14         0       -18        14         0
        18       -14         0       -14       -18         0        14        18
         0       -14        18         0        14       -18         0        -6
       -22         0         6        22         0        -6        22         0
         6       -22         0       -20       -11         0        20        11
         0       -20        11         0        20       -11         0       -11
       -20         0        11        20         0       -11        20         0
        11       -20         0       -21        -9         0        21         9
         0       -21         9         0        21        -9         0        -9
       -21         0         9        21         0        -9        21         0
         9       -21         0       -23         0         0        23         0
         0         0       -23         0         0        23         0       -23
        -1         0        23         1         0       -23         1         0
        23        -1         0       -19       -13         0        19        13
         0       -19        13         0        19       -13         0       -13
       -19         0        13        19         0       -13        19         0
        13       -19         0        -1       -23         0         1        23
         0        -1        23         0         1       -23         0       -23
        -2         0        23         2         0       -23         2         0
        23        -2         0       -22        -7         0        22         7
         0       -22         7         0        22        -7         0        -7
       -22         0         7        22         0        -7        22         0
         7       -22         0        -2       -23         0         2        23
         0        -2        23         0         2       -23         0       -23
        -3         0        23         3         0       -23         3         0
        23        -3         0        -3       -23         0         3        23
         0        -3        23         0         3       -23         0       -21
       -10         0        21        10         0       -21        10         0
        21       -10         0       -10       -21         0        10        21
         0       -10        21         0        10       -21         0       -20
       -12         0        20        12         0       -20        12         0
        20       -12         0       -12       -20         0        12        20
         0       -12        20         0        12       -20         0       -23
        -4         0        23         4         0       -23         4         0
        23        -4         0       -17       -16         0        17        16
         0       -17        16         0        17       -16         0       -16
       -17         0        16        17         0       -16        17         0
        16       -17         0        -4       -23         0         4        23
         0        -4        23         0         4       -23         0       -22
        -8         0        22         8         0       -22         8         0
        22        -8         0        -8       -22         0         8        22
         0        -8        22         0         8       -22         0       -18
       -15         0        18        15         0       -18        15         0
        18       -15         0       -15       -18         0        15        18
         0       -15        18         0        15       -18         0       -23
        -5         0        23         5         0       -23         5         0
        23        -5         0        -5       -23         0         5        23
         0        -5        23         0         5       -23         0       -19
       -14         0        19        14         0       -19        14         0
        19       -14         0       -14       -19         0        14        19
         0       -14        19         0        14       -19         0       -21
       -11         0        21        11         0       -21        11         0
        21       -11         0       -11       -21         0        11        21
         0       -11        21         0        11       -21         0       -23
        -6         0        23         6         0       -23         6         0
        23        -6         0       -22        -9         0        22         9
         0       -22         9         0        22        -9         0        -9
       -22         0         9        22         0        -9        22         0
         9       -22         0        -6       -23         0         6        23
         0        -6        23         0         6       -23         0       -20
       -13         0        20        13         0       -20        13         0
        20       -13         0       -13       -20         0        13        20
         0       -13        20         0        13       -20         0       -24
         0         0        24         0         0         0       -24         0
         0        24         0       -24        -1         0        24         1
         0       -24         1         0        24        -1         0        -1
       -24         0         1        24         0        -1        24         0
         1       -24         0       -23        -7         0        23         7
         0       -23         7         0        23        -7         0       -17
       -17         0        17        17         0       -17        17         0
        17       -17         0        -7       -23         0         7        23
         0        -7        23         0         7       -23         0       -24
        -2         0        24         2         0       -24         2         0
        24        -2         0       -18       -16         0        18        16
         0       -18        16         0        18       -16         0       -16
       -18         0        16        18         0       -16        18         0
        16       -18         0        -2       -24         0         2        24
         0        -2        24         0         2       -24         0       -22
       -10         0        22        10         0       -22        10         0
        22       -10         0       -10       -22         0        10        22
         0       -10        22         0        10       -22         0       -24
        -3         0        24         3         0       -24         3         0
        24        -3         0       -21       -12         0        21        12
         0       -21        12         0        21       -12         0       -12
       -21         0        12        21         0       -12        21         0
        12       -21         0        -3       -24         0         3        24
         0        -3        24         0         3       -24         0       -19
       -15         0        19        15         0       -19        15         0
        19       -15         0       -15       -19         0        15        19
         0       -15        19         0        15       -19         0       -24
        -4         0        24         4         0       -24         4         0
        24        -4         0        -4       -24         0         4        24
         0        -4        24         0         4       -24         0       -23
        -8         0        23         8         0       -23         8         0
        23        -8         0        -8       -23         0         8        23
         0        -8        23         0         8       -23         0       -20
       -14         0        20        14         0       -20        14         0
        20       -14         0       -14       -20         0        14        20
         0       -14        20         0        14       -20         0       -24
        -5         0        24         5         0       -24         5         0
        24        -5         0        -5       -24         0         5        24
         0        -5        24         0         5       -24         0       -22
       -11         0        22        11         0       -22        11         0
        22       -11         0       -11       -22         0        11        22
         0       -11        22         0        11       -22         0       -23
        -9         0        23         9         0       -23         9         0
        23        -9         0       -21       -13         0        21        13
         0       -21        13         0        21       -13         0       -13
       -21         0        13        21         0       -13        21         0
        13       -21         0        -9       -23         0         9        23
         0        -9        23         0         9       -23         0       -24
        -6         0        24         6         0       -24         6         0
        24        -6         0        -6       -24         0         6        24
         0        -6        24         0         6       -24         0       -18
       -17         0        18        17         0       -18        17         0
        18       -17         0       -17       -18         0        17        18
         0       -17        18         0        17       -18         0       -19
       -16         0        19        16         0       -19        16         0
        19       -16         0       -16       -19         0        16        19
         0       -16        19         0        16       -19         0       -25
         0         0        25         0         0       -24        -7         0
        24         7         0       -24         7         0        24        -7
         0       -20       -15         0        20        15         0       -20
        15         0        20       -15         0       -15       -20         0
        15        20         0       -15        20         0        15       -20
         0        -7       -24         0         7        24         0        -7
        24         0         7       -24         0         0       -25         0
         0        25         0       -25        -1         0        25         1
         0       -25         1         0        25        -1         0        -1
       -25         0         1        25         0        -1        25         0
         1       -25         0       -22       -12         0        22        12
         0       -22        12         0        22       -12         0       -12
       -22         0        12        22         0       -12        22         0
        12       -22         0       -25        -2         0        25         2
         0       -25         2         0        25        -2         0       -23
       -10         0        23        10         0       -23        10         0
        23       -10         0       -10       -23         0        10        23
         0       -10        23         0        10       -23         0        -2
       -25         0         2        25         0        -2        25         0
         2       -25         0       -25        -3         0        25         3
         0       -25         3         0        25        -3         0        -3
       -25         0         3        25         0        -3        25         0
         3       -25         0       -21       -14         0        21        14
         0       -21        14         0        21       -14         0       -14
       -21         0        14        21         0       -14        21         0
        14       -21         0       -24        -8         0        24         8
         0       -24         8         0        24        -8         0        -8
       -24         0         8        24         0        -8        24         0
         8       -24         0       -25        -4         0        25         4
         0       -25         4         0        25        -4         0        -4
       -25         0         4        25         0        -4        25         0
         4       -25         0       -18       -18         0        18        18
         0       -18        18         0        18       -18         0       -25
        -5         0        25         5         0       -25         5         0
        25        -5         0       -23       -11         0        23        11
         0       -23        11         0        23       -11         0       -19
       -17         0        19        17         0       -19        17         0
        19       -17         0       -17       -19         0        17        19
         0       -17        19         0        17       -19         0       -11
       -23         0        11        23         0       -11        23         0
        11       -23         0        -5       -25         0         5        25
         0        -5        25         0         5       -25         0       -22
       -13         0        22        13         0       -22        13         0
        22       -13         0       -13       -22         0        13        22
         0       -13        22         0        13       -22         0       -20
       -16         0        20        16         0       -20        16         0
        20       -16         0       -16       -20         0        16        20
         0       -16        20         0        16       -20         0       -24
        -9         0        24         9         0       -24         9         0
        24        -9         0        -9       -24         0         9        24
         0        -9        24         0         9       -24         0       -25
        -6         0        25         6         0       -25         6         0
        25        -6         0        -6       -25         0         6        25
         0        -6        25         0         6       -25         0       -21
       -15         0        21        15         0       -21        15         0
        21       -15         0       -15       -21         0        15        21
         0       -15        21         0        15       -21         0       -23
       -12         0        23        12         0       -23        12         0
        23       -12         0       -12       -23         0        12        23
         0       -12        23         0        12       -23         0       -25
        -7         0        25         7         0       -25         7         0
        25        -7         0        -7       -25         0         7        25
         0        -7        25         0         7       -25         0       -26
         0         0        26         0         0       -24       -10         0
        24        10         0       -24        10         0        24       -10
         0       -10       -24         0        10        24         0       -10
        24         0        10       -24         0         0       -26         0
         0        26         0       -26        -1         0        26         1
         0       -26         1         0        26        -1         0        -1
       -26         0         1        26         0        -1        26         0
         1       -26         0       -26        -2         0        26         2
         0       -26         2         0        26        -2         0       -22
       -14         0        22        14         0       -22        14         0
        22       -14         0       -14       -22         0        14        22
         0       -14        22         0        14       -22         0        -2
       -26         0         2        26         0        -2        26         0
         2       -26         0       -26        -3         0        26         3
         0       -26         3         0        26        -3         0       -19
       -18         0        19        18         0       -19        18         0
        19       -18         0       -18       -19         0        18        19
         0       -18        19         0        18       -19         0        -3
       -26         0         3        26         0        -3        26         0
         3       -26         0       -25        -8         0        25         8
         0       -25         8         0        25        -8         0       -20
       -17         0        20        17         0       -20        17         0
        20       -17         0       -17       -20         0        17        20
         0       -17        20         0        17       -20         0        -8
       -25         0         8        25         0        -8        25         0
         8       -25         0       -26        -4         0        26         4
         0       -26         4         0        26        -4         0        -4
       -26         0         4        26         0        -4        26         0
         4       -26         0       -24       -11         0        24        11
         0       -24        11         0        24       -11         0       -21
       -16         0        21        16         0       -21        16         0
        21       -16         0       -16       -21         0        16        21
         0       -16        21         0        16       -21         0       -11
       -24         0        11        24         0       -11        24         0
        11       -24         0       -23       -13         0        23        13
         0       -23        13         0        23       -13         0       -13
       -23         0        13        23         0       -13        23         0
        13       -23         0       -26        -5         0        26         5
         0       -26         5         0        26        -5         0        -5
       -26         0         5        26         0        -5        26         0
         5       -26         0       -25        -9         0        25         9
         0       -25         9         0        25        -9         0        -9
       -25         0         9        25         0        -9        25         0
         9       -25         0       -22       -15         0        22        15
         0       -22        15         0        22       -15         0       -15
       -22         0        15        22         0       -15        22         0
        15       -22         0       -26        -6         0        26         6
         0       -26         6         0        26        -6         0        -6
       -26         0         6        26         0        -6        26         0
         6       -26         0       -24       -12         0        24        12
         0       -24        12         0        24       -12         0       -12
       -24         0        12        24         0       -12        24         0
        12       -24         0       -19       -19         0        19        19
         0       -19        19         0        19       -19         0       -20
       -18         0        20        18         0       -20        18         0
        20       -18         0       -18       -20         0        18        20
         0       -18        20         0        18       -20         0       -26
        -7         0        26         7         0       -26         7         0
        26        -7         0       -25       -10         0        25        10
         0       -25        10         0        25       -10         0       -23
       -14         0        23        14         0       -23        14         0
        23       -14         0       -14       -23         0        14        23
         0       -14        23         0        14       -23         0       -10
       -25         0        10        25         0       -10        25         0
        10       -25         0        -7       -26         0         7        26
         0        -7        26         0         7       -26         0       -27
         0         0        27         0         0         0       -27         0
         0        27         0       -27        -1         0        27         1
         0       -27         1         0        27        -1         0       -21
       -17         0        21        17         0       -21        17         0
        21       -17         0       -17       -21         0        17        21
         0       -17        21         0        17       -21         0        -1
       -27         0         1        27         0        -1        27         0
         1       -27         0       -27        -2         0        27         2
         0       -27         2         0        27        -2         0        -2
       -27         0         2        27         0        -2        27         0
         2       -27         0       -27        -3         0        27         3
         0       -27         3         0        27        -3         0        -3
       -27         0         3        27         0        -3        27         0
         3       -27         0       -26        -8         0        26         8
         0       -26         8         0        26        -8         0       -22
       -16         0        22        16         0       -22        16         0
        22       -16         0       -16       -22         0        16        22
         0       -16        22         0        16       -22         0        -8
       -26         0         8        26         0        -8        26         0
         8       -26         0       -27        -4         0        27         4
         0       -27         4         0        27        -4         0       -24
       -13         0        24        13         0       -24        13         0
        24       -13         0       -13       -24         0        13        24
         0       -13        24         0        13       -24         0        -4
       -27         0         4        27         0        -4        27         0
         4       -27         0       -25       -11         0        25        11
         0       -25        11         0        25       -11         0       -11
       -25         0        11        25         0       -11        25         0
        11       -25         0       -27        -5         0        27         5
         0       -27         5         0        27        -5         0       -23
       -15         0        23        15         0       -23        15         0
        23       -15         0       -15       -23         0        15        23
         0       -15        23         0        15       -23         0        -5
       -27         0         5        27         0        -5        27         0
         5       -27         0       -26        -9         0        26         9
         0       -26         9         0        26        -9         0        -9
       -26         0         9        26         0        -9        26         0
         9       -26         0       -20       -19         0        20        19
         0       -20        19         0        20       -19         0       -19
       -20         0        19        20         0       -19        20         0
        19       -20         0       -27        -6         0        27         6
         0       -27         6         0        27        -6         0       -21
       -18         0        21        18         0       -21        18         0
        21       -18         0       -18       -21         0        18        21
         0       -18        21         0        18       -21         0        -6
       -27         0         6        27         0        -6        27         0
         6       -27         0       -25       -12         0        25        12
         0       -25        12         0        25       -12         0       -12
       -25         0        12        25         0       -12        25         0
        12       -25         0       -24       -14         0        24        14
         0       -24        14         0        24       -14         0       -14
       -24         0        14        24         0       -14        24         0
        14       -24         0       -22       -17         0        22        17
         0       -22        17         0        22       -17         0       -17
       -22         0        17        22         0       -17        22         0
        17       -22         0       -26       -10         0        26        10
         0       -26        10         0        26       -10         0       -10
       -26         0        10        26         0       -10        26         0
        10       -26         0       -27        -7         0        27         7
         0       -27         7         0        27        -7         0        -7
       -27         0         7        27         0        -7        27         0
         7       -27         0       -28         0         0        28         0
         0         0       -28         0         0        28         0       -28
        -1         0        28         1         0       -28         1         0
        28        -1         0       -23       -16         0        23        16
         0       -23        16         0        23       -16         0       -16
       -23         0        16        23         0       -16        23         0
        16       -23         0        -1       -28         0         1        28
         0        -1        28         0         1       -28         0       -28
        -2         0        28         2         0       -28         2         0
        28        -2         0        -2       -28         0         2        28
         0        -2        28         0         2       -28         0       -28
        -3         0        28         3         0       -28         3         0
        28        -3         0       -27        -8         0        27         8
         0       -27         8         0        27        -8         0        -8
       -27         0         8        27         0        -8        27         0
         8       -27         0        -3       -28         0         3        28
         0        -3        28         0         3       -28         0       -25
       -13         0        25        13         0       -25        13         0
        25       -13         0       -13       -25         0        13        25
         0       -13        25         0        13       -25         0       -26
       -11         0        26        11         0       -26        11         0
        26       -11         0       -11       -26         0        11        26
         0       -11        26         0        11       -26         0       -28
        -4         0        28         4         0       -28         4         0
        28        -4         0       -20       -20         0        20        20
         0       -20        20         0        20       -20         0        -4
       -28         0         4        28         0        -4        28         0
         4       -28         0       -24       -15         0        24        15
         0       -24        15         0        24       -15         0       -15
       -24         0        15        24         0       -15        24         0
        15       -24         0       -21       -19         0        21        19
         0       -21        19         0        21       -19         0       -19
       -21         0        19        21         0       -19        21         0
        19       -21         0       -22       -18         0        22        18
         0       -22        18         0        22       -18         0       -18
       -22         0        18        22         0       -18        22         0
        18       -22         0       -28        -5         0        28         5
         0       -28         5         0        28        -5         0        -5
       -28         0         5        28         0        -5        28         0
         5       -28         0       -27        -9         0        27         9
         0       -27         9         0        27        -9         0        -9
       -27         0         9        27         0        -9        27         0
         9       -27         0       -23       -17         0        23        17
         0       -23        17         0        23       -17         0       -17
       -23         0        17        23         0       -17        23         0
        17       -23         0       -28        -6         0        28         6
         0       -28         6         0        28        -6         0       -26
       -12         0        26        12         0       -26        12         0
        26       -12         0       -12       -26         0        12        26
         0       -12        26         0        12       -26         0        -6
       -28         0         6        28         0        -6        28         0
         6       -28         0       -25       -14         0        25        14
         0       -25        14         0        25       -14         0       -14
       -25         0        14        25         0       -14        25         0
        14       -25         0       -27       -10         0        27        10
         0       -27        10         0        27       -10         0       -10
       -27         0        10        27         0       -10        27         0
        10       -27         0       -24       -16         0        24        16
         0       -24        16         0        24       -16         0       -16
       -24         0        16        24         0       -16        24         0
        16       -24         0       -28        -7         0        28         7
         0       -28         7         0        28        -7         0        -7
       -28         0         7        28         0        -7        28         0
         7       -28         0       -29         0         0        29         0
         0       -21       -20         0        21        20         0       -21
        20         0        21       -20         0       -20       -21         0
        20        21         0       -20        21         0        20       -21
         0         0       -29         0         0        29         0       -29
        -1         0        29         1         0       -29         1         0
        29        -1         0        -1       -29         0         1        29
         0        -1        29         0         1       -29         0       -29
        -2         0        29         2         0       -29         2         0
        29        -2         0       -26       -13         0        26        13
         0       -26        13         0        26       -13         0       -22
       -19         0        22        19         0       -22        19         0
        22       -19         0       -19       -22         0        19        22
         0       -19        22         0        19       -22         0       -13
       -26         0        13        26         0       -13        26         0
        13       -26         0        -2       -29         0         2        29
         0        -2        29         0         2       -29         0       -28
        -8         0        28         8         0       -28         8         0
        28        -8         0        -8       -28         0         8        28
         0        -8        28         0         8       -28         0       -29
        -3         0        29         3         0       -29         3         0
        29        -3         0       -27       -11         0        27        11
         0       -27        11         0        27       -11         0       -25
       -15         0        25        15         0       -25        15         0
        25       -15         0       -15       -25         0        15        25
         0       -15        25         0        15       -25         0       -11
       -27         0        11        27         0       -11        27         0
        11       -27         0        -3       -29         0         3        29
         0        -3        29         0         3       -29         0       -23
       -18         0        23        18         0       -23        18         0
        23       -18         0       -18       -23         0        18        23
         0       -18        23         0        18       -23         0       -29
        -4         0        29         4         0       -29         4         0
        29        -4         0        -4       -29         0         4        29
         0        -4        29         0         4       -29         0       -28
        -9         0        28         9         0       -28         9         0
        28        -9         0       -24       -17         0        24        17
         0       -24        17         0        24       -17         0       -17
       -24         0        17        24         0       -17        24         0
        17       -24         0        -9       -28         0         9        28
         0        -9        28         0         9       -28         0       -29
        -5         0        29         5         0       -29         5         0
        29        -5         0        -5       -29         0         5        29
         0        -5        29         0         5       -29         0       -26
       -14         0        26        14         0       -26        14         0
        26       -14         0       -14       -26         0        14        26
         0       -14        26         0        14       -26         0       -27
       -12         0        27        12         0       -27        12         0
        27       -12         0       -12       -27         0        12        27
         0       -12        27         0        12       -27         0       -29
        -6         0        29         6         0       -29         6         0
        29        -6         0        -6       -29         0         6        29
         0        -6        29         0         6       -29         0       -25
       -16         0        25        16         0       -25        16         0
        25       -16         0       -16       -25         0        16        25
         0       -16        25         0        16       -25         0       -21
       -21         0        21        21         0       -21        21         0
        21       -21         0       -28       -10         0        28        10
         0       -28        10         0        28       -10         0       -22
       -20         0        22        20         0       -22        20         0
        22       -20         0       -20       -22         0        20        22
         0       -20        22         0        20       -22         0       -10
       -28         0        10        28         0       -10        28         0
        10       -28         0       -29        -7         0        29         7
         0       -29         7         0        29        -7         0       -23
       -19         0        23        19         0       -23        19         0
        23       -19         0       -19       -23         0        19        23
         0       -19        23         0        19       -23         0        -7
       -29         0         7        29         0        -7        29         0
         7       -29         0       -27       -13         0        27        13
         0       -27        13         0        27       -13         0       -13
       -27         0        13        27         0       -13        27         0
        13       -27         0       -30         0         0        30         0
         0       -24       -18         0        24        18         0       -24
        18         0        24       -18         0       -18       -24         0
        18        24         0       -18        24         0        18       -24
         0         0       -30         0         0        30         0       -30
        -1         0        30         1         0       -30         1         0
        30        -1         0       -26       -15         0        26        15
         0       -26        15         0        26       -15         0       -15
       -26         0        15        26         0       -15        26         0
        15       -26         0        -1       -30         0         1        30
         0        -1        30         0         1       -30         0       -30
        -2         0        30         2         0       -30         2         0
        30        -2         0        -2       -30         0         2        30
         0        -2        30         0         2       -30         0       -29
        -8         0        29         8         0       -29         8         0
        29        -8         0       -28       -11         0        28        11
         0       -28        11         0        28       -11         0       -11
       -28         0        11        28         0       -11        28         0
        11       -28         0        -8       -29         0         8        29
         0        -8        29         0         8       -29         0       -30
        -3         0        30         3         0       -30         3         0
        30        -3         0        -3       -30         0         3        30
         0        -3        30         0         3       -30         0       -25
       -17         0        25        17         0       -25        17         0
        25       -17         0       -17       -25         0        17        25
         0       -17        25         0        17       -25         0       -30
        -4         0        30         4         0       -30         4         0
        30        -4         0        -4       -30         0         4        30
         0        -4        30         0         4       -30         0       -29
        -9         0        29         9         0       -29         9         0
        29        -9         0        -9       -29         0         9        29
         0        -9        29         0         9       -29         0       -30
        -5         0        30         5         0       -30         5         0
        30        -5         0       -27       -14         0        27        14
         0       -27        14         0        27       -14         0       -22
       -21         0        22        21         0       -22        21         0
        22       -21         0       -21       -22         0        21        22
         0       -21        22         0        21       -22         0       -14
       -27         0        14        27         0       -14        27         0
        14       -27         0        -5       -30         0         5        30
         0        -5        30         0         5       -30         0       -28
       -12         0        28        12         0       -28        12         0
        28       -12         0       -12       -28         0        12        28
         0       -12        28         0        12       -28         0       -23
       -20         0        23        20         0       -23        20         0
        23       -20         0       -20       -23         0        20        23
         0       -20        23         0        20       -23         0       -26
       -16         0        26        16         0       -26        16         0
        26       -16         0       -16       -26         0        16        26
         0       -16        26         0        16       -26         0       -30
        -6         0        30         6         0       -30         6         0
        30        -6         0        -6       -30         0         6        30
         0        -6        30         0         6       -30         0       -24
       -19         0        24        19         0       -24        19         0
        24       -19         0       -19       -24         0        19        24
         0       -19        24         0        19       -24         0       -29
       -10         0        29        10         0       -29        10         0
        29       -10         0       -10       -29         0        10        29
         0       -10        29         0        10       -29         0       -30
        -7         0        30         7         0       -30         7         0
        30        -7         0       -25       -18         0        25        18
         0       -25        18         0        25       -18         0       -18
       -25         0        18        25         0       -18        25         0
        18       -25         0        -7       -30         0         7        30
         0        -7        30         0         7       -30         0       -28
       -13         0        28        13         0       -28        13         0
        28       -13         0       -13       -28         0        13        28
         0       -13        28         0        13       -28         0       -27
       -15         0        27        15         0       -27        15         0
        27       -15         0       -15       -27         0        15        27
         0       -15        27         0        15       -27         0       -31
         0         0        31         0         0         0       -31         0
         0        31         0       -31        -1         0        31         1
         0       -31         1         0        31        -1         0       -29
       -11         0        29        11         0       -29        11         0
        29       -11         0       -11       -29         0        11        29
         0       -11        29         0        11       -29         0        -1
       -31         0         1        31         0        -1        31         0
         1       -31         0       -30        -8         0        30         8
         0       -30         8         0        30        -8         0        -8
       -30         0         8        30         0        -8        30         0
         8       -30         0       -31        -2         0        31         2
         0       -31         2         0        31        -2         0       -26
       -17         0        26        17         0       -26        17         0
        26       -17         0       -17       -26         0        17        26
         0       -17        26         0        17       -26         0        -2
       -31         0         2        31         0        -2        31         0
         2       -31         0       -22       -22         0        22        22
         0       -22        22         0        22       -22         0       -31
        -3         0        31         3         0       -31         3         0
        31        -3         0       -23       -21         0        23        21
         0       -23        21         0        23       -21         0       -21
       -23         0        21        23         0       -21        23         0
        21       -23         0        -3       -31         0         3        31
         0        -3        31         0         3       -31         0       -24
       -20         0        24        20         0       -24        20         0
        24       -20         0       -20       -24         0        20        24
         0       -20        24         0        20       -24         0       -31
        -4         0        31         4         0       -31         4         0
        31        -4         0        -4       -31         0         4        31
         0        -4        31         0         4       -31         0       -28
       -14         0        28        14         0       -28        14         0
        28       -14         0       -14       -28         0        14        28
         0       -14        28         0        14       -28         0       -30
        -9         0        30         9         0       -30         9         0
        30        -9         0        -9       -30         0         9        30
         0        -9        30         0         9       -30         0       -29
       -12         0        29        12         0       -29        12         0
        29       -12         0       -27       -16         0        27        16
         0       -27        16         0        27       -16         0       -16
       -27         0        16        27         0       -16        27         0
        16       -27         0       -12       -29         0        12        29
         0       -12        29         0        12       -29         0       -31
        -5         0        31         5         0       -31         5         0
        31        -5         0       -25       -19         0        25        19
         0       -25        19         0        25       -19         0       -19
       -25         0        19        25         0       -19        25         0
        19       -25         0        -5       -31         0         5        31
         0        -5        31         0         5       -31         0       -31
        -6         0        31         6         0       -31         6         0
        31        -6         0        -6       -31         0         6        31
         0        -6        31         0         6       -31         0       -30
       -10         0        30        10         0       -30        10         0
        30       -10         0       -26       -18         0        26        18
         0       -26        18         0        26       -18         0       -18
       -26         0        18        26         0       -18        26         0
        18       -26         0       -10       -30         0        10        30
         0       -10        30         0        10       -30         0       -28
       -15         0        28        15         0       -28        15         0
        28       -15         0       -15       -28         0        15        28
         0       -15        28         0        15       -28         0       -31
        -7         0        31         7         0       -31         7         0
        31        -7         0       -29       -13         0        29        13
         0       -29        13         0        29       -13         0       -13
       -29         0        13        29         0       -13        29         0
        13       -29         0        -7       -31         0         7        31
         0        -7        31         0         7       -31         0       -23
       -22         0        23        22         0       -23        22         0
        23       -22         0       -22       -23         0        22        23
         0       -22        23         0        22       -23         0       -24
       -21         0        24        21         0       -24        21         0
        24       -21         0       -21       -24         0        21        24
         0       -21        24         0        21       -24         0       -27
       -17         0        27        17         0       -27        17         0
        27       -17         0       -17       -27         0        17        27
         0       -17        27         0        17       -27         0       -30
       -11         0        30        11         0       -30        11         0
        30       -11         0       -11       -30         0        11        30
         0       -11        30         0        11       -30         0       -32
         0         0        32         0         0         0       -32         0
         0        32         0       -32        -1         0        32         1
         0       -32         1         0        32        -1         0       -31
        -8         0        31         8         0       -31         8         0
        31        -8         0       -25       -20         0        25        20
         0       -25        20         0        25       -20         0       -20
       -25         0        20        25         0       -20        25         0
        20       -25         0        -8       -31         0         8        31
         0        -8        31         0         8       -31         0        -1
       -32         0         1        32         0        -1        32         0
         1       -32         0       -32        -2         0        32         2
         0       -32         2         0        32        -2         0        -2
       -32         0         2        32         0        -2        32         0
         2       -32         0       -32        -3         0        32         3
         0       -32         3         0        32        -3         0        -3
       -32         0         3        32         0        -3        32         0
         3       -32         0       -29       -14         0        29        14
         0       -29        14         0        29       -14         0       -26
       -19         0        26        19         0       -26        19         0
        26       -19         0       -19       -26         0        19        26
         0       -19        26         0        19       -26         0       -14
       -29         0        14        29         0       -14        29         0
        14       -29         0       -32        -4         0        32         4
         0       -32         4         0        32        -4         0       -28
       -16         0        28        16         0       -28        16         0
        28       -16         0       -16       -28         0        16        28
         0       -16        28         0        16       -28         0        -4
       -32         0         4        32         0        -4        32         0
         4       -32         0       -31        -9         0        31         9
         0       -31         9         0        31        -9         0        -9
       -31         0         9        31         0        -9        31         0
         9       -31         0       -30       -12         0        30        12
         0       -30        12         0        30       -12         0       -12
       -30         0        12        30         0       -12        30         0
        12       -30         0       -32        -5         0        32         5
         0       -32         5         0        32        -5         0        -5
       -32         0         5        32         0        -5        32         0
         5       -32         0       -27       -18         0        27        18
         0       -27        18         0        27       -18         0       -18
       -27         0        18        27         0       -18        27         0
        18       -27         0       -23       -23         0        23        23
         0       -23        23         0        23       -23         0       -32
        -6         0        32         6         0       -32         6         0
        32        -6         0       -24       -22         0        24        22
         0       -24        22         0        24       -22         0       -22
       -24         0        22        24         0       -22        24         0
        22       -24         0        -6       -32         0         6        32
         0        -6        32         0         6       -32         0       -31
       -10         0        31        10         0       -31        10         0
        31       -10         0       -10       -31         0        10        31
         0       -10        31         0        10       -31         0       -29
       -15         0        29        15         0       -29        15         0
        29       -15         0       -25       -21         0        25        21
         0       -25        21         0        25       -21         0       -21
       -25         0        21        25         0       -21        25         0
        21       -25         0       -15       -29         0        15        29
         0       -15        29         0        15       -29         0       -30
       -13         0        30        13         0       -30        13         0
        30       -13         0       -13       -30         0        13        30
         0       -13        30         0        13       -30         0       -32
        -7         0        32         7         0       -32         7         0
        32        -7         0       -28       -17         0        28        17
         0       -28        17         0        28       -17         0       -17
       -28         0        17        28         0       -17        28         0
        17       -28         0        -7       -32         0         7        32
         0        -7        32         0         7       -32         0       -26
       -20         0        26        20         0       -26        20         0
        26       -20         0       -20       -26         0        20        26
         0       -20        26         0        20       -26         0       -31
       -11         0        31        11         0       -31        11         0
        31       -11         0       -11       -31         0        11        31
         0       -11        31         0        11       -31         0       -32
        -8         0        32         8         0       -32         8         0
        32        -8         0        -8       -32         0         8        32
         0        -8        32         0         8       -32         0       -33
         0         0        33         0         0         0       -33         0
         0        33         0       -33        -1         0        33         1
         0       -33         1         0        33        -1         0       -27
       -19         0        27        19         0       -27        19         0
        27       -19         0       -19       -27         0        19        27
         0       -19        27         0        19       -27         0        -1
       -33         0         1        33         0        -1        33         0
         1       -33         0       -33        -2         0        33         2
         0       -33         2         0        33        -2         0        -2
       -33         0         2        33         0        -2        33         0
         2       -33         0       -30       -14         0        30        14
         0       -30        14         0        30       -14         0       -14
       -30         0        14        30         0       -14        30         0
        14       -30         0       -29       -16         0        29        16
         0       -29        16         0        29       -16         0       -16
       -29         0        16        29         0       -16        29         0
        16       -29         0       -33        -3         0        33         3
         0       -33         3         0        33        -3         0        -3
       -33         0         3        33         0        -3        33         0
         3       -33         0       -33        -4         0        33         4
         0       -33         4         0        33        -4         0       -32
        -9         0        32         9         0       -32         9         0
        32        -9         0       -31       -12         0        31        12
         0       -31        12         0        31       -12         0       -24
       -23         0        24        23         0       -24        23         0
        24       -23         0       -23       -24         0        23        24
         0       -23        24         0        23       -24         0       -12
       -31         0        12        31         0       -12        31         0
        12       -31         0        -9       -32         0         9        32
         0        -9        32         0         9       -32         0        -4
       -33         0         4        33         0        -4        33         0
         4       -33         0       -28       -18         0        28        18
         0       -28        18         0        28       -18         0       -18
       -28         0        18        28         0       -18        28         0
        18       -28         0       -25       -22         0        25        22
         0       -25        22         0        25       -22         0       -22
       -25         0        22        25         0       -22        25         0
        22       -25         0       -33        -5         0        33         5
         0       -33         5         0        33        -5         0        -5
       -33         0         5        33         0        -5        33         0
         5       -33         0       -26       -21         0        26        21
         0       -26        21         0        26       -21         0       -21
       -26         0        21        26         0       -21        26         0
        21       -26         0       -32       -10         0        32        10
         0       -32        10         0        32       -10         0       -10
       -32         0        10        32         0       -10        32         0
        10       -32         0       -33        -6         0        33         6
         0       -33         6         0        33        -6         0       -30
       -15         0        30        15         0       -30        15         0
        30       -15         0       -15       -30         0        15        30
         0       -15        30         0        15       -30         0        -6
       -33         0         6        33         0        -6        33         0
         6       -33         0       -27       -20         0        27        20
         0       -27        20         0        27       -20         0       -20
       -27         0        20        27         0       -20        27         0
        20       -27         0       -31       -13         0        31        13
         0       -31        13         0        31       -13         0       -29
       -17         0        29        17         0       -29        17         0
        29       -17         0       -17       -29         0        17        29
         0       -17        29         0        17       -29         0       -13
       -31         0        13        31         0       -13        31         0
        13       -31         0       -33        -7         0        33         7
         0       -33         7         0        33        -7         0        -7
       -33         0         7        33         0        -7        33         0
         7       -33         0       -32       -11         0        32        11
         0       -32        11         0        32       -11         0       -28
       -19         0        28        19         0       -28        19         0
        28       -19         0       -19       -28         0        19        28
         0       -19        28         0        19       -28         0       -11
       -32         0        11        32         0       -11        32         0
        11       -32         0       -24       -24         0        24        24
         0       -24        24         0        24       -24         0       -33
        -8         0        33         8         0       -33         8         0
        33        -8         0        -8       -33         0         8        33
         0        -8        33         0         8       -33         0       -25
       -23         0        25        23         0       -25        23         0
        25       -23         0       -23       -25         0        23        25
         0       -23        25         0        23       -25         0       -34
         0         0        34         0         0       -30       -16         0
        30        16         0       -30        16         0        30       -16
         0       -16       -30         0        16        30         0       -16
        30         0        16       -30         0         0       -34         0
         0        34         0       -34        -1         0        34         1
         0       -34         1         0        34        -1         0       -31
       -14         0        31        14         0       -31        14         0
        31       -14         0       -14       -31         0        14        31
         0       -14        31         0        14       -31         0        -1
       -34         0         1        34         0        -1        34         0
         1       -34         0       -34        -2         0        34         2
         0       -34         2         0        34        -2         0       -26
       -22         0        26        22         0       -26        22         0
        26       -22         0       -22       -26         0        22        26
         0       -22        26         0        22       -26         0        -2
       -34         0         2        34         0        -2        34         0
         2       -34         0       -34        -3         0        34         3
         0       -34         3         0        34        -3         0       -29
       -18         0        29        18         0       -29        18         0
        29       -18         0       -18       -29         0        18        29
         0       -18        29         0        18       -29         0        -3
       -34         0         3        34         0        -3        34         0
         3       -34         0       -32       -12         0        32        12
         0       -32        12         0        32       -12         0       -12
       -32         0        12        32         0       -12        32         0
        12       -32         0       -33        -9         0        33         9
         0       -33         9         0        33        -9         0       -27
       -21         0        27        21         0       -27        21         0
        27       -21         0       -21       -27         0        21        27
         0       -21        27         0        21       -27         0        -9
       -33         0         9        33         0        -9        33         0
         9       -33         0       -34        -4         0        34         4
         0       -34         4         0        34        -4         0        -4
       -34         0         4        34         0        -4        34         0
         4       -34         0       -34        -5         0        34         5
         0       -34         5         0        34        -5         0        -5
       -34         0         5        34         0        -5        34         0
         5       -34         0       -28       -20         0        28        20
         0       -28        20         0        28       -20         0       -20
       -28         0        20        28         0       -20        28         0
        20       -28         0       -31       -15         0        31        15
         0       -31        15         0        31       -15         0       -15
       -31         0        15        31         0       -15        31         0
        15       -31         0       -33       -10         0        33        10
         0       -33        10         0        33       -10         0       -30
       -17         0        30        17         0       -30        17         0
        30       -17         0       -17       -30         0        17        30
         0       -17        30         0        17       -30         0       -10
       -33         0        10        33         0       -10        33         0
        10       -33         0       -34        -6         0        34         6
         0       -34         6         0        34        -6         0        -6
       -34         0         6        34         0        -6        34         0
         6       -34         0       -32       -13         0        32        13
         0       -32        13         0        32       -13         0       -13
       -32         0        13        32         0       -13        32         0
        13       -32         0       -25       -24         0        25        24
         0       -25        24         0        25       -24         0       -24
       -25         0        24        25         0       -24        25         0
        24       -25         0       -29       -19         0        29        19
         0       -29        19         0        29       -19         0       -19
       -29         0        19        29         0       -19        29         0
        19       -29         0       -34        -7         0        34         7
         0       -34         7         0        34        -7         0       -26
       -23         0        26        23         0       -26        23         0
        26       -23         0       -23       -26         0        23        26
         0       -23        26         0        23       -26         0        -7
       -34         0         7        34         0        -7        34         0
         7       -34         0       -33       -11         0        33        11
         0       -33        11         0        33       -11         0       -11
       -33         0        11        33         0       -11        33         0
        11       -33         0       -27       -22         0        27        22
         0       -27        22         0        27       -22         0       -22
       -27         0        22        27         0       -22        27         0
        22       -27         0       -31       -16         0        31        16
         0       -31        16         0        31       -16         0       -16
       -31         0        16        31         0       -16        31         0
        16       -31         0       -34        -8         0        34         8
         0       -34         8         0        34        -8         0       -32
       -14         0        32        14         0       -32        14         0
        32       -14         0       -14       -32         0        14        32
         0       -14        32         0        14       -32         0        -8
       -34         0         8        34         0        -8        34         0
         8       -34         0       -30       -18         0        30        18
         0       -30        18         0        30       -18         0       -18
       -30         0        18        30         0       -18        30         0
        18       -30         0       -35         0         0        35         0
         0       -28       -21         0        28        21         0       -28
        21         0        28       -21         0       -21       -28         0
        21        28         0       -21        28         0        21       -28
         0         0       -35         0         0        35         0       -35
        -1         0        35         1         0       -35         1         0
        35        -1         0        -1       -35         0         1        35
         0        -1        35         0         1       -35         0       -35
        -2         0        35         2         0       -35         2         0
        35        -2         0        -2       -35         0         2        35
         0        -2        35         0         2       -35         0       -33
       -12         0        33        12         0       -33        12         0
        33       -12         0       -12       -33         0        12        33
         0       -12        33         0        12       -33         0       -35
        -3         0        35         3         0       -35         3         0
        35        -3         0        -3       -35         0         3        35
         0        -3        35         0         3       -35         0       -34
        -9         0        34         9         0       -34         9         0
        34        -9         0        -9       -34         0         9        34
         0        -9        34         0         9       -34         0       -35
        -4         0        35         4         0       -35         4         0
        35        -4         0       -29       -20         0        29        20
         0       -29        20         0        29       -20         0       -20
       -29         0        20        29         0       -20        29         0
        20       -29         0        -4       -35         0         4        35
         0        -4        35         0         4       -35         0       -32
       -15         0        32        15         0       -32        15         0
        32       -15         0       -15       -32         0        15        32
         0       -15        32         0        15       -32         0       -35
        -5         0        35         5         0       -35         5         0
        35        -5         0       -31       -17         0        31        17
         0       -31        17         0        31       -17         0       -25
       -25         0        25        25         0       -25        25         0
        25       -25         0       -17       -31         0        17        31
         0       -17        31         0        17       -31         0        -5
       -35         0         5        35         0        -5        35         0
         5       -35         0       -26       -24         0        26        24
         0       -26        24         0        26       -24         0       -24
       -26         0        24        26         0       -24        26         0
        24       -26         0       -34       -10         0        34        10
         0       -34        10         0        34       -10         0       -10
       -34         0        10        34         0       -10        34         0
        10       -34         0       -33       -13         0        33        13
         0       -33        13         0        33       -13         0       -27
       -23         0        27        23         0       -27        23         0
        27       -23         0       -23       -27         0        23        27
         0       -23        27         0        23       -27         0       -13
       -33         0        13        33         0       -13        33         0
        13       -33         0       -35        -6         0        35         6
         0       -35         6         0        35        -6         0       -30
       -19         0        30        19         0       -30        19         0
        30       -19         0       -19       -30         0        19        30
         0       -19        30         0        19       -30         0        -6
       -35         0         6        35         0        -6        35         0
         6       -35         0       -28       -22         0        28        22
         0       -28        22         0        28       -22         0       -22
       -28         0        22        28         0       -22        28         0
        22       -28         0       -35        -7         0        35         7
         0       -35         7         0        35        -7         0        -7
       -35         0         7        35         0        -7        35         0
         7       -35         0       -34       -11         0        34        11
         0       -34        11         0        34       -11         0       -11
       -34         0        11        34         0       -11        34         0
        11       -34         0       -32       -16         0        32        16
         0       -32        16         0        32       -16         0       -16
       -32         0        16        32         0       -16        32         0
        16       -32         0       -29       -21         0        29        21
         0       -29        21         0        29       -21         0       -21
       -29         0        21        29         0       -21        29         0
        21       -29         0       -33       -14         0        33        14
         0       -33        14         0        33       -14         0       -31
       -18         0        31        18         0       -31        18         0
        31       -18         0       -18       -31         0        18        31
         0       -18        31         0        18       -31         0       -14
       -33         0        14        33         0       -14        33         0
        14       -33         0       -35        -8         0        35         8
         0       -35         8         0        35        -8         0        -8
       -35         0         8        35         0        -8        35         0
         8       -35         0       -36         0         0        36         0
         0         0       -36         0         0        36         0       -36
        -1         0        36         1         0       -36         1         0
        36        -1         0        -1       -36         0         1        36
         0        -1        36         0         1       -36         0       -36
        -2         0        36         2         0       -36         2         0
        36        -2         0       -34       -12         0        34        12
         0       -34        12         0        34       -12         0       -30
       -20         0        30        20         0       -30        20         0
        30       -20         0       -20       -30         0        20        30
         0       -20        30         0        20       -30         0       -12
       -34         0        12        34         0       -12        34         0
        12       -34         0        -2       -36         0         2        36
         0        -2        36         0         2       -36         0       -26
       -25         0        26        25         0       -26        25         0
        26       -25         0       -25       -26         0        25        26
         0       -25        26         0        25       -26         0       -36
        -3         0        36         3         0       -36         3         0
        36        -3         0       -27       -24         0        27        24
         0       -27        24         0        27       -24         0       -24
       -27         0        24        27         0       -24        27         0
        24       -27         0        -3       -36         0         3        36
         0        -3        36         0         3       -36         0       -35
        -9         0        35         9         0       -35         9         0
        35        -9         0        -9       -35         0         9        35
         0        -9        35         0         9       -35         0       -36
        -4         0        36         4         0       -36         4         0
        36        -4         0        -4       -36         0         4        36
         0        -4        36         0         4       -36         0       -32
       -17         0        32        17         0       -32        17         0
        32       -17         0       -28       -23         0        28        23
         0       -28        23         0        28       -23         0       -23
       -28         0        23        28         0       -23        28         0
        23       -28         0       -17       -32         0        17        32
         0       -17        32         0        17       -32         0       -33
       -15         0        33        15         0       -33        15         0
        33       -15         0       -15       -33         0        15        33
         0       -15        33         0        15       -33         0       -36
        -5         0        36         5         0       -36         5         0
        36        -5         0        -5       -36         0         5        36
         0        -5        36         0         5       -36         0       -31
       -19         0        31        19         0       -31        19         0
        31       -19         0       -19       -31         0        19        31
         0       -19        31         0        19       -31         0       -35
       -10         0        35        10         0       -35        10         0
        35       -10         0       -34       -13         0        34        13
         0       -34        13         0        34       -13         0       -29
       -22         0        29        22         0       -29        22         0
        29       -22         0       -22       -29         0        22        29
         0       -22        29         0        22       -29         0       -13
       -34         0        13        34         0       -13        34         0
        13       -34         0       -10       -35         0        10        35
         0       -10        35         0        10       -35         0       -36
        -6         0        36         6         0       -36         6         0
        36        -6         0        -6       -36         0         6        36
         0        -6        36         0         6       -36         0       -30
       -21         0        30        21         0       -30        21         0
        30       -21         0       -21       -30         0        21        30
         0       -21        30         0        21       -30         0       -36
        -7         0        36         7         0       -36         7         0
        36        -7         0       -33       -16         0        33        16
         0       -33        16         0        33       -16         0       -16
       -33         0        16        33         0       -16        33         0
        16       -33         0        -7       -36         0         7        36
         0        -7        36         0         7       -36         0       -35
       -11         0        35        11         0       -35        11         0
        35       -11         0       -11       -35         0        11        35
         0       -11        35         0        11       -35         0       -32
       -18         0        32        18         0       -32        18         0
        32       -18         0       -18       -32         0        18        32
         0       -18        32         0        18       -32         0       -34
       -14         0        34        14         0       -34        14         0
        34       -14         0       -26       -26         0        26        26
         0       -26        26         0        26       -26         0       -14
       -34         0        14        34         0       -14        34         0
        14       -34         0       -27       -25         0        27        25
         0       -27        25         0        27       -25         0       -25
       -27         0        25        27         0       -25        27         0
        25       -27         0       -36        -8         0        36         8
         0       -36         8         0        36        -8         0       -28
       -24         0        28        24         0       -28        24         0
        28       -24         0       -24       -28         0        24        28
         0       -24        28         0        24       -28         0        -8
       -36         0         8        36         0        -8        36         0
         8       -36         0       -31       -20         0        31        20
         0       -31        20         0        31       -20         0       -20
       -31         0        20        31         0       -20        31         0
        20       -31         0       -37         0         0        37         0
         0       -35       -12         0        35        12         0       -35
        12         0        35       -12         0       -12       -35         0
        12        35         0       -12        35         0        12       -35
         0         0       -37         0         0        37         0       -37
        -1         0        37         1         0       -37         1         0
        37        -1         0       -29       -23         0        29        23
         0       -29        23         0        29       -23         0       -23
       -29         0        23        29         0       -23        29         0
        23       -29         0        -1       -37         0         1        37
         0        -1        37         0         1       -37         0       -37
        -2         0        37         2         0       -37         2         0
        37        -2         0        -2       -37         0         2        37
         0        -2        37         0         2       -37         0       -36
        -9         0        36         9         0       -36         9         0
        36        -9         0        -9       -36         0         9        36
         0        -9        36         0         9       -36         0       -37
        -3         0        37         3         0       -37         3         0
        37        -3         0       -33       -17         0        33        17
         0       -33        17         0        33       -17         0       -17
       -33         0        17        33         0       -17        33         0
        17       -33         0        -3       -37         0         3        37
         0        -3        37         0         3       -37         0       -34
       -15         0        34        15         0       -34        15         0
        34       -15         0       -15       -34         0        15        34
         0       -15        34         0        15       -34         0       -30
       -22         0        30        22         0       -30        22         0
        30       -22         0       -22       -30         0        22        30
         0       -22        30         0        22       -30         0       -37
        -4         0        37         4         0       -37         4         0
        37        -4         0       -32       -19         0        32        19
         0       -32        19         0        32       -19         0       -19
       -32         0        19        32         0       -19        32         0
        19       -32         0        -4       -37         0         4        37
         0        -4        37         0         4       -37         0       -37
        -5         0        37         5         0       -37         5         0
        37        -5         0       -35       -13         0        35        13
         0       -35        13         0        35       -13         0       -13
       -35         0        13        35         0       -13        35         0
        13       -35         0        -5       -37         0         5        37
         0        -5        37         0         5       -37         0       -36
       -10         0        36        10         0       -36        10         0
        36       -10         0       -10       -36         0        10        36
         0       -10        36         0        10       -36         0       -31
       -21         0        31        21         0       -31        21         0
        31       -21         0       -21       -31         0        21        31
         0       -21        31         0        21       -31         0       -37
        -6         0        37         6         0       -37         6         0
        37        -6         0       -27       -26         0        27        26
         0       -27        26         0        27       -26         0       -26
       -27         0        26        27         0       -26        27         0
        26       -27         0        -6       -37         0         6        37
         0        -6        37         0         6       -37         0       -28
       -25         0        28        25         0       -28        25         0
        28       -25         0       -25       -28         0        25        28
         0       -25        28         0        25       -28         0       -34
       -16         0        34        16         0       -34        16         0
        34       -16         0       -16       -34         0        16        34
         0       -16        34         0        16       -34         0       -33
       -18         0        33        18         0       -33        18         0
        33       -18         0       -18       -33         0        18        33
         0       -18        33         0        18       -33         0       -36
       -11         0        36        11         0       -36        11         0
        36       -11         0       -29       -24         0        29        24
         0       -29        24         0        29       -24         0       -24
       -29         0        24        29         0       -24        29         0
        24       -29         0       -11       -36         0        11        36
         0       -11        36         0        11       -36         0       -37
        -7         0        37         7         0       -37         7         0
        37        -7         0        -7       -37         0         7        37
         0        -7        37         0         7       -37         0       -35
       -14         0        35        14         0       -35        14         0
        35       -14         0       -14       -35         0        14        35
         0       -14        35         0        14       -35         0       -32
       -20         0        32        20         0       -32        20         0
        32       -20         0       -20       -32         0        20        32
         0       -20        32         0        20       -32         0       -30
       -23         0        30        23         0       -30        23         0
        30       -23         0       -23       -30         0        23        30
         0       -23        30         0        23       -30         0       -37
        -8         0        37         8         0       -37         8         0
        37        -8         0        -8       -37         0         8        37
         0        -8        37         0         8       -37         0       -36
       -12         0        36        12         0       -36        12         0
        36       -12         0       -12       -36         0        12        36
         0       -12        36         0        12       -36         0       -38
         0         0        38         0         0         0       -38         0
         0        38         0       -38        -1         0        38         1
         0       -38         1         0        38        -1         0       -34
       -17         0        34        17         0       -34        17         0
        34       -17         0       -31       -22         0        31        22
         0       -31        22         0        31       -22         0       -22
       -31         0        22        31         0       -22        31         0
        22       -31         0       -17       -34         0        17        34
         0       -17        34         0        17       -34         0        -1
       -38         0         1        38         0        -1        38         0
         1       -38         0       -38        -2         0        38         2
         0       -38         2         0        38        -2         0        -2
       -38         0         2        38         0        -2        38         0
         2       -38         0       -37        -9         0        37         9
         0       -37         9         0        37        -9         0       -35
       -15         0        35        15         0       -35        15         0
        35       -15         0       -33       -19         0        33        19
         0       -33        19         0        33       -19         0       -19
       -33         0        19        33         0       -19        33         0
        19       -33         0       -15       -35         0        15        35
         0       -15        35         0        15       -35         0        -9
       -37         0         9        37         0        -9        37         0
         9       -37         0       -38        -3         0        38         3
         0       -38         3         0        38        -3         0        -3
       -38         0         3        38         0        -3        38         0
         3       -38         0       -27       -27         0        27        27
         0       -27        27         0        27       -27         0       -38
        -4         0        38         4         0       -38         4         0
        38        -4         0       -28       -26         0        28        26
         0       -28        26         0        28       -26         0       -26
       -28         0        26        28         0       -26        28         0
        26       -28         0        -4       -38         0         4        38
         0        -4        38         0         4       -38         0       -36
       -13         0        36        13         0       -36        13         0
        36       -13         0       -32       -21         0        32        21
         0       -32        21         0        32       -21         0       -21
       -32         0        21        32         0       -21        32         0
        21       -32         0       -13       -36         0        13        36
         0       -13        36         0        13       -36         0       -29
       -25         0        29        25         0       -29        25         0
        29       -25         0       -25       -29         0        25        29
         0       -25        29         0        25       -29         0       -38
        -5         0        38         5         0       -38         5         0
        38        -5         0       -37       -10         0        37        10
         0       -37        10         0        37       -10         0       -10
       -37         0        10        37         0       -10        37         0
        10       -37         0        -5       -38         0         5        38
         0        -5        38         0         5       -38         0       -30
       -24         0        30        24         0       -30        24         0
        30       -24         0       -24       -30         0        24        30
         0       -24        30         0        24       -30         0       -38
        -6         0        38         6         0       -38         6         0
        38        -6         0       -34       -18         0        34        18
         0       -34        18         0        34       -18         0       -18
       -34         0        18        34         0       -18        34         0
        18       -34         0        -6       -38         0         6        38
         0        -6        38         0         6       -38         0       -35
       -16         0        35        16         0       -35        16         0
        35       -16         0       -16       -35         0        16        35
         0       -16        35         0        16       -35         0       -33
       -20         0        33        20         0       -33        20         0
        33       -20         0       -20       -33         0        20        33
         0       -20        33         0        20       -33         0       -37
       -11         0        37        11         0       -37        11         0
        37       -11         0       -31       -23         0        31        23
         0       -31        23         0        31       -23         0       -23
       -31         0        23        31         0       -23        31         0
        23       -31         0       -11       -37         0        11        37
         0       -11        37         0        11       -37         0       -36
       -14         0        36        14         0       -36        14         0
        36       -14         0       -14       -36         0        14        36
         0       -14        36         0        14       -36         0       -38
        -7         0        38         7         0       -38         7         0
        38        -7         0        -7       -38         0         7        38
         0        -7        38         0         7       -38         0       -38
        -8         0        38         8         0       -38         8         0
        38        -8         0       -32       -22         0        32        22
         0       -32        22         0        32       -22         0       -22
       -32         0        22        32         0       -22        32         0
        22       -32         0        -8       -38         0         8        38
         0        -8        38         0         8       -38         0       -37
       -12         0        37        12         0       -37        12         0
        37       -12         0       -28       -27         0        28        27
         0       -28        27         0        28       -27         0       -27
       -28         0        27        28         0       -27        28         0
        27       -28         0       -12       -37         0        12        37
         0       -12        37         0        12       -37         0       -35
       -17         0        35        17         0       -35        17         0
        35       -17         0       -17       -35         0        17        35
         0       -17        35         0        17       -35         0       -34
       -19         0        34        19         0       -34        19         0
        34       -19         0       -29       -26         0        29        26
         0       -29        26         0        29       -26         0       -26
       -29         0        26        29         0       -26        29         0
        26       -29         0       -19       -34         0        19        34
         0       -19        34         0        19       -34         0       -39
         0         0        39         0         0       -36       -15         0
        36        15         0       -36        15         0        36       -15
         0       -15       -36         0        15        36         0       -15
        36         0        15       -36         0         0       -39         0
         0        39         0       -39        -1         0        39         1
         0       -39         1         0        39        -1         0        -1
       -39         0         1        39         0        -1        39         0
         1       -39         0       -39        -2         0        39         2
         0       -39         2         0        39        -2         0       -38
        -9         0        38         9         0       -38         9         0
        38        -9         0       -30       -25         0        30        25
         0       -30        25         0        30       -25         0       -25
       -30         0        25        30         0       -25        30         0
        25       -30         0        -9       -38         0         9        38
         0        -9        38         0         9       -38         0        -2
       -39         0         2        39         0        -2        39         0
         2       -39         0       -39        -3         0        39         3
         0       -39         3         0        39        -3         0       -33
       -21         0        33        21         0       -33        21         0
        33       -21         0       -21       -33         0        21        33
         0       -21        33         0        21       -33         0        -3
       -39         0         3        39         0        -3        39         0
         3       -39         0       -39        -4         0        39         4
         0       -39         4         0        39        -4         0       -31
       -24         0        31        24         0       -31        24         0
        31       -24         0       -24       -31         0        24        31
         0       -24        31         0        24       -31         0        -4
       -39         0         4        39         0        -4        39         0
         4       -39         0       -37       -13         0        37        13
         0       -37        13         0        37       -13         0       -13
       -37         0        13        37         0       -13        37         0
        13       -37         0       -38       -10         0        38        10
         0       -38        10         0        38       -10         0       -10
       -38         0        10        38         0       -10        38         0
        10       -38         0       -39        -5         0        39         5
         0       -39         5         0        39        -5         0        -5
       -39         0         5        39         0        -5        39         0
         5       -39         0       -35       -18         0        35        18
         0       -35        18         0        35       -18         0       -18
       -35         0        18        35         0       -18        35         0
        18       -35         0       -36       -16         0        36        16
         0       -36        16         0        36       -16         0       -16
       -36         0        16        36         0       -16        36         0
        16       -36         0       -32       -23         0        32        23
         0       -32        23         0        32       -23         0       -23
       -32         0        23        32         0       -23        32         0
        23       -32         0       -34       -20         0        34        20
         0       -34        20         0        34       -20         0       -20
       -34         0        20        34         0       -20        34         0
        20       -34         0       -39        -6         0        39         6
         0       -39         6         0        39        -6         0        -6
       -39         0         6        39         0        -6        39         0
         6       -39         0       -38       -11         0        38        11
         0       -38        11         0        38       -11         0       -37
       -14         0        37        14         0       -37        14         0
        37       -14         0       -14       -37         0        14        37
         0       -14        37         0        14       -37         0       -11
       -38         0        11        38         0       -11        38         0
        11       -38         0       -28       -28         0        28        28
         0       -28        28         0        28       -28         0       -39
        -7         0        39         7         0       -39         7         0
        39        -7         0       -29       -27         0        29        27
         0       -29        27         0        29       -27         0       -27
       -29         0        27        29         0       -27        29         0
        27       -29         0        -7       -39         0         7        39
         0        -7        39         0         7       -39         0       -33
       -22         0        33        22         0       -33        22         0
        33       -22         0       -22       -33         0        22        33
         0       -22        33         0        22       -33         0       -30
       -26         0        30        26         0       -30        26         0
        30       -26         0       -26       -30         0        26        30
         0       -26        30         0        26       -30         0       -39
        -8         0        39         8         0       -39         8         0
        39        -8         0       -36       -17         0        36        17
         0       -36        17         0        36       -17         0       -17
       -36         0        17        36         0       -17        36         0
        17       -36         0        -8       -39         0         8        39
         0        -8        39         0         8       -39         0       -35
       -19         0        35        19         0       -35        19         0
        35       -19         0       -31       -25         0        31        25
         0       -31        25         0        31       -25         0       -25
       -31         0        25        31         0       -25        31         0
        25       -31         0       -19       -35         0        19        35
         0       -19        35         0        19       -35         0       -38
       -12         0        38        12         0       -38        12         0
        38       -12         0       -12       -38         0        12        38
         0       -12        38         0        12       -38         0       -37
       -15         0        37        15         0       -37        15         0
        37       -15         0       -15       -37         0        15        37
         0       -15        37         0        15       -37         0       -34
       -21         0        34        21         0       -34        21         0
        34       -21         0       -21       -34         0        21        34
         0       -21        34         0        21       -34         0       -40
         0         0        40         0         0       -32       -24         0
        32        24         0       -32        24         0        32       -24
         0       -24       -32         0        24        32         0       -24
        32         0        24       -32         0         0       -40         0
         0        40         0       -40        -1         0        40         1
         0       -40         1         0        40        -1         0        -1
       -40         0         1        40         0        -1        40         0
         1       -40         0       -39        -9         0        39         9
         0       -39         9         0        39        -9         0        -9
       -39         0         9        39         0        -9        39         0
         9       -39         0       -40        -2         0        40         2
         0       -40         2         0        40        -2         0        -2
       -40         0         2        40         0        -2        40         0
         2       -40         0       -40        -3         0        40         3
         0       -40         3         0        40        -3         0        -3
       -40         0         3        40         0        -3        40         0
         3       -40         0       -38       -13         0        38        13
         0       -38        13         0        38       -13         0       -13
       -38         0        13        38         0       -13        38         0
        13       -38         0       -40        -4         0        40         4
         0       -40         4         0        40        -4         0        -4
       -40         0         4        40         0        -4        40         0
         4       -40         0       -33       -23         0        33        23
         0       -33        23         0        33       -23         0       -23
       -33         0        23        33         0       -23        33         0
        23       -33         0       -36       -18         0        36        18
         0       -36        18         0        36       -18         0       -18
       -36         0        18        36         0       -18        36         0
        18       -36         0       -39       -10         0        39        10
         0       -39        10         0        39       -10         0       -10
       -39         0        10        39         0       -10        39         0
        10       -39         0       -40        -5         0        40         5
         0       -40         5         0        40        -5         0       -37
       -16         0        37        16         0       -37        16         0
        37       -16         0       -35       -20         0        35        20
         0       -35        20         0        35       -20         0       -29
       -28         0        29        28         0       -29        28         0
        29       -28         0       -28       -29         0        28        29
         0       -28        29         0        28       -29         0       -20
       -35         0        20        35         0       -20        35         0
        20       -35         0       -16       -37         0        16        37
         0       -16        37         0        16       -37         0        -5
       -40         0         5        40         0        -5        40         0
         5       -40         0       -30       -27         0        30        27
         0       -30        27         0        30       -27         0       -27
       -30         0        27        30         0       -27        30         0
        27       -30         0       -40        -6         0        40         6
         0       -40         6         0        40        -6         0        -6
       -40         0         6        40         0        -6        40         0
         6       -40         0       -31       -26         0        31        26
         0       -31        26         0        31       -26         0       -26
       -31         0        26        31         0       -26        31         0
        26       -31         0       -38       -14         0        38        14
         0       -38        14         0        38       -14         0       -34
       -22         0        34        22         0       -34        22         0
        34       -22         0       -22       -34         0        22        34
         0       -22        34         0        22       -34         0       -14
       -38         0        14        38         0       -14        38         0
        14       -38         0       -39       -11         0        39        11
         0       -39        11         0        39       -11         0       -11
       -39         0        11        39         0       -11        39         0
        11       -39         0       -40        -7         0        40         7
         0       -40         7         0        40        -7         0       -32
       -25         0        32        25         0       -32        25         0
        32       -25         0       -25       -32         0        25        32
         0       -25        32         0        25       -32         0        -7
       -40         0         7        40         0        -7        40         0
         7       -40         0       -36       -19         0        36        19
         0       -36        19         0        36       -19         0       -19
       -36         0        19        36         0       -19        36         0
        19       -36         0       -37       -17         0        37        17
         0       -37        17         0        37       -17         0       -17
       -37         0        17        37         0       -17        37         0
        17       -37         0       -40        -8         0        40         8
         0       -40         8         0        40        -8         0        -8
       -40         0         8        40         0        -8        40         0
         8       -40         0       -39       -12         0        39        12
         0       -39        12         0        39       -12         0       -33
       -24         0        33        24         0       -33        24         0
        33       -24         0       -24       -33         0        24        33
         0       -24        33         0        24       -33         0       -12
       -39         0        12        39         0       -12        39         0
        12       -39         0       -35       -21         0        35        21
         0       -35        21         0        35       -21         0       -21
       -35         0        21        35         0       -21        35         0
        21       -35         0       -38       -15         0        38        15
         0       -38        15         0        38       -15         0       -15
       -38         0        15        38         0       -15        38         0
        15       -38         0       -41         0         0        41         0
         0       -40        -9         0        40         9         0       -40
         9         0        40        -9         0        -9       -40         0
         9        40         0        -9        40         0         9       -40
         0         0       -41         0         0        41         0       -41
        -1         0        41         1         0       -41         1         0
        41        -1         0       -29       -29         0        29        29
         0       -29        29         0        29       -29         0        -1
       -41         0         1        41         0        -1        41         0
         1       -41         0       -30       -28         0        30        28
         0       -30        28         0        30       -28         0       -28
       -30         0        28        30         0       -28        30         0
        28       -30         0       -41        -2         0        41         2
         0       -41         2         0        41        -2         0       -34
       -23         0        34        23         0       -34        23         0
        34       -23         0       -23       -34         0        23        34
         0       -23        34         0        23       -34         0        -2
       -41         0         2        41         0        -2        41         0
         2       -41         0       -41        -3         0        41         3
         0       -41         3         0        41        -3         0       -39
       -13         0        39        13         0       -39        13         0
        39       -13         0       -31       -27         0        31        27
         0       -31        27         0        31       -27         0       -27
       -31         0        27        31         0       -27        31         0
        27       -31         0       -13       -39         0        13        39
         0       -13        39         0        13       -39         0        -3
       -41         0         3        41         0        -3        41         0
         3       -41         0       -37       -18         0        37        18
         0       -37        18         0        37       -18         0       -18
       -37         0        18        37         0       -18        37         0
        18       -37         0       -36       -20         0        36        20
         0       -36        20         0        36       -20         0       -20
       -36         0        20        36         0       -20        36         0
        20       -36         0       -41        -4         0        41         4
         0       -41         4         0        41        -4         0        -4
       -41         0         4        41         0        -4        41         0
         4       -41         0       -40       -10         0        40        10
         0       -40        10         0        40       -10         0       -38
       -16         0        38        16         0       -38        16         0
        38       -16         0       -32       -26         0        32        26
         0       -32        26         0        32       -26         0       -26
       -32         0        26        32         0       -26        32         0
        26       -32         0       -16       -38         0        16        38
         0       -16        38         0        16       -38         0       -10
       -40         0        10        40         0       -10        40         0
        10       -40         0       -41        -5         0        41         5
         0       -41         5         0        41        -5         0        -5
       -41         0         5        41         0        -5        41         0
         5       -41         0       -35       -22         0        35        22
         0       -35        22         0        35       -22         0       -22
       -35         0        22        35         0       -22        35         0
        22       -35         0       -33       -25         0        33        25
         0       -33        25         0        33       -25         0       -25
       -33         0        25        33         0       -25        33         0
        25       -33         0       -41        -6         0        41         6
         0       -41         6         0        41        -6         0       -39
       -14         0        39        14         0       -39        14         0
        39       -14         0       -14       -39         0        14        39
         0       -14        39         0        14       -39         0        -6
       -41         0         6        41         0        -6        41         0
         6       -41         0       -40       -11         0        40        11
         0       -40        11         0        40       -11         0       -11
       -40         0        11        40         0       -11        40         0
        11       -40         0       -41        -7         0        41         7
         0       -41         7         0        41        -7         0       -37
       -19         0        37        19         0       -37        19         0
        37       -19         0       -19       -37         0        19        37
         0       -19        37         0        19       -37         0        -7
       -41         0         7        41         0        -7        41         0
         7       -41         0       -34       -24         0        34        24
         0       -34        24         0        34       -24         0       -24
       -34         0        24        34         0       -24        34         0
        24       -34         0       -38       -17         0        38        17
         0       -38        17         0        38       -17         0       -17
       -38         0        17        38         0       -17        38         0
        17       -38         0       -36       -21         0        36        21
         0       -36        21         0        36       -21         0       -21
       -36         0        21        36         0       -21        36         0
        21       -36         0       -30       -29         0        30        29
         0       -30        29         0        30       -29         0       -29
       -30         0        29        30         0       -29        30         0
        29       -30         0       -40       -12         0        40        12
         0       -40        12         0        40       -12         0       -12
       -40         0        12        40         0       -12        40         0
        12       -40         0       -41        -8         0        41         8
         0       -41         8         0        41        -8         0       -31
       -28         0        31        28         0       -31        28         0
        31       -28         0       -28       -31         0        28        31
         0       -28        31         0        28       -31         0        -8
       -41         0         8        41         0        -8        41         0
         8       -41         0       -39       -15         0        39        15
         0       -39        15         0        39       -15         0       -15
       -39         0        15        39         0       -15        39         0
        15       -39         0       -32       -27         0        32        27
         0       -32        27         0        32       -27         0       -27
       -32         0        27        32         0       -27        32         0
        27       -32         0       -35       -23         0        35        23
         0       -35        23         0        35       -23         0       -23
       -35         0        23        35         0       -23        35         0
        23       -35         0       -41        -9         0        41         9
         0       -41         9         0        41        -9         0        -9
       -41         0         9        41         0        -9        41         0
         9       -41         0       -42         0         0        42         0
         0         0       -42         0         0        42         0       -42
        -1         0        42         1         0       -42         1         0
        42        -1         0       -33       -26         0        33        26
         0       -33        26         0        33       -26         0       -26
       -33         0        26        33         0       -26        33         0
        26       -33         0        -1       -42         0         1        42
         0        -1        42         0         1       -42         0       -42
        -2         0        42         2         0       -42         2         0
        42        -2         0       -38       -18         0        38        18
         0       -38        18         0        38       -18         0       -18
       -38         0        18        38         0       -18        38         0
        18       -38         0        -2       -42         0         2        42
         0        -2        42         0         2       -42         0       -40
       -13         0        40        13         0       -40        13         0
        40       -13         0       -37       -20         0        37        20
         0       -37        20         0        37       -20         0       -20
       -37         0        20        37         0       -20        37         0
        20       -37         0       -13       -40         0        13        40
         0       -13        40         0        13       -40         0       -42
        -3         0        42         3         0       -42         3         0
        42        -3         0        -3       -42         0         3        42
         0        -3        42         0         3       -42         0       -39
       -16         0        39        16         0       -39        16         0
        39       -16         0       -16       -39         0        16        39
         0       -16        39         0        16       -39         0       -42
        -4         0        42         4         0       -42         4         0
        42        -4         0       -36       -22         0        36        22
         0       -36        22         0        36       -22         0       -22
       -36         0        22        36         0       -22        36         0
        22       -36         0        -4       -42         0         4        42
         0        -4        42         0         4       -42         0       -41
       -10         0        41        10         0       -41        10         0
        41       -10         0       -34       -25         0        34        25
         0       -34        25         0        34       -25         0       -25
       -34         0        25        34         0       -25        34         0
        25       -34         0       -10       -41         0        10        41
         0       -10        41         0        10       -41         0       -42
        -5         0        42         5         0       -42         5         0
        42        -5         0        -5       -42         0         5        42
         0        -5        42         0         5       -42         0       -40
       -14         0        40        14         0       -40        14         0
        40       -14         0       -14       -40         0        14        40
         0       -14        40         0        14       -40         0       -42
        -6         0        42         6         0       -42         6         0
        42        -6         0       -30       -30         0        30        30
         0       -30        30         0        30       -30         0        -6
       -42         0         6        42         0        -6        42         0
         6       -42         0       -35       -24         0        35        24
         0       -35        24         0        35       -24         0       -24
       -35         0        24        35         0       -24        35         0
        24       -35         0       -41       -11         0        41        11
         0       -41        11         0        41       -11         0       -31
       -29         0        31        29         0       -31        29         0
        31       -29         0       -29       -31         0        29        31
         0       -29        31         0        29       -31         0       -11
       -41         0        11        41         0       -11        41         0
        11       -41         0       -38       -19         0        38        19
         0       -38        19         0        38       -19         0       -19
       -38         0        19        38         0       -19        38         0
        19       -38         0       -32       -28         0        32        28
         0       -32        28         0        32       -28         0       -28
       -32         0        28        32         0       -28        32         0
        28       -32         0       -39       -17         0        39        17
         0       -39        17         0        39       -17         0       -37
       -21         0        37        21         0       -37        21         0
        37       -21         0       -21       -37         0        21        37
         0       -21        37         0        21       -37         0       -17
       -39         0        17        39         0       -17        39         0
        17       -39         0       -42        -7         0        42         7
         0       -42         7         0        42        -7         0        -7
       -42         0         7        42         0        -7        42         0
         7       -42         0       -33       -27         0        33        27
         0       -33        27         0        33       -27         0       -27
       -33         0        27        33         0       -27        33         0
        27       -33         0       -41       -12         0        41        12
         0       -41        12         0        41       -12         0       -40
       -15         0        40        15         0       -40        15         0
        40       -15         0       -36       -23         0        36        23
         0       -36        23         0        36       -23         0       -23
       -36         0        23        36         0       -23        36         0
        23       -36         0       -15       -40         0        15        40
         0       -15        40         0        15       -40         0       -12
       -41         0        12        41         0       -12        41         0
        12       -41         0       -42        -8         0        42         8
         0       -42         8         0        42        -8         0        -8
       -42         0         8        42         0        -8        42         0
         8       -42         0       -34       -26         0        34        26
         0       -34        26         0        34       -26         0       -26
       -34         0        26        34         0       -26        34         0
        26       -34         0       -38       -20         0        38        20
         0       -38        20         0        38       -20         0       -20
       -38         0        20        38         0       -20        38         0
        20       -38         0       -42        -9         0        42         9
         0       -42         9         0        42        -9         0       -39
       -18         0        39        18         0       -39        18         0
        39       -18         0       -18       -39         0        18        39
         0       -18        39         0        18       -39         0        -9
       -42         0         9        42         0        -9        42         0
         9       -42         0       -43         0         0        43         0
         0         0       -43         0         0        43         0       -43
        -1         0        43         1         0       -43         1         0
        43        -1         0       -41       -13         0        41        13
         0       -41        13         0        41       -13         0       -35
       -25         0        35        25         0       -35        25         0
        35       -25         0       -25       -35         0        25        35
         0       -25        35         0        25       -35         0       -13
       -41         0        13        41         0       -13        41         0
        13       -41         0        -1       -43         0         1        43
         0        -1        43         0         1       -43         0       -43
        -2         0        43         2         0       -43         2         0
        43        -2         0       -37       -22         0        37        22
         0       -37        22         0        37       -22         0       -22
       -37         0        22        37         0       -22        37         0
        22       -37         0        -2       -43         0         2        43
         0        -2        43         0         2       -43         0       -40
       -16         0        40        16         0       -40        16         0
        40       -16         0       -16       -40         0        16        40
         0       -16        40         0        16       -40         0       -43
        -3         0        43         3         0       -43         3         0
        43        -3         0        -3       -43         0         3        43
         0        -3        43         0         3       -43         0       -31
       -30         0        31        30         0       -31        30         0
        31       -30         0       -30       -31         0        30        31
         0       -30        31         0        30       -31         0       -42
       -10         0        42        10         0       -42        10         0
        42       -10         0       -10       -42         0        10        42
         0       -10        42         0        10       -42         0       -43
        -4         0        43         4         0       -43         4         0
        43        -4         0       -32       -29         0        32        29
         0       -32        29         0        32       -29         0       -29
       -32         0        29        32         0       -29        32         0
        29       -32         0        -4       -43         0         4        43
         0        -4        43         0         4       -43         0       -36
       -24         0        36        24         0       -36        24         0
        36       -24         0       -24       -36         0        24        36
         0       -24        36         0        24       -36         0       -33
       -28         0        33        28         0       -33        28         0
        33       -28         0       -28       -33         0        28        33
         0       -28        33         0        28       -33         0       -43
        -5         0        43         5         0       -43         5         0
        43        -5         0        -5       -43         0         5        43
         0        -5        43         0         5       -43         0       -41
       -14         0        41        14         0       -41        14         0
        41       -14         0       -14       -41         0        14        41
         0       -14        41         0        14       -41         0       -39
       -19         0        39        19         0       -39        19         0
        39       -19         0       -19       -39         0        19        39
         0       -19        39         0        19       -39         0       -43
        -6         0        43         6         0       -43         6         0
        43        -6         0       -42       -11         0        42        11
         0       -42        11         0        42       -11         0       -38
       -21         0        38        21         0       -38        21         0
        38       -21         0       -34       -27         0        34        27
         0       -34        27         0        34       -27         0       -27
       -34         0        27        34         0       -27        34         0
        27       -34         0       -21       -38         0        21        38
         0       -21        38         0        21       -38         0       -11
       -42         0        11        42         0       -11        42         0
        11       -42         0        -6       -43         0         6        43
         0        -6        43         0         6       -43         0       -40
       -17         0        40        17         0       -40        17         0
        40       -17         0       -17       -40         0        17        40
         0       -17        40         0        17       -40         0       -43
        -7         0        43         7         0       -43         7         0
        43        -7         0       -37       -23         0        37        23
         0       -37        23         0        37       -23         0       -23
       -37         0        23        37         0       -23        37         0
        23       -37         0        -7       -43         0         7        43
         0        -7        43         0         7       -43         0       -35
       -26         0        35        26         0       -35        26         0
        35       -26         0       -26       -35         0        26        35
         0       -26        35         0        26       -35         0       -41
       -15         0        41        15         0       -41        15         0
        41       -15         0       -15       -41         0        15        41
         0       -15        41         0        15       -41         0       -42
       -12         0        42        12         0       -42        12         0
        42       -12         0       -12       -42         0        12        42
         0       -12        42         0        12       -42         0       -43
        -8         0        43         8         0       -43         8         0
        43        -8         0        -8       -43         0         8        43
         0        -8        43         0         8       -43         0       -39
       -20         0        39        20         0       -39        20         0
        39       -20         0       -36       -25         0        36        25
         0       -36        25         0        36       -25         0       -25
       -36         0        25        36         0       -25        36         0
        25       -36         0       -20       -39         0        20        39
         0       -20        39         0        20       -39         0       -31
       -31         0        31        31         0       -31        31         0
        31       -31         0       -40       -18         0        40        18
         0       -40        18         0        40       -18         0       -32
       -30         0        32        30         0       -32        30         0
        32       -30         0       -30       -32         0        30        32
         0       -30        32         0        30       -32         0       -18
       -40         0        18        40         0       -18        40         0
        18       -40         0       -38       -22         0        38        22
         0       -38        22         0        38       -22         0       -22
       -38         0        22        38         0       -22        38         0
        22       -38         0       -43        -9         0        43         9
         0       -43         9         0        43        -9         0       -33
       -29         0        33        29         0       -33        29         0
        33       -29         0       -29       -33         0        29        33
         0       -29        33         0        29       -33         0        -9
       -43         0         9        43         0        -9        43         0
         9       -43         0       -42       -13         0        42        13
         0       -42        13         0        42       -13         0       -13
       -42         0        13        42         0       -13        42         0
        13       -42         0       -44         0         0        44         0
         0         0       -44         0         0        44         0       -44
        -1         0        44         1         0       -44         1         0
        44        -1         0       -41       -16         0        41        16
         0       -41        16         0        41       -16         0       -16
       -41         0        16        41         0       -16        41         0
        16       -41         0        -1       -44         0         1        44
         0        -1        44         0         1       -44         0       -44
        -2         0        44         2         0       -44         2         0
        44        -2         0       -34       -28         0        34        28
         0       -34        28         0        34       -28         0       -28
       -34         0        28        34         0       -28        34         0
        28       -34         0        -2       -44         0         2        44
         0        -2        44         0         2       -44         0       -44
        -3         0        44         3         0       -44         3         0
        44        -3         0       -37       -24         0        37        24
         0       -37        24         0        37       -24         0       -24
       -37         0        24        37         0       -24        37         0
        24       -37         0        -3       -44         0         3        44
         0        -3        44         0         3       -44         0       -43
       -10         0        43        10         0       -43        10         0
        43       -10         0       -10       -43         0        10        43
         0       -10        43         0        10       -43         0       -44
        -4         0        44         4         0       -44         4         0
        44        -4         0        -4       -44         0         4        44
         0        -4        44         0         4       -44         0       -35
       -27         0        35        27         0       -35        27         0
        35       -27         0       -27       -35         0        27        35
         0       -27        35         0        27       -35         0       -42
       -14         0        42        14         0       -42        14         0
        42       -14         0       -14       -42         0        14        42
         0       -14        42         0        14       -42         0       -44
        -5         0        44         5         0       -44         5         0
        44        -5         0       -40       -19         0        40        19
         0       -40        19         0        40       -19         0       -19
       -40         0        19        40         0       -19        40         0
        19       -40         0        -5       -44         0         5        44
         0        -5        44         0         5       -44         0       -39
       -21         0        39        21         0       -39        21         0
        39       -21         0       -21       -39         0        21        39
         0       -21        39         0        21       -39         0       -43
       -11         0        43        11         0       -43        11         0
        43       -11         0       -41       -17         0        41        17
         0       -41        17         0        41       -17         0       -17
       -41         0        17        41         0       -17        41         0
        17       -41         0       -11       -43         0        11        43
         0       -11        43         0        11       -43         0       -44
        -6         0        44         6         0       -44         6         0
        44        -6         0       -36       -26         0        36        26
         0       -36        26         0        36       -26         0       -26
       -36         0        26        36         0       -26        36         0
        26       -36         0        -6       -44         0         6        44
         0        -6        44         0         6       -44         0       -38
       -23         0        38        23         0       -38        23         0
        38       -23         0       -23       -38         0        23        38
         0       -23        38         0        23       -38         0       -44
        -7         0        44         7         0       -44         7         0
        44        -7         0       -32       -31         0        32        31
         0       -32        31         0        32       -31         0       -31
       -32         0        31        32         0       -31        32         0
        31       -32         0        -7       -44         0         7        44
         0        -7        44         0         7       -44         0       -42
       -15         0        42        15         0       -42        15         0
        42       -15         0       -33       -30         0        33        30
         0       -33        30         0        33       -30         0       -30
       -33         0        30        33         0       -30        33         0
        30       -33         0       -15       -42         0        15        42
         0       -15        42         0        15       -42         0       -43
       -12         0        43        12         0       -43        12         0
        43       -12         0       -12       -43         0        12        43
         0       -12        43         0        12       -43         0       -37
       -25         0        37        25         0       -37        25         0
        37       -25         0       -25       -37         0        25        37
         0       -25        37         0        25       -37         0       -34
       -29         0        34        29         0       -34        29         0
        34       -29         0       -29       -34         0        29        34
         0       -29        34         0        29       -34         0       -44
        -8         0        44         8         0       -44         8         0
        44        -8         0       -40       -20         0        40        20
         0       -40        20         0        40       -20         0       -20
       -40         0        20        40         0       -20        40         0
        20       -40         0        -8       -44         0         8        44
         0        -8        44         0         8       -44         0       -41
       -18         0        41        18         0       -41        18         0
        41       -18         0       -39       -22         0        39        22
         0       -39        22         0        39       -22         0       -22
       -39         0        22        39         0       -22        39         0
        22       -39         0       -18       -41         0        18        41
         0       -18        41         0        18       -41         0       -35
       -28         0        35        28         0       -35        28         0
        35       -28         0       -28       -35         0        28        35
         0       -28        35         0        28       -35         0       -44
        -9         0        44         9         0       -44         9         0
        44        -9         0        -9       -44         0         9        44
         0        -9        44         0         9       -44         0       -43
       -13         0        43        13         0       -43        13         0
        43       -13         0       -13       -43         0        13        43
         0       -13        43         0        13       -43         0       -42
       -16         0        42        16         0       -42        16         0
        42       -16         0       -38       -24         0        38        24
         0       -38        24         0        38       -24         0       -24
       -38         0        24        38         0       -24        38         0
        24       -38         0       -16       -42         0        16        42
         0       -16        42         0        16       -42         0       -45
         0         0        45         0         0       -36       -27         0
        36        27         0       -36        27         0        36       -27
         0       -27       -36         0        27        36         0       -27
        36         0        27       -36         0         0       -45         0
         0        45         0       -45        -1         0        45         1
         0       -45         1         0        45        -1         0        -1
       -45         0         1        45         0        -1        45         0
         1       -45         0       -45        -2         0        45         2
         0       -45         2         0        45        -2         0        -2
       -45         0         2        45         0        -2        45         0
         2       -45         0       -45        -3         0        45         3
         0       -45         3         0        45        -3         0        -3
       -45         0         3        45         0        -3        45         0
         3       -45         0       -44       -10         0        44        10
         0       -44        10         0        44       -10         0       -10
       -44         0        10        44         0       -10        44         0
        10       -44         0       -45        -4         0        45         4
         0       -45         4         0        45        -4         0       -40
       -21         0        40        21         0       -40        21         0
        40       -21         0       -21       -40         0        21        40
         0       -21        40         0        21       -40         0        -4
       -45         0         4        45         0        -4        45         0
         4       -45         0       -41       -19         0        41        19
         0       -41        19         0        41       -19         0       -19
       -41         0        19        41         0       -19        41         0
        19       -41         0       -43       -14         0        43        14
         0       -43        14         0        43       -14         0       -37
       -26         0        37        26         0       -37        26         0
        37       -26         0       -26       -37         0        26        37
         0       -26        37         0        26       -37         0       -14
       -43         0        14        43         0       -14        43         0
        14       -43         0       -32       -32         0        32        32
         0       -32        32         0        32       -32         0       -45
        -5         0        45         5         0       -45         5         0
        45        -5         0       -39       -23         0        39        23
         0       -39        23         0        39       -23         0       -33
       -31         0        33        31         0       -33        31         0
        33       -31         0       -31       -33         0        31        33
         0       -31        33         0        31       -33         0       -23
       -39         0        23        39         0       -23        39         0
        23       -39         0        -5       -45         0         5        45
         0        -5        45         0         5       -45         0       -42
       -17         0        42        17         0       -42        17         0
        42       -17         0       -17       -42         0        17        42
         0       -17        42         0        17       -42         0       -34
       -30         0        34        30         0       -34        30         0
        34       -30         0       -30       -34         0        30        34
         0       -30        34         0        30       -34         0       -44
       -11         0        44        11         0       -44        11         0
        44       -11         0       -11       -44         0        11        44
         0       -11        44         0        11       -44         0       -45
        -6         0        45         6         0       -45         6         0
        45        -6         0        -6       -45         0         6        45
         0        -6        45         0         6       -45         0       -35
       -29         0        35        29         0       -35        29         0
        35       -29         0       -29       -35         0        29        35
         0       -29        35         0        29       -35         0       -38
       -25         0        38        25         0       -38        25         0
        38       -25         0       -25       -38         0        25        38
         0       -25        38         0        25       -38         0       -45
        -7         0        45         7         0       -45         7         0
        45        -7         0       -43       -15         0        43        15
         0       -43        15         0        43       -15         0       -15
       -43         0        15        43         0       -15        43         0
        15       -43         0        -7       -45         0         7        45
         0        -7        45         0         7       -45         0       -44
       -12         0        44        12         0       -44        12         0
        44       -12         0       -36       -28         0        36        28
         0       -36        28         0        36       -28         0       -28
       -36         0        28        36         0       -28        36         0
        28       -36         0       -12       -44         0        12        44
         0       -12        44         0        12       -44         0       -41
       -20         0        41        20         0       -41        20         0
        41       -20         0       -20       -41         0        20        41
         0       -20        41         0        20       -41         0       -40
       -22         0        40        22         0       -40        22         0
        40       -22         0       -22       -40         0        22        40
         0       -22        40         0        22       -40         0       -42
       -18         0        42        18         0       -42        18         0
        42       -18         0       -18       -42         0        18        42
         0       -18        42         0        18       -42         0       -45
        -8         0        45         8         0       -45         8         0
        45        -8         0        -8       -45         0         8        45
         0        -8        45         0         8       -45         0       -39
       -24         0        39        24         0       -39        24         0
        39       -24         0       -24       -39         0        24        39
         0       -24        39         0        24       -39         0       -37
       -27         0        37        27         0       -37        27         0
        37       -27         0       -27       -37         0        27        37
         0       -27        37         0        27       -37         0       -44
       -13         0        44        13         0       -44        13         0
        44       -13         0       -43       -16         0        43        16
         0       -43        16         0        43       -16         0       -16
       -43         0        16        43         0       -16        43         0
        16       -43         0       -13       -44         0        13        44
         0       -13        44         0        13       -44         0       -45
        -9         0        45         9         0       -45         9         0
        45        -9         0        -9       -45         0         9        45
         0        -9        45         0         9       -45         0       -33
       -32         0        33        32         0       -33        32         0
        33       -32         0       -32       -33         0        32        33
         0       -32        33         0        32       -33         0       -46
         0         0        46         0         0         0       -46         0
         0        46         0       -46        -1         0        46         1
         0       -46         1         0        46        -1         0       -34
       -31         0        34        31         0       -34        31         0
        34       -31         0       -31       -34         0        31        34
         0       -31        34         0        31       -34         0        -1
       -46         0         1        46         0        -1        46         0
         1       -46         0       -46        -2         0        46         2
         0       -46         2         0        46        -2         0       -38
       -26         0        38        26         0       -38        26         0
        38       -26         0       -26       -38         0        26        38
         0       -26        38         0        26       -38         0        -2
       -46         0         2        46         0        -2        46         0
         2       -46         0       -41       -21         0        41        21
         0       -41        21         0        41       -21         0       -21
       -41         0        21        41         0       -21        41         0
        21       -41         0       -46        -3         0        46         3
         0       -46         3         0        46        -3         0       -45
       -10         0        45        10         0       -45        10         0
        45       -10         0       -42       -19         0        42        19
         0       -42        19         0        42       -19         0       -35
       -30         0        35        30         0       -35        30         0
        35       -30         0       -30       -35         0        30        35
         0       -30        35         0        30       -35         0       -19
       -42         0        19        42         0       -19        42         0
        19       -42         0       -10       -45         0        10        45
         0       -10        45         0        10       -45         0        -3
       -46         0         3        46         0        -3        46         0
         3       -46         0       -40       -23         0        40        23
         0       -40        23         0        40       -23         0       -23
       -40         0        23        40         0       -23        40         0
        23       -40         0       -46        -4         0        46         4
         0       -46         4         0        46        -4         0       -44
       -14         0        44        14         0       -44        14         0
        44       -14         0       -14       -44         0        14        44
         0       -14        44         0        14       -44         0        -4
       -46         0         4        46         0        -4        46         0
         4       -46         0       -36       -29         0        36        29
         0       -36        29         0        36       -29         0       -29
       -36         0        29        36         0       -29        36         0
        29       -36         0       -43       -17         0        43        17
         0       -43        17         0        43       -17         0       -17
       -43         0        17        43         0       -17        43         0
        17       -43         0       -46        -5         0        46         5
         0       -46         5         0        46        -5         0        -5
       -46         0         5        46         0        -5        46         0
         5       -46         0       -45       -11         0        45        11
         0       -45        11         0        45       -11         0       -39
       -25         0        39        25         0       -39        25         0
        39       -25         0       -25       -39         0        25        39
         0       -25        39         0        25       -39         0       -11
       -45         0        11        45         0       -11        45         0
        11       -45         0       -46        -6         0        46         6
         0       -46         6         0        46        -6         0        -6
       -46         0         6        46         0        -6        46         0
         6       -46         0       -37       -28         0        37        28
         0       -37        28         0        37       -28         0       -28
       -37         0        28        37         0       -28        37         0
        28       -37         0       -44       -15         0        44        15
         0       -44        15         0        44       -15         0       -15
       -44         0        15        44         0       -15        44         0
        15       -44         0       -42       -20         0        42        20
         0       -42        20         0        42       -20         0       -20
       -42         0        20        42         0       -20        42         0
        20       -42         0       -46        -7         0        46         7
         0       -46         7         0        46        -7         0       -41
       -22         0        41        22         0       -41        22         0
        41       -22         0       -22       -41         0        22        41
         0       -22        41         0        22       -41         0        -7
       -46         0         7        46         0        -7        46         0
         7       -46         0       -45       -12         0        45        12
         0       -45        12         0        45       -12         0       -12
       -45         0        12        45         0       -12        45         0
        12       -45         0       -43       -18         0        43        18
         0       -43        18         0        43       -18         0       -38
       -27         0        38        27         0       -38        27         0
        38       -27         0       -27       -38         0        27        38
         0       -27        38         0        27       -38         0       -18
       -43         0        18        43         0       -18        43         0
        18       -43         0       -40       -24         0        40        24
         0       -40        24         0        40       -24         0       -24
       -40         0        24        40         0       -24        40         0
        24       -40         0       -33       -33         0        33        33
         0       -33        33         0        33       -33         0       -46
        -8         0        46         8         0       -46         8         0
        46        -8         0       -34       -32         0        34        32
         0       -34        32         0        34       -32         0       -32
       -34         0        32        34         0       -32        34         0
        32       -34         0        -8       -46         0         8        46
         0        -8        46         0         8       -46         0       -35
       -31         0        35        31         0       -35        31         0
        35       -31         0       -31       -35         0        31        35
         0       -31        35         0        31       -35         0       -44
       -16         0        44        16         0       -44        16         0
        44       -16         0       -16       -44         0        16        44
         0       -16        44         0        16       -44         0       -45
       -13         0        45        13         0       -45        13         0
        45       -13         0       -13       -45         0        13        45
         0       -13        45         0        13       -45         0       -36
       -30         0        36        30         0       -36        30         0
        36       -30         0       -30       -36         0        30        36
         0       -30        36         0        30       -36         0       -46
        -9         0        46         9         0       -46         9         0
        46        -9         0       -39       -26         0        39        26
         0       -39        26         0        39       -26         0       -26
       -39         0        26        39         0       -26        39         0
        26       -39         0        -9       -46         0         9        46
         0        -9        46         0         9       -46         0       -42
       -21         0        42        21         0       -42        21         0
        42       -21         0       -21       -42         0        21        42
         0       -21        42         0        21       -42         0       -47
         0         0        47         0         0         0       -47         0
         0        47         0       -47        -1         0        47         1
         0       -47         1         0        47        -1         0       -43
       -19         0        43        19         0       -43        19         0
        43       -19         0       -41       -23         0        41        23
         0       -41        23         0        41       -23         0       -37
       -29         0        37        29         0       -37        29         0
        37       -29         0       -29       -37         0        29        37
         0       -29        37         0        29       -37         0       -23
       -41         0        23        41         0       -23        41         0
        23       -41         0       -19       -43         0        19        43
         0       -19        43         0        19       -43         0        -1
       -47         0         1        47         0        -1        47         0
         1       -47         0       -47        -2         0        47         2
         0       -47         2         0        47        -2         0        -2
       -47         0         2        47         0        -2        47         0
         2       -47         0       -46       -10         0        46        10
         0       -46        10         0        46       -10         0       -10
       -46         0        10        46         0       -10        46         0
        10       -46         0       -47        -3         0        47         3
         0       -47         3         0        47        -3         0        -3
       -47         0         3        47         0        -3        47         0
         3       -47         0       -45       -14         0        45        14
         0       -45        14         0        45       -14         0       -14
       -45         0        14        45         0       -14        45         0
        14       -45         0       -47        -4         0        47         4
         0       -47         4         0        47        -4         0       -44
       -17         0        44        17         0       -44        17         0
        44       -17         0       -40       -25         0        40        25
         0       -40        25         0        40       -25         0       -25
       -40         0        25        40         0
 IDIME
         1         2         3         3         3         4         1         1
         2         2         1         2         2         3         3         2
         3         3         4         5         6         1         1         1
         2         3         1         1         1         2         2         3
         5         2         3         1         2         2         3         3
         5         3         3         4         1         2         3         1
         1         2         1         1         2         2         2         3
         3         1         2         3         1         2         2         3
         3         3         5         5         2         3         4         2
         3         3         4         5         6         1         1         1
         2         1         2         3         1         1         2         1
         3         2         3         5
 IDIMF
         1         1         2         2         2         3         0         1
         1         1         1         1         1         2         2         1
         2         2         3         3         4         0         1         0
         1         2         1         0         1         1         1         1
         3         1         2         1         1         1         1         2
         3         2         2         3         0         1         1         0
         1         1         0         1         1         1         1         2
         2         1         1         1         1         1         1         2
         2         2         3         3         1         1         2         1
         2         2         3         3         4         0         0         0
         0         0         1         1         0         0         1         0
         1         0         1         3
   LA3
         1        13         2        14         2        14         3        15
         3        15         3        15         4        16         4        16
         4        16         4        16         5        17         5        17
         5        17         5        17         5        17         6        18
         6        18         6        18         6        18         6        18
         6        18         7         7         7         7         7         7
         7         7         7         7         7         8         8         8
         8         8         8         8         8         8         8         8
         8         8         8         9         9         9         9         9
         9         9         9         9         9         9         9         9
         9         9        10        10        10        10        10        10
        10        10        10        10        10        10        10        10
        10        10        11        11        11        11        11        11
        11        11        11        11        11        11        11        11
        11        11        11        12        12        12        12        12
        12        12        12        12        12        12        12        12
        12        12        12        12        12        13         1        13
         1        14         2        14         2        14         2        14
         2        15         3        15         3        15         3        15
         3        16         4        16         4        17         5        17
         5        18         6
   LA4
         1        13         1        13         2        14         1        13
         2        14         3        15         1        13         2        14
         3        15         4        16         1        13         2        14
         3        15         4        16         5        17         1        13
         2        14         3        15         4        16         5        17
         6        18         2        14         3        15         4        16
         5        17         6        18         7         1        13         2
        14         3        15         4        16         5        17         6
        18         7         8         1        13         2        14         3
        15         4        16         5        17         6        18         7
         8         9         1        13         2        14         3        15
         4        16         5        17         6        18         7         8
         9        10         1        13         2        14         3        15
         4        16         5        17         6        18         7         8
         9        10        11         1        13         2        14         3
        15         4        16         5        17         6        18         7
         8         9        10        11        12         3        15         6
        18         2        14         3        15         5        17         6
        18         3        15         4        16         5        17         6
        18         5        17         6        18         5        17         6
        18         6        18
  IROF
         0         0         0         0         0         0         6         6
         6         0         6         6         6         0         0         6
         6         6         0         0         0        12        12        18
        18        18        24        12        12        12        18        18
        18        24        24        12        12        12        18        18
        18        24        24        24        30        30        30        36
        36        36        42        42        42        24        30        30
        30        36        36        36        42        42        42        24
        24        30        30        30        36        36        36        42
        42        42        24        24        24        48        54        48
        48        54        54        48        54        54        54        60
        60        60        60        60
  NNGI
         1         2         6        10        14        22         1         3
         7         0         0         0         1         3         0         0
         0         0         1         2         6        10        14         0
         1         2         6        10        14        22         1         2
         6        10        14         0         1         2         6        10
         0         0         1         2         6         0         0         0
         1         2         6         0         0         0         1         2
         0         0         0         0         1         2         6        10
        14         0
 NSHGI
         1         1         1         1         1         1         1         1
         1         0         0         0         1         1         0         0
         0         0         1         1         1         1         1         0
         1         1         1         1         1         1         1         1
         1         1         1         0         1         1         1         1
         0         0         1         1         1         0         0         0
         1         1         1         0         0         0         1         1
         0         0         0         0         1         1         1         1
         1         0
  NNNC
         0        22       406      1510      1804      3868      8785     12057
     16274     16934     21054     28906     28946         2        82       658
      1538      2044      4268      8428      8897     12297     16297     17138
     21498     28994     29170     29458     29970       370       514      1090
      1634      2812      5292      8492      9281     13065     16393     17714
     22842     28902     29090     30498     30674     30834     31346      1506
      1522      1586      1778      3424      6112      8541      9877     13677
     16505     18162     23898     30658     31738     31818      1788      1852
      2620      3388      3532      6604      8564     10081     13929     16533
     18402     24298     29394     30770     31734     31970     32338      3820
      4012      5036      6060      6268      7612      8660     10849     14697
     16629     19234     25450     28930     29778     31154     31782     32194
     32962      8412      8476      8540      8544      8624      8768     11877
     15741     16777     20018     26650      8444      8508      8542      8584
      8696      8769      8833      9089      9857      9937     10513     11857
     11897     15921     16797     20226     26954      8801      8961      9473
      9897     10225     11185     12041     12105     12873     13641     13785
     14361     15705     15777     16065     16861     20610     27466     12073
     12489     13257     13713     14073     15033     16273     16277     16357
     16501     16517     16581     16773     16781     16813     16909     20838
     27774     16275     16317     16429     16509     16549     16677     16914
     16994     17570     18146     18210     18978     20002     20034     20418
     20802     20874     28162     16954     17282     17858     18178     18594
     19490     21018     21162     22506     23850     24042     25066     26602
     26698     27210     27722     27826     28498     21090     21834     23178
     23946     24554     25834     28898     28914      8817     12089     16276
     16974     21126         1        62       478      1518      1836      3964
     28978     29010     29330     29586      8460      9025     12681     16337
     17426     22170        42       226       946      1570      2428      4780
     28910     29250     30354     30642     30706     30962      8524      9665
     13449     16465     18002     23514       442       802      1298      1730
      3196      5804     30690     31730     31746      8543      9917     13749
     16513     18194     23994      1514      1554      1682      1783      3496
      6216     29522     30898     31742     31890     32050      8604     10369
     14217     16565     18786     24810      1820      2236      3004      3460
      3676      7276     28962     30162     31538     31854     32482     32626
      8732     11521     15369     16725     19746     26218      3916      4524
      5548      6164      6940      8012
JPOINT
         1         2         4         7        11        16        28        36
        45        55        66        78        79         2         3         5
         8        12        17        22        29        37        46        56
        67        80        81        82        83         4         5         6
         9        13        18        23        30        38        47        57
        68        78        81        84        85        86        87         7
         8         9        10        14        19        24        31        39
        48        58        69        85        88        89        11        12
        13        14        15        20        25        32        40        49
        59        70        82        86        88        90        91        16
        17        18        19        20        21        26        33        41
        50        60        71        79        83        87        89        91
        92        22        23        24        25        26        27        34
        42        51        61        72        22        23        24        25
        26        28        29        30        31        32        33        34
        35        43        52        62        73        28        29        30
        31        32        33        36        37        38        39        40
        41        42        43        44        53        63        74        36
        37        38        39        40        41        45        46        47
        48        49        50        51        52        53        54        64
        75        45        46        47        48        49        50        55
        56        57        58        59        60        61        62        63
        64        65        76        55        56        57        58        59
        60        66        67        68        69        70        71        72
        73        74        75        76        77        66        67        68
        69        70        71        78        79        28        36        45
        55        66         1         2         4         7        11        16
        80        81        82        83        22        29        37        46
        56        67         2         3         5         8        12        17
        78        81        84        85        86        87        23        30
        38        47        57        68         4         5         6         9
        13        18        85        88        89        24        31        39
        48        58        69         7         8         9        10        14
        19        82        86        88        90        91        25        32
        40        49        59        70        11        12        13        14
        15        20        79        83        87        89        91        92
        26        33        41        50        60        71        16        17
        18        19        20        21
 LA34V
         0        26        26        78        78        78       130       130
       234       234       234       390       546         0         0        26
        78        78        78       130       130       130       234       234
       234       390       390       546       546         0         0         0
        78        78        78       130       130       130       234       234
       234       390       390       390       546       546       546        52
        52        52         0        26        26       182       182       182
       286       286       286       442       598       598        52        52
        52         0         0        26       182       182       182       286
       286       286       442       442       598       598       598        52
        52        52         0         0         0       182       182       182
       286       286       286       442       442       442       598       598
       598       104       104       156       156       156         0        26
        26       338       338       338       494       494       182       182
       182       104       104       104       156       156       156         0
         0        26       338       338       338       494       494       494
       182       182       182       104       104       104       156       156
       156         0         0         0       338       338       338       494
       494       494       182       182       182       208       208       208
       260       260       260       312       312       312         0        26
        26       234       234       234       650       650       650       208
       208       208       260       260       260       312       312       312
         0         0        26       234       234       234       650       650
       650       208       208       208       260       260       260       312
       312       312         0         0         0       234       234       234
       650       650       650       364       416       468       468       208
       208       208         0        26        26       702       702       702
       364       364       416       416       468       468       468       208
       208       208         0         0        26       702       702       702
       364       364       364       416       416       416       468       468
       468       208       208       208         0         0         0       702
       702       702       520       572       572       156       156       156
       624       624       624       676       676       676         0        26
        26       520       520       572       572       572       156       156
       156       624       624       624       676       676       676         0
         0        26       520       520       520       572       572       572
       156       156       156       624       624       624       676       676
       676         0         0         0
 LA34F
        28
 NGSHG
         0         1         5         9        13        21        25         0
         0         0         0         0         0         0         0         0
         0         0         0         0         0         0         0         0
         0         0        25        26        30        34        38        46
        50         0         0         0         0         0         0         0
         0         0         0         0         0         0         0         0
         0         0         0         0        50        54        62        66
         0         0         0         0         0         0         0         0
         0         0         0         0         0         0         0         0
         0         0         0         0         0         0        75        79
        87        91         0         0         0         0         0         0
         0         0         0         0         0         0         0         0
         0         0         0         0         0         0         0         0
       100       104       112         0         0         0         0         0
         0         0         0         0         0         0         0         0
         0         0         0         0         0         0         0         0
         0         0       125       129       137         0         0         0
         0         0         0         0         0         0         0         0
         0         0         0         0         0         0         0         0
         0         0         0         0       150       151       155       159
       163       171         0         0         0         0         0         0
         0         0         0         0         0         0         0         0
         0         0         0         0         0         0       175       176
       180       184       188       196         0         0         0         0
         0         0         0         0         0         0         0         0
         0         0         0         0         0         0         0         0
       200       201       205       209       213       221         0         0
         0         0         0         0         0         0         0         0
         0         0         0         0         0         0         0         0
         0         0       225       226       230       234       238       246
         0         0         0         0         0         0         0         0
         0         0         0         0         0         0         0         0
         0         0         0         0       250       254       262       266
       274         0         0         0         0         0         0         0
         0         0         0         0         0         0         0         0
         0         0         0         0         0         0       275       279
       287       291       299         0         0         0         0         0
         0         0         0         0         0         0         0         0
         0         0         0         0         0         0         0         0
       300       304       312       316         0         0         0         0
         0         0         0         0         0         0         0         0
         0         0         0         0         0         0         0         0
         0         0       325       329       337       341         0         0
         0         0         0         0         0         0         0         0
         0         0         0         0         0         0         0         0
         0         0         0         0       350       351       355       359
         0         0         0         0         0         0         0         0
         0         0         0         0         0         0         0         0
         0         0         0         0         0         0       375       376
       380       384         0         0         0         0         0         0
         0         0         0         0         0         0         0         0
         0         0         0         0         0         0         0         0
       400       404       412         0         0         0         0         0
         0         0         0         0         0         0         0         0
         0         0         0         0         0         0         0         0
         0         0       425       429       437         0         0         0
         0         0         0         0         0         0         0         0
         0         0         0         0         0         0         0         0
         0         0         0         0       450       454       462         0
         0         0         0         0         0         0         0         0
         0         0         0         0         0         0         0         0
         0         0         0         0         0         0       475       479
       487         0         0         0         0         0         0         0
         0         0         0         0         0         0         0         0
         0         0         0         0         0         0         0         0
       500       504       512         0         0         0         0         0
         0         0         0         0         0         0         0         0
         0         0         0         0         0         0         0         0
         0         0       525       529       537         0         0         0
         0         0         0         0         0         0         0         0
         0         0         0         0         0         0         0         0
         0         0         0         0       550       551       555       559
       563       571         0         0         0         0         0         0
         0         0         0         0         0         0         0         0
         0         0         0         0         0         0       575       576
       580       584       588       596         0         0         0         0
         0         0         0         0         0         0         0         0
         0         0         0         0         0         0         0         0
       600       604       612       616       624         0         0         0
         0         0         0         0         0         0         0         0
         0         0         0         0         0         0         0         0
         0         0       625       629       637       641       649         0
         0         0         0         0         0         0         0         0
         0         0         0         0         0         0         0         0
         0         0         0         0       650       654       662       666
         0         0         0         0         0         0         0         0
         0         0         0         0         0         0         0         0
         0         0         0         0         0         0       675       679
       687       691         0         0         0         0         0         0
         0         0         0         0         0         0         0         0
         0         0         0         0         0         0         0         0
NQGSHG
         1         2         3         4         5         6         7         8
         9        10        11        12        13        14        15        16
        17        18        19        20        21        22        23        24
        25         1         3         2         5         4         7         6
         9         8        11        10        13        12        15        14
        17        16        19        18        21        20        23        22
        25        24         1         2         4         6         3         5
         8         9        10        12        14        18         7        16
        21        22         0         0         0         0         0         0
         0         0         0         1         3         5         7         2
         4         9         8        11        13        15        19         6
        17        20        23         0         0         0         0         0
         0         0         0         0         1         2         4         6
         3         5         8         9        10        12        14        18
         0         0         0         0         0         0         0         0
         0         0         0         0         0         1         3         5
         7         2         4         9         8        11        13        15
        19         0         0         0         0         0         0         0
         0         0         0         0         0         0         1         2
         3         4         5         6         7         8         9        10
        11        12        13        14        15        16        17        18
        19        20        21         0         0         0         0         1
         3         2         5         4         7         6         9         8
        11        10        13        12        15        14        17        16
        19        18        21        20         0         0         0         0
         1         2         3         4         5         6         7         8
         9        10        11        12        13        14        15        16
        17        18        19        20        21         0         0         0
         0         1         3         2         5         4         7         6
         9         8        11        10        13        12        15        14
        17        16        19        18        21        20         0         0
         0         0         1         3         5         7         2         4
         8         9        11        13        15        19         6        17
        20        23        10        12        16        21        27        29
        31        35         0         1         2         4         6         3
         5         9         8        10        12        14        18         7
        16        21        22        11        13        17        20        26
        28        30        34         0         1         3         5         7
         2         4         8         9        11        13        15        19
         6        17        20        23         0         0         0         0
         0         0         0         0         0         1         2         4
         6         3         5         9         8        10        12        14
        18         7        16        21        22         0         0         0
         0         0         0         0         0         0         1         2
         3         4         5         6         7         8         9         0
         0         0         0         0         0         0         0         0
         0         0         0         0         0         0         0         1
         3         2         5         4         7         6         9         8
         0         0         0         0         0         0         0         0
         0         0         0         0         0         0         0         0
         1         3         5         7         2         4         8         9
        11        13        15        19         0         0         0         0
         0         0         0         0         0         0         0         0
         0         1         2         4         6         3         5         9
         8        10        12        14        18         0         0         0
         0         0         0         0         0         0         0         0
         0         0         7         3         5         1        19        15
        11        13         9         8         4         2         0         0
         0         0         0         0         0         0         0         0
         0         0         0         6         2         4         1        18
        14        10        12         8         9         5         3         0
         0         0         0         0         0         0         0         0
         0         0         0         0         6         2         4         1
        18        14        12        10         8         9         5         3
         0         0         0         0         0         0         0         0
         0         0         0         0         0         7         3         5
         1        19        15        13        11         9         8         4
         2         0         0         0         0         0         0         0
         0         0         0         0         0         0         1         2
         3         4         5         6         7         8         9        10
        11        12        13        14        15        16        17        18
        19        20        21         0         0         0         0         1
         3         2         5         4         7         6         9         8
        11        10        13        12        15        14        17        16
        19        18        21        20         0         0         0         0
         6         2         4         1        18        14        12        10
         8         9         5         3        22        16        21         7
        34        30        28        26        20        17        13        11
         0         7         3         5         1        19        15        13
        11         9         8         4         2        23        17        20
         6        35        31        29        27        21        16        12
        10         0         6         2         4         1        18        14
        10        12         8         9         5         3        22        16
        21         7         0         0         0         0         0         0
         0         0         0         7         3         5         1        19
        15        11        13         9         8         4         2        23
        17        20         6         0         0         0         0         0
         0         0         0         0
