LiF                                                                             
LIMINF LIMTOL LIMPAR
       500        50       200
INF   
        48        48         4         0       105         0       144        32
        96         3     33616    214736         0         0         0         6
        50         0      5020        48         1         0        16        16
         8         0         0       133        16         0         0         6
        16         0         3         0        44         1        20         4
        18         2        14        90        70         0         1         0
         0        24         1         8         4         4         4       150
         0         0         6         0         0         1         1         0
         0         0         0         0         0         0         7         0
       186         0       152      1200         0         0      6999         0
         0         0         0         0         0         0         0         4
         1         1         1         0         0         0         0         0
         0         0         0         1         0         1         0         0
         1         1         1         0         0         0         0         0
         0         1         0         0         0         0         0         0
         1         0         0         0         0         0         0         0
        16         0         0         0        19         0         0         0
         0         0         0         0        44        44         0         0
        43         0         0        48         1         0        55        55
         0         0         0         0         0         0         0         0
         0         0         0         0         0         0         0         0
         0         0         0         0         0         0         1         0
         0         0         2         0         0         0       240         0
         0         0         0         0         0         0      2056         0
         0         0         0         0         0         0         3         0
         0         0         0         0         0         0         0         0
         0  90000000         0         0         0         0         0         0
         0         0         0         5         0         0         0        16
         0        16         0      2121         0         0         0         0
       136         0         0         0         0         0      3500         0
        40         0         0       225        48         0         0         0
         0         0         0         0         0         0         0         0
         0         0         0   1000000         0         0         0         0
         0         0         0         0         0         0         0         0
         0         0         0         0         0         0         0         0
         0         0         0         0         0         0         0         0
         0         0         0         0         0         0         0         0
         0         0         0         0         0         0         0         0
         0         0         0         0         0         0         0         0
         0         0         0         0         0         0         0         0
       225         1         0         0         0         0         0         0
         0         0         0         0         0         0         0         0
         0         0         0         0         0         0         0         0
         0         0         0         0         0         0         0         0
         0         0         0         0         0         0         0         0
         0         0         0         0         0         0         0         0
         0         0         0         0         0         0         0         0
         0         0         0         0         0         0         0         0
         0         0         0         0         0         0         0         0
         0         0         0         0         0         0         0         0
         0         0         0         0         0         0         0         0
         0         0         0         0         0         0         0         0
         0         0         0         0         0         0         0         0
         0         0         0         0         0         0         0         0
         0         0         0         0         0         0         0         0
         0         0         0         0         0         0         0         0
         0         0         0         0         0         0         0         0
         0         0         0         0         0         0         0         0
         0         0         0         0         0         0         0         0
         0         0         0         0         0         0         0         0
         0         0         0         0         0         0         0         0
         0         0         0         0         0         0         0         0
         0         0         0         0
TOL   
         6         6         6         6        12         0         0         0
         0         0        20         6        16         0         0        30
         0         0        20         0         0         0         0         0
         0         0         0         0         0         0         0         0
         0         0         0         0         0         0         0         0
         0         0         0         0         0         0         0         0
         0         0
PAR   
 3.1415926535898E+00 1.8897261339213E+00 1.7453292519943E-02 2.7211383400000E+01
 8.7680852246193E+02-8.5644423822473E+02-4.9630521849290E-01 0.0000000000000E+00
 3.1830988618379E-01-5.8738805819303E-08-8.5644423822473E+02 6.9314718055995E-01
 1.7992034017008E-09 0.0000000000000E+00 8.5497084028335E+02 9.9913907621834E-01
 0.0000000000000E+00-2.4825685938734E+02 0.0000000000000E+00 0.0000000000000E+00
 0.0000000000000E+00 0.0000000000000E+00 0.0000000000000E+00 0.0000000000000E+00
 0.0000000000000E+00-1.3815510557964E+01 1.6605387300000E-27 2.6424608160000E+07
 2.9979245800000E+08 0.0000000000000E+00 2.6254996300000E+03 5.2917720830000E-01
 5.7295779513082E+01 6.2831853071796E+00 0.0000000000000E+00 0.0000000000000E+00
 0.0000000000000E+00 1.0000000000000E+00 1.0000000000000E+00 1.7320508075689E+00
 5.7735026918963E-01 4.1117228237205E-01 0.0000000000000E+00 0.0000000000000E+00
-2.3025850929940E+00 0.0000000000000E+00 0.0000000000000E+00 1.0000000000000E+02
-5.0000000000000E-01 0.0000000000000E+00 0.0000000000000E+00 0.0000000000000E+00
 0.0000000000000E+00 0.0000000000000E+00 0.0000000000000E+00 0.0000000000000E+00
 0.0000000000000E+00 0.0000000000000E+00 0.0000000000000E+00 0.0000000000000E+00
 0.0000000000000E+00 0.0000000000000E+00 0.0000000000000E+00 0.0000000000000E+00
 0.0000000000000E+00 0.0000000000000E+00 0.0000000000000E+00 0.0000000000000E+00
 0.0000000000000E+00 0.0000000000000E+00 0.0000000000000E+00 0.0000000000000E+00
 0.0000000000000E+00 0.0000000000000E+00 0.0000000000000E+00 0.0000000000000E+00
 0.0000000000000E+00 0.0000000000000E+00 0.0000000000000E+00 0.0000000000000E+00
 0.0000000000000E+00 0.0000000000000E+00 0.0000000000000E+00 0.0000000000000E+00
 0.0000000000000E+00 0.0000000000000E+00 0.0000000000000E+00 0.0000000000000E+00
 0.0000000000000E+00 0.0000000000000E+00 0.0000000000000E+00 0.0000000000000E+00
 0.0000000000000E+00 0.0000000000000E+00 0.0000000000000E+00 0.0000000000000E+00
 0.0000000000000E+00 0.0000000000000E+00 0.0000000000000E+00 0.0000000000000E+00
 0.0000000000000E+00 0.0000000000000E+00 0.0000000000000E+00 0.0000000000000E+00
 0.0000000000000E+00 0.0000000000000E+00 0.0000000000000E+00 0.0000000000000E+00
 0.0000000000000E+00 0.0000000000000E+00 0.0000000000000E+00 0.0000000000000E+00
 0.0000000000000E+00 0.0000000000000E+00 0.0000000000000E+00 0.0000000000000E+00
 0.0000000000000E+00 0.0000000000000E+00 0.0000000000000E+00 0.0000000000000E+00
 0.0000000000000E+00 0.0000000000000E+00 0.0000000000000E+00 0.0000000000000E+00
 0.0000000000000E+00 0.0000000000000E+00 0.0000000000000E+00 0.0000000000000E+00
 0.0000000000000E+00 0.0000000000000E+00 0.0000000000000E+00 0.0000000000000E+00
 0.0000000000000E+00 0.0000000000000E+00 0.0000000000000E+00 0.0000000000000E+00
 0.0000000000000E+00 0.0000000000000E+00 0.0000000000000E+00 0.0000000000000E+00
 0.0000000000000E+00 0.0000000000000E+00 0.0000000000000E+00 0.0000000000000E+00
 0.0000000000000E+00 0.0000000000000E+00 0.0000000000000E+00 0.0000000000000E+00
 0.0000000000000E+00 0.0000000000000E+00 0.0000000000000E+00 0.0000000000000E+00
 0.0000000000000E+00 0.0000000000000E+00 0.0000000000000E+00 0.0000000000000E+00
 0.0000000000000E+00 0.0000000000000E+00 0.0000000000000E+00 0.0000000000000E+00
 0.0000000000000E+00 0.0000000000000E+00 0.0000000000000E+00 0.0000000000000E+00
 0.0000000000000E+00 0.0000000000000E+00 0.0000000000000E+00 0.0000000000000E+00
 0.0000000000000E+00 0.0000000000000E+00 0.0000000000000E+00 0.0000000000000E+00
 0.0000000000000E+00 0.0000000000000E+00 0.0000000000000E+00 0.0000000000000E+00
 0.0000000000000E+00 0.0000000000000E+00 0.0000000000000E+00 0.0000000000000E+00
 0.0000000000000E+00 0.0000000000000E+00 0.0000000000000E+00 0.0000000000000E+00
 0.0000000000000E+00 0.0000000000000E+00 0.0000000000000E+00 0.0000000000000E+00
 0.0000000000000E+00 0.0000000000000E+00 0.0000000000000E+00 0.0000000000000E+00
 0.0000000000000E+00 0.0000000000000E+00 0.0000000000000E+00 0.0000000000000E+00
 0.0000000000000E+00 0.0000000000000E+00 1.0000000000000E+00 0.0000000000000E+00
XYVGVE
 1.0000000000000E+00 0.0000000000000E+00 0.0000000000000E+00 0.0000000000000E+00
 1.0000000000000E+00 0.0000000000000E+00 0.0000000000000E+00 0.0000000000000E+00
 1.0000000000000E+00-1.0000000000000E+00 0.0000000000000E+00 0.0000000000000E+00
 0.0000000000000E+00-1.0000000000000E+00 0.0000000000000E+00 0.0000000000000E+00
 0.0000000000000E+00 1.0000000000000E+00 1.0000000000000E+00 0.0000000000000E+00
 0.0000000000000E+00 0.0000000000000E+00-1.0000000000000E+00 0.0000000000000E+00
 0.0000000000000E+00 0.0000000000000E+00-1.0000000000000E+00-1.0000000000000E+00
 0.0000000000000E+00 0.0000000000000E+00 0.0000000000000E+00 1.0000000000000E+00
 0.0000000000000E+00 0.0000000000000E+00 0.0000000000000E+00-1.0000000000000E+00
 0.0000000000000E+00 1.0000000000000E+00 0.0000000000000E+00 0.0000000000000E+00
 0.0000000000000E+00 1.0000000000000E+00 1.0000000000000E+00 0.0000000000000E+00
 0.0000000000000E+00 0.0000000000000E+00 0.0000000000000E+00 1.0000000000000E+00
 1.0000000000000E+00 0.0000000000000E+00 0.0000000000000E+00 0.0000000000000E+00
 1.0000000000000E+00 0.0000000000000E+00 0.0000000000000E+00-1.0000000000000E+00
 0.0000000000000E+00 0.0000000000000E+00 0.0000000000000E+00 1.0000000000000E+00
-1.0000000000000E+00 0.0000000000000E+00 0.0000000000000E+00 0.0000000000000E+00
 0.0000000000000E+00-1.0000000000000E+00-1.0000000000000E+00 0.0000000000000E+00
 0.0000000000000E+00 0.0000000000000E+00 1.0000000000000E+00 0.0000000000000E+00
 0.0000000000000E+00-1.0000000000000E+00 0.0000000000000E+00 0.0000000000000E+00
 0.0000000000000E+00-1.0000000000000E+00 1.0000000000000E+00 0.0000000000000E+00
 0.0000000000000E+00 0.0000000000000E+00 0.0000000000000E+00 1.0000000000000E+00
-1.0000000000000E+00 0.0000000000000E+00 0.0000000000000E+00 0.0000000000000E+00
-1.0000000000000E+00 0.0000000000000E+00 0.0000000000000E+00 1.0000000000000E+00
 0.0000000000000E+00 0.0000000000000E+00 0.0000000000000E+00-1.0000000000000E+00
-1.0000000000000E+00 0.0000000000000E+00 0.0000000000000E+00 0.0000000000000E+00
 0.0000000000000E+00-1.0000000000000E+00 1.0000000000000E+00 0.0000000000000E+00
 0.0000000000000E+00 0.0000000000000E+00-1.0000000000000E+00 0.0000000000000E+00
 0.0000000000000E+00-1.0000000000000E+00 0.0000000000000E+00-1.0000000000000E+00
 0.0000000000000E+00 0.0000000000000E+00 0.0000000000000E+00 0.0000000000000E+00
-1.0000000000000E+00 0.0000000000000E+00 1.0000000000000E+00 0.0000000000000E+00
 1.0000000000000E+00 0.0000000000000E+00 0.0000000000000E+00 0.0000000000000E+00
 0.0000000000000E+00-1.0000000000000E+00 0.0000000000000E+00-1.0000000000000E+00
 0.0000000000000E+00 1.0000000000000E+00 0.0000000000000E+00 0.0000000000000E+00
 0.0000000000000E+00 0.0000000000000E+00 1.0000000000000E+00 0.0000000000000E+00
 1.0000000000000E+00 0.0000000000000E+00-1.0000000000000E+00 0.0000000000000E+00
 0.0000000000000E+00 0.0000000000000E+00 0.0000000000000E+00 1.0000000000000E+00
-1.0000000000000E+00 0.0000000000000E+00 0.0000000000000E+00 0.0000000000000E+00
 0.0000000000000E+00-1.0000000000000E+00 0.0000000000000E+00-1.0000000000000E+00
 0.0000000000000E+00 0.0000000000000E+00 0.0000000000000E+00-1.0000000000000E+00
 0.0000000000000E+00-1.0000000000000E+00 0.0000000000000E+00-1.0000000000000E+00
 0.0000000000000E+00 0.0000000000000E+00 1.0000000000000E+00 0.0000000000000E+00
 0.0000000000000E+00 0.0000000000000E+00 0.0000000000000E+00-1.0000000000000E+00
 0.0000000000000E+00 1.0000000000000E+00 0.0000000000000E+00 0.0000000000000E+00
 0.0000000000000E+00 1.0000000000000E+00 0.0000000000000E+00 1.0000000000000E+00
 0.0000000000000E+00-1.0000000000000E+00 0.0000000000000E+00 0.0000000000000E+00
 1.0000000000000E+00 0.0000000000000E+00 0.0000000000000E+00 0.0000000000000E+00
 0.0000000000000E+00 1.0000000000000E+00 0.0000000000000E+00-1.0000000000000E+00
 0.0000000000000E+00 0.0000000000000E+00 0.0000000000000E+00-1.0000000000000E+00
 0.0000000000000E+00 1.0000000000000E+00 0.0000000000000E+00 1.0000000000000E+00
 0.0000000000000E+00 0.0000000000000E+00-1.0000000000000E+00 0.0000000000000E+00
 0.0000000000000E+00 0.0000000000000E+00 0.0000000000000E+00 1.0000000000000E+00
 0.0000000000000E+00 1.0000000000000E+00 0.0000000000000E+00 0.0000000000000E+00
 0.0000000000000E+00 1.0000000000000E+00 0.0000000000000E+00-1.0000000000000E+00
 0.0000000000000E+00 1.0000000000000E+00 0.0000000000000E+00 0.0000000000000E+00
-1.0000000000000E+00 0.0000000000000E+00 0.0000000000000E+00 0.0000000000000E+00
-1.0000000000000E+00 0.0000000000000E+00 0.0000000000000E+00 0.0000000000000E+00
-1.0000000000000E+00 1.0000000000000E+00 0.0000000000000E+00 0.0000000000000E+00
 0.0000000000000E+00 1.0000000000000E+00 0.0000000000000E+00 0.0000000000000E+00
 0.0000000000000E+00-1.0000000000000E+00-1.0000000000000E+00 0.0000000000000E+00
 0.0000000000000E+00 0.0000000000000E+00 1.0000000000000E+00 0.0000000000000E+00
 0.0000000000000E+00 0.0000000000000E+00 1.0000000000000E+00 1.0000000000000E+00
 0.0000000000000E+00 0.0000000000000E+00 0.0000000000000E+00-1.0000000000000E+00
 0.0000000000000E+00 0.0000000000000E+00 0.0000000000000E+00 1.0000000000000E+00
 0.0000000000000E+00-1.0000000000000E+00 0.0000000000000E+00 0.0000000000000E+00
 0.0000000000000E+00-1.0000000000000E+00-1.0000000000000E+00 0.0000000000000E+00
 0.0000000000000E+00 0.0000000000000E+00 0.0000000000000E+00-1.0000000000000E+00
-1.0000000000000E+00 0.0000000000000E+00 0.0000000000000E+00 0.0000000000000E+00
-1.0000000000000E+00 0.0000000000000E+00 0.0000000000000E+00 1.0000000000000E+00
 0.0000000000000E+00 0.0000000000000E+00 0.0000000000000E+00-1.0000000000000E+00
 1.0000000000000E+00 0.0000000000000E+00 0.0000000000000E+00 0.0000000000000E+00
 0.0000000000000E+00 1.0000000000000E+00 1.0000000000000E+00 0.0000000000000E+00
 0.0000000000000E+00 0.0000000000000E+00-1.0000000000000E+00 0.0000000000000E+00
 0.0000000000000E+00 1.0000000000000E+00 0.0000000000000E+00 0.0000000000000E+00
 0.0000000000000E+00 1.0000000000000E+00-1.0000000000000E+00 0.0000000000000E+00
 0.0000000000000E+00 0.0000000000000E+00 0.0000000000000E+00-1.0000000000000E+00
 1.0000000000000E+00 0.0000000000000E+00 0.0000000000000E+00 0.0000000000000E+00
 1.0000000000000E+00 0.0000000000000E+00 0.0000000000000E+00-1.0000000000000E+00
 0.0000000000000E+00 0.0000000000000E+00 0.0000000000000E+00 1.0000000000000E+00
 1.0000000000000E+00 0.0000000000000E+00 0.0000000000000E+00 0.0000000000000E+00
 0.0000000000000E+00 1.0000000000000E+00-1.0000000000000E+00 0.0000000000000E+00
 0.0000000000000E+00 0.0000000000000E+00 1.0000000000000E+00 0.0000000000000E+00
 0.0000000000000E+00 1.0000000000000E+00 0.0000000000000E+00 1.0000000000000E+00
 0.0000000000000E+00 0.0000000000000E+00 0.0000000000000E+00 0.0000000000000E+00
 1.0000000000000E+00 0.0000000000000E+00-1.0000000000000E+00 0.0000000000000E+00
-1.0000000000000E+00 0.0000000000000E+00 0.0000000000000E+00 0.0000000000000E+00
 0.0000000000000E+00 1.0000000000000E+00 0.0000000000000E+00 1.0000000000000E+00
 0.0000000000000E+00-1.0000000000000E+00 0.0000000000000E+00 0.0000000000000E+00
 0.0000000000000E+00 0.0000000000000E+00-1.0000000000000E+00 0.0000000000000E+00
-1.0000000000000E+00 0.0000000000000E+00 1.0000000000000E+00 0.0000000000000E+00
 0.0000000000000E+00 0.0000000000000E+00 0.0000000000000E+00-1.0000000000000E+00
 1.0000000000000E+00 0.0000000000000E+00 0.0000000000000E+00 0.0000000000000E+00
 0.0000000000000E+00 1.0000000000000E+00 0.0000000000000E+00 1.0000000000000E+00
 0.0000000000000E+00 0.0000000000000E+00 0.0000000000000E+00 1.0000000000000E+00
 0.0000000000000E+00 1.0000000000000E+00 0.0000000000000E+00 1.0000000000000E+00
 0.0000000000000E+00 0.0000000000000E+00-1.0000000000000E+00 0.0000000000000E+00
 0.0000000000000E+00 0.0000000000000E+00 0.0000000000000E+00 1.0000000000000E+00
 0.0000000000000E+00-1.0000000000000E+00 0.0000000000000E+00 0.0000000000000E+00
 0.0000000000000E+00-1.0000000000000E+00 0.0000000000000E+00-1.0000000000000E+00
 0.0000000000000E+00 1.0000000000000E+00 0.0000000000000E+00 0.0000000000000E+00
-1.0000000000000E+00 0.0000000000000E+00 0.0000000000000E+00 0.0000000000000E+00
 0.0000000000000E+00-1.0000000000000E+00 0.0000000000000E+00 1.0000000000000E+00
 0.0000000000000E+00 0.0000000000000E+00 0.0000000000000E+00 1.0000000000000E+00
 0.0000000000000E+00-1.0000000000000E+00 0.0000000000000E+00-1.0000000000000E+00
 0.0000000000000E+00 0.0000000000000E+00 1.0000000000000E+00 0.0000000000000E+00
 0.0000000000000E+00 0.0000000000000E+00 0.0000000000000E+00-1.0000000000000E+00
 0.0000000000000E+00-1.0000000000000E+00 0.0000000000000E+00 0.0000000000000E+00
 0.0000000000000E+00-1.0000000000000E+00 0.0000000000000E+00 1.0000000000000E+00
 0.0000000000000E+00-1.0000000000000E+00 0.0000000000000E+00 0.0000000000000E+00
 0.0000000000000E+00 0.0000000000000E+00 0.0000000000000E+00 0.0000000000000E+00
 0.0000000000000E+00 0.0000000000000E+00 0.0000000000000E+00 0.0000000000000E+00
 0.0000000000000E+00 0.0000000000000E+00 0.0000000000000E+00 0.0000000000000E+00
 0.0000000000000E+00 0.0000000000000E+00 0.0000000000000E+00 0.0000000000000E+00
 0.0000000000000E+00 0.0000000000000E+00 0.0000000000000E+00 0.0000000000000E+00
 0.0000000000000E+00 0.0000000000000E+00 0.0000000000000E+00 0.0000000000000E+00
 0.0000000000000E+00 0.0000000000000E+00 0.0000000000000E+00 0.0000000000000E+00
 0.0000000000000E+00 0.0000000000000E+00 0.0000000000000E+00 0.0000000000000E+00
 0.0000000000000E+00 0.0000000000000E+00 0.0000000000000E+00 0.0000000000000E+00
 0.0000000000000E+00 0.0000000000000E+00 0.0000000000000E+00 0.0000000000000E+00
 0.0000000000000E+00 0.0000000000000E+00 0.0000000000000E+00 0.0000000000000E+00
 0.0000000000000E+00 0.0000000000000E+00 0.0000000000000E+00 0.0000000000000E+00
 0.0000000000000E+00 0.0000000000000E+00 0.0000000000000E+00 0.0000000000000E+00
 0.0000000000000E+00 0.0000000000000E+00 0.0000000000000E+00 0.0000000000000E+00
 0.0000000000000E+00 0.0000000000000E+00 0.0000000000000E+00 0.0000000000000E+00
 0.0000000000000E+00 0.0000000000000E+00 0.0000000000000E+00 0.0000000000000E+00
 0.0000000000000E+00 0.0000000000000E+00 0.0000000000000E+00 0.0000000000000E+00
 0.0000000000000E+00 0.0000000000000E+00 0.0000000000000E+00 0.0000000000000E+00
 0.0000000000000E+00 0.0000000000000E+00 0.0000000000000E+00 0.0000000000000E+00
 0.0000000000000E+00 0.0000000000000E+00 0.0000000000000E+00 0.0000000000000E+00
 0.0000000000000E+00 0.0000000000000E+00 0.0000000000000E+00 0.0000000000000E+00
 0.0000000000000E+00 0.0000000000000E+00 0.0000000000000E+00 0.0000000000000E+00
 0.0000000000000E+00 0.0000000000000E+00 0.0000000000000E+00 0.0000000000000E+00
 0.0000000000000E+00 0.0000000000000E+00 0.0000000000000E+00 0.0000000000000E+00
 0.0000000000000E+00 0.0000000000000E+00 0.0000000000000E+00 0.0000000000000E+00
 0.0000000000000E+00 0.0000000000000E+00 0.0000000000000E+00 0.0000000000000E+00
 0.0000000000000E+00 0.0000000000000E+00 0.0000000000000E+00 0.0000000000000E+00
 0.0000000000000E+00 0.0000000000000E+00 0.0000000000000E+00 0.0000000000000E+00
 0.0000000000000E+00 0.0000000000000E+00 0.0000000000000E+00 0.0000000000000E+00
 0.0000000000000E+00 0.0000000000000E+00 0.0000000000000E+00 0.0000000000000E+00
 0.0000000000000E+00 0.0000000000000E+00 0.0000000000000E+00 0.0000000000000E+00
 0.0000000000000E+00 0.0000000000000E+00 0.0000000000000E+00 0.0000000000000E+00
 0.0000000000000E+00 0.0000000000000E+00 0.0000000000000E+00 0.0000000000000E+00
 0.0000000000000E+00 0.0000000000000E+00 0.0000000000000E+00 0.0000000000000E+00
 0.0000000000000E+00 0.0000000000000E+00 0.0000000000000E+00 0.0000000000000E+00
 0.0000000000000E+00 0.0000000000000E+00 0.0000000000000E+00 0.0000000000000E+00
 0.0000000000000E+00 7.5966990583634E+00 7.5966990583634E+00 7.5966990583634E+00
 0.0000000000000E+00 7.5966990583634E+00 7.5966990583634E+00 7.5966990583634E+00
 0.0000000000000E+00 1.0000000000000E+00 0.0000000000000E+00 0.0000000000000E+00
 0.0000000000000E+00 1.0000000000000E+00 0.0000000000000E+00 0.0000000000000E+00
 0.0000000000000E+00 1.0000000000000E+00
BASATO
 9.0000000000000E+00 9.0000000000000E+00 9.0000000000000E+00 9.0000000000000E+00
 9.0000000000000E+00 9.0000000000000E+00 9.0000000000000E+00 9.0000000000000E+00
 3.0000000000000E+00 3.0000000000000E+00 3.0000000000000E+00 3.0000000000000E+00
 3.0000000000000E+00 3.0000000000000E+00 3.0000000000000E+00 3.0000000000000E+00
 0.0000000000000E+00 0.0000000000000E+00 0.0000000000000E+00 3.7983495291817E+00
 3.7983495291817E+00-1.8959167812004E-16 3.7983495291817E+00-1.8959167812004E-16
 3.7983495291817E+00 7.5966990583634E+00 3.7983495291817E+00 3.7983495291817E+00
-1.5600161589445E-35 3.7983495291817E+00 3.7983495291817E+00 3.7983495291817E+00
 7.5966990583634E+00 3.7983495291817E+00 3.7983495291817E+00 3.7983495291817E+00
 7.5966990583634E+00 7.5966990583634E+00 7.5966990583634E+00 7.5966990583634E+00
 1.1193849781448E-17-2.1085075514358E-16-3.7983495291817E+00-3.7983495291817E+00
-3.7983495291817E+00-3.7983495291817E+00 3.7983495291817E+00-2.1085075514358E-16
-2.1085075514358E-16-1.1193849781448E-17-3.7983495291817E+00-2.1085075514358E-16
 1.1193849781448E-17 3.7983495291817E+00 2.1085075514358E-16-3.7983495291817E+00
 2.1085075514358E-16 2.1085075514358E-16 3.7983495291817E+00 3.7983495291817E+00
 3.7983495291817E+00-1.1193849781448E-17 2.1085075514358E-16 3.7983495291817E+00
 2.0000000000000E+00 7.0000000000000E+00 0.0000000000000E+00 0.0000000000000E+00
 2.0000000000000E+00 7.0000000000000E+00 0.0000000000000E+00 0.0000000000000E+00
 2.0000000000000E+00 7.0000000000000E+00 0.0000000000000E+00 0.0000000000000E+00
 2.0000000000000E+00 7.0000000000000E+00 0.0000000000000E+00 0.0000000000000E+00
 2.0000000000000E+00 7.0000000000000E+00 0.0000000000000E+00 0.0000000000000E+00
 2.0000000000000E+00 7.0000000000000E+00 0.0000000000000E+00 0.0000000000000E+00
 2.0000000000000E+00 7.0000000000000E+00 0.0000000000000E+00 0.0000000000000E+00
 2.0000000000000E+00 7.0000000000000E+00 0.0000000000000E+00 0.0000000000000E+00
 2.0000000000000E+00 1.0000000000000E+00 2.0000000000000E+00 1.0000000000000E+00
 2.0000000000000E+00 1.0000000000000E+00 2.0000000000000E+00 1.0000000000000E+00
 2.0000000000000E+00 1.0000000000000E+00 2.0000000000000E+00 1.0000000000000E+00
 2.0000000000000E+00 1.0000000000000E+00 2.0000000000000E+00 1.0000000000000E+00
 4.7600000000000E+00 1.3870000000000E+00 4.3700000000000E-01 1.3700000000000E-01
 4.7600000000000E+00 1.3870000000000E+00 4.3700000000000E-01 1.3700000000000E-01
 4.7600000000000E+00 1.3870000000000E+00 4.3700000000000E-01 1.3700000000000E-01
 4.7600000000000E+00 1.3870000000000E+00 4.3700000000000E-01 1.3700000000000E-01
 4.7600000000000E+00 1.3870000000000E+00 4.3700000000000E-01 1.3700000000000E-01
 4.7600000000000E+00 1.3870000000000E+00 4.3700000000000E-01 1.3700000000000E-01
 4.7600000000000E+00 1.3870000000000E+00 4.3700000000000E-01 1.3700000000000E-01
 4.7600000000000E+00 1.3870000000000E+00 4.3700000000000E-01 1.3700000000000E-01
 1.5000000000000E+00 5.2500000000000E-01 1.5000000000000E+00 5.2500000000000E-01
 1.5000000000000E+00 5.2500000000000E-01 1.5000000000000E+00 5.2500000000000E-01
 1.5000000000000E+00 5.2500000000000E-01 1.5000000000000E+00 5.2500000000000E-01
 1.5000000000000E+00 5.2500000000000E-01 1.5000000000000E+00 5.2500000000000E-01
 0.0000000000000E+00 0.0000000000000E+00 0.0000000000000E+00 0.0000000000000E+00
 0.0000000000000E+00 0.0000000000000E+00 0.0000000000000E+00 0.0000000000000E+00
 0.0000000000000E+00 0.0000000000000E+00 0.0000000000000E+00 0.0000000000000E+00
 3.7983495291817E+00 3.7983495291817E+00-1.8959167812004E-16 3.7983495291817E+00
 3.7983495291817E+00-1.8959167812004E-16 3.7983495291817E+00 3.7983495291817E+00
-1.8959167812004E-16 3.7983495291817E+00 3.7983495291817E+00-1.8959167812004E-16
 3.7983495291817E+00-1.8959167812004E-16 3.7983495291817E+00 3.7983495291817E+00
-1.8959167812004E-16 3.7983495291817E+00 3.7983495291817E+00-1.8959167812004E-16
 3.7983495291817E+00 3.7983495291817E+00-1.8959167812004E-16 3.7983495291817E+00
 7.5966990583634E+00 3.7983495291817E+00 3.7983495291817E+00 7.5966990583634E+00
 3.7983495291817E+00 3.7983495291817E+00 7.5966990583634E+00 3.7983495291817E+00
 3.7983495291817E+00 7.5966990583634E+00 3.7983495291817E+00 3.7983495291817E+00
-1.5600161589445E-35 3.7983495291817E+00 3.7983495291817E+00-1.5600161589445E-35
 3.7983495291817E+00 3.7983495291817E+00-1.5600161589445E-35 3.7983495291817E+00
 3.7983495291817E+00-1.5600161589445E-35 3.7983495291817E+00 3.7983495291817E+00
 3.7983495291817E+00 7.5966990583634E+00 3.7983495291817E+00 3.7983495291817E+00
 7.5966990583634E+00 3.7983495291817E+00 3.7983495291817E+00 7.5966990583634E+00
 3.7983495291817E+00 3.7983495291817E+00 7.5966990583634E+00 3.7983495291817E+00
 3.7983495291817E+00 3.7983495291817E+00 7.5966990583634E+00 3.7983495291817E+00
 3.7983495291817E+00 7.5966990583634E+00 3.7983495291817E+00 3.7983495291817E+00
 7.5966990583634E+00 3.7983495291817E+00 3.7983495291817E+00 7.5966990583634E+00
 7.5966990583634E+00 7.5966990583634E+00 7.5966990583634E+00 7.5966990583634E+00
 7.5966990583634E+00 7.5966990583634E+00 7.5966990583634E+00 7.5966990583634E+00
 7.5966990583634E+00 7.5966990583634E+00 7.5966990583634E+00 7.5966990583634E+00
 1.1193849781448E-17-2.1085075514358E-16-3.7983495291817E+00 1.1193849781448E-17
-2.1085075514358E-16-3.7983495291817E+00-3.7983495291817E+00-3.7983495291817E+00
-3.7983495291817E+00-3.7983495291817E+00-3.7983495291817E+00-3.7983495291817E+00
 3.7983495291817E+00-2.1085075514358E-16-2.1085075514358E-16 3.7983495291817E+00
-2.1085075514358E-16-2.1085075514358E-16-1.1193849781448E-17-3.7983495291817E+00
-2.1085075514358E-16-1.1193849781448E-17-3.7983495291817E+00-2.1085075514358E-16
 1.1193849781448E-17 3.7983495291817E+00 2.1085075514358E-16 1.1193849781448E-17
 3.7983495291817E+00 2.1085075514358E-16-3.7983495291817E+00 2.1085075514358E-16
 2.1085075514358E-16-3.7983495291817E+00 2.1085075514358E-16 2.1085075514358E-16
 3.7983495291817E+00 3.7983495291817E+00 3.7983495291817E+00 3.7983495291817E+00
 3.7983495291817E+00 3.7983495291817E+00-1.1193849781448E-17 2.1085075514358E-16
 3.7983495291817E+00-1.1193849781448E-17 2.1085075514358E-16 3.7983495291817E+00
 1.3770000000000E+04 1.5900000000000E+03 3.2650000000000E+02 9.1660000000000E+01
 3.0460000000000E+01 1.1500000000000E+01 4.7600000000000E+00 1.9000000000000E+01
 4.5300000000000E+00 1.3870000000000E+00 4.3700000000000E-01 1.3700000000000E-01
 1.3770000000000E+04 1.5900000000000E+03 3.2650000000000E+02 9.1660000000000E+01
 3.0460000000000E+01 1.1500000000000E+01 4.7600000000000E+00 1.9000000000000E+01
 4.5300000000000E+00 1.3870000000000E+00 4.3700000000000E-01 1.3700000000000E-01
 1.3770000000000E+04 1.5900000000000E+03 3.2650000000000E+02 9.1660000000000E+01
 3.0460000000000E+01 1.1500000000000E+01 4.7600000000000E+00 1.9000000000000E+01
 4.5300000000000E+00 1.3870000000000E+00 4.3700000000000E-01 1.3700000000000E-01
 1.3770000000000E+04 1.5900000000000E+03 3.2650000000000E+02 9.1660000000000E+01
 3.0460000000000E+01 1.1500000000000E+01 4.7600000000000E+00 1.9000000000000E+01
 4.5300000000000E+00 1.3870000000000E+00 4.3700000000000E-01 1.3700000000000E-01
 1.3770000000000E+04 1.5900000000000E+03 3.2650000000000E+02 9.1660000000000E+01
 3.0460000000000E+01 1.1500000000000E+01 4.7600000000000E+00 1.9000000000000E+01
 4.5300000000000E+00 1.3870000000000E+00 4.3700000000000E-01 1.3700000000000E-01
 1.3770000000000E+04 1.5900000000000E+03 3.2650000000000E+02 9.1660000000000E+01
 3.0460000000000E+01 1.1500000000000E+01 4.7600000000000E+00 1.9000000000000E+01
 4.5300000000000E+00 1.3870000000000E+00 4.3700000000000E-01 1.3700000000000E-01
 1.3770000000000E+04 1.5900000000000E+03 3.2650000000000E+02 9.1660000000000E+01
 3.0460000000000E+01 1.1500000000000E+01 4.7600000000000E+00 1.9000000000000E+01
 4.5300000000000E+00 1.3870000000000E+00 4.3700000000000E-01 1.3700000000000E-01
 1.3770000000000E+04 1.5900000000000E+03 3.2650000000000E+02 9.1660000000000E+01
 3.0460000000000E+01 1.1500000000000E+01 4.7600000000000E+00 1.9000000000000E+01
 4.5300000000000E+00 1.3870000000000E+00 4.3700000000000E-01 1.3700000000000E-01
 8.4000000000000E+02 2.1750000000000E+02 7.2300000000000E+01 1.9660000000000E+01
 5.0440000000000E+00 1.5000000000000E+00 5.2500000000000E-01 8.4000000000000E+02
 2.1750000000000E+02 7.2300000000000E+01 1.9660000000000E+01 5.0440000000000E+00
 1.5000000000000E+00 5.2500000000000E-01 8.4000000000000E+02 2.1750000000000E+02
 7.2300000000000E+01 1.9660000000000E+01 5.0440000000000E+00 1.5000000000000E+00
 5.2500000000000E-01 8.4000000000000E+02 2.1750000000000E+02 7.2300000000000E+01
 1.9660000000000E+01 5.0440000000000E+00 1.5000000000000E+00 5.2500000000000E-01
 8.4000000000000E+02 2.1750000000000E+02 7.2300000000000E+01 1.9660000000000E+01
 5.0440000000000E+00 1.5000000000000E+00 5.2500000000000E-01 8.4000000000000E+02
 2.1750000000000E+02 7.2300000000000E+01 1.9660000000000E+01 5.0440000000000E+00
 1.5000000000000E+00 5.2500000000000E-01 8.4000000000000E+02 2.1750000000000E+02
 7.2300000000000E+01 1.9660000000000E+01 5.0440000000000E+00 1.5000000000000E+00
 5.2500000000000E-01 8.4000000000000E+02 2.1750000000000E+02 7.2300000000000E+01
 1.9660000000000E+01 5.0440000000000E+00 1.5000000000000E+00 5.2500000000000E-01
 1.9388523550303E+00 4.0069472695051E+00 6.4922217969072E+00 8.7121067301412E+00
 8.3614546701550E+00 4.5234797303907E+00 7.3196966239128E-01-1.9678021585042E+00
-7.9108924231542E-01 2.5261332526719E+00 9.3163831086814E-01 3.9032528631045E-01
 1.9388523550303E+00 4.0069472695051E+00 6.4922217969072E+00 8.7121067301412E+00
 8.3614546701550E+00 4.5234797303907E+00 7.3196966239128E-01-1.9678021585042E+00
-7.9108924231542E-01 2.5261332526719E+00 9.3163831086814E-01 3.9032528631045E-01
 1.9388523550303E+00 4.0069472695051E+00 6.4922217969072E+00 8.7121067301412E+00
 8.3614546701550E+00 4.5234797303907E+00 7.3196966239128E-01-1.9678021585042E+00
-7.9108924231542E-01 2.5261332526719E+00 9.3163831086814E-01 3.9032528631045E-01
 1.9388523550303E+00 4.0069472695051E+00 6.4922217969072E+00 8.7121067301412E+00
 8.3614546701550E+00 4.5234797303907E+00 7.3196966239128E-01-1.9678021585042E+00
-7.9108924231542E-01 2.5261332526719E+00 9.3163831086814E-01 3.9032528631045E-01
 1.9388523550303E+00 4.0069472695051E+00 6.4922217969072E+00 8.7121067301412E+00
 8.3614546701550E+00 4.5234797303907E+00 7.3196966239128E-01-1.9678021585042E+00
-7.9108924231542E-01 2.5261332526719E+00 9.3163831086814E-01 3.9032528631045E-01
 1.9388523550303E+00 4.0069472695051E+00 6.4922217969072E+00 8.7121067301412E+00
 8.3614546701550E+00 4.5234797303907E+00 7.3196966239128E-01-1.9678021585042E+00
-7.9108924231542E-01 2.5261332526719E+00 9.3163831086814E-01 3.9032528631045E-01
 1.9388523550303E+00 4.0069472695051E+00 6.4922217969072E+00 8.7121067301412E+00
 8.3614546701550E+00 4.5234797303907E+00 7.3196966239128E-01-1.9678021585042E+00
-7.9108924231542E-01 2.5261332526719E+00 9.3163831086814E-01 3.9032528631045E-01
 1.9388523550303E+00 4.0069472695051E+00 6.4922217969072E+00 8.7121067301412E+00
 8.3614546701550E+00 4.5234797303907E+00 7.3196966239128E-01-1.9678021585042E+00
-7.9108924231542E-01 2.5261332526719E+00 9.3163831086814E-01 3.9032528631045E-01
 4.2927248229868E-01 5.0168721084719E-01 8.6560187467588E-01 1.7747293329763E+00
 2.2374511845795E+00 1.4124988490687E+00 1.0690690067042E+00 4.2927248229868E-01
 5.0168721084719E-01 8.6560187467588E-01 1.7747293329763E+00 2.2374511845795E+00
 1.4124988490687E+00 1.0690690067042E+00 4.2927248229868E-01 5.0168721084719E-01
 8.6560187467588E-01 1.7747293329763E+00 2.2374511845795E+00 1.4124988490687E+00
 1.0690690067042E+00 4.2927248229868E-01 5.0168721084719E-01 8.6560187467588E-01
 1.7747293329763E+00 2.2374511845795E+00 1.4124988490687E+00 1.0690690067042E+00
 4.2927248229868E-01 5.0168721084719E-01 8.6560187467588E-01 1.7747293329763E+00
 2.2374511845795E+00 1.4124988490687E+00 1.0690690067042E+00 4.2927248229868E-01
 5.0168721084719E-01 8.6560187467588E-01 1.7747293329763E+00 2.2374511845795E+00
 1.4124988490687E+00 1.0690690067042E+00 4.2927248229868E-01 5.0168721084719E-01
 8.6560187467588E-01 1.7747293329763E+00 2.2374511845795E+00 1.4124988490687E+00
 1.0690690067042E+00 4.2927248229868E-01 5.0168721084719E-01 8.6560187467588E-01
 1.7747293329763E+00 2.2374511845795E+00 1.4124988490687E+00 1.0690690067042E+00
 0.0000000000000E+00 0.0000000000000E+00 0.0000000000000E+00 0.0000000000000E+00
 0.0000000000000E+00 0.0000000000000E+00 0.0000000000000E+00 1.1748806384457E+01
 8.3754969344946E+00 3.5836611753415E+00 1.2317371875123E+00 2.8894618593272E-01
 0.0000000000000E+00 0.0000000000000E+00 0.0000000000000E+00 0.0000000000000E+00
 0.0000000000000E+00 0.0000000000000E+00 0.0000000000000E+00 1.1748806384457E+01
 8.3754969344946E+00 3.5836611753415E+00 1.2317371875123E+00 2.8894618593272E-01
 0.0000000000000E+00 0.0000000000000E+00 0.0000000000000E+00 0.0000000000000E+00
 0.0000000000000E+00 0.0000000000000E+00 0.0000000000000E+00 1.1748806384457E+01
 8.3754969344946E+00 3.5836611753415E+00 1.2317371875123E+00 2.8894618593272E-01
 0.0000000000000E+00 0.0000000000000E+00 0.0000000000000E+00 0.0000000000000E+00
 0.0000000000000E+00 0.0000000000000E+00 0.0000000000000E+00 1.1748806384457E+01
 8.3754969344946E+00 3.5836611753415E+00 1.2317371875123E+00 2.8894618593272E-01
 0.0000000000000E+00 0.0000000000000E+00 0.0000000000000E+00 0.0000000000000E+00
 0.0000000000000E+00 0.0000000000000E+00 0.0000000000000E+00 1.1748806384457E+01
 8.3754969344946E+00 3.5836611753415E+00 1.2317371875123E+00 2.8894618593272E-01
 0.0000000000000E+00 0.0000000000000E+00 0.0000000000000E+00 0.0000000000000E+00
 0.0000000000000E+00 0.0000000000000E+00 0.0000000000000E+00 1.1748806384457E+01
 8.3754969344946E+00 3.5836611753415E+00 1.2317371875123E+00 2.8894618593272E-01
 0.0000000000000E+00 0.0000000000000E+00 0.0000000000000E+00 0.0000000000000E+00
 0.0000000000000E+00 0.0000000000000E+00 0.0000000000000E+00 1.1748806384457E+01
 8.3754969344946E+00 3.5836611753415E+00 1.2317371875123E+00 2.8894618593272E-01
 0.0000000000000E+00 0.0000000000000E+00 0.0000000000000E+00 0.0000000000000E+00
 0.0000000000000E+00 0.0000000000000E+00 0.0000000000000E+00 1.1748806384457E+01
 8.3754969344946E+00 3.5836611753415E+00 1.2317371875123E+00 2.8894618593272E-01
 0.0000000000000E+00 0.0000000000000E+00 0.0000000000000E+00 0.0000000000000E+00
 0.0000000000000E+00 0.0000000000000E+00 1.5492281743825E+00 0.0000000000000E+00
 0.0000000000000E+00 0.0000000000000E+00 0.0000000000000E+00 0.0000000000000E+00
 0.0000000000000E+00 1.5492281743825E+00 0.0000000000000E+00 0.0000000000000E+00
 0.0000000000000E+00 0.0000000000000E+00 0.0000000000000E+00 0.0000000000000E+00
 1.5492281743825E+00 0.0000000000000E+00 0.0000000000000E+00 0.0000000000000E+00
 0.0000000000000E+00 0.0000000000000E+00 0.0000000000000E+00 1.5492281743825E+00
 0.0000000000000E+00 0.0000000000000E+00 0.0000000000000E+00 0.0000000000000E+00
 0.0000000000000E+00 0.0000000000000E+00 1.5492281743825E+00 0.0000000000000E+00
 0.0000000000000E+00 0.0000000000000E+00 0.0000000000000E+00 0.0000000000000E+00
 0.0000000000000E+00 1.5492281743825E+00 0.0000000000000E+00 0.0000000000000E+00
 0.0000000000000E+00 0.0000000000000E+00 0.0000000000000E+00 0.0000000000000E+00
 1.5492281743825E+00 0.0000000000000E+00 0.0000000000000E+00 0.0000000000000E+00
 0.0000000000000E+00 0.0000000000000E+00 0.0000000000000E+00 1.5492281743825E+00
 0.0000000000000E+00 0.0000000000000E+00 0.0000000000000E+00 0.0000000000000E+00
 0.0000000000000E+00 0.0000000000000E+00 0.0000000000000E+00 0.0000000000000E+00
 0.0000000000000E+00 0.0000000000000E+00 0.0000000000000E+00 0.0000000000000E+00
 0.0000000000000E+00 0.0000000000000E+00 0.0000000000000E+00 0.0000000000000E+00
 0.0000000000000E+00 0.0000000000000E+00 0.0000000000000E+00 0.0000000000000E+00
 0.0000000000000E+00 0.0000000000000E+00 0.0000000000000E+00 0.0000000000000E+00
 0.0000000000000E+00 0.0000000000000E+00 0.0000000000000E+00 0.0000000000000E+00
 0.0000000000000E+00 0.0000000000000E+00 0.0000000000000E+00 0.0000000000000E+00
 0.0000000000000E+00 0.0000000000000E+00 0.0000000000000E+00 0.0000000000000E+00
 0.0000000000000E+00 0.0000000000000E+00 0.0000000000000E+00 0.0000000000000E+00
 0.0000000000000E+00 0.0000000000000E+00 0.0000000000000E+00 0.0000000000000E+00
 0.0000000000000E+00 0.0000000000000E+00 0.0000000000000E+00 0.0000000000000E+00
 0.0000000000000E+00 0.0000000000000E+00 0.0000000000000E+00 0.0000000000000E+00
 0.0000000000000E+00 0.0000000000000E+00 0.0000000000000E+00 0.0000000000000E+00
 0.0000000000000E+00 0.0000000000000E+00 0.0000000000000E+00 0.0000000000000E+00
 0.0000000000000E+00 0.0000000000000E+00 0.0000000000000E+00 0.0000000000000E+00
 0.0000000000000E+00 0.0000000000000E+00 0.0000000000000E+00 0.0000000000000E+00
 0.0000000000000E+00 0.0000000000000E+00 0.0000000000000E+00 0.0000000000000E+00
 0.0000000000000E+00 0.0000000000000E+00 0.0000000000000E+00 0.0000000000000E+00
 0.0000000000000E+00 0.0000000000000E+00 0.0000000000000E+00 0.0000000000000E+00
 0.0000000000000E+00 0.0000000000000E+00 0.0000000000000E+00 0.0000000000000E+00
 0.0000000000000E+00 0.0000000000000E+00 0.0000000000000E+00 0.0000000000000E+00
 0.0000000000000E+00 0.0000000000000E+00 0.0000000000000E+00 0.0000000000000E+00
 0.0000000000000E+00 0.0000000000000E+00 0.0000000000000E+00 0.0000000000000E+00
 0.0000000000000E+00 0.0000000000000E+00 0.0000000000000E+00 0.0000000000000E+00
 0.0000000000000E+00 0.0000000000000E+00 0.0000000000000E+00 0.0000000000000E+00
 0.0000000000000E+00 0.0000000000000E+00 0.0000000000000E+00 0.0000000000000E+00
 0.0000000000000E+00 0.0000000000000E+00 0.0000000000000E+00 0.0000000000000E+00
 0.0000000000000E+00 0.0000000000000E+00 0.0000000000000E+00 0.0000000000000E+00
 0.0000000000000E+00 0.0000000000000E+00 0.0000000000000E+00 0.0000000000000E+00
 0.0000000000000E+00 0.0000000000000E+00 0.0000000000000E+00 0.0000000000000E+00
 0.0000000000000E+00 0.0000000000000E+00 0.0000000000000E+00 0.0000000000000E+00
 0.0000000000000E+00 0.0000000000000E+00 0.0000000000000E+00 0.0000000000000E+00
 0.0000000000000E+00 0.0000000000000E+00 0.0000000000000E+00 0.0000000000000E+00
 0.0000000000000E+00 0.0000000000000E+00 0.0000000000000E+00 0.0000000000000E+00
 0.0000000000000E+00 0.0000000000000E+00 0.0000000000000E+00 0.0000000000000E+00
 0.0000000000000E+00 0.0000000000000E+00 0.0000000000000E+00 0.0000000000000E+00
 0.0000000000000E+00 0.0000000000000E+00 0.0000000000000E+00 0.0000000000000E+00
 1.7791127433136E+01 3.6768199138355E+01 5.9573357926554E+01 7.9943271928309E+01
 7.6725649158983E+01 4.1507959136648E+01 6.7166360073816E+00 1.8056774088196E+01
 1.8054697619789E+01 2.3180083050040E+01 8.5488179990828E+00 3.5816687594121E+00
 1.7791127433136E+01 3.6768199138355E+01 5.9573357926554E+01 7.9943271928309E+01
 7.6725649158983E+01 4.1507959136648E+01 6.7166360073816E+00 1.8056774088196E+01
 1.8054697619789E+01 2.3180083050040E+01 8.5488179990828E+00 3.5816687594121E+00
 1.7791127433136E+01 3.6768199138355E+01 5.9573357926554E+01 7.9943271928309E+01
 7.6725649158983E+01 4.1507959136648E+01 6.7166360073816E+00 1.8056774088196E+01
 1.8054697619789E+01 2.3180083050040E+01 8.5488179990828E+00 3.5816687594121E+00
 1.7791127433136E+01 3.6768199138355E+01 5.9573357926554E+01 7.9943271928309E+01
 7.6725649158983E+01 4.1507959136648E+01 6.7166360073816E+00 1.8056774088196E+01
 1.8054697619789E+01 2.3180083050040E+01 8.5488179990828E+00 3.5816687594121E+00
 1.7791127433136E+01 3.6768199138355E+01 5.9573357926554E+01 7.9943271928309E+01
 7.6725649158983E+01 4.1507959136648E+01 6.7166360073816E+00 1.8056774088196E+01
 1.8054697619789E+01 2.3180083050040E+01 8.5488179990828E+00 3.5816687594121E+00
 1.7791127433136E+01 3.6768199138355E+01 5.9573357926554E+01 7.9943271928309E+01
 7.6725649158983E+01 4.1507959136648E+01 6.7166360073816E+00 1.8056774088196E+01
 1.8054697619789E+01 2.3180083050040E+01 8.5488179990828E+00 3.5816687594121E+00
 1.7791127433136E+01 3.6768199138355E+01 5.9573357926554E+01 7.9943271928309E+01
 7.6725649158983E+01 4.1507959136648E+01 6.7166360073816E+00 1.8056774088196E+01
 1.8054697619789E+01 2.3180083050040E+01 8.5488179990828E+00 3.5816687594121E+00
 1.7791127433136E+01 3.6768199138355E+01 5.9573357926554E+01 7.9943271928309E+01
 7.6725649158983E+01 4.1507959136648E+01 6.7166360073816E+00 1.8056774088196E+01
 1.8054697619789E+01 2.3180083050040E+01 8.5488179990828E+00 3.5816687594121E+00
 3.9390526134185E+00 4.6035383130645E+00 7.9428602279928E+00 1.6285116110253E+01
 2.0531103901233E+01 1.2961248419840E+01 9.8098975322922E+00 3.9390526134185E+00
 4.6035383130645E+00 7.9428602279928E+00 1.6285116110253E+01 2.0531103901233E+01
 1.2961248419840E+01 9.8098975322922E+00 3.9390526134185E+00 4.6035383130645E+00
 7.9428602279928E+00 1.6285116110253E+01 2.0531103901233E+01 1.2961248419840E+01
 9.8098975322922E+00 3.9390526134185E+00 4.6035383130645E+00 7.9428602279928E+00
 1.6285116110253E+01 2.0531103901233E+01 1.2961248419840E+01 9.8098975322922E+00
 3.9390526134185E+00 4.6035383130645E+00 7.9428602279928E+00 1.6285116110253E+01
 2.0531103901233E+01 1.2961248419840E+01 9.8098975322922E+00 3.9390526134185E+00
 4.6035383130645E+00 7.9428602279928E+00 1.6285116110253E+01 2.0531103901233E+01
 1.2961248419840E+01 9.8098975322922E+00 3.9390526134185E+00 4.6035383130645E+00
 7.9428602279928E+00 1.6285116110253E+01 2.0531103901233E+01 1.2961248419840E+01
 9.8098975322922E+00 3.9390526134185E+00 4.6035383130645E+00 7.9428602279928E+00
 1.6285116110253E+01 2.0531103901233E+01 1.2961248419840E+01 9.8098975322922E+00
 0.0000000000000E+00 0.0000000000000E+00 0.0000000000000E+00 0.0000000000000E+00
 0.0000000000000E+00 0.0000000000000E+00 0.0000000000000E+00 3.0917911538046E-01
 9.2444778526431E-01 1.2918749730863E+00 1.4093102831948E+00 1.0545481238420E+00
 0.0000000000000E+00 0.0000000000000E+00 0.0000000000000E+00 0.0000000000000E+00
 0.0000000000000E+00 0.0000000000000E+00 0.0000000000000E+00 3.0917911538046E-01
 9.2444778526431E-01 1.2918749730863E+00 1.4093102831948E+00 1.0545481238420E+00
 0.0000000000000E+00 0.0000000000000E+00 0.0000000000000E+00 0.0000000000000E+00
 0.0000000000000E+00 0.0000000000000E+00 0.0000000000000E+00 3.0917911538046E-01
 9.2444778526431E-01 1.2918749730863E+00 1.4093102831948E+00 1.0545481238420E+00
 0.0000000000000E+00 0.0000000000000E+00 0.0000000000000E+00 0.0000000000000E+00
 0.0000000000000E+00 0.0000000000000E+00 0.0000000000000E+00 3.0917911538046E-01
 9.2444778526431E-01 1.2918749730863E+00 1.4093102831948E+00 1.0545481238420E+00
 0.0000000000000E+00 0.0000000000000E+00 0.0000000000000E+00 0.0000000000000E+00
 0.0000000000000E+00 0.0000000000000E+00 0.0000000000000E+00 3.0917911538046E-01
 9.2444778526431E-01 1.2918749730863E+00 1.4093102831948E+00 1.0545481238420E+00
 0.0000000000000E+00 0.0000000000000E+00 0.0000000000000E+00 0.0000000000000E+00
 0.0000000000000E+00 0.0000000000000E+00 0.0000000000000E+00 3.0917911538046E-01
 9.2444778526431E-01 1.2918749730863E+00 1.4093102831948E+00 1.0545481238420E+00
 0.0000000000000E+00 0.0000000000000E+00 0.0000000000000E+00 0.0000000000000E+00
 0.0000000000000E+00 0.0000000000000E+00 0.0000000000000E+00 3.0917911538046E-01
 9.2444778526431E-01 1.2918749730863E+00 1.4093102831948E+00 1.0545481238420E+00
 0.0000000000000E+00 0.0000000000000E+00 0.0000000000000E+00 0.0000000000000E+00
 0.0000000000000E+00 0.0000000000000E+00 0.0000000000000E+00 3.0917911538046E-01
 9.2444778526431E-01 1.2918749730863E+00 1.4093102831948E+00 1.0545481238420E+00
 0.0000000000000E+00 0.0000000000000E+00 0.0000000000000E+00 0.0000000000000E+00
 0.0000000000000E+00 0.0000000000000E+00 1.4754554041738E+00 0.0000000000000E+00
 0.0000000000000E+00 0.0000000000000E+00 0.0000000000000E+00 0.0000000000000E+00
 0.0000000000000E+00 1.4754554041738E+00 0.0000000000000E+00 0.0000000000000E+00
 0.0000000000000E+00 0.0000000000000E+00 0.0000000000000E+00 0.0000000000000E+00
 1.4754554041738E+00 0.0000000000000E+00 0.0000000000000E+00 0.0000000000000E+00
 0.0000000000000E+00 0.0000000000000E+00 0.0000000000000E+00 1.4754554041738E+00
 0.0000000000000E+00 0.0000000000000E+00 0.0000000000000E+00 0.0000000000000E+00
 0.0000000000000E+00 0.0000000000000E+00 1.4754554041738E+00 0.0000000000000E+00
 0.0000000000000E+00 0.0000000000000E+00 0.0000000000000E+00 0.0000000000000E+00
 0.0000000000000E+00 1.4754554041738E+00 0.0000000000000E+00 0.0000000000000E+00
 0.0000000000000E+00 0.0000000000000E+00 0.0000000000000E+00 0.0000000000000E+00
 1.4754554041738E+00 0.0000000000000E+00 0.0000000000000E+00 0.0000000000000E+00
 0.0000000000000E+00 0.0000000000000E+00 0.0000000000000E+00 1.4754554041738E+00
 0.0000000000000E+00 0.0000000000000E+00 0.0000000000000E+00 0.0000000000000E+00
 0.0000000000000E+00 0.0000000000000E+00 0.0000000000000E+00 0.0000000000000E+00
 0.0000000000000E+00 0.0000000000000E+00 0.0000000000000E+00 0.0000000000000E+00
 0.0000000000000E+00 0.0000000000000E+00 0.0000000000000E+00 0.0000000000000E+00
 0.0000000000000E+00 0.0000000000000E+00 0.0000000000000E+00 0.0000000000000E+00
 0.0000000000000E+00 0.0000000000000E+00 0.0000000000000E+00 0.0000000000000E+00
 0.0000000000000E+00 0.0000000000000E+00 0.0000000000000E+00 0.0000000000000E+00
 0.0000000000000E+00 0.0000000000000E+00 0.0000000000000E+00 0.0000000000000E+00
 0.0000000000000E+00 0.0000000000000E+00 0.0000000000000E+00 0.0000000000000E+00
 0.0000000000000E+00 0.0000000000000E+00 0.0000000000000E+00 0.0000000000000E+00
 0.0000000000000E+00 0.0000000000000E+00 0.0000000000000E+00 0.0000000000000E+00
 0.0000000000000E+00 0.0000000000000E+00 0.0000000000000E+00 0.0000000000000E+00
 0.0000000000000E+00 0.0000000000000E+00 0.0000000000000E+00 0.0000000000000E+00
 0.0000000000000E+00 0.0000000000000E+00 0.0000000000000E+00 0.0000000000000E+00
 0.0000000000000E+00 0.0000000000000E+00 0.0000000000000E+00 0.0000000000000E+00
 0.0000000000000E+00 0.0000000000000E+00 0.0000000000000E+00 0.0000000000000E+00
 0.0000000000000E+00 0.0000000000000E+00 0.0000000000000E+00 0.0000000000000E+00
 0.0000000000000E+00 0.0000000000000E+00 0.0000000000000E+00 0.0000000000000E+00
 0.0000000000000E+00 0.0000000000000E+00 0.0000000000000E+00 0.0000000000000E+00
 0.0000000000000E+00 0.0000000000000E+00 0.0000000000000E+00 0.0000000000000E+00
 0.0000000000000E+00 0.0000000000000E+00 0.0000000000000E+00 0.0000000000000E+00
 0.0000000000000E+00 0.0000000000000E+00 0.0000000000000E+00 0.0000000000000E+00
 0.0000000000000E+00 0.0000000000000E+00 0.0000000000000E+00 0.0000000000000E+00
 0.0000000000000E+00 0.0000000000000E+00 0.0000000000000E+00 0.0000000000000E+00
 0.0000000000000E+00 0.0000000000000E+00 0.0000000000000E+00 0.0000000000000E+00
 0.0000000000000E+00 0.0000000000000E+00 0.0000000000000E+00 0.0000000000000E+00
 0.0000000000000E+00 0.0000000000000E+00 0.0000000000000E+00 0.0000000000000E+00
 0.0000000000000E+00 0.0000000000000E+00 0.0000000000000E+00 0.0000000000000E+00
 0.0000000000000E+00 0.0000000000000E+00 0.0000000000000E+00 0.0000000000000E+00
 0.0000000000000E+00 0.0000000000000E+00 0.0000000000000E+00 0.0000000000000E+00
 0.0000000000000E+00 0.0000000000000E+00 0.0000000000000E+00 0.0000000000000E+00
 0.0000000000000E+00 0.0000000000000E+00 0.0000000000000E+00 0.0000000000000E+00
 0.0000000000000E+00 0.0000000000000E+00 0.0000000000000E+00 0.0000000000000E+00
 0.0000000000000E+00 0.0000000000000E+00 0.0000000000000E+00 0.0000000000000E+00
 0.0000000000000E+00 0.0000000000000E+00 0.0000000000000E+00 0.0000000000000E+00
 0.0000000000000E+00 0.0000000000000E+00 0.0000000000000E+00 0.0000000000000E+00
 0.0000000000000E+00 0.0000000000000E+00 0.0000000000000E+00 0.0000000000000E+00
 0.0000000000000E+00 0.0000000000000E+00 0.0000000000000E+00 0.0000000000000E+00
NINV  
         1         2         3         4         6         5         8         7
        10         9        12        11        13        14        16        15
        17        18        21        22        19        20        23        24
        25        26        27        28        30        29        32        31
        34        33        36        35        37        38        40        39
        41        42        45        46        43        44        47        48
BASATO
         9         9         9         9         9         9         9         9
         3         3         3         3         3         3         3         3
         1         5         9        13        17        21        25        29
        33        35        37        39        41        43        45        47
        49         0         0         0         0         0         0         0
         0         0         0         0         0         0         0         0
         0         1         8        11        12        13        20        23
        24        25        32        35        36        37        44        47
        48        49        56        59        60        61        68        71
        72        73        80        83        84        85        92        95
        96        97       103       104       110       111       117       118
       124       125       131       132       138       139       145       146
       152       153         7         3         1         1         7         3
         1         1         7         3         1         1         7         3
         1         1         7         3         1         1         7         3
         1         1         7         3         1         1         7         3
         1         1         6         1         6         1         6         1
         6         1         6         1         6         1         6         1
         6         1         0         1         1         1         0         1
         1         1         0         1         1         1         0         1
         1         1         0         1         1         1         0         1
         1         1         0         1         1         1         0         1
         1         1         0         1         0         1         0         1
         0         1         0         1         0         1         0         1
         0         1         1         4         4         4         1         4
         4         4         1         4         4         4         1         4
         4         4         1         4         4         4         1         4
         4         4         1         4         4         4         1         4
         4         4         1         4         1         4         1         4
         1         4         1         4         1         4         1         4
         1         4         0         1         5         9        13        14
        18        22        26        27        31        35        39        40
        44        48        52        53        57        61        65        66
        70        74        78        79        83        87        91        92
        96       100       104       105       109       110       114       115
       119       120       124       125       129       130       134       135
       139       140       144         1         1         1         1         2
         2         2         2         3         3         3         3         4
         4         4         4         5         5         5         5         6
         6         6         6         7         7         7         7         8
         8         8         8         9         9        10        10        11
        11        12        12        13        13        14        14        15
        15        16        16
SPINOR
         0         0         0         0         0         0         0         0
         0         0         0         0         0         0         0         0
         0         0         0         0         0         0         0         0
         0         0         0         0         0         0         0         0
  9.9766155416878E+00  9.9766157402286E+00  9.9766157402286E+00  9.9766157402286E+00
  9.9766157402286E+00  9.9766157402286E+00  9.9766157402286E+00  9.9766155782530E+00
  2.0233843071648E+00  2.0233842978494E+00  2.0233843071648E+00  2.0233843071648E+00
  2.0233843071648E+00  2.0233843071648E+00  2.0233842978494E+00  2.0233843071648E+00
 -2.6175329145910E+01 -6.8076190906502E+00 -1.4374014504748E-18  2.6186884468562E-18
  6.7421064266478E-20 -2.6520155325125E+00  5.8589285160053E-18 -3.8353682053885E-19
 -7.1738238635551E-18  5.8696581293904E-18 -3.8560761207464E-02 -3.7660379235805E-18
 -1.2668487751881E-18 -3.9697038531895E-19 -3.3357435702439E-18 -3.8560761207506E-02
 -4.3925230696928E-18 -3.2762961134316E-18  1.0185821508971E-18 -4.3333256831318E-18
 -3.8560761207478E-02 -5.4605472807569E+00 -1.9688614452242E-19  4.7110862600262E-19
 -1.8925124155994E-19 -2.8210328501495E+00  3.6445680613782E-19  9.5569862396683E-18
  6.5000810337495E-19  3.8869978012127E-18 -8.2774437713269E-01 -3.3566996068392E-18
 -4.4130762502595E-18  1.2327555530682E-17 -3.5243280970306E-18 -8.2774437713264E-01
  1.5174343746590E-17 -2.4475013219629E-18 -4.1846221847359E-18  1.4802456483258E-17
 -8.2774437713269E-01 -2.3280420986997E+00  2.9080493902842E-17  3.6472650634634E-17
  1.4522631984324E-17  2.9080501582559E-17  4.3308557884480E-02 -5.9517534862642E-18
 -6.0421887104874E-18  3.6472532056036E-17 -5.8680785879750E-18  4.3308557884529E-02
  7.7533508477620E-17  1.4522958460270E-17 -4.7319774223897E-18  7.6949109229667E-17
  4.3308557884387E-02 -2.4108049580526E+00 -8.4665664887589E-20  7.7540478175644E-20
 -9.1665408085432E-20 -1.7221174136910E+00  2.6164546715785E-18  2.0610458866769E-18
 -1.2515688479786E-18  2.2832831404003E-18 -5.0661519130234E-01 -1.7895393316242E-18
 -2.4354476164219E-18  1.5511351511410E-18 -1.8271528596004E-18 -5.0661519130238E-01
  9.7503085327080E-18 -1.8729835594073E-18 -2.7490292579053E-18  9.4222977203641E-18
 -5.0661519130234E-01 -1.4028737840257E+00  2.4531796966511E-17  6.6482668300860E-17
  1.4903678785100E-17  1.1656382621628E-17 -1.4479994922480E-01  1.0311554535863E-18
  4.3747538114530E-18  3.2935639563790E-17 -1.5136428753709E-18 -1.4479994922500E-01
  3.3383793338061E-17  7.7461369912931E-18  7.0330136282686E-18  2.9256281092270E-17
 -1.4479994922494E-01 -4.0762640706762E-05  1.0135519869628E-20 -4.9473879777928E-05
 -4.9473879777930E-05  1.7261260310319E-19  3.7211638051422E-06 -3.4768010323293E-22
 -1.4175616828366E-19  5.6769828152900E-05  3.5146240863792E-20  1.0097414153583E-04
  1.1870241774997E-04  5.6769828152900E-05  6.0614541991995E-20  1.1870241774997E-04
  1.0097414153583E-04 -8.7742251846230E-01 -5.3262342951240E-17  3.8659336181264E-17
 -6.3702912505521E-17 -5.3250696369858E-17 -1.6145743889838E-01 -4.7582370659124E-18
 -3.8460498106787E-17  3.8668553415982E-17 -8.7021603625334E-18 -1.6145743889739E-01
 -1.2026821257695E-17 -4.9822898916670E-17 -4.1459183923212E-17 -1.3940791411991E-17
 -1.6145743889851E-01 -4.7954385993780E-04 -6.9396851890791E-19 -1.5202775262529E-03
 -1.5202775262533E-03  3.2904756543680E-19 -6.0234111258372E-04  8.4670748684458E-19
  7.7239196140442E-19  1.5202775262528E-03  1.1157277358905E-18  4.0069507794313E-03
  4.6136787035705E-03  1.5202775262532E-03  1.2658907224447E-18  4.6136787035704E-03
  4.0069507794305E-03  1.4396435808964E-05 -9.6842810148261E-05 -9.6842810148262E-05
  8.2446565145860E-21 -4.9653070194055E-02 -1.3699604450877E-01 -1.3699604450877E-01
  5.9056677316808E-18 -1.2783570782371E-05 -6.2076281404159E-05  6.2076281404159E-05
  1.2306255946263E-04 -2.6175330616645E+01 -5.7385518716517E-04 -2.3954521831604E-03
 -2.3954521831604E-03  2.8694155085894E-19  9.2244609425866E-04  3.1462558253357E-03
  3.6620332352571E-03 -2.0126765542495E-19  9.2244609425866E-04  3.6620332352571E-03
  3.1462558253357E-03 -3.3075242125943E-20 -2.0720910091446E-20  2.2196735726597E-19
 -3.6492653204243E-19 -3.7788270069271E-04 -5.9493751315025E-02 -1.4127198815403E-01
 -1.4127198815403E-01 -6.2551744114366E-19  2.9630349908513E-02  4.6195370942860E-02
  6.6116600222741E-02  2.7040546781204E-18  2.9630349908513E-02  6.6116600222740E-02
  4.6195370942861E-02  1.4415066499402E-18  1.2523224212496E-18  3.0161155198469E-18
  1.2143930672180E-19 -2.1322686223867E-02 -1.6701965387503E-04 -2.1282001382245E-04
  2.1282001382245E-04  4.4935299512611E-04  1.3326153526705E-04 -3.5666650813552E-05
 -3.0332446183187E-04 -3.0590492232628E-04 -1.3326153526705E-04 -3.0332446183186E-04
 -3.5666650813552E-05  3.0590492232629E-04 -3.1818253679263E-04 -2.7642593225328E-04
  2.7642593225328E-04  5.9501717844033E-04 -6.8076193818824E+00 -3.1281412874788E-18
  3.0944409641173E-20 -8.7985869813432E-19 -2.6520162195611E+00  1.7208507905906E-18
 -2.6046433827896E-18  2.1207784788682E-18 -1.7005059666283E-18 -3.8561441821443E-02
  1.4271155511179E-10 -3.6882262767873E-18 -6.0410316740507E-18  1.4271155460353E-10
 -3.8561441821404E-02 -1.0721017721603E-17 -1.3215630756756E-18 -3.2169170827913E-18
 -1.1197267160465E-17 -3.8561459295362E-02  1.4402776423446E-05  9.6843045895287E-05
  9.6843045895285E-05 -6.0113066516393E-20 -5.7385132394019E-04 -9.2244594319975E-04
 -9.2244594319975E-04  6.0390302297819E-19  2.3954508452273E-03  3.1462516501174E-03
  3.6620296089686E-03 -5.4258078623396E-19  2.3954508452273E-03  3.6620296089686E-03
  3.1462516501174E-03 -4.9077818987469E-19 -1.8117359472744E-19 -4.5794703033463E-19
 -1.5253453763975E-19 -3.7788171100587E-04 -5.9189583628270E-03 -1.2199725060644E-02
 -1.2199725060644E-02 -1.9413208597799E-19  1.2199724959389E-02  1.8284409225165E-02
  2.3217239458682E-02  6.9851609337987E-20  1.2199724959389E-02  2.3217239458680E-02
  1.8284409225165E-02  4.7781888617921E-19  4.0913730567945E-19  2.2491731601003E-19
  2.2642406795335E-20 -4.6908751659291E-03 -6.6433553903755E-02 -1.3646053055366E-01
 -1.3646053055366E-01 -8.8036466042728E-18  3.6421640018574E-02  2.9295986261666E-02
  5.7824330140955E-02  1.9609423647539E-17  3.6421640018569E-02  5.7824330140961E-02
  2.9295986261677E-02  1.1215553319753E-17  3.4703816127902E-18  6.8728706252076E-18
  5.8507213548229E-18 -2.4766343725796E-02 -2.9548424714353E-04 -5.1478765534241E-04
  5.1478765534241E-04  1.0291521851165E-03  2.7603065874150E-04  2.8004062486262E-04
 -5.3396705257418E-04 -9.8366474942880E-04 -2.7603065874149E-04 -5.3396705257419E-04
  2.8004062486259E-04  9.8366474942878E-04 -5.9280883720381E-04 -1.0182766522278E-03
  1.0182766522278E-03  1.8238619127486E-03 -5.4605475284816E+00  1.8491898403701E-19
 -3.9329114545330E-19  5.3730274090511E-19 -2.8210333611221E+00  9.3376743582457E-18
 -1.3322080008703E-17  3.5086819544653E-18  1.1777949562452E-17 -8.2774465120714E-01
  7.2835879094212E-11  9.3979235633994E-18 -1.0341310574546E-17  7.2835876105842E-11
 -8.2774465120715E-01 -4.7750629049696E-18  5.3452792438131E-18  5.3571551346340E-18
 -4.3437156833190E-18 -8.2774465563417E-01 -2.3280425921383E+00 -6.7948783008874E-18
 -3.5501552022524E-17 -4.1524057851962E-17 -6.7862149224350E-18  4.3308226157279E-02
  1.6038148657407E-11 -6.3850793561145E-17 -3.5512362200562E-17  1.6038209189503E-11
  4.3308226157230E-02 -3.3200485979234E-17 -4.1524293482974E-17 -6.5879241539746E-17
 -2.6841643729030E-17  4.3308226981260E-02 -4.9653066181658E-02  1.3699603896913E-01
  1.3699603896913E-01 -7.6114957610466E-18 -1.2785898321004E-05  6.2075525415497E-05
 -6.2075525415497E-05 -1.2306213147068E-04 -5.9493738449626E-02 -2.9630342476959E-02
 -2.9630342476960E-02  1.3845173938392E-18  1.4127196633179E-01  4.6195356918439E-02
  6.6116583891951E-02 -4.1195490537488E-18  1.4127196633179E-01  6.6116583891950E-02
  4.6195356918440E-02 -5.1281771197021E-18 -1.7204183486042E-18 -2.9247670653834E-19
 -6.6258169907703E-19 -2.1322679027789E-02 -1.6701771174839E-04 -1.3326220430336E-04
  1.3326220430336E-04  3.1818660733750E-04  2.1281996680909E-04 -3.5666285500762E-05
 -3.0332385166072E-04 -2.7642592148658E-04 -2.1281996680908E-04 -3.0332385166072E-04
 -3.5666285500764E-05  2.7642592148658E-04 -4.4935443795607E-04 -3.0590628920376E-04
  3.0590628920376E-04  5.9501689148280E-04 -6.6433540557662E-02 -3.6421628795627E-02
 -3.6421628795625E-02  1.9713064329582E-18  1.3646050257451E-01  2.9295968777025E-02
  5.7824306434496E-02  1.3533501106821E-17  1.3646050257451E-01  5.7824306434482E-02
  2.9295968777025E-02  8.9749582452836E-18  8.0379563727927E-18  2.3884205346452E-17
  1.8311041471160E-17 -2.4766333882886E-02 -2.9548284192543E-04 -2.7603120520733E-04
  2.7603120520733E-04  5.9280993122571E-04  5.1478825797447E-04  2.8004094349141E-04
 -5.3396686257551E-04 -1.0182764454993E-03 -5.1478825797448E-04 -5.3396686257551E-04
  2.8004094349140E-04  1.0182764454993E-03 -1.0291536707370E-03 -9.8366572863846E-04
  9.8366572863847E-04  1.8238618914936E-03 -1.0901381027772E-01 -1.2136718980412E-01
 -1.2136718980418E-01 -4.3688355667155E-17  1.2136717404086E-01  2.5580969678138E-03
  9.6648516169378E-02  8.9271211282224E-17  1.2136717404084E-01  9.6648516169296E-02
  2.5580969678174E-03  5.7689143616040E-17  6.9499933326385E-17  1.1002816890301E-16
  9.4497294378981E-17 -5.6213704056406E-02 -3.6416742057231E-03 -4.6859006539985E-03
  4.6859006539980E-03  9.2913015045927E-03  4.6859009886174E-03  2.1349909275470E-03
 -5.9542964974152E-03 -1.1672296016730E-02 -4.6859009886172E-03 -5.9542964974152E-03
  2.1349909275467E-03  1.1672296016729E-02 -9.2913023440360E-03 -1.1672296412721E-02
  1.1672296412720E-02  2.0287048971207E-02 -1.4319243012604E-04  1.4226310205321E-04
 -3.8060887878288E-04 -8.7811093037883E-20 -1.4226392376443E-04  1.0720532181306E-04
 -5.1258679427451E-04 -4.7813076272699E-20  3.8061043476118E-04 -5.1258668929976E-04
  1.4299696708802E-03  3.6896033622870E-19 -1.8486230359534E-20  3.2580668898348E-20
 -1.0264510359153E-19 -7.2873573070325E-05 -2.4108050623381E+00  1.1825256419391E-20
 -1.6255118705878E-20  9.3878880806196E-20 -1.7221176988600E+00  1.3843805349190E-17
 -8.6802249242695E-18  2.7418970367483E-19  6.9340595228982E-18 -5.0661531083011E-01
 -1.0141029534243E-13 -5.7313824686587E-18 -4.5528144477333E-18 -1.0135722451769E-13
 -5.0661531083012E-01 -2.9215233916187E-18 -6.9099966285305E-20 -5.4749636234961E-18
 -2.0365809257288E-18 -5.0661530884150E-01 -1.4028741105299E+00  4.2532950575272E-17
 -2.1826759558181E-17  2.4755363597753E-17  1.9691795924541E-17 -1.4480013471171E-01
 -6.6477349076671E-11  1.1343376745997E-16 -1.0273521431554E-17 -6.6477758351767E-11
 -1.4480013471169E-01 -5.1611928018507E-18  5.8320765298462E-18  5.6963709294238E-17
 -2.4319901423357E-17 -1.4480013552035E-01 -4.0764865625063E-05 -1.6025126921224E-11
 -4.9473053739169E-05 -4.9470988454885E-05 -3.0016150438104E-11  3.7219789253861E-06
 -2.9592603800173E-11 -2.3117340944122E-11  5.6769704633810E-05 -3.1061833132291E-11
  1.0097335899172E-04  1.1870277734848E-04  5.6769180733176E-05  6.9807585326711E-12
  1.1870236419283E-04  1.0097439385763E-04 -4.0762043239245E-05  4.9472129862844E-05
 -4.9472129862843E-05  8.6965541723795E-20 -5.6769618902565E-05  1.0097560669662E-04
 -1.1870261419399E-04  1.0963925251890E-19  5.6769618902569E-05 -1.1870261419399E-04
  1.0097560669662E-04  1.9002009139458E-19 -5.0849417262711E-20 -1.0971625531027E-19
 -3.2602633641344E-19  3.7232992150540E-06 -4.0761922689213E-05 -4.9472144555497E-05
 -4.9472144555497E-05  3.7741021951692E-20  5.6769716914304E-05  1.0097560858690E-04
  1.1870261295034E-04 -8.2828827095781E-20  5.6769716914303E-05  1.1870261295034E-04
  1.0097560858690E-04 -1.2518792720354E-19 -8.5333808061359E-21  1.5363761109978E-19
 -5.1689129428680E-21  3.7232826082620E-06 -8.7742275893127E-01 -1.4958324690665E-18
 -3.7512374954229E-17 -6.1943747538008E-17 -1.4989904665620E-18 -1.6145753310381E-01
 -3.2699726977204E-10  9.7408732105051E-17 -3.7598225848371E-17 -3.2699746915842E-10
 -1.6145753310386E-01  4.5347234967264E-17 -4.8024403298948E-17  1.0124140709207E-16
  4.4013181764043E-17 -1.6145756153371E-01 -4.7954637332735E-04  2.7221625495613E-11
 -1.5202777324717E-03 -1.5202769411619E-03 -2.7221625385097E-11 -6.0234011671401E-04
 -3.5602633087284E-11  4.0559182883185E-12  1.5202777324718E-03 -3.5602633758956E-11
  4.0069487927880E-03  4.6136786749319E-03  1.5202769411619E-03  4.0559187019569E-12
  4.6136786749313E-03  4.0069509640863E-03 -4.7954478731546E-04  1.5202775025875E-03
 -1.5202775025877E-03 -4.3869404086861E-19 -1.5202775025874E-03  4.0069521124202E-03
 -4.6136793748998E-03 -1.1648490721717E-18  1.5202775025877E-03 -4.6136793748998E-03
  4.0069521124205E-03  8.3517409675177E-19  4.5798299801052E-19 -9.7039169902653E-19
  1.3558750023354E-18 -6.0233897227528E-04 -4.7954463922917E-04 -1.5202775542761E-03
 -1.5202775542759E-03 -4.4892405262131E-19  1.5202775542761E-03  4.0069521544504E-03
  4.6136793283889E-03  1.5921539221303E-18  1.5202775542759E-03  4.6136793283889E-03
  4.0069521544507E-03  1.1079842504613E-18  4.1807926977074E-19  8.1547069067627E-19
  5.9182043163927E-19 -6.0233902558120E-04  1.4399799733619E-05 -2.0299184383337E-10
  9.6841725417547E-05 -9.6844963444257E-05 -4.9653069353940E-02 -9.5194315463500E-11
  1.3699604374891E-01 -1.3699604821098E-01 -1.2782561084587E-05 -1.2306210293083E-04
  6.2075496093034E-05  6.2077430883863E-05 -1.2782356501874E-05  1.2306216238745E-04
  6.2075873872883E-05  6.2077639176352E-05 -5.7385378944025E-04 -7.0584514905518E-11
  2.3954497466264E-03 -2.3954510083506E-03 -3.0726564588426E-11 -3.7788236666120E-04
  2.5694023600597E-11 -3.2267427159852E-12 -9.2244659802694E-04 -9.4470384126928E-12
  3.1462535098278E-03 -3.6620314671609E-03  9.2244670198316E-04 -2.2978197121304E-11
 -3.6620311242436E-03  3.1462532853104E-03 -5.9493749626506E-02  5.5158885243493E-11
  1.4127198667283E-01 -1.4127198761555E-01 -1.2083412767167E-11 -2.1322684964311E-02
  5.0333425286139E-11  1.4795897384548E-11 -2.9630349917520E-02  1.4359657362293E-12
  4.6195369786776E-02 -6.6116598022562E-02  2.9630349897707E-02 -5.1104046382041E-11
 -6.6116599376916E-02  4.6195369165763E-02 -1.6701912428401E-04 -4.4935340134061E-04
  2.1281900774876E-04  2.1282059607186E-04  3.1818445439062E-04  5.9501661364427E-04
 -2.7642549527487E-04 -2.7642608175711E-04 -1.3326371711151E-04 -3.0590563272932E-04
 -3.5665744201423E-05  3.0332514803145E-04 -1.3326370222311E-04 -3.0590497186107E-04
  3.0332462804662E-04 -3.5665640505530E-05 -1.6701900764080E-04  4.4935346017947E-04
  2.1281910440362E-04  2.1282072862028E-04 -3.1818448804454E-04  5.9501661120193E-04
  2.7642550982588E-04  2.7642608291115E-04 -1.3326359644260E-04  3.0590567759573E-04
 -3.5665805229094E-05  3.0332517562837E-04 -1.3326368811028E-04  3.0590493468827E-04
  3.0332463109761E-04 -3.5665631077809E-05 -5.9189565423214E-03 -5.5662403115525E-11
  1.2199724234108E-02 -1.2199725205371E-02 -5.5662399004875E-11 -4.6908740312857E-03
 -7.6056418901234E-13  5.5876659558396E-12 -1.2199725205371E-02  5.5876640398352E-12
  1.8284411983590E-02 -2.3217241171463E-02  1.2199724234109E-02 -7.6056957984989E-13
 -2.3217241317637E-02  1.8284411983590E-02 -6.6433551775234E-02  6.7161022323500E-11
  1.3646052991862E-01 -1.3646053076894E-01 -1.5315500063700E-11 -2.4766341272878E-02
  2.1486293382511E-11  1.8829698909432E-11 -3.6421640447879E-02  2.0552672343740E-11
  2.9295988359476E-02 -5.7824330407712E-02  3.6421639326263E-02 -4.5826499877620E-11
 -5.7824331403531E-02  2.9295987775852E-02 -2.9548390220226E-04 -1.0291527004931E-03
  5.1478698196609E-04  5.1478820832335E-04  5.9280895132173E-04  1.8238618024127E-03
 -1.0182764876288E-03 -1.0182765437976E-03 -2.7603215367134E-04 -9.8366527395847E-04
  2.8004117599004E-04  5.3396803905938E-04 -2.7603180035469E-04 -9.8366478642118E-04
  5.3396760348176E-04  2.8004094509496E-04 -2.9548377028311E-04  1.0291527438274E-03
  5.1478705077835E-04  5.1478832101573E-04 -5.9280897641209E-04  1.8238617942116E-03
  1.0182764841874E-03  1.0182765565783E-03 -2.7603211516389E-04  9.8366532700518E-04
  2.8004114192735E-04  5.3396805571524E-04 -2.7603182316062E-04  9.8366475335361E-04
  5.3396758789797E-04  2.8004095862310E-04 -1.0901381779160E-01  8.6144656461997E-11
  1.2136719289149E-01 -1.2136719782784E-01  8.6144622350689E-11 -5.6213701270039E-02
 -1.0606277800512E-10  3.8876636526162E-11 -1.2136719782778E-01  3.8876449909118E-11
  2.5581079594534E-03 -9.6648533188574E-02  1.2136719289149E-01 -1.0606248949547E-10
 -9.6648523925833E-02  2.5581079594286E-03 -3.6416743337386E-03 -9.2913016131297E-03
  4.6859003384360E-03  4.6859008468650E-03  9.2913016131294E-03  2.0287047487761E-02
 -1.1672295245941E-02 -1.1672295700768E-02 -4.6859008468647E-03 -1.1672295700771E-02
  2.1349903091535E-03  5.9542979054187E-03 -4.6859003384370E-03 -1.1672295245940E-02
  5.9542967573651E-03  2.1349903091535E-03 -3.6416742481288E-03  9.2913016429411E-03
  4.6859003804273E-03  4.6859009131039E-03 -9.2913016429413E-03  2.0287047521408E-02
  1.1672295242069E-02  1.1672295752177E-02 -4.6859009131043E-03  1.1672295752178E-02
  2.1349903231728E-03  5.9542979038362E-03 -4.6859003804268E-03  1.1672295242074E-02
  5.9542968065146E-03  2.1349903231721E-03 -1.4319505170025E-04  4.2383353813188E-11
 -1.4226329426050E-04 -3.8060903103361E-04 -1.1824255110197E-11 -7.2873484137453E-05
  1.0471803417380E-11  1.3588186690212E-11  1.4226428370589E-04  2.1201384893229E-11
  1.0720513618472E-04  5.1258658815048E-04  3.8060999210989E-04 -1.3616083048440E-11
  5.1258563427365E-04  1.4299703553569E-03 -1.4319505170024E-04 -1.1824255096504E-11
  3.8060999210993E-04  1.4226428370589E-04  4.2383354509844E-11 -7.2873484137453E-05
 -1.3616083727451E-11  2.1201384815028E-11 -3.8060903103363E-04  1.3588186902159E-11
  1.4299703553569E-03  5.1258658815044E-04 -1.4226329426050E-04  1.0471803550325E-11
  5.1258563427362E-04  1.0720513618471E-04 -1.0216503093378E-03  5.6726390310765E-03
 -3.1943575387419E-19 -3.3699946691611E-19 -1.0216452376099E-03 -7.9609859436315E-21
 -2.3497985263245E-11  5.6726371333526E-03 -1.9527986547127E-03  9.6649992396811E-03
 -3.8498306750500E-19 -2.1634487393334E-19 -1.8257416214993E-03  8.8797680632997E-03
  1.0088958573175E-19  1.0061098413574E-19  6.5386598102764E-19 -1.3451442824049E-18
 -1.0382012304845E-03 -2.2070857178590E-11  1.8755483249769E-19 -7.7627934505639E-20
 -2.2070857341650E-11 -1.0382012304845E-03 -1.9527954133603E-03 -6.4996128645100E-20
 -5.0795231856947E-11  9.6650005270858E-03  6.7390449602412E-20 -1.0382026834960E-03
 -2.8313264635653E-20  1.4018253933789E-18  4.6078351668598E-11 -6.8128767434809E-20
 -1.0382025322249E-03 -6.0765980474539E-11 -1.8257410207718E-03  1.0044953007183E-20
 -4.7330318713600E-11  8.8797685386320E-03  1.9521558061730E-05 -1.1508335791669E-05
  1.3407954751734E-19  1.3464101826554E-19  1.1508335791670E-05  1.7071994924205E-04
 -2.9843905040032E-20  9.4130879471743E-20 -3.1750044999034E-20 -2.0854270124801E-19
 -5.1334888699870E-05  4.7514369061521E-20  9.5608735154290E-20 -2.4976406064464E-19
  6.8700604619407E-21 -5.1334888699871E-05  1.9525549149659E-05 -2.5993397703747E-20
  8.0336575460111E-11 -1.1508148281512E-05  3.1168306776898E-20 -5.1335281944784E-05
  9.7049091282257E-22 -5.2912811405418E-20  8.0336575147449E-11  2.8335940352923E-20
 -5.1335767976922E-05 -1.2431571578072E-12  1.1508148281511E-05  2.2367096158445E-20
  1.2431569541021E-12  1.7072173258391E-04 -4.1078684423028E-03  1.6057712861150E-02
 -5.4664650806893E-19 -7.4579496921161E-19 -7.4485076316006E-03  2.3905896688932E-02
 -1.3549811697643E-18  9.0830718560662E-19 -2.4832814839808E-19  1.0981818874649E-18
 -2.4886771942890E-03 -3.6723639075690E-11  2.7757615886771E-19 -2.3051220691308E-18
 -3.6723638968821E-11 -2.4886771942890E-03 -4.1078651491489E-03  2.1960235184879E-19
 -3.8410352102265E-11  1.6057714411141E-02 -1.5657002431513E-20 -2.4886791732091E-03
 -1.6876384391472E-19  1.7544259911123E-19  3.4870998161074E-11  2.4577046906343E-19
 -2.4886785483740E-03 -3.5822415970957E-11 -7.4485078125963E-03 -1.4127523328232E-20
 -3.4542985323426E-11  2.3905898003304E-02 -2.2930711086528E-02  5.5155429501687E-02
 -6.7383599947264E-18  6.6586583691791E-18 -5.5155429501687E-02  1.1192495017000E-01
 -3.4456021021015E-17  8.2887584125327E-18 -4.6575266283448E-18  9.6938992221595E-18
 -1.7226533703979E-02 -1.0947603631877E-18  7.5012650171896E-18 -2.9031796563884E-17
 -5.9231345775748E-19 -1.7226533703974E-02 -2.2930707580529E-02  1.4652653131771E-18
 -5.5696125145337E-11  5.5155427487359E-02  8.0933627604897E-20 -1.7226536060330E-02
  3.1269718869202E-20  4.8206511313606E-18 -5.5696077195124E-11 -3.0156918683655E-19
 -1.7226532331589E-02  4.3612561086255E-11 -5.5155427487358E-02 -5.5313057673478E-18
 -4.3612919595781E-11  1.1192494319477E-01 -8.3338036150117E-05  6.3352317463448E-06
 -6.3352743097467E-06 -6.3352743097472E-06 -6.3353162788163E-06  5.7114590451572E-05
 -7.1002185567608E-05 -7.1002185567609E-05  6.3352719382989E-06 -7.1002172332552E-05
  5.7114309614061E-05  7.1002214460499E-05  6.3352719383000E-06 -7.1002172332552E-05
  7.1002214460499E-05  5.7114309614066E-05 -8.3338036150116E-05  6.3353162788130E-06
  6.3352719382983E-06 -6.3352719382986E-06 -6.3352317463441E-06  5.7114590451568E-05
  7.1002172332550E-05 -7.1002172332556E-05 -6.3352743097481E-06  7.1002185567610E-05
  5.7114309614061E-05 -7.1002214460502E-05  6.3352743097455E-06 -7.1002185567608E-05
 -7.1002214460498E-05  5.7114309614065E-05 -1.0216460279817E-03 -5.6726355092063E-03
  4.1527676904843E-21 -5.9466396108453E-22  1.4407886958174E-05 -9.6842363565978E-05
 -9.6842363565978E-05 -1.0385948498800E-20 -4.9653062315821E-02 -1.3699603750834E-01
 -1.3699603750834E-01 -8.2654956050995E-19 -1.2788226226013E-05 -6.2075992037283E-05
  6.2075992037284E-05  1.2306125150824E-04 -2.6175329123902E+01 -1.9527979694122E-03
 -9.6649979721799E-03  1.7759518867353E-20  6.9892497177633E-20  1.8257414770143E-03
  8.8797672417800E-03  1.5433289125953E-19  1.5129854565810E-19  9.5032091313628E-21
 -1.8546097259959E-19 -1.0382005260859E-03 -1.4731918044083E-19  6.7105188966621E-21
 -3.7299417820148E-20 -2.1086111523555E-20 -1.0382005260859E-03 -5.7385036737236E-04
 -2.3954507120343E-03 -2.3954507120343E-03 -1.1843377069122E-19  9.2244591466546E-04
  3.1462516328481E-03  3.6620296840652E-03  3.8970506986087E-19  9.2244591466546E-04
  3.6620296840652E-03  3.1462516328481E-03  1.2777303990891E-19  2.2523151878908E-19
  3.4864964739604E-19  6.6944587980518E-19 -3.7788165344926E-04 -5.9493737510763E-02
 -1.4127196578602E-01 -1.4127196578602E-01 -7.5026226815073E-18  2.9630342309198E-02
  4.6195356779025E-02  6.6116583780458E-02  5.1659024363001E-18  2.9630342309198E-02
  6.6116583780457E-02  4.6195356779025E-02  4.3433941864030E-18  1.9274984163220E-18
  6.2547742402114E-18  7.1258769354861E-18 -2.1322678881791E-02 -1.6701801306397E-04
 -2.1282023599000E-04  2.1282023599000E-04  4.4935407737676E-04  1.3326225031288E-04
 -3.5666239995555E-05 -3.0332376953034E-04 -3.0590628747655E-04 -1.3326225031288E-04
 -3.0332376953034E-04 -3.5666239995555E-05  3.0590628747655E-04 -3.1818651279253E-04
 -2.7642587347309E-04  2.7642587347309E-04  5.9501700845763E-04 -6.8076190914930E+00
 -9.0367487660367E-19 -2.6380038960083E-18 -1.4699388530612E-18 -2.6520155255207E+00
  1.2488136302355E-17  1.6630734240832E-18  1.0151548160975E-17  1.2477278583980E-17
 -3.8560749631287E-02 -6.1161422894808E-18 -1.5901381397235E-18  1.6767192598335E-18
 -4.8541624329522E-18 -3.8560749631269E-02  1.1440769580194E-18  6.6876753111131E-18
 -5.6507238198328E-19  1.3203429746827E-18 -3.8560749631287E-02  1.9519977708298E-05
  1.1506790078488E-05 -1.0719167049878E-20 -1.1706086013002E-20 -1.1506883905786E-05
  1.7072196254567E-04 -5.8662206094147E-20  8.9062670468037E-21  7.3139359260174E-20
 -7.7375556461598E-20 -5.1337397050982E-05 -1.3500182557557E-19 -2.6798914718331E-21
 -1.3787738933566E-19  5.9384748372679E-20 -5.1337397050982E-05 -4.1078699976035E-03
 -1.6057712342231E-02  3.1206200435221E-21 -1.7899672890692E-19  7.4485083818320E-03
  2.3905896186213E-02 -2.5428431563974E-19 -3.7882724013923E-19 -3.4678234889732E-19
 -2.4399791333098E-20 -2.4886778558581E-03 -3.1281679214073E-19 -3.5183960541604E-19
 -3.5153558149598E-19 -1.1163114999404E-19 -2.4886778558585E-03  1.4395247301455E-05
  9.6842896657026E-05  9.6842896657027E-05  1.8628704970886E-20 -5.7385460537149E-04
 -9.2244600550299E-04 -9.2244600550299E-04  3.4795644933762E-19  2.3954521817400E-03
  3.1462558926082E-03  3.6620332145766E-03 -5.3764594436950E-19  2.3954521817400E-03
  3.6620332145766E-03  3.1462558926082E-03 -4.2526364857816E-20  2.5869080634366E-19
  4.1980022284034E-19  1.1640579649914E-20 -3.7788278641042E-04 -5.9189575483677E-03
 -1.2199724870844E-02 -1.2199724870844E-02 -5.9656240461003E-20  1.2199725027954E-02
  1.8284409210685E-02  2.3217239452334E-02  6.2320702843754E-19  1.2199725027955E-02
  2.3217239452334E-02  1.8284409210685E-02  5.4688740853939E-19  1.2861814472527E-18
  2.5670372984011E-18  2.0946408131876E-18 -4.6908751594603E-03 -6.6433539642845E-02
 -1.3646050190049E-01 -1.3646050190049E-01 -1.5612810952170E-17  3.6421628591815E-02
  2.9295968513285E-02  5.7824306135996E-02  2.1116793278101E-17  3.6421628591806E-02
  5.7824306136006E-02  2.9295968513281E-02  2.1001979638572E-17  9.1697915250380E-18
  1.4200844554020E-17  2.4114199259034E-17 -2.4766333717342E-02 -2.9548312206800E-04
 -5.1478849276199E-04  5.1478849276199E-04  1.0291533785053E-03  2.7603127141834E-04
  2.8004097239174E-04 -5.3396683676147E-04 -9.8366572186357E-04 -2.7603127141835E-04
 -5.3396683676148E-04  2.8004097239174E-04  9.8366572186358E-04 -5.9280993486463E-04
 -1.0182764548043E-03  1.0182764548044E-03  1.8238619841275E-03 -5.4605472772290E+00
  2.6213711304070E-21  4.1166043217374E-19  5.4619118110967E-19 -2.8210328433311E+00
 -3.6079021395558E-17  1.6720970830538E-18  1.6532817076939E-17 -2.7604697151146E-17
 -8.2774437224288E-01  7.9285944100776E-19  1.4255056099029E-18  1.0836661436951E-18
  1.4541880854470E-18 -8.2774437224284E-01  5.1897460430055E-19  7.7714047364194E-18
  1.1506744301093E-18 -8.3608867353351E-21 -8.2774437224287E-01 -2.3280420902284E+00
 -5.1093802934010E-17  4.7963912200291E-17  6.4102517644429E-17 -5.1092661158297E-17
  4.3308563080785E-02  2.6832467356282E-17  3.8816598012682E-17  4.7962726611369E-17
  2.9804335848370E-17  4.3308563080764E-02 -5.5137644416051E-17  6.4101529551521E-17
  3.7243585326512E-17 -5.4647520341585E-17  4.3308563080799E-02 -1.0216423505171E-03
  5.6726399838087E-03  5.9105819996747E-21  3.4911697907681E-21 -1.9527967677087E-03
 -1.8257416902117E-03  2.6335635716540E-19  2.1497980166512E-19  9.6649990824755E-03
  8.8797669214768E-03  7.8731477360768E-20  4.1324749548781E-19  9.2258691387014E-20
  9.8433498792607E-21 -1.0382004930978E-03  4.7359324885385E-21  1.0452094912331E-19
 -7.3080509111319E-20 -3.8216273647541E-20 -1.0382004930978E-03 -4.1078692016933E-03
 -7.4485084285113E-03  1.1913931945671E-19  9.1123109315232E-21  1.6057713256271E-02
  2.3905896056825E-02 -1.4683642911585E-18 -1.4334675153490E-18  1.6774476600816E-19
 -1.8601914771895E-19 -2.4886778596304E-03 -3.6709189817558E-20  1.0902078267966E-19
 -1.0759424820598E-19  9.6428785888084E-20 -2.4886778596303E-03 -2.2930712580890E-02
 -5.5155428221852E-02  8.9106125969329E-19  3.7671056435067E-18  5.5155428700489E-02
  1.1192494740262E-01 -6.8844253992044E-18 -1.0728620045866E-17 -7.9549021075982E-19
 -1.6308968353346E-18 -1.7226534090166E-02 -7.4714323505566E-19  9.0600837251573E-19
  9.8683147426744E-19 -1.8313454962064E-18 -1.7226534090164E-02 -8.3332062132816E-05
 -6.3356602010253E-06 -6.3356602010256E-06 -6.3356602010270E-06  6.3356660156401E-06
  5.7114171221129E-05  7.1002236758890E-05  7.1002236758883E-05  6.3356660156412E-06
  7.1002236758893E-05  5.7114171221119E-05  7.1002236758900E-05  6.3356660156431E-06
  7.1002236758894E-05  7.1002236758902E-05  5.7114171221125E-05 -4.9653070862744E-02
  1.3699604469848E-01  1.3699604469848E-01 -1.0248982803520E-18 -1.2783573679228E-05
  6.2076650137473E-05 -6.2076650137473E-05 -1.2306278000767E-04 -5.9493751031000E-02
 -2.9630349839874E-02 -2.9630349839874E-02  9.7616196464437E-19  1.4127198815941E-01
  4.6195371021519E-02  6.6116600154402E-02  2.1231944011950E-19  1.4127198815941E-01
  6.6116600154402E-02  4.6195371021520E-02  2.5176570109801E-18  5.4059120119410E-18
  1.9974036968014E-18  3.6980084214632E-18 -2.1322686314136E-02 -1.6702001031155E-04
 -1.3326147504747E-04  1.3326147504747E-04  3.1818275344345E-04  2.1282012852900E-04
 -3.5666598569214E-05 -3.0332451983722E-04 -2.7642588524517E-04 -2.1282012852900E-04
 -3.0332451983722E-04 -3.5666598569213E-05  2.7642588524517E-04 -4.4935306686491E-04
 -3.0590501733480E-04  3.0590501733480E-04  5.9501714309768E-04 -6.6433553503859E-02
 -3.6421639961319E-02 -3.6421639961319E-02 -1.4375297895233E-17  1.3646053051445E-01
  2.9295986243228E-02  5.7824330065750E-02  1.7789019368069E-17  1.3646053051445E-01
  5.7824330065744E-02  2.9295986243229E-02  3.9970395385055E-17  1.1749891186508E-17
  1.3971571422680E-17  8.4230908632656E-18 -2.4766343713448E-02 -2.9548456913262E-04
 -2.7603069908073E-04  2.7603069908073E-04  5.9280896281404E-04  5.1478776319741E-04
  2.8004066202959E-04 -5.3396709411586E-04 -1.0182766272218E-03 -5.1478776319741E-04
 -5.3396709411584E-04  2.8004066202959E-04  1.0182766272219E-03 -1.0291522400992E-03
 -9.8366482397199E-04  9.8366482397197E-04  1.8238619015447E-03 -1.0901380973315E-01
 -1.2136717354186E-01 -1.2136717354181E-01 -9.8796887094248E-17  1.2136718965535E-01
  2.5580967177703E-03  9.6648515940920E-02  1.1090813897104E-16  1.2136718965541E-01
  9.6648515940966E-02  2.5580967177934E-03  1.4843645602576E-16  3.8896769456402E-17
  6.2856109192356E-17  3.9668989954369E-17 -5.6213703897592E-02 -3.6416743659728E-03
 -4.6859010986449E-03  4.6859010986445E-03  9.2913022493742E-03  4.6859007097152E-03
  2.1349909300030E-03 -5.9542965258145E-03 -1.1672296382642E-02 -4.6859007097142E-03
 -5.9542965258154E-03  2.1349909300030E-03  1.1672296382641E-02 -9.2913014989039E-03
 -1.1672296078656E-02  1.1672296078655E-02  2.0287049020953E-02 -1.4319279314866E-04
  1.4226440131895E-04 -3.8061049675920E-04  7.6966669654669E-21 -1.4226328908000E-04
  1.0720529487323E-04 -5.1258668004165E-04  8.6579901743822E-21  3.8060882147897E-04
 -5.1258683898837E-04  1.4299696299718E-03 -2.0062763963870E-19  1.1306132369942E-20
 -1.9065332077459E-19  1.4279417666918E-19 -7.2873572230675E-05 -2.4108049538596E+00
 -3.1901545316125E-19  1.8401531061921E-19  3.3919351839554E-19 -1.7221174091067E+00
 -1.0619443658740E-17  2.7526561573683E-18  3.2740028146588E-18 -5.6940791192184E-18
 -5.0661518943208E-01 -6.1419001423289E-18 -5.7733085669653E-18  3.4136291590750E-19
 -6.6166754944727E-18 -5.0661518943213E-01 -4.5398152215827E-18  3.2796501541369E-18
 -7.1856314567900E-18 -4.5352246284486E-18 -5.0661518943208E-01 -1.4028737779566E+00
 -1.0087967898383E-16 -3.0078182565835E-17 -5.7877892693123E-17 -4.8997542440231E-17
 -1.4479994664728E-01  3.7425105119237E-17  3.7638284348177E-17 -1.9993614431965E-17
  4.0834700388801E-17 -1.4479994664710E-01  7.8077346524303E-17 -2.1164597675792E-17
  4.5605960785431E-17  7.9144571953466E-17 -1.4479994664729E-01 -4.0761645105402E-05
 -2.4270563815432E-20 -4.9473576675387E-05 -4.9473576675385E-05 -6.6512329372490E-20
  3.7212040539524E-06 -3.1555770720354E-20  1.1131858133395E-19  5.6769610061079E-05
  3.7912822544304E-20  1.0097426299535E-04  1.1870235166015E-04  5.6769610061079E-05
  1.0727250490935E-19  1.1870235166015E-04  1.0097426299535E-04 -8.7742251397030E-01
  1.3195229554131E-16 -1.0758178237276E-16  2.9297174736480E-18  1.4578009732869E-16
 -1.6145743729427E-01  4.7314618741172E-17  9.9963225896451E-17 -1.0760250417566E-16
  4.8631627040819E-17 -1.6145743729365E-01  1.1248224151566E-16  2.9035838695824E-18
  1.0818227364367E-16  1.1114705284129E-16 -1.6145743729442E-01 -4.7954317465397E-04
 -1.4107042556538E-19 -1.5202774420772E-03 -1.5202774420770E-03  5.3783947518085E-19
 -6.0234101590313E-04  1.3228158776260E-18  8.7006859879553E-19  1.5202774420772E-03
  1.3527977215745E-18  4.0069508700062E-03  4.6136785901999E-03  1.5202774420770E-03
  1.0824304812234E-18  4.6136785902000E-03  4.0069508700064E-03  7.2044420733147E-04
 -7.7587423090354E-20  7.1041246751933E-19 -1.5298700792017E-03 -2.0476128138446E-02
 -3.0171088787235E-19  4.8168784516293E-18  7.3796295468840E-02 -1.8901824216882E-01
 -2.4111525603234E-18  2.3755471872588E-17  4.7169132702477E-01 -2.5463315824999E-04
  1.6189134487478E-20 -9.3180709675753E-04 -5.6451357131303E-04 -5.6666689964800E-03
  1.4083644375454E-02  1.4083644375454E-02  1.4083643726733E-02 -5.6666689962908E-03
  1.4083644377497E-02 -1.4083644377497E-02 -1.4083643719075E-02  7.2044351503954E-04
  1.5298712591542E-03  8.3613727542361E-20  3.2515215234830E-11 -2.0476128337874E-02
 -7.3796294563118E-02  3.9490109353242E-19 -9.3296225633299E-12 -1.8901824228231E-01
 -4.7169132663931E-01 -1.6425906934676E-18  3.3358817224013E-13 -2.5463295994361E-04
  5.6451331339402E-04 -7.3814518811951E-21  9.3180743749946E-04 -2.5463361051047E-04
  5.6451360439928E-04 -9.3180707379379E-04  1.1507933359253E-12 -2.5463294823740E-04
  5.6451331973746E-04 -3.9482036265678E-20 -9.3180741249208E-04  7.2044399160502E-04
  2.5798176812763E-20  3.1475135020997E-20  1.5298701708766E-03 -2.0476128330483E-02
  2.3062250884093E-19 -4.7732755451465E-19 -7.3796295598161E-02 -1.8901824231747E-01
 -7.0016328497794E-20 -1.2046348687585E-18 -4.7169132714151E-01 -2.5463316563774E-04
  9.3180712469955E-04 -4.4689562134341E-20  5.6451357496854E-04 -2.1853654285162E+00
 -5.5362752076825E-03  5.8528516326794E-20 -1.4971704918408E-18 -2.7198272972519E-02
 -3.0764176375773E-02 -6.9159151036249E-19  4.6632992395808E-18  4.4248022148169E-02
  1.9638433366918E-19 -1.8733627402924E-02 -3.6163580758441E-19  5.3056457227621E-20
 -5.2363379011207E-18 -2.4979819459698E-19 -1.8733627402924E-02  7.7698474601425E-18
 -1.0065478923245E-01 -2.6384946279059E-19  9.1271741148544E-18  1.2667869054148E-01
 -6.3066955927501E-02 -2.9465595287808E-18  6.2180879621743E-18  1.1229839978764E-01
  1.8300185168578E-18 -3.3313026218132E-02 -1.1404986182876E-19  2.0310397562381E-18
 -6.9380064224947E-18 -4.8934391391413E-20 -3.3313026218131E-02  1.3701674759238E-17
 -1.1496016943518E-01 -8.1720783916309E-18  5.9990247266392E-18  9.2639499390820E-02
 -1.5699789268378E-01 -1.5579165238150E-17  1.7801309648083E-17  3.0159159329176E-01
 -3.6639015277159E-18 -2.6482231357819E-02 -1.3469572685381E-18 -1.1087791819945E-17
 -1.3482461044485E-17 -3.3795153810405E-18 -2.6482231357824E-02  2.4264911228269E-17
 -5.1599031998912E-02 -1.0859402406756E-17  9.3075722952076E-18 -2.8598071485312E-02
 -4.4468584801313E-04  2.3057086091216E-19 -2.4272080600324E-03 -9.0465312329835E-04
  2.6686322320117E-19 -5.7853190222806E-04  9.4548468681915E-20 -5.7039269131865E-20
  5.9775571286376E-04 -2.2836295097024E-19  3.8514818455052E-03  1.2380728224466E-03
  8.3202286148738E-04 -2.0432443479210E-19  2.7226400024246E-03  1.0664170741033E-03
 -2.5070208240721E-04  5.9332404931263E-04  5.9332404931264E-04  5.9332408172158E-04
 -4.9361187615933E-04  9.7673168708545E-04  1.2208251258372E-03  1.2208249566375E-03
 -4.9361187615933E-04  1.2208251258372E-03  9.7673168708545E-04  1.2208249566375E-03
 -4.9361203612550E-04  1.2208256815231E-03  1.2208256815231E-03  9.7673265914302E-04
 -2.5070206539111E-04  5.9332401733466E-04 -5.9332401733466E-04 -5.9332408530531E-04
 -4.9361188237932E-04  9.7673170953026E-04 -1.2208250973287E-03 -1.2208249281793E-03
  4.9361188237932E-04 -1.2208250973287E-03  9.7673170953025E-04  1.2208249281793E-03
  4.9361205746128E-04 -1.2208257542588E-03  1.2208257542588E-03  9.7673262958929E-04
 -1.0345179283907E-02  2.0056765852986E-02  2.0056765852985E-02  2.0056765768557E-02
 -7.7263377121584E-03  7.1057184580813E-03  1.2786543658398E-02  1.2786544184153E-02
 -7.7263377121587E-03  1.2786543658399E-02  7.1057184580813E-03  1.2786544184152E-02
 -7.7263376848563E-03  1.2786542670900E-02  1.2786542670900E-02  7.1057181465186E-03
 -1.0345179257818E-02  2.0056765818122E-02 -2.0056765818123E-02 -2.0056765735168E-02
 -7.7263376954383E-03  7.1057184586347E-03 -1.2786543623294E-02 -1.2786544175350E-02
  7.7263376954380E-03 -1.2786543623294E-02  7.1057184586340E-03  1.2786544175350E-02
  7.7263376558527E-03 -1.2786542720459E-02  1.2786542720460E-02  7.1057180805065E-03
 -5.5362726869591E-03  2.7198278356116E-02 -1.3319704909591E-19 -1.6167433585964E-10
 -3.0764180018618E-02 -4.4248031486429E-02  1.7578473098959E-18  1.3235656038632E-11
  1.0065480409656E-01  1.2667871558971E-01 -1.2406604153553E-18 -7.6808007077557E-12
 -6.0951181950370E-19 -7.9894796418515E-19 -1.8733633234669E-02 -6.6729073432898E-20
 -1.0496626364046E-10 -5.6938292825483E-11  3.1912901057788E-20 -1.8733636336515E-02
 -6.3066962538604E-02 -1.1229841680153E-01  8.1745635826696E-20 -3.8300538085189E-11
  1.1496019546370E-01  9.2639547401556E-02 -9.2078045015210E-18  5.8785913493476E-12
 -7.8980777290576E-19 -1.4404477526801E-17 -3.3313035383954E-02 -2.9218797847175E-20
 -1.1358825752066E-10 -5.6239761401308E-11 -5.8052678412009E-19 -3.3313035935629E-02
 -1.5699789724230E-01 -3.0159160027920E-01  1.6918750377634E-17 -8.4528196166798E-11
  5.1599055402907E-02 -2.8598039125841E-02 -3.7659681487089E-17  4.4411141755087E-11
  1.7454851432340E-17  4.6004966714921E-17 -2.6482236832520E-02  2.9642133168208E-19
 -1.3020482735831E-10 -1.2616002196251E-10  1.7086851144579E-18 -2.6482226494272E-02
 -4.4468603869574E-04  9.0465388322413E-04  3.6677818698358E-19  2.4272085822573E-03
 -8.3202210269265E-04  1.0664162003337E-03 -6.5107019071214E-20  2.7226392759002E-03
  1.8950456701005E-19 -5.3742693419293E-20 -5.7853167787772E-04  1.8518834877591E-19
 -5.9775741062576E-04  1.2380748728308E-03  2.5271531181950E-19  3.8514826663134E-03
 -4.4468635676369E-04  9.0465283166270E-04 -2.4272080895687E-03 -2.7884604511844E-12
 -8.3202215518768E-04  1.0664168607322E-03 -2.7226396584139E-03  5.5291122149124E-12
  5.9775577790313E-04 -1.2380730495446E-03  3.8514818020747E-03 -7.0766787499000E-12
  3.5266847867183E-11 -9.0176312556209E-12 -5.1700429190507E-12 -5.7853232574697E-04
 -4.4468602277079E-04  9.0465387655300E-04 -2.2741962088903E-19 -2.4272085692855E-03
 -8.3202208857985E-04  1.0664162083499E-03  5.4882430093269E-20 -2.7226392515064E-03
 -3.1906219367274E-20 -2.2141933097312E-19 -5.7853167494389E-04  5.5538076182860E-20
  5.9775743949097E-04 -1.2380750036118E-03 -3.0910578231507E-20  3.8514827092496E-03
 -5.5362749841688E-03  1.9725695732079E-20  5.9863753275276E-22  2.7198279528770E-02
 -3.0764176257235E-02 -2.1947365234079E-19  8.9678200042113E-19 -4.4248021961071E-02
 -5.5122737639015E-19 -1.8733627286983E-02  1.5845665719408E-19  3.8710853439174E-19
 -1.6676361847246E-19  1.2365957798664E-19 -1.8733627286983E-02 -1.1269567295992E-19
  1.0065479059998E-01  3.7346166627584E-19 -6.8177758419132E-19  1.2667869007508E-01
 -6.3066955761311E-02  1.4640873770614E-18  3.6014918509792E-21 -1.1229839960815E-01
  2.4106896129734E-18 -3.3313026057369E-02 -4.5341027151140E-19 -4.5872065447207E-18
  1.5760406016526E-18 -1.0935600020782E-21 -3.3313026057370E-02 -9.4880123890731E-18
  1.1496017026039E-01 -1.6466969104975E-18 -4.2948350232395E-18  9.2639498599725E-02
 -1.5699789254964E-01  3.4629168902917E-18  4.1703136648387E-18 -3.0159159315729E-01
 -2.8443082356460E-18 -2.6482231219377E-02  2.6716169387322E-19 -1.0473958018891E-18
  6.9605430527972E-18 -6.8102856468802E-19 -2.6482231219397E-02  3.6822387046540E-18
  5.1599032182420E-02  3.8363341240803E-18 -5.7672281290083E-19 -2.8598072082501E-02
 -4.4468590608689E-04  2.4272080851988E-03  6.4452112522338E-20  9.0465313317804E-04
 -5.9775563276080E-04  3.8514819032451E-03  5.6476455894156E-20  1.2380728248805E-03
 -5.2954076378470E-20  2.8796834126706E-19 -5.7853190675247E-04  6.8299975961039E-20
 -8.3202309023486E-04  2.7226400538733E-03  3.5591754816396E-20  1.0664170336497E-03
 -2.0089820060317E+00 -2.8943494278092E-17 -3.7013627479511E-17  1.1575800695741E-10
 -9.1488404767235E-01 -1.2321199187051E-17  8.4676793983059E-17 -4.4928506633662E-11
 -2.5444179046427E-17  8.5099251505293E-01  7.8351789798626E-18 -1.4258799171220E-17
  9.1652816186656E-17  5.6903801820126E-18  8.5099251505282E-01 -1.7577879293236E-17
 -4.4927568758461E-11 -1.4042791734298E-17 -1.6493723455884E-17  8.5099256233216E-01
 -5.6666685128204E-03  1.4083643668195E-02  1.4083643668195E-02  1.4083643668195E-02
  7.2044343028999E-04  3.6250306700047E-19 -5.4252465411471E-19 -1.5298706693305E-03
 -2.0476127963290E-02 -9.6754673341147E-19  6.0911855279000E-20  7.3796294844892E-02
 -1.8901824334522E-01  2.1445596349187E-19  3.5825645672877E-19  4.7169132918415E-01
 -2.5463484454090E-04  9.3180713434885E-04  4.2889250311359E-12 -5.6451358513737E-04
 -5.6666684005238E-03  1.4083643658296E-02  1.4083643658296E-02 -1.4083643658296E-02
 -2.8583388440229E-05  1.5699665389372E-04  1.5699665389372E-04 -1.2151494678810E-11
 -2.1853654449521E+00 -2.5070035951242E-04  5.9332429197950E-04  5.9332429197951E-04
  5.9332429197951E-04 -4.9361202934804E-04  9.7673183338947E-04  1.2208249321473E-03
  1.2208249321473E-03 -4.9361202934804E-04  1.2208249321473E-03  9.7673183338947E-04
  1.2208249321473E-03 -4.9361202934804E-04  1.2208249321473E-03  1.2208249321473E-03
  9.7673183338948E-04 -1.0345179082148E-02  2.0056766509243E-02  2.0056766509242E-02
  2.0056766509243E-02 -7.7263384089846E-03  7.1057197491383E-03  1.2786544530176E-02
  1.2786544530178E-02 -7.7263384089850E-03  1.2786544530176E-02  7.1057197491385E-03
  1.2786544530179E-02 -7.7263384089843E-03  1.2786544530177E-02  1.2786544530177E-02
  7.1057197491390E-03 -5.5362770161745E-03  1.0118103615024E-20 -2.4872310327579E-19
 -2.7198278483572E-02 -3.0764180593165E-02 -5.7086470662638E-19 -4.3992643317890E-19
  4.4248030941168E-02 -2.8780239067281E-19 -1.8733633593782E-02  2.2530310193054E-11
 -1.9952186319318E-19  7.3217130143747E-20  2.2530310215336E-11 -1.8733633593782E-02
  8.4295619385835E-20 -1.0065480352920E-01 -1.3875962604585E-19 -1.0714056969939E-18
  1.2667871478409E-01 -6.3066962892542E-02 -3.6145547327752E-19 -3.1337498006696E-18
  1.1229841708678E-01 -3.0805666437558E-18 -3.3313036027507E-02  1.8617459391766E-11
  2.0963692001335E-18 -2.0316398419910E-18  1.8617460845401E-11 -3.3313036027505E-02
  1.2611302552240E-17 -1.1496019549801E-01 -7.4492136964589E-18 -2.1716823121320E-18
  9.2639548358110E-02 -1.5699790240559E-01  6.9849700535089E-18  2.1784060555024E-17
  3.0159161120652E-01  2.1753275477788E-17 -2.6482239519205E-02 -1.0023838204595E-11
 -3.2207381721204E-17  2.8424736359912E-17 -1.0023831171658E-11 -2.6482239519207E-02
 -5.5135212581481E-17 -5.1599058483029E-02  1.1438591568208E-17  1.6138184932184E-17
 -2.8598034414621E-02 -4.4468698615559E-04  2.4272080332087E-03  6.8154294212381E-12
 -9.0465352482888E-04 -5.9775572024715E-04  3.8514814698379E-03 -2.2314122568976E-11
 -1.2380738536889E-03 -1.5186658751996E-11 -9.9233917405122E-12 -5.7853213549314E-04
  7.2031776887848E-12  8.3202231697822E-04 -2.7226397104288E-03  8.7021631219549E-12
  1.0664174865191E-03 -2.5070009930080E-04  5.9332428175468E-04  5.9332428175468E-04
 -5.9332428175468E-04 -4.9361194442817E-04  9.7673178371086E-04  1.2208248756239E-03
 -1.2208248756239E-03 -4.9361194442817E-04  1.2208248756239E-03  9.7673178371086E-04
 -1.2208248756239E-03  4.9361194442816E-04 -1.2208248756239E-03 -1.2208248756239E-03
  9.7673178371086E-04 -1.0345178952985E-02  2.0056766479179E-02  2.0056766479180E-02
 -2.0056766479179E-02 -7.7263383765508E-03  7.1057197057961E-03  1.2786544494500E-02
 -1.2786544494502E-02 -7.7263383765516E-03  1.2786544494500E-02  7.1057197057968E-03
 -1.2786544494500E-02  7.7263383765508E-03 -1.2786544494501E-02 -1.2786544494501E-02
  7.1057197057969E-03 -2.8582930922453E-05 -1.5699658853869E-04 -1.5699658853869E-04
 -1.7070086801657E-12 -2.5500356429306E-03  5.8003213849107E-03  5.8003213849108E-03
 -2.0428206056785E-11 -5.8003213330256E-03  1.0922428517405E-02  1.2203135209111E-02
 -1.5218099411822E-11 -5.8003213330256E-03  1.2203135209111E-02  1.0922428517405E-02
 -1.5218097805415E-11 -2.9785572029848E-12  1.8390033692258E-12  1.8390033266380E-12
 -2.2060408230526E-03 -2.0089820192666E+00 -3.8969051006579E-17 -1.1019739468909E-17
 -1.3007341237207E-17 -9.1488407289550E-01  6.7351890835902E-17  8.8550555244893E-17
  1.2222820069920E-16  6.1849203485548E-17  8.5099249890559E-01 -5.2817896444612E-18
 -1.0614049655167E-17  1.1881629481935E-16 -7.6416907747362E-18  8.5099249890552E-01
  1.2069167872341E-17  1.5390520141512E-16 -1.0830549318021E-17  1.1634071375550E-17
  8.5099249890554E-01 -2.8583275653429E-05 -1.5699669721710E-04  1.3124536320105E-19
 -1.5699769067697E-04 -2.8583274553159E-05  1.5699664805445E-04 -1.9177507101942E-19
  1.5699773338354E-04 -2.5500355705898E-03 -5.8003208371967E-03 -3.5258747999262E-20
 -5.8003219589755E-03  5.8003219589755E-03  1.0922426954907E-02  6.0910569725753E-19
  1.2203133387187E-02 -5.4928859990226E-20  1.6698565583551E-19 -2.2060399999334E-03
  2.7865404175935E-19  5.8003208371967E-03  1.2203134688536E-02  3.8708619783430E-19
  1.0922426954907E-02 -2.5500355477677E-03  5.8003207635866E-03 -1.2971841074740E-19
  5.8003219830359E-03 -5.8003219830359E-03  1.0922426917455E-02  1.3396696888868E-19
  1.2203133398188E-02  3.0214773841968E-19 -2.0366396831703E-20 -2.2060400105941E-03
 -3.8017226649281E-19 -5.8003207635866E-03  1.2203134686048E-02 -1.5806130900165E-19
  1.0922426917456E-02
  2.1081728662043E+00 -1.9501721386231E-01  0.0000000000000E+00 -5.3852904463088E-28
  0.0000000000000E+00  4.1009758445466E-01  5.3852904463088E-28  3.2311742677853E-27
  0.0000000000000E+00  5.3852904463088E-28  7.0462245278746E-01  0.0000000000000E+00
  0.0000000000000E+00  0.0000000000000E+00  0.0000000000000E+00  7.0462245278746E-01
 -5.7824115865894E-19  0.0000000000000E+00  0.0000000000000E+00 -5.7824115865894E-19
  7.0462245278746E-01 -2.7416269916565E-01  0.0000000000000E+00 -1.0770580892618E-27
  0.0000000000000E+00  4.9057580973031E-01 -2.1541161785235E-27 -4.3082323570470E-27
  0.0000000000000E+00  0.0000000000000E+00  4.8980274140117E-01  0.0000000000000E+00
  0.0000000000000E+00  0.0000000000000E+00  0.0000000000000E+00  4.8980274140117E-01
  0.0000000000000E+00  0.0000000000000E+00  0.0000000000000E+00  0.0000000000000E+00
  4.8980274140117E-01  5.8833835882914E-01  0.0000000000000E+00  1.0770580892618E-27
  0.0000000000000E+00  0.0000000000000E+00  3.4060396066066E-01  0.0000000000000E+00
  0.0000000000000E+00 -1.0770580892618E-27  0.0000000000000E+00  3.4060396066066E-01
  0.0000000000000E+00  0.0000000000000E+00  0.0000000000000E+00  0.0000000000000E+00
  3.4060396066066E-01  5.5022403501435E-04  0.0000000000000E+00  1.1764919908088E-03
  1.1764919908088E-03  4.5175090520229E-21 -6.3600415547794E-04 -2.8912057932947E-19
  2.8912057932947E-19 -1.1764919908088E-03 -2.8912057932947E-19 -1.4071065857709E-03
 -1.1300208373721E-03 -1.1764919908088E-03  2.8912057932947E-19 -1.1300208373721E-03
 -1.4071065857709E-03 -5.0834024287290E-02  0.0000000000000E+00  0.0000000000000E+00
  0.0000000000000E+00  1.6278277442903E-04  4.5175090520229E-21 -4.4573711673409E-04
 -4.4573711673409E-04  1.1169502474138E-01  4.3082323570470E-27  0.0000000000000E+00
  0.0000000000000E+00  2.1541161785235E-27  2.8733278503902E-01  0.0000000000000E+00
  2.8912057932947E-19 -8.6164647140940E-27  0.0000000000000E+00  2.8733278503902E-01
  0.0000000000000E+00  0.0000000000000E+00  0.0000000000000E+00  0.0000000000000E+00
  2.8733278503902E-01 -6.9788746697444E-04  0.0000000000000E+00 -3.3731049783778E-03
 -3.3731049783778E-03  0.0000000000000E+00  1.9041166111103E-03 -1.4456028966473E-19
 -1.4456028966473E-19  1.4750815694023E-03 -1.4456028966473E-19  5.5053499859385E-03
  4.7487136271637E-03  1.4750815694023E-03 -2.8912057932947E-19  4.7487136271637E-03
  5.5053499859385E-03  1.3418793544501E-01  4.3082323570470E-27  8.6164647140940E-27
  0.0000000000000E+00  2.1541161785235E-27  1.9975420305361E-01  0.0000000000000E+00
  0.0000000000000E+00  0.0000000000000E+00  0.0000000000000E+00  1.9975420305361E-01
  0.0000000000000E+00  0.0000000000000E+00  0.0000000000000E+00 -1.4456028966473E-19
  1.9975420305361E-01 -8.7826492310265E-04 -1.8070036208092E-20 -2.3049389433347E-03
 -2.3049389433347E-03 -9.0350181040459E-21  9.6910327782576E-04  1.4456028966473E-19
 -1.4456028966473E-19  1.0489987515436E-03 -1.4456028966473E-19  3.1905316413493E-03
  2.8474991776740E-03  1.0489987515436E-03  0.0000000000000E+00  2.8474991776740E-03
  3.1905316413493E-03  1.0018870078758E-04  0.0000000000000E+00 -2.2587545260115E-21
  5.2803891892700E-05  0.0000000000000E+00  2.6398437340784E-04  0.0000000000000E+00
  0.0000000000000E+00 -1.6234798155707E-21  0.0000000000000E+00  2.6398437340784E-04
  0.0000000000000E+00 -1.5241053401450E-05  0.0000000000000E+00  0.0000000000000E+00
  4.5125540275052E-05  3.4624795939567E-02  0.0000000000000E+00  0.0000000000000E+00
  0.0000000000000E+00  5.3852904463088E-28  1.2119785829675E-01  0.0000000000000E+00
  0.0000000000000E+00 -2.1541161785235E-27  0.0000000000000E+00  1.2119785829675E-01
  0.0000000000000E+00  0.0000000000000E+00  0.0000000000000E+00  0.0000000000000E+00
  1.2119785829675E-01 -5.1524019148451E-04  2.7105054312138E-20 -1.9877978631905E-03
 -1.9877978631905E-03  1.8070036208092E-20  2.3077656330139E-03  4.0123540508067E-36
 -1.4456028966473E-19  1.9877978631905E-03  4.0123540508067E-36  5.2729243767660E-03
  4.1529980616888E-03  1.9877978631905E-03  1.4456028966473E-19  4.1529980616888E-03
  5.2729243767660E-03  8.3864916704880E-05 -9.0350181040459E-21  3.9528204205201E-21
  4.7296591923809E-05 -9.0350181040459E-21  8.3537812568634E-04  0.0000000000000E+00
  0.0000000000000E+00  3.9528204205201E-21  0.0000000000000E+00  8.3537812568634E-04
  0.0000000000000E+00 -4.7296591923809E-05  0.0000000000000E+00  0.0000000000000E+00
  2.8323649493338E-04 -1.0222844389320E-04  1.4850521777466E-04 -1.4850521777466E-04
 -9.3138208948902E-05 -1.4850521777466E-04  7.0026576050642E-04 -2.7341079224768E-04
 -3.0977623188441E-04  1.4850521777466E-04 -2.7341079224768E-04  7.0026576050642E-04
  3.0977623188442E-04  9.3138208948902E-05 -3.0977623188441E-04  3.0977623188442E-04
  7.4697019633168E-04  1.1419087274304E-03  2.0938203701602E-03  2.0938203701602E-03
  1.4681904419075E-20  4.4512758386193E-04  1.6756593642030E-03  1.6756593642030E-03
  1.4117215787572E-21 -9.9893886412147E-05  1.7386547779416E-04 -1.7386547779416E-04
 -2.2846797851664E-04 -9.4096028955943E-05  1.8385392166999E-05  8.5635839312017E-07
  1.9764102102600E-21  2.1081728434657E+00 -9.5904491125460E-04 -4.6858464064987E-03
 -4.6858464064987E-03  2.7105054312138E-20  4.6858352813084E-03  1.2249527792968E-02
  1.2593358140925E-02  9.0350181040459E-21  4.6858352813084E-03  1.2593358140925E-02
  1.2249527792968E-02 -1.3552527156069E-20  4.2351647362715E-22 -1.1293729547734E-21
  4.2351604280391E-21 -3.9340521350759E-03 -1.6542675064236E-03 -3.3919562178699E-03
 -3.3919562178699E-03 -1.0164395367052E-20  8.5118234347424E-03  9.4196809857143E-03
  1.0231821756383E-02  1.3552527156069E-20  8.5118234347424E-03  1.0231821756383E-02
  9.4196809857143E-03  2.4846299786126E-20  0.0000000000000E+00  3.3881317890172E-21
 -2.5410988417629E-21 -4.2926798619723E-03 -1.3890774772439E-03 -3.9632817861978E-03
 -3.9632817861978E-03 -7.9056408410401E-21  1.1240213113833E-02  1.4911009685848E-02
  1.7362268107794E-02 -2.7105054312137E-20  1.1240213113833E-02  1.7362268107794E-02
  1.4911009685848E-02 -4.5175090520240E-21  9.0350181040459E-21  4.5175112061391E-21
 -2.5411009958791E-21  2.7440556007818E-03  1.2822329567148E-04 -4.6497741488487E-04
  4.6497741488487E-04  3.3208555962096E-04 -2.0134743763074E-05  2.0083475532640E-03
 -2.1525379589181E-06 -1.3082907441535E-03  2.0134743763074E-05 -2.1525379589187E-06
  2.0083475532640E-03  1.3082907441535E-03  1.2800458698937E-03 -6.0163642323896E-04
  6.0163642323896E-04  9.5716201195413E-04  3.8289690033075E-04 -6.7611962869667E-05
  2.8848828693202E-04  1.1293772630057E-20 -5.7447592794768E-07  9.5502713154597E-04
 -1.5880165646866E-05  1.8070036208091E-20 -7.1537492964068E-04  2.7241218185322E-04
 -3.3516153899366E-04 -1.8070036208091E-20  4.5175090520229E-21  2.2587523718953E-21
  1.6940680486248E-21  8.1041270920934E-04 -1.1182990987206E-04 -1.9602842402359E-04
 -2.1112146854722E-04 -2.5634793005119E-04  2.2825266215522E-04  7.4941540299627E-04
  4.1343682311726E-04  3.3787166951681E-04  1.7863627785844E-04  4.5365643472158E-04
  7.8582386506041E-04  5.6438849016209E-04  4.3855776334810E-04  4.0916586314013E-04
  8.1391422423634E-04  1.0515242316425E-03 -1.9501715077925E-01  0.0000000000000E+00
 -1.0770580892618E-27  3.2311742677853E-27  4.1009737424336E-01  0.0000000000000E+00
  0.0000000000000E+00  8.8857292364095E-27  0.0000000000000E+00  7.0462210798662E-01
  6.6093396814543E-11  2.6093925551256E-20  0.0000000000000E+00  6.6093399127507E-11
  7.0462210798662E-01  0.0000000000000E+00  1.6155871338926E-27 -1.3653640032157E-19
 -3.6140072416183E-20  7.0462214922879E-01  1.1418340462637E-03 -2.0937857141874E-03
 -2.0937857141874E-03  2.8234431575143E-22 -1.6542508686468E-03 -8.5117766583990E-03
 -8.5117766583990E-03  4.8563222309247E-20  3.3919598964453E-03  9.4197045143259E-03
  1.0231835206256E-02 -4.5175090520229E-20  3.3919598964453E-03  1.0231835206256E-02
  9.4197045143259E-03  1.1293772630057E-20  1.7646519734465E-23  1.1293815712381E-21
 -3.5297347701286E-23 -4.2926248610591E-03 -2.4585854870565E-03 -6.0694254150326E-03
 -6.0694254150326E-03 -2.0328790734103E-20  6.0694699126665E-03  7.1907318090358E-03
  8.1317283727649E-03 -6.7762635780344E-21  6.0694699126665E-03  8.1317283727649E-03
  7.1907318090358E-03  0.0000000000000E+00  2.2587545260115E-21 -5.6468863150287E-21
  6.2115749465315E-21 -4.0416544425819E-03 -7.2179333160994E-04 -2.1429929215791E-04
  2.1429929215791E-04  1.1882589362852E-03  2.1429886437994E-04 -9.0029512535536E-04
 -6.2703968970032E-04  9.7670480305526E-06 -2.1429886437994E-04 -6.2703968970032E-04
 -9.0029512535536E-04 -9.7670480305526E-06 -1.1882351046556E-03  9.7580753618621E-06
 -9.7580753618621E-06  5.1170025841539E-04 -1.5240584672357E-03 -5.7473312381072E-03
 -5.7473312381072E-03 -2.2587545260115E-21  7.7637157663242E-03  1.0561407747230E-02
  1.2553745683022E-02 -4.5175090520230E-20  7.7637157663242E-03  1.2553745683022E-02
  1.0561407747230E-02 -1.3552527156068E-20  3.3881317890172E-21  2.2587588342438E-21
  5.6468432327051E-22  1.2109199305857E-03 -1.2071122870913E-05 -7.4666579786496E-04
  7.4666579786496E-04  1.0557016107385E-03 -1.0505395525671E-05  1.0370417053301E-03
 -1.6633555411469E-04 -9.0551163241833E-04  1.0505395525671E-05 -1.6633555411469E-04
  1.0370417053301E-03  9.0551163241833E-04  8.4021027390441E-04 -3.4186149001219E-04
  3.4186149001219E-04  6.4349182985975E-04  3.7791358299163E-04 -5.0515491090578E-05
  2.0145469383048E-04 -4.5175090520229E-21 -3.4625917097262E-06  4.8005678018280E-04
  5.4442195758135E-06 -4.5175090520229E-20 -4.7648060177509E-04  1.7193165238564E-04
 -2.6403097103687E-04 -9.0350181040464E-21 -2.2587545260115E-21  1.1293729547734E-21
 -8.4702863902194E-22  4.0080348402935E-04 -1.3289889955387E-04 -1.4423958539583E-04
 -2.3255439636059E-04 -2.5003011611267E-04  1.5240733878789E-04  3.6399386468738E-04
  2.3815171412150E-04  2.1045129237094E-04  1.0545075978191E-04  2.3684783457378E-04
  4.1576254725245E-04  3.1066127146023E-04  2.6691954926354E-04  2.2743507380884E-04
  4.7239832656389E-04  5.4762268602973E-04 -4.3135844583253E-04 -3.2027657023811E-04
 -3.2027657023811E-04 -2.2587545260115E-20  7.0073420445122E-04  1.1061524470931E-03
  1.1020666320983E-03 -3.1622563364160E-20  7.0073420445122E-04  1.1020666320983E-03
  1.1061524470931E-03 -9.0350181040464E-21  2.2587545260115E-21  1.1293772630057E-21
 -3.3881317890172E-21  1.2124406414528E-04  6.7669894155006E-05 -6.1115276754320E-05
 -6.1115276754320E-05  5.1033457794993E-05  9.7032583552215E-06  2.1655708388575E-04
  2.5378779050726E-05  1.1668629840526E-05  9.7032583552213E-06  2.5378779050726E-05
  2.1655708388575E-04  1.1668629840526E-05 -4.2661925204847E-05  5.0145722069079E-05
  5.0145722069079E-05  4.1859284684043E-05 -2.7416260556904E-01 -4.3082323570470E-27
 -4.3082323570470E-27 -1.0770580892618E-26  4.9057563696242E-01  0.0000000000000E+00
  0.0000000000000E+00 -4.3082323570470E-27  0.0000000000000E+00  4.8980262501911E-01
 -8.4458515434554E-10 -1.7221925961572E-20  0.0000000000000E+00 -8.4458515376730E-10
  4.8980262501911E-01  1.8070036208092E-20 -5.3852904463088E-27 -4.8662077846551E-20
  0.0000000000000E+00  4.8980261094815E-01  5.8833827704671E-01  0.0000000000000E+00
  0.0000000000000E+00 -8.6164647140940E-27  8.6164647140940E-27  3.4060396489543E-01
 -1.2229394409762E-09 -4.0380839529357E-20  0.0000000000000E+00 -1.2229394409762E-09
  3.4060396489543E-01  0.0000000000000E+00  0.0000000000000E+00  2.7674193884980E-22
  0.0000000000000E+00  3.4060392363687E-01  5.5021137702158E-04  5.7639315018670E-10
  1.1765542576316E-03  1.1765952230680E-03 -5.7639315020477E-10 -6.3599369552806E-04
  5.0391422675597E-10 -2.5109006510666E-10 -1.1765542576316E-03  5.0391422700161E-10
 -1.4070968972114E-03 -1.1300189197625E-03 -1.1765952230680E-03 -2.5109006502246E-10
 -1.1300189197625E-03 -1.4071129696536E-03  5.5013301607112E-04 -1.1765802934045E-03
  1.1765802934045E-03 -2.6926452231544E-28  1.1765802934045E-03 -1.4071385078836E-03
  1.1300234030564E-03  0.0000000000000E+00 -1.1765802934045E-03  1.1300234030564E-03
 -1.4071385078836E-03  8.1327336125030E-29 -4.5175093212875E-21  1.9199413471097E-20
 -9.0350179627545E-21 -6.3600257998081E-04  5.5013912022321E-04  1.1765775064047E-03
  1.1765775064047E-03 -6.7762638472989E-21 -1.1765775064047E-03 -1.4071377137994E-03
 -1.1300232744775E-03 -1.0294107626858E-20 -1.1765775064047E-03 -1.1300232744775E-03
 -1.4071377137994E-03 -2.4861234637502E-20  6.7762633087699E-21 -4.1399291059028E-21
  5.1145188157804E-21 -6.3600462695150E-04  4.4515509555493E-04 -1.6757452223999E-03
 -1.6757452223999E-03 -2.8234431575143E-22 -9.9819818425496E-05 -1.7388659206029E-04
  1.7388659206029E-04  2.2840313536999E-04 -9.4071135399645E-05 -1.8399212898813E-05
 -8.2217753722836E-07 -5.6468863150287E-22 -1.3892411630756E-03 -1.1240238833593E-02
 -1.1240238833593E-02 -1.3552527156069E-20  3.9632125431665E-03  1.4910992500130E-02
  1.7362267530705E-02  2.2587545260116E-20  3.9632125431665E-03  1.7362267530705E-02
  1.4910992500130E-02 -4.5175090520240E-21 -8.4703294725430E-22  2.2587459095468E-21
  1.1293858794704E-21  2.7439343862833E-03  1.2814957121478E-04  2.0166683534388E-05
 -2.0166683534388E-05 -1.2802056639411E-03  4.6494043770799E-04  2.0083130548817E-03
 -2.1608672510256E-06 -6.0164412067232E-04 -4.6494043770799E-04 -2.1608672510253E-06
  2.0083130548817E-03  6.0164412067232E-04 -3.3193792306992E-04 -1.3082738647407E-03
  1.3082738647407E-03  9.5716507004849E-04  3.8281037061886E-04  6.0105223833124E-07
  7.1536417283616E-04  1.8070036208092E-20  6.7661513126424E-05  9.5499086189028E-04
  2.7242565131468E-04  1.8070036208090E-20 -2.8855206461847E-04 -1.5889484322140E-05
 -3.3509585870915E-04  3.1622563364163E-20 -4.2351647362715E-22 -9.0350094875811E-21
  2.2587459095468E-21  8.1030953200480E-04 -1.1183808280797E-04 -2.2822470027168E-04
 -1.7863552802067E-04 -4.3841398216270E-04  1.9595593406778E-04  7.4937085280485E-04
  4.5367173980702E-04  4.0916769599520E-04  2.1103877110236E-04  4.1340167141904E-04
  7.8586902030376E-04  8.1390906264989E-04  2.5621902309997E-04  3.3785782456977E-04
  5.6437447627261E-04  1.0515307980333E-03 -1.5242611501474E-03 -7.7637253322497E-03
 -7.7637253322497E-03 -1.3552527156069E-20  5.7472756379871E-03  1.0561384920377E-02
  1.2553738529436E-02 -1.3552527156070E-20  5.7472756379871E-03  1.2553738529436E-02
  1.0561384920377E-02  1.0271626370065E-33 -1.1293772630057E-21  1.1293858794704E-21
 -5.6469724796758E-22  1.2108102653740E-03 -1.2164559362408E-05  1.0529289537360E-05
 -1.0529289537360E-05 -8.4033710267611E-04  7.4662385277305E-04  1.0370080584788E-03
 -1.6634955774905E-04 -3.4186277391423E-04 -7.4662385277305E-04 -1.6634955774904E-04
  1.0370080584788E-03  3.4186277391423E-04 -1.0554759595433E-03 -9.0550060911279E-04
  9.0550060911279E-04  6.4349438241895E-04  3.7780380747347E-04  3.4768489890299E-06
  4.7647581101676E-04 -6.7762635780344E-21  5.0559788041872E-05  4.8001970409463E-04
  1.7193466489377E-04 -9.0350181040448E-21 -2.0151599285816E-04  5.4461984979786E-06
 -2.6396955830188E-04  1.8070036208091E-20 -2.2587545260115E-21 -8.6164647140940E-27
  2.2587631424762E-21  4.0070661660994E-04 -1.3290661857868E-04 -1.5238189418623E-04
 -1.0544292094630E-04 -2.6680416973879E-04  1.4416610529403E-04  3.6395170133166E-04
  2.3685059208646E-04  2.2743247855777E-04  2.3247342602782E-04  2.3813355465351E-04
  4.1580485006465E-04  4.7239496111898E-04  2.4983001472210E-04  2.1044357465104E-04
  3.1065018986641E-04  5.4762867484019E-04 -4.3142090416385E-04 -7.0073007763713E-04
 -7.0073007763713E-04 -2.2587545260115E-21  3.2022041149427E-04  1.1062113350054E-03
  1.1020685408208E-03  1.8070036208092E-20  3.2022041149427E-04  1.1020685408208E-03
  1.1062113350054E-03 -3.1622563364161E-20  1.1293772630057E-21  2.2587717589409E-21
 -5.6469035479581E-21  1.2113062384539E-04  6.7686850012575E-05 -9.6811507036302E-06
 -9.6811507036304E-06  4.2643408641484E-05  6.1038563859099E-05  2.1650746041709E-04
  2.5364561250326E-05  5.0135945560868E-05  6.1038563859099E-05  2.5364561250326E-05
  2.1650746041709E-04  5.0135945560868E-05 -5.1069753408759E-05  1.1658684478565E-05
  1.1658684478565E-05  4.1962864631339E-05 -1.7550202893326E-04 -4.8438731380332E-03
 -4.8438731380332E-03  1.1293772630057E-20  4.8438464958388E-03  1.1036273339530E-02
  1.2142294674839E-02  3.1622563364161E-20  4.8438464958388E-03  1.2142294674839E-02
  1.1036273339530E-02  4.5175090520229E-21 -5.6468863150287E-22 -2.2587545260115E-21
 -4.5175090520229E-21  4.2050528620196E-03 -1.2664250304373E-04 -2.6798867534057E-04
  2.6798867534057E-04 -1.8677872027567E-04  2.6799051830130E-04  2.3546071217863E-03
 -5.9762001630639E-05 -1.0582373665286E-03 -2.6799051830130E-04 -5.9762001630639E-05
  2.3546071217863E-03  1.0582373665286E-03  1.8676410440616E-04 -1.0582276235763E-03
  1.0582276235763E-03  1.4168587048584E-03  3.3661503595967E-04 -6.9195058844956E-05
  5.0686382360793E-04 -9.0350181040459E-21  6.9216881382336E-05  1.1827264402002E-03
  1.5822491648223E-04  4.5175090520229E-21 -5.0688435999669E-04  1.5821781886296E-04
 -2.0394425269153E-04 -4.0657581468206E-20  0.0000000000000E+00  4.5175090520229E-21
  2.8234431575143E-22  1.1285974273426E-03 -5.2406161507179E-05 -2.0878366875237E-04
 -1.9264344470962E-04 -2.9349290434177E-04  2.0877158506356E-04  1.0244243324632E-03
  5.1166453934872E-04  3.9061931787610E-04  1.9261853243268E-04  5.1164301165866E-04
  1.0636501434683E-03  7.6542578416307E-04  2.9350596544542E-04  3.9061174482387E-04
  7.6542290125890E-04  1.3229225386827E-03 -4.3226667986429E-04 -7.1910404292216E-04
 -7.1910404292216E-04 -2.2587545260115E-21  7.1908359961473E-04  2.2102273002443E-03
  1.9947331745423E-03  1.5811281682080E-20  7.1908359961473E-04  1.9947331745423E-03
  2.2102273002443E-03  3.1622563364161E-20  2.8234431575143E-21  0.0000000000000E+00
 -8.7526737882944E-21  5.5115307400942E-04  9.1870866309222E-05 -2.6415971272609E-05
 -2.6415971272609E-05  8.8468535591036E-05  2.6399620205837E-05  7.0212486166341E-04
  5.7801435168083E-05  7.6114930568045E-05  2.6399620205837E-05  5.7801435168083E-05
  7.0212486166341E-04  7.6114930568045E-05 -8.8489251421274E-05  7.6113362190631E-05
  7.6113362190631E-05  2.1891497286690E-04 -1.6460056660767E-04 -1.6326317080073E-04
  1.6326317080073E-04  1.9278152930665E-04  1.6324689063183E-04  9.4049397151920E-04
 -5.1186951582430E-04 -3.6051483671363E-04 -1.6324689063183E-04 -5.1186951582430E-04
  9.4049397151920E-04  3.6051483671363E-04 -1.9280540877304E-04 -3.6051409186912E-04
  3.6051409186912E-04  7.9997909888355E-04  4.7876550892609E-05 -2.7396883550103E-05
  7.0693405399091E-05  1.1293772630057E-20  2.7373376577932E-05  5.4356957310214E-04
  4.2493164876287E-05  2.2587545260115E-21 -7.0682836690579E-05  4.2493435059331E-05
  1.5525420009815E-04  4.5175090520229E-20 -5.6468863150287E-22  6.7762635780344E-21
 -4.5175090520229E-21  4.8595062521279E-04 -1.0270770638441E-04  1.0388531431855E-04
 -1.2785222307422E-04 -3.9219305491714E-05 -1.0387506725885E-04  4.5137452226692E-04
 -1.6653372596934E-04 -8.8683878445742E-05  1.2785123499020E-04 -1.6655974351763E-04
  8.2544505167682E-04  5.0574895151499E-04  3.9227142628585E-05 -8.8689835628974E-05
  5.0573859175782E-04  7.1047286059292E-04 -5.0834179569433E-02  9.6935228033558E-27
 -5.3852904463088E-27  1.2924697071141E-26  1.6245634568902E-04 -4.0915894123891E-09
 -4.4581466143181E-04 -4.4578359063946E-04  1.6236062739107E-04  4.4578541034204E-04
 -4.4578541034204E-04  0.0000000000000E+00  1.6236293263492E-04 -4.4579015941881E-04
 -4.4579015941881E-04 -2.2587545260115E-21  1.1169530060438E-01  0.0000000000000E+00
  0.0000000000000E+00  0.0000000000000E+00  1.0770580892618E-27  2.8733299139130E-01
  2.4761049749568E-09  3.8102497910800E-20  0.0000000000000E+00  2.4761049761133E-09
  2.8733299139130E-01 -5.4210108624275E-20  8.6164647140940E-27 -7.0289625058784E-20
 -9.0350181040459E-20  2.8733307341948E-01 -6.9781591798757E-04 -1.5705688433002E-09
 -3.3731947528529E-03 -3.3732838590782E-03 -5.9311286382655E-10  1.9041462639373E-03
 -5.2731553239223E-10  1.1805167553850E-09  1.4751664202090E-03 -9.0926510679079E-10
  5.5053401381935E-03  4.7487060514318E-03  1.4752193870121E-03 -1.2659584137974E-10
  4.7487027669347E-03  5.5053632201394E-03 -6.9778306576857E-04  3.3732278199562E-03
 -3.3732278199562E-03  5.3852904463088E-28 -1.4751711109793E-03  5.5053714424043E-03
 -4.7487133271015E-03  4.5175090520229E-21  1.4751711109793E-03 -4.7487133271016E-03
  5.5053714424043E-03  3.6614548711232E-28 -1.3552527694598E-20 -9.0350181040459E-21
  1.8070036980572E-20  1.9041558950990E-03 -6.9778590109665E-04 -3.3732253526414E-03
 -3.3732253526414E-03  9.0350186425749E-21  1.4751698315030E-03  5.5053704353104E-03
  4.7487130668866E-03 -2.9696646714183E-20  1.4751698315030E-03  4.7487130668866E-03
  5.5053704353104E-03 -3.4088267784080E-20 -4.5175095905520E-21 -2.6895450191503E-20
 -2.2832765568404E-21  1.9041596605291E-03  1.3418824654251E-01  0.0000000000000E+00
  0.0000000000000E+00 -2.1541161785235E-26  0.0000000000000E+00  1.9975439829966E-01
  1.5506038897545E-09  8.1817348699288E-20  0.0000000000000E+00  1.5506038891763E-09
  1.9975439829966E-01  1.8070036208092E-20  1.2924697071141E-26 -1.0272113599254E-20
  0.0000000000000E+00  1.9975443988142E-01 -8.7817416909910E-04 -1.1987757307002E-09
 -2.3050005525937E-03 -2.3050664481483E-03 -8.8910684634269E-10  9.6913147189666E-04
 -1.1696518589799E-10  6.9054570352103E-10  1.0490550153516E-03 -3.3283285290462E-10
  3.1905304685098E-03  2.8474939330909E-03  1.0490812640139E-03 -1.2528479513834E-10
  2.8474921836905E-03  3.1905385927590E-03 -8.7815559882934E-04  2.3050229366306E-03
 -2.3050229366306E-03  0.0000000000000E+00 -1.0490421401611E-03  3.1905317953912E-03
 -2.8474991315331E-03 -6.7762625009763E-21  1.0490421401611E-03 -2.8474991315331E-03
  3.1905317953912E-03  1.8070036314343E-20  1.0770580892618E-27  2.2587556030696E-21
  1.8070038452571E-20  9.6913520473167E-04 -8.7815822501008E-04 -2.3050217045525E-03
 -2.3050217045525E-03 -9.0350181040459E-21  1.0490427261592E-03  3.1905313985804E-03
  2.8474988761716E-03  6.3406258926707E-21  1.0490427261592E-03  2.8474988761716E-03
  3.1905313985804E-03 -5.8410666068030E-21  4.5175101290810E-21 -3.2008580983352E-20
  3.2119797346940E-20  9.6913715668880E-04  1.0022577436699E-04  0.0000000000000E+00
 -1.4117215787572E-21  5.2832251236428E-05  4.5175090520229E-21  2.6397993322013E-04
 -8.1676056976759E-10 -2.7607240733933E-20  4.5175090520229E-21 -8.1676057005671E-10
  2.6397993322013E-04  9.0350181040459E-21 -1.5182649330384E-05  1.2370952220020E-21
  0.0000000000000E+00  4.5092538626057E-05  1.0031167499226E-04  2.2283101304221E-09
  5.2808252964299E-05 -1.1293761859476E-21  1.8166560569934E-09  2.6397739884441E-04
 -1.6909488743394E-10 -9.5372045258409E-21 -1.5194374231838E-05 -6.7077318789832E-10
  4.5109264365611E-05  0.0000000000000E+00 -1.1293751088896E-21  1.0272113326048E-20
  9.0350181040459E-21  2.6399764251797E-04  3.4625005191303E-02  0.0000000000000E+00
  0.0000000000000E+00  1.2924697071141E-26  0.0000000000000E+00  1.2119808300432E-01
  1.4717034170107E-09  7.2564117732241E-21  0.0000000000000E+00  1.4717034170107E-09
  1.2119808300432E-01  0.0000000000000E+00  4.3082323570470E-27  3.4361466085362E-20
  0.0000000000000E+00  1.2119813477398E-01 -5.1519566226600E-04 -3.6767464630111E-10
 -1.9878580848561E-03 -1.9879052672840E-03  3.6767464637114E-10  2.3077922705502E-03
 -6.0967456436611E-10  4.4100722657123E-10  1.9878580848561E-03 -6.0967456436046E-10
  5.2729209057138E-03  4.1529918432140E-03  1.9879052672840E-03  4.4100722669563E-10
  4.1529918432140E-03  5.2729387452937E-03 -5.1518151130511E-04  1.9878708105049E-03
 -1.9878708105049E-03 -4.5175093212875E-21 -1.9878708105049E-03  5.2729421084842E-03
 -4.1529991646341E-03 -2.2587545260115E-21  1.9878708105049E-03 -4.1529991646341E-03
  5.2729421084842E-03 -3.6140071822823E-20  2.6926452231544E-28  9.0350181040459E-21
  1.8070035844786E-20  2.3077880279447E-03 -5.1518272711284E-04 -1.9878693749204E-03
 -1.9878693749204E-03 -4.5175093212875E-21  1.9878693749204E-03  5.2729414647778E-03
  4.1529993195856E-03  2.0468822287462E-20  1.9878693749204E-03  4.1529993195856E-03
  5.2729414647778E-03 -1.7083407782753E-20 -1.3552526886804E-20 -1.3584781814668E-20
 -1.2304050581349E-21  2.3077907440254E-03  8.3877050448749E-05  1.3552527156069E-20
  1.8070036208092E-20  4.7293408165443E-05  0.0000000000000E+00  8.3535035503394E-04
 -1.5413405775054E-09  1.9848641905158E-20  0.0000000000000E+00 -1.5413405775054E-09
  8.3535035503394E-04 -9.0350181040459E-21 -4.7293408165442E-05  1.0813625068625E-20
  0.0000000000000E+00  2.8322044095830E-04  8.3940385853780E-05  1.0563897828961E-09
  4.7280982507497E-05 -1.1293772630057E-21 -1.0563897830949E-09  8.3535596238904E-04
 -7.8322450734949E-10  1.0813623801112E-20 -4.7280982507497E-05 -7.8322450734949E-10
  2.8322022961522E-04  0.0000000000000E+00 -1.1293772630057E-21  1.9848643172671E-20
  0.0000000000000E+00  8.3536886829162E-04 -1.0229838085819E-04  1.4855100151785E-04
 -1.4855100151785E-04 -9.3164550534773E-05 -1.4855100151785E-04  7.0026717277015E-04
 -2.7341412209503E-04 -3.0976223365176E-04  1.4855100151785E-04 -2.7341412209503E-04
  7.0026717277015E-04  3.0976223365176E-04  9.3164550534773E-05 -3.0976223365176E-04
  3.0976223365176E-04  7.4694319404250E-04 -1.0226158313237E-04  1.4856281392845E-04
 -9.3156849725327E-05 -1.4858265430056E-04 -1.4856281392845E-04  7.0026390210480E-04
 -3.0976209171099E-04 -2.7341182724747E-04  9.3156849725327E-05 -3.0976209171099E-04
  7.4697021130863E-04  3.0975774222661E-04  1.4858265430056E-04 -2.7341182724747E-04
  3.0975774222661E-04  7.0026617760284E-04 -1.0229797169249E-04 -1.4854952855449E-04
 -1.4854952855449E-04 -9.3164159574735E-05  1.4854952855449E-04  7.0026849625516E-04
  2.7341441546110E-04  3.0976197379918E-04  1.4854952855449E-04  2.7341441546110E-04
  7.0026849625516E-04  3.0976197379918E-04  9.3164159574735E-05  3.0976197379918E-04
  3.0976197379918E-04  7.4694064567735E-04 -1.0226201972741E-04 -1.4856357957555E-04
 -9.3157417200717E-05 -1.4858157749158E-04  1.4856357957555E-04  7.0026403081164E-04
  3.0976297228589E-04  2.7341168420789E-04  9.3157417200716E-05  3.0976297228589E-04
  7.4697093705690E-04  3.0975670521684E-04  1.4858157749158E-04  2.7341168420789E-04
  3.0975670521684E-04  7.0026609572738E-04  1.1418509456481E-03  3.7203981279854E-09
 -2.0937799988495E-03  2.0938107458909E-03  4.4517376254796E-04 -9.7247086030054E-10
 -1.6757598309211E-03  1.6757418366993E-03 -9.9899296253595E-05  2.2840032482313E-04
 -1.7390108075376E-04 -1.7389123991870E-04 -9.9902164634053E-05 -2.2840333719295E-04
 -1.7390315185151E-04 -1.7389491239684E-04 -9.4012364146862E-05  2.0098343531707E-10
 -1.8337115254055E-05  9.0351788786748E-07 -9.4029234467001E-05 -3.5202820465919E-09
 -8.9573198054500E-07  1.8336733259994E-05 -9.5895931252456E-04  3.6657418793611E-10
  4.6858386414297E-03 -4.6858279603581E-03  3.6657418797395E-10 -3.9340319118178E-03
 -9.4184443354847E-11  1.9983009856982E-10 -4.6858279603581E-03  1.9983009861048E-10
  1.2249555771954E-02 -1.2593369543250E-02  4.6858386414297E-03 -9.4184442039123E-11
 -1.2593372126002E-02  1.2249555771954E-02 -1.6542674545568E-03  8.0962993401830E-10
  3.3919484596769E-03 -3.3919582203945E-03 -1.9423196937322E-09 -4.2926479105371E-03
  7.7206477745069E-10 -1.3774985680923E-10 -8.5118094715539E-03 -4.5478831676534E-11
  9.4196750520255E-03 -1.0231815547050E-02  8.5117945066562E-03 -3.0839393346314E-10
 -1.0231822948805E-02  9.4197069846277E-03 -1.3891006098619E-03  2.2224827851358E-10
  3.9633237922091E-03 -3.9632607401596E-03  2.6953335954389E-09  2.7439717924523E-03
 -2.0488650513484E-09  3.6965100759917E-10 -1.1240237709572E-02  5.0688063031005E-10
  1.4911067633447E-02 -1.7362310207721E-02  1.1240232100808E-02  5.6763837235953E-10
 -1.7362309713116E-02  1.4910999326981E-02  1.2824282497454E-04 -3.3203164637975E-04
  4.6499541745148E-04  4.6494726053777E-04 -1.2801484224713E-03  9.5715908518254E-04
 -6.0165541616161E-04 -6.0164148245587E-04  2.0208788159287E-05 -1.3082877160827E-03
  2.0083964131142E-03  2.1288961187178E-06  2.0228992253989E-05 -1.3082939412347E-03
  2.1334040777490E-06  2.0083373969931E-03  1.2824112505991E-04  3.3203099218117E-04
  4.6499335238084E-04  4.6494738280082E-04  1.2801488536275E-03  9.5715941683461E-04
  6.0165567803259E-04  6.0164127172856E-04  2.0204289829116E-05  1.3082885626454E-03
  2.0083951050408E-03  2.1276642260163E-06  2.0226695437914E-05  1.3082926033740E-03
  2.1353318474600E-06  2.0083365920950E-03  3.8290302239188E-04  1.0456012902242E-09
  6.7614796446128E-05  2.8851830672565E-04  3.0690879447133E-10  8.1034649675234E-04
  6.5752222798963E-10 -9.8469110581600E-10  5.9106766725677E-07 -1.6403514130397E-10
  9.5506109573743E-04  1.5892053065902E-05 -7.1537913203009E-04 -9.8728923675830E-10
 -2.7241640355924E-04 -3.3511726721137E-04  3.8285057850641E-04  3.1271692080308E-10
 -2.8847122273422E-04 -6.7657033845520E-05  5.5572096353633E-10  8.1036280887363E-04
 -2.7877802005970E-10  3.7274129200007E-10  7.1536502932945E-04  1.1334469304298E-09
 -3.3517478426580E-04 -2.7241361433647E-04 -5.5444680565547E-07  1.2929857698400E-10
  1.5870549815898E-05  9.5500052273373E-04 -1.1182312805664E-04  2.5629063661684E-04
  1.9606066449896E-04 -2.1108668967686E-04 -4.3848830163899E-04  1.0515191808458E-03
  4.0915974547700E-04 -8.1392540001591E-04 -2.2823860715019E-04  3.3786676637220E-04
  7.4944792338998E-04 -4.1341877251483E-04  1.7860542265359E-04 -5.6439079193763E-04
 -4.5367074290696E-04  7.8584212603586E-04 -1.1186309622870E-04 -2.5629636664486E-04
  2.1114412954053E-04 -1.9601192778724E-04  4.3846382709768E-04  1.0515250009338E-03
 -8.1390708486723E-04  4.0916618777538E-04 -1.7861553574627E-04 -5.6437950485501E-04
  7.8579076336264E-04 -4.5365590819448E-04  2.2821673794752E-04  3.3786149101417E-04
 -4.1342060383241E-04  7.4939284652902E-04 -1.1182542218302E-04 -2.5629215190660E-04
  1.9606157612832E-04 -2.1108682016551E-04  4.3848877888020E-04  1.0515187767989E-03
 -4.0916199996863E-04  8.1392462783221E-04 -2.2824029296309E-04 -3.3786629250173E-04
  7.4944727596113E-04 -4.1341886690405E-04  1.7860416216995E-04  5.6439144564250E-04
 -4.5367167946361E-04  7.8584130874965E-04 -1.1186733678458E-04  2.5629551238087E-04
  2.1114294877059E-04 -1.9601175256953E-04 -4.3846577939830E-04  1.0515263670970E-03
  8.1390682455421E-04 -4.0916661658493E-04 -1.7861177648038E-04  5.6438080276930E-04
  7.8579002641574E-04 -4.5365550051965E-04  2.2821845934883E-04 -3.3786163015582E-04
 -4.1342008867860E-04  7.4939252661154E-04 -2.4587305814080E-03 -7.8999527697696E-10
  6.0694357348370E-03 -6.0694661103410E-03 -7.8999527700407E-10 -4.0416586305690E-03
  3.5704367117100E-10 -2.3949692621980E-10 -6.0694661103410E-03 -2.3949692638694E-10
  7.1907155437862E-03 -8.1317052619538E-03  6.0694357348370E-03  3.5704367055436E-10
 -8.1317144985664E-03  7.1907155437862E-03 -7.2186380183944E-04 -1.1882541230401E-03
  2.1433521771472E-04  2.1434730976853E-04  1.1882541230401E-03  5.1169746156889E-04
  9.7698455806813E-06  9.7613726473854E-06 -2.1434730976853E-04  9.7613726473852E-06
 -9.0031394836221E-04  6.2706033073216E-04 -2.1433521771472E-04  9.7698455806825E-06
  6.2705716130499E-04 -9.0031394836221E-04 -7.2186277812169E-04  1.1882552291921E-03
  2.1433498809705E-04  2.1434499704343E-04 -1.1882552291921E-03  5.1169750607560E-04
 -9.7696986530261E-06 -9.7616076602212E-06 -2.1434499704343E-04 -9.7616076602206E-06
 -9.0031340020292E-04  6.2706133653154E-04 -2.1433498809705E-04 -9.7696986530247E-06
  6.2705596176044E-04 -9.0031340020291E-04 -1.5241143361172E-03 -3.8081588010492E-10
  5.7473907079208E-03 -5.7473305555919E-03  2.0332844099910E-09  1.2108445516905E-03
 -1.4854372083411E-09  2.8196913743781E-10 -7.7637309312911E-03  2.6089512084641E-10
  1.0561444391426E-02 -1.2553764893281E-02  7.7637212384891E-03  8.6578295928561E-10
 -1.2553766278324E-02  1.0561382824468E-02 -1.2059324885048E-05 -1.0556176599868E-03
  7.4671745810495E-04  7.4666926580565E-04 -8.4028944677393E-04  6.4348925629337E-04
 -3.4186954613492E-04 -3.4186250659572E-04  1.0555312837550E-05 -9.0551101752912E-04
  1.0370726376117E-03  1.6633022504330E-04  1.0572408311325E-05 -9.0551289761675E-04
  1.6633354514658E-04  1.0370191714093E-03 -1.2061232532277E-05  1.0556175168871E-03
  7.4671445591487E-04  7.4666730988254E-04  8.4028946917222E-04  6.4348953366484E-04
  3.4186987941470E-04  3.4186245161619E-04  1.0552175180504E-05  9.0551149486643E-04
  1.0370721537573E-03  1.6632968044494E-04  1.0570434124804E-05  9.0551182893522E-04
  1.6633446914600E-04  1.0370185149595E-03  3.7790709742920E-04  1.1663561441570E-09
  5.0490899676191E-05  2.0145806297002E-04  1.9613279861439E-10  4.0074308365707E-04
  3.5323001297258E-10 -7.5527444364278E-10  3.4770422977777E-06 -2.5176862470759E-10
  4.8008081260657E-04 -5.4443884167128E-06 -4.7648626481873E-04 -2.5556106123899E-10
 -1.7192215986943E-04 -2.6398276044288E-04  3.7784071512851E-04  1.0359515977586E-09
 -2.0141422847113E-04 -5.0541819778225E-05  2.3116376005404E-10  4.0075815746277E-04
 -1.3959120118989E-10  3.8888831935382E-10  4.7647433551091E-04  8.6265610418483E-10
 -2.6403815518643E-04 -1.7192813690840E-04 -3.4467457684059E-06  1.3414600530554E-10
 -5.4564458630526E-06  4.8002493092333E-04 -1.3288934531571E-04  2.4994564816808E-04
  1.4428986213014E-04 -2.3254582873162E-04 -2.6686482951789E-04  5.4762109264680E-04
  2.2743066930277E-04 -4.7240590800548E-04 -1.5239540707575E-04  2.1044787810389E-04
  3.6401650696970E-04 -2.3814654323040E-04  1.0542198224862E-04 -3.1066398069019E-04
 -2.3685038761635E-04  4.1579073997042E-04 -1.3293412513853E-04 -2.4994214058511E-04
  2.3259844779484E-04 -1.4423662247071E-04  2.6684872694312E-04  5.4762577615540E-04
 -4.7239219138167E-04  2.2743229987944E-04 -1.0543422463624E-04 -3.1065581648417E-04
  4.1574228019992E-04 -2.3684001040889E-04  1.5237658264235E-04  2.1044730588776E-04
 -2.3814527327796E-04  3.6396531116718E-04 -1.3289037392690E-04 -2.4994706920137E-04
  1.4428927410219E-04 -2.3254745285738E-04  2.6686525310206E-04  5.4762074890518E-04
 -2.2743209101202E-04  4.7240484443626E-04 -1.5239660754144E-04 -2.1044722413585E-04
  3.6401562051992E-04 -2.3814651743507E-04  1.0542147626494E-04  3.1066426914108E-04
 -2.3685095159565E-04  4.1579075684086E-04 -1.3293849390081E-04  2.4994195013035E-04
  2.3259855665746E-04 -1.4423499658781E-04 -2.6684986314858E-04  5.4762672579679E-04
  4.7239209290708E-04 -2.2743257793679E-04 -1.0543157986928E-04  3.1065673996736E-04
  4.1574117841288E-04 -2.3683970151916E-04  1.5237736591123E-04 -2.1044722218556E-04
 -2.3814503022069E-04  3.6396548609687E-04 -4.3144766445536E-04 -2.1624917257518E-10
  3.2033628269665E-04 -3.2028067569236E-04 -9.7917184114763E-10  1.2117863184848E-04
  4.2892367506749E-10  2.2353068418327E-11 -7.0072961899797E-04 -5.9742956390802E-10
  1.1061325288612E-03 -1.1020493745028E-03  7.0070815824694E-04 -1.0760809585629E-09
 -1.1020659207317E-03  1.1061808673147E-03  6.7713244486758E-05 -5.1024728452798E-05
  6.1147569681655E-05 -6.1102577377196E-05  4.2667441296252E-05  4.1912951327518E-05
  5.0142122825528E-05 -5.0147231923175E-05 -9.6918997708728E-06  1.1654619987991E-05
  2.1656558734989E-04 -2.5381659583690E-05  9.6833656295805E-06 -1.1661972454953E-05
 -2.5376063441450E-05  2.1652156903624E-04  6.7719811823206E-05  5.1023767006293E-05
  6.1143630035592E-05 -6.1102640348091E-05 -4.2669312778222E-05  4.1913916422411E-05
 -5.0141197037365E-05  5.0147710416675E-05 -9.6913125591317E-06 -1.1653897396719E-05
  2.1656587596809E-04 -2.5379965278981E-05  9.6826593973182E-06  1.1661560529022E-05
 -2.5376290436588E-05  2.1652223918501E-04 -1.7548272862500E-04  9.0401578691491E-10
  4.8438885134092E-03 -4.8438720660951E-03  9.0401578702333E-10  4.2050384368108E-03
 -8.5269382245059E-10  2.1274360662612E-10 -4.8438720660951E-03  2.1274360623310E-10
  1.1036292695463E-02 -1.2142332491083E-02  4.8438885134092E-03 -8.5269382242941E-10
 -1.2142335968840E-02  1.1036292695463E-02 -1.2661400073573E-04  1.8677286165682E-04
  2.6796913546176E-04  2.6796187897572E-04 -1.8677286165682E-04  1.4168542153625E-03
 -1.0582432081777E-03 -1.0582349713252E-03 -2.6796187897572E-04 -1.0582349713252E-03
  2.3546301055847E-03  5.9738681273587E-05 -2.6796913546176E-04 -1.0582432081777E-03
  5.9739208974797E-05  2.3546301055847E-03 -1.2661517038189E-04 -1.8677344117839E-04
  2.6796912642527E-04  2.6796360864502E-04  1.8677344117839E-04  1.4168543956114E-03
  1.0582429220570E-03  1.0582349132313E-03 -2.6796360864502E-04  1.0582349132313E-03
  2.3546292535186E-03  5.9737801484322E-05 -2.6796912642527E-04  1.0582429220570E-03
  5.9740617960095E-05  2.3546292535186E-03  3.3663005941817E-04  4.0358353952159E-10
  6.9214281141042E-05  5.0687232683161E-04  2.2894555977939E-10  1.1285923070450E-03
  1.2600631646157E-10  2.5335491232176E-10 -6.9213173046985E-05 -3.4694929220128E-11
  1.1827373634577E-03 -1.5821664389739E-04 -5.0686452772860E-04 -6.8429686619020E-10
 -1.5822716717330E-04 -2.0395077912676E-04  3.3663005941817E-04  2.2894555986183E-10
 -5.0686452772860E-04 -6.9213173046986E-05  4.0358353945496E-10  1.1285923070450E-03
 -6.8429686622013E-10 -3.4694929275467E-11  5.0687232683161E-04  2.5335491239065E-10
 -2.0395077912676E-04 -1.5821664389739E-04  6.9214281141042E-05  1.2600631635315E-10
 -1.5822716717330E-04  1.1827373634577E-03 -5.2412087282092E-05  2.9349456580025E-04
  2.0879220734521E-04 -1.9262712756315E-04 -2.9350385944266E-04  1.3229203943621E-03
  3.9061167935418E-04 -7.6542915367470E-04 -2.0878511192836E-04  3.9061480029245E-04
  1.0244403610093E-03 -5.1165010272347E-04  1.9263890375794E-04 -7.6542511125642E-04
 -5.1165891976614E-04  1.0636337001477E-03 -5.2412087282093E-05 -2.9350385944266E-04
  1.9263890375794E-04 -2.0878511192836E-04  2.9349456580025E-04  1.3229203943621E-03
 -7.6542511125642E-04  3.9061480029245E-04 -1.9262712756315E-04 -7.6542915367470E-04
  1.0636337001477E-03 -5.1165010272347E-04  2.0879220734521E-04  3.9061167935418E-04
 -5.1165891976614E-04  1.0244403610093E-03 -5.2413271381195E-05 -2.9349541651303E-04
  2.0879298333401E-04 -1.9262585534168E-04  2.9350394353004E-04  1.3229209339402E-03
 -3.9061272523819E-04  7.6542959676120E-04 -2.0878581989211E-04 -3.9061505063382E-04
  1.0244396169164E-03 -5.1164996169834E-04  1.9263810422387E-04  7.6542531006839E-04
 -5.1165923042644E-04  1.0636328515885E-03 -5.2413271381195E-05  2.9350394353004E-04
  1.9263810422387E-04 -2.0878581989211E-04 -2.9349541651303E-04  1.3229209339402E-03
  7.6542531006839E-04 -3.9061505063382E-04 -1.9262585534168E-04  7.6542959676120E-04
  1.0636328515885E-03 -5.1164996169834E-04  2.0879298333401E-04 -3.9061272523819E-04
 -5.1165923042644E-04  1.0244396169164E-03 -4.3229238773313E-04 -9.5262106753723E-10
  7.1910443068027E-04 -7.1909914185219E-04 -9.5262106758580E-10  5.5114556237680E-04
 -6.6595269458960E-10 -2.3742904819676E-10 -7.1909914185219E-04 -2.3742904806236E-10
  2.2102028286834E-03 -1.9947034318887E-03  7.1910443068027E-04 -6.6595269487195E-10
 -1.9947268477234E-03  2.2102028286834E-03  9.1879170827190E-05 -8.8481907904258E-05
  2.6422177550820E-05 -2.6410423875351E-05  8.8480017606911E-05  2.1892036185701E-04
  7.6112994000599E-05 -7.6111587138812E-05 -2.6410797583891E-05  7.6112096479507E-05
  7.0213353234040E-04 -5.7819463505092E-05  2.6421814927928E-05 -7.6112136414473E-05
 -5.7802103437993E-05  7.0213326583537E-04  9.1879170827190E-05  8.8480017606911E-05
  2.6421814927928E-05 -2.6410797583891E-05 -8.8481907904258E-05  2.1892036185701E-04
 -7.6112136414472E-05  7.6112096479507E-05 -2.6410423875351E-05 -7.6111587138812E-05
  7.0213326583537E-04 -5.7819463505093E-05  2.6422177550820E-05  7.6112994000600E-05
 -5.7802103437993E-05  7.0213353234040E-04 -1.6462280558457E-04 -1.9280194301718E-04
  1.6325734324904E-04  1.6324841905521E-04  1.9280194301718E-04  7.9998267565104E-04
 -3.6051647488606E-04 -3.6051687081927E-04 -1.6324841905521E-04 -3.6051687081927E-04
  9.4048259776835E-04  5.1186897080717E-04 -1.6325734324904E-04 -3.6051647488606E-04
  5.1185917370864E-04  9.4048259776835E-04 -1.6462277156670E-04  1.9280110552510E-04
  1.6325619364250E-04  1.6324860335325E-04 -1.9280110552510E-04  7.9998217579423E-04
  3.6051675644971E-04  3.6051735713525E-04 -1.6324860335325E-04  3.6051735713525E-04
  9.4048308669582E-04  5.1186929716645E-04 -1.6325619364249E-04  3.6051675644971E-04
  5.1185761673654E-04  9.4048308669582E-04  4.7887003801810E-05  2.3568032255126E-10
  2.7400929212540E-05  7.0683916579994E-05 -2.8469344481802E-10  4.8595091399971E-04
  2.6393098603562E-10  2.0479568003011E-10 -2.7387073016930E-05  2.0003620249128E-10
  5.4357204629470E-04 -4.2476922745760E-05 -7.0699266235778E-05 -4.8997743439244E-10
 -4.2482145951347E-05  1.5524198440359E-04  4.7887003801810E-05 -2.8469344466443E-10
 -7.0699266235778E-05 -2.7387073016929E-05  2.3568032268001E-10  4.8595091399971E-04
 -4.8997743464401E-10  2.0003620212988E-10  7.0683916579993E-05  2.0479567944735E-10
  1.5524198440359E-04 -4.2476922745760E-05  2.7400929212540E-05  2.6393098579732E-10
 -4.2482145951346E-05  5.4357204629470E-04 -1.0271361424860E-04  3.9228324492227E-05
 -1.0388339066928E-04 -1.2784474840285E-04 -3.9229405578721E-05  7.1047206082090E-04
 -8.8692938794139E-05 -5.0574094373209E-04  1.0387470079174E-04 -8.8688464359945E-05
  4.5139237090826E-04  1.6654174764829E-04  1.2786822562806E-04 -5.0574674937506E-04
  1.6656468043234E-04  8.2543601784359E-04 -1.0271361424860E-04 -3.9229405578722E-05
  1.2786822562806E-04  1.0387470079174E-04  3.9228324492227E-05  7.1047206082090E-04
 -5.0574674937506E-04 -8.8688464359945E-05 -1.2784474840285E-04 -5.0574094373209E-04
  8.2543601784359E-04  1.6654174764829E-04 -1.0388339066928E-04 -8.8692938794138E-05
  1.6656468043234E-04  4.5139237090826E-04 -1.0271431897016E-04 -3.9228579933170E-05
 -1.0388351126093E-04 -1.2784517994816E-04  3.9228691502550E-05  7.1047167942922E-04
  8.8694018285058E-05  5.0574084437543E-04  1.0387536041429E-04  8.8687887283064E-05
  4.5139221391671E-04  1.6654174009402E-04  1.2786793485373E-04  5.0574670645414E-04
  1.6656467850393E-04  8.2543533584350E-04 -1.0271431897016E-04  3.9228691502550E-05
  1.2786793485373E-04  1.0387536041429E-04 -3.9228579933170E-05  7.1047167942922E-04
  5.0574670645414E-04  8.8687887283065E-05 -1.2784517994816E-04  5.0574084437543E-04
  8.2543533584350E-04  1.6654174009402E-04 -1.0388351126093E-04  8.8694018285058E-05
  1.6656467850393E-04  4.5139221391671E-04  6.6459308246845E-05  3.7008551983837E-04
  0.0000000000000E+00  1.1293772630057E-21  6.6409605906727E-05 -2.2587545260115E-21
 -4.2320660996752E-09  3.7016976243299E-04 -4.1837153019729E-04  6.0166019465222E-04
 -2.2587545260115E-21  6.4197664812908E-35 -4.1838590949363E-04  2.2587545260115E-21
  2.0906481116029E-10  6.0160361387751E-04  2.7526275475656E-05 -1.7028473227946E-04
  1.7031555244947E-04  1.7031555244947E-04  2.7529994730763E-05 -1.7028776584814E-04
 -1.7031399691176E-04  1.7031399691176E-04 -2.6818004950195E-04 -6.4843315435418E-04
  4.5175090520229E-21 -2.2587545260115E-21 -4.8377069119838E-05 -1.6689804172159E-03
  1.8070036208092E-20  1.8070036208092E-20  9.0350181040489E-21 -1.8070036208092E-20
 -9.0548376386702E-05 -1.2185346469133E-09  2.0543252740130E-33 -1.8070036208092E-20
 -1.2185346468982E-09 -9.0548376386703E-05 -2.6819615046225E-04 -6.7762635780344E-21
  6.2200039227246E-10 -6.4844160530326E-04  1.3552527156069E-20 -9.0556476637507E-05
  0.0000000000000E+00 -1.8070036458423E-20 -1.6917427328768E-09 -1.8070036208092E-20
 -9.0537843270546E-05  4.6723303850048E-10 -4.8404739756263E-05 -1.8070034119188E-20
  1.4193674960766E-10 -1.6689876539138E-03  1.2226135114705E-03 -2.1731450712377E-03
  9.0350181040452E-21  1.3552527156069E-20  2.7439309451949E-03 -6.3701727916570E-03
  1.3552527156069E-20 -1.3552527156069E-20  9.0350181040448E-21 -1.8070036208092E-20
  3.9582317533094E-05  7.0494449143707E-10  9.0350181040469E-21 -3.6140072416183E-20
  7.0494449147194E-10  3.9582317533093E-05  1.2226686127182E-03 -4.5175090520229E-21
  1.8803791899019E-10 -2.1731881908243E-03 -2.7105054312138E-20  3.9607303691794E-05
  1.8070036208092E-20  4.9692598831776E-20  1.1649972503267E-09  1.8070036208092E-20
  3.9551085011687E-05 -7.0311503758280E-10  2.7439534920868E-03 -1.8070037352468E-20
  5.4713217785233E-10 -6.3701637839655E-03 -2.0132250384891E-04  4.7761942709335E-04
 -4.7757348142366E-04 -4.7757348142366E-04 -1.7783748715548E-04  1.0562649744471E-03
 -7.5636140628001E-04 -7.5636140628001E-04  1.7780143629522E-04 -7.5636255886681E-04
  1.0562431669624E-03  7.5637011708127E-04  1.7780143629522E-04 -7.5636255886681E-04
  7.5637011708127E-04  1.0562431669624E-03 -2.0132257580032E-04  4.7762077351396E-04
  4.7757182235571E-04 -4.7757182235571E-04 -1.7784183748475E-04  1.0562659280965E-03
  7.5636149411595E-04 -7.5636149411595E-04 -1.7780080151609E-04  7.5636353109344E-04
  1.0562435828266E-03 -7.5636994970066E-04  1.7780080151609E-04 -7.5636353109344E-04
 -7.5636994970066E-04  1.0562435828266E-03 -1.2746921012125E-03  4.4265766096241E-04
 -1.8070036208092E-20  1.8070036208092E-20 -4.4265766096241E-04 -5.3707168297787E-04
  1.3552527156069E-20 -4.5175090520229E-21  4.5175090520228E-21  4.5175090520229E-21
 -8.9201731120794E-06  6.9491994714321E-19  9.0350181040459E-21  4.5175090520229E-21
  6.9689635735348E-19 -8.9201731120805E-06 -1.2747742425475E-03  0.0000000000000E+00
 -1.4771586609788E-09  4.4265986005908E-04  6.7762635780344E-21 -8.9292592851271E-06
  0.0000000000000E+00  4.5175094811642E-21 -1.4771586607802E-09  4.5175090520229E-21
 -8.8953572022201E-06  2.6408612305064E-10 -4.4265986005908E-04  4.5175105582223E-21
 -2.6408612362888E-10 -5.3709101563020E-04  1.3243140246418E-03 -1.9640354653443E-03
  5.1358131850326E-34  1.5407439555098E-33  1.8310928295119E-03 -4.1704821528725E-03
  0.0000000000000E+00 -1.8070036208092E-20 -1.5407439555098E-33 -9.0350181040459E-21
 -5.7333011239607E-05  1.1003641297167E-09 -2.7105054312139E-20  9.0350181040459E-21
  1.1003641296877E-09 -5.7333011239606E-05  1.3243602701058E-03  4.5175090520229E-21
 -1.4963851366106E-09 -1.9640750052510E-03  0.0000000000000E+00 -5.7311833244663E-05
  0.0000000000000E+00 -1.3799810439970E-27  6.1549984984968E-10  1.8070036208092E-20
 -5.7342228578365E-05 -5.6620287079382E-10  1.8311135778934E-03  9.0350133919159E-21
  3.7474785431208E-10 -4.1704844605650E-03 -2.1535023860429E-04  5.4087911463117E-04
 -5.4084765559761E-04 -5.4084765559761E-04 -8.1718402493929E-05  5.6221576928246E-04
 -4.1456936647484E-04 -4.1456936647484E-04  8.1688277188391E-05 -4.1456985860235E-04
  5.6220553543697E-04  4.1457475614448E-04  8.1688277188391E-05 -4.1456985860235E-04
  4.1457475614448E-04  5.6220553543697E-04 -2.1535142140691E-04  5.4088467421523E-04
  5.4084582955164E-04 -5.4084582955164E-04 -8.1721568456456E-05  5.6221645398659E-04
  4.1456955786325E-04 -4.1456955786325E-04 -8.1687544007678E-05  4.1457042654251E-04
  5.6220595612707E-04 -4.1457487582924E-04  8.1687544007678E-05 -4.1457042654251E-04
 -4.1457487582924E-04  5.6220595612707E-04  4.9518873630343E-04 -1.8405934523922E-03
  9.0350181040459E-21  0.0000000000000E+00  1.8405934523922E-03 -4.6709781860904E-03
  9.0350181040459E-21  1.3552527156069E-20 -4.5175090520229E-21 -3.3881317890172E-21
  4.4558804374225E-04 -1.6517142471459E-19  1.3552527156069E-20  1.1293772630057E-21
 -1.6686549060910E-19  4.4558804374225E-04  4.9520794286416E-04 -4.5175090520229E-21
  7.7457680198974E-10 -1.8406113370380E-03  0.0000000000000E+00  4.4559496097371E-04
  0.0000000000000E+00 -9.0350182723359E-21  7.7457680182631E-10  0.0000000000000E+00
  4.4556512431070E-04 -9.8169801823235E-11  1.8406113370380E-03 -1.6940659651905E-20
  9.8169801244994E-11 -4.6709717960890E-03 -9.4564947901668E-05  2.4118357426578E-04
 -2.4116013020575E-04 -2.4116013020575E-04 -2.4118207888341E-04  1.2308626172053E-03
 -8.0231877836376E-04 -8.0231877836376E-04  2.4115987141690E-04 -8.0231838702903E-04
  1.2308452310367E-03  8.0232508440641E-04  2.4115987141690E-04 -8.0231838702903E-04
  8.0232508440640E-04  1.2308452310367E-03 -9.4564947901668E-05  2.4118207888341E-04
  2.4115987141690E-04 -2.4115987141690E-04 -2.4118357426578E-04  1.2308626172053E-03
  8.0231838702903E-04 -8.0231838702903E-04 -2.4116013020575E-04  8.0231877836376E-04
  1.2308452310367E-03 -8.0232508440641E-04  2.4116013020575E-04 -8.0231877836376E-04
 -8.0232508440641E-04  1.2308452310367E-03  9.8673646103113E-05 -1.9847901555376E-04
  2.1843017856369E-12 -2.9115950728043E-05  1.9847901555376E-04 -2.7564653821231E-05
 -4.9703996698261E-10 -9.0754445482362E-05  2.1843017858596E-12  4.9703996705489E-10
  5.6142902036568E-04 -2.5500395621058E-10  2.9115950728044E-05 -9.0754445482362E-05
  2.5500395592146E-10  7.2182553875668E-04  9.8703659437221E-05  2.9149040340855E-05
 -3.2551543312141E-10  1.9848049885994E-04 -2.9149040340855E-05  7.2180788488259E-04
 -4.1489137783085E-10 -9.0746905456547E-05 -3.2551543308075E-10  4.1489137757956E-10
  5.6143769803669E-04  2.0997867676196E-09 -1.9848049885994E-04 -9.0746905456547E-05
 -2.0997867677077E-09 -2.7545505085080E-05  9.8727711691135E-05 -5.5293981260068E-22
  2.9124712400532E-05 -1.9847517985264E-04  5.0704488646236E-21  5.6143844716025E-04
 -8.4703296071742E-21  0.0000000000000E+00 -2.9124526435031E-05 -3.8116478587465E-21
  7.2181730122282E-04  9.0757114045355E-05  1.9847500267039E-04  0.0000000000000E+00
  9.0757473411195E-05 -2.7578575486546E-05  9.8727711691135E-05 -5.5293981260068E-22
 -2.9124526435030E-05 -1.9847500267039E-04  1.8622976020692E-20  5.6143844716025E-04
 -1.2564321916308E-20  0.0000000000000E+00  2.9124712400533E-05 -1.1293771283745E-21
  7.2181730122282E-04 -9.0757473411195E-05  1.9847517985264E-04  0.0000000000000E+00
 -9.0757114045355E-05 -2.7578575486544E-05  6.6398619319455E-05 -3.7011370154300E-04
  0.0000000000000E+00 -1.1477572592990E-21 -4.1838976569965E-04 -6.0165759085530E-04
 -2.2587545260115E-21 -3.1837594780507E-21  2.7519756016760E-05  1.7022598442997E-04
  1.7022598442997E-04  1.7022598442997E-04  1.1417671230875E-03  2.0937835806551E-03
  2.0937835806551E-03 -1.4117215787572E-22  4.4515545744162E-04  1.6757469284633E-03
  1.6757469284633E-03 -5.6468863150287E-22 -9.9777287077006E-05  1.7389335699160E-04
 -1.7389335699160E-04 -2.2842056266087E-04 -9.3994431692666E-05  1.8380874360439E-05
  8.3023957209927E-07  0.0000000000000E+00  2.1081728574386E+00 -2.6821673680450E-04
  6.4843242897359E-04  1.1293772630057E-21 -1.0576478869061E-21  4.8399924683369E-05
 -1.6689798194047E-03 -5.6468863150287E-22  1.6940658945086E-21 -2.2587545260115E-21
 -5.6468863150287E-22 -9.0540735768869E-05  0.0000000000000E+00  5.6087934630567E-22
  1.6940658945086E-21  0.0000000000000E+00 -9.0540735768868E-05  1.2226586898165E-03
  2.1731972143627E-03 -9.0350181040459E-21  9.8767562337334E-21 -2.7439506281934E-03
 -6.3701585796140E-03  0.0000000000000E+00  0.0000000000000E+00  9.0350181040459E-21
 -9.0350181040459E-21  3.9580289601853E-05  4.5175090520229E-21  1.8696005136641E-21
 -1.8070036208092E-20  0.0000000000000E+00  3.9580289601853E-05 -2.0132330742339E-04
 -4.7756238966993E-04 -4.7756238966993E-04 -4.7756238966993E-04  1.7780911281963E-04
  1.0562728483543E-03  7.5635873828260E-04  7.5635873828260E-04  1.7780911281963E-04
  7.5635873828260E-04  1.0562728483543E-03  7.5635873828260E-04  1.7780911281963E-04
  7.5635873828260E-04  7.5635873828260E-04  1.0562728483543E-03 -9.5904111443731E-04
 -4.6858379821403E-03 -4.6858379821403E-03  2.8234431575143E-22  4.6858466414510E-03
  1.2249527744271E-02  1.2593358299554E-02 -1.1293729547734E-21  4.6858466414510E-03
  1.2593358299554E-02  1.2249527744271E-02 -2.5410945335305E-21  6.7762635780344E-21
  0.0000000000000E+00 -4.9692599572252E-20 -3.9340527738959E-03 -1.6542525041353E-03
 -3.3919586694177E-03 -3.3919586694177E-03 -3.5293039468929E-23  8.5117759837987E-03
  9.4197045866789E-03  1.0231832482320E-02 -3.3881317890172E-21  8.5117759837987E-03
  1.0231832482320E-02  9.4197045866789E-03  2.1881770635383E-21 -4.4045713257224E-20
 -1.5811281682080E-20 -6.7762635780344E-21 -4.2926240932527E-03 -1.3892362649080E-03
 -3.9632180037680E-03 -3.9632180037680E-03  8.4703294725430E-22  1.1240238239066E-02
  1.4910993063048E-02  1.7362272584314E-02  0.0000000000000E+00  1.1240238239066E-02
  1.7362272584314E-02  1.4910993063048E-02 -3.3881490219466E-21  1.3552527156069E-20
 -3.1622563364161E-20  2.2587545260115E-20  2.7439307255485E-03  1.2814158181876E-04
 -4.6494276552522E-04  4.6494276552522E-04  3.3193517185530E-04 -2.0167967243083E-05
  2.0083123461340E-03 -2.1581045061640E-06 -1.3082724672492E-03  2.0167967243083E-05
 -2.1581045061640E-06  2.0083123461340E-03  1.3082724672492E-03  1.2802055416311E-03
 -6.0164471825585E-04  6.0164471825585E-04  9.5716831552904E-04  3.8281267149540E-04
 -6.7661769058135E-05  2.8855821840581E-04 -4.2351647362715E-22 -5.9312426766543E-07
  9.5499434361514E-04 -1.5886306754688E-05 -2.2587545260115E-21 -7.1536068226460E-04
  2.7242315294358E-04 -3.3509397938373E-04  2.2587717589409E-21  1.8070036208092E-20
 -4.5175090520230E-20 -3.1622563364160E-20  8.1030838448381E-04 -1.1183549591103E-04
 -1.9595651805214E-04 -2.1103975399557E-04 -2.5621821853778E-04  2.2822778680271E-04
  7.4937016887238E-04  4.1340381455679E-04  3.3785492565404E-04  1.7864050007198E-04
  4.5367159448767E-04  7.8586845145505E-04  5.6437617301621E-04  4.3841584302266E-04
  4.0916878170087E-04  8.1390643311735E-04  1.0515315176547E-03 -1.9501720789462E-01
 -2.1541161785235E-27  2.6926452231544E-27  0.0000000000000E+00  4.1009761248227E-01
  0.0000000000000E+00 -6.7316130578860E-28  0.0000000000000E+00  0.0000000000000E+00
  7.0462246030406E-01  0.0000000000000E+00  0.0000000000000E+00 -5.3852904463088E-28
  0.0000000000000E+00  7.0462246030406E-01 -5.7824115865894E-19  0.0000000000000E+00
  0.0000000000000E+00 -5.7824115865894E-19  7.0462246030406E-01  6.6468062188859E-05
  3.7008502905616E-04  0.0000000000000E+00  8.6823641767049E-22 -2.6822423494465E-04
 -4.8380540975231E-05 -5.6468863150287E-22 -2.0038385715612E-21 -6.4843968411501E-04
 -1.6689769360406E-03 -1.1293772630057E-21  0.0000000000000E+00  1.1293772630057E-21
 -1.1293772630057E-21 -9.0549068717136E-05 -1.1293772630057E-21 -1.3348217853001E-21
  1.1293772630057E-21  0.0000000000000E+00 -9.0549068717136E-05 -1.2747249298831E-03
 -4.4263971732248E-04  0.0000000000000E+00 -2.2014991950444E-21  4.4265275126516E-04
 -5.3707246939625E-04 -5.6468863150287E-22 -5.6468863150287E-22  1.1293772630057E-21
 -2.8234431575143E-21 -8.8936209251280E-06 -1.1293772630057E-21  1.0806468468152E-21
 -5.6468863150287E-22 -1.1293772630057E-21 -8.8936209251281E-06  1.3243626880963E-03
  1.9641070688643E-03 -4.5175090520250E-21 -4.6471739212771E-21 -1.8311150134652E-03
 -4.1704717879290E-03  0.0000000000000E+00  0.0000000000000E+00  0.0000000000000E+00
  0.0000000000000E+00 -5.7324430242207E-05  0.0000000000000E+00 -6.0644401950737E-22
  9.0350181040459E-21  0.0000000000000E+00 -5.7324430242207E-05 -2.1534975263714E-04
 -5.4082375027492E-04 -5.4082375027492E-04 -5.4082375027492E-04  8.1691706603988E-05
  5.6222000288446E-04  4.1456991516051E-04  4.1456991516051E-04  8.1691706603988E-05
  4.1456991516051E-04  5.6222000288446E-04  4.1456991516051E-04  8.1691706603988E-05
  4.1456991516051E-04  4.1456991516051E-04  5.6222000288446E-04  1.1419278323538E-03
 -2.0938181878078E-03 -2.0938181878078E-03 -1.1293772630057E-21 -1.6542680705293E-03
 -8.5118208151249E-03 -8.5118208151249E-03  2.2587545260115E-21  3.3919565141919E-03
  9.4196796566634E-03  1.0231822617619E-02 -2.2587459095468E-21  3.3919565141919E-03
  1.0231822617619E-02  9.4196796566634E-03 -8.6164647140940E-27  2.9363808838149E-20
  2.7105054312138E-20 -1.3552527156069E-20 -4.2926777281365E-03 -2.4585914832511E-03
 -6.0694645205146E-03 -6.0694645205146E-03  6.7762635780344E-21  6.0694249674574E-03
  7.1907309763625E-03  8.1317269985765E-03  6.7762641165634E-21  6.0694249674574E-03
  8.1317269985765E-03  7.1907309763625E-03  3.9528198819910E-21  5.6468863150287E-21
  1.3552527156069E-20 -2.4846299786126E-20 -4.0416520497558E-03 -7.2179156610719E-04
 -2.1429572130055E-04  2.1429572130055E-04  1.1882400426492E-03  2.1429866938384E-04
 -9.0029464620469E-04 -6.2704034682692E-04  9.7587380952127E-06 -2.1429866938384E-04
 -6.2704034682692E-04 -9.0029464620469E-04 -9.7587380952127E-06 -1.1882582685557E-03
  9.7668501955563E-06 -9.7668501955563E-06  5.1169992523658E-04 -1.5242592207286E-03
 -5.7472781454695E-03 -5.7472781454695E-03  2.2587545260115E-21  7.7637246991586E-03
  1.0561384571786E-02  1.2553742207797E-02  1.1293772630057E-21  7.7637246991586E-03
  1.2553742207797E-02  1.0561384571786E-02  5.6468863150287E-22 -2.2587545260115E-21
 -4.5175090520229E-21 -1.3552527156069E-20  1.2108083608137E-03 -1.2178199355901E-05
 -7.4662339978899E-04  7.4662339978899E-04  1.0554753885077E-03 -1.0530551272131E-05
  1.0370069924879E-03 -1.6634742832958E-04 -9.0549940886237E-04  1.0530551272131E-05
 -1.6634742832958E-04  1.0370069924879E-03  9.0549940886237E-04  8.4033693332232E-04
 -3.4186325995395E-04  3.4186325995395E-04  6.4349689447420E-04  3.7780279068958E-04
 -5.0558344732266E-05  2.0152609063798E-04  2.2587545260115E-21 -3.4712053735687E-06
  4.8002163206666E-04  5.4485281737690E-06 -4.5175090520229E-21 -4.7647304920877E-04
  1.7193292768889E-04 -2.6396786230489E-04  1.1293772630057E-21 -2.2587545260115E-21
  4.5175090520229E-21 -2.2587545260115E-20  4.0070560215044E-04 -1.3290241558294E-04
 -1.4416171063130E-04 -2.3246971791152E-04 -2.4982928983919E-04  1.5238362256309E-04
  3.6395070776470E-04  2.3813499210459E-04  2.1044156036618E-04  1.0544631248745E-04
  2.3685052712849E-04  4.1580506953874E-04  3.1065066150348E-04  2.6680490879493E-04
  2.2743290476978E-04  4.7239312990233E-04  5.4762934233136E-04 -4.3142125153765E-04
 -3.2021509416018E-04 -3.2021509416018E-04  2.2587545260115E-21  7.0072956040782E-04
  1.1062076986057E-03  1.1020662005826E-03  2.2587545260115E-21  7.0072956040782E-04
  1.1020662005826E-03  1.1062076986057E-03  2.2587717589409E-21 -9.0350181040459E-21
 -7.6797653884389E-20  2.2587545260114E-20  1.2113379275405E-04  6.7691185451067E-05
 -6.1036845162538E-05 -6.1036845162538E-05  5.1064809773617E-05  9.6793135413135E-06
  2.1650790417770E-04  2.5366474424875E-05  1.1658752463479E-05  9.6793135413134E-06
  2.5366474424875E-05  2.1650790417770E-04  1.1658752463479E-05 -4.2643502718161E-05
  5.0136292980121E-05  5.0136292980121E-05  4.1961547445811E-05 -2.7416260360992E-01
  0.0000000000000E+00  1.0770580892618E-26  0.0000000000000E+00  4.9057579980367E-01
 -4.3082323570470E-27  0.0000000000000E+00  0.0000000000000E+00  0.0000000000000E+00
  4.8980273787091E-01  0.0000000000000E+00  0.0000000000000E+00  0.0000000000000E+00
  0.0000000000000E+00  4.8980273787091E-01 -2.8912057932947E-19  0.0000000000000E+00
  0.0000000000000E+00 -2.8912057932947E-19  4.8980273787091E-01  5.8833829801131E-01
 -2.1541161785235E-27  4.3082323570470E-27  0.0000000000000E+00  2.1541161785235E-27
  3.4060395214501E-01  0.0000000000000E+00  0.0000000000000E+00  0.0000000000000E+00
  0.0000000000000E+00  3.4060395214501E-01  0.0000000000000E+00  0.0000000000000E+00
  0.0000000000000E+00  0.0000000000000E+00  3.4060395214501E-01  5.5023359218821E-04
 -4.5175090520229E-21  1.1765046220133E-03  1.1765046220133E-03  0.0000000000000E+00
 -6.3600752124752E-04  1.6049416203227E-35  4.8148248609681E-35 -1.1765046220133E-03
  2.8912057932947E-19 -1.4071086202207E-03 -1.1300195568988E-03 -1.1765046220133E-03
  4.8148248609681E-35 -1.1300195568988E-03 -1.4071086202207E-03 -4.1846783965724E-04
  6.0173698792473E-04 -2.2587545260115E-21  3.3942828677650E-21  2.7497424504845E-05
 -1.7020537482637E-04 -1.7020537482637E-04 -1.7020537482637E-04  1.2226583612845E-03
  2.7439316725614E-03  0.0000000000000E+00  1.0278876948417E-20 -2.1731972927717E-03
 -6.3701568447844E-03  0.0000000000000E+00  9.0350181040459E-21  0.0000000000000E+00
 -9.0350181040459E-21  3.9590864477927E-05  0.0000000000000E+00 -9.3667600734742E-21
  9.0350181040459E-21  0.0000000000000E+00  3.9590864477927E-05 -2.0132420375005E-04
 -1.7781839872990E-04 -1.7781839872990E-04 -1.7781839872990E-04  4.7756084946826E-04
  1.0562737126189E-03  7.5635906088891E-04  7.5635906088891E-04  4.7756084946826E-04
  7.5635906088891E-04  1.0562737126189E-03  7.5635906088891E-04  4.7756084946826E-04
  7.5635906088891E-04  7.5635906088891E-04  1.0562737126189E-03  1.3243678939346E-03
  1.8311011471937E-03 -4.5175090520229E-21 -6.6762845838406E-22 -1.9640965818297E-03
 -4.1704716020336E-03 -4.5175090520229E-21 -4.5175090520229E-21 -4.5175090520229E-21
 -4.5175090520229E-21 -5.7313601641818E-05  0.0000000000000E+00 -2.8540962307347E-22
 -4.5175090520229E-21  0.0000000000000E+00 -5.7313601641818E-05 -2.1535203914048E-04
 -8.1698659564617E-05 -8.1698659564617E-05 -8.1698659564617E-05  5.4082903895661E-04
  5.6222071616242E-04  4.1456966318299E-04  4.1456966318299E-04  5.4082903895661E-04
  4.1456966318299E-04  5.6222071616242E-04  4.1456966318299E-04  5.4082903895661E-04
  4.1456966318299E-04  4.1456966318299E-04  5.6222071616242E-04  4.9521869455063E-04
  1.8406006551976E-03 -4.5175090520229E-21 -2.6499506404960E-22 -1.8406062094668E-03
 -4.6709611635756E-03 -4.5175090520229E-21 -1.3552527156069E-20  0.0000000000000E+00
 -4.5175090520229E-21  4.4560543120343E-04  0.0000000000000E+00 -6.8422107677818E-22
 -4.5175090520229E-21  4.5175090520229E-21  4.4560543120343E-04 -9.4578167443957E-05
 -2.4116946126014E-04 -2.4116946126014E-04 -2.4116946126014E-04  2.4116524134191E-04
  1.2308700532118E-03  8.0231611943845E-04  8.0231611943845E-04  2.4116524134191E-04
  8.0231611943845E-04  1.2308700532118E-03  8.0231611943845E-04  2.4116524134191E-04
  8.0231611943845E-04  8.0231611943845E-04  1.2308700532118E-03  9.8706584212600E-05
  9.7130520206303E-21 -2.9126035660561E-05  1.9846374785401E-04  3.8394713657352E-21
  5.6144004511299E-04  4.5175090520229E-21  4.5175090520229E-21  2.9122851173199E-05
  4.5175090520229E-21  7.2180715488514E-04  9.0742079955791E-05 -1.9846717665507E-04
  4.5175090520229E-21  9.0741723592499E-05 -2.7579003679011E-05  4.4512850538631E-04
 -1.6756623342972E-03 -1.6756623342972E-03 -5.9292306307801E-21 -9.9888794110361E-05
 -1.7387290259595E-04  1.7387290259595E-04  2.2847242750471E-04 -9.4094426839435E-05
 -1.8377519510761E-05 -8.6143411241493E-07 -2.8234431575143E-22 -1.3890756346733E-03
 -1.1240216555313E-02 -1.1240216555313E-02 -4.5175090520229E-21  3.9632824551552E-03
  1.4911011597655E-02  1.7362267628624E-02 -6.7762635780344E-21  3.9632824551552E-03
  1.7362267628624E-02  1.4911011597655E-02  4.3082323570470E-27 -2.0328790734103E-20
  1.3552527156069E-20  0.0000000000000E+00  2.7440525797461E-03  1.2822927987754E-04
  2.0130826170561E-05 -2.0130826170561E-05 -1.2800504810435E-03  4.6497896833189E-04
  2.0083470536682E-03 -2.1513154060047E-06 -6.0163865451366E-04 -4.6497896833189E-04
 -2.1513154060041E-06  2.0083470536682E-03  6.0163865451366E-04 -3.3208373718528E-04
 -1.3082888262254E-03  1.3082888262254E-03  9.5716002172283E-04  3.8289834251701E-04
  5.6978676284651E-07  7.1537416497716E-04  0.0000000000000E+00  6.7611453443633E-05
  9.5502659785994E-04  2.7241288311454E-04  0.0000000000000E+00 -2.8848952687965E-04
 -1.5878405116953E-05 -3.3516168041243E-04 -2.8234862398379E-22 -2.2587545260115E-21
 -3.6140072416183E-20  1.8070036208092E-20  8.1041155246855E-04 -1.1183311226297E-04
 -2.2825488243362E-04 -1.7864217837405E-04 -4.3855444231466E-04  1.9603113642682E-04
  7.4941810527130E-04  4.5365673479531E-04  4.0916623084212E-04  2.1112211690328E-04
  4.1343630212197E-04  7.8582251813989E-04  8.1391671415480E-04  2.5635166410765E-04
  3.3787233423117E-04  5.6438740419262E-04  1.0515238599181E-03 -1.5240584929339E-03
 -7.7637171457601E-03 -7.7637171457601E-03 -1.2423149893063E-20  5.7473314878368E-03
  1.0561409101917E-02  1.2553744155432E-02  1.1293815712381E-21  5.7473314878368E-03
  1.2553744155432E-02  1.0561409101917E-02 -2.8234000751908E-22  1.2423149893063E-20
  1.3552527156069E-20  9.0350181040459E-21  1.2109182438633E-03 -1.2063334082936E-05
  1.0502697550393E-05 -1.0502697550393E-05 -8.4021353636796E-04  7.4666734546073E-04
  1.0370418230929E-03 -1.6633556288412E-04 -3.4186273246607E-04 -7.4666734546073E-04
 -1.6633556288412E-04  1.0370418230929E-03  3.4186273246607E-04 -1.0556975841761E-03
 -9.0551019909621E-04  9.0551019909621E-04  6.4349023636373E-04  3.7791462644791E-04
  3.4594964417601E-06  4.7647905122203E-04  2.2587545260115E-21  5.0512759061906E-05
  4.8005633921035E-04  1.7193106444014E-04 -4.3082323570470E-27 -2.0145984380492E-04
  5.4460441852901E-06 -2.6403104000442E-04 -5.6469293973522E-22  0.0000000000000E+00
  1.8070036208092E-20  2.7105054312138E-20  4.0080283502433E-04 -1.3290319742832E-04
 -1.5240882015678E-04 -1.0545451838528E-04 -2.6691711194016E-04  1.4424053037294E-04
  3.6399576927240E-04  2.3684738908878E-04  2.2743536065445E-04  2.3255156190935E-04
  2.3815179583880E-04  4.1576153689155E-04  4.7240024010972E-04  2.5003388766008E-04
  2.1045194852794E-04  3.1066095421344E-04  5.4762236523706E-04 -4.3136051059433E-04
 -7.0073788984694E-04 -7.0073788984694E-04 -2.2587545260115E-21  3.2027567225884E-04
  1.1061528752931E-03  1.1020669123570E-03 -2.2587631424762E-21  3.2027567225884E-04
  1.1020669123570E-03  1.1061528752931E-03 -2.5410988417629E-21 -1.2423149893063E-20
  9.0350181040453E-21 -2.2587545260114E-20  1.2124323568747E-04  6.7670439743424E-05
 -9.7044468872340E-06 -9.7044468872341E-06  4.2668015476211E-05  6.1117036257276E-05
  2.1655886248044E-04  2.5377750706876E-05  5.0146784132778E-05  6.1117036257276E-05
  2.5377750706875E-05  2.1655886248044E-04  5.0146784132778E-05 -5.1038957316635E-05
  1.1667839805061E-05  1.1667839805061E-05  4.1859110748217E-05 -1.7549928513692E-04
 -4.8438499574237E-03 -4.8438499574237E-03  1.1293772630057E-21  4.8438735419630E-03
  1.1036274495047E-02  1.2142296541162E-02 -4.5175133602553E-21  4.8438735419630E-03
  1.2142296541162E-02  1.1036274495047E-02 -2.5410945335305E-21 -6.7762635780344E-21
 -1.1293772630057E-20 -9.0350181040459E-21  4.2050509224425E-03 -1.2664218600176E-04
 -2.6799286021673E-04  2.6799286021673E-04 -1.8676555995217E-04  2.6798858798078E-04
  2.3546070845252E-03 -5.9760255350764E-05 -1.0582279403885E-03 -2.6798858798078E-04
 -5.9760255350763E-05  2.3546070845252E-03  1.0582279403885E-03  1.8677959350996E-04
 -1.0582366369345E-03  1.0582366369345E-03  1.4168591573402E-03  3.3661668707875E-04
 -6.9217975617918E-05  5.0688546769644E-04  1.1293772630057E-21  6.9197473203058E-05
  1.1827281257979E-03  1.5821931086110E-04  2.2587588342438E-21 -5.0686241623918E-04
  1.5822443550168E-04 -2.0394392988924E-04 -2.2587588342438E-21  9.0350181040459E-21
  9.0350181040459E-21 -3.1622563364161E-20  1.1285968573699E-03 -5.2406128293873E-05
 -2.0877334099270E-04 -1.9262141766850E-04 -2.9350571210589E-04  2.0878538500444E-04
  1.0244254755408E-03  5.1164426988898E-04  3.9061066626957E-04  1.9264530451422E-04
  5.1166401841237E-04  1.0636490666049E-03  7.6542461939933E-04  2.9349500867444E-04
  3.9061996753999E-04  7.6542443659843E-04  1.3229227239299E-03 -4.3226903001207E-04
 -7.1908606201742E-04 -7.1908606201742E-04 -2.2587545260115E-21  7.1910386557698E-04
  2.2102244168060E-03  1.9947314987601E-03  1.1293772630057E-20  7.1910386557698E-04
  1.9947314987601E-03  2.2102244168060E-03 -5.0821976835258E-21  2.2587545260115E-21
  3.6140072416183E-20 -4.5175090520229E-21  5.5115546969238E-04  9.1872863965520E-05
 -2.6401285955595E-05 -2.6401285955595E-05  8.8492071025895E-05  2.6415451110205E-05
  7.0212689330696E-04  5.7802568769891E-05  7.6114219130134E-05  2.6415451110204E-05
  5.7802568769891E-05  7.0212689330696E-04  7.6114219130134E-05 -8.8469793658843E-05
  7.6114778405576E-05  7.6114778405577E-05  2.1891314774174E-04 -1.6460268675846E-04
 -1.6324941008739E-04  1.6324941008739E-04  1.9280566636460E-04  1.6326336832360E-04
  9.4049514264941E-04 -5.1187036658875E-04 -3.6051494745138E-04 -1.6326336832360E-04
 -5.1187036658875E-04  9.4049514264941E-04  3.6051494745138E-04 -1.9278085380942E-04
 -3.6051526747666E-04  3.6051526747666E-04  7.9997765642328E-04  4.7879109825656E-05
 -2.7373917040135E-05  7.0681979391077E-05  5.6468863150287E-22  2.7397261781000E-05
  5.4356925302716E-04  4.2494057485399E-05  4.5175090520229E-21 -7.0695834988209E-05
  4.2491385824474E-05  1.5525423222456E-04 -4.7998533677744E-21 -2.2587545260115E-21
 -5.6468863150287E-20 -3.2098832406454E-35  4.8595019621990E-04 -1.0270991620734E-04
  1.0387422139046E-04 -1.2785101706056E-04 -3.9226384699532E-05 -1.0388734241089E-04
  4.5137436038132E-04 -1.6655857921880E-04 -8.8689809013125E-05  1.2785144764823E-04
 -1.6653455553121E-04  8.2544467855701E-04  5.0573933629520E-04  3.9219555567902E-05
 -8.8684297610189E-05  5.0574859975828E-04  7.1047308531664E-04 -5.0834220786542E-02
 -4.3082323570470E-27 -4.3082323570470E-27  0.0000000000000E+00  1.6268745359364E-04
  0.0000000000000E+00 -4.4568685795436E-04 -4.4568685795436E-04  1.1169505534788E-01
 -6.4623485355705E-27  0.0000000000000E+00  0.0000000000000E+00 -3.2311742677853E-27
  2.8733279817337E-01  2.8912057932947E-19  0.0000000000000E+00  0.0000000000000E+00
  2.8912057932947E-19  2.8733279817337E-01 -1.4456028966473E-19  0.0000000000000E+00
  2.8912057932947E-19 -1.4456028966473E-19  2.8733279817337E-01 -6.9789405229835E-04
  3.6140072416183E-20 -3.3731210521062E-03 -3.3731210521062E-03  0.0000000000000E+00
  1.9041223833381E-03  0.0000000000000E+00  1.4456028966473E-19  1.4750856050551E-03
  0.0000000000000E+00  5.5053529174359E-03  4.7487109293133E-03  1.4750856050551E-03
  0.0000000000000E+00  4.7487109293133E-03  5.5053529174359E-03  1.3418795597588E-01
 -1.0770580892618E-27  0.0000000000000E+00  0.0000000000000E+00 -1.0770580892618E-27
  1.9975420855425E-01  0.0000000000000E+00  0.0000000000000E+00  0.0000000000000E+00
  0.0000000000000E+00  1.9975420855425E-01  0.0000000000000E+00  0.0000000000000E+00
  0.0000000000000E+00  0.0000000000000E+00  1.9975420855425E-01 -8.7827265544955E-04
  1.8070036208092E-20 -2.3049496886037E-03 -2.3049496886037E-03  0.0000000000000E+00
  9.6910589601799E-04 -1.4456028966473E-19 -1.4456028966473E-19  1.0489884467646E-03
  0.0000000000000E+00  3.1905330160802E-03  2.8474976019013E-03  1.0489884467646E-03
  0.0000000000000E+00  2.8474976019013E-03  3.1905330160803E-03  1.0020456152269E-04
  9.0350181040459E-21  1.6940658945086E-21  5.2797670930372E-05  0.0000000000000E+00
  2.6398678770465E-04  0.0000000000000E+00  0.0000000000000E+00 -4.2351647362715E-22
  0.0000000000000E+00  2.6398678770464E-04 -7.2280144832367E-20 -1.5251656887170E-05
  1.4456028966473E-19  0.0000000000000E+00  4.5124518450996E-05  3.4624816481515E-02
  1.0770580892618E-27  2.1541161785235E-27  0.0000000000000E+00  0.0000000000000E+00
  1.2119786794300E-01  0.0000000000000E+00 -1.4456028966473E-19  0.0000000000000E+00
  0.0000000000000E+00  1.2119786794300E-01 -7.2280144832367E-20  0.0000000000000E+00
 -1.4456028966473E-19 -7.2280144832367E-20  1.2119786794300E-01 -5.1524119207315E-04
  9.0350181040459E-21 -1.9878056783896E-03 -1.9878056783896E-03 -1.8070036208092E-20
  2.3077710265107E-03  7.2280144832367E-20 -1.4456028966473E-19  1.9878056783896E-03
  7.2280144832367E-20  5.2729263489308E-03  4.1529963549156E-03  1.9878056783896E-03
 -7.2280144832367E-20  4.1529963549156E-03  5.2729263489308E-03  8.3874478820459E-05
  9.0350181040459E-21 -4.5175090520229E-21  4.7293256248125E-05  0.0000000000000E+00
  8.3538242408484E-04 -7.2280144832367E-20  0.0000000000000E+00 -3.3881317890172E-21
 -7.2280144832367E-20  8.3538242408484E-04  0.0000000000000E+00 -4.7293256248125E-05
  0.0000000000000E+00  0.0000000000000E+00  2.8323219102476E-04 -1.0223049334496E-04
  1.4851016483437E-04 -1.4851016483437E-04 -9.3140649182212E-05 -1.4851016483437E-04
  7.0026622395426E-04 -2.7340989457414E-04 -3.0977450737160E-04  1.4851016483437E-04
 -2.7340989457414E-04  7.0026622395426E-04  3.0977450737160E-04  9.3140649182212E-05
 -3.0977450737160E-04  3.0977450737160E-04  7.4696700098524E-04  4.4699229388751E-03
 -8.5897112956205E-03  0.0000000000000E+00  0.0000000000000E+00  3.5492528952478E-02
 -1.0850713679012E-02  9.0350181040459E-21  0.0000000000000E+00  2.4541877843438E-02
 -7.2383324650393E-04  1.8634724839595E-20 -7.6008894036067E-04 -7.7335452098349E-04
  2.7438711100638E-03  0.0000000000000E+00 -4.5175090520229E-21  9.9790414161193E-03
  2.3020153294237E-06 -1.8070036208092E-20  1.5655013917279E-04 -1.6468501072529E-04
 -2.0851768671470E-04  3.3915526463294E-04 -3.3915526463294E-04  2.2129340165990E-06
  2.2584344996011E-05  0.0000000000000E+00  0.0000000000000E+00 -1.8030419215147E-05
  3.4942848405245E-05  0.0000000000000E+00 -8.4157844546372E-05 -9.4245815146958E-06
  1.3229013700981E-03 -4.7560912969509E-04 -4.7560912969509E-04 -4.7559471172461E-04
  1.3229010098298E-03 -4.7560906534564E-04  4.7560906534564E-04  4.7559405509415E-04
 -1.7596435036424E-03  1.3039076424110E-03  1.3039076424110E-03  1.3038924397685E-03
 -1.7596441045737E-03  1.3039066886740E-03 -1.3039066886740E-03 -1.3038902450196E-03
  2.0317143637018E-04 -2.0249531967876E-04 -1.4683273841048E-05  1.4682971302045E-05
  2.0316985565334E-04  1.4672684015985E-05 -1.4672684015985E-05 -2.0248001304004E-04
  2.0316898813158E-04 -2.0249479683986E-04  1.4683602898569E-05 -1.4684629317813E-05
  2.0316994844149E-04 -1.4673116862673E-05 -1.4673116862673E-05  2.0247883895226E-04
  4.4699757114839E-03 -8.5896828981876E-03 -3.5492543430471E-02 -2.8234430228821E-21
 -2.5001644794720E-10 -1.0850779509270E-02 -2.4541899201884E-02 -1.1293772630057E-21
 -8.8043782823877E-10 -7.2376761612220E-04  7.7333655076836E-04 -5.6468863150287E-22
  7.6006632657580E-04 -7.2371998084235E-04  7.7331128850652E-04 -7.6008016169925E-04
  2.3975097760510E-10 -7.2376598124827E-04  7.7333761353258E-04  6.2115749465315E-21
 -7.6006628442631E-04  2.7439349889009E-03 -9.9790385476201E-03 -2.2587545260115E-21
  3.3047493035374E-09  2.2337687412244E-06  1.6471746724618E-04 -5.6468863150287E-22
 -1.5650561496403E-04  2.1652054742220E-06  1.6477823059525E-04  1.5652544280990E-04
  1.0716002966265E-10  2.2305288775526E-06  1.6471374627860E-04  1.6940658945086E-21
  1.5650481309682E-04  2.2574068407166E-05  1.7965858033162E-05 -3.3881317890172E-21
 -2.4305087050262E-09 -2.0839822612046E-04 -2.1940292004756E-06  3.3916455615311E-04
  3.3917274232294E-04 -2.0839771971849E-04 -2.1939004040553E-06 -3.3916221157938E-04
 -3.3917264645429E-04  3.4994520955949E-05  9.4218654024032E-06  3.9528204205201E-21
 -8.4160567217524E-05  3.5011796699857E-05  9.4783441464286E-06 -8.4157408108759E-05
 -3.8272234997894E-10  3.4995272209205E-05  9.4250887888621E-06 -1.6940658945086E-21
  8.4161694159248E-05  4.4699409574457E-03 -8.5897085768364E-03 -6.3245126728321E-20
  0.0000000000000E+00 -3.5492529955983E-02 -1.0850719807246E-02 -7.2280144832367E-20
  0.0000000000000E+00 -2.4541876617990E-02 -7.2383249166830E-04  7.6008737901787E-04
  3.6140072416183E-20  7.7335407093857E-04  2.7438780719127E-03 -2.2587545260115E-21
 -4.5175090520229E-21 -9.9790363785504E-03  2.3012164552990E-06 -1.5654458770199E-04
 -3.9528204205201E-21  1.6468545611869E-04  2.2586037546902E-05 -6.7762635780344E-21
 -2.2587545260115E-21  1.8026101432168E-05 -2.0851854857093E-04  3.3915511026979E-04
  3.3915511026979E-04 -2.2134980007952E-06  3.4941786532423E-05 -8.4162615309979E-05
  1.3552527156069E-20  9.4241599618777E-06  1.3482762213804E+00  1.5945688976486E-03
 -7.0586078937858E-23  3.5293039468929E-23 -1.6976038794110E-03 -3.6105896580451E-03
  4.5175090520229E-20  1.8070036208092E-20  2.7331444031817E-02 -1.5881867761018E-22
  3.4628232666498E-03 -6.7762635780344E-21 -7.9056408410401E-21  0.0000000000000E+00
  2.2587545260115E-21  3.4628232666498E-03 -2.2587545260115E-21  2.7038582895979E-03
  1.3552527156069E-20  0.0000000000000E+00 -1.8803429453791E-02 -4.1419275659543E-03
  1.3552527156069E-20  9.0350181040459E-21  1.8797098443422E-02  7.0586078937858E-23
  2.3229136140520E-03  3.3881317890172E-21  3.3881317890172E-21  0.0000000000000E+00
  3.3881317890172E-21  2.3229136140520E-03  0.0000000000000E+00  3.2386675626011E-03
 -4.5175090520229E-21  0.0000000000000E+00 -1.3085910381914E-02 -5.8282200232167E-04
 -1.7505347576589E-20 -7.9938463868706E-04 -8.9021019308867E-04  4.6322114302970E-22
  1.5133140322713E-04 -1.3058424603504E-21 -1.8352380523843E-21 -2.9733903727589E-05
  1.9411171707911E-22 -7.0720473893617E-05  4.0654978247648E-05  2.6402812349576E-04
  1.7364175418713E-20  4.0578084240574E-04  2.9067802694823E-04  1.5056818126153E-03
 -6.7762635780344E-21  0.0000000000000E+00  8.7144052679210E-03 -5.6468863150287E-22
  9.2555029353213E-04  0.0000000000000E+00  0.0000000000000E+00  5.6468863150287E-22
  0.0000000000000E+00  9.2555029353213E-04  5.6468863150287E-22  3.8269515904935E-04
  4.5175090520229E-21 -4.5175090520229E-21 -7.1827766299207E-03 -2.4286627272242E-04
  5.6468863150287E-22 -3.3688442454287E-04 -5.6450917596366E-04  1.7646519734465E-23
  6.3023283159950E-05 -7.0586078937858E-22  0.0000000000000E+00 -2.4846031004373E-04
  8.4703294725430E-22 -2.0253324867957E-04 -2.3177953258812E-04 -5.7426510607544E-07
  8.8232598672323E-24  1.7256703287360E-04  1.2495806678169E-04 -2.2524748123245E-05
  7.8338709409478E-05 -7.8338709409478E-05 -3.8269636168208E-05 -8.4244608872999E-06
  4.2594245539986E-05  2.6965726732146E-06 -1.6656478441710E-05  8.4244608872999E-06
  2.6965726732146E-06  4.2594245539986E-05  1.6656478441710E-05  1.3866793787525E-05
 -5.9568167154443E-05  5.9568167154443E-05  5.5108770399578E-05  1.1350342474563E-04
  2.2587545260115E-21  0.0000000000000E+00  3.5608100945099E-04 -1.1293772630057E-21
  4.7797908385101E-05  0.0000000000000E+00 -1.1293772630057E-21  0.0000000000000E+00
  0.0000000000000E+00  4.7797908385101E-05  5.6468863150287E-22 -3.1151309307093E-06
  0.0000000000000E+00  0.0000000000000E+00  4.9364072285039E-05 -6.6870914919986E-05
 -9.5997067355487E-21  1.1180189344180E-04  1.6191725034162E-04 -5.8233515123733E-22
  4.2584288073330E-05 -2.8234431575143E-22  1.6940658945086E-21 -3.4730816072374E-06
  1.2705494208814E-21  4.8834268768817E-05  3.0034987844445E-05  4.9581018364204E-05
 -9.0438413639131E-21 -2.6756152220384E-05  3.0170482174727E-05  3.5598665603614E-05
  2.2587545260115E-21  3.0583939287428E-05 -2.6820778166163E-05  5.6468863150287E-22
  2.5518129692276E-05  0.0000000000000E+00  0.0000000000000E+00  8.6290718607122E-06
 -5.6468863150287E-22  2.0582268019747E-05 -4.1976060023909E-06 -1.3857322887866E-06
  0.0000000000000E+00 -4.7286202484385E-06  2.6933481611892E-05 -1.1919593894047E-05
  4.3056530475988E-05 -4.3056530475988E-05 -2.6168663275652E-05 -8.1225582391865E-07
  3.0769340234159E-05 -3.6959347658388E-06 -1.1718212753717E-05  8.1225582391865E-07
 -3.6959347658388E-06  3.0769340234159E-05  1.1718212753717E-05  6.9465418733928E-06
 -1.3432736370321E-05  1.3432736370321E-05  3.0260781390822E-05 -1.0969023478294E-04
  8.4128441690410E-06  8.4128441690410E-06  8.4019448545045E-06 -1.0968748114101E-04
  8.4138869141292E-06 -8.4138869141292E-06 -8.3974335696879E-06  3.4002201708100E-04
 -6.5722374463396E-04 -6.5722374463396E-04 -6.5721186369254E-04  1.4655533471200E-04
  1.9225667357828E-04 -3.9236467731432E-04 -3.9236240794894E-04  1.4655533471200E-04
 -3.9236467731432E-04  1.9225667357828E-04 -3.9236240794894E-04  1.4655114153075E-04
 -3.9236167891667E-04 -3.9236167891667E-04  1.9226142941296E-04  3.4002307243207E-04
 -6.5722381026177E-04  6.5722381026177E-04  6.5721197098486E-04  1.4655538109923E-04
  1.9225662416630E-04  3.9236462739030E-04  3.9236246753280E-04 -1.4655538109923E-04
  3.9236462739030E-04  1.9225662416630E-04 -3.9236246753280E-04 -1.4655041510885E-04
  3.9236202650791E-04 -3.9236202650791E-04  1.9226195822998E-04  1.0739589957084E-03
 -6.8128926056075E-04 -6.8128926056075E-04 -6.8127460830213E-04  1.8541913074811E-04
  1.7049257415286E-04 -2.6463000990554E-04 -2.6462851040347E-04  1.8541913074811E-04
 -2.6463000990554E-04  1.7049257415286E-04 -2.6462851040347E-04  1.8541550660617E-04
 -2.6462801595865E-04 -2.6462801595865E-04  1.7049485569416E-04  1.0739604916718E-03
 -6.8128921929576E-04  6.8128921929576E-04  6.8127456030548E-04  1.8541895073572E-04
  1.7049253352406E-04  2.6462996253562E-04  2.6462854171685E-04 -1.8541895073572E-04
  2.6462996253562E-04  1.7049253352406E-04 -2.6462854171685E-04 -1.8541495459312E-04
  2.6462829609731E-04 -2.6462829609731E-04  1.7049514536030E-04 -4.6610224588662E-04
  1.5230170354977E-04  1.5230170354977E-04  1.5230313078834E-04 -1.0651166395412E-04
  1.2980344189117E-04 -9.4844058035585E-05 -9.4843206993841E-05 -1.0651166395412E-04
 -9.4844058035585E-05  1.2980344189117E-04 -9.4843206993841E-05 -1.0651485284340E-04
 -9.4842366515787E-05 -9.4842366515786E-05  1.2980657760659E-04 -4.6610233340929E-04
  1.5230159432818E-04 -1.5230159432818E-04 -1.5230238381064E-04 -1.0651147845372E-04
  1.2980344822157E-04  9.4844119241242E-05  9.4843230202990E-05  1.0651147845372E-04
  9.4844119241242E-05  1.2980344822157E-04 -9.4843230202990E-05  1.0651520748169E-04
  9.4842500658113E-05 -9.4842500658113E-05  1.2980700293631E-04  9.2670134455705E-05
 -4.3396789140224E-05  3.7217794229145E-05 -3.7221594571027E-05 -4.6506300991138E-05
  6.3001000743483E-05  4.4522038584733E-05 -4.4522375590357E-05 -4.1039859080816E-06
  3.5521595666342E-05  4.3175470495123E-05 -2.0292038582649E-05  4.1068094438139E-06
 -3.5522161168952E-05 -2.0294370013245E-05  4.3179437042566E-05  9.2671611978787E-05
 -3.7219440086320E-05  3.7219440086320E-05 -4.3386722443816E-05  4.1035722234147E-06
  4.3176000535314E-05 -2.0291596762729E-05 -3.5520676323321E-05 -4.1035722234147E-06
 -2.0291596762729E-05  4.3176000535314E-05  3.5520676323320E-05 -4.6508278677322E-05
 -4.4523111840257E-05  4.4523111840257E-05  6.2996200612426E-05  9.2669237833736E-05
 -4.3396684749881E-05 -3.7217432753186E-05  3.7221518133232E-05 -4.6506386371385E-05
  6.3001024396166E-05 -4.4522267863218E-05  4.4522464356031E-05  4.1041002999574E-06
 -3.5521718602733E-05  4.3175282319727E-05 -2.0292046431617E-05 -4.1068377406192E-06
  3.5522470557458E-05 -2.0294509992976E-05  4.3179351764309E-05  9.2671712431135E-05
  3.7219557451164E-05  3.7219557451164E-05  4.3386641568024E-05 -4.1035053654110E-06
  4.3175934473251E-05  2.0291522552532E-05 -3.5520817858763E-05 -4.1035053654110E-06
  2.0291522552532E-05  4.3175934473251E-05 -3.5520817858763E-05  4.6508427125027E-05
 -4.4522818148480E-05 -4.4522818148480E-05  6.2995988510536E-05  1.5945128583224E-03
  1.6975063826816E-03 -8.4703294725430E-22  2.7977914142564E-09 -3.6105732796233E-03
 -2.7331462696008E-02  1.6940658945086E-21  2.5063072159832E-11 -2.7038468512977E-03
 -1.8803453134520E-02 -8.6992051243047E-21  2.5215936896037E-10  1.1858461396192E-20
 -1.5811281682080E-20  3.4628270425774E-03 -4.3763368941472E-21  2.0145554744963E-10
 -1.7532321564411E-10  2.8234000751908E-22  3.4628392294413E-03 -4.1419415234076E-03
 -1.8797118595515E-02  5.6468864833190E-22 -1.4735481757044E-10 -3.2386565092198E-03
 -1.3085929745114E-02 -8.9351789927714E-22  2.2063478916137E-10  2.2587546606437E-21
  2.2587545260115E-21  2.3229168724758E-03  1.9058241313222E-21  1.6286008524714E-10
 -2.1975845238848E-10 -2.1176039092975E-22  2.3229243095960E-03 -5.8281617712559E-04
  8.9021262662867E-04 -1.1293772630057E-21  7.9937959603550E-04 -2.6402134605975E-04
  2.9067878898104E-04  1.6940658945086E-21  4.0578989377825E-04  6.2115749465315E-21
 -4.5175090520229E-21  1.5133605204140E-04  2.8234445038369E-22  2.9723704773184E-05
  4.0650900171017E-05 -1.4117215787572E-22 -7.0722452442912E-05 -5.8280178834596E-04
  8.9020550181260E-04 -7.9937816841125E-04  1.3845241029605E-10 -2.6401813287507E-04
  2.9067952471852E-04 -4.0579242815151E-04  1.9763837786746E-11 -2.9723514552232E-05
 -4.0653838640493E-05 -7.0719320805616E-05  5.0592180262727E-11 -1.9796857425848E-10
 -2.6060153454699E-11  1.3296423647215E-10  1.5133791941967E-04 -5.8281383736717E-04
  8.9021228626882E-04  1.1293772630057E-21 -7.9937959974089E-04 -2.6402126745401E-04
  2.9067844640646E-04  3.3881317890172E-21 -4.0579009286352E-04  3.9528204205201E-21
 -1.3552527156069E-20  1.5133622168538E-04  1.3411354998193E-21 -2.9722868723753E-05
 -4.0650475947653E-05  0.0000000000000E+00 -7.0722538333201E-05  1.5057053755300E-03
 -8.7144165593404E-03 -1.4117215787572E-22  9.0930735772825E-10 -3.8269314312239E-04
 -7.1827956713876E-03  1.2259899794577E-22  4.7774870072113E-11 -1.4117215787572E-21
  2.2587545260115E-21  9.2555408853874E-04  4.9410255256501E-22 -6.5090376885195E-12
  2.3942632864719E-11  2.8234431575143E-22  9.2556028083415E-04 -2.4289215509824E-04
  5.6452105085669E-04  5.6468863150287E-22  3.3689686638408E-04  5.7971853822627E-07
  1.2495666172540E-04  2.8234431575143E-22  1.7257150659429E-04 -6.7056774990965E-22
 -3.3881317890172E-21  6.3025579832987E-05 -3.3658065289430E-29  2.4845840249975E-04
 -2.3178004571928E-04  1.4117188861119E-22 -2.0253510528504E-04 -2.4290883382591E-04
  5.6454143093768E-04 -3.3688932083981E-04  1.8532926805230E-10  5.7897886364139E-07
  1.2495700094767E-04 -1.7257352600525E-04  4.9219593775525E-11 -2.4845913566667E-04
  2.3178072676998E-04 -2.0253353797914E-04 -4.5816681827255E-11  4.2503208345596E-11
  6.7842391759194E-11 -2.0595825553619E-11  6.3030333030372E-05 -2.4289268744866E-04
  5.6451992801810E-04  0.0000000000000E+00 -3.3689702153766E-04  5.7977457228684E-07
  1.2495640044595E-04  0.0000000000000E+00 -1.7257171545198E-04 -6.7056774990965E-22
  5.6468863150287E-21  6.3025536042075E-05  4.9410248524888E-22 -2.4845782489048E-04
  2.3178039247815E-04 -2.1175823681357E-22 -2.0253508908756E-04  1.1350884642987E-04
 -3.5610024930896E-04  4.2351647362715E-22 -3.6458727591378E-10  3.1179823781556E-06
  4.9371657137732E-05  1.2259876233931E-22 -1.3728097226839E-10  5.6468863150287E-22
 -2.2587545260115E-21  4.7800805267823E-05  1.4117215787572E-22 -1.7886867643813E-10
  2.3788698108891E-10  0.0000000000000E+00  4.7805153320690E-05 -2.2486479807659E-05
  3.8277332798904E-05  7.8336939483093E-05  7.8343444525025E-05 -1.3870388203899E-05
  5.5103907292905E-05  5.9572586574488E-05  5.9571843120732E-05 -8.4300392647326E-06
  1.6655749707893E-05  4.2593129925202E-05 -2.6972868511877E-06 -8.4286214038323E-06
  1.6654346238566E-05 -2.6965751222111E-06  4.2593857875148E-05 -2.2486347822908E-05
  3.8277290134447E-05 -7.8336667543015E-05 -7.8343489357196E-05 -1.3870501809433E-05
  5.5103915320180E-05 -5.9572592413717E-05 -5.9571849159887E-05  8.4299018040773E-06
 -1.6655809372305E-05  4.2593347370527E-05 -2.6971752360215E-06  8.4289910279833E-06
 -1.6654492389792E-05 -2.6965492702987E-06  4.2593925971820E-05 -6.6858922335291E-05
 -1.6192408191688E-04  2.8234431575143E-22  1.1180002338574E-04 -4.9584116444914E-05
  3.0172353218624E-05  2.8234431575143E-22  2.6763023233073E-05  1.0234981445989E-21
  1.1293772630057E-21  4.2586888850413E-05 -2.1175822839906E-21 -3.4754428591818E-06
 -3.0039236563095E-05  7.0586348202381E-23  4.8833569639772E-05 -6.6849949257966E-05
 -1.6190364849079E-04  1.1179683776704E-04 -1.2097111429556E-10 -4.9582678882646E-05
  3.0171732586309E-05  2.6761291352715E-05 -6.6140754665050E-11 -3.4769012814272E-06
 -3.0037243964318E-05  4.8833664510536E-05  1.1589023083919E-10  5.1799230742822E-11
 -4.5812631310503E-11 -5.3380507850770E-11  4.2593398078030E-05 -6.6858016247726E-05
 -1.6192289744708E-04  2.8234431575143E-22 -1.1179996916512E-04 -4.9583964084699E-05
  3.0172523926875E-05  1.1293772630057E-21 -2.6762825563732E-05 -9.5291206566109E-22
  1.1293772630057E-21  4.2586716468023E-05  1.1293772125186E-21  3.4756993704701E-06
  3.0039092135141E-05  2.1175823681357E-22  4.8833605042039E-05  3.5607174902743E-05
  2.6820203838500E-05  9.8820509671550E-22 -3.0587543977083E-05  1.3843010569941E-06
  2.6929203059761E-05 -7.6158070672328E-22 -4.7268548702204E-06 -2.8234431575143E-22
 -2.2587545260115E-21  2.5521694978409E-05 -2.1175823681357E-22 -8.6292876151222E-06
 -4.1982115475863E-06  0.0000000000000E+00  2.0575396564122E-05 -1.1925107016573E-05
  2.6140628457864E-05 -4.3056460430286E-05  4.3063646838177E-05 -6.9465118611453E-06
  3.0265051692835E-05 -1.3437049933243E-05  1.3436026432636E-05  8.1567837532388E-07
 -1.1719414045547E-05  3.0769511667357E-05 -3.6949049047471E-06 -8.1561558838096E-07
  1.1718096954341E-05 -3.6960542513540E-06  3.0767404286538E-05 -1.1925132619601E-05
  2.6140592832529E-05 -4.3056786092567E-05 -4.3063776247751E-05 -6.9466693150550E-06
  3.0265102234666E-05 -1.3436913007538E-05 -1.3436253779798E-05  8.1575321873224E-07
 -1.1719316635106E-05  3.0769699921842E-05  3.6949658948715E-06  8.1529766931015E-07
 -1.1717866948050E-05  3.6959593727746E-06  3.0767406526137E-05  3.5617109006978E-05
  2.6849148385525E-05  3.0580003289224E-05 -3.7305919298244E-10  1.3848364125941E-06
  2.6928728915101E-05  4.7279002996089E-06 -8.3115669440693E-11  8.6297263792899E-06
  4.1982713832145E-06  2.0577428884602E-05 -6.5475059408514E-11 -1.3210962879496E-10
 -2.7649663712530E-11  1.1813831081170E-11  2.5528088397414E-05  3.5607975534318E-05
  2.6820427009944E-05 -7.0586078937858E-22  3.0585904003260E-05  1.3842121437695E-06
  2.6929249713855E-05  1.2259886331351E-22  4.7267700203340E-06 -2.8234431575143E-22
 -2.2587545260115E-21  2.5521556586495E-05  3.5293039468929E-22  8.6293515454786E-06
  4.1979605198820E-06 -7.0586078937858E-23  2.0575318439377E-05  1.5945404615008E-03
 -7.0586078937858E-23  0.0000000000000E+00  1.6975028355638E-03 -3.6105890748275E-03
 -3.6140072416183E-20  0.0000000000000E+00 -2.7331445522000E-02  1.5881867761018E-22
  3.4628231351656E-03 -2.2587545260115E-21  0.0000000000000E+00  3.5293039468929E-23
  6.7762635780344E-21  3.4628231351656E-03  0.0000000000000E+00 -2.7038586844756E-03
  1.8070036208092E-20  0.0000000000000E+00 -1.8803427503895E-02 -4.1419305110645E-03
  1.3552527156069E-20 -9.0350181040459E-21 -1.8797098530676E-02  0.0000000000000E+00
  2.3229135248445E-03 -2.2587545260115E-21  0.0000000000000E+00  0.0000000000000E+00
 -2.2587545260115E-21  2.3229135248445E-03  0.0000000000000E+00 -3.2386652131342E-03
 -1.3552527156069E-20 -9.0350181040459E-21 -1.3085908923172E-02 -5.8282341838995E-04
  7.9938408292003E-04 -4.5175090520229E-21  8.9020987000277E-04  2.9733969834002E-05
 -7.0720545676424E-05 -2.0117032497290E-21  4.0654606791403E-05 -1.4117215787572E-22
 -2.1175823681357E-22  1.5133131202590E-04  1.4117215787572E-21 -2.6402793981730E-04
  4.0578173186821E-04  0.0000000000000E+00  2.9067823906162E-04  1.5056845202671E-03
  1.5811281682080E-20  0.0000000000000E+00 -8.7144043496183E-03  1.1293772630057E-21
  9.2555016352316E-04  0.0000000000000E+00  5.6468863150287E-22  0.0000000000000E+00
  0.0000000000000E+00  9.2555016352316E-04  1.1293772630057E-21 -3.8269565460644E-04
 -4.5175090520229E-21  0.0000000000000E+00 -7.1827761168220E-03 -2.4286615893027E-04
  3.3688621636745E-04 -5.6468863150287E-21  5.6450960182247E-04  2.4846039575418E-04
 -2.0253333884768E-04  7.0586078937858E-22 -2.3177972590203E-04  5.6468863150287E-22
  1.4117215787572E-22  6.3023343338533E-05 -5.6468863150287E-22  5.7455491462647E-07
  1.7256772040669E-04  6.2115749465315E-21  1.2495769556508E-04  1.1350309884849E-04
  2.2587545260115E-21 -2.2587545260115E-21 -3.5608309036813E-04  1.1293772630057E-21
  4.7798205928303E-05  0.0000000000000E+00  5.6468863150287E-22  0.0000000000000E+00
  0.0000000000000E+00  4.7798205928303E-05  0.0000000000000E+00  3.1161148561720E-06
  0.0000000000000E+00  0.0000000000000E+00  4.9364340061692E-05 -2.2524477892722E-05
  7.8338440812214E-05  7.8338440812214E-05  3.8269946562714E-05 -8.4242470442178E-06
  4.2594430383565E-05 -2.6967639872735E-06  1.6656558717936E-05 -8.4242470442178E-06
 -2.6967639872735E-06  4.2594430383565E-05  1.6656558717936E-05 -1.3867263221005E-05
  5.9568640403004E-05  5.9568640403004E-05  5.5108725349563E-05 -6.6870820952196E-05
  1.1180042545403E-04 -1.6940658945086E-21 -1.6191727037835E-04 -3.4734115457995E-06
  4.8834548530403E-05 -7.0586078937858E-22 -3.0034822720627E-05 -7.0586078937858E-23
  5.6468863150287E-22  4.2584093838182E-05  0.0000000000000E+00 -4.9581447614391E-05
  2.6756341455268E-05  7.0586078937858E-22  3.0170166670131E-05 -1.1918745156398E-05
  4.3056177707427E-05  4.3056177707427E-05  2.6168529865370E-05 -8.1191875811676E-07
  3.0769316619223E-05  3.6960192999885E-06  1.1718239037753E-05 -8.1191875811676E-07
  3.6960192999885E-06  3.0769316619223E-05  1.1718239037753E-05 -6.9463099811924E-06
  1.3433374916322E-05  1.3433374916322E-05  3.0260841880729E-05  3.5599136958717E-05
 -3.0583746691955E-05 -2.2587545260115E-21  2.6818879284494E-05 -8.6291096505962E-06
  2.0582166400182E-05  5.6468863150287E-22 -4.1975918052165E-06  0.0000000000000E+00
  0.0000000000000E+00  2.5518107790225E-05  0.0000000000000E+00  1.3854720025252E-06
 -4.7283851239904E-06  2.2587545260115E-21  2.6932969851368E-05  4.0335143946550E-01
  3.5294655056063E-23 -3.5292824057311E-22  3.6386661845690E-10  1.2331235010661E-01
  2.4705154554703E-22  3.5292770204407E-23  1.3042948000555E-10  2.4705154554703E-22
  1.1657151191314E-03  1.1293772630057E-21 -1.4117215787572E-22  3.5293577997974E-23
  1.1293772630057E-21  1.1657151191314E-03  5.6468863150287E-22  1.3042947999793E-10
  2.8234431575143E-22  2.8234431575143E-22  1.1657127229574E-03  1.3228936049329E-03
 -4.7559517297278E-04 -4.7559517297278E-04 -4.7559517297278E-04 -1.7596716417037E-03
  1.3038958306707E-03  1.3038958306707E-03  1.3038958306707E-03  2.0317441635627E-04
 -2.0255040342506E-04 -1.4744040591333E-05  1.4744040591333E-05  4.4699299721417E-03
 -8.5896570055400E-03 -2.2440828407195E-21  5.6468863150287E-22  3.5492536635163E-02
 -1.0850791335524E-02  2.6553617803365E-21  0.0000000000000E+00  2.4541894276515E-02
 -7.2366845114669E-04  7.6011553658198E-04  3.1487452980028E-10 -7.7334439031808E-04
  2.7439066152404E-03 -1.3074365063225E-21  0.0000000000000E+00  9.9790301002736E-03
  2.1045263364674E-06 -1.5661104240999E-04 -1.0502194783470E-10 -1.6469065485982E-04
 -2.0838486204353E-04  3.3914406366666E-04  3.3914406366666E-04  2.1534192341256E-06
 -2.0838572918541E-04  3.3914329575770E-04 -3.3914329575770E-04  2.1531232438658E-06
  2.2510711842257E-05  2.4368159234444E-21  0.0000000000000E+00 -1.7846402101584E-05
  3.4999777670540E-05  9.0418632482807E-10 -8.4188651402231E-05 -9.4263769731477E-06
  1.3228942206943E-03 -4.7559500058330E-04 -4.7559500058330E-04  4.7559500058330E-04
 -1.7596728407196E-03  1.3038954224324E-03  1.3038954224324E-03 -1.3038954224324E-03
  2.0317179078026E-04 -2.0254968222596E-04 -1.4745833997023E-05 -1.4745833997023E-05
  5.7369878851180E-04  1.5546468337388E-04  4.8403960329518E-04  4.8403960329518E-04
  5.1815417002343E-11  1.3482762094185E+00 -1.0964798633552E-04  8.4216302911643E-06
  8.4216302911643E-06  8.4216302911643E-06  3.3998808081427E-04 -6.5723483982408E-04
 -6.5723483982408E-04 -6.5723483982408E-04  1.4656601530355E-04  1.9225410450649E-04
 -3.9236294831225E-04 -3.9236294831225E-04  1.4656601530355E-04 -3.9236294831225E-04
  1.9225410450649E-04 -3.9236294831225E-04  1.4656601530355E-04 -3.9236294831225E-04
 -3.9236294831225E-04  1.9225410450649E-04  1.0738892874072E-03 -6.8129402891712E-04
 -6.8129402891712E-04 -6.8129402891712E-04  1.8542983410624E-04  1.7049152786856E-04
 -2.6462888914120E-04 -2.6462888914120E-04  1.8542983410624E-04 -2.6462888914120E-04
  1.7049152786856E-04 -2.6462888914120E-04  1.8542983410624E-04 -2.6462888914120E-04
 -2.6462888914120E-04  1.7049152786856E-04 -4.6611929677579E-04  1.5229506995232E-04
  1.5229506995232E-04  1.5229506995232E-04 -1.0650605398272E-04  1.2979861245874E-04
 -9.4842844670562E-05 -9.4842844670562E-05 -1.0650605398272E-04 -9.4842844670562E-05
  1.2979861245874E-04 -9.4842844670562E-05 -1.0650605398272E-04 -9.4842844670562E-05
 -9.4842844670562E-05  1.2979861245874E-04  9.2667769435139E-05 -4.3420339220780E-05
  3.7191406469240E-05 -3.7191406469240E-05 -4.6499176315148E-05  6.3007166631992E-05
  4.4520875716254E-05 -4.4520875716254E-05 -4.0986487816714E-06  3.5521287371942E-05
  4.3171531058179E-05 -2.0290919690764E-05  4.0986487816714E-06 -3.5521287371942E-05
 -2.0290919690764E-05  4.3171531058179E-05  1.5945428827459E-03 -8.4703294725430E-22
  1.1293772630057E-21 -1.6975238158188E-03 -3.6105868339362E-03  2.8007947800133E-21
  0.0000000000000E+00  2.7331462274081E-02 -5.6468863150287E-22  3.4628227604902E-03
  8.9950038292498E-11  1.5811281682080E-20 -2.2587545260115E-21  8.9950038277251E-11
  3.4628227604902E-03  9.0350181040459E-21  2.7038468205708E-03 -5.1259076290397E-21
  2.2587545260115E-21 -1.8803451920275E-02 -4.1419638964767E-03  2.4912353604624E-21
  1.1293772630057E-21  1.8797117994638E-02  2.8234431575143E-21  2.3229155878955E-03
  7.6281308919880E-11 -1.3552527156069E-20  0.0000000000000E+00  7.6281308926797E-11
  2.3229155878955E-03  0.0000000000000E+00  3.2386556422895E-03 -4.8721972391720E-21
  1.1293772630057E-21 -1.3085928136950E-02 -5.8279964274821E-04  7.9938419142419E-04
 -2.6644231670100E-10 -8.9022231340467E-04  2.9736652528191E-05 -7.0717113286676E-05
  2.1677037119349E-10 -4.0655228759866E-05 -3.9932230968813E-10  2.9333185660584E-11
  1.5133026369641E-04 -9.3399003883319E-11  2.6402224393228E-04 -4.0578742346296E-04
 -1.1131406656758E-10  2.9067861018471E-04  1.5056895892635E-03  2.7466919980735E-22
  0.0000000000000E+00  8.7144134243808E-03  6.3527471044072E-22  9.2554693967867E-04
 -2.3228813345209E-11 -2.2587545260115E-21  0.0000000000000E+00 -2.3228813347750E-11
  9.2554693967867E-04  0.0000000000000E+00  3.8269506905566E-04  2.2370967726881E-23
  0.0000000000000E+00 -7.1827982260004E-03 -2.4293331529951E-04  3.3686182349042E-04
 -1.9683561760917E-10 -5.6451930586478E-04  2.4846354461469E-04 -2.0253241231579E-04
  6.8532125920248E-11  2.3178033595693E-04  3.5699456360501E-11 -2.7361005542409E-11
  6.3017056546060E-05 -9.8072674812798E-11 -5.8246536880893E-07 -1.7257066265076E-04
 -5.9441751537269E-11  1.2495318088264E-04 -2.2480201462097E-05  7.8330482823799E-05
  7.8330482823799E-05 -3.8291916111877E-05 -8.4255927107987E-06  4.2594320500743E-05
 -2.6968231670244E-06 -1.6656465322371E-05 -8.4255927107987E-06 -2.6968231670244E-06
  4.2594320500743E-05 -1.6656465322371E-05  1.3872929910958E-05 -5.9572714477599E-05
 -5.9572714477599E-05  5.5100691506848E-05 -2.2480228005293E-05  7.8329895753052E-05
 -7.8329895753052E-05 -3.8291916493483E-05 -8.4256685622923E-06  4.2594412195308E-05
  2.6968741298069E-06 -1.6656428269440E-05  8.4256685622923E-06  2.6968741298069E-06
  4.2594412195308E-05  1.6656428269440E-05  1.3872859939103E-05 -5.9572919925197E-05
  5.9572919925197E-05  5.5100659005287E-05  1.1347786879273E-04  1.7017431645689E-21
  1.1293772630057E-21  3.5614020315563E-04 -9.8820510513002E-22  4.7791487490359E-05
 -3.9478265527964E-11  4.5175090520229E-21  2.8234431575143E-22 -3.9478265528352E-11
  4.7791487490359E-05  1.1293772630057E-21 -3.1170647105106E-06 -5.8705956557168E-22
 -8.4703294725430E-22  4.9375594077041E-05 -6.6860060015887E-05  2.7860503552896E-10
  1.1179063260352E-04  1.6192388353282E-04 -5.2575935274643E-11  4.2577891121000E-05
  4.8976527187496E-11  8.1159721039221E-11 -3.4714081679456E-06 -5.9643799374558E-11
  4.8834383131882E-05  3.0036515948034E-05  4.9585461305693E-05  1.5954568613281E-11
 -2.6762135715214E-05  3.0176253884994E-05  3.5606137547266E-05 -3.0586666329437E-05
 -2.4908922332180E-10 -2.6848874583964E-05 -8.6284526393764E-06  2.0585171747002E-05
 -1.8746053013436E-11  4.1974702195307E-06  1.1217190784820E-10 -7.8009906411984E-11
  2.5513099412689E-05 -6.5060124164684E-11 -1.3831429024373E-06  4.7268689587851E-06
 -2.1526935745691E-11  2.6926022322366E-05 -1.1936413851726E-05  4.3046982686174E-05
  4.3046982686174E-05 -2.6140943199107E-05 -8.1122155269636E-07  3.0770533479190E-05
  3.6957243071416E-06 -1.1719798087110E-05 -8.1122155269638E-07  3.6957243071416E-06
  3.0770533479190E-05 -1.1719798087110E-05  6.9449081787559E-06 -1.3436055489247E-05
 -1.3436055489247E-05  3.0269364268303E-05 -1.1935884274435E-05  4.3046358160431E-05
 -4.3046358160431E-05 -2.6140935827895E-05 -8.1124824405825E-07  3.0770346197926E-05
 -3.6958273083104E-06 -1.1719755432338E-05  8.1124824405824E-07 -3.6958273083104E-06
  3.0770346197926E-05  1.1719755432338E-05  6.9449735203793E-06 -1.3436033758882E-05
  1.3436033758882E-05  3.0269386454218E-05 -1.0968718920192E-04  8.4254201070063E-06
  8.4254201070063E-06 -8.4254201070063E-06  3.3998758186787E-04 -6.5723555260418E-04
 -6.5723555260418E-04  6.5723555260418E-04  1.4656608183158E-04  1.9225465528897E-04
 -3.9236303253791E-04  3.9236303253791E-04  1.4656608183158E-04 -3.9236303253791E-04
  1.9225465528897E-04  3.9236303253791E-04 -1.4656608183158E-04  3.9236303253791E-04
  3.9236303253791E-04  1.9225465528897E-04  1.0738908502373E-03 -6.8129443628217E-04
 -6.8129443628217E-04  6.8129443628217E-04  1.8543028982602E-04  1.7049180179294E-04
 -2.6462893037663E-04  2.6462893037663E-04  1.8543028982602E-04 -2.6462893037663E-04
  1.7049180179294E-04  2.6462893037663E-04 -1.8543028982602E-04  2.6462893037663E-04
  2.6462893037663E-04  1.7049180179294E-04 -4.6612032746124E-04  1.5229449100367E-04
  1.5229449100367E-04 -1.5229449100367E-04 -1.0650628757783E-04  1.2979893269591E-04
 -9.4842945016320E-05  9.4842945016320E-05 -1.0650628757783E-04 -9.4842945016320E-05
  1.2979893269591E-04  9.4842945016320E-05  1.0650628757783E-04  9.4842945016320E-05
  9.4842945016320E-05  1.2979893269591E-04  9.2666762242141E-05 -4.3420828051665E-05
  3.7190932226407E-05  3.7190932226407E-05 -4.6499507520978E-05  6.3006836644173E-05
  4.4520907266660E-05  4.4520907266660E-05 -4.0987469472346E-06  3.5521248221275E-05
  4.3171535350678E-05  2.0291096072214E-05 -4.0987469472346E-06  3.5521248221275E-05
  2.0291096072214E-05  4.3171535350678E-05  1.5548030180071E-04 -4.8404498301232E-04
 -4.8404498301232E-04 -1.0917722573903E-10  4.0067232155078E-05  2.3635292464879E-04
  2.3635292464879E-04 -6.2695747366637E-11 -2.3635450368384E-04 -2.0529437850870E-04
 -5.3894265758958E-05 -1.4650982428279E-11 -2.3635450368384E-04 -5.3894265758958E-05
 -2.0529437850870E-04 -1.4650982428160E-11 -6.0750659706141E-11 -7.0476685726805E-13
 -7.0476685670336E-13  4.4584445609759E-05 -2.1008476905691E-05  4.8795987705597E-06
 -4.8795987705597E-06 -2.8678083435160E-05 -4.8787414792286E-06 -6.0889370948828E-06
 -3.1733216476132E-06 -9.8369018887022E-06  4.8787414792286E-06 -3.1733216476132E-06
 -6.0889370948828E-06  9.8369018887022E-06  2.8675891354266E-05 -9.8368872434388E-06
  9.8368872434388E-06 -5.1419014418410E-06 -2.1008327911631E-05 -4.8795105209946E-06
  4.8795105209946E-06  2.8678037497453E-05  4.8787400907152E-06 -6.0889619953120E-06
 -3.1733241093188E-06 -9.8368871447031E-06 -4.8787400907152E-06 -3.1733241093188E-06
 -6.0889619953120E-06  9.8368871447031E-06 -2.8675859894188E-05 -9.8368709541853E-06
  9.8368709541853E-06 -5.1419532518034E-06  4.0335143894985E-01  2.1541161785235E-27
 -5.6468540032860E-22  0.0000000000000E+00  1.2331235421970E-01 -1.3463226115772E-28
 -2.8234391185465E-22  0.0000000000000E+00  6.7316130578860E-28  1.1657148774567E-03
  0.0000000000000E+00  0.0000000000000E+00 -2.8234364259013E-22  0.0000000000000E+00
  1.1657148774567E-03  0.0000000000000E+00  0.0000000000000E+00  0.0000000000000E+00
  5.6468863150287E-22  1.1657148774567E-03  5.7369891275028E-04  5.7369905592704E-04
  1.5547675145656E-04 -4.8404931503811E-04  1.1293772630057E-21 -4.8402016472057E-04
  1.5547647998145E-04  4.8404958700270E-04  2.1175823681357E-21  4.8401970421893E-04
  4.0070136653678E-05 -2.3635570785426E-04 -7.0586078937858E-23 -2.3634776039833E-04
  2.3634776039833E-04 -2.0529415097690E-04  3.5293039468929E-22 -5.3893821554656E-05
 -5.6468863150287E-22 -2.8234431575143E-22  4.4584394552279E-05  0.0000000000000E+00
  2.3635570785426E-04 -5.3894218206658E-05  3.5293039468929E-23 -2.0529415097690E-04
  4.0069965488844E-05  2.3635579742598E-04 -3.5293039468929E-23  2.3634770615075E-04
 -2.3634770615075E-04 -2.0529413562784E-04  7.0586078937858E-23 -5.3893763101506E-05
  4.2351647362715E-22 -6.1762819070626E-22  4.4584402860211E-05  1.4117215787572E-22
 -2.3635579742597E-04 -5.3894255198843E-05  2.2940475654804E-22 -2.0529413562784E-04
 -2.1006335283868E-05 -4.8781866980564E-06  2.8674264356369E-05  4.8834471104282E-06
  4.8834150741239E-06 -6.0889582810163E-06 -9.8367456770466E-06 -3.1729862187259E-06
 -2.8674200188260E-05 -9.8369675178845E-06 -5.1418553143688E-06  9.8367465680434E-06
 -4.8781339364330E-06 -3.1732027324244E-06  9.8369629968494E-06 -6.0889503092332E-06
 -2.1006335283868E-05  4.8781339364330E-06 -2.8674200188260E-05 -4.8834150741239E-06
 -4.8834471104282E-06 -6.0889503092332E-06 -9.8367465680434E-06 -3.1729862187259E-06
  2.8674264356369E-05 -9.8369629968494E-06 -5.1418553143688E-06  9.8367456770466E-06
  4.8781866980564E-06 -3.1732027324244E-06  9.8369675178845E-06 -6.0889582810163E-06
 -1.2692943917234E-03  1.1293772630057E-21  1.2698983241587E-03  0.0000000000000E+00
 -1.2693033142715E-03 -2.2587545260115E-21 -2.6020604024462E-10 -1.2698821617016E-03
 -1.2692953008081E-03 -1.1293772630057E-21 -1.2698979112594E-03  2.2587545260115E-21
 -8.9513878285847E-04 -1.1293772630057E-21  8.3640582032093E-04 -1.6940658945086E-21
 -1.1293772630057E-21 -1.3713924913222E-05 -1.4117215787572E-22  0.0000000000000E+00
 -8.3640582032093E-04 -4.2344754190944E-22  5.0867062458023E-04  0.0000000000000E+00
 -5.6468863150287E-22  5.6468863150287E-22  0.0000000000000E+00 -1.3713924913222E-05
 -8.9514680968552E-04  4.5175090520229E-21 -7.0151694054730E-11 -8.3640312516564E-04
  1.1293772630057E-21 -1.3714090814653E-05  4.3895717839481E-22 -7.0854912636938E-22
  7.0151694073647E-11  1.5220123270976E-22 -1.3713602165662E-05  1.1414326245845E-12
  8.3640312516564E-04  2.4712020800022E-22  1.1414326264903E-12  5.0867172856519E-04
 -8.9513947874475E-04 -1.1293772630057E-21 -8.3640564940194E-04 -1.6940658945086E-21
  1.1293772630057E-21 -1.3713868961714E-05  1.4117215787572E-22  8.4703294725430E-22
  8.3640564940194E-04  0.0000000000000E+00  5.0867057616908E-04  1.4117215787572E-22
  5.6468863150287E-22 -2.8234431575143E-22 -1.4117215787572E-22 -1.3713868961714E-05
 -1.2693341674718E-03  1.2698954402723E-03 -4.5175095905520E-21  8.9504011893792E-22
 -8.9516449295666E-04  8.3640745931073E-04 -2.2587543913792E-21 -2.0081931174161E-21
 -8.3640745931073E-04  5.0867154898948E-04 -2.8234433258047E-22 -2.8234428209337E-22
  1.1293772630057E-21 -2.8234434940950E-22 -1.3714142341783E-05  2.3792186187208E-11
  5.3780561163877E-21  2.8234434940950E-22  2.3792186184950E-11 -1.3714142341783E-05
   NCF
         0         1         2         3         4         5         6         7
         8         9        10        16        22        28        34        40
        46        52        58        64        70        76        82        88
        94       100       106       112       118       124       130       136
       142       148       172       196       220       244       268       292
       316       340       346       352       358       364       370       376
       382       383       384       390       396       397       398       399
       405       411       417       418       419       420       421       422
       423       429       435       441       447       448       449       450
       451       452       453       454       460       466       472       478
       479       480       481       482       488       494       500       506
       518       530       554       578       602       626       632       638
       644       650       656       662       668       674       680       692
       704       716       728       752       776       800       824       830
       836       842       848       854       860       862       864       876
       888       900       912       914       916       928       940       942
       944       946       948       950       962       974       986       998
      1000      1002      1004      1006      1018      1030      1032      1034
      1058      1082      1106      1112      1118      1120      1122
NSTATG
         0         1         5        21        25        41        73        81
       113       161       225       229       241       242       258       274
       338       342       358       362       378       410       506       510
       526       590       602       666       762       906       922       986
      1082      1242      1246      1266      1282      1298      1442      1490
      1682      2002      2010      2026      2058      2122      2154      2218
      2346      2350      2358      2362      2374      2375      2391      2423
      2439      2455      2519      2523      2539      2543      2559      2575
      2607      2611      2627      2659      2755      2759      2775      2807
      2815      2847      2879      2927      2939      3003      3099      3243
      3251      3283      3331      3395      3396      3400      3408      3428
      3436      3460      3461      3465      3481      3521      3522      3526
      3534      3554      3555      3559      3575      3607      3719      3727
      3759      3791      3887      3891      3907      3971      4211      4215
      4231      4263      4375      4379      4395      4399      4407      4408
      4412      4420      4444      4448      4456      4457      4461      4462
      4466      4482      4498      4530      4534      4550      4582      4726
      4730      4746      4762      4794      4798      4846      4850      4866
      4868      4876      4940      4952      5000      5004      5020
NSTAFG
         0         1         5        21        25        41        57        61
        77       109       141       145       153       154       154       170
       202       206       222       226       242       258       290       294
       310       326       334       366       398       446       450       466
       530       594       598       610       610       626       674       690
       738       818       818       826       826       858       890       922
       986       986       990       994      1002      1003      1003      1019
      1019      1035      1067      1071      1087      1087      1087      1103
      1119      1123      1139      1155      1187      1191      1207      1223
      1227      1243      1259      1291      1299      1331      1363      1411
      1415      1431      1463      1495      1495      1499      1503      1511
      1511      1519      1519      1523      1527      1543      1543      1547
      1551      1559      1560      1564      1580      1596      1628      1628
      1628      1660      1692      1696      1712      1728      1792      1796
      1812      1828      1860      1864      1880      1880      1884      1884
      1888      1892      1900      1900      1904      1904      1908      1909
      1909      1909      1925      1941      1945      1961      1977      2009
      2009      2009      2025      2041      2045      2061      2065      2081
      2081      2089      2121      2121      2121      2121      2121
    LG
         0         0         0        -1         0         0         1         0
         0        -1         0         1         1         0        -1        -1
         1         0         1        -1         0         0        -1         0
         0         1         0         0        -1         1         0         1
        -1         0         0        -1         0         0         1        -1
        -1         1         1         1        -1        -1         1        -1
         1        -1         1        -1         1         1         1        -1
        -1        -2         0         1         2         0        -1        -2
         1         0         2        -1         0        -2         1         1
         2        -1        -1        -1        -1         0         1         1
         0        -1        -1         2         1         1        -2        -1
         0        -1         1         0         1        -1         0         2
         1         0        -2        -1         2        -1         1        -2
         1        -1         2         0         1        -2         0         0
        -2         1         0         2        -1         0        -1        -1
         0         1         1         0        -1         2         0         1
        -2        -2         0         0         2         0         0        -2
         0         2         2         0        -2        -2         2         0
         2        -2         0         0        -2         0         0         2
         0         0        -2         2         0         2        -2         0
         0        -2         0         0         2        -2        -1         1
         2         1        -1        -2        -1         2         2         1
        -2        -2         1        -1         2        -1         1        -2
         1         2         2        -1        -2        -2         2        -1
         2        -2         1        -2         2         1         2        -2
        -1        -1        -2         1         1         2        -1        -1
        -2         2         1         2        -2        -1         1        -2
         1        -1         2        -1         1         2         1        -1
        -2        -1         2        -2         1        -2         2        -1
         2         1         1        -2        -1        -3         1         1
         3        -1        -1        -1        -1        -1         1         1
         1        -1        -1         3         1         1        -3        -1
         3        -1         1        -3         1        -3         0         1
         3         0        -1        -3         0         2         3         0
        -2        -3         1         0         3        -1         0        -3
         1         2         3        -1        -2        -3         2         0
         3        -2         0        -3         2         1         3        -2
        -1        -2        -1         0         2         1         0        -2
        -1         3         2         1        -3        -2         0        -1
         2         0         1        -2         0         3         2         0
        -3        -2         3        -1         2        -3         1        -2
         3         0         2        -3         0        -1        -2         0
         1         2         0        -1        -2         3         1         2
        -3        -1         0        -2         1         0         2        -1
         0         3         1         0        -3        -1         3        -2
         1        -3         2        -1         3         0         1        -3
         0         0        -3         1         0         3        -1         0
        -3         2         0         3        -2         0        -2        -1
         0         2         1         0        -2         3         0         2
        -3         0        -1        -2         0         1         2         0
        -1         3         0         1        -3        -2        -2         2
         2         2        -2        -2         2        -2         2        -2
         2        -2         2         2         2        -2        -2        -3
        -1         2         3         1        -2        -3         0         0
         3         0         0        -3         0         3         3         0
        -3        -3         2        -1         3        -2         1        -3
         2         2         3        -2        -2        -3         3         0
         3        -3         0        -2        -2         1         2         2
        -1        -2        -2         3         2         2        -3        -2
         1        -2         2        -1         2        -2         1         3
         2        -1        -3        -2         3        -2         2        -3
         2        -2         3         1         2        -3        -1        -1
        -3         2         1         3        -2        -1         2        -3
         1        -2         3        -1         2         2         1        -2
        -2         0        -3         0         0         3         0         0
        -3         3         0         3        -3         0         0        -3
         0         0         3        -3        -1         1         3         1
        -1        -3        -1         3         3         1        -3        -3
         1        -1         3        -1         1        -3         1         3
         3        -1        -3        -3         3        -1         3        -3
         1        -3         3         1         3        -3        -1        -1
        -3         1         1         3        -1        -1        -3         3
         1         3        -3        -1         1        -3         1        -1
         3        -1         1         3         1        -1        -3        -1
         3        -3         1        -3         3        -1         3         1
         1        -3        -1        -4         1         1         4        -1
        -1        -4         1         2         4        -1        -2        -4
         2         1         4        -2        -1        -2        -1        -1
         2         1         1        -2        -1         4         2         1
        -4        -2         4        -1         2        -4         1        -1
        -2        -1         1         2         1        -1        -2         4
         1         2        -4        -1        -1        -2         1         1
         2        -1        -1         4         1         1        -4        -1
         4        -2         1        -4         2        -1         4        -1
         1        -4         1        -4         0         2         4         0
        -2        -4         2         0         4        -2         0        -4
         2         2         4        -2        -2        -2        -2         0
         2         2         0        -2        -2         4         2         2
        -4        -2         0        -2         2         0         2        -2
         0         4         2         0        -4        -2         4        -2
         2        -4         2        -2         4         0         2        -4
         0         0        -4         2         0         4        -2         0
        -2        -2         0         2         2         0        -2         4
         0         2        -4        -4         0         1         4         0
        -1        -4         0         3         4         0        -3        -4
         1         0         4        -1         0        -4         1         3
         4        -1        -3        -4         3         0         4        -3
         0        -4         3         1         4        -3        -1        -3
        -2         2         3         2        -2        -3        -2         3
         3         2        -3        -3        -1         0         3         1
         0        -3        -1         4         3         1        -4        -3
         0        -1         3         0         1        -3         0         4
         3         0        -4        -3         2        -2         3        -2
         2        -3         2         3         3        -2        -3        -3
         3        -2         3        -3         2        -3         3         2
         3        -3        -2        -3         4        -1         3        -4
         1        -3         4         0         3        -4         0        -2
        -3         2         2         3        -2        -2        -3         3
         2         3        -3        -2         2        -3         2        -2
         3        -2         2         3         2        -2        -3        -2
         3        -3         2        -3         3        -2         3         2
         2        -3        -2        -1        -3         0         1         3
         0        -1        -3         4         1         3        -4        -1
         0        -3         1         0         3        -1         0         4
         1         0        -4        -1         4        -3         1        -4
         3        -1         4         0         1        -4         0         0
        -4         1         0         4        -1         0        -4         3
         0         4        -3         0        -3        -1         0         3
         1         0        -3         4         0         3        -4         0
        -1        -3         0         1         3         0        -1         4
         0         1        -4        -4        -1         2         4         1
        -2        -4        -1         3         4         1        -3        -4
         2        -1         4        -2         1        -4         2         3
         4        -2        -3        -4         3        -1         4        -3
         1        -4         3         2         4        -3        -2        -3
        -2         1         3         2        -1        -3        -2         4
         3         2        -4        -3         1        -2         3        -1
         2        -3         1         4         3        -1        -4        -3
         4        -2         3        -4         2        -3         4         1
         3        -4        -1        -2        -3         1         2         3
        -1        -2        -3         4         2         3        -4        -2
         1        -3         2        -1         3        -2         1         4
         2        -1        -4        -2         4        -3         2        -4
         3        -2         4         1         2        -4        -1        -1
        -4         2         1         4        -2        -1        -4         3
         1         4        -3        -1         2        -4         1        -2
         4        -1         2         3         1        -2        -3        -1
         3        -4         1        -3         4        -1         3         2
         1        -3        -2        -4         0         0         4         0
         0        -4         0         4         4         0        -4        -4
         4         0         4        -4         0         0        -4         0
         0         4         0         0        -4         4         0         4
        -4         0         0        -4         0         0         4        -5
         1         2         5        -1        -2        -5         2         1
         5        -2        -1        -5         2         2         5        -2
        -2        -4        -1         1         4         1        -1        -4
        -1         4         4         1        -4        -4         1        -1
         4        -1         1        -4         1         4         4        -1
        -4        -4         4        -1         4        -4         1        -4
         4         1         4        -4        -1        -2        -2        -1
         2         2         1        -2        -2         5         2         2
        -5        -2        -1        -2         2         1         2        -2
        -1         5         2         1        -5        -2         5        -2
         2        -5         2        -2         5        -1         2        -5
         1        -1        -4         1         1         4        -1        -1
        -4         4         1         4        -4        -1        -2        -2
         1         2         2        -1        -2         5         1         2
        -5        -1         1        -4         1        -1         4        -1
         1         4         1        -1        -4        -1         4        -4
         1        -4         4        -1         4         1         1        -4
        -1        -1         5        -2         1        -5         2        -5
         1         1         5        -1        -1        -5         1         3
         5        -1        -3        -5         3         1         5        -3
        -1        -3        -3         3         3         3        -3        -3
        -1        -1         3         1         1        -3        -1         5
         3         1        -5        -3         3        -3         3        -3
         3        -3         3         3         3        -3        -3        -3
         5        -1         3        -5         1        -1        -3        -1
         1         3         1        -1        -3         5         1         3
        -5        -1        -1        -3         1         1         3        -1
        -1         5         1         1        -5        -1         5        -3
         1        -5         3        -1         5        -1         1        -5
         1        -5         0         2         5         0        -2        -5
         0         3         5         0        -3        -5         2         0
         5        -2         0        -5         2         3         5        -2
        -3        -5         3         0         5        -3         0        -5
         3         2         5        -3        -2        -4        -2         3
         4         2        -3        -4         3        -2         4        -3
         2        -4         3         3         4        -3        -3        -3
        -3         2         3         3        -2        -3        -3         4
         3         3        -4        -3        -2         0         3         2
         0        -3        -2         5         3         2        -5        -3
         0        -2         3         0         2        -3         0         5
         3         0        -5        -3         2        -3         3        -2
         3        -3         2         4         3        -2        -4        -3
         4        -3         3        -4         3        -3         4         2
         3        -4        -2        -3         5        -2         3        -5
         2        -3         5         0         3        -5         0        -2
        -4         3         2         4        -3        -2        -3         0
         2         3         0        -2        -3         5         2         3
        -5        -2         0        -3         2         0         3        -2
         0         5         2         0        -5        -2         3        -4
         2        -3         4        -2         3         3         2        -3
        -3        -2         5        -3         2        -5         3        -2
         5         0         2        -5         0         0        -5         2
         0         5        -2         0        -5         3         0         5
        -3         0        -3        -2         0         3         2         0
        -3         5         0         3        -5         0        -2        -3
         0         2         3         0        -2         5         0         2
        -5        -4        -2         2         4         2        -2        -4
        -2         4         4         2        -4        -4         2        -2
         4        -2         2        -4         2         4         4        -2
        -4        -4         4        -2         4        -4         2        -4
         4         2         4        -4        -2        -2        -4         2
         2         4        -2        -2        -4         4         2         4
        -4        -2         2        -4         2        -2         4        -2
         2         4         2        -2        -4        -2         4        -4
         2        -4         4        -2         4         2         2        -4
        -2        -5         0         1         5         0        -1        -5
         0         4         5         0        -4        -5         1         0
         5        -1         0        -5         1         4         5        -1
        -4        -5         4         0         5        -4         0        -5
         4         1         5        -4        -1        -4        -1         0
         4         1         0        -4        -1         5         4         1
        -5        -4         0        -1         4         0         1        -4
         0         5         4         0        -5        -4         5        -1
         4        -5         1        -4         5         0         4        -5
         0        -1        -4         0         1         4         0        -1
        -4         5         1         4        -5        -1         0        -4
         1         0         4        -1         0         5         1         0
        -5        -1         5        -4         1        -5         4        -1
         5         0         1        -5         0         0        -5         1
         0         5        -1         0        -5         4         0         5
        -4         0        -4        -1         0         4         1         0
        -4         5         0         4        -5         0        -1        -4
         0         1         4         0        -1         5         0         1
        -5        -5        -1         3         5         1        -3        -5
         3        -1         5        -3         1        -5         3         3
         5        -3        -3        -3        -3         1         3         3
        -1        -3        -3         5         3         3        -5        -3
         1        -3         3        -1         3        -3         1         5
         3        -1        -5        -3         5        -3         3        -5
         3        -3         5         1         3        -5        -1        -1
        -5         3         1         5        -3        -1         3        -5
         1        -3         5        -1         3         3         1        -3
        -3        -5        -1         2         5         1        -2        -5
        -1         4         5         1        -4        -5         2        -1
         5        -2         1        -5         2         4         5        -2
        -4        -5         4        -1         5        -4         1        -5
         4         2         5        -4        -2        -4        -2         1
         4         2        -1        -4        -2         5         4         2
        -5        -4         1        -2         4        -1         2        -4
         1         5         4        -1        -5        -4         5        -2
         4        -5         2        -4         5         1         4        -5
        -1        -2        -4         1         2         4        -1        -2
        -4         5         2         4        -5        -2         1        -4
         2        -1         4        -2         1         5         2        -1
        -5        -2         5        -4         2        -5         4        -2
         5         1         2        -5        -1        -1        -5         2
         1         5        -2        -1        -5         4         1         5
        -4        -1         2        -5         1        -2         5        -1
         2         4         1        -2        -4        -1         4        -5
         1        -4         5        -1         4         2         1        -4
        -2        -6         2         2         6        -2        -2        -2
        -2        -2         2         2         2        -2        -2         6
         2         2        -6        -2         6        -2         2        -6
         2        -6         1         2         6        -1        -2        -6
         1         3         6        -1        -3        -6         2         1
         6        -2        -1        -6         2         3         6        -2
        -3        -6         3         1         6        -3        -1        -6
         3         2         6        -3        -2        -5         0         0
         5         0         0        -5         0         5         5         0
        -5        -5         5         0         5        -5         0        -4
        -3         3         4         3        -3        -4        -3         4
         4         3        -4        -4         3        -3         4        -3
         3        -4         3         4         4        -3        -4        -4
         4        -3         4        -4         3        -4         4         3
         4        -4        -3        -3        -4         3         3         4
        -3        -3        -4         4         3         4        -4        -3
        -2        -1         3         2         1        -3        -2         6
         3         2        -6        -3        -1        -2         3         1
         2        -3        -1         6         3         1        -6        -3
         3        -4         3        -3         4        -3         3         4
         3        -3        -4        -3         4        -4         3        -4
         4        -3         4         3         3        -4        -3        -3
         6        -2         3        -6         2        -3         6        -1
         3        -6         1        -2        -3        -1         2         3
         1        -2        -3         6         2         3        -6        -2
        -1        -3         2         1         3        -2        -1         6
         2         1        -6        -2         6        -3         2        -6
         3        -2         6        -1         2        -6         1        -1
        -3        -2         1         3         2        -1        -3         6
         1         3        -6        -1        -2        -3         1         2
         3        -1        -2         6         1         2        -6        -1
         6        -3         1        -6         3        -1         6        -2
         1        -6         2         0        -5         0         0         5
         0         0        -5         5         0         5        -5         0
         0        -5         0         0         5        -5        -1         1
         5         1        -1        -5        -1         5         5         1
        -5        -5         1        -1         5        -1         1        -5
         1         5         5        -1        -5        -5         5        -1
         5        -5         1        -5         5         1         5        -5
        -1        -1        -5         1         1         5        -1        -1
        -5         5         1         5        -5        -1         1        -5
         1        -1         5        -1         1         5         1        -1
        -5        -1         5        -5         1        -5         5        -1
         5         1         1        -5        -1        -6         0         3
         6         0        -3        -6         1         1         6        -1
        -1        -6         1         4         6        -1        -4        -6
         3         0         6        -3         0        -6         3         3
         6        -3        -3        -6         4         1         6        -4
        -1        -5        -2         3         5         2        -3        -5
        -2         4         5         2        -4        -5         3        -2
         5        -3         2        -5         3         4         5        -3
        -4        -5         4        -2         5        -4         2        -5
         4         3         5        -4        -3        -4        -3         2
         4         3        -2        -4        -3         5         4         3
        -5        -4        -1        -1         4         1         1        -4
        -1         6         4         1        -6        -4         2        -3
         4        -2         3        -4         2         5         4        -2
        -5        -4         5        -3         4        -5         3        -4
         5         2         4        -5        -2        -4         6        -1
         4        -6         1        -3        -4         2         3         4
        -2        -3        -4         5         3         4        -5        -3
        -3         0         3         3         0        -3        -3         6
         3         3        -6        -3         0        -3         3         0
         3        -3         0         6         3         0        -6        -3
         2        -4         3        -2         4        -3         2         5
         3        -2        -5        -3         5        -4         3        -5
         4        -3         5         2         3        -5        -2        -3
         6        -3         3        -6         3        -3         6         0
         3        -6         0        -2        -5         3         2         5
        -3        -2        -5         4         2         5        -4        -2
         3        -5         2        -3         5        -2         3         4
         2        -3        -4        -2         4        -5         2        -4
         5        -2         4         3         2        -4        -3        -1
        -4        -1         1         4         1        -1        -4         6
         1         4        -6        -1        -1        -4         1         1
         4        -1        -1         6         1         1        -6        -1
         6        -4         1        -6         4        -1         6        -1
         1        -6         1         0        -6         3         0         6
        -3         0        -3        -3         0         3         3         0
        -3         6         0         3        -6        -6         0         2
         6         0        -2        -6         0         4         6         0
        -4        -6         2         0         6        -2         0        -6
         2         4         6        -2        -4        -6         4         0
         6        -4         0        -6         4         2         6        -4
        -2        -4        -2         0         4         2         0        -4
        -2         6         4         2        -6        -4         0        -2
         4         0         2        -4         0         6         4         0
        -6        -4         6        -2         4        -6         2        -4
         6         0         4        -6         0        -2        -4         0
         2         4         0        -2        -4         6         2         4
        -6        -2         0        -4         2         0         4        -2
         0         6         2         0        -6        -2         6        -4
         2        -6         4        -2         6         0         2        -6
         0         0        -6         2         0         6        -2         0
        -6         4         0         6        -4         0        -4        -2
         0         4         2         0        -4         6         0         4
        -6         0        -2        -4         0         2         4         0
        -2         6         0         2        -6        -5        -2         2
         5         2        -2        -5        -2         5         5         2
        -5        -5         2        -2         5        -2         2        -5
         2         5         5        -2        -5        -5         5        -2
         5        -5         2        -5         5         2         5        -5
        -2        -2        -5         2         2         5        -2        -2
        -5         5         2         5        -5        -2         2        -5
         2        -2         5        -2         2         5         2        -2
        -5        -2         5        -5         2        -5         5        -2
         5         2         2        -5        -2        -6        -1         3
         6         1        -3        -6        -1         4         6         1
        -4        -6         0         1         6         0        -1        -6
         0         5         6         0        -5        -6         1         0
         6        -1         0        -6         1         5         6        -1
        -5        -6         3        -1         6        -3         1        -6
         3         4         6        -3        -4        -6         4        -1
         6        -4         1        -6         4         3         6        -4
        -3        -6         5         0         6        -5         0        -6
         5         1         6        -5        -1        -5        -1         0
         5         1         0        -5        -1         6         5         1
        -6        -5         0        -1         5         0         1        -5
         0         6         5         0        -6        -5         6        -1
         5        -6         1        -5         6         0         5        -6
         0        -4        -3         1         4         3        -1        -4
        -3         6         4         3        -6        -4         1        -3
         4        -1         3        -4         1         6         4        -1
        -6        -4         6        -3         4        -6         3        -4
         6         1         4        -6        -1        -3        -4         1
         3         4        -1        -3        -4         6         3         4
        -6        -3         1        -4         3        -1         4        -3
         1         6         3        -1        -6        -3         6        -4
         3        -6         4        -3         6         1         3        -6
        -1        -1        -6         3         1         6        -3        -1
        -6         4         1         6        -4        -1        -5         0
         1         5         0        -1        -5         6         1         5
        -6        -1         0        -5         1         0         5        -1
         0         6         1         0        -6        -1         3        -6
         1        -3         6        -1         3         4         1        -3
        -4        -1         4        -6         1        -4         6        -1
         4         3         1        -4        -3        -1         6        -5
         1        -6         5        -1         6         0         1        -6
         0         0        -6         1         0         6        -1         0
        -6         5         0         6        -5         0        -5        -1
         0         5         1         0        -5         6         0         5
        -6         0        -1        -5         0         1         5         0
        -1         6         0         1        -6        -4        -4         4
         4         4        -4        -4         4        -4         4        -4
         4        -4         4         4         4        -4        -4        -7
         2         2         7        -2        -2        -7         2         3
         7        -2        -3        -7         3         2         7        -3
        -2        -6        -1         2         6         1        -2        -6
        -1         5         6         1        -5        -6         2        -1
         6        -2         1        -6         2         5         6        -2
        -5        -6         5        -1         6        -5         1        -6
         5         2         6        -5        -2        -5        -3         4
         5         3        -4        -5        -2         1         5         2
        -1        -5        -2         6         5         2        -6        -5
         1        -2         5        -1         2        -5         1         6
         5        -1        -6        -5         4        -3         5        -4
         3        -5         4         4         5        -4        -4        -5
         6        -2         5        -6         2        -5         6         1
         5        -6        -1        -4        -4         3         4         4
        -3        -4        -4         5         4         4        -5        -4
         3        -4         4        -3         4        -4         3         5
         4        -3        -5        -4         5        -4         4        -5
         4        -4         5         3         4        -5        -3        -3
        -5         4         3         5        -4        -3        -2        -2
         3         2         2        -3        -2         7         3         2
        -7        -3         4        -5         3        -4         5        -3
         4         4         3        -4        -4        -3         7        -2
         3        -7         2        -2        -5         1         2         5
        -1        -2        -5         6         2         5        -6        -2
        -3        -2         2         3         2        -2        -3         7
         2         3        -7        -2        -2        -3         2         2
         3        -2        -2         7         2         2        -7        -2
         1        -5         2        -1         5        -2         1         6
         2        -1        -6        -2         6        -5         2        -6
         5        -2         6         1         2        -6        -1        -2
         7        -3         2        -7         3        -2         7        -2
         2        -7         2        -1        -6         2         1         6
        -2        -1        -6         5         1         6        -5        -1
         2        -6         1        -2         6        -1         2         5
         1        -2        -5        -1         5        -6         1        -5
         6        -1         5         2         1        -5        -2        -7
         1         3         7        -1        -3        -7         3         1
         7        -3        -1        -7         3         3         7        -3
        -3        -5        -3         3         5         3        -3        -5
        -3         5         5         3        -5        -5         3        -3
         5        -3         3        -5         3         5         5        -3
        -5        -5         5        -3         5        -5         3        -5
         5         3         5        -5        -3        -3        -5         3
         3         5        -3        -3        -5         5         3         5
        -5        -3        -3        -1         3         3         1        -3
        -3         7         3         3        -7        -3        -1        -3
         3         1         3        -3        -1         7         3         1
        -7        -3         3        -5         3        -3         5        -3
         3         5         3        -3        -5        -3         5        -5
         3        -5         5        -3         5         3         3        -5
        -3        -3         7        -3         3        -7         3        -3
         7        -1         3        -7         1        -1        -3        -3
         1         3         3        -1        -3         7         1         3
        -7        -1         7        -3         1        -7         3        -7
         1         2         7        -1        -2        -7         1         4
         7        -1        -4        -7         2         1         7        -2
        -1        -7         2         4         7        -2        -4        -7
         4         1         7        -4        -1        -7         4         2
         7        -4        -2        -4        -2        -1         4         2
         1        -4        -2         7         4         2        -7        -4
        -1        -2         4         1         2        -4        -1         7
         4         1        -7        -4         7        -2         4        -7
         2        -4         7        -1         4        -7         1        -2
        -4        -1         2         4         1        -2        -4         7
         2         4        -7        -2        -1        -4         2         1
         4        -2        -1         7         2         1        -7        -2
         7        -4         2        -7         4        -2         7        -1
         2        -7         1        -1        -4        -2         1         4
         2        -1        -4         7         1         4        -7        -1
        -2        -4         1         2         4        -1        -2         7
         1         2        -7        -1         7        -4         1        -7
         4        -1         7        -2         1        -7         2        -6
        -2         4         6         2        -4        -6         0         0
         6         0         0        -6         0         6         6         0
        -6        -6         4        -2         6        -4         2        -6
         4         4         6        -4        -4        -6         6         0
         6        -6         0        -4        -4         2         4         4
        -2        -4        -4         6         4         4        -6        -4
         2        -4         4        -2         4        -4         2         6
         4        -2        -6        -4         6        -4         4        -6
         4        -4         6         2         4        -6        -2        -2
        -6         4         2         6        -4        -2         4        -6
         2        -4         6        -2         4         4         2        -4
        -4         0        -6         0         0         6         0         0
        -6         6         0         6        -6         0         0        -6
         0         0         6        -7         0         3         7         0
        -3        -7         0         4         7         0        -4        -7
         3         0         7        -3         0        -7         3         4
         7        -3        -4        -7         4         0         7        -4
         0        -7         4         3         7        -4        -3        -6
        -2         3         6         2        -3        -6        -2         5
         6         2        -5        -6        -1         1         6         1
        -1        -6        -1         6         6         1        -6        -6
         1        -1         6        -1         1        -6         1         6
         6        -1        -6        -6         3        -2         6        -3
         2        -6         3         5         6        -3        -5        -6
         5        -2         6        -5         2        -6         5         3
         6        -5        -3        -6         6        -1         6        -6
         1        -6         6         1         6        -6        -1        -5
        -3         2         5         3        -2        -5        -3         6
         5         3        -6        -5         2        -3         5        -2
         3        -5         2         6         5        -2        -6        -5
         6        -3         5        -6         3        -5         6         2
         5        -6        -2        -4        -3         0         4         3
         0        -4        -3         7         4         3        -7        -4
         0        -3         4         0         3        -4         0         7
         4         0        -7        -4         7        -3         4        -7
         3        -4         7         0         4        -7         0        -3
        -5         2         3         5        -2        -3        -5         6
         3         5        -6        -3        -4         0         3         4
         0        -3        -4         7         3         4        -7        -3
         0        -4         3         0         4        -3         0         7
         3         0        -7        -3         2        -5         3        -2
         5        -3         2         6         3        -2        -6        -3
         6        -5         3        -6         5        -3         6         2
         3        -6        -2        -3         7        -4         3        -7
         4        -3         7         0         3        -7         0        -2
        -6         3         2         6        -3        -2        -6         5
         2         6        -5        -2         3        -6         2        -3
         6        -2         3         5         2        -3        -5        -2
         5        -6         2        -5         6        -2         5         3
         2        -5        -3        -1        -6         1         1         6
        -1        -1        -6         6         1         6        -6        -1
         1        -6         1        -1         6        -1         1         6
         1        -1        -6        -1         6        -6         1        -6
         6        -1         6         1         1        -6        -1         0
        -7         3         0         7        -3         0        -7         4
         0         7        -4         0        -4        -3         0         4
         3         0        -4         7         0         4        -7         0
        -3        -4         0         3         4         0        -3         7
         0         3        -7        -7         1         1         7        -1
        -1        -7         1         5         7        -1        -5        -7
         5         1         7        -5        -1        -5        -1        -1
         5         1         1        -5        -1         7         5         1
        -7        -5         7        -1         5        -7         1        -1
        -5        -1         1         5         1        -1        -5         7
         1         5        -7        -1        -1        -5         1         1
         5        -1        -1         7         1         1        -7        -1
         7        -5         1        -7         5        -1         7        -1
         1        -7         1        -7         0         2         7         0
        -2        -7         0         5         7         0        -5        -7
         2         0         7        -2         0        -7         2         5
         7        -2        -5        -7         5         0         7        -5
         0        -7         5         2         7        -5        -2        -5
        -2         0         5         2         0        -5        -2         7
         5         2        -7        -5         0        -2         5         0
         2        -5         0         7         5         0        -7        -5
         7        -2         5        -7         2        -5         7         0
         5        -7         0        -2        -5         0         2         5
         0        -2        -5         7         2         5        -7        -2
         0        -5         2         0         5        -2         0         7
         2         0        -7        -2         7        -5         2        -7
         5        -2         7         0         2        -7         0         0
        -7         2         0         7        -2         0        -7         5
         0         7        -5         0        -5        -2         0         5
         2         0        -5         7         0         5        -7         0
        -2        -5         0         2         5         0        -2         7
         0         2        -7        -6        -2         2         6         2
        -2        -6        -2         6         6         2        -6        -6
         2        -2         6        -2         2        -6         2         6
         6        -2        -6        -6         6        -2         6        -6
         2        -6         6         2         6        -6        -2        -2
        -6         2         2         6        -2        -2        -6         6
         2         6        -6        -2         2        -6         2        -2
         6        -2         2         6         2        -2        -6        -2
         6        -6         2        -6         6        -2         6         2
         2        -6        -2        -7        -1         4         7         1
        -4        -7         4        -1         7        -4         1        -7
         4         4         7        -4        -4        -5        -4         4
         5         4        -4        -5        -4         5         5         4
        -5        -5         4        -4         5        -4         4        -5
         4         5         5        -4        -5        -5         5        -4
         5        -5         4        -5         5         4         5        -5
        -4        -4        -5         4         4         5        -4        -4
        -5         5         4         5        -5        -4        -4         1
         4         4        -1        -4        -4         7         4         4
        -7        -4         1        -4         4        -1         4        -4
         1         7         4        -1        -7        -4         4        -5
         4        -4         5        -4         4         5         4        -4
        -5        -4         5        -5         4        -5         5        -4
         5         4         4        -5        -4        -4         7        -4
         4        -7         4        -4         7         1         4        -7
        -1        -1        -7         4         1         7        -4        -1
         4        -7         1        -4         7        -1         4         4
         1        -4        -4        -7        -1         3         7         1
        -3        -7        -1         5         7         1        -5        -7
         3        -1         7        -3         1        -7         3         5
         7        -3        -5        -7         5        -1         7        -5
         1        -7         5         3         7        -5        -3        -5
        -3         1         5         3        -1        -5        -3         7
         5         3        -7        -5         1        -3         5        -1
         3        -5         1         7         5        -1        -7        -5
         7        -3         5        -7         3        -5         7         1
         5        -7        -1        -3        -5         1         3         5
        -1        -3        -5         7         3         5        -7        -3
         1        -5         3        -1         5        -3         1         7
         3        -1        -7        -3         7        -5         3        -7
         5        -3         7         1         3        -7        -1        -1
        -7         3         1         7        -3        -1        -7         5
         1         7        -5        -1         3        -7         1        -3
         7        -1         3         5         1        -3        -5        -1
         5        -7         1        -5         7        -1         5         3
         1        -5        -3        -8         2         3         8        -2
        -3        -8         3         2         8        -3        -2        -8
         3         3         8        -3        -3        -7         0         1
         7         0        -1        -7         0         6         7         0
        -6        -7         1         0         7        -1         0        -7
         1         6         7        -1        -6        -7         6         0
         7        -6         0        -7         6         1         7        -6
        -1        -6        -3         4         6         3        -4        -6
        -3         5         6         3        -5        -6        -1         0
         6         1         0        -6        -1         7         6         1
        -7        -6         0        -1         6         0         1        -6
         0         7         6         0        -7        -6         4        -3
         6        -4         3        -6         4         5         6        -4
        -5        -6         5        -3         6        -5         3        -6
         5         4         6        -5        -4        -6         7        -1
         6        -7         1        -6         7         0         6        -7
         0        -5        -4         3         5         4        -3        -5
        -4         6         5         4        -6        -5         3        -4
         5        -3         4        -5         3         6         5        -3
        -6        -5         6        -4         5        -6         4        -5
         6         3         5        -6        -3        -4        -5         3
         4         5        -3        -4        -5         6         4         5
        -6        -4         3        -5         4        -3         5        -4
         3         6         4        -3        -6        -4         6        -5
         4        -6         5        -4         6         3         4        -6
        -3        -3        -6         4         3         6        -4        -3
        -6         5         3         6        -5        -3        -3        -2
         3         3         2        -3        -3         8         3         3
        -8        -3        -2        -3         3         2         3        -3
        -2         8         3         2        -8        -3         4        -6
         3        -4         6        -3         4         5         3        -4
        -5        -3         5        -6         3        -5         6        -3
         5         4         3        -5        -4        -3         8        -3
         3        -8         3        -3         8        -2         3        -8
         2        -2        -3        -3         2         3         3        -2
        -3         8         2         3        -8        -2         8        -3
         2        -8         3        -1        -6         0         1         6
         0        -1        -6         7         1         6        -7        -1
         0        -6         1         0         6        -1         0         7
         1         0        -7        -1         7        -6         1        -7
         6        -1         7         0         1        -7         0         0
        -7         1         0         7        -1         0        -7         6
         0         7        -6         0        -6        -1         0         6
         1         0        -6         7         0         6        -7         0
        -1        -6         0         1         6         0        -1         7
         0         1        -7        -8         2         2         8        -2
        -2        -8         2         4         8        -2        -4        -8
         4         2         8        -4        -2        -4        -2        -2
         4         2         2        -4        -2         8         4         2
        -8        -4         8        -2         4        -8         2        -2
        -4        -2         2         4         2        -2        -4         8
         2         4        -8        -2        -2        -4         2         2
         4        -2        -2         8         2         2        -8        -2
         8        -4         2        -8         4        -2         8        -2
         2        -8         2        -8         1         3         8        -1
        -3        -8         1         4         8        -1        -4        -8
         3         1         8        -3        -1        -8         3         4
         8        -3        -4        -8         4         1         8        -4
        -1        -8         4         3         8        -4        -3        -7
        -1         2         7         1        -2        -7        -1         6
         7         1        -6        -7         2        -1         7        -2
         1        -7         2         6         7        -2        -6        -7
         6        -1         7        -6         1        -7         6         2
         7        -6        -2        -6        -3         3         6         3
        -3        -6        -3         6         6         3        -6        -6
        -2         1         6         2        -1        -6        -2         7
         6         2        -7        -6         1        -2         6        -1
         2        -6         1         7         6        -1        -7        -6
         3        -3         6        -3         3        -6         3         6
         6        -3        -6        -6         6        -3         6        -6
         3        -6         6         3         6        -6        -3        -6
         7        -2         6        -7         2        -6         7         1
         6        -7        -1        -4        -3        -1         4         3
         1        -4        -3         8         4         3        -8        -4
        -1        -3         4         1         3        -4        -1         8
         4         1        -8        -4         8        -3         4        -8
         3        -4         8        -1         4        -8         1        -3
        -6         3         3         6        -3        -3        -6         6
         3         6        -6        -3        -4        -1         3         4
         1        -3        -4         8         3         4        -8        -3
        -1        -4         3         1         4        -3        -1         8
         3         1        -8        -3         3        -6         3        -3
         6        -3         3         6         3        -3        -6        -3
         6        -6         3        -6         6        -3         6         3
         3        -6        -3        -3         8        -4         3        -8
         4        -3         8        -1         3        -8         1        -2
        -6         1         2         6        -1        -2        -6         7
         2         6        -7        -2         1        -6         2        -1
         6        -2         1         7         2        -1        -7        -2
         7        -6         2        -7         6        -2         7         1
         2        -7        -1        -1        -7         2         1         7
        -2        -1        -7         6         1         7        -6        -1
        -4        -3         1         4         3        -1        -4         8
         1         4        -8        -1        -3        -4         1         3
         4        -1        -3         8         1         3        -8        -1
         2        -7         1        -2         7        -1         2         6
         1        -2        -6        -1         6        -7         1        -6
         7        -1         6         2         1        -6        -2        -1
         8        -4         1        -8         4        -1         8        -3
         1        -8         3        -8         1         2         8        -1
        -2        -8         1         5         8        -1        -5        -8
         2         1         8        -2        -1        -8         2         5
         8        -2        -5        -8         5         1         8        -5
        -1        -8         5         2         8        -5        -2        -7
        -2         4         7         2        -4        -7        -2         5
         7         2        -5        -7         4        -2         7        -4
         2        -7         4         5         7        -4        -5        -7
         5        -2         7        -5         2        -7         5         4
         7        -5        -4        -5        -4         2         5         4
        -2        -5        -4         7         5         4        -7        -5
        -2        -1         5         2         1        -5        -2         8
         5         2        -8        -5        -1        -2         5         1
         2        -5        -1         8         5         1        -8        -5
         2        -4         5        -2         4        -5         2         7
         5        -2        -7        -5         7        -4         5        -7
         4        -5         7         2         5        -7        -2        -5
         8        -2         5        -8         2        -5         8        -1
         5        -8         1        -4        -5         2         4         5
        -2        -4        -5         7         4         5        -7        -4
         2        -5         4        -2         5        -4         2         7
         4        -2        -7        -4         7        -5         4        -7
         5        -4         7         2         4        -7        -2        -2
        -7         4         2         7        -4        -2        -7         5
         2         7        -5        -2        -5        -1         2         5
         1        -2        -5         8         2         5        -8        -2
        -1        -5         2         1         5        -2        -1         8
         2         1        -8        -2         4        -7         2        -4
         7        -2         4         5         2        -4        -5        -2
         5        -7         2        -5         7        -2         5         4
         2        -5        -4        -2         8        -5         2        -8
         5        -2         8        -1         2        -8         1        -1
        -5        -2         1         5         2        -1        -5         8
         1         5        -8        -1        -2        -5         1         2
         5        -1        -2         8         1         2        -8        -1
         8        -5         1        -8         5        -1         8        -2
         1        -8         2        -8         0         4         8         0
        -4        -8         4         0         8        -4         0        -8
         4         4         8        -4        -4        -4        -4         0
         4         4         0        -4        -4         8         4         4
        -8        -4         0        -4         4         0         4        -4
         0         8         4         0        -8        -4         8        -4
         4        -8         4        -4         8         0         4        -8
         0         0        -8         4         0         8        -4         0
        -4        -4         0         4         4         0        -4         8
         0         4        -8        -8         0         3         8         0
        -3        -8         0         5         8         0        -5        -8
         3         0         8        -3         0        -8         3         5
         8        -3        -5        -8         5         0         8        -5
         0        -8         5         3         8        -5        -3        -7
        -2         3         7         2        -3        -7        -2         6
         7         2        -6        -7         0         0         7         0
         0        -7         0         7         7         0        -7        -7
         3        -2         7        -3         2        -7         3         6
         7        -3        -6        -7         6        -2         7        -6
         2        -7         6         3         7        -6        -3        -7
         7         0         7        -7         0        -6        -3         2
         6         3        -2        -6        -3         7         6         3
        -7        -6         2        -3         6        -2         3        -6
         2         7         6        -2        -7        -6         7        -3
         6        -7         3        -6         7         2         6        -7
        -2        -5        -3         0         5         3         0        -5
        -3         8         5         3        -8        -5         0        -3
         5         0         3        -5         0         8         5         0
        -8        -5         8        -3         5        -8         3        -5
         8         0         5        -8         0        -3        -6         2
         3         6        -2        -3        -6         7         3         6
        -7        -3        -5         0         3         5         0        -3
        -5         8         3         5        -8        -3         0        -5
         3         0         5        -3         0         8         3         0
        -8        -3         2        -6         3        -2         6        -3
         2         7         3        -2        -7        -3         7        -6
         3        -7         6        -3         7         2         3        -7
        -2        -3         8        -5         3        -8         5        -3
         8         0         3        -8         0        -2        -7         3
         2         7        -3        -2        -7         6         2         7
        -6        -2         3        -7         2        -3         7        -2
         3         6         2        -3        -6        -2         6        -7
         2        -6         7        -2         6         3         2        -6
        -3         0        -8         3         0         8        -3         0
        -8         5         0         8        -5         0        -7         0
         0         7         0         0        -7         7         0         7
        -7         0        -5        -3         0         5         3         0
        -5         8         0         5        -8         0        -3        -5
         0         3         5         0        -3         8         0         3
        -8         0         0        -7         0         0         7        -7
        -1         1         7         1        -1        -7        -1         7
         7         1        -7        -7         1        -1         7        -1
         1        -7         1         7         7        -1        -7        -7
         7        -1         7        -7         1        -7         7         1
         7        -7        -1        -5        -5         5         5         5
        -5        -5         5        -5         5        -5         5        -5
         5         5         5        -5        -5        -1        -7         1
         1         7        -1        -1        -7         7         1         7
        -7        -1         1        -7         1        -1         7        -1
         1         7         1        -1        -7        -1         7        -7
         1        -7         7        -1         7         1         1        -7
        -1        -8         1         1         8        -1        -1        -8
         1         6         8        -1        -6        -8         6         1
         8        -6        -1        -6        -4         5         6         4
        -5        -6        -1        -1         6         1         1        -6
        -1         8         6         1        -8        -6         5        -4
         6        -5         4        -6         5         5         6        -5
        -5        -6         8        -1         6        -8         1        -5
        -5         4         5         5        -4        -5        -5         6
         5         5        -6        -5         4        -5         5        -4
         5        -5         4         6         5        -4        -6        -5
         6        -5         5        -6         5        -5         6         4
         5        -6        -4        -4        -6         5         4         6
        -5        -4         5        -6         4        -5         6        -4
         5         5         4        -5        -5        -1        -6        -1
         1         6         1        -1        -6         8         1         6
        -8        -1        -1        -6         1         1         6        -1
        -1         8         1         1        -8        -1         8        -6
         1        -8         6        -1         8        -1         1        -8
         1        -8         0         2         8         0        -2        -8
         0         6         8         0        -6        -8         2         0
         8        -2         0        -8         2         6         8        -2
        -6        -8         6         0         8        -6         0        -8
         6         2         8        -6        -2        -6        -4         4
         6         4        -4        -6        -4         6         6         4
        -6        -6        -2         0         6         2         0        -6
        -2         8         6         2        -8        -6         0        -2
         6         0         2        -6         0         8         6         0
        -8        -6         4        -4         6        -4         4        -6
         4         6         6        -4        -6        -6         6        -4
         6        -6         4        -6         6         4         6        -6
        -4        -6         8        -2         6        -8         2        -6
         8         0         6        -8         0        -4        -6         4
         4         6        -4        -4        -6         6         4         6
        -6        -4         4        -6         4        -4         6        -4
         4         6         4        -4        -6        -4         6        -6
         4        -6         6        -4         6         4         4        -6
        -4        -2        -6         0         2         6         0        -2
        -6         8         2         6        -8        -2         0        -6
         2         0         6        -2         0         8         2         0
        -8        -2         8        -6         2        -8         6        -2
         8         0         2        -8         0         0        -8         2
         0         8        -2         0        -8         6         0         8
        -6         0        -6        -2         0         6         2         0
        -6         8         0         6        -8         0        -2        -6
         0         2         6         0        -2         8         0         2
        -8        -8        -1         4         8         1        -4        -8
        -1         5         8         1        -5        -8         4        -1
         8        -4         1        -8         4         5         8        -4
        -5        -8         5        -1         8        -5         1        -8
         5         4         8        -5        -4        -7        -2         2
         7         2        -2        -7        -2         7         7         2
        -7        -7         2        -2         7        -2         2        -7
         2         7         7        -2        -7        -7         7        -2
         7        -7         2        -7         7         2         7        -7
        -2        -5        -4         1         5         4        -1        -5
        -4         8         5         4        -8        -5         1        -4
         5        -1         4        -5         1         8         5        -1
        -8        -5         8        -4         5        -8         4        -5
         8         1         5        -8        -1        -4        -5         1
         4         5        -1        -4        -5         8         4         5
        -8        -4         1        -5         4        -1         5        -4
         1         8         4        -1        -8        -4         8        -5
         4        -8         5        -4         8         1         4        -8
        -1        -2        -7         2         2         7        -2        -2
        -7         7         2         7        -7        -2         2        -7
         2        -2         7        -2         2         7         2        -2
        -7        -2         7        -7         2        -7         7        -2
         7         2         2        -7        -2        -1        -8         4
         1         8        -4        -1        -8         5         1         8
        -5        -1         4        -8         1        -4         8        -1
         4         5         1        -4        -5        -1         5        -8
         1        -5         8        -1         5         4         1        -5
        -4        -9         3         3         9        -3        -3        -7
        -3         5         7         3        -5        -7         5        -3
         7        -5         3        -7         5         5         7        -5
        -5        -5        -5         3         5         5        -3        -5
        -5         7         5         5        -7        -5         3        -5
         5        -3         5        -5         3         7         5        -3
        -7        -5         7        -5         5        -7         5        -5
         7         3         5        -7        -3        -3        -7         5
         3         7        -5        -3        -3        -3         3         3
         3        -3        -3         9         3         3        -9        -3
         5        -7         3        -5         7        -3         5         5
         3        -5        -5        -3         9        -3         3        -9
         3        -9         2         3         9        -2        -3        -9
         2         4         9        -2        -4        -9         3         2
         9        -3        -2        -9         3         4         9        -3
        -4        -9         4         2         9        -4        -2        -9
         4         3         9        -4        -3        -8        -1         3
         8         1        -3        -8        -1         6         8         1
        -6        -8         3        -1         8        -3         1        -8
         3         6         8        -3        -6        -8         6        -1
         8        -6         1        -8         6         3         8        -6
        -3        -7        -3         4         7         3        -4        -7
        -3         6         7         3        -6        -7         4        -3
         7        -4         3        -7         4         6         7        -4
        -6        -7         6        -3         7        -6         3        -7
         6         4         7        -6        -4        -6        -4         3
         6         4        -3        -6        -4         7         6         4
        -7        -6        -3         1         6         3        -1        -6
        -3         8         6         3        -8        -6         1        -3
         6        -1         3        -6         1         8         6        -1
        -8        -6         3        -4         6        -3         4        -6
         3         7         6        -3        -7        -6         7        -4
         6        -7         4        -6         7         3         6        -7
        -3        -6         8        -3         6        -8         3        -6
         8         1         6        -8        -1        -4        -6         3
         4         6        -3        -4        -6         7         4         6
        -7        -4        -3        -2         4         3         2        -4
        -3         9         4         3        -9        -4        -2        -3
         4         2         3        -4        -2         9         4         2
        -9        -4         3        -6         4        -3         6        -4
         3         7         4        -3        -7        -4         7        -6
         4        -7         6        -4         7         3         4        -7
        -3        -4         9        -3         4        -9         3        -4
         9        -2         4        -9         2        -3        -7         4
         3         7        -4        -3        -7         6         3         7
        -6        -3        -6         1         3         6        -1        -3
        -6         8         3         6        -8        -3        -4        -2
         3         4         2        -3        -4         9         3         4
        -9        -3        -2        -4         3         2         4        -3
        -2         9         3         2        -9        -3         1        -6
         3        -1         6        -3         1         8         3        -1
        -8        -3         4        -7         3        -4         7        -3
         4         6         3        -4        -6        -3         6        -7
         3        -6         7        -3         6         4         3        -6
        -4        -3         8        -6         3        -8         6        -3
         8         1         3        -8        -1        -3         9        -4
         3        -9         4        -3         9        -2         3        -9
         2        -2        -4        -3         2         4         3        -2
        -4         9         2         4        -9        -2        -3        -4
         2         3         4        -2        -3         9         2         3
        -9        -2         9        -4         2        -9         4        -2
         9        -3         2        -9         3        -1        -8         3
         1         8        -3        -1        -8         6         1         8
        -6        -1         3        -8         1        -3         8        -1
         3         6         1        -3        -6        -1         6        -8
         1        -6         8        -1         6         3         1        -6
        -3        -9         1         4         9        -1        -4        -9
         2         2         9        -2        -2        -9         2         5
         9        -2        -5        -9         4         1         9        -4
        -1        -9         4         4         9        -4        -4        -9
         5         2         9        -5        -2        -8         0         1
         8         0        -1        -8         0         7         8         0
        -7        -8         1         0         8        -1         0        -8
         1         7         8        -1        -7        -8         7         0
         8        -7         0        -8         7         1         8        -7
        -1        -7        -1         0         7         1         0        -7
        -1         8         7         1        -8        -7         0        -1
         7         0         1        -7         0         8         7         0
        -8        -7         8        -1         7        -8         1        -7
         8         0         7        -8         0        -5        -2        -2
         5         2         2        -5        -2         9         5         2
        -9        -5         9        -2         5        -9         2        -4
        -4        -1         4         4         1        -4        -4         9
         4         4        -9        -4        -1        -4         4         1
         4        -4        -1         9         4         1        -9        -4
         9        -4         4        -9         4        -4         9        -1
         4        -9         1        -2        -5        -2         2         5
         2        -2        -5         9         2         5        -9        -2
        -2        -5         2         2         5        -2        -2         9
         2         2        -9        -2         9        -5         2        -9
         5        -2         9        -2         2        -9         2        -1
        -7         0         1         7         0        -1        -7         8
         1         7        -8        -1        -4        -4         1         4
         4        -1        -4         9         1         4        -9        -1
         0        -7         1         0         7        -1         0         8
         1         0        -8        -1         8        -7         1        -8
         7        -1         8         0         1        -8         0        -1
         9        -4         1        -9         4         0        -8         1
         0         8        -1         0        -8         7         0         8
        -7         0        -7        -1         0         7         1         0
        -7         8         0         7        -8         0        -1        -7
         0         1         7         0        -1         8         0         1
        -8        -9         1         3         9        -1        -3        -9
         1         5         9        -1        -5        -9         3         1
         9        -3        -1        -9         3         5         9        -3
        -5        -9         5         1         9        -5        -1        -9
         5         3         9        -5        -3        -7        -3         3
         7         3        -3        -7        -3         7         7         3
        -7        -7         3        -3         7        -3         3        -7
         3         7         7        -3        -7        -7         7        -3
         7        -7         3        -7         7         3         7        -7
        -3        -5        -3        -1         5         3         1        -5
        -3         9         5         3        -9        -5        -1        -3
         5         1         3        -5        -1         9         5         1
        -9        -5         9        -3         5        -9         3        -5
         9        -1         5        -9         1        -3        -7         3
         3         7        -3        -3        -7         7         3         7
        -7        -3        -5        -1         3         5         1        -3
        -5         9         3         5        -9        -3        -1        -5
         3         1         5        -3        -1         9         3         1
        -9        -3         3        -7         3        -3         7        -3
         3         7         3        -3        -7        -3         7        -7
         3        -7         7        -3         7         3         3        -7
        -3        -3         9        -5         3        -9         5        -3
         9        -1         3        -9         1        -1        -5        -3
         1         5         3        -1        -5         9         1         5
        -9        -1        -3        -5         1         3         5        -1
        -3         9         1         3        -9        -1         9        -5
         1        -9         5        -1         9        -3         1        -9
         3        -8        -2         5         8         2        -5        -8
        -1         2         8         1        -2        -8        -1         7
         8         1        -7        -8         2        -1         8        -2
         1        -8         2         7         8        -2        -7        -8
         5        -2         8        -5         2        -8         5         5
         8        -5        -5        -8         7        -1         8        -7
         1        -8         7         2         8        -7        -2        -7
        -2         1         7         2        -1        -7        -2         8
         7         2        -8        -7         1        -2         7        -1
         2        -7         1         8         7        -1        -8        -7
         8        -2         7        -8         2        -7         8         1
         7        -8        -1        -5        -5         2         5         5
        -2        -5        -5         8         5         5        -8        -5
         2        -5         5        -2         5        -5         2         8
         5        -2        -8        -5         8        -5         5        -8
         5        -5         8         2         5        -8        -2        -2
        -8         5         2         8        -5        -2        -7         1
         2         7        -1        -2        -7         8         2         7
        -8        -2         1        -7         2        -1         7        -2
         1         8         2        -1        -8        -2         5        -8
         2        -5         8        -2         5         5         2        -5
        -5        -2         8        -7         2        -8         7        -2
         8         1         2        -8        -1        -1        -8         2
         1         8        -2        -1        -8         7         1         8
        -7        -1         2        -8         1        -2         8        -1
         2         7         1        -2        -7        -1         7        -8
         1        -7         8        -1         7         2         1        -7
        -2        -8        -2         4         8         2        -4        -8
        -2         6         8         2        -6        -8         4        -2
         8        -4         2        -8         4         6         8        -4
        -6        -8         6        -2         8        -6         2        -8
         6         4         8        -6        -4        -6        -4         2
         6         4        -2        -6        -4         8         6         4
        -8        -6         2        -4         6        -2         4        -6
         2         8         6        -2        -8        -6         8        -4
         6        -8         4        -6         8         2         6        -8
        -2        -4        -6         2         4         6        -2        -4
        -6         8         4         6        -8        -4         2        -6
         4        -2         6        -4         2         8         4        -2
        -8        -4         8        -6         4        -8         6        -4
         8         2         4        -8        -2        -2        -8         4
         2         8        -4        -2        -8         6         2         8
        -6        -2         4        -8         2        -4         8        -2
         4         6         2        -4        -6        -2         6        -8
         2        -6         8        -2         6         4         2        -6
        -4        -9         0         4         9         0        -4        -9
         0         5         9         0        -5        -9         1         2
         9        -1        -2        -9         1         6         9        -1
        -6        -9         2         1         9        -2        -1        -9
         2         6         9        -2        -6        -9         4         0
         9        -4         0        -9         4         5         9        -4
        -5        -9         5         0         9        -5         0        -9
         5         4         9        -5        -4        -9         6         1
         9        -6        -1        -9         6         2         9        -6
        -2        -6        -5         5         6         5        -5        -6
        -5         6         6         5        -6        -6        -2        -1
         6         2         1        -6        -2         9         6         2
        -9        -6        -1        -2         6         1         2        -6
        -1         9         6         1        -9        -6         5        -5
         6        -5         5        -6         5         6         6        -5
        -6        -6         6        -5         6        -6         5        -6
         6         5         6        -6        -5        -6         9        -2
         6        -9         2        -6         9        -1         6        -9
         1        -5        -6         5         5         6        -5        -5
        -6         6         5         6        -6        -5        -4         0
         5         4         0        -5        -4         9         5         4
        -9        -5         0        -4         5         0         4        -5
         0         9         5         0        -9        -5         5        -6
         5        -5         6        -5         5         6         5        -5
        -6        -5         6        -6         5        -6         6        -5
         6         5         5        -6        -5        -5         9        -4
         5        -9         4        -5         9         0         5        -9
         0        -4        -5         0         4         5         0        -4
        -5         9         4         5        -9        -4         0        -5
         4         0         5        -4         0         9         4         0
        -9        -4         9        -5         4        -9         5        -4
         9         0         4        -9         0        -2        -6        -1
         2         6         1        -2        -6         9         2         6
        -9        -2        -1        -6         2         1         6        -2
        -1         9         2         1        -9        -2         9        -6
         2        -9         6        -2         9        -1         2        -9
         1        -1        -6        -2         1         6         2        -1
        -6         9         1         6        -9        -1        -2        -6
         1         2         6        -1        -2         9         1         2
        -9        -1         9        -6         1        -9         6        -1
         9        -2         1        -9         2         0        -9         4
         0         9        -4         0        -9         5         0         9
        -5         0        -5        -4         0         5         4         0
        -5         9         0         5        -9         0        -4        -5
         0         4         5         0        -4         9         0         4
        -9        -9         0         3         9         0        -3        -9
         0         6         9         0        -6        -9         3         0
         9        -3         0        -9         3         6         9        -3
        -6        -9         6         0         9        -6         0        -9
         6         3         9        -6        -3        -8        -2         3
         8         2        -3        -8        -2         7         8         2
        -7        -8         3        -2         8        -3         2        -8
         3         7         8        -3        -7        -8         7        -2
         8        -7         2        -8         7         3         8        -7
        -3        -7        -4         5         7         4        -5        -7
        -4         6         7         4        -6        -7        -3         2
         7         3        -2        -7        -3         8         7         3
        -8        -7         2        -3         7        -2         3        -7
         2         8         7        -2        -8        -7         5        -4
         7        -5         4        -7         5         6         7        -5
        -6        -7         6        -4         7        -6         4        -7
         6         5         7        -6        -5        -7         8        -3
         7        -8         3        -7         8         2         7        -8
        -2        -6        -5         4         6         5        -4        -6
        -5         7         6         5        -7        -6        -3         0
         6         3         0        -6        -3         9         6         3
        -9        -6         0        -3         6         0         3        -6
         0         9         6         0        -9        -6         4        -5
         6        -4         5        -6         4         7         6        -4
        -7        -6         7        -5         6        -7         5        -6
         7         4         6        -7        -4        -6         9        -3
         6        -9         3        -6         9         0         6        -9
         0        -5        -6         4         5         6        -4        -5
        -6         7         5         6        -7        -5         4        -6
         5        -4         6        -5         4         7         5        -4
        -7        -5         7        -6         5        -7         6        -5
         7         4         5        -7        -4        -4        -7         5
         4         7        -5        -4        -7         6         4         7
        -6        -4         5        -7         4        -5         7        -4
         5         6         4        -5        -6        -4         6        -7
         4        -6         7        -4         6         5         4        -6
        -5        -3        -7         2         3         7        -2        -3
        -7         8         3         7        -8        -3        -6         0
         3         6         0        -3        -6         9         3         6
        -9        -3         0        -6         3         0         6        -3
         0         9         3         0        -9        -3         2        -7
         3        -2         7        -3         2         8         3        -2
        -8        -3         8        -7         3        -8         7        -3
         8         2         3        -8        -2        -3         9        -6
         3        -9         6        -3         9         0         3        -9
         0        -2        -8         3         2         8        -3        -2
        -8         7         2         8        -7        -2         3        -8
         2        -3         8        -2         3         7         2        -3
        -7        -2         7        -8         2        -7         8        -2
         7         3         2        -7        -3         0        -9         3
         0         9        -3         0        -9         6         0         9
        -6         0        -6        -3         0         6         3         0
        -6         9         0         6        -9         0        -3        -6
         0         3         6         0        -3         9         0         3
        -9        -8         0         0         8         0         0        -8
         0         8         8         0        -8        -8         8         0
         8        -8         0         0        -8         0         0         8
         0         0        -8         8         0         8        -8         0
         0        -8         0         0         8        -8        -1         1
         8         1        -1        -8        -1         8         8         1
        -8        -8         1        -1         8        -1         1        -8
         1         8         8        -1        -8        -8         8        -1
         8        -8         1        -8         8         1         8        -8
        -1        -7        -4         4         7         4        -4        -7
        -4         7         7         4        -7        -7         4        -4
         7        -4         4        -7         4         7         7        -4
        -7        -7         7        -4         7        -7         4        -7
         7         4         7        -7        -4        -4        -7         4
         4         7        -4        -4        -7         7         4         7
        -7        -4         4        -7         4        -4         7        -4
         4         7         4        -4        -7        -4         7        -7
         4        -7         7        -4         7         4         4        -7
        -4        -1        -8         1         1         8        -1        -1
        -8         8         1         8        -8        -1         1        -8
         1        -1         8        -1         1         8         1        -1
        -8        -1         8        -8         1        -8         8        -1
         8         1         1        -8        -1        -9        -1         5
         9         1        -5        -9         1         1         9        -1
        -1        -9         1         7         9        -1        -7        -9
         5        -1         9        -5         1        -9         5         5
         9        -5        -5        -9         7         1         9        -7
        -1        -7        -1        -1         7         1         1        -7
        -1         9         7         1        -9        -7         9        -1
         7        -9         1        -5        -5         1         5         5
        -1        -5        -5         9         5         5        -9        -5
         1        -5         5        -1         5        -5         1         9
         5        -1        -9        -5         9        -5         5        -9
         5        -5         9         1         5        -9        -1        -1
        -9         5         1         9        -5        -1        -7        -1
         1         7         1        -1        -7         9         1         7
        -9        -1        -1        -7         1         1         7        -1
        -1         9         1         1        -9        -1         5        -9
         1        -5         9        -1         5         5         1        -5
        -5        -1         9        -7         1        -9         7        -1
         9        -1         1        -9         1       -10         3         3
        10        -3        -3       -10         3         4        10        -3
        -4       -10         4         3        10        -4        -3        -9
        -1         4         9         1        -4        -9        -1         6
         9         1        -6        -9         0         2         9         0
        -2        -9         0         7         9         0        -7        -9
         2         0         9        -2         0        -9         2         7
         9        -2        -7        -9         4        -1         9        -4
         1        -9         4         6         9        -4        -6        -9
         6        -1         9        -6         1        -9         6         4
         9        -6        -4        -9         7         0         9        -7
         0        -9         7         2         9        -7        -2        -8
        -3         5         8         3        -5        -8        -3         6
         8         3        -6        -8         5        -3         8        -5
         3        -8         5         6         8        -5        -6        -8
         6        -3         8        -6         3        -8         6         5
         8        -6        -5        -7        -2         0         7         2
         0        -7        -2         9         7         2        -9        -7
         0        -2         7         0         2        -7         0         9
         7         0        -9        -7         9        -2         7        -9
         2        -7         9         0         7        -9         0        -6
        -5         3         6         5        -3        -6        -5         8
         6         5        -8        -6        -4         1         6         4
        -1        -6        -4         9         6         4        -9        -6
         1        -4         6        -1         4        -6         1         9
         6        -1        -9        -6         3        -5         6        -3
         5        -6         3         8         6        -3        -8        -6
         8        -5         6        -8         5        -6         8         3
         6        -8        -3        -6         9        -4         6        -9
         4        -6         9         1         6        -9        -1        -5
        -6         3         5         6        -3        -5        -6         8
         5         6        -8        -5         3        -6         5        -3
         6        -5         3         8         5        -3        -8        -5
         8        -6         5        -8         6        -5         8         3
         5        -8        -3        -4        -6         1         4         6
        -1        -4        -6         9         4         6        -9        -4
        -3        -3         4         3         3        -4        -3        10
         4         3       -10        -4         1        -6         4        -1
         6        -4         1         9         4        -1        -9        -4
         9        -6         4        -9         6        -4         9         1
         4        -9        -1        -4        10        -3         4       -10
         3        -3        -8         5         3         8        -5        -3
        -8         6         3         8        -6        -3        -4        -3
         3         4         3        -3        -4        10         3         4
       -10        -3        -3        -4         3         3         4        -3
        -3        10         3         3       -10        -3         5        -8
         3        -5         8        -3         5         6         3        -5
        -6        -3         6        -8         3        -6         8        -3
         6         5         3        -6        -5        -3        10        -4
         3       -10         4        -3        10        -3         3       -10
         3        -2        -7         0         2         7         0        -2
        -7         9         2         7        -9        -2         0        -7
         2         0         7        -2         0         9         2         0
        -9        -2         9        -7         2        -9         7        -2
         9         0         2        -9         0        -1        -9         4
         1         9        -4        -1        -9         6         1         9
        -6        -1         4        -9         1        -4         9        -1
         4         6         1        -4        -6        -1         6        -9
         1        -6         9        -1         6         4         1        -6
        -4         0        -9         2         0         9        -2         0
        -9         7         0         9        -7         0        -7        -2
         0         7         2         0        -7         9         0         7
        -9         0        -2        -7         0         2         7         0
        -2         9         0         2        -9       -10         2         4
        10        -2        -4       -10         4         2        10        -4
        -2       -10         4         4        10        -4        -4        -8
        -2         2         8         2        -2        -8        -2         8
         8         2        -8        -8         2        -2         8        -2
         2        -8         2         8         8        -2        -8        -8
         8        -2         8        -8         2        -8         8         2
         8        -8        -2        -4        -4        -2         4         4
         2        -4        -4        10         4         4       -10        -4
        -2        -4         4         2         4        -4        -2        10
         4         2       -10        -4        10        -4         4       -10
         4        -4        10        -2         4       -10         2        -2
        -8         2         2         8        -2        -2        -8         8
         2         8        -8        -2        -4        -4         2         4
         4        -2        -4        10         2         4       -10        -2
         2        -8         2        -2         8        -2         2         8
         2        -2        -8        -2         8        -8         2        -8
         8        -2         8         2         2        -8        -2        -2
        10        -4         2       -10         4       -10         2         3
        10        -2        -3       -10         2         5        10        -2
        -5       -10         3         2        10        -3        -2       -10
         3         5        10        -3        -5       -10         5         2
        10        -5        -2       -10         5         3        10        -5
        -3        -8        -3         4         8         3        -4        -8
        -3         7         8         3        -7        -8         4        -3
         8        -4         3        -8         4         7         8        -4
        -7        -8         7        -3         8        -7         3        -8
         7         4         8        -7        -4        -7        -4         3
         7         4        -3        -7        -4         8         7         4
        -8        -7         3        -4         7        -3         4        -7
         3         8         7        -3        -8        -7         8        -4
         7        -8         4        -7         8         3         7        -8
        -3        -5        -3        -2         5         3         2        -5
        -3        10         5         3       -10        -5        -2        -3
         5         2         3        -5        -2        10         5         2
       -10        -5        10        -3         5       -10         3        -5
        10        -2         5       -10         2        -4        -7         3
         4         7        -3        -4        -7         8         4         7
        -8        -4         3        -7         4        -3         7        -4
         3         8         4        -3        -8        -4         8        -7
         4        -8         7        -4         8         3         4        -8
        -3        -3        -8         4         3         8        -4        -3
        -8         7         3         8        -7        -3        -5        -2
         3         5         2        -3        -5        10         3         5
       -10        -3        -2        -5         3         2         5        -3
        -2        10         3         2       -10        -3         4        -8
         3        -4         8        -3         4         7         3        -4
        -7        -3         7        -8         3        -7         8        -3
         7         4         3        -7        -4        -3        10        -5
         3       -10         5        -3        10        -2         3       -10
         2        -2        -5        -3         2         5         3        -2
        -5        10         2         5       -10        -2        -3        -5
         2         3         5        -2        -3        10         2         3
       -10        -2        10        -5         2       -10         5        -2
        10        -3         2       -10         3        -9        -1         3
         9         1        -3        -9        -1         7         9         1
        -7        -9         3        -1         9        -3         1        -9
         3         7         9        -3        -7        -9         7        -1
         9        -7         1        -9         7         3         9        -7
        -3        -7        -3         1         7         3        -1        -7
        -3         9         7         3        -9        -7         1        -3
         7        -1         3        -7         1         9         7        -1
        -9        -7         9        -3         7        -9         3        -7
         9         1         7        -9        -1        -3        -7         1
         3         7        -1        -3        -7         9         3         7
        -9        -3         1        -7         3        -1         7        -3
         1         9         3        -1        -9        -3         9        -7
         3        -9         7        -3         9         1         3        -9
        -1        -1        -9         3         1         9        -3        -1
        -9         7         1         9        -7        -1         3        -9
         1        -3         9        -1         3         7         1        -3
        -7        -1         7        -9         1        -7         9        -1
         7         3         1        -7        -3       -10         1         4
        10        -1        -4       -10         1         5        10        -1
        -5       -10         4         1        10        -4        -1       -10
         4         5        10        -4        -5       -10         5         1
        10        -5        -1       -10         5         4        10        -5
        -4        -5        -4        -1         5         4         1        -5
        -4        10         5         4       -10        -5        -1        -4
         5         1         4        -5        -1        10         5         1
       -10        -5        10        -4         5       -10         4        -5
        10        -1         5       -10         1        -4        -5        -1
         4         5         1        -4        -5        10         4         5
       -10        -4        -1        -5         4         1         5        -4
        -1        10         4         1       -10        -4        10        -5
         4       -10         5        -4        10        -1         4       -10
         1        -1        -5        -4         1         5         4        -1
        -5        10         1         5       -10        -1        -4        -5
         1         4         5        -1        -4        10         1         4
       -10        -1        10        -5         1       -10         5        -1
        10        -4         1       -10         4       -10         2         2
        10        -2        -2       -10         2         6        10        -2
        -6       -10         6         2        10        -6        -2        -6
        -6         6         6         6        -6        -6        -2        -2
         6         2         2        -6        -2        10         6         2
       -10        -6         6        -6         6        -6         6        -6
         6         6         6        -6        -6        -6        10        -2
         6       -10         2        -2        -6        -2         2         6
         2        -2        -6        10         2         6       -10        -2
        -2        -6         2         2         6        -2        -2        10
         2         2       -10        -2        10        -6         2       -10
         6        -2        10        -2         2       -10         2       -10
         1         3        10        -1        -3       -10         1         6
        10        -1        -6       -10         3         1        10        -3
        -1       -10         3         6        10        -3        -6       -10
         6         1        10        -6        -1       -10         6         3
        10        -6        -3        -9        -2         5         9         2
        -5        -9        -2         6         9         2        -6        -9
         0         1         9         0        -1        -9         0         8
         9         0        -8        -9         1         0         9        -1
         0        -9         1         8         9        -1        -8        -9
         5        -2         9        -5         2        -9         5         6
         9        -5        -6        -9         6        -2         9        -6
         2        -9         6         5         9        -6        -5        -9
         8         0         9        -8         0        -9         8         1
         9        -8        -1        -8        -3         3         8         3
        -3        -8        -3         8         8         3        -8        -8
        -1         0         8         1         0        -8        -1         9
         8         1        -9        -8         0        -1         8         0
         1        -8         0         9         8         0        -9        -8
         3        -3         8        -3         3        -8         3         8
         8        -3        -8        -8         8        -3         8        -8
         3        -8         8         3         8        -8        -3        -8
         9        -1         8        -9         1        -8         9         0
         8        -9         0        -7        -5         6         7         5
        -6        -7         6        -5         7        -6         5        -7
         6         6         7        -6        -6        -6        -6         5
         6         6        -5        -6        -6         7         6         6
        -7        -6        -5         2         6         5        -2        -6
        -5         9         6         5        -9        -6        -3        -1
         6         3         1        -6        -3        10         6         3
       -10        -6        -1        -3         6         1         3        -6
        -1        10         6         1       -10        -6         2        -5
         6        -2         5        -6         2         9         6        -2
        -9        -6         5        -6         6        -5         6        -6
         5         7         6        -5        -7        -6         7        -6
         6        -7         6        -6         7         5         6        -7
        -5        -6         9        -5         6        -9         5        -6
         9         2         6        -9        -2        -6        10        -3
         6       -10         3        -6        10        -1         6       -10
         1        -5        -7         6         5         7        -6        -5
        -6         2         5         6        -2        -5        -6         9
         5         6        -9        -5         2        -6         5        -2
         6        -5         2         9         5        -2        -9        -5
         6        -7         5        -6         7        -5         6         6
         5        -6        -6        -5         9        -6         5        -9
         6        -5         9         2         5        -9        -2        -3
        -8         3         3         8        -3        -3        -8         8
         3         8        -8        -3        -6        -1         3         6
         1        -3        -6        10         3         6       -10        -3
        -1        -6         3         1         6        -3        -1        10
         3         1       -10        -3         3        -8         3        -3
         8        -3         3         8         3        -3        -8        -3
         8        -8         3        -8         8        -3         8         3
         3        -8        -3        -3        10        -6         3       -10
         6        -3        10        -1         3       -10         1        -2
        -9         5         2         9        -5        -2        -9         6
         2         9        -6        -2         5        -9         2        -5
         9        -2         5         6         2        -5        -6        -2
         6        -9         2        -6         9        -2         6         5
         2        -6        -5        -1        -8         0         1         8
         0        -1        -8         9         1         8        -9        -1
        -6        -3         1         6         3        -1        -6        10
         1         6       -10        -1        -3        -6         1         3
         6        -1        -3        10         1         3       -10        -1
         0        -8         1         0         8        -1         0         9
         1         0        -9        -1         9        -8         1        -9
         8        -1         9         0         1        -9         0        -1
        10        -6         1       -10         6        -1        10        -3
         1       -10         3         0        -9         1         0         9
        -1         0        -9         8         0         9        -8         0
        -8        -1         0         8         1         0        -8         9
         0         8        -9         0        -1        -8         0         1
         8         0        -1         9         0         1        -9        -7
        -5         5         7         5        -5        -7        -5         7
         7         5        -7        -7         5        -5         7        -5
         5        -7         5         7         7        -5        -7        -7
         7        -5         7        -7         5        -7         7         5
         7        -7        -5        -5        -7         5         5         7
        -5        -5        -7         7         5         7        -7        -5
         5        -7         5        -5         7        -5         5         7
         5        -5        -7        -5         7        -7         5        -7
         7        -5         7         5         5        -7        -5       -10
         0         5        10         0        -5       -10         5         0
        10        -5         0       -10         5         5        10        -5
        -5        -9        -2         4         9         2        -4        -9
        -2         7         9         2        -7        -9        -1         2
         9         1        -2        -9        -1         8         9         1
        -8        -9         2        -1         9        -2         1        -9
         2         8         9        -2        -8        -9         4        -2
         9        -4         2        -9         4         7         9        -4
        -7        -9         7        -2         9        -7         2        -9
         7         4         9        -7        -4        -9         8        -1
         9        -8         1        -9         8         2         9        -8
        -2        -8        -2         1         8         2        -1        -8
        -2         9         8         2        -9        -8         1        -2
         8        -1         2        -8         1         9         8        -1
        -9        -8         9        -2         8        -9         2        -8
         9         1         8        -9        -1        -7        -4         2
         7         4        -2        -7        -4         9         7         4
        -9        -7         2        -4         7        -2         4        -7
         2         9         7        -2        -9        -7         9        -4
         7        -9         4        -7         9         2         7        -9
        -2        -5        -5         0         5         5         0        -5
        -5        10         5         5       -10        -5         0        -5
         5         0         5        -5         0        10         5         0
       -10        -5        10        -5         5       -10         5        -5
        10         0         5       -10         0        -4        -7         2
         4         7        -2        -4        -7         9         4         7
        -9        -4         2        -7         4        -2         7        -4
         2         9         4        -2        -9        -4         9        -7
         4        -9         7        -4         9         2         4        -9
        -2        -2        -9         4         2         9        -4        -2
        -9         7         2         9        -7        -2        -8         1
         2         8        -1        -2        -8         9         2         8
        -9        -2         1        -8         2        -1         8        -2
         1         9         2        -1        -9        -2         4        -9
         2        -4         9        -2         4         7         2        -4
        -7        -2         7        -9         2        -7         9        -2
         7         4         2        -7        -4        -2         9        -8
         2        -9         8        -2         9         1         2        -9
        -1        -1        -9         2         1         9        -2        -1
        -9         8         1         9        -8        -1         2        -9
         1        -2         9        -1         2         8         1        -2
        -8        -1         8        -9         1        -8         9        -1
         8         2         1        -8        -2         0       -10         5
         0        10        -5         0        -5        -5         0         5
         5         0        -5        10         0         5       -10       -10
         0         4        10         0        -4       -10         0         6
        10         0        -6       -10         4         0        10        -4
         0       -10         4         6        10        -4        -6       -10
         6         0        10        -6         0       -10         6         4
        10        -6        -4        -8        -4         6         8         4
        -6        -8         6        -4         8        -6         4        -8
         6         6         8        -6        -6        -6        -6         4
         6         6        -4        -6        -6         8         6         6
        -8        -6        -4         0         6         4         0        -6
        -4        10         6         4       -10        -6         0        -4
         6         0         4        -6         0        10         6         0
       -10        -6         4        -6         6        -4         6        -6
         4         8         6        -4        -8        -6         8        -6
         6        -8         6        -6         8         4         6        -8
        -4        -6        10        -4         6       -10         4        -6
        10         0         6       -10         0        -4        -8         6
         4         8        -6        -4        -6         0         4         6
         0        -4        -6        10         4         6       -10        -4
         0        -6         4         0         6        -4         0        10
         4         0       -10        -4         6        -8         4        -6
         8        -4         6         6         4        -6        -6        -4
        10        -6         4       -10         6        -4        10         0
         4       -10         0         0       -10         4         0        10
        -4         0       -10         6         0        10        -6         0
        -6        -4         0         6         4         0        -6        10
         0         6       -10         0        -4        -6         0         4
         6         0        -4        10         0         4       -10       -10
         1         2        10        -1        -2       -10         1         7
        10        -1        -7       -10         2         1        10        -2
        -1       -10         2         7        10        -2        -7       -10
         7         1        10        -7        -1       -10         7         2
        10        -7        -2        -8        -4         5         8         4
        -5        -8        -4         7         8         4        -7        -8
         5        -4         8        -5         4        -8         5         7
         8        -5        -7        -8         7        -4         8        -7
         4        -8         7         5         8        -7        -5        -7
        -5         4         7         5        -4        -7        -5         8
         7         5        -8        -7        -2        -1         7         2
         1        -7        -2        10         7         2       -10        -7
        -1        -2         7         1         2        -7        -1        10
         7         1       -10        -7         4        -5         7        -4
         5        -7         4         8         7        -4        -8        -7
         8        -5         7        -8         5        -7         8         4
         7        -8        -4        -7        10        -2         7       -10
         2        -7        10        -1         7       -10         1        -5
        -7         4         5         7        -4        -5        -7         8
         5         7        -8        -5         4        -7         5        -4
         7        -5         4         8         5        -4        -8        -5
         8        -7         5        -8         7        -5         8         4
         5        -8        -4        -4        -8         5         4         8
        -5        -4        -8         7         4         8        -7        -4
         5        -8         4        -5         8        -4         5         7
         4        -5        -7        -4         7        -8         4        -7
         8        -4         7         5         4        -7        -5        -2
        -7        -1         2         7         1        -2        -7        10
         2         7       -10        -2        -1        -7         2         1
         7        -2        -1        10         2         1       -10        -2
        10        -7         2       -10         7        -2        10        -1
         2       -10         1        -1        -7        -2         1         7
         2        -1        -7        10         1         7       -10        -1
        -2        -7         1         2         7        -1        -2        10
         1         2       -10        -1        10        -7         1       -10
         7        -1        10        -2         1       -10         2       -10
         0         3        10         0        -3       -10         0         7
        10         0        -7       -10         3         0        10        -3
         0       -10         3         7        10        -3        -7       -10
         7         0        10        -7         0       -10         7         3
        10        -7        -3        -9        -2         3         9         2
        -3        -9        -2         8         9         2        -8        -9
         3        -2         9        -3         2        -9         3         8
         9        -3        -8        -9         8        -2         9        -8
         2        -9         8         3         9        -8        -3        -8
        -3         2         8         3        -2        -8        -3         9
         8         3        -9        -8         2        -3         8        -2
         3        -8         2         9         8        -2        -9        -8
         9        -3         8        -9         3        -8         9         2
         8        -9        -2        -7        -3         0         7         3
         0        -7        -3        10         7         3       -10        -7
         0        -3         7         0         3        -7         0        10
         7         0       -10        -7        10        -3         7       -10
         3        -7        10         0         7       -10         0        -3
        -8         2         3         8        -2        -3        -8         9
         3         8        -9        -3        -7         0         3         7
         0        -3        -7        10         3         7       -10        -3
         0        -7         3         0         7        -3         0        10
         3         0       -10        -3         2        -8         3        -2
         8        -3         2         9         3        -2        -9        -3
         9        -8         3        -9         8        -3         9         2
         3        -9        -2        -3        10        -7         3       -10
         7        -3        10         0         3       -10         0        -2
        -9         3         2         9        -3        -2        -9         8
         2         9        -8        -2         3        -9         2        -3
         9        -2         3         8         2        -3        -8        -2
         8        -9         2        -8         9        -2         8         3
         2        -8        -3         0       -10         3         0        10
        -3         0       -10         7         0        10        -7         0
        -7        -3         0         7         3         0        -7        10
         0         7       -10         0        -3        -7         0         3
         7         0        -3        10         0         3       -10        -8
        -4         4         8         4        -4        -8        -4         8
         8         4        -8        -8         4        -4         8        -4
         4        -8         4         8         8        -4        -8        -8
         8        -4         8        -8         4        -8         8         4
         8        -8        -4        -4        -8         4         4         8
        -4        -4        -8         8         4         8        -8        -4
         4        -8         4        -4         8        -4         4         8
         4        -4        -8        -4         8        -8         4        -8
         8        -4         8         4         4        -8        -4       -11
         3         4        11        -3        -4       -11         4         3
        11        -4        -3       -11         4         4        11        -4
        -4       -10        -1         5        10         1        -5       -10
        -1         6        10         1        -6       -10         5        -1
        10        -5         1       -10         5         6        10        -5
        -6       -10         6        -1        10        -6         1       -10
         6         5        10        -6        -5        -9        -3         6
         9         3        -6        -9         0         0         9         0
         0        -9         0         9         9         0        -9        -9
         6        -3         9        -6         3        -9         6         6
         9        -6        -6        -9         9         0         9        -9
         0        -6        -6         3         6         6        -3        -6
        -6         9         6         6        -9        -6        -5         1
         6         5        -1        -6        -5        10         6         5
       -10        -6         1        -5         6        -1         5        -6
         1        10         6        -1       -10        -6         3        -6
         6        -3         6        -6         3         9         6        -3
        -9        -6         9        -6         6        -9         6        -6
         9         3         6        -9        -3        -6        10        -5
         6       -10         5        -6        10         1         6       -10
        -1        -5        -6         1         5         6        -1        -5
        -6        10         5         6       -10        -5         1        -6
         5        -1         6        -5         1        10         5        -1
       -10        -5        10        -6         5       -10         6        -5
        10         1         5       -10        -1        -4        -4        -3
         4         4         3        -4        -4        11         4         4
       -11        -4        -3        -4         4         3         4        -4
        -3        11         4         3       -11        -4        11        -4
         4       -11         4        -4        11        -3         4       -11
         3        -3        -9         6         3         9        -6        -3
        -4        -4         3         4         4        -3        -4        11
         3         4       -11        -3         6        -9         3        -6
         9        -3         6         6         3        -6        -6        -3
        11        -4         3       -11         4        -1       -10         5
         1        10        -5        -1       -10         6         1        10
        -6        -1         5       -10         1        -5        10        -1
         5         6         1        -5        -6        -1         6       -10
         1        -6        10        -1         6         5         1        -6
        -5         0        -9         0         0         9         0         0
        -9         9         0         9        -9         0         0        -9
         0         0         9       -11         3         3        11        -3
        -3       -11         3         5        11        -3        -5       -11
         5         3        11        -5        -3        -9        -3         5
         9         3        -5        -9        -3         7         9         3
        -7        -9        -1         1         9         1        -1        -9
        -1         9         9         1        -9        -9         1        -1
         9        -1         1        -9         1         9         9        -1
        -9        -9         5        -3         9        -5         3        -9
         5         7         9        -5        -7        -9         7        -3
         9        -7         3        -9         7         5         9        -7
        -5        -9         9        -1         9        -9         1        -9
         9         1         9        -9        -1        -7        -5         3
         7         5        -3        -7        -5         9         7         5
        -9        -7         3        -5         7        -3         5        -7
         3         9         7        -3        -9        -7         9        -5
         7        -9         5        -7         9         3         7        -9
        -3        -5        -7         3         5         7        -3        -5
        -7         9         5         7        -9        -5        -3        -3
         5         3         3        -5        -3        11         5         3
       -11        -5         3        -7         5        -3         7        -5
         3         9         5        -3        -9        -5         9        -7
         5        -9         7        -5         9         3         5        -9
        -3        -5        11        -3         5       -11         3        -3
        -9         5         3         9        -5        -3        -9         7
         3         9        -7        -3        -5        -3         3         5
         3        -3        -5        11         3         5       -11        -3
        -3        -5         3         3         5        -3        -3        11
         3         3       -11        -3         5        -9         3        -5
         9        -3         5         7         3        -5        -7        -3
         7        -9         3        -7         9        -3         7         5
         3        -7        -5        -3        11        -5         3       -11
         5        -3        11        -3         3       -11         3        -1
        -9         1         1         9        -1        -1        -9         9
         1         9        -9        -1         1        -9         1        -1
         9        -1         1         9         1        -1        -9        -1
         9        -9         1        -9         9        -1         9         1
         1        -9        -1       -11         2         4        11        -2
        -4       -11         2         5        11        -2        -5       -11
         4         2        11        -4        -2       -11         4         5
        11        -4        -5       -11         5         2        11        -5
        -2       -11         5         4        11        -5        -4       -10
        -1         4        10         1        -4       -10        -1         7
        10         1        -7       -10         1         1        10        -1
        -1       -10         1         8        10        -1        -8       -10
         4        -1        10        -4         1       -10         4         7
        10        -4        -7       -10         7        -1        10        -7
         1       -10         7         4        10        -7        -4       -10
         8         1        10        -8        -1        -8        -1        -1
         8         1         1        -8        -1        10         8         1
       -10        -8        10        -1         8       -10         1        -7
        -4         1         7         4        -1        -7        -4        10
         7         4       -10        -7         1        -4         7        -1
         4        -7         1        10         7        -1       -10        -7
        10        -4         7       -10         4        -7        10         1
         7       -10        -1        -5        -4        -2         5         4
         2        -5        -4        11         5         4       -11        -5
        -2        -4         5         2         4        -5        -2        11
         5         2       -11        -5        11        -4         5       -11
         4        -5        11        -2         5       -11         2        -4
        -7         1         4         7        -1        -4        -7        10
         4         7       -10        -4        -5        -2         4         5
         2        -4        -5        11         4         5       -11        -4
        -2        -5         4         2         5        -4        -2        11
         4         2       -11        -4         1        -7         4        -1
         7        -4         1        10         4        -1       -10        -4
        10        -7         4       -10         7        -4        10         1
         4       -10        -1        -4        11        -5         4       -11
         5        -4        11        -2         4       -11         2        -2
        -5        -4         2         5         4        -2        -5        11
         2         5       -11        -2        -4        -5         2         4
         5        -2        -4        11         2         4       -11        -2
        11        -5         2       -11         5        -2        11        -4
         2       -11         4        -1       -10         4         1        10
        -4        -1       -10         7         1        10        -7        -1
        -8        -1         1         8         1        -1        -8        10
         1         8       -10        -1        -1        -8         1         1
         8        -1        -1        10         1         1       -10        -1
         4       -10         1        -4        10        -1         4         7
         1        -4        -7        -1         7       -10         1        -7
        10        -1         7         4         1        -7        -4        -1
        10        -8         1       -10         8        -1        10        -1
         1       -10         1       -10         0         2        10         0
        -2       -10         0         8        10         0        -8       -10
         2         0        10        -2         0       -10         2         8
        10        -2        -8       -10         8         0        10        -8
         0       -10         8         2        10        -8        -2        -8
        -2         0         8         2         0        -8        -2        10
         8         2       -10        -8         0        -2         8         0
         2        -8         0        10         8         0       -10        -8
        10        -2         8       -10         2        -8        10         0
         8       -10         0        -2        -8         0         2         8
         0        -2        -8        10         2         8       -10        -2
         0        -8         2         0         8        -2         0        10
         2         0       -10        -2        10        -8         2       -10
         8        -2        10         0         2       -10         0         0
       -10         2         0        10        -2         0       -10         8
         0        10        -8         0        -8        -2         0         8
         2         0        -8        10         0         8       -10         0
        -2        -8         0         2         8         0        -2        10
         0         2       -10       -11         2         3        11        -2
        -3       -11         2         6        11        -2        -6       -11
         3         2        11        -3        -2       -11         3         6
        11        -3        -6       -11         6         2        11        -6
        -2       -11         6         3        11        -6        -3        -9
        -3         4         9         3        -4        -9        -3         8
         9         3        -8        -9        -2         2         9         2
        -2        -9        -2         9         9         2        -9        -9
         2        -2         9        -2         2        -9         2         9
         9        -2        -9        -9         4        -3         9        -4
         3        -9         4         8         9        -4        -8        -9
         8        -3         9        -8         3        -9         8         4
         9        -8        -4        -9         9        -2         9        -9
         2        -9         9         2         9        -9        -2        -8
        -4         3         8         4        -3        -8        -4         9
         8         4        -9        -8         3        -4         8        -3
         4        -8         3         9         8        -3        -9        -8
         9        -4         8        -9         4        -8         9         3
         8        -9        -3        -7        -6         6         7         6
        -6        -7        -6         7         7         6        -7        -7
         6        -6         7        -6         6        -7         6         7
         7        -6        -7        -7         7        -6         7        -7
         6        -7         7         6         7        -7        -6        -6
        -7         6         6         7        -6        -6        -7         7
         6         7        -7        -6        -3        -2         6         3
         2        -6        -3        11         6         3       -11        -6
        -2        -3         6         2         3        -6        -2        11
         6         2       -11        -6         6        -7         6        -6
         7        -6         6         7         6        -6        -7        -6
         7        -7         6        -7         7        -6         7         6
         6        -7        -6        -6        11        -3         6       -11
         3        -6        11        -2         6       -11         2        -4
        -8         3         4         8        -3        -4        -8         9
         4         8        -9        -4         3        -8         4        -3
         8        -4         3         9         4        -3        -9        -4
         9        -8         4        -9         8        -4         9         3
         4        -9        -3        -3        -9         4         3         9
        -4        -3        -9         8         3         9        -8        -3
        -6        -2         3         6         2        -3        -6        11
         3         6       -11        -3        -2        -6         3         2
         6        -3        -2        11         3         2       -11        -3
         4        -9         3        -4         9        -3         4         8
         3        -4        -8        -3         8        -9         3        -8
         9        -3         8         4         3        -8        -4        -3
        11        -6         3       -11         6        -3        11        -2
         3       -11         2        -2        -9         2         2         9
        -2        -2        -9         9         2         9        -9        -2
        -6        -3         2         6         3        -2        -6        11
         2         6       -11        -2        -3        -6         2         3
         6        -2        -3        11         2         3       -11        -2
         2        -9         2        -2         9        -2         2         9
         2        -2        -9        -2         9        -9         2        -9
         9        -2         9         2         2        -9        -2        -2
        11        -6         2       -11         6        -2        11        -3
         2       -11         3       -11         1         5        11        -1
        -5       -11         5         1        11        -5        -1       -11
         5         5        11        -5        -5        -5        -5        -1
         5         5         1        -5        -5        11         5         5
       -11        -5        -1        -5         5         1         5        -5
        -1        11         5         1       -11        -5        11        -5
         5       -11         5        -5        11        -1         5       -11
         1        -1        -5        -5         1         5         5        -1
        -5        11         1         5       -11        -1        11        -5
         1       -11         5       -11         1         4        11        -1
        -4       -11         1         6        11        -1        -6       -11
         4         1        11        -4        -1       -11         4         6
        11        -4        -6       -11         6         1        11        -6
        -1       -11         6         4        11        -6        -4       -10
        -1         3        10         1        -3       -10        -1         8
        10         1        -8       -10         3        -1        10        -3
         1       -10         3         8        10        -3        -8       -10
         8        -1        10        -8         1       -10         8         3
        10        -8        -3        -8        -5         6         8         5
        -6        -8        -5         7         8         5        -7        -8
        -3         1         8         3        -1        -8        -3        10
         8         3       -10        -8         1        -3         8        -1
         3        -8         1        10         8        -1       -10        -8
         6        -5         8        -6         5        -8         6         7
         8        -6        -7        -8         7        -5         8        -7
         5        -8         7         6         8        -7        -6        -8
        10        -3         8       -10         3        -8        10         1
         8       -10        -1        -7        -6         5         7         6
        -5        -7        -6         8         7         6        -8        -7
         5        -6         7        -5         6        -7         5         8
         7        -5        -8        -7         8        -6         7        -8
         6        -7         8         5         7        -8        -5        -6
        -7         5         6         7        -5        -6        -7         8
         6         7        -8        -6        -4        -1         6         4
         1        -6        -4        11         6         4       -11        -6
        -1        -4         6         1         4        -6        -1        11
         6         1       -11        -6         5        -7         6        -5
         7        -6         5         8         6        -5        -8        -6
         8        -7         6        -8         7        -6         8         5
         6        -8        -5        -6        11        -4         6       -11
         4        -6        11        -1         6       -11         1        -5
        -8         6         5         8        -6        -5        -8         7
         5         8        -7        -5         6        -8         5        -6
         8        -5         6         7         5        -6        -7        -5
         7        -8         5        -7         8        -5         7         6
         5        -7        -6        -4        -6        -1         4         6
         1        -4        -6        11         4         6       -11        -4
        -1        -6         4         1         6        -4        -1        11
         4         1       -11        -4        11        -6         4       -11
         6        -4        11        -1         4       -11         1        -3
        -8         1         3         8        -1        -3        -8        10
         3         8       -10        -3         1        -8         3        -1
         8        -3         1        10         3        -1       -10        -3
        10        -8         3       -10         8        -3        10         1
         3       -10        -1        -1       -10         3         1        10
        -3        -1       -10         8         1        10        -8        -1
        -6        -4         1         6         4        -1        -6        11
         1         6       -11        -1        -4        -6         1         4
         6        -1        -4        11         1         4       -11        -1
         3       -10         1        -3        10        -1         3         8
         1        -3        -8        -1         8       -10         1        -8
        10        -1         8         3         1        -8        -3        -1
        11        -6         1       -11         6        -1        11        -4
         1       -11         4       -10        -2         6        10         2
        -6       -10         6        -2        10        -6         2       -10
         6         6        10        -6        -6        -6        -6         2
         6         6        -2        -6        -6        10         6         6
       -10        -6         2        -6         6        -2         6        -6
         2        10         6        -2       -10        -6        10        -6
         6       -10         6        -6        10         2         6       -10
        -2        -2       -10         6         2        10        -6        -2
         6       -10         2        -6        10        -2         6         6
         2        -6        -6       -11         2         2        11        -2
        -2       -11         2         7        11        -2        -7       -11
         7         2        11        -7        -2       -10        -2         5
        10         2        -5       -10        -2         7        10         2
        -7       -10         5        -2        10        -5         2       -10
         5         7        10        -5        -7       -10         7        -2
        10        -7         2       -10         7         5        10        -7
        -5        -8        -5         5         8         5        -5        -8
        -5         8         8         5        -8        -8         5        -5
         8        -5         5        -8         5         8         8        -5
        -8        -8         8        -5         8        -8         5        -8
         8         5         8        -8        -5        -7        -5         2
         7         5        -2        -7        -5        10         7         5
       -10        -7        -2        -2         7         2         2        -7
        -2        11         7         2       -11        -7         2        -5
         7        -2         5        -7         2        10         7        -2
       -10        -7        10        -5         7       -10         5        -7
        10         2         7       -10        -2        -7        11        -2
         7       -11         2        -5        -8         5         5         8
        -5        -5        -8         8         5         8        -8        -5
        -7         2         5         7        -2        -5        -7        10
         5         7       -10        -5         2        -7         5        -2
         7        -5         2        10         5        -2       -10        -5
         5        -8         5        -5         8        -5         5         8
         5        -5        -8        -5         8        -8         5        -8
         8        -5         8         5         5        -8        -5        -5
        10        -7         5       -10         7        -5        10         2
         5       -10        -2        -2       -10         5         2        10
        -5        -2       -10         7         2        10        -7        -2
        -7        -2         2         7         2        -2        -7        11
         2         7       -11        -2        -2        -7         2         2
         7        -2        -2        11         2         2       -11        -2
         5       -10         2        -5        10        -2         5         7
         2        -5        -7        -2         7       -10         2        -7
        10        -2         7         5         2        -7        -5        -2
        11        -7         2       -11         7        -2        11        -2
         2       -11         2       -11         1         3        11        -1
        -3       -11         1         7        11        -1        -7       -11
         3         1        11        -3        -1       -11         3         7
        11        -3        -7       -11         7         1        11        -7
        -1       -11         7         3        11        -7        -3        -9
        -3         3         9         3        -3        -9        -3         9
         9         3        -9        -9         3        -3         9        -3
         3        -9         3         9         9        -3        -9        -9
         9        -3         9        -9         3        -9         9         3
         9        -9        -3        -7        -3        -1         7         3
         1        -7        -3        11         7         3       -11        -7
        -1        -3         7         1         3        -7        -1        11
         7         1       -11        -7        11        -3         7       -11
         3        -7        11        -1         7       -11         1        -3
        -9         3         3         9        -3        -3        -9         9
         3         9        -9        -3        -7        -1         3         7
         1        -3        -7        11         3         7       -11        -3
        -1        -7         3         1         7        -3        -1        11
         3         1       -11        -3         3        -9         3        -3
         9        -3         3         9         3        -3        -9        -3
         9        -9         3        -9         9        -3         9         3
         3        -9        -3        -3        11        -7         3       -11
         7        -3        11        -1         3       -11         1        -1
        -7        -3         1         7         3        -1        -7        11
         1         7       -11        -1        -3        -7         1         3
         7        -1        -3        11         1         3       -11        -1
        11        -7         1       -11         7        -1        11        -3
         1       -11         3       -11         0         5        11         0
        -5       -11         0         6        11         0        -6       -11
         5         0        11        -5         0       -11         5         6
        11        -5        -6       -11         6         0        11        -6
         0       -11         6         5        11        -6        -5       -10
         0         1        10         0        -1       -10         0         9
        10         0        -9       -10         1         0        10        -1
         0       -10         1         9        10        -1        -9       -10
         9         0        10        -9         0       -10         9         1
        10        -9        -1        -9        -4         6         9         4
        -6        -9        -4         7         9         4        -7        -9
        -1         0         9         1         0        -9        -1        10
         9         1       -10        -9         0        -1         9         0
         1        -9         0        10         9         0       -10        -9
         6        -4         9        -6         4        -9         6         7
         9        -6        -7        -9         7        -4         9        -7
         4        -9         7         6         9        -7        -6        -9
        10        -1         9       -10         1        -9        10         0
         9       -10         0        -7        -6         4         7         6
        -4        -7        -6         9         7         6        -9        -7
         4        -6         7        -4         6        -7         4         9
         7        -4        -9        -7         9        -6         7        -9
         6        -7         9         4         7        -9        -4        -6
        -7         4         6         7        -4        -6        -7         9
         6         7        -9        -6        -5         0         6         5
         0        -6        -5        11         6         5       -11        -6
         0        -5         6         0         5        -6         0        11
         6         0       -11        -6         4        -7         6        -4
         7        -6         4         9         6        -4        -9        -6
         9        -7         6        -9         7        -6         9         4
         6        -9        -4        -6        11        -5         6       -11
         5        -6        11         0         6       -11         0        -5
        -6         0         5         6         0        -5        -6        11
         5         6       -11        -5         0        -6         5         0
         6        -5         0        11         5         0       -11        -5
        11        -6         5       -11         6        -5        11         0
         5       -11         0        -4        -9         6         4         9
        -6        -4        -9         7         4         9        -7        -4
         6        -9         4        -6         9        -4         6         7
         4        -6        -7        -4         7        -9         4        -7
         9        -4         7         6         4        -7        -6        -1
        -9         0         1         9         0        -1        -9        10
         1         9       -10        -1         0        -9         1         0
         9        -1         0        10         1         0       -10        -1
        10        -9         1       -10         9        -1        10         0
         1       -10         0         0       -11         5         0        11
        -5         0       -11         6         0        11        -6         0
       -10         1         0        10        -1         0       -10         9
         0        10        -9         0        -9        -1         0         9
         1         0        -9        10         0         9       -10         0
        -6        -5         0         6         5         0        -6        11
         0         6       -11         0        -5        -6         0         5
         6         0        -5        11         0         5       -11         0
        -1        -9         0         1         9         0        -1        10
         0         1       -10       -10        -2         4        10         2
        -4       -10        -2         8        10         2        -8       -10
         4        -2        10        -4         2       -10         4         8
        10        -4        -8       -10         8        -2        10        -8
         2       -10         8         4        10        -8        -4        -8
        -4         2         8         4        -2        -8        -4        10
         8         4       -10        -8         2        -4         8        -2
         4        -8         2        10         8        -2       -10        -8
        10        -4         8       -10         4        -8        10         2
         8       -10        -2        -4        -8         2         4         8
        -2        -4        -8        10         4         8       -10        -4
         2        -8         4        -2         8        -4         2        10
         4        -2       -10        -4        10        -8         4       -10
         8        -4        10         2         4       -10        -2        -2
       -10         4         2        10        -4        -2       -10         8
         2        10        -8        -2         4       -10         2        -4
        10        -2         4         8         2        -4        -8        -2
         8       -10         2        -8        10        -2         8         4
         2        -8        -4       -11         0         4        11         0
        -4       -11         0         7        11         0        -7       -11
         4         0        11        -4         0       -11         4         7
        11        -4        -7       -11         7         0        11        -7
         0       -11         7         4        11        -7        -4       -10
        -1         2        10         1        -2       -10        -1         9
        10         1        -9       -10         2        -1        10        -2
         1       -10         2         9        10        -2        -9       -10
         9        -1        10        -9         1       -10         9         2
        10        -9        -2        -9        -4         5         9         4
        -5        -9        -4         8         9         4        -8        -9
        -2         1         9         2        -1        -9        -2        10
         9         2       -10        -9         1        -2         9        -1
         2        -9         1        10         9        -1       -10        -9
         5        -4         9        -5         4        -9         5         8
         9        -5        -8        -9         8        -4         9        -8
         4        -9         8         5         9        -8        -5        -9
        10        -2         9       -10         2        -9        10         1
         9       -10        -1        -8        -5         4         8         5
        -4        -8        -5         9         8         5        -9        -8
         4        -5         8        -4         5        -8         4         9
         8        -4        -9        -8         9        -5         8        -9
         5        -8         9         4         8        -9        -4        -7
        -4         0         7         4         0        -7        -4        11
         7         4       -11        -7         0        -4         7         0
         4        -7         0        11         7         0       -11        -7
        11        -4         7       -11         4        -7        11         0
         7       -11         0        -5        -8         4         5         8
        -4        -5        -8         9         5         8        -9        -5
         4        -8         5        -4         8        -5         4         9
         5        -4        -9        -5         9        -8         5        -9
         8        -5         9         4         5        -9        -4        -4
        -9         5         4         9        -5        -4        -9         8
         4         9        -8        -4        -7         0         4         7
         0        -4        -7        11         4         7       -11        -4
         0        -7         4         0         7        -4         0        11
         4         0       -11        -4         5        -9         4        -5
         9        -4         5         8         4        -5        -8        -4
         8        -9         4        -8         9        -4         8         5
         4        -8        -5        -4        11        -7         4       -11
         7        -4        11         0         4       -11         0        -2
        -9         1         2         9        -1        -2        -9        10
         2         9       -10        -2         1        -9         2        -1
         9        -2         1        10         2        -1       -10        -2
        10        -9         2       -10         9        -2        10         1
         2       -10        -1        -1       -10         2         1        10
        -2        -1       -10         9         1        10        -9        -1
         2       -10         1        -2        10        -1         2         9
         1        -2        -9        -1         9       -10         1        -9
        10        -1         9         2         1        -9        -2         0
       -11         4         0        11        -4         0       -11         7
         0        11        -7         0        -7        -4         0         7
         4         0        -7        11         0         7       -11         0
        -4        -7         0         4         7         0        -4        11
         0         4       -11       -11         1         2        11        -1
        -2       -11         1         8        11        -1        -8       -11
         2         1        11        -2        -1       -11         2         8
        11        -2        -8       -11         8         1        11        -8
        -1       -11         8         2        11        -8        -2        -8
        -2        -1         8         2         1        -8        -2        11
         8         2       -11        -8        -1        -2         8         1
         2        -8        -1        11         8         1       -11        -8
        11        -2         8       -11         2        -8        11        -1
         8       -11         1        -2        -8        -1         2         8
         1        -2        -8        11         2         8       -11        -2
        -1        -8         2         1         8        -2        -1        11
         2         1       -11        -2        11        -8         2       -11
         8        -2        11        -1         2       -11         1        -1
        -8        -2         1         8         2        -1        -8        11
         1         8       -11        -1        -2        -8         1         2
         8        -1        -2        11         1         2       -11        -1
        11        -8         1       -11         8        -1        11        -2
         1       -11         2       -12         4         4        12        -4
        -4        -4        -4        -4         4         4         4        -4
        -4        12         4         4       -12        -4        12        -4
         4       -12         4       -12         3         4        12        -3
        -4       -12         3         5        12        -3        -5       -12
         4         3        12        -4        -3       -12         4         5
        12        -4        -5       -12         5         3        12        -5
        -3       -12         5         4        12        -5        -4       -11
        -1         6        11         1        -6       -11         0         3
        11         0        -3       -11         0         8        11         0
        -8       -11         3         0        11        -3         0       -11
         3         8        11        -3        -8       -11         6        -1
        11        -6         1       -11         6         6        11        -6
        -6       -11         8         0        11        -8         0       -11
         8         3        11        -8        -3       -10        -3         6
        10         3        -6       -10        -3         7        10         3
        -7       -10        -2         3        10         2        -3       -10
        -2         9        10         2        -9       -10         3        -2
        10        -3         2       -10         3         9        10        -3
        -9       -10         6        -3        10        -6         3       -10
         6         7        10        -6        -7       -10         7        -3
        10        -7         3       -10         7         6        10        -7
        -6       -10         9        -2        10        -9         2       -10
         9         3        10        -9        -3        -9        -4         4
         9         4        -4        -9        -4         9         9         4
        -9        -9        -3         2         9         3        -2        -9
        -3        10         9         3       -10        -9         2        -3
         9        -2         3        -9         2        10         9        -2
       -10        -9         4        -4         9        -4         4        -9
         4         9         9        -4        -9        -9         9        -4
         9        -9         4        -9         9         4         9        -9
        -4        -9        10        -3         9       -10         3        -9
        10         2         9       -10        -2        -8        -3         0
         8         3         0        -8        -3        11         8         3
       -11        -8         0        -3         8         0         3        -8
         0        11         8         0       -11        -8        11        -3
         8       -11         3        -8        11         0         8       -11
         0        -7        -6         3         7         6        -3        -7
        -6        10         7         6       -10        -7         3        -6
         7        -3         6        -7         3        10         7        -3
       -10        -7        10        -6         7       -10         6        -7
        10         3         7       -10        -3        -6        -7         3
         6         7        -3        -6        -7        10         6         7
       -10        -6        -6         1         6         6        -1        -6
        -6        11         6         6       -11        -6         1        -6
         6        -1         6        -6         1        11         6        -1
       -11        -6         3        -7         6        -3         7        -6
         3        10         6        -3       -10        -6        10        -7
         6       -10         7        -6        10         3         6       -10
        -3        -6        11        -6         6       -11         6        -6
        11         1         6       -11        -1        -5        -4        -3
         5         4         3        -5        -4        12         5         4
       -12        -5        -3        -4         5         3         4        -5
        -3        12         5         3       -12        -5        12        -4
         5       -12         4        -5        12        -3         5       -12
         3        -4        -9         4         4         9        -4        -4
        -9         9         4         9        -9        -4        -5        -3
         4         5         3        -4        -5        12         4         5
       -12        -4        -3        -5         4         3         5        -4
        -3        12         4         3       -12        -4         4        -9
         4        -4         9        -4         4         9         4        -4
        -9        -4         9        -9         4        -9         9        -4
         9         4         4        -9        -4        -4        12        -5
         4       -12         5        -4        12        -3         4       -12
         3        -3       -10         6         3        10        -6        -3
       -10         7         3        10        -7        -3        -9         2
         3         9        -2        -3        -9        10         3         9
       -10        -3        -8         0         3         8         0        -3
        -8        11         3         8       -11        -3        -5        -4
         3         5         4        -3        -5        12         3         5
       -12        -3        -4        -5         3         4         5        -3
        -4        12         3         4       -12        -3         0        -8
         3         0         8        -3         0        11         3         0
       -11        -3         2        -9         3        -2         9        -3
         2        10         3        -2       -10        -3         6       -10
         3        -6        10        -3         6         7         3        -6
        -7        -3         7       -10         3        -7        10        -3
         7         6         3        -7        -6        -3        10        -9
         3       -10         9        -3        10         2         3       -10
        -2        -3        11        -8         3       -11         8        -3
        11         0         3       -11         0        -3        12        -5
         3       -12         5        -3        12        -4         3       -12
         4        -2       -10         3         2        10        -3        -2
       -10         9         2        10        -9        -2         3       -10
         2        -3        10        -2         3         9         2        -3
        -9        -2         9       -10         2        -9        10        -2
         9         3         2        -9        -3        -1       -11         6
         1        11        -6        -1         6       -11         1        -6
        11        -1         6         6         1        -6        -6         0
       -11         3         0        11        -3         0       -11         8
         0        11        -8         0        -8        -3         0         8
         3         0        -8        11         0         8       -11         0
        -3        -8         0         3         8         0        -3        11
         0         3       -11       -11        -1         5        11         1
        -5       -11        -1         7        11         1        -7       -11
         5        -1        11        -5         1       -11         5         7
        11        -5        -7       -11         7        -1        11        -7
         1       -11         7         5        11        -7        -5        -7
        -7         7         7         7        -7        -7        -5         1
         7         5        -1        -7        -5        11         7         5
       -11        -7         1        -5         7        -1         5        -7
         1        11         7        -1       -11        -7         7        -7
         7        -7         7        -7         7         7         7        -7
        -7        -7        11        -5         7       -11         5        -7
        11         1         7       -11        -1        -5        -7         1
         5         7        -1        -5        -7        11         5         7
       -11        -5         1        -7         5        -1         7        -5
         1        11         5        -1       -11        -5        11        -7
         5       -11         7        -5        11         1         5       -11
        -1        -1       -11         5         1        11        -5        -1
       -11         7         1        11        -7        -1         5       -11
         1        -5        11        -1         5         7         1        -5
        -7        -1         7       -11         1        -7        11        -1
         7         5         1        -7        -5       -12         2         5
        12        -2        -5       -12         3         3        12        -3
        -3       -12         3         6        12        -3        -6       -12
         5         2        12        -5        -2       -12         5         5
        12        -5        -5       -12         6         3        12        -6
        -3       -10        -3         5        10         3        -5       -10
        -3         8        10         3        -8       -10         5        -3
        10        -5         3       -10         5         8        10        -5
        -8       -10         8        -3        10        -8         3       -10
         8         5        10        -8        -5        -8        -6         7
         8         6        -7        -8        -5         3         8         5
        -3        -8        -5        10         8         5       -10        -8
         3        -5         8        -3         5        -8         3        10
         8        -3       -10        -8         7        -6         8        -7
         6        -8         7         7         8        -7        -7        -8
        10        -5         8       -10         5        -8        10         3
         8       -10        -3        -7        -7         6         7         7
        -6        -7        -7         8         7         7        -8        -7
         6        -7         7        -6         7        -7         6         8
         7        -6        -8        -7         8        -7         7        -8
         7        -7         8         6         7        -8        -6        -6
        -8         7         6         8        -7        -6        -3        -3
         6         3         3        -6        -3        12         6         3
       -12        -6         7        -8         6        -7         8        -6
         7         7         6        -7        -7        -6        12        -3
         6       -12         3        -5        -8         3         5         8
        -3        -5        -8        10         5         8       -10        -5
        -5        -2         5         5         2        -5        -5        12
         5         5       -12        -5        -2        -5         5         2
         5        -5        -2        12         5         2       -12        -5
         3        -8         5        -3         8        -5         3        10
         5        -3       -10        -5        10        -8         5       -10
         8        -5        10         3         5       -10        -3        -5
        12        -5         5       -12         5        -5        12        -2
         5       -12         2        -3       -10         5         3        10
        -5        -3       -10         8         3        10        -8        -3
        -6        -3         3         6         3        -3        -6        12
         3         6       -12        -3        -3        -6         3         3
         6        -3        -3        12         3         3       -12        -3
         5       -10         3        -5        10        -3         5         8
         3        -5        -8        -3         8       -10         3        -8
        10        -3         8         5         3        -8        -5        -3
        12        -6         3       -12         6        -3        12        -3
         3       -12         3        -2        -5        -5         2         5
         5        -2        -5        12         2         5       -12        -2
        12        -5         2       -12         5       -12         2         4
        12        -2        -4       -12         2         6        12        -2
        -6       -12         4         2        12        -4        -2       -12
         4         6        12        -4        -6       -12         6         2
        12        -6        -2       -12         6         4        12        -6
        -4       -10         0         0        10         0         0       -10
         0        10        10         0       -10       -10        10         0
        10       -10         0        -8        -6         6         8         6
        -6        -8        -6         8         8         6        -8        -8
         6        -6         8        -6         6        -8         6         8
         8        -6        -8        -8         8        -6         8        -8
         6        -8         8         6         8        -8        -6        -6
        -8         6         6         8        -6        -6        -8         8
         6         8        -8        -6        -4        -2         6         4
         2        -6        -4        12         6         4       -12        -6
        -2        -4         6         2         4        -6        -2        12
         6         2       -12        -6         6        -8         6        -6
         8        -6         6         8         6        -6        -8        -6
         8        -8         6        -8         8        -6         8         6
         6        -8        -6        -6        12        -4         6       -12
         4        -6        12        -2         6       -12         2        -4
        -6        -2         4         6         2        -4        -6        12
         4         6       -12        -4        -2        -6         4         2
         6        -4        -2        12         4         2       -12        -4
        12        -6         4       -12         6        -4        12        -2
         4       -12         2        -2        -6        -4         2         6
         4        -2        -6        12         2         6       -12        -2
        -4        -6         2         4         6        -2        -4        12
         2         4       -12        -2        12        -6         2       -12
         6        -2        12        -4         2       -12         4         0
       -10         0         0        10         0         0       -10        10
         0        10       -10         0         0       -10         0         0
        10       -11        -1         4        11         1        -4       -11
        -1         8        11         1        -8       -11         4        -1
        11        -4         1       -11         4         8        11        -4
        -8       -11         8        -1        11        -8         1       -11
         8         4        11        -8        -4       -10        -1         1
        10         1        -1       -10        -1        10        10         1
       -10       -10         1        -1        10        -1         1       -10
         1        10        10        -1       -10       -10        10        -1
        10       -10         1       -10        10         1        10       -10
        -1        -8        -4         1         8         4        -1        -8
        -4        11         8         4       -11        -8         1        -4
         8        -1         4        -8         1        11         8        -1
       -11        -8        11        -4         8       -11         4        -8
        11         1         8       -11        -1        -4        -8         1
         4         8        -1        -4        -8        11         4         8
       -11        -4         1        -8         4        -1         8        -4
         1        11         4        -1       -11        -4        11        -8
         4       -11         8        -4        11         1         4       -11
        -1        -1       -11         4         1        11        -4        -1
       -11         8         1        11        -8        -1       -10         1
         1        10        -1        -1       -10        10         1        10
       -10        -1         1       -10         1        -1        10        -1
         1        10         1        -1       -10        -1         4       -11
         1        -4        11        -1         4         8         1        -4
        -8        -1         8       -11         1        -8        11        -1
         8         4         1        -8        -4        -1        10       -10
         1       -10        10        -1        10         1         1       -10
        -1       -11         1         1        11        -1        -1       -11
         1         9        11        -1        -9       -11         9         1
        11        -9        -1        -9        -5         7         9         5
        -7        -9        -1        -1         9         1         1        -9
        -1        11         9         1       -11        -9         7        -5
         9        -7         5        -9         7         7         9        -7
        -7        -9        11        -1         9       -11         1        -7
        -7         5         7         7        -5        -7        -7         9
         7         7        -9        -7         5        -7         7        -5
         7        -7         5         9         7        -5        -9        -7
         9        -7         7        -9         7        -7         9         5
         7        -9        -5        -5        -9         7         5         9
        -7        -5         7        -9         5        -7         9        -5
         7         7         5        -7        -7        -1        -9        -1
         1         9         1        -1        -9        11         1         9
       -11        -1        -1        -9         1         1         9        -1
        -1        11         1         1       -11        -1        11        -9
         1       -11         9        -1        11        -1         1       -11
         1       -12         1         5        12        -1        -5       -12
         1         6        12        -1        -6       -12         2         3
        12        -2        -3       -12         2         7        12        -2
        -7       -12         3         2        12        -3        -2       -12
         3         7        12        -3        -7       -12         5         1
        12        -5        -1       -12         5         6        12        -5
        -6       -12         6         1        12        -6        -1       -12
         6         5        12        -6        -5       -12         7         2
        12        -7        -2       -12         7         3        12        -7
        -3       -11         0         2        11         0        -2       -11
         0         9        11         0        -9       -11         2         0
        11        -2         0       -11         2         9        11        -2
        -9       -11         9         0        11        -9         0       -11
         9         2        11        -9        -2       -10        -3         4
        10         3        -4       -10        -3         9        10         3
        -9       -10         4        -3        10        -4         3       -10
         4         9        10        -4        -9       -10         9        -3
        10        -9         3       -10         9         4        10        -9
        -4        -9        -5         6         9         5        -6        -9
        -5         8         9         5        -8        -9        -4         3
         9         4        -3        -9        -4        10         9         4
       -10        -9        -2         0         9         2         0        -9
        -2        11         9         2       -11        -9         0        -2
         9         0         2        -9         0        11         9         0
       -11        -9         3        -4         9        -3         4        -9
         3        10         9        -3       -10        -9         6        -5
         9        -6         5        -9         6         8         9        -6
        -8        -9         8        -5         9        -8         5        -9
         8         6         9        -8        -6        -9        10        -4
         9       -10         4        -9        10         3         9       -10
        -3        -9        11        -2         9       -11         2        -9
        11         0         9       -11         0        -8        -6         5
         8         6        -5        -8        -6         9         8         6
        -9        -8         5        -6         8        -5         6        -8
         5         9         8        -5        -9        -8         9        -6
         8        -9         6        -8         9         5         8        -9
        -5        -7        -3        -2         7         3         2        -7
        -3        12         7         3       -12        -7        -2        -3
         7         2         3        -7        -2        12         7         2
       -12        -7        12        -3         7       -12         3        -7
        12        -2         7       -12         2        -6        -8         5
         6         8        -5        -6        -8         9         6         8
        -9        -6        -5        -1         6         5         1        -6
        -5        12         6         5       -12        -6        -1        -5
         6         1         5        -6        -1        12         6         1
       -12        -6         5        -8         6        -5         8        -6
         5         9         6        -5        -9        -6         9        -8
         6        -9         8        -6         9         5         6        -9
        -5        -6        12        -5         6       -12         5        -6
        12        -1         6       -12         1        -5        -9         6
         5         9        -6        -5        -9         8         5         9
        -8        -5        -6        -1         5         6         1        -5
        -6        12         5         6       -12        -5        -1        -6
         5         1         6        -5        -1        12         5         1
       -12        -5         6        -9         5        -6         9        -5
         6         8         5        -6        -8        -5         8        -9
         5        -8         9        -5         8         6         5        -8
        -6        -5        12        -6         5       -12         6        -5
        12        -1         5       -12         1        -4        -9         3
         4         9        -3        -4        -9        10         4         9
       -10        -4         3        -9         4        -3         9        -4
         3        10         4        -3       -10        -4        10        -9
         4       -10         9        -4        10         3         4       -10
        -3        -3       -10         4         3        10        -4        -3
       -10         9         3        10        -9        -3        -7        -2
         3         7         2        -3        -7        12         3         7
       -12        -3        -2        -7         3         2         7        -3
        -2        12         3         2       -12        -3         4       -10
         3        -4        10        -3         4         9         3        -4
        -9        -3         9       -10         3        -9        10        -3
         9         4         3        -9        -4        -3        12        -7
         3       -12         7        -3        12        -2         3       -12
         2        -2        -9         0         2         9         0        -2
        -9        11         2         9       -11        -2        -7        -3
         2         7         3        -2        -7        12         2         7
       -12        -2        -3        -7         2         3         7        -2
        -3        12         2         3       -12        -2         0        -9
         2         0         9        -2         0        11         2         0
       -11        -2        11        -9         2       -11         9        -2
        11         0         2       -11         0        -2        12        -7
         2       -12         7        -2        12        -3         2       -12
         3        -1        -6        -5         1         6         5        -1
        -6        12         1         6       -12        -1        -5        -6
         1         5         6        -1        -5        12         1         5
       -12        -1        12        -6         1       -12         6        -1
        12        -5         1       -12         5         0       -11         2
         0        11        -2         0       -11         9         0        11
        -9         0        -9        -2         0         9         2         0
        -9        11         0         9       -11         0        -2        -9
         0         2         9         0        -2        11         0         2
       -11       -10        -2         2        10         2        -2       -10
        -2        10        10         2       -10       -10         2        -2
        10        -2         2       -10         2        10        10        -2
       -10       -10        10        -2        10       -10         2       -10
        10         2        10       -10        -2        -2       -10         2
         2        10        -2        -2       -10        10         2        10
       -10        -2         2       -10         2        -2        10        -2
         2        10         2        -2       -10        -2        10       -10
         2       -10        10        -2        10         2         2       -10
        -2       -12         1         4        12        -1        -4       -12
         1         7        12        -1        -7       -12         4         1
        12        -4        -1       -12         4         7        12        -4
        -7       -12         7         1        12        -7        -1       -12
         7         4        12        -7        -4       -11        -2         6
        11         2        -6       -11        -2         7        11         2
        -7       -11         6        -2        11        -6         2       -11
         6         7        11        -6        -7       -11         7        -2
        11        -7         2       -11         7         6        11        -7
        -6        -7        -6         2         7         6        -2        -7
        -6        11         7         6       -11        -7        -4        -1
         7         4         1        -7        -4        12         7         4
       -12        -7        -1        -4         7         1         4        -7
        -1        12         7         1       -12        -7         2        -6
         7        -2         6        -7         2        11         7        -2
       -11        -7        11        -6         7       -11         6        -7
        11         2         7       -11        -2        -7        12        -4
         7       -12         4        -7        12        -1         7       -12
         1        -6        -7         2         6         7        -2        -6
        -7        11         6         7       -11        -6         2        -7
         6        -2         7        -6         2        11         6        -2
       -11        -6        11        -7         6       -11         7        -6
        11         2         6       -11        -2        -4        -7        -1
         4         7         1        -4        -7        12         4         7
       -12        -4        -1        -7         4         1         7        -4
        -1        12         4         1       -12        -4        12        -7
         4       -12         7        -4        12        -1         4       -12
         1        -2       -11         6         2        11        -6        -2
       -11         7         2        11        -7        -2         6       -11
         2        -6        11        -2         6         7         2        -6
        -7        -2         7       -11         2        -7        11        -2
         7         6         2        -7        -6        -1        -7        -4
         1         7         4        -1        -7        12         1         7
       -12        -1        -4        -7         1         4         7        -1
        -4        12         1         4       -12        -1        12        -7
         1       -12         7        -1        12        -4         1       -12
         4       -11        -1         3        11         1        -3       -11
        -1         9        11         1        -9       -11         3        -1
        11        -3         1       -11         3         9        11        -3
        -9       -11         9        -1        11        -9         1       -11
         9         3        11        -9        -3        -9        -5         5
         9         5        -5        -9        -5         9         9         5
        -9        -9        -3         1         9         3        -1        -9
        -3        11         9         3       -11        -9         1        -3
         9        -1         3        -9         1        11         9        -1
       -11        -9         5        -5         9        -5         5        -9
         5         9         9        -5        -9        -9         9        -5
         9        -9         5        -9         9         5         9        -9
        -5        -9        11        -3         9       -11         3        -9
        11         1         9       -11        -1        -5        -9         5
         5         9        -5        -5        -9         9         5         9
        -9        -5         5        -9         5        -5         9        -5
         5         9         5        -5        -9        -5         9        -9
         5        -9         9        -5         9         5         5        -9
        -5        -3        -9         1         3         9        -1        -3
        -9        11         3         9       -11        -3         1        -9
         3        -1         9        -3         1        11         3        -1
       -11        -3        11        -9         3       -11         9        -3
        11         1         3       -11        -1        -1       -11         3
         1        11        -3        -1       -11         9         1        11
        -9        -1         3       -11         1        -3        11        -1
         3         9         1        -3        -9        -1         9       -11
         1        -9        11        -1         9         3         1        -9
        -3       -11        -2         5        11         2        -5       -11
        -2         8        11         2        -8       -11         5        -2
        11        -5         2       -11         5         8        11        -5
        -8       -11         8        -2        11        -8         2       -11
         8         5        11        -8        -5       -10        -4         7
        10         4        -7       -10         7        -4        10        -7
         4       -10         7         7        10        -7        -7        -8
        -5         2         8         5        -2        -8        -5        11
         8         5       -11        -8         2        -5         8        -2
         5        -8         2        11         8        -2       -11        -8
        11        -5         8       -11         5        -8        11         2
         8       -11        -2        -7        -7         4         7         7
        -4        -7        -7        10         7         7       -10        -7
         4        -7         7        -4         7        -7         4        10
         7        -4       -10        -7        10        -7         7       -10
         7        -7        10         4         7       -10        -4        -5
        -8         2         5         8        -2        -5        -8        11
         5         8       -11        -5         2        -8         5        -2
         8        -5         2        11         5        -2       -11        -5
        11        -8         5       -11         8        -5        11         2
         5       -11        -2        -4       -10         7         4        10
        -7        -4         7       -10         4        -7        10        -4
         7         7         4        -7        -7        -2       -11         5
         2        11        -5        -2       -11         8         2        11
        -8        -2         5       -11         2        -5        11        -2
         5         8         2        -5        -8        -2         8       -11
         2        -8        11        -2         8         5         2        -8
        -5       -12         0         6        12         0        -6       -12
         2         2        12        -2        -2       -12         2         8
        12        -2        -8       -12         6         0        12        -6
         0       -12         6         6        12        -6        -6       -12
         8         2        12        -8        -2       -10        -4         6
        10         4        -6       -10        -4         8        10         4
        -8       -10         6        -4        10        -6         4       -10
         6         8        10        -6        -8       -10         8        -4
        10        -8         4       -10         8         6        10        -8
        -6        -8        -6         4         8         6        -4        -8
        -6        10         8         6       -10        -8        -2        -2
         8         2         2        -8        -2        12         8         2
       -12        -8         4        -6         8        -4         6        -8
         4        10         8        -4       -10        -8        10        -6
         8       -10         6        -8        10         4         8       -10
        -4        -8        12        -2         8       -12         2        -6
        -8         4         6         8        -4        -6        -8        10
         6         8       -10        -6        -6         0         6         6
         0        -6        -6        12         6         6       -12        -6
         0        -6         6         0         6        -6         0        12
         6         0       -12        -6         4        -8         6        -4
         8        -6         4        10         6        -4       -10        -6
        10        -8         6       -10         8        -6        10         4
         6       -10        -4        -6        12        -6         6       -12
         6        -6        12         0         6       -12         0        -4
       -10         6         4        10        -6        -4       -10         8
         4        10        -8        -4         6       -10         4        -6
        10        -4         6         8         4        -6        -8        -4
         8       -10         4        -8        10        -4         8         6
         4        -8        -6        -2        -8        -2         2         8
         2        -2        -8        12         2         8       -12        -2
        -2        -8         2         2         8        -2        -2        12
         2         2       -12        -2        12        -8         2       -12
         8        -2        12        -2         2       -12         2         0
       -12         6         0        12        -6         0        -6        -6
         0         6         6         0        -6        12         0         6
       -12       -12         0         5        12         0        -5       -12
         0         7        12         0        -7       -12         1         3
        12        -1        -3       -12         1         8        12        -1
        -8       -12         3         1        12        -3        -1       -12
         3         8        12        -3        -8       -12         5         0
        12        -5         0       -12         5         7        12        -5
        -7       -12         7         0        12        -7         0       -12
         7         5        12        -7        -5       -12         8         1
        12        -8        -1       -12         8         3        12        -8
        -3       -10        -3         3        10         3        -3       -10
        -3        10        10         3       -10       -10         3        -3
        10        -3         3       -10         3        10        10        -3
       -10       -10        10        -3        10       -10         3       -10
        10         3        10       -10        -3        -8        -3        -1
         8         3         1        -8        -3        12         8         3
       -12        -8        -1        -3         8         1         3        -8
        -1        12         8         1       -12        -8        12        -3
         8       -12         3        -8        12        -1         8       -12
         1        -7        -5         0         7         5         0        -7
        -5        12         7         5       -12        -7         0        -5
         7         0         5        -7         0        12         7         0
       -12        -7        12        -5         7       -12         5        -7
        12         0         7       -12         0        -5        -7         0
         5         7         0        -5        -7        12         5         7
       -12        -5         0        -7         5         0         7        -5
         0        12         5         0       -12        -5        12        -7
         5       -12         7        -5        12         0         5       -12
         0        -3       -10         3         3        10        -3        -3
       -10        10         3        10       -10        -3        -8        -1
         3         8         1        -3        -8        12         3         8
       -12        -3        -1        -8         3         1         8        -3
        -1        12         3         1       -12        -3         3       -10
         3        -3        10        -3         3        10         3        -3
       -10        -3        10       -10         3       -10        10        -3
        10         3         3       -10        -3        -3        12        -8
         3       -12         8        -3        12        -1         3       -12
         1        -1        -8        -3         1         8         3        -1
        -8        12         1         8       -12        -1        -3        -8
         1         3         8        -1        -3        12         1         3
       -12        -1        12        -8         1       -12         8        -1
        12        -3         1       -12         3         0       -12         5
         0        12        -5         0       -12         7         0        12
        -7         0        -7        -5         0         7         5         0
        -7        12         0         7       -12         0        -5        -7
         0         5         7         0        -5        12         0         5
       -12       -11        -2         4        11         2        -4       -11
        -2         9        11         2        -9       -11         0         1
        11         0        -1       -11         0        10        11         0
       -10       -11         1         0        11        -1         0       -11
         1        10        11        -1       -10       -11         4        -2
        11        -4         2       -11         4         9        11        -4
        -9       -11         9        -2        11        -9         2       -11
         9         4        11        -9        -4       -11        10         0
        11       -10         0       -11        10         1        11       -10
        -1       -10        -4         5        10         4        -5       -10
        -4         9        10         4        -9       -10        -1         0
        10         1         0       -10        -1        11        10         1
       -11       -10         0        -1        10         0         1       -10
         0        11        10         0       -11       -10         5        -4
        10        -5         4       -10         5         9        10        -5
        -9       -10         9        -4        10        -9         4       -10
         9         5        10        -9        -5       -10        11        -1
        10       -11         1       -10        11         0        10       -11
         0        -9        -5         4         9         5        -4        -9
        -5        10         9         5       -10        -9        -4         2
         9         4        -2        -9        -4        11         9         4
       -11        -9         2        -4         9        -2         4        -9
         2        11         9        -2       -11        -9         4        -5
         9        -4         5        -9         4        10         9        -4
       -10        -9        10        -5         9       -10         5        -9
        10         4         9       -10        -4        -9        11        -4
         9       -11         4        -9        11         2         9       -11
        -2        -5        -9         4         5         9        -4        -5
        -9        10         5         9       -10        -5         4        -9
         5        -4         9        -5         4        10         5        -4
       -10        -5        10        -9         5       -10         9        -5
        10         4         5       -10        -4        -4       -10         5
         4        10        -5        -4       -10         9         4        10
        -9        -4        -9         2         4         9        -2        -4
        -9        11         4         9       -11        -4         2        -9
         4        -2         9        -4         2        11         4        -2
       -11        -4         5       -10         4        -5        10        -4
         5         9         4        -5        -9        -4         9       -10
         4        -9        10        -4         9         5         4        -9
        -5        -4        11        -9         4       -11         9        -4
        11         2         4       -11        -2        -2       -11         4
         2        11        -4        -2       -11         9         2        11
        -9        -2         4       -11         2        -4        11        -2
         4         9         2        -4        -9        -2         9       -11
         2        -9        11        -2         9         4         2        -9
        -4        -1       -10         0         1        10         0        -1
       -10        11         1        10       -11        -1         0       -10
         1         0        10        -1         0        11         1         0
       -11        -1        11       -10         1       -11        10        -1
        11         0         1       -11         0         0       -11         1
         0        11        -1         0       -11        10         0        11
       -10         0       -10        -1         0        10         1         0
       -10        11         0        10       -11         0        -1       -10
         0         1        10         0        -1        11         0         1
       -11       -12         0         4        12         0        -4       -12
         0         8        12         0        -8       -12         4         0
        12        -4         0       -12         4         8        12        -4
        -8       -12         8         0        12        -8         0       -12
         8         4        12        -8        -4        -8        -4         0
         8         4         0        -8        -4        12         8         4
       -12        -8         0        -4         8         0         4        -8
         0        12         8         0       -12        -8        12        -4
         8       -12         4        -8        12         0         8       -12
         0        -4        -8         0         4         8         0        -4
        -8        12         4         8       -12        -4         0        -8
         4         0         8        -4         0        12         4         0
       -12        -4        12        -8         4       -12         8        -4
        12         0         4       -12         0
 IDIME
         1         1         1         1         1         2         2         2
         3         4         1         3         1         1         1         4
         1         1         1         1         2         5         1         1
         2         3         4         5         7         2         2         3
         4         1         3         1         1         4         2         5
         7         1         2         1         2         1         2         3
         1         2         1         3         1         1         2         1
         1         4         1         1         1         1         1         2
         1         1         2         5         1         1         2         2
         2         2         3         3         4         5         7         2
         2         3         4         1         1         2         4         1
         2         1         1         2         4         1         1         2
         4         1         1         1         2         5         1         1
         1         2         1         1         2         5         1         1
         2         5         1         1         1         2         1         1
         2         4         1         2         1         1         1         1
         1         1         2         1         1         2         5         1
         1         1         2         1         2         1         1         1
         1         2         1         1         1         1
 IDIMF
         1         1         1         1         1         1         1         1
         2         2         1         2         1         0         1         2
         1         1         1         1         1         2         1         1
         1         2         2         2         3         1         1         2
         2         1         2         0         1         2         1         2
         3         0         1         0         1         1         1         2
         0         1         1         2         1         0         1         0
         1         2         1         1         0         0         1         1
         1         1         1         2         1         1         1         1
         1         1         2         2         2         2         3         1
         1         2         2         0         1         1         2         0
         1         0         1         1         2         0         1         1
         2         1         1         1         1         2         0         0
         1         1         1         1         1         2         1         1
         1         2         1         1         0         1         0         1
         1         2         0         1         0         1         1         0
         0         1         1         1         1         1         2         0
         0         1         1         1         1         1         1         0
         1         1         0         0         0         0
   LA3
         1         2         2         3         3         3         4         4
         4         4         5         9        13        17        21        25
         5         9        13        17        21        25         5        25
        17         9        13        21         6        10        14        18
        22        26         6        10        14        18        22        26
         6        10        14        18        22        26         6        26
        18        10        14        22         6        26        18        10
        14        22         7        11        15        19        23        27
         7        11        15        19        23        27         7        11
        15        19        23        27         7        11        15        19
        23        27         7        27        19        11        15        23
         7        27        19        11        15        23         7        27
        19        11        15        23         8        12        16        20
        24        28         8        12        16        20        24        28
         8        12        16        20        24        28         8        12
        16        20        24        28         8        28        20        12
        16        24         8        28        20        12        16        24
         8        28        20        12        16        24         8        28
        20        12        16        24         9        25         5        21
        25        13         5        17        21        13        17         9
        25        17        13         5        17        21        13         9
        25        21         5         9         9        25         5        21
        25        13         5        17        21        13        17         9
        25        17        13         5        17        21        13         9
        25        21         5         9        10        26         6        22
        26        14         6        18        22        14        18        10
        26        18        14         6        18        22        14        10
        26        22         6        10        10        26         6        22
        26        14         6        18        22        14        18        10
        26        18        14         6        18        22        14        10
        26        22         6        10        10        26         6        22
        26        14         6        18        22        14        18        10
        26        18        14         6        18        22        14        10
        26        22         6        10        11        27         7        23
        27        15         7        19        23        15        19        11
        27        19        15         7        19        23        15        11
        27        23         7        11        11        27         7        23
        27        15         7        19        23        15        19        11
        27        19        15         7        19        23        15        11
        27        23         7        11        12        28         8        24
        28        16         8        20        24        16        20        12
        28        20        16         8        20        24        16        12
        28        24         8        12        17        13        21         9
        25         5        17        13        21         9        25         5
        18        14        22        10        26         6        18        14
        22        10        26         6        19        15        23        11
        27         7        19        15        23        11        27         7
        20        16        24        12        28         8        29        29
        29        29        29        29        29        29        29        29
        29        29        29        29        29        30        30        30
        30        30        30        30        30        30        30        30
        30        30        30        30        30        30        30        30
        30        30        30        31        31        31        31        31
        31        31        31        31        31        31        31        31
        31        31        31        31        31        31        31        31
        31        31        31        31        31        31        31        31
        31        31        32        32        32        32        32        32
        32        32        32        32        32        32        32        32
        32        32        32        32        32        32        32        32
        32        32        32        32        32        32        32        32
        32        32        33        47        37        43        39        41
        33        47        37        43        39        41        33        47
        37        43        39        41        33        47        37        43
        39        41        33        33        37        37        39        39
        41        41        43        43        47        47        33        33
        37        37        39        39        41        41        43        43
        47        47        33        33        33        33        37        37
        37        37        39        39        39        39        41        41
        41        41        43        43        43        43        47        47
        47        47        33        33        33        33        37        37
        37        37        39        39        39        39        41        41
        41        41        43        43        43        43        47        47
        47        47        33        33        33        33        37        37
        37        37        39        39        39        39        41        41
        41        41        43        43        43        43        47        47
        47        47        33        33        33        33        37        37
        37        37        39        39        39        39        41        41
        41        41        43        43        43        43        47        47
        47        47        33        37        39        41        43        47
        33        37        39        41        43        47        33        37
        39        41        43        47        33        37        39        41
        43        47        33        47        43        39        37        41
        34        48        38        44        40        42        34        48
        38        44        40        42        34        48        38        44
        40        42        34        48        38        44        40        42
        34        34        38        38        40        40        42        42
        44        44        48        48        34        34        38        38
        40        40        42        42        44        44        48        48
        34        34        38        38        40        40        42        42
        44        44        48        48        34        34        38        38
        40        40        42        42        44        44        48        48
        34        34        34        34        38        38        38        38
        40        40        40        40        42        42        42        42
        44        44        44        44        48        48        48        48
        34        34        34        34        38        38        38        38
        40        40        40        40        42        42        42        42
        44        44        44        44        48        48        48        48
        34        34        34        34        38        38        38        38
        40        40        40        40        42        42        42        42
        44        44        44        44        48        48        48        48
        34        34        34        34        38        38        38        38
        40        40        40        40        42        42        42        42
        44        44        44        44        48        48        48        48
        34        38        40        42        44        48        34        38
        40        42        44        48        34        38        40        42
        44        48        34        38        40        42        44        48
        34        48        44        40        38        42        34        48
        44        40        38        42        35        45        35        45
        35        35        35        35        35        35        45        45
        45        45        45        45        35        35        35        35
        35        35        45        45        45        45        45        45
        35        35        35        35        35        35        45        45
        45        45        45        45        35        35        35        35
        35        35        45        45        45        45        45        45
        35        45        35        45        35        45        45        35
        45        35        45        35        45        35        45        35
        35        45        45        35        45        35        45        35
        45        35        45        35        35        45        36        46
        36        46        36        46        36        46        36        36
        36        36        36        36        46        46        46        46
        46        46        36        36        36        36        36        36
        46        46        46        46        46        46        36        36
        36        36        36        36        46        46        46        46
        46        46        36        36        36        36        36        36
        46        46        46        46        46        46        36        46
        36        46        36        46        36        46        36        46
        46        36        46        36        46        36        46        36
        46        36        36        46        46        36        46        36
        46        36        46        36        46        36        36        46
        36        46        37        47        33        43        47        39
        41        33        39        43        37        41        47        41
        39        33        43        41        39        37        47        43
        37        33        37        47        33        43        47        39
        41        33        39        43        37        41        47        41
        39        33        43        41        39        37        47        43
        37        33        38        48        34        44        48        40
        42        34        40        44        38        42        48        42
        40        34        44        42        40        38        48        44
        38        34        41        39        43        37        47        33
        42        40        44        38        48        34        45        35
        46        36
   LA4
         1         1         2         1         2         3         1         2
         3         4         3         3         3         3         3         3
         4         4         4         4         4         4         5        25
        17         9        13        21         2         2         2         2
         2         2         3         3         3         3         3         3
         4         4         4         4         4         4         5        25
        17         9        13        21         6        26        18        10
        14        22         1         1         1         1         1         1
         2         2         2         2         2         2         3         3
         3         3         3         3         4         4         4         4
         4         4         5        25        17         9        13        21
         6        26        18        10        14        22         7        27
        19        11        15        23         1         1         1         1
         1         1         2         2         2         2         2         2
         3         3         3         3         3         3         4         4
         4         4         4         4         5        25        17         9
        13        21         6        26        18        10        14        22
         7        27        19        11        15        23         8        28
        20        12        16        24         7        23        11        27
        19         7        15        27        19        11        23        15
        15         7        27        19        11        15        23        19
        11         7        23        27         8        24        12        28
        20         8        16        28        20        12        24        16
        16         8        28        20        12        16        24        20
        12         8        24        28         6        22        10        26
        18         6        14        26        18        10        22        14
        14         6        26        18        10        14        22        18
        10         6        22        26         7        23        11        27
        19         7        15        27        19        11        23        15
        15         7        27        19        11        15        23        19
        11         7        23        27         8        24        12        28
        20         8        16        28        20        12        24        16
        16         8        28        20        12        16        24        20
        12         8        24        28         7        23        11        27
        19         7        15        27        19        11        23        15
        15         7        27        19        11        15        23        19
        11         7        23        27         8        24        12        28
        20         8        16        28        20        12        24        16
        16         8        28        20        12        16        24        20
        12         8        24        28         8        24        12        28
        20         8        16        28        20        12        24        16
        16         8        28        20        12        16        24        20
        12         8        24        28        15        19        11        23
         7        27        16        20        12        24         8        28
        15        19        11        23         7        27        16        20
        12        24         8        28        15        19        11        23
         7        27        16        20        12        24         8        28
        16        20        12        24         8        28         3         4
        27        23        19        15        11         7        28        24
        20        16        12         8        29         3         4        26
        22        18        14        10         6        27        23        19
        15        11         7        28        24        20        16        12
         8        29        30         1         2         3         4        25
        21        17        13         9         5        26        22        18
        14        10         6        27        23        19        15        11
         7        28        24        20        16        12         8        29
        30        31         1         2         3         4        25        21
        17        13         9         5        26        22        18        14
        10         6        27        23        19        15        11         7
        28        24        20        16        12         8        29        30
        31        32         1         1         1         1         1         1
         2         2         2         2         2         2         3         3
         3         3         3         3         4         4         4         4
         4         4         7        27        15        19        11        23
        11        23        15        19         7        27         8        28
        16        20        12        24        12        24        16        20
         8        28         9        13        17        21         5         9
        21        25         5        13        17        25         5        13
        17        25         5         9        21        25         9        13
        17        21        10        14        18        22         6        10
        22        26         6        14        18        26         6        14
        18        26         6        10        22        26        10        14
        18        22        11        15        19        23         7        11
        23        27         7        15        19        27         7        15
        19        27         7        11        23        27        11        15
        19        23        12        16        20        24         8        12
        24        28         8        16        20        28         8        16
        20        28         8        12        24        28        12        16
        20        24        29        29        29        29        29        29
        30        30        30        30        30        30        31        31
        31        31        31        31        32        32        32        32
        32        32        33        47        43        39        37        41
         1         1         1         1         1         1         2         2
         2         2         2         2         3         3         3         3
         3         3         4         4         4         4         4         4
         5        25        13        17         9        21         9        21
        13        17         5        25         6        26        14        18
        10        22        10        22        14        18         6        26
         7        27        15        19        11        23        11        23
        15        19         7        27         8        28        16        20
        12        24        12        24        16        20         8        28
         9        13        17        21         5         9        21        25
         5        13        17        25         5        13        17        25
         5         9        21        25         9        13        17        21
        10        14        18        22         6        10        22        26
         6        14        18        26         6        14        18        26
         6        10        22        26        10        14        18        22
        11        15        19        23         7        11        23        27
         7        15        19        27         7        15        19        27
         7        11        23        27        11        15        19        23
        12        16        20        24         8        12        24        28
         8        16        20        28         8        16        20        28
         8        12        24        28        12        16        20        24
        29        29        29        29        29        29        30        30
        30        30        30        30        31        31        31        31
        31        31        32        32        32        32        32        32
        33        47        43        39        37        41        34        48
        44        40        38        42         3         3         4         4
         5         9        13        17        21        25         5         9
        13        17        21        25         6        10        14        18
        22        26         6        10        14        18        22        26
         7        11        15        19        23        27         7        11
        15        19        23        27         8        12        16        20
        24        28         8        12        16        20        24        28
        31        31        32        32        33        47        43        37
        41        39        39        41        37        43        33        47
        34        48        44        38        42        40        40        42
        38        44        34        48        35        45         1         1
         2         2         3         3         4         4         5         9
        13        17        21        25         5         9        13        17
        21        25         6        10        14        18        22        26
         6        10        14        18        22        26         7        11
        15        19        23        27         7        11        15        19
        23        27         8        12        16        20        24        28
         8        12        16        20        24        28        29        29
        30        30        31        31        32        32        33        47
        43        37        41        39        39        41        37        43
        33        47        34        48        44        38        42        40
        40        42        38        44        34        48        35        45
        36        46        33        43        37        47        41        33
        47        39        37        41        39        43        39        33
        47        41        39        37        43        41        37        33
        47        43        34        44        38        48        42        34
        48        40        38        42        40        44        40        34
        48        42        40        38        44        42        38        34
        48        44        34        44        38        48        42        34
        48        40        38        42        40        44        40        34
        48        42        40        38        44        42        38        34
        48        44        40        42        38        44        34        48
        40        42        38        44        34        48        36        46
        36        46
  IROF
         0         0         0         0         0         0         0         0
         0         0        20        20        40        20        20        20
        40        40        20        20        20        20        40        40
        40        20        20        20        20        40        40        40
        40        60        60        60        60        60        60        60
        60        80        80        80        80        80        80        80
       100       100        20        20         0       100       100        20
        20        20         0         0       100       100       100       100
        20        20        20        20         0         0         0       100
       100       100       100        20        20        20        20         0
         0         0         0       120       120       120       120       140
       140       160       160       160       160       180       180       180
       180       200       120       120       120       120       140       140
       140       140       160       160       160       160       180       180
       180       180       200       200       220       220       240       240
       240       240       260       260       280       280       300       220
       220       220       220       240       240       240       240       260
       260       260       260       280       280       300       300       320
       320       320       340       340       360       360
  NNGI
         1         2        14        20         0         0         0         0
         0         0         0         0         0         0         0         0
         0         0         0         0         1         3         6         2
        12        14        23        16        20         0         0         0
         0         0         0         0         0         0         0         0
         1         2         6        12        14        16        20        22
        26        30         0         0         0         0         0         0
         0         0         0         0         1         5         9         2
         3         4         7         8        13        10        18        19
        21        27        14        17        24        25        40        41
         1         5         2        10         4        14        21        29
         0         0         0         0         0         0         0         0
         0         0         0         0         3         1         4         0
         0         0         0         0         0         0         0         0
         0         0         0         0         0         0         0         0
         1         2         6        14         3        16        20         0
         0         0         0         0         0         0         0         0
         0         0         0         0         1         2         4         5
         6        14         0         0         0         0         0         0
         0         0         0         0         0         0         0         0
         8         1         2        14         4         7        26        19
        37        50         5         6        20        30        68         0
         0         0         0         0        26         2        12        14
        56         1        20         0         0         0         0         0
         0         0         0         0         0         0         0         0
         1         2         3         6        14        15        16        20
        21        22        23         0         0         0         0         0
         0         0         0         0         1         4         0         0
         0         0         0         0         0         0         0         0
         0         0         0         0         0         0         0         0
        12         2         1        16        26         5         6        14
        44         0         0         0         0         0         0         0
         0         0         0         0        26         2         0         0
         0         0         0         0         0         0         0         0
         0         0         0         0         0         0         0         0
         1         2         5         0         0         0         0         0
         0         0         0         0         0         0         0         0
         0         0         0         0         1         2        14        20
        21         0         0         0         0         0         0         0
         0         0         0         0         0         0         0         0
         1         9         3         6         0         0         0         0
         0         0         0         0         0         0         0         0
         0         0         0         0         1         3        17         0
         0         0         0         0         0         0         0         0
         0         0         0         0         0         0         0         0
         3         0         0         0         0         0         0         0
         0         0         0         0         0         0         0         0
         0         0         0         0
 NSHGI
         1         1         1         1         0         0         0         0
         0         0         0         0         0         0         0         0
         0         0         0         0         1         1         1         1
         2         1         2         0         0         0         0         0
         0         0         0         0         0         0         0         0
         1         3         2         4         0         0         0         0
         0         0         0         0         0         0         0         0
         0         0         0         0         1         2         2         4
         3         2         6         0         0         0         0         0
         0         0         0         0         0         0         0         0
         2         2         4         0         0         0         0         0
         0         0         0         0         0         0         0         0
         0         0         0         0         1         1         1         0
         0         0         0         0         0         0         0         0
         0         0         0         0         0         0         0         0
         1         1         2         1         2         0         0         0
         0         0         0         0         0         0         0         0
         0         0         0         0         2         4         0         0
         0         0         0         0         0         0         0         0
         0         0         0         0         0         0         0         0
         1         3         3         3         5         0         0         0
         0         0         0         0         0         0         0         0
         0         0         0         0         1         1         2         1
         2         0         0         0         0         0         0         0
         0         0         0         0         0         0         0         0
         1         3         3         4         0         0         0         0
         0         0         0         0         0         0         0         0
         0         0         0         0         1         1         0         0
         0         0         0         0         0         0         0         0
         0         0         0         0         0         0         0         0
         1         1         3         1         3         0         0         0
         0         0         0         0         0         0         0         0
         0         0         0         0         1         1         0         0
         0         0         0         0         0         0         0         0
         0         0         0         0         0         0         0         0
         1         2         0         0         0         0         0         0
         0         0         0         0         0         0         0         0
         0         0         0         0         1         1         1         2
         0         0         0         0         0         0         0         0
         0         0         0         0         0         0         0         0
         2         2         0         0         0         0         0         0
         0         0         0         0         0         0         0         0
         0         0         0         0         3         0         0         0
         0         0         0         0         0         0         0         0
         0         0         0         0         0         0         0         0
         1         0         0         0         0         0         0         0
         0         0         0         0         0         0         0         0
         0         0         0         0
  NNNC
         0         5        29       325      7047     14807      7063     14887
      7079     14967      7095     15047      7111     15127      7127     15207
    113776    121176    141385    149146    194272    141389    149162    141393
    149178    141395    149186    141391    149170    194304    141387    149154
         1         9        49       585      2703      7167     15535      2767
      7231     16111      2831      7295     16687      2895      7359     17263
      2959      7423     17839      3023      7487     18415    113896    121456
    141400    149206    194384    141416    149270    141432    149334    141440
    149366    141424    149302    194512    141408    149238        25        33
        65      1097      2097      3087      7615     19087      2113      3151
      7807     19855      2129      3215      7999     20623      2145      3279
      8191     21391      2161      3343      8383     22159      2177      3407
      8575     22927    108151    108960    114088    121904    141464    149462
    191446    194640    141544    149782    141624    150102    141664    150262
    141584    149942    191478    194768    141504    149622       273       377
       793      1401      2225      3727      9055     23951      2305      4303
      9823     25231      2385      4879     10591     26511      2465      5455
     11359     27791      2545      6031     12127     29071      2625      6607
     12895     30351    108231    109280    114408    122736    141740    150694
    191558    195088    141964    152102    142188    153510    142300    154214
    142076    152806    191686    195600    141852    151398      2089      2185
      2665      6899     13283     31043     41919     42431     41983     42751
     42127     43471     42239     44031     96655     97263    114720    123784
    154582    191751    195860    144285    164202    144293    164234    144301
    164266    144309    164298    191763    195908    154902      2671      3055
      3439      6895      6943     13343     31823     44255     45087     47647
     44383     45343     49951     44671     45919     55135     44895     46367
     59167     98335    100767    109856    115080    126992    155014    191778
    195968    144360    164502    144392    164630    144424    164758    144456
    164886    191826    196160    156294      7039      7135      7519      8671
     13279     13327     13519     34415     41895     44991     60511     64159
     41975     45311     60895     67231     42103     45823     61759     74143
     42231     46335     62431     79519     96631     98239    101695    104031
    108375    110240    116168    131504    142372    156550    191890    196416
    144696    165846    144856    166486    145016    167126    145176    167766
    192130    197376    142692    157830     14767     15247     18703     23311
     30991     31615     34111     37759     42311     46783     63007     82335
     42711     49663     66847     84895     43351     54271     72991     90655
     43991     58879     79135     95135     97207    100543    103807    107519
    108823    113440    120488    138928    142804    158278    192406    198608
    145980    172134    146428    174950    146876    177766    147324    180582
    193078    202832    144084    163398      2105      2265     41887     42271
      2668      6923     13307     31355     42063     43151     42191     43791
     96559     97039     42255     44111    114704    123704    144277    164170
    191753    195868    144287    164210    154710    154774    144311    164306
    191765    195916    144317    164330      2735      3119      4015     44191
     44959     46495      6919      6991     13439     33071     44543     45663
     52831     44799     46175     57439     97951     99871     44927     46431
     59743    109792    115016    126416    144328    164374    191786    196000
    144368    164534    155526    155782    144464    164918    191834    196192
    144488    165014      7055      7199      7711      9439     41927     45119
     60319     62623     13303     13423     14143     36239     42039     45567
     61375     71071     42151     46015     62143     77215     96535     97855
    101503    103135     42215     46271     62527     80287    108359    110176
    115976    130736    144536    165206    191930    196576    144736    166006
    142500    157062    142564    157318    145216    167926    192170    197536
    145336    168406     14847     15823     19471     24591     42471     47935
     64543     81055     31303     32863     35935     39823     43031     51967
     69919     88095     43591     55999     75295     93215     96983     99647
    102911    106303     43911     58303     78367     95775    108743    112864
    119720    137648    145532    169318    192518    199312    146092    172838
    143316    160326    143572    161350    147436    181286    193190    203536
    147772    183398      2121      2345     41967     42671     42031     42991
      2669      6931     13315     31459     96463     96815     42175     43711
     42111     43391    114688    123624    144279    164178    191755    195876
    154646    144295    164242    144303    164274    154838    191767    195924
    144319    164338      2799      3183      4591     44351     45279     49375
     44479     45535     51679      6927      7007     13471     33487     97567
     98975     44767     46111     56863     44639     45855     54559    109728
    114952    125840    144336    164406    191794    196032    155270    144400
    164662    144432    164790    156038    191842    196224    144496    165046
      7071      7263      7903     10207     41991     45375     60799     66463
     42071     45695     61183     69535     13311     13455     14351     36847
     96439     97471    101311    102239     42167     46079     62047     76447
     42087     45759     61663     73375    108343    110112    115784    129968
    144576    165366    191970    196736    142436    156806    144896    166646
    145056    167286    142628    157574    192210    197696    145376    168566
     14927     16399     20239     25871     42791     50239     67615     84255
     43191     53119     71455     86815     31407     33279     36543     40511
     96759     98751    102015    105087     43671     56575     76063     92575
     43271     53695     72223     90015    108663    112288    118952    136368
    145644    170022    192630    200016    143060    159302    146540    175654
    146988    178470    143828    162374    193302    204240    147884    184102
      2137      2425     42095     43311     42143     43551     96415     96703
      2667      6915     13299     31251     42047     43071     41999     42831
    114672    123544    144281    164186    191757    195884    154678    144297
    164250    144305    164282    154870    191769    195932    144321    164346
      2863      3247      5167     44607     45791     53983     44703     45983
     55711     97375     98527      6911      6975     13407     32655     44511
     45599     52255     44415     45407     50527    109664    114888    125264
    144344    164438    191802    196064    155398    144408    164694    144440
    164822    156166    191850    196256    144504    165078      7087      7327
      8095     10975     42135     45951     61567     72607     42199     46207
     61855     74911     96487     97663    101215    101791     13295     13391
     13935     35631     42023     45503     61279     70303     41959     45247
     60991     67999    108327    110048    115592    129200    144616    165526
    192010    196896    142468    156934    144936    166806    145096    167446
    142660    157702    192250    197856    145416    168726     15007     16975
     21007     27151     43511     55423     74527     89375     43831     57727
     77599     91295     96871     99199    102463    104479     31199     32447
     35327     39135     42951     51391     69151     87455     42631     49087
     66079     85535    108583    111712    118184    135088    145756    170726
    192742    200720    143188    159814    146652    176358    147100    179174
    143956    162886    193414    204944    147996    184806      2153      2505
     42223     43951     96511     96927     42159     43631     42015     42911
      2670      6939     13323     31563     41935     42511    114656    123464
    144283    164194    191759    195892    144289    164218    154742    154806
    144313    164314    191771    195940    144323    164354      2927      3311
      5743     44863     46303     58591     97759     99423     44735     46047
     56287     44447     45471     51103      6935      7023     13503     33903
     44287     45151     48223    109600    114824    124688    144352    164470
    191810    196096    144376    164566    155654    155910    144472    164950
    191858    196288    144512    165110      7103      7391      8287     11743
     42247     46399     62335     78751     96583     98047    101407    102687
     42183     46143     61951     75679     42055     45631     61087     68767
     13319     13487     14559     37455     41911     45055     60607     64927
    108311    109984    115400    128432    144656    165686    192050    197056
    144776    166166    142532    157190    142596    157446    145256    168086
    192290    198016    145456    168886     15087     17551     21775     28431
     44071     59455     79903     94495     97095    100095    103359    105695
     43751     57151     76831     91935     43111     52543     70687     86175
     31511     33695     37151     41199     42391     47359     63775     82975
    108503    111136    117416    133808    145868    171430    192854    201424
    146204    173542    143444    160838    143700    161862    147548    181990
    193526    205648    148108    185510      2169      2585     96607     97151
     42207     43871     42079     43231     41951     42591     41903     42351
      2666      6907     13291     31147    114640    123384    154614    191761
    195900    144291    164226    144299    164258    144307    164290    144315
    164322    191773    195948    154934      2991      3375      6319     98143
    100319     44831     46239     58015     44575     45727     53407     44319
     45215     48799     44223     45023     47071      6903      6959     13375
     32239    109536    114760    124112    155142    191818    196128    144384
    164598    144416    164726    144448    164854    144480    164982    191866
    196320    156422      7119      7455      8479     12511     96679     98431
    101599    103583     42263     46463     62239     77983     42119     45887
     61471     71839     42007     45439     60703     65695     41943     45183
     60415     63391     13287     13359     13727     35023    108295    109920
    115208    127664    142404    156678    192090    197216    144816    166326
    144976    166966    145136    167606    145296    168246    192330    198176
    142724    157958     15167     18127     22543     29711     97319    100991
    104255    106911     44151     60031     80671     93855     43431     54847
     73759     88735     42871     50815     68383     83615     42551     48511
     65311     81695     31095     32031     34719     38447    108423    110560
    116648    132528    142932    158790    192966    202128    146316    174246
    146764    177062    147212    179878    147660    182694    193638    206352
    144212    163910    108127    108175    108367    108783    108351    108703
    108335    108623    108319    108543    108303    108463    108287    108383
    108863    113732    120876    139620    148165    185866    206720    148167
    185874    148169    185882    148171    185890    148173    185898    206752
    148175    185906    108864    109056    109824    110208    113152    109760
    110144    112576    109696    110080    112000    109632    110016    111424
    109568    109952    110848    109504    109888    110272    113728    113736
    120896    139880    148180    185926    206832    148188    185958    148196
    185990    148204    186022    148212    186054    206960    148220    186086
    113752    113800    113992    114184    114712    115048    116072    120104
    114696    114984    115880    119336    114680    114920    115688    118568
    114664    114856    115496    117800    114648    114792    115304    117032
    114632    114728    115112    116264    120872    120880    120912    140392
    148244    186182    193710    207088    148284    186342    148324    186502
    148364    186662    148404    186822    193742    207216    148444    186982
    121120    121232    121680    122128    123744    126704    131120    138288
    123664    126128    130352    137008    123584    125552    129584    135728
    123504    124976    128816    134448    123424    124400    128048    133168
    123344    123824    127280    131888    139568    139672    140088    140696
    148520    187414    193822    207536    148632    188118    148744    188822
    148856    189526    148968    190230    193950    208048    149080    190934
    141384    141396    141444    141684    142356    142740    144276    144324
    144516    145476    144278    144332    144556    145588    144280    144340
    144596    145700    144282    144348    144636    145812    142388    142868
    148164    148176    148224    148464    149136    191290    194016    208312
    210852    210928    210862    211008    210878    211136    210894    211264
    194056    208472    213824    149142    149190    149382    150342    154566
    154950    156486    158022    164166    164358    165126    168966    164174
    164390    165286    169670    164182    164422    165446    170374    164190
    164454    165606    171078    154598    155078    156614    158534    185862
    185910    186102    187062    191286    191334    194070    208592    210904
    211472    210984    211952    211112    212720    211240    213488    194230
    210512    213800    214352    191430    191494    191750    191774    191870
    192350    191752    191782    191910    192462    191754    191790    191950
    192574    191756    191798    191990    192686    191758    191806    192030
    192798    191760    191814    192070    192910    193694    193758    194014
    194062    194254    210804    194026    194110    194034    194142    194042
    194174    194050    194206    214496    194058    194238    194256    194320
    194576    194832    195856    195952    196336    198256    195864    195984
    196496    198960    195872    196016    196656    199664    195880    196048
    196816    200368    195888    196080    196976    201072    195896    196112
    197136    201776    206704    206768    207024    207280    208304    208496
    210800    210816    208352    209072    208384    209456    208416    209840
    208448    210224    214472    214640    208480    210608    141388    141412
    141524    141908    144284    144356    144676    145924    144286    144364
    144716    146036    142420    142996    142452    143124    144288    144372
    144756    146148    144290    144380    144796    146260    148166    148184
    148264    148576    210848    210896    194028    208360    149140    191322
    210868    211056    210886    211200    213728    194048    208440    210892
    211248    149158    149254    149702    151750    164198    164486    165766
    171782    164206    164518    165926    172486    154630    155206    156742
    159046    154662    155334    156870    159558    164214    164550    166086
    173190    164222    164582    166246    173894    185870    185942    186262
    187766    210936    211280    194118    209168    191318    191398    211032
    212240    211176    213104    213704    214160    194198    210128    211224
    213392    141392    141428    141604    142132    144292    144388    144836
    146372    142484    143252    144294    144396    144876    146484    144296
    144404    144916    146596    142516    143380    144298    144412    144956
    146708    148168    148192    148304    148688    210858    210976    194036
    208392    210864    211024    149139    191314    213632    210884    211184
    194040    208408    210876    211120    149174    149318    150022    153158
    164230    164614    166406    174598    154694    155462    156998    160070
    164238    164646    166566    175302    164246    164678    166726    176006
    154726    155590    157126    160582    164254    164710    166886    176710
    185878    185974    186422    188470    211016    211760    194150    209552
    211064    212048    191310    191382    213608    213968    211160    213008
    194166    209744    211096    212624    141394    141436    141644    142244
    144300    144420    144996    146820    142548    143508    144302    144428
    145036    146932    144304    144436    145076    147044    142580    143636
    144306    144444    145116    147156    148170    148200    148344    148800
    210874    211104    194044    208424    210882    211168    213584    149141
    191330    210870    211072    194032    208376    210860    210992    149182
    149350    150182    153862    164262    164742    167046    177414    154758
    155718    157254    161094    164270    164774    167206    178118    164278
    164806    167366    178822    154790    155846    157382    161606    164286
    164838    167526    179526    185886    186006    186582    189174    211144
    212528    194182    209936    211208    212912    213656    213872    191326
    191414    211048    212336    194134    209360    210968    211856    141390
    141420    141564    142020    144308    144452    145156    147268    144310
    144460    145196    147380    142612    143764    142644    143892    144312
    144468    145236    147492    144314    144476    145276    147604    148172
    148208    148384    148912    210890    211232    194052    208456    213680
    210880    211152    210866    211040    149138    191306    194024    208344
    210854    210944    149166    149286    149862    152454    164294    164870
    167686    180230    164302    164902    167846    180934    154822    155974
    157510    162118    154854    156102    157638    162630    164310    164934
    168006    181638    164318    164966    168166    182342    185894    186038
    186742    189878    211272    213296    194214    210320    213752    214064
    211192    212816    211080    212144    191302    191366    194102    208976
    210920    211568    191462    191622    191762    191822    192110    193022
    191764    191830    192150    193134    191766    191838    192190    193246
    191768    191846    192230    193358    191770    191854    192270    193470
    191772    191862    192310    193582    193726    193886    194054    194222
    214448    194046    194190    194038    194158    194030    194126    194022
    194094    194255    210812    194018    194078    194288    194448    194704
    195344    195904    196144    197296    202480    195912    196176    197456
    203184    195920    196208    197616    203888    195928    196240    197776
    204592    195936    196272    197936    205296    195944    196304    198096
    206000    206736    206896    207152    207792    208464    210416    214520
    214544    208432    210032    208400    209648    208368    209264    208336
    208880    210808    210832    208320    208688    141386    141404    141484
    141796    142676    144020    144316    144484    145316    147716    144318
    144492    145356    147828    144320    144500    145396    147940    144322
    144508    145436    148052    142708    144148    148174    148216    148424
    149024    213776    194060    208488    210888    211216    210872    211088
    210856    210960    210850    210912    194020    208328    149137    191298
    149150    149222    149542    151046    154886    156230    157766    163142
    164326    164998    168326    183046    164334    165030    168486    183750
    164342    165062    168646    184454    164350    165094    168806    185158
    154918    156358    157894    163654    185902    186070    186902    190582
    213848    214256    194246    210704    211256    213200    211128    212432
    211000    211664    210952    211376    194086    208784    191294    191350
JPOINT
         1         2         4         7        19        26        19        26
        19        26        19        26        19        26        19        26
        61        72        84        99       128        84        99        84
        99        84        99        84        99       128        84        99
         2         3         5         8        14        20        27        14
        20        27        14        20        27        14        20        27
        14        20        27        14        20        27        62        73
        85       100       129        85       100        85       100        85
       100        85       100       129        85       100         4         5
         6         9        11        15        21        28        11        15
        21        28        11        15        21        28        11        15
        21        28        11        15        21        28        11        15
        21        28        49        54        63        74        86       101
       117       130        86       101        86       101        86       101
        86       101       117       130        86       101         7         8
         9        10        12        16        22        29        12        16
        22        29        12        16        22        29        12        16
        22        29        12        16        22        29        12        16
        22        29        50        55        64        75        87       102
       118       131        87       102        87       102        87       102
        87       102       118       131        87       102        11        12
        13        17        23        30        34        35        34        35
        34        35        34        35        42        43        65        76
       103       119       132        90       107        90       107        90
       107        90       107       119       132       103        14        15
        16        17        18        24        31        36        37        38
        36        37        38        36        37        38        36        37
        38        44        45        56        66        77       104       120
       133        91       108        91       108        91       108        91
       108       120       133       104        19        20        21        22
        23        24        25        32        34        37        39        40
        34        37        39        40        34        37        39        40
        34        37        39        40        42        44        46        47
        51        57        67        78        88       105       121       134
        92       109        92       109        92       109        92       109
       121       134        88       105        26        27        28        29
        30        31        32        33        35        38        40        41
        35        38        40        41        35        38        40        41
        35        38        40        41        43        45        47        48
        52        58        68        79        89       106       122       135
        93       110        93       110        93       110        93       110
       122       135        89       106        11        12        34        35
        13        17        23        30        34        35        34        35
        42        43        34        35        65        76        90       107
       119       132        90       107       103       103        90       107
       119       132        90       107        14        15        16        36
        37        38        17        18        24        31        36        37
        38        36        37        38        44        45        36        37
        38        56        66        77        91       108       120       133
        91       108       104       104        91       108       120       133
        91       108        19        20        21        22        34        37
        39        40        23        24        25        32        34        37
        39        40        34        37        39        40        42        44
        46        47        34        37        39        40        51        57
        67        78        92       109       121       134        92       109
        88       105        88       105        92       109       121       134
        92       109        26        27        28        29        35        38
        40        41        30        31        32        33        35        38
        40        41        35        38        40        41        43        45
        47        48        35        38        40        41        52        58
        68        79        93       110       122       135        93       110
        89       106        89       106        93       110       122       135
        93       110        11        12        34        35        34        35
        13        17        23        30        42        43        34        35
        34        35        65        76        90       107       119       132
       103        90       107        90       107       103       119       132
        90       107        14        15        16        36        37        38
        36        37        38        17        18        24        31        44
        45        36        37        38        36        37        38        56
        66        77        91       108       120       133       104        91
       108        91       108       104       120       133        91       108
        19        20        21        22        34        37        39        40
        34        37        39        40        23        24        25        32
        42        44        46        47        34        37        39        40
        34        37        39        40        51        57        67        78
        92       109       121       134        88       105        92       109
        92       109        88       105       121       134        92       109
        26        27        28        29        35        38        40        41
        35        38        40        41        30        31        32        33
        43        45        47        48        35        38        40        41
        35        38        40        41        52        58        68        79
        93       110       122       135        89       106        93       110
        93       110        89       106       122       135        93       110
        11        12        34        35        34        35        42        43
        13        17        23        30        34        35        34        35
        65        76        90       107       119       132       103        90
       107        90       107       103       119       132        90       107
        14        15        16        36        37        38        36        37
        38        44        45        17        18        24        31        36
        37        38        36        37        38        56        66        77
        91       108       120       133       104        91       108        91
       108       104       120       133        91       108        19        20
        21        22        34        37        39        40        34        37
        39        40        42        44        46        47        23        24
        25        32        34        37        39        40        34        37
        39        40        51        57        67        78        92       109
       121       134        88       105        92       109        92       109
        88       105       121       134        92       109        26        27
        28        29        35        38        40        41        35        38
        40        41        43        45        47        48        30        31
        32        33        35        38        40        41        35        38
        40        41        52        58        68        79        93       110
       122       135        89       106        93       110        93       110
        89       106       122       135        93       110        11        12
        34        35        42        43        34        35        34        35
        13        17        23        30        34        35        65        76
        90       107       119       132        90       107       103       103
        90       107       119       132        90       107        14        15
        16        36        37        38        44        45        36        37
        38        36        37        38        17        18        24        31
        36        37        38        56        66        77        91       108
       120       133        91       108       104       104        91       108
       120       133        91       108        19        20        21        22
        34        37        39        40        42        44        46        47
        34        37        39        40        34        37        39        40
        23        24        25        32        34        37        39        40
        51        57        67        78        92       109       121       134
        92       109        88       105        88       105        92       109
       121       134        92       109        26        27        28        29
        35        38        40        41        43        45        47        48
        35        38        40        41        35        38        40        41
        30        31        32        33        35        38        40        41
        52        58        68        79        93       110       122       135
        93       110        89       106        89       106        93       110
       122       135        93       110        11        12        42        43
        34        35        34        35        34        35        34        35
        13        17        23        30        65        76       103       119
       132        90       107        90       107        90       107        90
       107       119       132       103        14        15        16        44
        45        36        37        38        36        37        38        36
        37        38        36        37        38        17        18        24
        31        56        66        77       104       120       133        91
       108        91       108        91       108        91       108       120
       133       104        19        20        21        22        42        44
        46        47        34        37        39        40        34        37
        39        40        34        37        39        40        34        37
        39        40        23        24        25        32        51        57
        67        78        88       105       121       134        92       109
        92       109        92       109        92       109       121       134
        88       105        26        27        28        29        43        45
        47        48        35        38        40        41        35        38
        40        41        35        38        40        41        35        38
        40        41        30        31        32        33        52        58
        68        79        89       106       122       135        93       110
        93       110        93       110        93       110       122       135
        89       106        49        50        51        52        51        52
        51        52        51        52        51        52        51        52
        53        59        69        80        94       111       136        94
       111        94       111        94       111        94       111       136
        94       111        54        55        56        57        58        56
        57        58        56        57        58        56        57        58
        56        57        58        56        57        58        59        60
        70        81        95       112       137        95       112        95
       112        95       112        95       112       137        95       112
        61        62        63        64        65        66        67        68
        65        66        67        68        65        66        67        68
        65        66        67        68        65        66        67        68
        65        66        67        68        69        70        71        82
        96       113       123       138        96       113        96       113
        96       113        96       113       123       138        96       113
        72        73        74        75        76        77        78        79
        76        77        78        79        76        77        78        79
        76        77        78        79        76        77        78        79
        76        77        78        79        80        81        82        83
        97       114       124       139        97       114        97       114
        97       114        97       114       124       139        97       114
        84        85        86        87        88        89        90        91
        92        93        90        91        92        93        90        91
        92        93        90        91        92        93        88        89
        94        95        96        97        98       115       125       140
       144       145       144       145       144       145       144       145
       125       140       147        99       100       101       102       103
       104       105       106       107       108       109       110       107
       108       109       110       107       108       109       110       107
       108       109       110       103       104       105       106       111
       112       113       114       115       116       126       141       145
       146       145       146       145       146       145       146       126
       141       147       148       117       118       119       120       121
       122       119       120       121       122       119       120       121
       122       119       120       121       122       119       120       121
       122       119       120       121       122       123       124       125
       126       127       142       125       126       125       126       125
       126       125       126       149       125       126       128       129
       130       131       132       133       134       135       132       133
       134       135       132       133       134       135       132       133
       134       135       132       133       134       135       132       133
       134       135       136       137       138       139       140       141
       142       143       140       141       140       141       140       141
       140       141       149       150       140       141        84        85
        86        87        90        91        92        93        90        91
        92        93        88        89        88        89        90        91
        92        93        90        91        92        93        94        95
        96        97       144       145       125       140        98       115
       144       145       144       145       147       125       140       144
       145        99       100       101       102       107       108       109
       110       107       108       109       110       103       104       105
       106       103       104       105       106       107       108       109
       110       107       108       109       110       111       112       113
       114       145       146       126       141       115       116       145
       146       145       146       147       148       126       141       145
       146        84        85        86        87        90        91        92
        93        88        89        90        91        92        93        90
        91        92        93        88        89        90        91        92
        93        94        95        96        97       144       145       125
       140       144       145        98       115       147       144       145
       125       140       144       145        99       100       101       102
       107       108       109       110       103       104       105       106
       107       108       109       110       107       108       109       110
       103       104       105       106       107       108       109       110
       111       112       113       114       145       146       126       141
       145       146       115       116       147       148       145       146
       126       141       145       146        84        85        86        87
        90        91        92        93        88        89        90        91
        92        93        90        91        92        93        88        89
        90        91        92        93        94        95        96        97
       144       145       125       140       144       145       147        98
       115       144       145       125       140       144       145        99
       100       101       102       107       108       109       110       103
       104       105       106       107       108       109       110       107
       108       109       110       103       104       105       106       107
       108       109       110       111       112       113       114       145
       146       126       141       145       146       147       148       115
       116       145       146       126       141       145       146        84
        85        86        87        90        91        92        93        90
        91        92        93        88        89        88        89        90
        91        92        93        90        91        92        93        94
        95        96        97       144       145       125       140       147
       144       145       144       145        98       115       125       140
       144       145        99       100       101       102       107       108
       109       110       107       108       109       110       103       104
       105       106       103       104       105       106       107       108
       109       110       107       108       109       110       111       112
       113       114       145       146       126       141       147       148
       145       146       145       146       115       116       126       141
       145       146       117       118       119       120       121       122
       119       120       121       122       119       120       121       122
       119       120       121       122       119       120       121       122
       119       120       121       122       123       124       125       126
       149       125       126       125       126       125       126       125
       126       127       142       125       126       128       129       130
       131       132       133       134       135       132       133       134
       135       132       133       134       135       132       133       134
       135       132       133       134       135       132       133       134
       135       136       137       138       139       140       141       149
       150       140       141       140       141       140       141       140
       141       142       143       140       141        84        85        86
        87        88        89        90        91        92        93        90
        91        92        93        90        91        92        93        90
        91        92        93        88        89        94        95        96
        97       147       125       140       144       145       144       145
       144       145       144       145       125       140        98       115
        99       100       101       102       103       104       105       106
       107       108       109       110       107       108       109       110
       107       108       109       110       107       108       109       110
       103       104       105       106       111       112       113       114
       147       148       126       141       145       146       145       146
       145       146       145       146       126       141       115       116
 LA34V
         0        44        44        44       132       132       220       220
       396       396       660       660      1012      1012      1276      1276
      1452      1452      1540      1540      2244      3036      3036      3916
      3916      3872      3872      2992      2992      2200      1496      1496
         0         0        44        44       132       132       132       220
       220       220       396       396       396       660       660       660
      1012      1012      1012      1276      1276      1276      1452      1452
      1540      1540      2244      3036      3036      3916      3916      3872
      3872      2992      2992      2200      1496      1496         0         0
         0        44       132       132       132       132       220       220
       220       220       396       396       396       396       660       660
       660       660      1012      1012      1012      1012      1276      1276
      1276      1276      1452      1452      1452      1452      1540      1540
      2244      2244      3036      3036      3916      3916      3872      3872
      2992      2992      2200      2200      1496      1496         0         0
         0         0       132       132       132       132       220       220
       220       220       396       396       396       396       660       660
       660       660      1012      1012      1012      1012      1276      1276
      1276      1276      1452      1452      1452      1452      1540      1540
      2244      2244      3036      3036      3916      3916      3872      3872
      2992      2992      2200      2200      1496      1496        88        88
         0        44        44        44       308       308       484       484
       748       748      1100      1100      1364      1364      1276      1276
      1628      2332      2332      3124      3124      4004      4004      4884
      4884      5852      5852      6732      6732      7524        88        88
        88         0         0        44        44       308       308       308
       484       484       484       748       748       748      1100      1100
      1100      1364      1364      1276      1276      1276      1628      2332
      2332      3124      3124      4004      4004      4884      4884      5852
      5852      6732      6732      7524        88        88        88        88
         0         0         0        44       308       308       308       308
       484       484       484       484       748       748       748       748
      1100      1100      1100      1100      1364      1364      1364      1364
      1276      1276      1276      1276      1628      1628      2332      2332
      3124      3124      4004      4004      4884      4884      5852      5852
      6732      6732      7524      7524        88        88        88        88
         0         0         0         0       308       308       308       308
       484       484       484       484       748       748       748       748
      1100      1100      1100      1100      1364      1364      1364      1364
      1276      1276      1276      1276      1628      1628      2332      2332
      3124      3124      4004      4004      4884      4884      5852      5852
      6732      6732      7524      7524       176       176       264       264
         0        44        44        44       572       572       836       836
      1188      1188      1100      1100      1012      1012      1716      1716
      2420      2420      3212      3212      4092      4972      5940      5940
      6820      6820      7612      7612       176       176       176       264
       264       264         0         0        44        44       572       572
       572       836       836       836      1188      1188      1100      1100
      1100      1012      1012      1012      1716      1716      2420      2420
      3212      3212      4092      4972      5940      5940      6820      6820
      7612      7612       176       176       176       176       264       264
       264       264         0         0         0        44       572       572
       572       572       836       836       836       836      1188      1188
      1188      1188      1100      1100      1100      1100      1012      1012
      1012      1012      1716      1716      2420      2420      3212      3212
      4092      4092      4972      4972      5940      5940      6820      6820
      7612      7612       176       176       176       176       264       264
       264       264         0         0         0         0       572       572
       572       572       836       836       836       836      1188      1188
      1188      1188      1100      1100      1100      1100      1012      1012
      1012      1012      1716      1716      2420      2420      3212      3212
      4092      4092      4972      4972      5940      5940      6820      6820
      7612      7612       352       352       440       440       528       528
         0        44        44        44       924       924       836       836
       748       748       660       660      1804      1804      2508      2508
      3300      4180      4180      5060      5060      6028      6908      6908
      7700      7700       352       352       352       440       440       440
       528       528       528         0         0        44        44       924
       924       836       836       836       748       748       748       660
       660       660      1804      1804      2508      2508      3300      4180
      4180      5060      5060      6028      6908      6908      7700      7700
       352       352       352       352       440       440       440       440
       528       528       528       528         0         0         0        44
       924       924       924       924       836       836       836       836
       748       748       748       748       660       660       660       660
      1804      1804      2508      2508      3300      3300      4180      4180
      5060      5060      6028      6028      6908      6908      7700      7700
       352       352       352       352       440       440       440       440
       528       528       528       528         0         0         0         0
       924       924       924       924       836       836       836       836
       748       748       748       748       660       660       660       660
      1804      1804      2508      2508      3300      3300      4180      4180
      5060      5060      6028      6028      6908      6908      7700      7700
       616       616       704       704       792       792       880       880
         0        44        44        44       572       572       484       484
       396       396      1892      1892      2596      2596      3388      4268
      4268      5148      5148      6116      6996      6996      7788      7788
       616       616       616       704       704       704       792       792
       792       880       880         0         0        44        44       572
       572       572       484       484       484       396       396       396
      1892      1892      2596      2596      3388      4268      4268      5148
      5148      6116      6996      6996      7788      7788       616       616
       616       616       704       704       704       704       792       792
       792       792       880       880       880       880         0         0
         0        44       572       572       572       572       484       484
       484       484       396       396       396       396      1892      1892
      2596      2596      3388      3388      4268      4268      5148      5148
      6116      6116      6996      6996      7788      7788       616       616
       616       616       704       704       704       704       792       792
       792       792       880       880       880       880         0         0
         0         0       572       572       572       572       484       484
       484       484       396       396       396       396      1892      1892
      2596      2596      3388      3388      4268      4268      5148      5148
      6116      6116      6996      6996      7788      7788       968       968
      1056      1056      1144      1144       792       792       528       528
         0        44        44        44       308       308       220       220
      1980      1980      2684      2684      3476      3476      4356      5236
      6204      6204      7084      7084      7876      7876       968       968
       968      1056      1056      1056      1144      1144       792       792
       792       528       528       528         0         0        44        44
       308       308       308       220       220       220      1980      1980
      2684      2684      3476      3476      4356      5236      6204      6204
      7084      7084      7876      7876       968       968       968       968
      1056      1056      1056      1056      1144      1144      1144      1144
       792       792       792       792       528       528       528       528
         0         0         0        44       308       308       308       308
       220       220       220       220      1980      1980      2684      2684
      3476      3476      4356      4356      5236      5236      6204      6204
      7084      7084      7876      7876       968       968       968       968
      1056      1056      1056      1056      1144      1144      1144      1144
       792       792       792       792       528       528       528       528
         0         0         0         0       308       308       308       308
       220       220       220       220      1980      1980      2684      2684
      3476      3476      4356      4356      5236      5236      6204      6204
      7084      7084      7876      7876      1232      1232      1320      1320
      1056      1056       704       704       440       440       264       264
         0        44        44        44       132       132      2068      2772
      2772      3564      3564      4444      4444      5324      5324      6292
      6292      7172      7172      7964      1232      1232      1232      1320
      1320      1056      1056      1056       704       704       704       440
       440       440       264       264       264         0         0        44
        44       132       132       132      2068      2772      2772      3564
      3564      4444      4444      5324      5324      6292      6292      7172
      7172      7964      1232      1232      1232      1232      1320      1320
      1320      1320      1056      1056      1056      1056       704       704
       704       704       440       440       440       440       264       264
       264       264         0         0         0        44       132       132
       132       132      2068      2068      2772      2772      3564      3564
      4444      4444      5324      5324      6292      6292      7172      7172
      7964      7964      1232      1232      1232      1232      1320      1320
      1320      1320      1056      1056      1056      1056       704       704
       704       704       440       440       440       440       264       264
       264       264         0         0         0         0       132       132
       132       132      2068      2068      2772      2772      3564      3564
      4444      4444      5324      5324      6292      6292      7172      7172
      7964      7964      1408      1408      1232      1232       968       968
       616       616       352       352       176       176        88        88
         0        44        44        44      2156      2156      2860      3652
      3652      4532      4532      5412      5412      6380      6380      7260
      8052      8052      1408      1408      1232      1232      1232       968
       968       968       616       616       616       352       352       352
       176       176       176        88        88        88         0         0
        44        44      2156      2156      2860      3652      3652      4532
      4532      5412      5412      6380      6380      7260      8052      8052
      1408      1408      1408      1408      1232      1232      1232      1232
       968       968       968       968       616       616       616       616
       352       352       352       352       176       176       176       176
        88        88        88        88         0         0         0        44
      2156      2156      2860      2860      3652      3652      4532      4532
      5412      5412      6380      6380      7260      7260      8052      8052
      1408      1408      1408      1408      1232      1232      1232      1232
       968       968       968       968       616       616       616       616
       352       352       352       352       176       176       176       176
        88        88        88        88         0         0         0         0
      2156      2156      2860      2860      3652      3652      4532      4532
      5412      5412      6380      6380      7260      7260      8052      8052
      1496      1496      1496      1496      1584      1584      1672      1672
      1672      1672      1760      1760      1760      1760      1848      1848
      1848      1848      1936      1936      1936      1936      2024      2024
      2112      2112      2112      2112         0        44      2948      2948
      3740      3740      4620      4620      5500      5500      6468      6468
      7348      7348      8140      1496      1496      1496      1496      1584
      1584      1584      1584      1672      1672      1672      1672      1760
      1760      1760      1760      1848      1848      1848      1848      1936
      1936      1936      1936      2024      2024      2024      2024      2112
      2112      2112      2112         0         0      2948      2948      3740
      3740      4620      4620      5500      5500      6468      6468      7348
      7348      8140      8140      2200      2200      2288      2288      2288
      2288      2376      2376      2376      2376      2464      2464      2464
      2464      2552      2552      2552      2552      2640      2640      2640
      2640      2728      2728      2728      2728      2816      2816      2904
      2904         0        44      3828      3828      4708      4708      5588
      5588      6556      6556      7436      7348      7348      2200      2200
      2200      2200      2288      2288      2288      2288      2376      2376
      2376      2376      2464      2464      2464      2464      2552      2552
      2552      2552      2640      2640      2640      2640      2728      2728
      2728      2728      2816      2816      2816      2816      2904      2904
         0         0      3828      3828      4708      4708      5588      5588
      6556      6556      7436      7436      7348      7348      2992      2992
      2992      2992      3080      3080      3080      3080      3168      3168
      3168      3168      3256      3256      3344      3344      3432      3432
      3432      3432      3520      3520      3520      3520      3608      3608
      3608      3608      3696      3696      3784      3784         0        44
      4796      4796      5676      5676      6644      6556      6556      6468
      6468      2992      2992      2992      2992      3080      3080      3080
      3080      3168      3168      3168      3168      3256      3256      3256
      3256      3344      3344      3344      3344      3432      3432      3432
      3432      3520      3520      3520      3520      3608      3608      3608
      3608      3696      3696      3784      3784         0         0      4796
      4796      5676      5676      6644      6644      6556      6556      6468
      6468      3872      3872      3872      3872      3960      3960      3960
      3960      4048      4048      4136      4136      4136      4136      4224
      4224      4224      4224      4312      4312      4400      4400      4400
      4400      4488      4488      4488      4488      4576      4576      4664
      4664      4752      4752         0        44      5764      5676      5676
      5588      5588      5500      5500      3872      3872      3872      3872
      3960      3960      3960      3960      4048      4048      4048      4048
      4136      4136      4136      4136      4224      4224      4224      4224
      4312      4312      4312      4312      4400      4400      4400      4400
      4488      4488      4488      4488      4576      4576      4664      4664
      4752      4752         0         0      5764      5764      5676      5676
      5588      5588      5500      5500      3916      3916      3916      3916
      4840      4840      4840      4840      4928      4928      5016      5016
      5016      5016      5104      5104      5104      5104      5192      5192
      5280      5280      5280      5280      5368      5368      5368      5368
      5456      5456      5544      5544      5632      5632      5720         0
        44      4796      4796      4708      4708      4620      4620      3916
      3916      3916      3916      4840      4840      4840      4840      4928
      4928      4928      4928      5016      5016      5016      5016      5104
      5104      5104      5104      5192      5192      5192      5192      5280
      5280      5280      5280      5368      5368      5368      5368      5456
      5456      5544      5544      5632      5632      5720      5720         0
         0      4796      4796      4708      4708      4620      4620      3036
      3036      3036      3036      5808      5808      5808      5808      5896
      5896      5896      5896      5984      5984      6072      6072      6160
      6160      6160      6160      6248      6248      6248      6248      6336
      6336      6336      6336      6424      6424      6512      6512      6600
      5632      5632      4752      4752         0        44      3828      3828
      3740      3740      3036      3036      3036      3036      5808      5808
      5808      5808      5896      5896      5896      5896      5984      5984
      5984      5984      6072      6072      6072      6072      6160      6160
      6160      6160      6248      6248      6248      6248      6336      6336
      6336      6336      6424      6424      6512      6512      6600      6600
      5632      5632      4752      4752         0         0      3828      3828
      3740      3740      2244      2244      6688      6688      6688      6688
      6776      6776      6776      6776      6864      6864      6864      6864
      6952      6952      6952      6952      7040      7040      7040      7040
      7128      7128      7128      7128      7216      7216      7304      7304
      7392      6512      6512      5544      5544      4664      4664      3784
      3784         0        44      2948      2948      2244      2244      2244
      2244      6688      6688      6688      6688      6776      6776      6776
      6776      6864      6864      6864      6864      6952      6952      6952
      6952      7040      7040      7040      7040      7128      7128      7128
      7128      7216      7216      7216      7216      7304      7304      7392
      7392      6512      6512      5544      5544      4664      4664      3784
      3784         0         0      2948      2948      1540      1540      1540
      1540      7480      7480      7568      7568      7568      7568      7656
      7656      7656      7656      7744      7744      7744      7744      7832
      7832      7832      7832      7920      7920      8008      8008      8008
      8008      8096      7304      7304      6424      6424      5456      5456
      4576      4576      3696      3696      2904      2904         0        44
      1540      1540      1540      1540      7480      7480      7480      7480
      7568      7568      7568      7568      7656      7656      7656      7656
      7744      7744      7744      7744      7832      7832      7832      7832
      7920      7920      7920      7920      8008      8008      8008      8008
      8096      8096      7304      7304      6424      6424      5456      5456
      4576      4576      3696      3696      2904      2904         0         0
 LA34F
       186
 NGSHG
         0         1        13        19        43         0         0         0
         0         0         0         0         0         0         0         0
         0         0         0         0         0         0         0         0
         0         0         0         0         0         0         0         0
         0         0         0         0         0         0         0         0
         0         0         0         0        43        44        56        62
        86         0         0         0         0         0         0         0
         0         0         0         0         0         0         0         0
         0         0         0         0         0         0         0         0
         0         0         0         0         0         0         0         0
         0         0         0         0         0         0         0         0
        86        88        92        96       104       110       114       126
         0         0         0         0         0         0         0         0
         0         0         0         0         0         0         0         0
         0         0         0         0         0         0         0         0
         0         0         0         0         0         0         0         0
         0         0         0         0       129       131       135       139
       147       153       157       169         0         0         0         0
         0         0         0         0         0         0         0         0
         0         0         0         0         0         0         0         0
         0         0         0         0         0         0         0         0
         0         0         0         0         0         0         0         0
       172       174       178       182       190       196       200       212
         0         0         0         0         0         0         0         0
         0         0         0         0         0         0         0         0
         0         0         0         0         0         0         0         0
         0         0         0         0         0         0         0         0
         0         0         0         0       215       217       221       225
       233       239       243       255         0         0         0         0
         0         0         0         0         0         0         0         0
         0         0         0         0         0         0         0         0
         0         0         0         0         0         0         0         0
         0         0         0         0         0         0         0         0
       258       260       264       268       276       282       286       298
         0         0         0         0         0         0         0         0
         0         0         0         0         0         0         0         0
         0         0         0         0         0         0         0         0
         0         0         0         0         0         0         0         0
         0         0         0         0       301       303       307       311
       319       325       329       341         0         0         0         0
         0         0         0         0         0         0         0         0
         0         0         0         0         0         0         0         0
         0         0         0         0         0         0         0         0
         0         0         0         0         0         0         0         0
       344       346       350       354       362       368       372       384
         0         0         0         0         0         0         0         0
         0         0         0         0         0         0         0         0
         0         0         0         0         0         0         0         0
         0         0         0         0         0         0         0         0
         0         0         0         0       387       389       393       397
       405       411       415       427         0         0         0         0
         0         0         0         0         0         0         0         0
         0         0         0         0         0         0         0         0
         0         0         0         0         0         0         0         0
         0         0         0         0         0         0         0         0
       430       432       436       440       448       454       458       470
         0         0         0         0         0         0         0         0
         0         0         0         0         0         0         0         0
         0         0         0         0         0         0         0         0
         0         0         0         0         0         0         0         0
         0         0         0         0       473       475       479       483
       491       497       501       513         0         0         0         0
         0         0         0         0         0         0         0         0
         0         0         0         0         0         0         0         0
         0         0         0         0         0         0         0         0
         0         0         0         0         0         0         0         0
       516       518       522       526       534       540       544       556
         0         0         0         0         0         0         0         0
         0         0         0         0         0         0         0         0
         0         0         0         0         0         0         0         0
         0         0         0         0         0         0         0         0
         0         0         0         0       559       561       565       569
       577       583       587       599         0         0         0         0
         0         0         0         0         0         0         0         0
         0         0         0         0         0         0         0         0
         0         0         0         0         0         0         0         0
         0         0         0         0         0         0         0         0
       602       604       608       612       620       626       630       642
         0         0         0         0         0         0         0         0
         0         0         0         0         0         0         0         0
         0         0         0         0         0         0         0         0
         0         0         0         0         0         0         0         0
         0         0         0         0       645       647       651       655
       663       669       673       685         0         0         0         0
         0         0         0         0         0         0         0         0
         0         0         0         0         0         0         0         0
         0         0         0         0         0         0         0         0
         0         0         0         0         0         0         0         0
       688       690       694       698       706       712       716       728
         0         0         0         0         0         0         0         0
         0         0         0         0         0         0         0         0
         0         0         0         0         0         0         0         0
         0         0         0         0         0         0         0         0
         0         0         0         0       731       733       737       741
       749       755       759       771         0         0         0         0
         0         0         0         0         0         0         0         0
         0         0         0         0         0         0         0         0
         0         0         0         0         0         0         0         0
         0         0         0         0         0         0         0         0
       774       776       780       784       792       798       802       814
         0         0         0         0         0         0         0         0
         0         0         0         0         0         0         0         0
         0         0         0         0         0         0         0         0
         0         0         0         0         0         0         0         0
         0         0         0         0       817       819       823       827
       835       841       845       857         0         0         0         0
         0         0         0         0         0         0         0         0
         0         0         0         0         0         0         0         0
         0         0         0         0         0         0         0         0
         0         0         0         0         0         0         0         0
       860       866       874       898         0         0         0         0
         0         0         0         0         0         0         0         0
         0         0         0         0         0         0         0         0
         0         0         0         0         0         0         0         0
         0         0         0         0         0         0         0         0
         0         0         0         0       903       909       917       941
         0         0         0         0         0         0         0         0
         0         0         0         0         0         0         0         0
         0         0         0         0         0         0         0         0
         0         0         0         0         0         0         0         0
         0         0         0         0         0         0         0         0
       946       948       952       956       964       970       974       986
         0         0         0         0         0         0         0         0
         0         0         0         0         0         0         0         0
         0         0         0         0         0         0         0         0
         0         0         0         0         0         0         0         0
         0         0         0         0       989       991       995       999
      1007      1013      1017      1029         0         0         0         0
         0         0         0         0         0         0         0         0
         0         0         0         0         0         0         0         0
         0         0         0         0         0         0         0         0
         0         0         0         0         0         0         0         0
      1032      1034      1038      1042      1050      1056      1060      1072
         0         0         0         0         0         0         0         0
         0         0         0         0         0         0         0         0
         0         0         0         0         0         0         0         0
         0         0         0         0         0         0         0         0
         0         0         0         0      1075      1077      1081      1085
      1093      1099      1103      1115         0         0         0         0
         0         0         0         0         0         0         0         0
         0         0         0         0         0         0         0         0
         0         0         0         0         0         0         0         0
         0         0         0         0         0         0         0         0
      1118      1124      1132      1156         0         0         0         0
         0         0         0         0         0         0         0         0
         0         0         0         0         0         0         0         0
         0         0         0         0         0         0         0         0
         0         0         0         0         0         0         0         0
         0         0         0         0      1161      1167      1175      1199
         0         0         0         0         0         0         0         0
         0         0         0         0         0         0         0         0
         0         0         0         0         0         0         0         0
         0         0         0         0         0         0         0         0
         0         0         0         0         0         0         0         0
      1204      1206      1210      1214      1222      1228      1232      1244
         0         0         0         0         0         0         0         0
         0         0         0         0         0         0         0         0
         0         0         0         0         0         0         0         0
         0         0         0         0         0         0         0         0
         0         0         0         0      1247      1249      1253      1257
      1265      1271      1275      1287         0         0         0         0
         0         0         0         0         0         0         0         0
         0         0         0         0         0         0         0         0
         0         0         0         0         0         0         0         0
         0         0         0         0         0         0         0         0
      1290      1296      1304      1328         0         0         0         0
         0         0         0         0         0         0         0         0
         0         0         0         0         0         0         0         0
         0         0         0         0         0         0         0         0
         0         0         0         0         0         0         0         0
         0         0         0         0      1333      1339      1347      1371
         0         0         0         0         0         0         0         0
         0         0         0         0         0         0         0         0
         0         0         0         0         0         0         0         0
         0         0         0         0         0         0         0         0
         0         0         0         0         0         0         0         0
      1376      1382      1390      1414         0         0         0         0
         0         0         0         0         0         0         0         0
         0         0         0         0         0         0         0         0
         0         0         0         0         0         0         0         0
         0         0         0         0         0         0         0         0
         0         0         0         0      1419      1425      1433      1457
         0         0         0         0         0         0         0         0
         0         0         0         0         0         0         0         0
         0         0         0         0         0         0         0         0
         0         0         0         0         0         0         0         0
         0         0         0         0         0         0         0         0
      1462      1463      1467      1472      1476      1484         0         0
         0         0         0         0         0         0         0         0
         0         0         0         0         0         0         0         0
         0         0         0         0         0         0         0         0
         0         0         0         0         0         0         0         0
         0         0         0         0      1505      1506      1510      1515
      1519      1527         0         0         0         0         0         0
         0         0         0         0         0         0         0         0
         0         0         0         0         0         0         0         0
         0         0         0         0         0         0         0         0
         0         0         0         0         0         0         0         0
      1548      1552      1564         0         0         0         0         0
         0         0         0         0         0         0         0         0
         0         0         0         0         0         0         0         0
         0         0         0         0         0         0         0         0
         0         0         0         0         0         0         0         0
         0         0         0         0      1591      1595      1607         0
         0         0         0         0         0         0         0         0
         0         0         0         0         0         0         0         0
         0         0         0         0         0         0         0         0
         0         0         0         0         0         0         0         0
         0         0         0         0         0         0         0         0
      1634      1635      1639      1644      1648      1656         0         0
         0         0         0         0         0         0         0         0
         0         0         0         0         0         0         0         0
         0         0         0         0         0         0         0         0
         0         0         0         0         0         0         0         0
         0         0         0         0      1677      1678      1682      1687
      1691      1699         0         0         0         0         0         0
         0         0         0         0         0         0         0         0
         0         0         0         0         0         0         0         0
         0         0         0         0         0         0         0         0
         0         0         0         0         0         0         0         0
      1720      1721      1725      1730      1734      1742         0         0
         0         0         0         0         0         0         0         0
         0         0         0         0         0         0         0         0
         0         0         0         0         0         0         0         0
         0         0         0         0         0         0         0         0
         0         0         0         0      1763      1764      1768      1773
      1777      1785         0         0         0         0         0         0
         0         0         0         0         0         0         0         0
         0         0         0         0         0         0         0         0
         0         0         0         0         0         0         0         0
         0         0         0         0         0         0         0         0
      1806      1807      1811      1816      1820      1828         0         0
         0         0         0         0         0         0         0         0
         0         0         0         0         0         0         0         0
         0         0         0         0         0         0         0         0
         0         0         0         0         0         0         0         0
         0         0         0         0      1849      1850      1854      1859
      1863      1871         0         0         0         0         0         0
         0         0         0         0         0         0         0         0
         0         0         0         0         0         0         0         0
         0         0         0         0         0         0         0         0
         0         0         0         0         0         0         0         0
      1892      1893      1897      1902      1906      1914         0         0
         0         0         0         0         0         0         0         0
         0         0         0         0         0         0         0         0
         0         0         0         0         0         0         0         0
         0         0         0         0         0         0         0         0
         0         0         0         0      1935      1936      1940      1945
      1949      1957         0         0         0         0         0         0
         0         0         0         0         0         0         0         0
         0         0         0         0         0         0         0         0
         0         0         0         0         0         0         0         0
         0         0         0         0         0         0         0         0
      1978      1982      1994         0         0         0         0         0
         0         0         0         0         0         0         0         0
         0         0         0         0         0         0         0         0
         0         0         0         0         0         0         0         0
         0         0         0         0         0         0         0         0
         0         0         0         0      2021      2025      2037         0
         0         0         0         0         0         0         0         0
         0         0         0         0         0         0         0         0
         0         0         0         0         0         0         0         0
         0         0         0         0         0         0         0         0
         0         0         0         0         0         0         0         0
      2064      2065      2069      2074      2078      2086         0         0
         0         0         0         0         0         0         0         0
         0         0         0         0         0         0         0         0
         0         0         0         0         0         0         0         0
         0         0         0         0         0         0         0         0
         0         0         0         0      2107      2108      2112      2117
      2121      2129         0         0         0         0         0         0
         0         0         0         0         0         0         0         0
         0         0         0         0         0         0         0         0
         0         0         0         0         0         0         0         0
         0         0         0         0         0         0         0         0
      2150      2154      2166         0         0         0         0         0
         0         0         0         0         0         0         0         0
         0         0         0         0         0         0         0         0
         0         0         0         0         0         0         0         0
         0         0         0         0         0         0         0         0
         0         0         0         0      2193      2197      2209         0
         0         0         0         0         0         0         0         0
         0         0         0         0         0         0         0         0
         0         0         0         0         0         0         0         0
         0         0         0         0         0         0         0         0
         0         0         0         0         0         0         0         0
      2236      2237      2241      2246      2250      2258         0         0
         0         0         0         0         0         0         0         0
         0         0         0         0         0         0         0         0
         0         0         0         0         0         0         0         0
         0         0         0         0         0         0         0         0
         0         0         0         0      2279      2280      2284      2289
      2293      2301         0         0         0         0         0         0
         0         0         0         0         0         0         0         0
         0         0         0         0         0         0         0         0
         0         0         0         0         0         0         0         0
         0         0         0         0         0         0         0         0
      2322      2323      2327      2332      2336      2344         0         0
         0         0         0         0         0         0         0         0
         0         0         0         0         0         0         0         0
         0         0         0         0         0         0         0         0
         0         0         0         0         0         0         0         0
         0         0         0         0      2365      2366      2370      2375
      2379      2387         0         0         0         0         0         0
         0         0         0         0         0         0         0         0
         0         0         0         0         0         0         0         0
         0         0         0         0         0         0         0         0
         0         0         0         0         0         0         0         0
      2408      2409      2413      2418      2422      2430         0         0
         0         0         0         0         0         0         0         0
         0         0         0         0         0         0         0         0
         0         0         0         0         0         0         0         0
         0         0         0         0         0         0         0         0
         0         0         0         0      2451      2452      2456      2461
      2465      2473         0         0         0         0         0         0
         0         0         0         0         0         0         0         0
         0         0         0         0         0         0         0         0
         0         0         0         0         0         0         0         0
         0         0         0         0         0         0         0         0
      2494      2495      2499      2504      2508      2516         0         0
         0         0         0         0         0         0         0         0
         0         0         0         0         0         0         0         0
         0         0         0         0         0         0         0         0
         0         0         0         0         0         0         0         0
         0         0         0         0      2537      2538      2542      2547
      2551      2559         0         0         0         0         0         0
         0         0         0         0         0         0         0         0
         0         0         0         0         0         0         0         0
         0         0         0         0         0         0         0         0
         0         0         0         0         0         0         0         0
      2580      2581      2585      2590      2594      2602         0         0
         0         0         0         0         0         0         0         0
         0         0         0         0         0         0         0         0
         0         0         0         0         0         0         0         0
         0         0         0         0         0         0         0         0
         0         0         0         0      2623      2624      2628      2633
      2637      2645         0         0         0         0         0         0
         0         0         0         0         0         0         0         0
         0         0         0         0         0         0         0         0
         0         0         0         0         0         0         0         0
         0         0         0         0         0         0         0         0
      2666      2667      2671      2676      2680      2688         0         0
         0         0         0         0         0         0         0         0
         0         0         0         0         0         0         0         0
         0         0         0         0         0         0         0         0
         0         0         0         0         0         0         0         0
         0         0         0         0      2709      2710      2714      2719
      2723      2731         0         0         0         0         0         0
         0         0         0         0         0         0         0         0
         0         0         0         0         0         0         0         0
         0         0         0         0         0         0         0         0
         0         0         0         0         0         0         0         0
      2752      2756      2768         0         0         0         0         0
         0         0         0         0         0         0         0         0
         0         0         0         0         0         0         0         0
         0         0         0         0         0         0         0         0
         0         0         0         0         0         0         0         0
         0         0         0         0      2795      2799      2811         0
         0         0         0         0         0         0         0         0
         0         0         0         0         0         0         0         0
         0         0         0         0         0         0         0         0
         0         0         0         0         0         0         0         0
         0         0         0         0         0         0         0         0
      2838      2840      2844         0         0         0         0         0
         0         0         0         0         0         0         0         0
         0         0         0         0         0         0         0         0
         0         0         0         0         0         0         0         0
         0         0         0         0         0         0         0         0
         0         0         0         0      2881      2883      2887         0
         0         0         0         0         0         0         0         0
         0         0         0         0         0         0         0         0
         0         0         0         0         0         0         0         0
         0         0         0         0         0         0         0         0
         0         0         0         0         0         0         0         0
      2924      2925      2929      2934      2938      2946         0         0
         0         0         0         0         0         0         0         0
         0         0         0         0         0         0         0         0
         0         0         0         0         0         0         0         0
         0         0         0         0         0         0         0         0
         0         0         0         0      2967      2968      2972      2977
      2981      2989         0         0         0         0         0         0
         0         0         0         0         0         0         0         0
         0         0         0         0         0         0         0         0
         0         0         0         0         0         0         0         0
         0         0         0         0         0         0         0         0
      3010      3011      3015      3020      3024      3032         0         0
         0         0         0         0         0         0         0         0
         0         0         0         0         0         0         0         0
         0         0         0         0         0         0         0         0
         0         0         0         0         0         0         0         0
         0         0         0         0      3053      3054      3058      3063
      3067      3075         0         0         0         0         0         0
         0         0         0         0         0         0         0         0
         0         0         0         0         0         0         0         0
         0         0         0         0         0         0         0         0
         0         0         0         0         0         0         0         0
      3096      3097      3101      3106      3110      3118         0         0
         0         0         0         0         0         0         0         0
         0         0         0         0         0         0         0         0
         0         0         0         0         0         0         0         0
         0         0         0         0         0         0         0         0
         0         0         0         0      3139      3140      3144      3149
      3153      3161         0         0         0         0         0         0
         0         0         0         0         0         0         0         0
         0         0         0         0         0         0         0         0
         0         0         0         0         0         0         0         0
         0         0         0         0         0         0         0         0
      3182      3186      3198         0         0         0         0         0
         0         0         0         0         0         0         0         0
         0         0         0         0         0         0         0         0
         0         0         0         0         0         0         0         0
         0         0         0         0         0         0         0         0
         0         0         0         0      3225      3229      3241         0
         0         0         0         0         0         0         0         0
         0         0         0         0         0         0         0         0
         0         0         0         0         0         0         0         0
         0         0         0         0         0         0         0         0
         0         0         0         0         0         0         0         0
      3268      3272      3284         0         0         0         0         0
         0         0         0         0         0         0         0         0
         0         0         0         0         0         0         0         0
         0         0         0         0         0         0         0         0
         0         0         0         0         0         0         0         0
         0         0         0         0      3311      3315      3327         0
         0         0         0         0         0         0         0         0
         0         0         0         0         0         0         0         0
         0         0         0         0         0         0         0         0
         0         0         0         0         0         0         0         0
         0         0         0         0         0         0         0         0
      3354      3355      3359      3364      3368      3376         0         0
         0         0         0         0         0         0         0         0
         0         0         0         0         0         0         0         0
         0         0         0         0         0         0         0         0
         0         0         0         0         0         0         0         0
         0         0         0         0      3397      3398      3402      3407
      3411      3419         0         0         0         0         0         0
         0         0         0         0         0         0         0         0
         0         0         0         0         0         0         0         0
         0         0         0         0         0         0         0         0
         0         0         0         0         0         0         0         0
      3440      3441      3445      3450      3454      3462         0         0
         0         0         0         0         0         0         0         0
         0         0         0         0         0         0         0         0
         0         0         0         0         0         0         0         0
         0         0         0         0         0         0         0         0
         0         0         0         0      3483      3484      3488      3493
      3497      3505         0         0         0         0         0         0
         0         0         0         0         0         0         0         0
         0         0         0         0         0         0         0         0
         0         0         0         0         0         0         0         0
         0         0         0         0         0         0         0         0
      3526      3527      3531      3536      3540      3548         0         0
         0         0         0         0         0         0         0         0
         0         0         0         0         0         0         0         0
         0         0         0         0         0         0         0         0
         0         0         0         0         0         0         0         0
         0         0         0         0      3569      3570      3574      3579
      3583      3591         0         0         0         0         0         0
         0         0         0         0         0         0         0         0
         0         0         0         0         0         0         0         0
         0         0         0         0         0         0         0         0
         0         0         0         0         0         0         0         0
      3612      3614      3618         0         0         0         0         0
         0         0         0         0         0         0         0         0
         0         0         0         0         0         0         0         0
         0         0         0         0         0         0         0         0
         0         0         0         0         0         0         0         0
         0         0         0         0      3655      3657      3661         0
         0         0         0         0         0         0         0         0
         0         0         0         0         0         0         0         0
         0         0         0         0         0         0         0         0
         0         0         0         0         0         0         0         0
         0         0         0         0         0         0         0         0
      3698      3700      3704         0         0         0         0         0
         0         0         0         0         0         0         0         0
         0         0         0         0         0         0         0         0
         0         0         0         0         0         0         0         0
         0         0         0         0         0         0         0         0
         0         0         0         0      3741      3743      3747         0
         0         0         0         0         0         0         0         0
         0         0         0         0         0         0         0         0
         0         0         0         0         0         0         0         0
         0         0         0         0         0         0         0         0
         0         0         0         0         0         0         0         0
      3784      3785      3789      3794      3798      3806         0         0
         0         0         0         0         0         0         0         0
         0         0         0         0         0         0         0         0
         0         0         0         0         0         0         0         0
         0         0         0         0         0         0         0         0
         0         0         0         0      3827      3828      3832      3837
      3841      3849         0         0         0         0         0         0
         0         0         0         0         0         0         0         0
         0         0         0         0         0         0         0         0
         0         0         0         0         0         0         0         0
         0         0         0         0         0         0         0         0
      3870      3871      3875      3880      3884      3892         0         0
         0         0         0         0         0         0         0         0
         0         0         0         0         0         0         0         0
         0         0         0         0         0         0         0         0
         0         0         0         0         0         0         0         0
         0         0         0         0      3913      3914      3918      3923
      3927      3935         0         0         0         0         0         0
         0         0         0         0         0         0         0         0
         0         0         0         0         0         0         0         0
         0         0         0         0         0         0         0         0
         0         0         0         0         0         0         0         0
      3956      3960      3972         0         0         0         0         0
         0         0         0         0         0         0         0         0
         0         0         0         0         0         0         0         0
         0         0         0         0         0         0         0         0
         0         0         0         0         0         0         0         0
         0         0         0         0      3999      4003      4015         0
         0         0         0         0         0         0         0         0
         0         0         0         0         0         0         0         0
         0         0         0         0         0         0         0         0
         0         0         0         0         0         0         0         0
         0         0         0         0         0         0         0         0
      4042      4043      4047      4052      4056      4064         0         0
         0         0         0         0         0         0         0         0
         0         0         0         0         0         0         0         0
         0         0         0         0         0         0         0         0
         0         0         0         0         0         0         0         0
         0         0         0         0      4085      4086      4090      4095
      4099      4107         0         0         0         0         0         0
         0         0         0         0         0         0         0         0
         0         0         0         0         0         0         0         0
         0         0         0         0         0         0         0         0
         0         0         0         0         0         0         0         0
      4128      4129      4133      4138      4142      4150         0         0
         0         0         0         0         0         0         0         0
         0         0         0         0         0         0         0         0
         0         0         0         0         0         0         0         0
         0         0         0         0         0         0         0         0
         0         0         0         0      4171      4172      4176      4181
      4185      4193         0         0         0         0         0         0
         0         0         0         0         0         0         0         0
         0         0         0         0         0         0         0         0
         0         0         0         0         0         0         0         0
         0         0         0         0         0         0         0         0
      4214      4218      4230         0         0         0         0         0
         0         0         0         0         0         0         0         0
         0         0         0         0         0         0         0         0
         0         0         0         0         0         0         0         0
         0         0         0         0         0         0         0         0
         0         0         0         0      4257      4261      4273         0
         0         0         0         0         0         0         0         0
         0         0         0         0         0         0         0         0
         0         0         0         0         0         0         0         0
         0         0         0         0         0         0         0         0
         0         0         0         0         0         0         0         0
      4300      4301      4305      4310      4314      4322         0         0
         0         0         0         0         0         0         0         0
         0         0         0         0         0         0         0         0
         0         0         0         0         0         0         0         0
         0         0         0         0         0         0         0         0
         0         0         0         0      4343      4344      4348      4353
      4357      4365         0         0         0         0         0         0
         0         0         0         0         0         0         0         0
         0         0         0         0         0         0         0         0
         0         0         0         0         0         0         0         0
         0         0         0         0         0         0         0         0
      4386      4387      4391      4396      4400      4408         0         0
         0         0         0         0         0         0         0         0
         0         0         0         0         0         0         0         0
         0         0         0         0         0         0         0         0
         0         0         0         0         0         0         0         0
         0         0         0         0      4429      4430      4434      4439
      4443      4451         0         0         0         0         0         0
         0         0         0         0         0         0         0         0
         0         0         0         0         0         0         0         0
         0         0         0         0         0         0         0         0
         0         0         0         0         0         0         0         0
      4472      4474      4478         0         0         0         0         0
         0         0         0         0         0         0         0         0
         0         0         0         0         0         0         0         0
         0         0         0         0         0         0         0         0
         0         0         0         0         0         0         0         0
         0         0         0         0      4515      4517      4521         0
         0         0         0         0         0         0         0         0
         0         0         0         0         0         0         0         0
         0         0         0         0         0         0         0         0
         0         0         0         0         0         0         0         0
         0         0         0         0         0         0         0         0
      4558      4560      4564         0         0         0         0         0
         0         0         0         0         0         0         0         0
         0         0         0         0         0         0         0         0
         0         0         0         0         0         0         0         0
         0         0         0         0         0         0         0         0
         0         0         0         0      4601      4603      4607         0
         0         0         0         0         0         0         0         0
         0         0         0         0         0         0         0         0
         0         0         0         0         0         0         0         0
         0         0         0         0         0         0         0         0
         0         0         0         0         0         0         0         0
      4644      4646      4650         0         0         0         0         0
         0         0         0         0         0         0         0         0
         0         0         0         0         0         0         0         0
         0         0         0         0         0         0         0         0
         0         0         0         0         0         0         0         0
         0         0         0         0      4687      4689      4693         0
         0         0         0         0         0         0         0         0
         0         0         0         0         0         0         0         0
         0         0         0         0         0         0         0         0
         0         0         0         0         0         0         0         0
         0         0         0         0         0         0         0         0
      4730      4731      4735      4740      4744      4752         0         0
         0         0         0         0         0         0         0         0
         0         0         0         0         0         0         0         0
         0         0         0         0         0         0         0         0
         0         0         0         0         0         0         0         0
         0         0         0         0      4773      4774      4778      4783
      4787      4795         0         0         0         0         0         0
         0         0         0         0         0         0         0         0
         0         0         0         0         0         0         0         0
         0         0         0         0         0         0         0         0
         0         0         0         0         0         0         0         0
      4816      4820      4832         0         0         0         0         0
         0         0         0         0         0         0         0         0
         0         0         0         0         0         0         0         0
         0         0         0         0         0         0         0         0
         0         0         0         0         0         0         0         0
         0         0         0         0      4859      4863      4875         0
         0         0         0         0         0         0         0         0
         0         0         0         0         0         0         0         0
         0         0         0         0         0         0         0         0
         0         0         0         0         0         0         0         0
         0         0         0         0         0         0         0         0
      4902      4903      4907      4912      4916      4924         0         0
         0         0         0         0         0         0         0         0
         0         0         0         0         0         0         0         0
         0         0         0         0         0         0         0         0
         0         0         0         0         0         0         0         0
         0         0         0         0      4945      4946      4950      4955
      4959      4967         0         0         0         0         0         0
         0         0         0         0         0         0         0         0
         0         0         0         0         0         0         0         0
         0         0         0         0         0         0         0         0
         0         0         0         0         0         0         0         0
      4988      4989      4993      4998      5002      5010         0         0
         0         0         0         0         0         0         0         0
         0         0         0         0         0         0         0         0
         0         0         0         0         0         0         0         0
         0         0         0         0         0         0         0         0
         0         0         0         0      5031      5032      5036      5041
      5045      5053         0         0         0         0         0         0
         0         0         0         0         0         0         0         0
         0         0         0         0         0         0         0         0
         0         0         0         0         0         0         0         0
         0         0         0         0         0         0         0         0
      5074      5078      5090         0         0         0         0         0
         0         0         0         0         0         0         0         0
         0         0         0         0         0         0         0         0
         0         0         0         0         0         0         0         0
         0         0         0         0         0         0         0         0
         0         0         0         0      5117      5121      5133         0
         0         0         0         0         0         0         0         0
         0         0         0         0         0         0         0         0
         0         0         0         0         0         0         0         0
         0         0         0         0         0         0         0         0
         0         0         0         0         0         0         0         0
      5160      5161      5165      5170      5174      5182         0         0
         0         0         0         0         0         0         0         0
         0         0         0         0         0         0         0         0
         0         0         0         0         0         0         0         0
         0         0         0         0         0         0         0         0
         0         0         0         0      5203      5204      5208      5213
      5217      5225         0         0         0         0         0         0
         0         0         0         0         0         0         0         0
         0         0         0         0         0         0         0         0
         0         0         0         0         0         0         0         0
         0         0         0         0         0         0         0         0
      5246      5247      5251      5256      5260      5268         0         0
         0         0         0         0         0         0         0         0
         0         0         0         0         0         0         0         0
         0         0         0         0         0         0         0         0
         0         0         0         0         0         0         0         0
         0         0         0         0      5289      5290      5294      5299
      5303      5311         0         0         0         0         0         0
         0         0         0         0         0         0         0         0
         0         0         0         0         0         0         0         0
         0         0         0         0         0         0         0         0
         0         0         0         0         0         0         0         0
      5332      5334      5338         0         0         0         0         0
         0         0         0         0         0         0         0         0
         0         0         0         0         0         0         0         0
         0         0         0         0         0         0         0         0
         0         0         0         0         0         0         0         0
         0         0         0         0      5375      5377      5381         0
         0         0         0         0         0         0         0         0
         0         0         0         0         0         0         0         0
         0         0         0         0         0         0         0         0
         0         0         0         0         0         0         0         0
         0         0         0         0         0         0         0         0
      5418      5420      5424         0         0         0         0         0
         0         0         0         0         0         0         0         0
         0         0         0         0         0         0         0         0
         0         0         0         0         0         0         0         0
         0         0         0         0         0         0         0         0
         0         0         0         0      5461      5463      5467         0
         0         0         0         0         0         0         0         0
         0         0         0         0         0         0         0         0
         0         0         0         0         0         0         0         0
         0         0         0         0         0         0         0         0
         0         0         0         0         0         0         0         0
      5504      5506      5510         0         0         0         0         0
         0         0         0         0         0         0         0         0
         0         0         0         0         0         0         0         0
         0         0         0         0         0         0         0         0
         0         0         0         0         0         0         0         0
         0         0         0         0      5547      5549      5553         0
         0         0         0         0         0         0         0         0
         0         0         0         0         0         0         0         0
         0         0         0         0         0         0         0         0
         0         0         0         0         0         0         0         0
         0         0         0         0         0         0         0         0
      5590      5596         0         0         0         0         0         0
         0         0         0         0         0         0         0         0
         0         0         0         0         0         0         0         0
         0         0         0         0         0         0         0         0
         0         0         0         0         0         0         0         0
         0         0         0         0      5633      5639         0         0
         0         0         0         0         0         0         0         0
         0         0         0         0         0         0         0         0
         0         0         0         0         0         0         0         0
         0         0         0         0         0         0         0         0
         0         0         0         0         0         0         0         0
      5676      5677      5681      5686      5690      5698         0         0
         0         0         0         0         0         0         0         0
         0         0         0         0         0         0         0         0
         0         0         0         0         0         0         0         0
         0         0         0         0         0         0         0         0
         0         0         0         0      5719      5720      5724      5729
      5733      5741         0         0         0         0         0         0
         0         0         0         0         0         0         0         0
         0         0         0         0         0         0         0         0
         0         0         0         0         0         0         0         0
         0         0         0         0         0         0         0         0
      5762      5763      5767      5772      5776      5784         0         0
         0         0         0         0         0         0         0         0
         0         0         0         0         0         0         0         0
         0         0         0         0         0         0         0         0
         0         0         0         0         0         0         0         0
         0         0         0         0      5805      5806      5810      5815
      5819      5827         0         0         0         0         0         0
         0         0         0         0         0         0         0         0
         0         0         0         0         0         0         0         0
         0         0         0         0         0         0         0         0
         0         0         0         0         0         0         0         0
      5848      5852      5864         0         0         0         0         0
         0         0         0         0         0         0         0         0
         0         0         0         0         0         0         0         0
         0         0         0         0         0         0         0         0
         0         0         0         0         0         0         0         0
         0         0         0         0      5891      5895      5907         0
         0         0         0         0         0         0         0         0
         0         0         0         0         0         0         0         0
         0         0         0         0         0         0         0         0
         0         0         0         0         0         0         0         0
         0         0         0         0         0         0         0         0
      5934      5938      5950         0         0         0         0         0
         0         0         0         0         0         0         0         0
         0         0         0         0         0         0         0         0
         0         0         0         0         0         0         0         0
         0         0         0         0         0         0         0         0
         0         0         0         0      5977      5981      5993         0
         0         0         0         0         0         0         0         0
         0         0         0         0         0         0         0         0
         0         0         0         0         0         0         0         0
         0         0         0         0         0         0         0         0
         0         0         0         0         0         0         0         0
      6020      6021      6025      6030      6034      6042         0         0
         0         0         0         0         0         0         0         0
         0         0         0         0         0         0         0         0
         0         0         0         0         0         0         0         0
         0         0         0         0         0         0         0         0
         0         0         0         0      6063      6064      6068      6073
      6077      6085         0         0         0         0         0         0
         0         0         0         0         0         0         0         0
         0         0         0         0         0         0         0         0
         0         0         0         0         0         0         0         0
         0         0         0         0         0         0         0         0
      6106      6107      6111      6116      6120      6128         0         0
         0         0         0         0         0         0         0         0
         0         0         0         0         0         0         0         0
         0         0         0         0         0         0         0         0
         0         0         0         0         0         0         0         0
         0         0         0         0      6149      6150      6154      6159
      6163      6171         0         0         0         0         0         0
         0         0         0         0         0         0         0         0
         0         0         0         0         0         0         0         0
         0         0         0         0         0         0         0         0
         0         0         0         0         0         0         0         0
      6192      6193      6197      6202      6206      6214         0         0
         0         0         0         0         0         0         0         0
         0         0         0         0         0         0         0         0
         0         0         0         0         0         0         0         0
         0         0         0         0         0         0         0         0
         0         0         0         0      6235      6236      6240      6245
      6249      6257         0         0         0         0         0         0
         0         0         0         0         0         0         0         0
         0         0         0         0         0         0         0         0
         0         0         0         0         0         0         0         0
         0         0         0         0         0         0         0         0
      6278      6280      6284         0         0         0         0         0
         0         0         0         0         0         0         0         0
         0         0         0         0         0         0         0         0
         0         0         0         0         0         0         0         0
         0         0         0         0         0         0         0         0
         0         0         0         0      6321      6323      6327         0
         0         0         0         0         0         0         0         0
         0         0         0         0         0         0         0         0
         0         0         0         0         0         0         0         0
         0         0         0         0         0         0         0         0
         0         0         0         0         0         0         0         0
      6364      6366      6370         0         0         0         0         0
         0         0         0         0         0         0         0         0
         0         0         0         0         0         0         0         0
         0         0         0         0         0         0         0         0
         0         0         0         0         0         0         0         0
         0         0         0         0      6407      6409      6413         0
         0         0         0         0         0         0         0         0
         0         0         0         0         0         0         0         0
         0         0         0         0         0         0         0         0
         0         0         0         0         0         0         0         0
         0         0         0         0         0         0         0         0
      6450      6456         0         0         0         0         0         0
         0         0         0         0         0         0         0         0
         0         0         0         0         0         0         0         0
         0         0         0         0         0         0         0         0
         0         0         0         0         0         0         0         0
         0         0         0         0      6493      6499         0         0
         0         0         0         0         0         0         0         0
         0         0         0         0         0         0         0         0
         0         0         0         0         0         0         0         0
         0         0         0         0         0         0         0         0
         0         0         0         0         0         0         0         0
      6536      6537      6541      6546      6550      6558         0         0
         0         0         0         0         0         0         0         0
         0         0         0         0         0         0         0         0
         0         0         0         0         0         0         0         0
         0         0         0         0         0         0         0         0
         0         0         0         0      6579      6580      6584      6589
      6593      6601         0         0         0         0         0         0
         0         0         0         0         0         0         0         0
         0         0         0         0         0         0         0         0
         0         0         0         0         0         0         0         0
         0         0         0         0         0         0         0         0
      6622      6623      6627      6632      6636      6644         0         0
         0         0         0         0         0         0         0         0
         0         0         0         0         0         0         0         0
         0         0         0         0         0         0         0         0
         0         0         0         0         0         0         0         0
         0         0         0         0      6665      6666      6670      6675
      6679      6687         0         0         0         0         0         0
         0         0         0         0         0         0         0         0
         0         0         0         0         0         0         0         0
         0         0         0         0         0         0         0         0
         0         0         0         0         0         0         0         0
      6708      6709      6713      6718      6722      6730         0         0
         0         0         0         0         0         0         0         0
         0         0         0         0         0         0         0         0
         0         0         0         0         0         0         0         0
         0         0         0         0         0         0         0         0
         0         0         0         0      6751      6752      6756      6761
      6765      6773         0         0         0         0         0         0
         0         0         0         0         0         0         0         0
         0         0         0         0         0         0         0         0
         0         0         0         0         0         0         0         0
         0         0         0         0         0         0         0         0
      6794      6795      6799      6804      6808      6816         0         0
         0         0         0         0         0         0         0         0
         0         0         0         0         0         0         0         0
         0         0         0         0         0         0         0         0
         0         0         0         0         0         0         0         0
         0         0         0         0      6837      6838      6842      6847
      6851      6859         0         0         0         0         0         0
         0         0         0         0         0         0         0         0
         0         0         0         0         0         0         0         0
         0         0         0         0         0         0         0         0
         0         0         0         0         0         0         0         0
      6880      6881      6885      6890      6894      6902         0         0
         0         0         0         0         0         0         0         0
         0         0         0         0         0         0         0         0
         0         0         0         0         0         0         0         0
         0         0         0         0         0         0         0         0
         0         0         0         0      6923      6924      6928      6933
      6937      6945         0         0         0         0         0         0
         0         0         0         0         0         0         0         0
         0         0         0         0         0         0         0         0
         0         0         0         0         0         0         0         0
         0         0         0         0         0         0         0         0
      6966      6967      6971      6976      6980      6988         0         0
         0         0         0         0         0         0         0         0
         0         0         0         0         0         0         0         0
         0         0         0         0         0         0         0         0
         0         0         0         0         0         0         0         0
         0         0         0         0      7009      7010      7014      7019
      7023      7031         0         0         0         0         0         0
         0         0         0         0         0         0         0         0
         0         0         0         0         0         0         0         0
         0         0         0         0         0         0         0         0
         0         0         0         0         0         0         0         0
      7052      7056      7068         0         0         0         0         0
         0         0         0         0         0         0         0         0
         0         0         0         0         0         0         0         0
         0         0         0         0         0         0         0         0
         0         0         0         0         0         0         0         0
         0         0         0         0      7095      7099      7111         0
         0         0         0         0         0         0         0         0
         0         0         0         0         0         0         0         0
         0         0         0         0         0         0         0         0
         0         0         0         0         0         0         0         0
         0         0         0         0         0         0         0         0
      7138      7140      7144         0         0         0         0         0
         0         0         0         0         0         0         0         0
         0         0         0         0         0         0         0         0
         0         0         0         0         0         0         0         0
         0         0         0         0         0         0         0         0
         0         0         0         0      7181      7183      7187         0
         0         0         0         0         0         0         0         0
         0         0         0         0         0         0         0         0
         0         0         0         0         0         0         0         0
         0         0         0         0         0         0         0         0
         0         0         0         0         0         0         0         0
      7224      7230         0         0         0         0         0         0
         0         0         0         0         0         0         0         0
         0         0         0         0         0         0         0         0
         0         0         0         0         0         0         0         0
         0         0         0         0         0         0         0         0
         0         0         0         0      7267      7273         0         0
         0         0         0         0         0         0         0         0
         0         0         0         0         0         0         0         0
         0         0         0         0         0         0         0         0
         0         0         0         0         0         0         0         0
         0         0         0         0         0         0         0         0
      7310      7314      7326         0         0         0         0         0
         0         0         0         0         0         0         0         0
         0         0         0         0         0         0         0         0
         0         0         0         0         0         0         0         0
         0         0         0         0         0         0         0         0
         0         0         0         0      7353      7357      7369         0
         0         0         0         0         0         0         0         0
         0         0         0         0         0         0         0         0
         0         0         0         0         0         0         0         0
         0         0         0         0         0         0         0         0
         0         0         0         0         0         0         0         0
      7396      7397      7401      7406      7410      7418         0         0
         0         0         0         0         0         0         0         0
         0         0         0         0         0         0         0         0
         0         0         0         0         0         0         0         0
         0         0         0         0         0         0         0         0
         0         0         0         0      7439      7440      7444      7449
      7453      7461         0         0         0         0         0         0
         0         0         0         0         0         0         0         0
         0         0         0         0         0         0         0         0
         0         0         0         0         0         0         0         0
         0         0         0         0         0         0         0         0
      7482      7483      7487      7492      7496      7504         0         0
         0         0         0         0         0         0         0         0
         0         0         0         0         0         0         0         0
         0         0         0         0         0         0         0         0
         0         0         0         0         0         0         0         0
         0         0         0         0      7525      7526      7530      7535
      7539      7547         0         0         0         0         0         0
         0         0         0         0         0         0         0         0
         0         0         0         0         0         0         0         0
         0         0         0         0         0         0         0         0
         0         0         0         0         0         0         0         0
      7568      7569      7573      7578      7582      7590         0         0
         0         0         0         0         0         0         0         0
         0         0         0         0         0         0         0         0
         0         0         0         0         0         0         0         0
         0         0         0         0         0         0         0         0
         0         0         0         0      7611      7612      7616      7621
      7625      7633         0         0         0         0         0         0
         0         0         0         0         0         0         0         0
         0         0         0         0         0         0         0         0
         0         0         0         0         0         0         0         0
         0         0         0         0         0         0         0         0
      7654      7655      7659      7664      7668      7676         0         0
         0         0         0         0         0         0         0         0
         0         0         0         0         0         0         0         0
         0         0         0         0         0         0         0         0
         0         0         0         0         0         0         0         0
         0         0         0         0      7697      7698      7702      7707
      7711      7719         0         0         0         0         0         0
         0         0         0         0         0         0         0         0
         0         0         0         0         0         0         0         0
         0         0         0         0         0         0         0         0
         0         0         0         0         0         0         0         0
      7740      7744      7756         0         0         0         0         0
         0         0         0         0         0         0         0         0
         0         0         0         0         0         0         0         0
         0         0         0         0         0         0         0         0
         0         0         0         0         0         0         0         0
         0         0         0         0      7783      7787      7799         0
         0         0         0         0         0         0         0         0
         0         0         0         0         0         0         0         0
         0         0         0         0         0         0         0         0
         0         0         0         0         0         0         0         0
         0         0         0         0         0         0         0         0
      7826      7827      7831      7836      7840      7848         0         0
         0         0         0         0         0         0         0         0
         0         0         0         0         0         0         0         0
         0         0         0         0         0         0         0         0
         0         0         0         0         0         0         0         0
         0         0         0         0      7869      7870      7874      7879
      7883      7891         0         0         0         0         0         0
         0         0         0         0         0         0         0         0
         0         0         0         0         0         0         0         0
         0         0         0         0         0         0         0         0
         0         0         0         0         0         0         0         0
      7912      7918         0         0         0         0         0         0
         0         0         0         0         0         0         0         0
         0         0         0         0         0         0         0         0
         0         0         0         0         0         0         0         0
         0         0         0         0         0         0         0         0
         0         0         0         0      7955      7961         0         0
         0         0         0         0         0         0         0         0
         0         0         0         0         0         0         0         0
         0         0         0         0         0         0         0         0
         0         0         0         0         0         0         0         0
         0         0         0         0         0         0         0         0
NQGSHG
         1         2         3         4         5         6         7         8
         9        10        11        12        13        14        15        16
        17        18        19        20        21        22        23        24
        25        26        27        28        29        30        31        32
        33        34        35        36        37        38        39        40
        41        42        43         1         3         2         5         4
         7         6         9         8        11        10        13        12
        15        14        17        16        19        18        21        20
        23        22        25        24        27        26        29        28
        31        30        33        32        35        34        37        36
        39        38        41        40        43        42         1        13
         3         4         9        10         6         7        17        18
         2         5         8        11        31        32        41        42
        12        14        15        27        28        55        23        24
        35        36        16        19        20        21        38        39
        45        46        51        52        73        74         0         0
         0         1        12         2         5         8        11         7
         6        16        19         3         4         9        10        30
        33        40        43        13        15        14        26        29
        54        22        25        34        37        17        18        21
        20        39        38        44        47        50        53        72
        75         0         0         0         1         9        13        11
         3         6         5         4        18        15        12        10
         2         7        41        39        27        36         8        16
        17        31        34        51        32        29        24        21
        19        14        43        42        22        23        55        53
        45        48        78        69         0         0         0         1
         8        12        10         2         7         4         5        19
        14        13        11         3         6        40        38        26
        37         9        17        16        30        35        50        33
        28        25        20        18        15        42        43        23
        22        54        52        44        49        79        68         0
         0         0         1        11         5         6         9        12
         2         3        15        16         4         7         8        13
        29        34        39        43        10        18        19        33
        36        53        21        22        27        30        14        17
        24        25        40        41        47        48        51        54
        71        76         0         0         0         1        10         4
         7         8        13         3         2        14        17         5
         6         9        12        28        35        38        42        11
        19        18        32        37        52        20        23        26
        31        15        16        25        24        41        40        46
        49        50        55        70        77         0         0         0
        13         9         3        18         1        41         4        31
        27         6        32        17        55        10        15        36
        11        51        42        74         7         5        78        39
        45        24        83         2        28        73        62        23
       133         8        21        66        12       129        69        34
         0         0         0        12         8         2        19         1
        40         5        30        26         7        33        16        54
        11        14        37        10        50        43        75         6
         4        79        38        44        25        82         3        29
        72        63        22       132         9        20        67        13
       128        68        35         0         0         0         1         9
         6         3        13        11         5         4        18        15
         7         2        12        10        36        27        41        39
         8        17        16        34        31        51        24        21
        32        29        19        14        23        22        43        42
        48        45        55        53        78        69         0         0
         0         1         8         7         2        12        10         4
         5        19        14         6         3        13        11        37
        26        40        38         9        16        17        35        30
        50        25        20        33        28        18        15        22
        23        42        43        49        44        54        52        79
        68         0         0         0         1        13         3         4
        10         9         6         7        17        18         2         5
        11         8        31        32        42        41        12        14
        15        27        28        55        23        24        35        36
        16        19        20        21        39        38        45        46
        52        51        73        74         0         0         0         1
        12         2         5        11         8         7         6        16
        19         3         4        10         9        30        33        43
        40        13        15        14        26        29        54        22
        25        34        37        17        18        21        20        38
        39        44        47        53        50        72        75         0
         0         0         1         3         9         7        13         5
        10        11        15        17         8         6        12         4
        27        23        31        21         2        19        18        41
        25        45        39        35        29        42        14        16
        37        36        33        32        51        49        55        47
        57        61         0         0         0         1         2         8
         6        12         4        11        10        14        16         9
         7        13         5        26        22        30        20         3
        18        19        40        24        44        38        34        28
        43        15        17        36        37        32        33        50
        48        54        46        56        60         0         0         0
         1         5         7        11        12         3         9         8
        19        15         6        10        13         2        25        29
        33        21         4        16        17        23        43        47
        37        39        40        27        18        14        34        35
        31        30        49        53        54        45        63        59
         0         0         0         1         4         6        10        13
         2         8         9        18        14         7        11        12
         3        24        28        32        20         5        17        16
        22        42        46        36        38        41        26        19
        15        35        34        30        31        48        52        55
        44        62        58         0         0         0         1         7
        10         5         3         8        12        13        17        19
        11         4         2         9        35        25        23        37
         6        15        14        38        21        49        42        33
        31        40        16        18        29        28        26        27
        52        47        45        50        65        67         0         0
         0         1         6        11         4         2         9        13
        12        16        18        10         5         3         8        34
        24        22        36         7        14        15        39        20
        48        43        32        30        41        17        19        28
        29        27        26        53        46        44        51        64
        66         0         0         0         1         5         7         8
        12        19         2         3        10        11        25        33
        37        40         4         6         9        13        14        15
        16        17        21        23        26        29        30        35
        38        43        47        49        50        54        63        67
        75        79         0         0         0         0         0         1
         4         6         9        13        18         3         2        11
        10        24        32        36        41         5         7         8
        12        15        14        17        16        20        22        27
        28        31        34        39        42        46        48        51
        55        62        66        74        78         0         0         0
         0         0        13         3         1        31         9        17
        41        10         7        27        55         4        42        18
         5        45        15        23        32        73         6        11
        61        21         8        83        35        51        74        28
       117         2        77        36        12       105        39        65
        25        57         0         0         0        12         2         1
        30         8        16        40        11         6        26        54
         5        43        19         4        44        14        22        33
        72         7        10        60        20         9        82        34
        50        75        29       116         3        76        37        13
       104        38        64        24        56         0         0         0
         1         3         9         7         5        13        10        11
        15        17         8         6         4        12        27        23
        21        31         2        19        18        41        25        45
        39        35        29        42        14        16        37        36
        32        33        51        49        47        55        57        61
         0         0         0         1         2         8         6         4
        12        11        10        14        16         9         7         5
        13        26        22        20        30         3        18        19
        40        24        44        38        34        28        43        15
        17        36        37        33        32        50        48        46
        54        56        60         0         0         0         1         7
        10        13         3        17         9         8         4         5
        35        23        42        31         6        11        12         2
        18        19        15        14        37        38        41        25
        27        28        32        21        49        52        55        45
        65        77        61        73         0         0         0         0
         0         1         6        11        12         2        16         8
         9         5         4        34        22        43        30         7
        10        13         3        19        18        14        15        36
        39        40        24        26        29        33        20        48
        53        54        44        64        76        60        72         0
         0         0         0         0         3         9         1        27
        13        15        31         5        11        41        45         7
        21        17         6        51        18        39        23        57
        10         4        69        36        12        83        29        55
        61        25       101         8        59        42         2       113
        32        71        34        78         0         0         0         2
         8         1        26        12        14        30         4        10
        40        44         6        20        16         7        50        19
        38        22        56        11         5        68        37        13
        82        28        54        60        24       100         9        58
        43         3       112        33        70        35        79         0
         0         0         1        11         5         3         9        15
        13        12         7         6        29        39        21        27
        10         4         2         8        17        16        18        19
        43        33        31        34        41        25        23        36
        53        47        45        51        71        59        69        57
         0         0         0         0         0         1        10         4
         2         8        14        12        13         6         7        28
        38        20        26        11         5         3         9        16
        17        19        18        42        32        30        35        40
        24        22        37        52        46        44        50        70
        58        68        56         0         0         0         0         0
         3         9        13        27        31        41         1        15
        17        18        45        51        55        83         4         5
         6         7        10        11        21        23        32        36
        39        42        57        61        69        73        74        78
       101       105       113       117       129       133         0         0
         0         0         0         2         8        12        26        30
        40         1        14        16        19        44        50        54
        82         5         4         7         6        11        10        20
        22        33        37        38        43        56        60        68
        72        75        79       100       104       112       116       128
       132         0         0         0         0         0         1         2
         4         8        10         6         7        12        13        14
         3         5         9        11        16        17        18        19
        20        26        28        38         0         0         0         0
         0         0         0         0         0         0         0         0
         0         0         0         0         0         0         0         0
         0         1         3         5         9        11         7         6
        13        12        15         2         4         8        10        17
        16        19        18        21        27        29        39         0
         0         0         0         0         0         0         0         0
         0         0         0         0         0         0         0         0
         0         0         0         0         1         2         8        12
         4         5         6         7        10        11        14        16
        19        26        30        40         0         0         0         0
         0         0         0         0         0         0         0         0
         0         0         0         0         0         0         0         0
         0         0         0         0         0         0         0         1
         3         9        13         5         4         7         6        11
        10        15        17        18        27        31        41         0
         0         0         0         0         0         0         0         0
         0         0         0         0         0         0         0         0
         0         0         0         0         0         0         0         0
         0         0         8         1         2        10        14         4
         7        12        26        38        19        37        40        50
         5         6        13        20        28        30        35        68
         0         0         0         0         0         0         0         0
         0         0         0         0         0         0         0         0
         0         0         0         0         0         9         1         3
        11        15         5         6        13        27        39        18
        36        41        51         4         7        12        21        29
        31        34        69         0         0         0         0         0
         0         0         0         0         0         0         0         0
         0         0         0         0         0         0         0         0
         8        12        40         2        26        30         1        19
        50        14         7        10        37        38         5        54
        16        82        44        79         4        68         0         0
         0         0         0         0         0         0         0         0
         0         0         0         0         0         0         0         0
         0         0         0         9        13        41         3        27
        31         1        18        51        15         6        11        36
        39         4        55        17        83        45        78         5
        69         0         0         0         0         0         0         0
         0         0         0         0         0         0         0         0
         0         0         0         0         0         0         2         1
         4         8        14        10        12         6        20        26
        16        30        22        44        11        13         7        28
        38        24        40        56         0         0         0         0
         0         0         0         0         0         0         0         0
         0         0         0         0         0         0         0         0
         0         3         1         5         9        15        11        13
         7        21        27        17        31        23        45        10
        12         6        29        39        25        41        57         0
         0         0         0         0         0         0         0         0
         0         0         0         0         0         0         0         0
         0         0         0         0         2        12         8        30
        26        40        16         1        14        44         6        22
         4        20        11        19        54        50        82        10
        60        56         0         0         0         0         0         0
         0         0         0         0         0         0         0         0
         0         0         0         0         0         0         0         3
        13         9        31        27        41        17         1        15
        45         7        23         5        21        10        18        55
        51        83        11        61        57         0         0         0
         0         0         0         0         0         0         0         0
         0         0         0         0         0         0         0         0
         0         0         2        26        14         8        44         1
        30         4        20        12        56        40        10        68
        50        38         0         0         0         0         0         0
         0         0         0         0         0         0         0         0
         0         0         0         0         0         0         0         0
         0         0         0         0         0         3        27        15
         9        45         1        31         5        21        13        57
        41        11        69        51        39         0         0         0
         0         0         0         0         0         0         0         0
         0         0         0         0         0         0         0         0
         0         0         0         0         0         0         0         0
        26         2         8        30        40        12        14        44
        50        82        56        68       100       112         1        16
        19        20        38        54       104       128         0         0
         0         0         0         0         0         0         0         0
         0         0         0         0         0         0         0         0
         0         0         0        27         3         9        31        41
        13        15        45        51        83        57        69       101
       113         1        17        18        21        39        55       105
       129         0         0         0         0         0         0         0
         0         0         0         0         0         0         0         0
         0         0         0         0         0         0         1         2
         8        12         4         5         6         7        10        11
        14        16        19        26        30        40         0         0
         0         0         0         0         0         0         0         0
         0         0         0         0         0         0         0         0
         0         0         0         0         0         0         0         0
         0         1         3         9        13         5         4         7
         6        11        10        15        17        18        27        31
        41         0         0         0         0         0         0         0
         0         0         0         0         0         0         0         0
         0         0         0         0         0         0         0         0
         0         0         0         0        12         2         8        30
        40         1        16        19        26        54         5        11
        33        43         6         7        14        44        50        72
        75        82         0         0         0         0         0         0
         0         0         0         0         0         0         0         0
         0         0         0         0         0         0         0        13
         3         9        31        41         1        17        18        27
        55         4        10        32        42         7         6        15
        45        51        73        74        83         0         0         0
         0         0         0         0         0         0         0         0
         0         0         0         0         0         0         0         0
         0         0         8        12         2        40        26         1
        19        14        30        50        10         7        38        37
         5         4        16        54        44        79        68        82
         0         0         0         0         0         0         0         0
         0         0         0         0         0         0         0         0
         0         0         0         0         0         9        13         3
        41        27         1        18        15        31        51        11
         6        39        36         4         5        17        55        45
        78        69        83         0         0         0         0         0
         0         0         0         0         0         0         0         0
         0         0         0         0         0         0         0         0
        40        30        12        26         8        54        82        19
         2        50        75       132        79       128       116        33
        16        44         1       112        37        14         0         0
         0         0         0         0         0         0         0         0
         0         0         0         0         0         0         0         0
         0         0         0        41        31        13        27         9
        55        83        18         3        51        74       133        78
       129       117        32        17        45         1       113        36
        15         0         0         0         0         0         0         0
         0         0         0         0         0         0         0         0
         0         0         0         0         0         0         2         8
        12        26        30         1        14        16        40        44
         6         4        22        20        10        11        19        50
        54        56        60        82         0         0         0         0
         0         0         0         0         0         0         0         0
         0         0         0         0         0         0         0         0
         0         3         9        13        27        31         1        15
        17        41        45         7         5        23        21        11
        10        18        51        55        57        61        83         0
         0         0         0         0         0         0         0         0
         0         0         0         0         0         0         0         0
         0         0         0         0        30        12        40         2
        26        54        16        82         8        44       116        72
       104        60        43       132        19         1        50        22
       100        14         0         0         0         0         0         0
         0         0         0         0         0         0         0         0
         0         0         0         0         0         0         0        31
        13        41         3        27        55        17        83         9
        45       117        73       105        61        42       133        18
         1        51        23       101        15         0         0         0
         0         0         0         0         0         0         0         0
         0         0         0         0         0         0         0         0
         0         0        26         2        30         8        40        44
        14        82        12        50       100        56       112        68
        20       104        16         1        54        38       128        19
         0         0         0         0         0         0         0         0
         0         0         0         0         0         0         0         0
         0         0         0         0         0        27         3        31
         9        41        45        15        83        13        51       101
        57       113        69        21       105        17         1        55
        39       129        18         0         0         0         0         0
         0         0         0         0         0         0         0         0
         0         0         0         0         0         0         0         0
        26        30        40        82         2         8        12        44
        50        54       100       104       112       116       128       132
         0         0         0         0         0         0         0         0
         0         0         0         0         0         0         0         0
         0         0         0         0         0         0         0         0
         0         0         0        27        31        41        83         3
         9        13        45        51        55       101       105       113
       117       129       133         0         0         0         0         0
         0         0         0         0         0         0         0         0
         0         0         0         0         0         0         0         0
         0         0         0         0         0         0         1        12
         2         5         8        11         0         0         0         0
         0         0         0         0         0         0         0         0
         0         0         0         0         0         0         0         0
         0         0         0         0         0         0         0         0
         0         0         0         0         0         0         0         0
         0         1        13         3         4         9        10         0
         0         0         0         0         0         0         0         0
         0         0         0         0         0         0         0         0
         0         0         0         0         0         0         0         0
         0         0         0         0         0         0         0         0
         0         0         0         0         1         9         6        13
         4        11        10         3         2        18         8         7
        12         5        15        14        16        17        36        41
        24        32         0         0         0         0         0         0
         0         0         0         0         0         0         0         0
         0         0         0         0         0         0         0         1
         8         7        12         5        10        11         2         3
        19         9         6        13         4        14        15        17
        16        37        40        25        33         0         0         0
         0         0         0         0         0         0         0         0
         0         0         0         0         0         0         0         0
         0         0         1        12         2        11         6        16
         5         8         4         9         7         3        10        13
        19        30        43        22        34        14        15        18
         0         0         0         0         0         0         0         0
         0         0         0         0         0         0         0         0
         0         0         0         0         0         1        13         3
        10         7        17         4         9         5         8         6
         2        11        12        18        31        42        23        35
        15        14        19         0         0         0         0         0
         0         0         0         0         0         0         0         0
         0         0         0         0         0         0         0         0
         1         8        10         2         4        14        12         7
        13         6         5        11         3         9        19        38
        26        28        20        17        16        18         0         0
         0         0         0         0         0         0         0         0
         0         0         0         0         0         0         0         0
         0         0         0         1         9        11         3         5
        15        13         6        12         7         4        10         2
         8        18        39        27        29        21        16        17
        19         0         0         0         0         0         0         0
         0         0         0         0         0         0         0         0
         0         0         0         0         0         0        12         2
         1         8        16        19        30         5        11        40
         6        26         7         4        14        10         0         0
         0         0         0         0         0         0         0         0
         0         0         0         0         0         0         0         0
         0         0         0         0         0         0         0         0
         0        13         3         1         9        17        18        31
         4        10        41         7        27         6         5        15
        11         0         0         0         0         0         0         0
         0         0         0         0         0         0         0         0
         0         0         0         0         0         0         0         0
         0         0         0         0         2         4         6         1
        20        12        14        16        22         8        24        10
        11        18        13         9         0         0         0         0
         0         0         0         0         0         0         0         0
         0         0         0         0         0         0         0         0
         0         0         0         0         0         0         0         3
         5         7         1        21        13        15        17        23
         9        25        11        10        19        12         8         0
         0         0         0         0         0         0         0         0
         0         0         0         0         0         0         0         0
         0         0         0         0         0         0         0         0
         0         0         2        12        16         1         6        11
         8        30        22         4        26        14        44        20
        40        43         5        34         9        60        10        24
         0         0         0         0         0         0         0         0
         0         0         0         0         0         0         0         0
         0         0         0         0         0         3        13        17
         1         7        10         9        31        23         5        27
        15        45        21        41        42         4        35         8
        61        11        25         0         0         0         0         0
         0         0         0         0         0         0         0         0
         0         0         0         0         0         0         0         0
         2         8         1        14         4        10        26        12
         6        20        30        44        16        22        40         7
        38        13        28        11        56        24         0         0
         0         0         0         0         0         0         0         0
         0         0         0         0         0         0         0         0
         0         0         0         3         9         1        15         5
        11        27        13         7        21        31        45        17
        23        41         6        39        12        29        10        57
        25         0         0         0         0         0         0         0
         0         0         0         0         0         0         0         0
         0         0         0         0         0         0         2        30
        12        26         8        40        16        44         1        14
        22         6        20         4        54        82        19        60
        11        50        56        10         0         0         0         0
         0         0         0         0         0         0         0         0
         0         0         0         0         0         0         0         0
         0         3        31        13        27         9        41        17
        45         1        15        23         7        21         5        55
        83        18        61        10        51        57        11         0
         0         0         0         0         0         0         0         0
         0         0         0         0         0         0         0         0
         0         0         0         0         1         9         3         6
        11        13         0         0         0         0         0         0
         0         0         0         0         0         0         0         0
         0         0         0         0         0         0         0         0
         0         0         0         0         0         0         0         0
         0         0         0         0         0         0         0         1
         8         2         7        10        12         0         0         0
         0         0         0         0         0         0         0         0
         0         0         0         0         0         0         0         0
         0         0         0         0         0         0         0         0
         0         0         0         0         0         0         0         0
         0         0        13         9         3        18         1        41
         0         0         0         0         0         0         0         0
         0         0         0         0         0         0         0         0
         0         0         0         0         0         0         0         0
         0         0         0         0         0         0         0         0
         0         0         0         0         0        12         8         2
        19         1        40         0         0         0         0         0
         0         0         0         0         0         0         0         0
         0         0         0         0         0         0         0         0
         0         0         0         0         0         0         0         0
         0         0         0         0         0         0         0         0
         1        12        11         2         6         5         4         8
         9        16        13        10         3         7        19        18
        15        14        43        30        34        22         0         0
         0         0         0         0         0         0         0         0
         0         0         0         0         0         0         0         0
         0         0         0         1        13        10         3         7
         4         5         9         8        17        12        11         2
         6        18        19        14        15        42        31        35
        23         0         0         0         0         0         0         0
         0         0         0         0         0         0         0         0
         0         0         0         0         0         0        12         1
        11         2        16         6         8         5        43        30
        19        40        33        54         7         9         4        34
        22        29        26        72         0         0         0         0
         0         0         0         0         0         0         0         0
         0         0         0         0         0         0         0         0
         0        13         1        10         3        17         7         9
         4        42        31        18        41        32        55         6
         8         5        35        23        28        27        73         0
         0         0         0         0         0         0         0         0
         0         0         0         0         0         0         0         0
         0         0         0         0         1        12         2         8
        11        10         5         4         6         7        16        19
        14        30        40        26         0         0         0         0
         0         0         0         0         0         0         0         0
         0         0         0         0         0         0         0         0
         0         0         0         0         0         0         0         1
        13         3         9        10        11         4         5         7
         6        17        18        15        31        41        27         0
         0         0         0         0         0         0         0         0
         0         0         0         0         0         0         0         0
         0         0         0         0         0         0         0         0
         0         0        12         8         2        40        30        26
        19         1        16        54         5        33        11        43
         7        14        50        44        82         6        75        72
         0         0         0         0         0         0         0         0
         0         0         0         0         0         0         0         0
         0         0         0         0         0        13         9         3
        41        31        27        18         1        17        55         4
        32        10        42         6        15        51        45        83
         7        74        73         0         0         0         0         0
         0         0         0         0         0         0         0         0
         0         0         0         0         0         0         0         0
         2         1        12         6        16        11         4         8
        30        22        14        20        26        44        10         5
         9        43        34        40        24        60         0         0
         0         0         0         0         0         0         0         0
         0         0         0         0         0         0         0         0
         0         0         0         3         1        13         7        17
        10         5         9        31        23        15        21        27
        45        11         4         8        42        35        41        25
        61         0         0         0         0         0         0         0
         0         0         0         0         0         0         0         0
         0         0         0         0         0         0         2        16
        30        12        22         8         6        26        44         1
        60        11        40        72        43        54         0         0
         0         0         0         0         0         0         0         0
         0         0         0         0         0         0         0         0
         0         0         0         0         0         0         0         0
         0         3        17        31        13        23         9         7
        27        45         1        61        10        41        73        42
        55         0         0         0         0         0         0         0
         0         0         0         0         0         0         0         0
         0         0         0         0         0         0         0         0
         0         0         0         0         2         8        26        12
        30        40         1        14        44        16         4         6
        20        22        10        50        19        82        54        56
        11        60         0         0         0         0         0         0
         0         0         0         0         0         0         0         0
         0         0         0         0         0         0         0         3
         9        27        13        31        41         1        15        45
        17         5         7        21        23        11        51        18
        83        55        57        10        61         0         0         0
         0         0         0         0         0         0         0         0
         0         0         0         0         0         0         0         0
         0         0        30        12         2        40        26         8
        16        54        44        82        72        60       116       104
         1        19        14        43        22        50       132       100
         0         0         0         0         0         0         0         0
         0         0         0         0         0         0         0         0
         0         0         0         0         0        31        13         3
        41        27         9        17        55        45        83        73
        61       117       105         1        18        15        42        23
        51       133       101         0         0         0         0         0
         0         0         0         0         0         0         0         0
         0         0         0         0         0         0         0         0
         1        11         6         5        12         9         0         0
         0         0         0         0         0         0         0         0
         0         0         0         0         0         0         0         0
         0         0         0         0         0         0         0         0
         0         0         0         0         0         0         0         0
         0         0         0         1        10         7         4        13
         8         0         0         0         0         0         0         0
         0         0         0         0         0         0         0         0
         0         0         0         0         0         0         0         0
         0         0         0         0         0         0         0         0
         0         0         0         0         0         0         1         9
        13        11         3         6         0         0         0         0
         0         0         0         0         0         0         0         0
         0         0         0         0         0         0         0         0
         0         0         0         0         0         0         0         0
         0         0         0         0         0         0         0         0
         0         1         8        12        10         2         7         0
         0         0         0         0         0         0         0         0
         0         0         0         0         0         0         0         0
         0         0         0         0         0         0         0         0
         0         0         0         0         0         0         0         0
         0         0         0         0         1        12         8        11
         5         2         0         0         0         0         0         0
         0         0         0         0         0         0         0         0
         0         0         0         0         0         0         0         0
         0         0         0         0         0         0         0         0
         0         0         0         0         0         0         0         1
        13         9        10         4         3         0         0         0
         0         0         0         0         0         0         0         0
         0         0         0         0         0         0         0         0
         0         0         0         0         0         0         0         0
         0         0         0         0         0         0         0         0
         0         0         1        12         5         8         7        19
         2        11         3        10         6         4         9        13
        16        33        40        25        37        15        14        17
         0         0         0         0         0         0         0         0
         0         0         0         0         0         0         0         0
         0         0         0         0         0         1        13         4
         9         6        18         3        10         2        11         7
         5         8        12        17        32        41        24        36
        14        15        16         0         0         0         0         0
         0         0         0         0         0         0         0         0
         0         0         0         0         0         0         0         0
         8         7        10         1        37         2        19        14
        38        12        35         5         4        17         3        13
         0         0         0         0         0         0         0         0
         0         0         0         0         0         0         0         0
         0         0         0         0         0         0         0         0
         0         0         0         9         6        11         1        36
         3        18        15        39        13        34         4         5
        16         2        12         0         0         0         0         0
         0         0         0         0         0         0         0         0
         0         0         0         0         0         0         0         0
         0         0         0         0         0         0         8        12
         1        19         7         5        40         2        10        37
        26        50        14        38        30        11        33         3
        25         4        79        35         0         0         0         0
         0         0         0         0         0         0         0         0
         0         0         0         0         0         0         0         0
         0         9        13         1        18         6         4        41
         3        11        36        27        51        15        39        31
        10        32         2        24         5        78        34         0
         0         0         0         0         0         0         0         0
         0         0         0         0         0         0         0         0
         0         0         0         0         1         2         8         4
        10        14         6        12         7        13        11         9
         5         3        16        26        20        38        28        19
        18        17         0         0         0         0         0         0
         0         0         0         0         0         0         0         0
         0         0         0         0         0         0         0         1
         3         9         5        11        15         7        13         6
        12        10         8         4         2        17        27        21
        39        29        18        19        16         0         0         0
         0         0         0         0         0         0         0         0
         0         0         0         0         0         0         0         0
         0         0        12         1         8         2         5        30
        11        40        19        16         7         6        26        10
         4        14         0         0         0         0         0         0
         0         0         0         0         0         0         0         0
         0         0         0         0         0         0         0         0
         0         0         0         0         0        13         1         9
         3         4        31        10        41        18        17         6
         7        27        11         5        15         0         0         0
         0         0         0         0         0         0         0         0
         0         0         0         0         0         0         0         0
         0         0         0         0         0         0         0         0
         8         2        14         1        10         4        12        26
        38         7        40        19        50        37        30        20
         6        28        13        68         5        35         0         0
         0         0         0         0         0         0         0         0
         0         0         0         0         0         0         0         0
         0         0         0         9         3        15         1        11
         5        13        27        39         6        41        18        51
        36        31        21         7        29        12        69         4
        34         0         0         0         0         0         0         0
         0         0         0         0         0         0         0         0
         0         0         0         0         0         0         8        12
        40         2        26        30        19         1        50        14
         7        37        10        38        54        16        82         5
        79        44         4        68         0         0         0         0
         0         0         0         0         0         0         0         0
         0         0         0         0         0         0         0         0
         0         9        13        41         3        27        31        18
         1        51        15         6        36        11        39        55
        17        83         4        78        45         5        69         0
         0         0         0         0         0         0         0         0
         0         0         0         0         0         0         0         0
         0         0         0         0         1         3        13         5
         7         9         0         0         0         0         0         0
         0         0         0         0         0         0         0         0
         0         0         0         0         0         0         0         0
         0         0         0         0         0         0         0         0
         0         0         0         0         0         0         0         1
         2        12         4         6         8         0         0         0
         0         0         0         0         0         0         0         0
         0         0         0         0         0         0         0         0
         0         0         0         0         0         0         0         0
         0         0         0         0         0         0         0         0
         0         0        13         3         1        31         9        17
         0         0         0         0         0         0         0         0
         0         0         0         0         0         0         0         0
         0         0         0         0         0         0         0         0
         0         0         0         0         0         0         0         0
         0         0         0         0         0        12         2         1
        30         8        16         0         0         0         0         0
         0         0         0         0         0         0         0         0
         0         0         0         0         0         0         0         0
         0         0         0         0         0         0         0         0
         0         0         0         0         0         0         0         0
         1         7         5        10         8         3         0         0
         0         0         0         0         0         0         0         0
         0         0         0         0         0         0         0         0
         0         0         0         0         0         0         0         0
         0         0         0         0         0         0         0         0
         0         0         0         1         6         4        11         9
         2         0         0         0         0         0         0         0
         0         0         0         0         0         0         0         0
         0         0         0         0         0         0         0         0
         0         0         0         0         0         0         0         0
         0         0         0         0         0         0         1         3
         7        10        13        17         0         0         0         0
         0         0         0         0         0         0         0         0
         0         0         0         0         0         0         0         0
         0         0         0         0         0         0         0         0
         0         0         0         0         0         0         0         0
         0         1         2         6        11        12        16         0
         0         0         0         0         0         0         0         0
         0         0         0         0         0         0         0         0
         0         0         0         0         0         0         0         0
         0         0         0         0         0         0         0         0
         0         0         0         0        12         1         8         5
        19         7        11         2        40        33        16        43
        30        54         6        10         3        37        25        26
        29        75         0         0         0         0         0         0
         0         0         0         0         0         0         0         0
         0         0         0         0         0         0         0        13
         1         9         4        18         6        10         3        41
        32        17        42        31        55         7        11         2
        36        24        27        28        74         0         0         0
         0         0         0         0         0         0         0         0
         0         0         0         0         0         0         0         0
         0         0         8         1         7        12        19         5
         2        10        37        40        14        26        38        50
         4         3        11        25        33        35        30        79
         0         0         0         0         0         0         0         0
         0         0         0         0         0         0         0         0
         0         0         0         0         0         9         1         6
        13        18         4         3        11        36        41        15
        27        39        51         5         2        10        24        32
        34        31        78         0         0         0         0         0
         0         0         0         0         0         0         0         0
         0         0         0         0         0         0         0         0
         8        40        19        12        50         1        26         7
        37         2        79        30         5        75        54        33
         0         0         0         0         0         0         0         0
         0         0         0         0         0         0         0         0
         0         0         0         0         0         0         0         0
         0         0         0         9        41        18        13        51
         1        27         6        36         3        78        31         4
        74        55        32         0         0         0         0         0
         0         0         0         0         0         0         0         0
         0         0         0         0         0         0         0         0
         0         0         0         0         0         0         1         8
        12         2         7         6        10        11         5         4
        19        14        16        40        26        30         0         0
         0         0         0         0         0         0         0         0
         0         0         0         0         0         0         0         0
         0         0         0         0         0         0         0         0
         0         1         9        13         3         6         7        11
        10         4         5        18        15        17        41        27
        31         0         0         0         0         0         0         0
         0         0         0         0         0         0         0         0
         0         0         0         0         0         0         0         0
         0         0         0         0        12         2        30         8
        40        26         1        16        54        19        11         5
        43        33         6        44        14        82        50        72
         7        75         0         0         0         0         0         0
         0         0         0         0         0         0         0         0
         0         0         0         0         0         0         0        13
         3        31         9        41        27         1        17        55
        18        10         4        42        32         7        45        15
        83        51        73         6        74         0         0         0
         0         0         0         0         0         0         0         0
         0         0         0         0         0         0         0         0
         0         0         8         2        12        26        40        30
        14         1        19        50        10        38         7        37
         4        16        44        54        82         5        68        79
         0         0         0         0         0         0         0         0
         0         0         0         0         0         0         0         0
         0         0         0         0         0         9         3        13
        27        41        31        15         1        18        51        11
        39         6        36         5        17        45        55        83
         4        69        78         0         0         0         0         0
         0         0         0         0         0         0         0         0
         0         0         0         0         0         0         0         0
        40         8        12        26        30         2        19        50
        54        82        79        75       128       132         1        14
        16        37        33        44       112       116         0         0
         0         0         0         0         0         0         0         0
         0         0         0         0         0         0         0         0
         0         0         0        41         9        13        27        31
         3        18        51        55        83        78        74       129
       133         1        15        17        36        32        45       113
       117         0         0         0         0         0         0         0
         0         0         0         0         0         0         0         0
         0         0         0         0         0         0         1         5
        11         7         3        12         0         0         0         0
         0         0         0         0         0         0         0         0
         0         0         0         0         0         0         0         0
         0         0         0         0         0         0         0         0
         0         0         0         0         0         0         0         0
         0         1         4        10         6         2        13         0
         0         0         0         0         0         0         0         0
         0         0         0         0         0         0         0         0
         0         0         0         0         0         0         0         0
         0         0         0         0         0         0         0         0
         0         0         0         0         1         3         9         7
        13         5         0         0         0         0         0         0
         0         0         0         0         0         0         0         0
         0         0         0         0         0         0         0         0
         0         0         0         0         0         0         0         0
         0         0         0         0         0         0         0         1
         2         8         6        12         4         0         0         0
         0         0         0         0         0         0         0         0
         0         0         0         0         0         0         0         0
         0         0         0         0         0         0         0         0
         0         0         0         0         0         0         0         0
         0         0         1        12         5         7         8        19
         0         0         0         0         0         0         0         0
         0         0         0         0         0         0         0         0
         0         0         0         0         0         0         0         0
         0         0         0         0         0         0         0         0
         0         0         0         0         0         1        13         4
         6         9        18         0         0         0         0         0
         0         0         0         0         0         0         0         0
         0         0         0         0         0         0         0         0
         0         0         0         0         0         0         0         0
         0         0         0         0         0         0         0         0
         1        11         5         9         3        12         6         7
        15        13         8         2        10         4        16        19
        29        39        21        18        17        27         0         0
         0         0         0         0         0         0         0         0
         0         0         0         0         0         0         0         0
         0         0         0         1        10         4         8         2
        13         7         6        14        12         9         3        11
         5        17        18        28        38        20        19        16
        26         0         0         0         0         0         0         0
         0         0         0         0         0         0         0         0
         0         0         0         0         0         0         1         7
        10         3        13         8         5         4        17         9
         2        12         6        11        19        14        35        23
        42        15        18        31         0         0         0         0
         0         0         0         0         0         0         0         0
         0         0         0         0         0         0         0         0
         0         1         6        11         2        12         9         4
         5        16         8         3        13         7        10        18
        15        34        22        43        14        19        30         0
         0         0         0         0         0         0         0         0
         0         0         0         0         0         0         0         0
         0         0         0         0         1         8         7        12
         5        10         2         3        19        11        13         4
         9         6        14        17        37        40        25        16
        15        33         0         0         0         0         0         0
         0         0         0         0         0         0         0         0
         0         0         0         0         0         0         0         1
         9         6        13         4        11         3         2        18
        10        12         5         8         7        15        16        36
        41        24        17        14        32         0         0         0
         0         0         0         0         0         0         0         0
         0         0         0         0         0         0         0         0
         0         0         1         4         6        13         9         2
        10        11        18         3        12         8         5         7
        14        16        24        32        36        17        15        41
         0         0         0         0         0         0         0         0
         0         0         0         0         0         0         0         0
         0         0         0         0         0         1         5         7
        12         8         3        11        10        19         2        13
         9         4         6        15        17        25        33        37
        16        14        40         0         0         0         0         0
         0         0         0         0         0         0         0         0
         0         0         0         0         0         0         0         0
         1         6         2        11        12         4         9         8
        16         5        10        13         7         3        18        14
        22        34        30        15        19        43         0         0
         0         0         0         0         0         0         0         0
         0         0         0         0         0         0         0         0
         0         0         0         1         7         3        10        13
         5         8         9        17         4        11        12         6
         2        19        15        23        35        31        14        18
        42         0         0         0         0         0         0         0
         0         0         0         0         0         0         0         0
         0         0         0         0         0         0         1         2
         4         8        10         6        12        13        14         7
         9        11         3         5        16        18        20        26
        28        19        17        38         0         0         0         0
         0         0         0         0         0         0         0         0
         0         0         0         0         0         0         0         0
         0         1         3         5         9        11         7        13
        12        15         6         8        10         2         4        17
        19        21        27        29        18        16        39         0
         0         0         0         0         0         0         0         0
         0         0         0         0         0         0         0         0
         0         0         0         0        12         2         8         1
        30        40        26        16        19        14        11         6
         5         4         7        10         0         0         0         0
         0         0         0         0         0         0         0         0
         0         0         0         0         0         0         0         0
         0         0         0         0         0         0         0        13
         3         9         1        31        41        27        17        18
        15        10         7         4         5         6        11         0
         0         0         0         0         0         0         0         0
         0         0         0         0         0         0         0         0
         0         0         0         0         0         0         0         0
         0         0         3         9         1        27        13        15
         0         0         0         0         0         0         0         0
         0         0         0         0         0         0         0         0
         0         0         0         0         0         0         0         0
         0         0         0         0         0         0         0         0
         0         0         0         0         0         2         8         1
        26        12        14         0         0         0         0         0
         0         0         0         0         0         0         0         0
         0         0         0         0         0         0         0         0
         0         0         0         0         0         0         0         0
         0         0         0         0         0         0         0         0
         3         9        13        27        31        41         0         0
         0         0         0         0         0         0         0         0
         0         0         0         0         0         0         0         0
         0         0         0         0         0         0         0         0
         0         0         0         0         0         0         0         0
         0         0         0         2         8        12        26        30
        40         0         0         0         0         0         0         0
         0         0         0         0         0         0         0         0
         0         0         0         0         0         0         0         0
         0         0         0         0         0         0         0         0
         0         0         0         0         0         0        12        11
         5         1        43         8        16        19        33         2
        29         6         7        15         9         3         0         0
         0         0         0         0         0         0         0         0
         0         0         0         0         0         0         0         0
         0         0         0         0         0         0         0         0
         0        13        10         4         1        42         9        17
        18        32         3        28         7         6        14         8
         2         0         0         0         0         0         0         0
         0         0         0         0         0         0         0         0
         0         0         0         0         0         0         0         0
         0         0         0         0         1         8        12         7
         5        19        10         2        11         3         4        13
         6         9        14        40        37        33        25        16
        17        15         0         0         0         0         0         0
         0         0         0         0         0         0         0         0
         0         0         0         0         0         0         0         1
         9        13         6         4        18        11         3        10
         2         5        12         7         8        15        41        36
        32        24        17        16        14         0         0         0
         0         0         0         0         0         0         0         0
         0         0         0         0         0         0         0         0
         0         0        12         8        19         1         5         7
         2        40        33        11        30        16        54        43
        26        37        10        25         3        75         6        29
         0         0         0         0         0         0         0         0
         0         0         0         0         0         0         0         0
         0         0         0         0         0        13         9        18
         1         4         6         3        41        32        10        31
        17        55        42        27        36        11        24         2
        74         7        28         0         0         0         0         0
         0         0         0         0         0         0         0         0
         0         0         0         0         0         0         0         0
         1         2         6        12        11        16         8         4
         9         5        10         7        13         3        14        22
        30        34        43        18        19        15         0         0
         0         0         0         0         0         0         0         0
         0         0         0         0         0         0         0         0
         0         0         0         1         3         7        13        10
        17         9         5         8         4        11         6        12
         2        15        23        31        35        42        19        18
        14         0         0         0         0         0         0         0
         0         0         0         0         0         0         0         0
         0         0         0         0         0         0        12         2
         1        16        11         6        30         8         5        43
        40        54        19        33        26         4        22         9
        34         7        72        29         0         0         0         0
         0         0         0         0         0         0         0         0
         0         0         0         0         0         0         0         0
         0        13         3         1        17        10         7        31
         9         4        42        41        55        18        32        27
         5        23         8        35         6        73        28         0
         0         0         0         0         0         0         0         0
         0         0         0         0         0         0         0         0
         0         0         0         0         2         1        12         8
         6        26         4        30        16        14        11        10
        40         5         7        19         0         0         0         0
         0         0         0         0         0         0         0         0
         0         0         0         0         0         0         0         0
         0         0         0         0         0         0         0         3
         1        13         9         7        27         5        31        17
        15        10        11        41         4         6        18         0
         0         0         0         0         0         0         0         0
         0         0         0         0         0         0         0         0
         0         0         0         0         0         0         0         0
         0         0        12         2        30         8        40        26
        16         1        54        19        11        43         5        33
        44        14        82         6        72        50         7        75
         0         0         0         0         0         0         0         0
         0         0         0         0         0         0         0         0
         0         0         0         0         0        13         3        31
         9        41        27        17         1        55        18        10
        42         4        32        45        15        83         7        73
        51         6        74         0         0         0         0         0
         0         0         0         0         0         0         0         0
         0         0         0         0         0         0         0         0
         1         9        11         5         3        15         0         0
         0         0         0         0         0         0         0         0
         0         0         0         0         0         0         0         0
         0         0         0         0         0         0         0         0
         0         0         0         0         0         0         0         0
         0         0         0         1         8        10         4         2
        14         0         0         0         0         0         0         0
         0         0         0         0         0         0         0         0
         0         0         0         0         0         0         0         0
         0         0         0         0         0         0         0         0
         0         0         0         0         0         0
