TEST11 - MGO BULK                                                               
LIMINF LIMTOL LIMPAR
       500        50       200
INF   
        16        16         4         0       686         0        54        36
        60         2      7326     33298         0         0         2         8
        50         0      2559        18         1         0        18         6
        15         0         0        35        16         0         0         6
         9         0         3         0        26         1         6         4
        18         2        14        90        70         0         1         0
         0         8         1         8         8         8         1        92
         0         0         6         0         0         1         1         0
         0         0         0         0         0         0         8         0
        28         0        87       400         0         0      6999         1
         0         0         0         0         0         0         0         8
         1         1         8         0         0         0         0         0
         0         0         0         1         0         0         0         0
         1         1         1         0         0         0         0         0
         0         1         2         0         0         0         0         0
         2         0         0         0         2         0       100         0
         6         0         0         0        11         1         1         0
         1         0         0         1        44        44         4         0
        25         0         0        30         1         0        55        55
         0         0         0         0         0         0         0         0
         0         0         0         0         2         0         0         0
         0         0         0         0         0         0         1         0
         0         0         1         0         0         0        80         0
         0         0         0         0         0         0       300         0
         0         0         0         0         1         0         3         0
         0         0         0         0         0         0         0         0
         0  90000000         0         0         0         0         0         0
         0         0         0         4         0         0         0         6
         0         6         0      1432         0         0         0         0
        45         0         0         0         0         0      3500         0
        40         0         0       225        48         0         0         0
         0         0         0         0         0         0         0         0
         0         0         0   1000000         0         0         0         0
         0         0         0         0         0         0         0         0
         0         0         0         0         0         0         0         0
         0         0         0         0         0         0         0         0
         0         0         0         0         0         0         0         0
         0         0         0         0         0         0         0         0
         0         0         0         0         0         0         0         0
         0         0         0         0         0         0         0         0
       225         1         0         0         0         0         0         0
         0         0         0         0         0         0         0         0
         0         0         0         0         0         0         0         0
         0         0         0         0         0         0         0         0
         0         0         0         0         0         0         0         0
         0         0         0         0         0         0         0         0
         0         0         0         0         0         0         0         0
         0         0         0         0         0         0         0         0
         0         0         0         0         0         0         0         0
         0         0         0         0         0         0         0         0
         0         0         0         0         0         0         0         0
         0         0         0         0         0         0         0         0
         0         0         0         0         0         0         0         0
         0         0         0         0         0         0         0         0
         0         0         0         0         0         0         0         0
         0         0         0         0         0         0         0         0
         0         0         0         0         0         0         0         0
         0         0         0         0         0         0         0         0
         0         0         0         0         0         0         0         0
         0         0         0         0         0         0         0         0
         0         0         0         0         0         0         0         0
         0         0         0         0         0         0         0         0
         0         0         0         0
TOL   
         6         6         6         6        12         0         0         0
         0         0        20         7        16         0         0        30
         0         0        20         7         2         0         0         0
         0         2         0         0         0         0         0         0
         0         0         0         0         0         0         0         0
         0         0         0         0         0         0         0         0
         0         0
PAR   
 3.1415926535898E+00 1.8897261339213E+00 1.7453292519943E-02 2.7211383400000E+01
 3.1355526333354E+01-8.2393496781396E+02-3.5327714766324E-01 0.0000000000000E+00
 3.1830988618379E-01-1.4515535440296E-09-8.2393496781396E+02 6.9314718055995E-01
 9.3655078437263E-11 0.0000000000000E+00 8.2370104655985E+02 9.9985802613437E-01
 0.0000000000000E+00-1.5740401604409E+03 0.0000000000000E+00 3.0000000000000E-04
 1.2000000000000E-03 8.0000000000000E-01 1.0000000000000E-04 0.0000000000000E+00
 0.0000000000000E+00-1.3815510557964E+01 1.6605387300000E-27 2.6424608160000E+07
 2.9979245800000E+08 0.0000000000000E+00 2.6254996300000E+03 5.2917720830000E-01
 5.7295779513082E+01 6.2831853071796E+00 0.0000000000000E+00 0.0000000000000E+00
 0.0000000000000E+00 1.0000000000000E+00 1.0000000000000E+00 1.7320508075689E+00
 5.7735026918963E-01 4.1117228237205E-01 0.0000000000000E+00 0.0000000000000E+00
-2.3025850929940E+00 0.0000000000000E+00 0.0000000000000E+00 1.0000000000000E+02
-5.0000000000000E-01 0.0000000000000E+00 1.0000000000000E-03 0.0000000000000E+00
 0.0000000000000E+00 0.0000000000000E+00 0.0000000000000E+00 0.0000000000000E+00
 0.0000000000000E+00 0.0000000000000E+00 0.0000000000000E+00 0.0000000000000E+00
 0.0000000000000E+00 0.0000000000000E+00 0.0000000000000E+00 0.0000000000000E+00
 0.0000000000000E+00 0.0000000000000E+00 0.0000000000000E+00 0.0000000000000E+00
 0.0000000000000E+00 0.0000000000000E+00 0.0000000000000E+00 0.0000000000000E+00
 0.0000000000000E+00 0.0000000000000E+00 0.0000000000000E+00 0.0000000000000E+00
 0.0000000000000E+00 0.0000000000000E+00 0.0000000000000E+00 0.0000000000000E+00
 0.0000000000000E+00 0.0000000000000E+00 0.0000000000000E+00 0.0000000000000E+00
 0.0000000000000E+00 0.0000000000000E+00 0.0000000000000E+00 0.0000000000000E+00
 0.0000000000000E+00 0.0000000000000E+00 0.0000000000000E+00 0.0000000000000E+00
 0.0000000000000E+00 0.0000000000000E+00 0.0000000000000E+00 0.0000000000000E+00
 0.0000000000000E+00 0.0000000000000E+00 0.0000000000000E+00 0.0000000000000E+00
 0.0000000000000E+00 0.0000000000000E+00 0.0000000000000E+00 0.0000000000000E+00
 0.0000000000000E+00 0.0000000000000E+00 0.0000000000000E+00 0.0000000000000E+00
 0.0000000000000E+00 0.0000000000000E+00 0.0000000000000E+00 0.0000000000000E+00
 0.0000000000000E+00 0.0000000000000E+00 0.0000000000000E+00 0.0000000000000E+00
 0.0000000000000E+00 0.0000000000000E+00 0.0000000000000E+00 0.0000000000000E+00
 0.0000000000000E+00 0.0000000000000E+00 0.0000000000000E+00 0.0000000000000E+00
 0.0000000000000E+00 0.0000000000000E+00 0.0000000000000E+00 0.0000000000000E+00
 0.0000000000000E+00 0.0000000000000E+00 0.0000000000000E+00 0.0000000000000E+00
 0.0000000000000E+00 0.0000000000000E+00 0.0000000000000E+00 0.0000000000000E+00
 0.0000000000000E+00 0.0000000000000E+00 0.0000000000000E+00 0.0000000000000E+00
 0.0000000000000E+00 0.0000000000000E+00 0.0000000000000E+00 0.0000000000000E+00
 0.0000000000000E+00 0.0000000000000E+00 0.0000000000000E+00 0.0000000000000E+00
 0.0000000000000E+00 0.0000000000000E+00 0.0000000000000E+00 0.0000000000000E+00
 0.0000000000000E+00 0.0000000000000E+00 0.0000000000000E+00 0.0000000000000E+00
 0.0000000000000E+00 0.0000000000000E+00 0.0000000000000E+00 0.0000000000000E+00
 0.0000000000000E+00 0.0000000000000E+00 0.0000000000000E+00 0.0000000000000E+00
 0.0000000000000E+00 0.0000000000000E+00 0.0000000000000E+00 0.0000000000000E+00
 0.0000000000000E+00 0.0000000000000E+00 0.0000000000000E+00 0.0000000000000E+00
 0.0000000000000E+00 0.0000000000000E+00 0.0000000000000E+00 0.0000000000000E+00
 0.0000000000000E+00 0.0000000000000E+00 0.0000000000000E+00 0.0000000000000E+00
 0.0000000000000E+00 0.0000000000000E+00 0.0000000000000E+00 0.0000000000000E+00
 0.0000000000000E+00 0.0000000000000E+00 0.0000000000000E+00 0.0000000000000E+00
 0.0000000000000E+00 0.0000000000000E+00 0.0000000000000E+00 0.0000000000000E+00
 0.0000000000000E+00 0.0000000000000E+00 0.0000000000000E+00 0.0000000000000E+00
 0.0000000000000E+00 0.0000000000000E+00 1.0000000000000E+00 0.0000000000000E+00
XYVGVE
 1.0000000000000E+00 0.0000000000000E+00 0.0000000000000E+00 0.0000000000000E+00
 1.0000000000000E+00 0.0000000000000E+00 0.0000000000000E+00 0.0000000000000E+00
 1.0000000000000E+00-9.3392619074995E-18-1.0000000000000E+00 0.0000000000000E+00
-1.0000000000000E+00-9.3392619074995E-18 0.0000000000000E+00 2.6636660892620E-17
-2.6636660892620E-17-1.0000000000000E+00-1.0000000000000E+00-9.3392619074995E-18
 0.0000000000000E+00-9.3392619074995E-18-1.0000000000000E+00 0.0000000000000E+00
-2.6636660892620E-17 2.6636660892620E-17 1.0000000000000E+00 9.3392619074995E-18
 1.0000000000000E+00 0.0000000000000E+00 1.0000000000000E+00 9.3392619074995E-18
 0.0000000000000E+00-2.6636660892620E-17 2.6636660892620E-17-1.0000000000000E+00
-1.0000000000000E+00-9.3392619074995E-18 0.0000000000000E+00 9.3392619074995E-18
 1.0000000000000E+00 0.0000000000000E+00-2.6636660892620E-17-2.6636660892620E-17
-1.0000000000000E+00 9.3392619074995E-18 1.0000000000000E+00 0.0000000000000E+00
-1.0000000000000E+00-9.3392619074995E-18 0.0000000000000E+00 2.6636660892620E-17
 2.6636660892620E-17 1.0000000000000E+00-9.3392619074995E-18-1.0000000000000E+00
 0.0000000000000E+00 1.0000000000000E+00 9.3392619074995E-18 0.0000000000000E+00
-2.6636660892620E-17-2.6636660892620E-17 1.0000000000000E+00 1.0000000000000E+00
 9.3392619074995E-18 0.0000000000000E+00-9.3392619074995E-18-1.0000000000000E+00
 0.0000000000000E+00 2.6636660892620E-17 2.6636660892620E-17-1.0000000000000E+00
-1.0000000000000E+00-9.3392619074995E-18 0.0000000000000E+00-9.3392619074995E-18
-1.0000000000000E+00 0.0000000000000E+00-2.6636660892620E-17 2.6636660892620E-17
-1.0000000000000E+00 9.3392619074995E-18 1.0000000000000E+00 0.0000000000000E+00
 1.0000000000000E+00 9.3392619074995E-18 0.0000000000000E+00-2.6636660892620E-17
 2.6636660892620E-17 1.0000000000000E+00 1.0000000000000E+00 9.3392619074995E-18
 0.0000000000000E+00 9.3392619074995E-18 1.0000000000000E+00 0.0000000000000E+00
 2.6636660892620E-17-2.6636660892620E-17-1.0000000000000E+00-9.3392619074995E-18
-1.0000000000000E+00 0.0000000000000E+00-1.0000000000000E+00-9.3392619074995E-18
 0.0000000000000E+00 2.6636660892620E-17-2.6636660892620E-17 1.0000000000000E+00
 1.0000000000000E+00 9.3392619074995E-18 0.0000000000000E+00-9.3392619074995E-18
-1.0000000000000E+00 0.0000000000000E+00 2.6636660892620E-17 2.6636660892620E-17
 1.0000000000000E+00-9.3392619074995E-18-1.0000000000000E+00 0.0000000000000E+00
 1.0000000000000E+00 9.3392619074995E-18 0.0000000000000E+00-2.6636660892620E-17
-2.6636660892620E-17-1.0000000000000E+00 9.3392619074995E-18 1.0000000000000E+00
 0.0000000000000E+00-1.0000000000000E+00-9.3392619074995E-18 0.0000000000000E+00
 2.6636660892620E-17 2.6636660892620E-17-1.0000000000000E+00-1.0000000000000E+00
-9.3392619074995E-18 0.0000000000000E+00 9.3392619074995E-18 1.0000000000000E+00
 0.0000000000000E+00-2.6636660892620E-17-2.6636660892620E-17 1.0000000000000E+00
 0.0000000000000E+00 0.0000000000000E+00 0.0000000000000E+00 0.0000000000000E+00
 0.0000000000000E+00 0.0000000000000E+00 0.0000000000000E+00 0.0000000000000E+00
 0.0000000000000E+00-5.2296136125332E-17 5.2296136125332E-17 0.0000000000000E+00
-5.2296136125332E-17 0.0000000000000E+00 0.0000000000000E+00 5.2296136125332E-17
 0.0000000000000E+00 0.0000000000000E+00 0.0000000000000E+00-5.2296136125332E-17
 0.0000000000000E+00 0.0000000000000E+00 5.2296136125332E-17 0.0000000000000E+00
-5.2296136125332E-17 5.2296136125332E-17 0.0000000000000E+00 0.0000000000000E+00
 0.0000000000000E+00 0.0000000000000E+00 0.0000000000000E+00 0.0000000000000E+00
 0.0000000000000E+00 5.2296136125332E-17-5.2296136125332E-17 0.0000000000000E+00
 5.2296136125332E-17 0.0000000000000E+00 0.0000000000000E+00-5.2296136125332E-17
 0.0000000000000E+00 0.0000000000000E+00 0.0000000000000E+00 5.2296136125332E-17
 0.0000000000000E+00 0.0000000000000E+00-5.2296136125332E-17 0.0000000000000E+00
 5.5996005512317E+00 0.0000000000000E+00 0.0000000000000E+00 0.0000000000000E+00
 5.5996005512317E+00 0.0000000000000E+00 0.0000000000000E+00 0.0000000000000E+00
 9.4486306696063E+02 1.0000000000000E+00 0.0000000000000E+00 0.0000000000000E+00
 0.0000000000000E+00 1.0000000000000E+00 0.0000000000000E+00 0.0000000000000E+00
 0.0000000000000E+00 1.0000000000000E+00
BASATO
 1.2000000000000E+01 8.0000000000000E+00 1.2000000000000E+01 8.0000000000000E+00
 1.2000000000000E+01 8.0000000000000E+00 2.7998002756158E+00 2.7998002756158E+00
 3.9617032236420E+00 0.0000000000000E+00 0.0000000000000E+00 3.9923441237898E+00
 9.0839417262627E-17 5.2296136125332E-17 0.0000000000000E+00 2.7998002756158E+00
 2.7998002756158E+00 0.0000000000000E+00 2.7998002756158E+00 2.7998002756158E+00
-3.9617032236420E+00 0.0000000000000E+00-1.8167883452525E-16-3.9923441237898E+00
 2.0000000000000E+00 8.0000000000000E+00 0.0000000000000E+00 2.0000000000000E+00
 8.0000000000000E+00 0.0000000000000E+00 2.0000000000000E+00 8.0000000000000E+00
 0.0000000000000E+00 2.0000000000000E+00 8.0000000000000E+00 0.0000000000000E+00
 2.0000000000000E+00 8.0000000000000E+00 0.0000000000000E+00 2.0000000000000E+00
 8.0000000000000E+00 0.0000000000000E+00 8.7460400000000E+00 6.4294000000000E-01
 4.0000000000000E-01 1.2351400000000E+00 5.3642000000000E-01 2.1000000000000E-01
 8.7460400000000E+00 6.4294000000000E-01 4.0000000000000E-01 1.2351400000000E+00
 5.3642000000000E-01 2.1000000000000E-01 8.7460400000000E+00 6.4294000000000E-01
 4.0000000000000E-01 1.2351400000000E+00 5.3642000000000E-01 2.1000000000000E-01
 2.7998002756158E+00 2.7998002756158E+00 3.9617032236420E+00 2.7998002756158E+00
 2.7998002756158E+00 3.9617032236420E+00 2.7998002756158E+00 2.7998002756158E+00
 3.9617032236420E+00 0.0000000000000E+00 0.0000000000000E+00 3.9923441237898E+00
 0.0000000000000E+00 0.0000000000000E+00 3.9923441237898E+00 0.0000000000000E+00
 0.0000000000000E+00 3.9923441237898E+00 9.0839417262627E-17 5.2296136125332E-17
 0.0000000000000E+00 9.0839417262627E-17 5.2296136125332E-17 0.0000000000000E+00
 9.0839417262627E-17 5.2296136125332E-17 0.0000000000000E+00 2.7998002756158E+00
 2.7998002756158E+00 0.0000000000000E+00 2.7998002756158E+00 2.7998002756158E+00
 0.0000000000000E+00 2.7998002756158E+00 2.7998002756158E+00 0.0000000000000E+00
 2.7998002756158E+00 2.7998002756158E+00-3.9617032236420E+00 2.7998002756158E+00
 2.7998002756158E+00-3.9617032236420E+00 2.7998002756158E+00 2.7998002756158E+00
-3.9617032236420E+00 0.0000000000000E+00-1.8167883452525E-16-3.9923441237898E+00
 0.0000000000000E+00-1.8167883452525E-16-3.9923441237898E+00 0.0000000000000E+00
-1.8167883452525E-16-3.9923441237898E+00 6.8371875000000E+04 9.6993400900000E+03
 2.0411767860000E+03 5.2986290600000E+02 1.5918600000000E+02 5.4684800000000E+01
 2.1235700000000E+01 8.7460400000000E+00 1.5679500000000E+02 3.1033900000000E+01
 9.6453000000000E+00 3.7109000000000E+00 1.6116400000000E+00 6.4294000000000E-01
 4.0000000000000E-01 4.0000000000000E+03 1.3555800000000E+03 2.4854500000000E+02
 6.9533900000000E+01 2.3886800000000E+01 9.2759300000000E+00 3.8203400000000E+00
 1.2351400000000E+00 5.2187800000000E+01 1.0329300000000E+01 3.2103400000000E+00
 1.2351400000000E+00 5.3642000000000E-01 2.1000000000000E-01 6.8371875000000E+04
 9.6993400900000E+03 2.0411767860000E+03 5.2986290600000E+02 1.5918600000000E+02
 5.4684800000000E+01 2.1235700000000E+01 8.7460400000000E+00 1.5679500000000E+02
 3.1033900000000E+01 9.6453000000000E+00 3.7109000000000E+00 1.6116400000000E+00
 6.4294000000000E-01 4.0000000000000E-01 4.0000000000000E+03 1.3555800000000E+03
 2.4854500000000E+02 6.9533900000000E+01 2.3886800000000E+01 9.2759300000000E+00
 3.8203400000000E+00 1.2351400000000E+00 5.2187800000000E+01 1.0329300000000E+01
 3.2103400000000E+00 1.2351400000000E+00 5.3642000000000E-01 2.1000000000000E-01
 6.8371875000000E+04 9.6993400900000E+03 2.0411767860000E+03 5.2986290600000E+02
 1.5918600000000E+02 5.4684800000000E+01 2.1235700000000E+01 8.7460400000000E+00
 1.5679500000000E+02 3.1033900000000E+01 9.6453000000000E+00 3.7109000000000E+00
 1.6116400000000E+00 6.4294000000000E-01 4.0000000000000E-01 4.0000000000000E+03
 1.3555800000000E+03 2.4854500000000E+02 6.9533900000000E+01 2.3886800000000E+01
 9.2759300000000E+00 3.8203400000000E+00 1.2351400000000E+00 5.2187800000000E+01
 1.0329300000000E+01 3.2103400000000E+00 1.2351400000000E+00 5.3642000000000E-01
 2.1000000000000E-01 1.6331664391985E+00 3.2191838398181E+00 5.8200576556268E+00
 9.5936545336989E+00 1.3151597095617E+01 1.2807073070116E+01 6.8730898370243E+00
 1.3225754930158E+00-4.6490087297732E-01-1.7425703200382E+00-7.3547666016179E-01
 1.3065513869397E+00 1.3748339683558E+00 3.7019730736360E-01 8.7182888765965E-01
 1.2426380222149E+00 2.9283593901896E+00 5.7672026389859E+00 6.9479861181442E+00
 6.6807983619195E+00 3.5210934133563E+00 6.8973994871428E-01 1.4281978488767E-01
-4.0941903702843E-01-1.2495630848926E+00-2.3628928305390E-01 1.0658931930270E+00
 6.3960510673968E-01 5.3771324306710E-01 1.6331664391985E+00 3.2191838398181E+00
 5.8200576556268E+00 9.5936545336989E+00 1.3151597095617E+01 1.2807073070116E+01
 6.8730898370243E+00 1.3225754930158E+00-4.6490087297732E-01-1.7425703200382E+00
-7.3547666016179E-01 1.3065513869397E+00 1.3748339683558E+00 3.7019730736360E-01
 8.7182888765965E-01 1.2426380222149E+00 2.9283593901896E+00 5.7672026389859E+00
 6.9479861181442E+00 6.6807983619195E+00 3.5210934133563E+00 6.8973994871428E-01
 1.4281978488767E-01-4.0941903702843E-01-1.2495630848926E+00-2.3628928305390E-01
 1.0658931930270E+00 6.3960510673968E-01 5.3771324306710E-01 1.6331664391985E+00
 3.2191838398181E+00 5.8200576556268E+00 9.5936545336989E+00 1.3151597095617E+01
 1.2807073070116E+01 6.8730898370243E+00 1.3225754930158E+00-4.6490087297732E-01
-1.7425703200382E+00-7.3547666016179E-01 1.3065513869397E+00 1.3748339683558E+00
 3.7019730736360E-01 8.7182888765965E-01 1.2426380222149E+00 2.9283593901896E+00
 5.7672026389859E+00 6.9479861181442E+00 6.6807983619195E+00 3.5210934133563E+00
 6.8973994871428E-01 1.4281978488767E-01-4.0941903702843E-01-1.2495630848926E+00
-2.3628928305390E-01 1.0658931930270E+00 6.3960510673968E-01 5.3771324306710E-01
 0.0000000000000E+00 0.0000000000000E+00 0.0000000000000E+00 0.0000000000000E+00
 0.0000000000000E+00 0.0000000000000E+00 0.0000000000000E+00 0.0000000000000E+00
 1.4849037166647E+01 1.6319974562985E+01 1.2398128771954E+01 6.1268344151240E+00
 2.3512098123624E+00 4.6475458461923E-01 1.1027860059742E+00 0.0000000000000E+00
 0.0000000000000E+00 0.0000000000000E+00 0.0000000000000E+00 0.0000000000000E+00
 0.0000000000000E+00 0.0000000000000E+00 0.0000000000000E+00 5.7926716722618E+00
 5.8623522517031E+00 3.9328526768112E+00 2.0388185059276E+00 5.7109241109625E-01
 4.9282232770704E-01 0.0000000000000E+00 0.0000000000000E+00 0.0000000000000E+00
 0.0000000000000E+00 0.0000000000000E+00 0.0000000000000E+00 0.0000000000000E+00
 0.0000000000000E+00 1.4849037166647E+01 1.6319974562985E+01 1.2398128771954E+01
 6.1268344151240E+00 2.3512098123624E+00 4.6475458461923E-01 1.1027860059742E+00
 0.0000000000000E+00 0.0000000000000E+00 0.0000000000000E+00 0.0000000000000E+00
 0.0000000000000E+00 0.0000000000000E+00 0.0000000000000E+00 0.0000000000000E+00
 5.7926716722618E+00 5.8623522517031E+00 3.9328526768112E+00 2.0388185059276E+00
 5.7109241109625E-01 4.9282232770704E-01 0.0000000000000E+00 0.0000000000000E+00
 0.0000000000000E+00 0.0000000000000E+00 0.0000000000000E+00 0.0000000000000E+00
 0.0000000000000E+00 0.0000000000000E+00 1.4849037166647E+01 1.6319974562985E+01
 1.2398128771954E+01 6.1268344151240E+00 2.3512098123624E+00 4.6475458461923E-01
 1.1027860059742E+00 0.0000000000000E+00 0.0000000000000E+00 0.0000000000000E+00
 0.0000000000000E+00 0.0000000000000E+00 0.0000000000000E+00 0.0000000000000E+00
 0.0000000000000E+00 5.7926716722618E+00 5.8623522517031E+00 3.9328526768112E+00
 2.0388185059276E+00 5.7109241109625E-01 4.9282232770704E-01 0.0000000000000E+00
 0.0000000000000E+00 0.0000000000000E+00 0.0000000000000E+00 0.0000000000000E+00
 0.0000000000000E+00 0.0000000000000E+00 0.0000000000000E+00 0.0000000000000E+00
 0.0000000000000E+00 0.0000000000000E+00 0.0000000000000E+00 0.0000000000000E+00
 0.0000000000000E+00 0.0000000000000E+00 0.0000000000000E+00 0.0000000000000E+00
 0.0000000000000E+00 0.0000000000000E+00 0.0000000000000E+00 0.0000000000000E+00
 0.0000000000000E+00 0.0000000000000E+00 0.0000000000000E+00 0.0000000000000E+00
 0.0000000000000E+00 0.0000000000000E+00 0.0000000000000E+00 0.0000000000000E+00
 0.0000000000000E+00 0.0000000000000E+00 0.0000000000000E+00 0.0000000000000E+00
 0.0000000000000E+00 0.0000000000000E+00 0.0000000000000E+00 0.0000000000000E+00
 0.0000000000000E+00 0.0000000000000E+00 0.0000000000000E+00 0.0000000000000E+00
 0.0000000000000E+00 0.0000000000000E+00 0.0000000000000E+00 0.0000000000000E+00
 0.0000000000000E+00 0.0000000000000E+00 0.0000000000000E+00 0.0000000000000E+00
 0.0000000000000E+00 0.0000000000000E+00 0.0000000000000E+00 0.0000000000000E+00
 0.0000000000000E+00 0.0000000000000E+00 0.0000000000000E+00 0.0000000000000E+00
 0.0000000000000E+00 0.0000000000000E+00 0.0000000000000E+00 0.0000000000000E+00
 0.0000000000000E+00 0.0000000000000E+00 0.0000000000000E+00 0.0000000000000E+00
 0.0000000000000E+00 0.0000000000000E+00 0.0000000000000E+00 0.0000000000000E+00
 0.0000000000000E+00 0.0000000000000E+00 0.0000000000000E+00 0.0000000000000E+00
 0.0000000000000E+00 0.0000000000000E+00 0.0000000000000E+00 0.0000000000000E+00
 0.0000000000000E+00 0.0000000000000E+00 0.0000000000000E+00 0.0000000000000E+00
 0.0000000000000E+00 0.0000000000000E+00 0.0000000000000E+00 0.0000000000000E+00
 0.0000000000000E+00 0.0000000000000E+00 1.4986119063639E+01 2.9539593242520E+01
 5.3405504112168E+01 8.8032453794480E+01 1.2068053519925E+02 1.1751914396409E+02
 6.3068245930456E+01 1.2136101583568E+01 5.4407769983861E+00 1.5990021387944E+01
 1.8315847082212E+01 1.4592350539098E+01 1.2615631235129E+01 3.3969721591342E+00
 8.0000000000000E+00 1.1402586354308E+01 2.6870955359605E+01 5.2920500530489E+01
 6.3755502635802E+01 6.1303757711938E+01 3.2309949470093E+01 6.3291314016064E+00
 1.3105304209046E+00 3.7568751650566E+00 1.1466131508874E+01 1.0070728769349E+01
 9.7807559085436E+00 5.8690884488276E+00 4.9341172395473E+00 1.4986119063639E+01
 2.9539593242520E+01 5.3405504112168E+01 8.8032453794480E+01 1.2068053519925E+02
 1.1751914396409E+02 6.3068245930456E+01 1.2136101583568E+01 5.4407769983861E+00
 1.5990021387944E+01 1.8315847082212E+01 1.4592350539098E+01 1.2615631235129E+01
 3.3969721591342E+00 8.0000000000000E+00 1.1402586354308E+01 2.6870955359605E+01
 5.2920500530489E+01 6.3755502635802E+01 6.1303757711938E+01 3.2309949470093E+01
 6.3291314016064E+00 1.3105304209046E+00 3.7568751650566E+00 1.1466131508874E+01
 1.0070728769349E+01 9.7807559085436E+00 5.8690884488276E+00 4.9341172395473E+00
 1.4986119063639E+01 2.9539593242520E+01 5.3405504112168E+01 8.8032453794480E+01
 1.2068053519925E+02 1.1751914396409E+02 6.3068245930456E+01 1.2136101583568E+01
 5.4407769983861E+00 1.5990021387944E+01 1.8315847082212E+01 1.4592350539098E+01
 1.2615631235129E+01 3.3969721591342E+00 8.0000000000000E+00 1.1402586354308E+01
 2.6870955359605E+01 5.2920500530489E+01 6.3755502635802E+01 6.1303757711938E+01
 3.2309949470093E+01 6.3291314016064E+00 1.3105304209046E+00 3.7568751650566E+00
 1.1466131508874E+01 1.0070728769349E+01 9.7807559085436E+00 5.8690884488276E+00
 4.9341172395473E+00 0.0000000000000E+00 0.0000000000000E+00 0.0000000000000E+00
 0.0000000000000E+00 0.0000000000000E+00 0.0000000000000E+00 0.0000000000000E+00
 0.0000000000000E+00 4.7351756008314E-02 2.6293786090347E-01 6.4270311820028E-01
 8.2551866327899E-01 7.2944634420911E-01 3.6142920382869E-01 1.3784825074678E+00
 0.0000000000000E+00 0.0000000000000E+00 0.0000000000000E+00 0.0000000000000E+00
 0.0000000000000E+00 0.0000000000000E+00 0.0000000000000E+00 0.0000000000000E+00
 5.5498331719882E-02 2.8377296872504E-01 6.1252899643203E-01 8.2533903279289E-01
 5.3231834299267E-01 1.1733864945406E+00 0.0000000000000E+00 0.0000000000000E+00
 0.0000000000000E+00 0.0000000000000E+00 0.0000000000000E+00 0.0000000000000E+00
 0.0000000000000E+00 0.0000000000000E+00 4.7351756008314E-02 2.6293786090347E-01
 6.4270311820028E-01 8.2551866327899E-01 7.2944634420911E-01 3.6142920382869E-01
 1.3784825074678E+00 0.0000000000000E+00 0.0000000000000E+00 0.0000000000000E+00
 0.0000000000000E+00 0.0000000000000E+00 0.0000000000000E+00 0.0000000000000E+00
 0.0000000000000E+00 5.5498331719882E-02 2.8377296872504E-01 6.1252899643203E-01
 8.2533903279289E-01 5.3231834299267E-01 1.1733864945406E+00 0.0000000000000E+00
 0.0000000000000E+00 0.0000000000000E+00 0.0000000000000E+00 0.0000000000000E+00
 0.0000000000000E+00 0.0000000000000E+00 0.0000000000000E+00 4.7351756008314E-02
 2.6293786090347E-01 6.4270311820028E-01 8.2551866327899E-01 7.2944634420911E-01
 3.6142920382869E-01 1.3784825074678E+00 0.0000000000000E+00 0.0000000000000E+00
 0.0000000000000E+00 0.0000000000000E+00 0.0000000000000E+00 0.0000000000000E+00
 0.0000000000000E+00 0.0000000000000E+00 5.5498331719882E-02 2.8377296872504E-01
 6.1252899643203E-01 8.2533903279289E-01 5.3231834299267E-01 1.1733864945406E+00
 0.0000000000000E+00 0.0000000000000E+00 0.0000000000000E+00 0.0000000000000E+00
 0.0000000000000E+00 0.0000000000000E+00 0.0000000000000E+00 0.0000000000000E+00
 0.0000000000000E+00 0.0000000000000E+00 0.0000000000000E+00 0.0000000000000E+00
 0.0000000000000E+00 0.0000000000000E+00 0.0000000000000E+00 0.0000000000000E+00
 0.0000000000000E+00 0.0000000000000E+00 0.0000000000000E+00 0.0000000000000E+00
 0.0000000000000E+00 0.0000000000000E+00 0.0000000000000E+00 0.0000000000000E+00
 0.0000000000000E+00 0.0000000000000E+00 0.0000000000000E+00 0.0000000000000E+00
 0.0000000000000E+00 0.0000000000000E+00 0.0000000000000E+00 0.0000000000000E+00
 0.0000000000000E+00 0.0000000000000E+00 0.0000000000000E+00 0.0000000000000E+00
 0.0000000000000E+00 0.0000000000000E+00 0.0000000000000E+00 0.0000000000000E+00
 0.0000000000000E+00 0.0000000000000E+00 0.0000000000000E+00 0.0000000000000E+00
 0.0000000000000E+00 0.0000000000000E+00 0.0000000000000E+00 0.0000000000000E+00
 0.0000000000000E+00 0.0000000000000E+00 0.0000000000000E+00 0.0000000000000E+00
 0.0000000000000E+00 0.0000000000000E+00 0.0000000000000E+00 0.0000000000000E+00
 0.0000000000000E+00 0.0000000000000E+00 0.0000000000000E+00 0.0000000000000E+00
 0.0000000000000E+00 0.0000000000000E+00 0.0000000000000E+00 0.0000000000000E+00
 0.0000000000000E+00 0.0000000000000E+00 0.0000000000000E+00 0.0000000000000E+00
 0.0000000000000E+00 0.0000000000000E+00 0.0000000000000E+00 0.0000000000000E+00
 0.0000000000000E+00 0.0000000000000E+00 0.0000000000000E+00 0.0000000000000E+00
 0.0000000000000E+00 0.0000000000000E+00 0.0000000000000E+00 0.0000000000000E+00
 0.0000000000000E+00 0.0000000000000E+00 0.0000000000000E+00 0.0000000000000E+00
 0.0000000000000E+00 0.0000000000000E+00 0.0000000000000E+00
NINV  
         1         2         3         4         5         7         6         8
         9        10        11        12        13        15        14        16
BASATO
        12         8        12         8        12         8         1         4
         7        10        13        16        19         0         0         0
         0         0         0         1         9        15        16        24
        29        30        38        44        45        53        58        59
        67        73        74        82        87        88         8         6
         1         8         5         1         8         6         1         8
         5         1         8         6         1         8         5         1
         0         1         1         0         1         1         0         1
         1         0         1         1         0         1         1         0
         1         1         1         4         4         1         4         4
         1         4         4         1         4         4         1         4
         4         1         4         4         0         1         5         9
        10        14        18        19        23        27        28        32
        36        37        41        45        46        50        54         1
         1         1         2         2         2         3         3         3
         4         4         4         5         5         5         6         6
         6
SPINOR
         0         0         0         0         0         0         0         0
         0         0         0         0
BASOLD
 5.5996005512317E+00 0.0000000000000E+00 0.0000000000000E+00 0.0000000000000E+00
 5.5996005512317E+00 0.0000000000000E+00 0.0000000000000E+00 0.0000000000000E+00
 9.4486306696063E+02 0.0000000000000E+00 0.0000000000000E+00 0.0000000000000E+00
 0.0000000000000E+00 0.0000000000000E+00 0.0000000000000E+00 0.0000000000000E+00
 0.0000000000000E+00 0.0000000000000E+00-5.2296136125332E-17 5.2296136125332E-17
 0.0000000000000E+00-5.2296136125332E-17 0.0000000000000E+00 0.0000000000000E+00
 5.2296136125332E-17 0.0000000000000E+00 0.0000000000000E+00 0.0000000000000E+00
-5.2296136125332E-17 0.0000000000000E+00 0.0000000000000E+00 5.2296136125332E-17
 0.0000000000000E+00-5.2296136125332E-17 5.2296136125332E-17 0.0000000000000E+00
 0.0000000000000E+00 0.0000000000000E+00 0.0000000000000E+00 0.0000000000000E+00
 0.0000000000000E+00 0.0000000000000E+00 5.2296136125332E-17-5.2296136125332E-17
 0.0000000000000E+00 5.2296136125332E-17 0.0000000000000E+00 0.0000000000000E+00
-5.2296136125332E-17 0.0000000000000E+00 0.0000000000000E+00 0.0000000000000E+00
 5.2296136125332E-17 0.0000000000000E+00 0.0000000000000E+00-5.2296136125332E-17
 0.0000000000000E+00 8.7460400000000E+00 6.4294000000000E-01 4.0000000000000E-01
 1.2351400000000E+00 5.3642000000000E-01 2.1000000000000E-01 8.7460400000000E+00
 6.4294000000000E-01 4.0000000000000E-01 1.2351400000000E+00 5.3642000000000E-01
 2.1000000000000E-01 8.7460400000000E+00 6.4294000000000E-01 4.0000000000000E-01
 1.2351400000000E+00 5.3642000000000E-01 2.1000000000000E-01 2.7998002756158E+00
 2.7998002756158E+00 3.9617032236420E+00 0.0000000000000E+00 0.0000000000000E+00
 3.9923441237898E+00 9.0839417262627E-17 5.2296136125332E-17 0.0000000000000E+00
 2.7998002756158E+00 2.7998002756158E+00 0.0000000000000E+00 2.7998002756158E+00
 2.7998002756158E+00-3.9617032236420E+00 0.0000000000000E+00-1.8167883452525E-16
-3.9923441237898E+00 2.7998002756158E+00 2.7998002756158E+00 3.9617032236420E+00
 2.7998002756158E+00 2.7998002756158E+00 3.9617032236420E+00 2.7998002756158E+00
 2.7998002756158E+00 3.9617032236420E+00 0.0000000000000E+00 0.0000000000000E+00
 3.9923441237898E+00 0.0000000000000E+00 0.0000000000000E+00 3.9923441237898E+00
 0.0000000000000E+00 0.0000000000000E+00 3.9923441237898E+00 9.0839417262627E-17
 5.2296136125332E-17 0.0000000000000E+00 9.0839417262627E-17 5.2296136125332E-17
 0.0000000000000E+00 9.0839417262627E-17 5.2296136125332E-17 0.0000000000000E+00
 2.7998002756158E+00 2.7998002756158E+00 0.0000000000000E+00 2.7998002756158E+00
 2.7998002756158E+00 0.0000000000000E+00 2.7998002756158E+00 2.7998002756158E+00
 0.0000000000000E+00 2.7998002756158E+00 2.7998002756158E+00-3.9617032236420E+00
 2.7998002756158E+00 2.7998002756158E+00-3.9617032236420E+00 2.7998002756158E+00
 2.7998002756158E+00-3.9617032236420E+00 0.0000000000000E+00-1.8167883452525E-16
-3.9923441237898E+00 0.0000000000000E+00-1.8167883452525E-16-3.9923441237898E+00
 0.0000000000000E+00-1.8167883452525E-16-3.9923441237898E+00 0.0000000000000E+00
 3.1355526333354E+01 6.2711052666709E+01 1.2542210533342E+02 1.5677763166677E+02
 2.5084421066683E+02 2.8219973700019E+02 3.1355526333354E+02 4.0762184233361E+02
 5.0168842133367E+02 5.3304394766702E+02 5.6439947400038E+02 6.2711052666709E+02
 7.8388815833386E+02 8.1524368466721E+02 9.0931026366727E+02 1.0033768426673E+03
 1.0660878953340E+03 1.1287989480008E+03 1.1601544743341E+03 1.2542210533342E+03
 1.2855765796675E+03 1.4109986850009E+03 1.5364207903344E+03 1.5677763166677E+03
 1.6304873693344E+03 1.6618428956678E+03 1.8186205273345E+03 1.9126871063346E+03
 2.0067536853347E+03 2.0381092116680E+03 2.1321757906681E+03 2.2575978960015E+03
 2.2889534223349E+03 2.3203089486682E+03 2.5084421066683E+03 2.5397976330017E+03
 2.5711531593351E+03 2.6652197383351E+03 2.7906418436685E+03 2.8219973700019E+03
 3.0414860543354E+03 3.0728415806687E+03 3.1355526333354E+03 3.1669081596688E+03
 3.2609747386688E+03 3.3236857913356E+03 3.4177523703356E+03 3.5431744756690E+03
 3.6372410546691E+03 3.6685965810025E+03 3.7940186863359E+03 3.8253742126692E+03
 3.9194407916693E+03 4.0135073706693E+03 4.0762184233361E+03 4.2643515813362E+03
 4.2957071076695E+03 4.5151957920030E+03 4.5465513183364E+03 4.5779068446697E+03
 4.6406178973364E+03 4.6719734236698E+03 4.7973955290032E+03 4.9228176343366E+03
 5.0168842133367E+03 5.0795952660034E+03 5.1423063186701E+03 5.2990839503369E+03
 5.3304394766702E+03 5.4245060556703E+03 5.5812836873371E+03 5.6439947400038E+03
 5.6753502663371E+03 5.8007723716705E+03 6.0516165823374E+03 6.0829721086707E+03
 6.1456831613374E+03 6.1770386876708E+03 6.2711052666709E+03 6.3338163193376E+03
 6.4278828983376E+03 6.5219494773377E+03 6.6473715826711E+03 6.8355047406712E+03
 6.9295713196713E+03 7.0549934250047E+03 7.0863489513381E+03 7.1804155303381E+03
 7.2744821093382E+03 7.3058376356715E+03 7.3371931620049E+03 7.5566818463384E+03
 7.5880373726717E+03 7.6507484253384E+03 7.6821039516718E+03 7.8388815833386E+03
 8.0270147413387E+03 8.0583702676720E+03 8.1524368466721E+03 8.1837923730055E+03
 8.3092144783389E+03 8.4346365836723E+03 8.5287031626724E+03 8.5914142153391E+03
 8.6854807943391E+03 8.8109028996726E+03 9.0303915840060E+03 9.0617471103394E+03
 9.0931026366727E+03 9.1558136893394E+03 9.1871692156728E+03 9.2812357946729E+03
 9.3439468473396E+03 9.5634355316731E+03 9.5947910580064E+03 9.8142797423399E+03
 9.8456352686732E+03 9.9397018476733E+03 1.0033768426673E+04 1.0159190532007E+04
 1.0190546058340E+04 1.0284612637340E+04 1.0441390269007E+04 1.0566812374340E+04
 1.0598167900674E+04 1.0660878953340E+04 1.0849012111341E+04 1.0943078690341E+04
 1.1068500795674E+04 1.1162567374674E+04 1.1287989480008E+04 1.1319345006341E+04
 1.1350700532674E+04 1.1444767111674E+04 1.1570189217008E+04 1.1601544743341E+04
 1.1695611322341E+04 1.1821033427675E+04 1.2103233164675E+04 1.2165944217341E+04
 1.2197299743675E+04 1.2291366322675E+04 1.2354077375342E+04 1.2448143954342E+04
 1.2542210533342E+04 1.2573566059675E+04 1.2667632638675E+04 1.2698988165008E+04
 1.2824410270342E+04 1.2855765796675E+04 1.3043898954675E+04 1.3200676586342E+04
 1.3294743165342E+04 1.3326098691676E+04 1.3576942902342E+04 1.3671009481342E+04
 1.3827787113009E+04 1.3859142639343E+04 1.3953209218343E+04 1.4078631323676E+04
 1.4109986850009E+04 1.4172697902676E+04 1.4329475534343E+04 1.4360831060676E+04
 1.4454897639676E+04 1.4548964218676E+04 1.4611675271343E+04 1.4674386324010E+04
 1.4956586061010E+04 1.5082008166343E+04 1.5113363692677E+04 1.5176074745343E+04
 1.5207430271677E+04 1.5301496850677E+04 1.5364207903344E+04 1.5458274482344E+04
 1.5677763166677E+04 1.5834540798344E+04 1.5959962903677E+04 1.6054029482677E+04
 1.6116740535344E+04 1.6304873693344E+04 1.6336229219678E+04 1.6367584746011E+04
 1.6587073430344E+04 1.6618428956678E+04 1.6712495535678E+04 1.6869273167345E+04
 1.6963339746345E+04 1.7057406325345E+04 1.7088761851678E+04 1.7182828430678E+04
 1.7214183957012E+04 1.7370961588678E+04 1.7465028167678E+04 1.7621805799345E+04
 1.7715872378345E+04 1.7841294483679E+04 1.8060783168012E+04 1.8092138694345E+04
 1.8123494220679E+04 1.8186205273345E+04 1.8311627378679E+04 1.8342982905012E+04
 1.8374338431346E+04 1.8562471589346E+04 1.8593827115679E+04 1.8687893694679E+04
 1.8844671326346E+04 1.8970093431679E+04 1.9126871063346E+04 1.9189582116013E+04
 1.9220937642346E+04 1.9346359747680E+04 1.9597203958346E+04 1.9628559484680E+04
 1.9691270537346E+04 1.9722626063680E+04 1.9879403695347E+04 1.9973470274347E+04
 2.0067536853347E+04 2.0098892379680E+04 2.0318381064014E+04 2.0381092116680E+04
 2.0475158695680E+04 2.0569225274680E+04 2.0600580801014E+04 2.0726002906347E+04
 2.0882780538014E+04 2.1102269222347E+04 2.1133624748681E+04 2.1196335801347E+04
 2.1227691327681E+04 2.1321757906681E+04 2.1478535538348E+04 2.1603957643681E+04
 2.1698024222681E+04 2.1854801854348E+04 2.1886157380681E+04 2.1980223959681E+04
 2.2137001591348E+04 2.2231068170348E+04 2.2325134749348E+04 2.2575978960015E+04
 2.2638690012682E+04 2.2701401065348E+04 2.2732756591682E+04 2.2858178697015E+04
 2.2889534223349E+04 2.2983600802349E+04 2.3140378434015E+04 2.3203089486682E+04
 2.3359867118349E+04 2.3391222644682E+04 2.3642066855349E+04 2.3736133434349E+04
 2.3861555539683E+04 2.3986977645016E+04 2.4112399750349E+04 2.4206466329350E+04
 2.4237821855683E+04 2.4331888434683E+04 2.4394599487350E+04 2.4582732645350E+04
 2.4614088171683E+04 2.4708154750683E+04 2.4864932382350E+04 2.4896287908683E+04
 2.4990354487683E+04 2.5084421066683E+04 2.5115776593017E+04 2.5147132119350E+04
 2.5335265277350E+04 2.5366620803684E+04 2.5397976330017E+04 2.5648820540684E+04
 2.5711531593351E+04 2.5742887119684E+04 2.5993731330351E+04 2.6087797909351E+04
 2.6119153435684E+04 2.6369997646351E+04 2.6401353172684E+04 2.6495419751684E+04
 2.6589486330684E+04 2.6652197383351E+04 2.6746263962351E+04 2.6871686067685E+04
 2.7122530278351E+04 2.7153885804685E+04 2.7342018962685E+04 2.7373374489018E+04
 2.7498796594352E+04 2.7624218699685E+04 2.7655574226018E+04 2.7718285278685E+04
 2.7906418436685E+04 2.8157262647352E+04 2.8219973700019E+04 2.8251329226352E+04
 2.8345395805352E+04 2.8376751331686E+04 2.8502173437019E+04 2.8658951068686E+04
 2.8721662121353E+04 2.8909795279353E+04 2.9003861858353E+04 2.9097928437353E+04
 2.9129283963686E+04 2.9223350542686E+04 2.9348772648020E+04 2.9380128174353E+04
 2.9505550279686E+04 2.9756394490353E+04 2.9881816595687E+04 2.9913172122020E+04
 3.0132660806353E+04 3.0164016332687E+04 3.0226727385354E+04 3.0258082911687E+04
 3.0352149490687E+04 3.0414860543354E+04 3.0602993701354E+04 3.0634349227687E+04
 3.0728415806687E+04 3.0759771333021E+04 3.0885193438354E+04 3.0916548964687E+04
 3.1261459754354E+04 3.1355526333354E+04 3.1637726070354E+04 3.1669081596688E+04
 3.1763148175688E+04 3.1888570281021E+04 3.1919925807355E+04 3.2013992386355E+04
 3.2108058965355E+04 3.2139414491688E+04 3.2233481070688E+04 3.2390258702355E+04
 3.2515680807688E+04 3.2609747386688E+04 3.2672458439355E+04 3.2735169492022E+04
 3.2891947123689E+04 3.3017369229022E+04 3.3174146860689E+04 3.3236857913356E+04
 3.3268213439689E+04 3.3424991071356E+04 3.3519057650356E+04 3.3644479755689E+04
 3.3738546334689E+04 3.3926679492689E+04 3.4114812650689E+04 3.4146168177023E+04
 3.4177523703356E+04 3.4271590282356E+04 3.4365656861356E+04 3.4397012387690E+04
 3.4428367914023E+04 3.4647856598356E+04 3.4741923177357E+04 3.4773278703690E+04
 3.4930056335357E+04 3.5024122914357E+04 3.5243611598690E+04 3.5274967125024E+04
 3.5400389230357E+04 3.5431744756690E+04 3.5682588967357E+04 3.5902077651691E+04
 3.6121566336024E+04 3.6152921862357E+04 3.6184277388691E+04 3.6246988441358E+04
 3.6278343967691E+04 3.6372410546691E+04 3.6529188178358E+04 3.6623254757358E+04
 3.6685965810025E+04 3.6748676862691E+04 3.7030876599691E+04 3.7124943178691E+04
 3.7187654231358E+04 3.7281720810358E+04 3.7375787389358E+04 3.7407142915692E+04
 3.7657987126358E+04 3.7689342652692E+04 3.7783409231692E+04 3.7940186863359E+04
 3.8034253442359E+04 3.8159675547692E+04 3.8253742126692E+04 3.8379164232026E+04
 3.8410519758359E+04 3.8441875284692E+04 3.8535941863692E+04 3.8661363969026E+04
 3.8692719495359E+04 3.8786786074359E+04 3.8912208179693E+04 3.9163052390359E+04
 3.9194407916693E+04 3.9257118969360E+04 3.9382541074693E+04 3.9445252127360E+04
 3.9539318706360E+04 3.9758807390693E+04 3.9946940548693E+04 4.0041007127693E+04
 4.0135073706693E+04 4.0197784759360E+04 4.0291851338360E+04 4.0417273443694E+04
 4.0636762128027E+04 4.0668117654361E+04 4.0762184233361E+04 4.0793539759694E+04
 4.0918961865027E+04 4.0950317391361E+04 4.1138450549361E+04 4.1169806075694E+04
 4.1201161602028E+04 4.1420650286361E+04 4.1452005812694E+04 4.1546072391694E+04
 4.1765561076028E+04 4.2047760813028E+04 4.2173182918362E+04 4.2204538444695E+04
 4.2267249497362E+04 4.2392671602695E+04 4.2455382655362E+04 4.2643515813362E+04
 4.2674871339695E+04 4.2925715550362E+04 4.2957071076695E+04 4.3051137655695E+04
 4.3176559761029E+04 4.3207915287362E+04 4.3301981866362E+04 4.3396048445362E+04
 4.3427403971696E+04 4.3709603708696E+04 4.3772314761363E+04 4.3960447919363E+04
 4.4054514498363E+04 4.4179936603696E+04 4.4274003182696E+04 4.4305358709030E+04
 4.4430780814363E+04 4.4462136340696E+04 4.4556202919696E+04 4.4650269498696E+04
 4.4807047130363E+04 4.4932469235697E+04 4.5151957920030E+04 4.5277380025364E+04
 4.5308735551697E+04 4.5402802130697E+04 4.5465513183364E+04 4.5559579762364E+04
 4.5716357394031E+04 4.5779068446697E+04 4.5935846078364E+04 4.5967201604697E+04
 4.6061268183697E+04 4.6280756868031E+04 4.6406178973364E+04 4.6437534499698E+04
 4.6688378710365E+04 4.6719734236698E+04 4.6782445289365E+04 4.6813800815698E+04
 4.7284133710698E+04 4.7440911342365E+04 4.7472266868698E+04 4.7566333447698E+04
 4.7691755553032E+04 4.7723111079365E+04 4.7817177658365E+04 4.7973955290032E+04
 4.8193443974366E+04 4.8224799500699E+04 4.8412932658699E+04 4.8475643711366E+04
 4.8569710290366E+04 4.8663776869366E+04 4.8695132395699E+04 4.8789198974699E+04
 4.8820554501033E+04 4.9071398711699E+04 4.9165465290700E+04 4.9228176343366E+04
 4.9322242922366E+04 4.9416309501366E+04 4.9698509238367E+04 4.9729864764700E+04
 4.9792575817367E+04 4.9980708975367E+04 5.0074775554367E+04 5.0168842133367E+04
 5.0200197659700E+04 5.0231553186034E+04 5.0294264238700E+04 5.0451041870367E+04
 5.0576463975700E+04 5.0670530554701E+04 5.0733241607367E+04 5.0795952660034E+04
 5.0827308186367E+04 5.0952730291701E+04 5.1078152397034E+04 5.1297641081368E+04
 5.1328996607701E+04 5.1423063186701E+04 5.1485774239368E+04 5.1705262923701E+04
 5.1956107134368E+04 5.1987462660701E+04 5.2175595818702E+04 5.2206951345035E+04
 5.2238306871368E+04 5.2332373450368E+04 5.2708639766369E+04 5.2739995292702E+04
 5.2802706345369E+04 5.2834061871702E+04 5.2990839503369E+04 5.3084906082369E+04
 5.3178972661369E+04 5.3210328187702E+04 5.3304394766702E+04 5.3492527924702E+04
 5.3586594503702E+04 5.3743372135369E+04 5.3837438714369E+04 5.3962860819703E+04
 5.4245060556703E+04 5.4307771609370E+04 5.4339127135703E+04 5.4464549241036E+04
 5.4589971346370E+04 5.4684037925370E+04 5.4715393451703E+04 5.4746748978037E+04
 5.4966237662370E+04 5.4997593188703E+04 5.5248437399370E+04 5.5311148452037E+04
 5.5342503978370E+04 5.5436570557370E+04 5.5467926083704E+04 5.5593348189037E+04
 5.5718770294371E+04 5.5812836873371E+04 5.5844192399704E+04 5.6095036610371E+04
 5.6314525294704E+04 5.6439947400038E+04 5.6471302926371E+04 5.6502658452704E+04
 5.6596725031704E+04 5.6690791610705E+04 5.6753502663371E+04 5.6847569242371E+04
 5.7004346874038E+04 5.7223835558372E+04 5.7317902137372E+04 5.7443324242705E+04
 5.7819590558705E+04 5.7850946085039E+04 5.7976368190372E+04 5.8007723716705E+04
 5.8101790295705E+04 5.8195856874706E+04 5.8258567927372E+04 5.8352634506372E+04
 5.8446701085372E+04 5.8478056611706E+04 5.8697545296039E+04 5.8728900822373E+04
 5.8760256348706E+04 5.8854322927706E+04 5.9011100559373E+04 5.9105167138373E+04
 5.9230589243706E+04 5.9512788980706E+04 5.9606855559706E+04 5.9763633191373E+04
 5.9826344244040E+04 5.9983121875707E+04 6.0233966086374E+04 6.0265321612707E+04
 6.0328032665374E+04 6.0453454770707E+04 6.0516165823374E+04 6.0610232402374E+04
 6.0704298981374E+04 6.0735654507707E+04 6.0829721086707E+04 6.0986498718374E+04
 6.1111920823707E+04 6.1205987402708E+04 6.1268698455374E+04 6.1456831613374E+04
 6.1488187139708E+04 6.1519542666041E+04 6.1770386876708E+04 6.1833097929375E+04
 6.1864453455708E+04 6.2240719771708E+04 6.2366141877042E+04 6.2491563982375E+04
 6.2522919508708E+04 6.2616986087708E+04 6.2711052666709E+04 6.2867830298375E+04
 6.2993252403709E+04 6.3244096614376E+04 6.3275452140709E+04 6.3338163193376E+04
 6.3494940825042E+04 6.3526296351376E+04 6.3620362930376E+04 6.3777140562043E+04
 6.3839851614709E+04 6.3996629246376E+04 6.4027984772709E+04 6.4122051351709E+04
 6.4216117930710E+04 6.4278828983376E+04 6.4372895562376E+04 6.4466962141376E+04
 6.4498317667710E+04 6.4623739773043E+04 6.4780517404710E+04 6.4874583983710E+04
 6.5031361615377E+04 6.5219494773377E+04 6.5250850299710E+04 6.5344916878710E+04
 6.5470338984044E+04 6.5501694510377E+04 6.5752538721044E+04 6.5783894247377E+04
 6.6003382931711E+04 6.6034738458044E+04 6.6254227142378E+04 6.6348293721378E+04
 6.6379649247711E+04 6.6473715826711E+04 6.6536426879378E+04 6.6630493458378E+04
 6.6755915563711E+04 6.6849982142711E+04 6.7006759774378E+04 6.7038115300711E+04
 6.7132181879711E+04 6.7288959511378E+04 6.7477092669378E+04 6.7508448195712E+04
 6.7759292406379E+04 6.7853358985379E+04 6.7884714511712E+04 6.8010136617045E+04
 6.8135558722379E+04 6.8229625301379E+04 6.8292336354046E+04 6.8355047406712E+04
 6.8543180564712E+04 6.8731313722713E+04 6.8794024775379E+04 6.8856735828046E+04
 6.8888091354379E+04 6.9138935565046E+04 6.9264357670380E+04 6.9295713196713E+04
 6.9389779775713E+04 6.9483846354713E+04 6.9546557407380E+04 6.9640623986380E+04
 6.9766046091713E+04 1.0000000000000E+25 0.0000000000000E+00 0.0000000000000E+00
 0.0000000000000E+00-5.5996005512317E+00 0.0000000000000E+00 0.0000000000000E+00
 5.5996005512317E+00 0.0000000000000E+00 0.0000000000000E+00 0.0000000000000E+00
-5.5996005512317E+00 0.0000000000000E+00 0.0000000000000E+00 5.5996005512317E+00
 0.0000000000000E+00-5.5996005512317E+00-5.5996005512317E+00 0.0000000000000E+00
 5.5996005512317E+00 5.5996005512317E+00 0.0000000000000E+00-5.5996005512317E+00
 5.5996005512317E+00 0.0000000000000E+00 5.5996005512317E+00-5.5996005512317E+00
 0.0000000000000E+00-1.1199201102463E+01 0.0000000000000E+00 0.0000000000000E+00
 1.1199201102463E+01 0.0000000000000E+00 0.0000000000000E+00 0.0000000000000E+00
-1.1199201102463E+01 0.0000000000000E+00 0.0000000000000E+00 1.1199201102463E+01
 0.0000000000000E+00-1.1199201102463E+01-5.5996005512317E+00 0.0000000000000E+00
 1.1199201102463E+01 5.5996005512317E+00 0.0000000000000E+00-1.1199201102463E+01
 5.5996005512317E+00 0.0000000000000E+00 1.1199201102463E+01-5.5996005512317E+00
 0.0000000000000E+00-5.5996005512317E+00-1.1199201102463E+01 0.0000000000000E+00
 5.5996005512317E+00 1.1199201102463E+01 0.0000000000000E+00-5.5996005512317E+00
 1.1199201102463E+01 0.0000000000000E+00 5.5996005512317E+00-1.1199201102463E+01
 0.0000000000000E+00-1.1199201102463E+01-1.1199201102463E+01 0.0000000000000E+00
 1.1199201102463E+01 1.1199201102463E+01 0.0000000000000E+00-1.1199201102463E+01
 1.1199201102463E+01 0.0000000000000E+00 1.1199201102463E+01-1.1199201102463E+01
 0.0000000000000E+00-1.6798801653695E+01 0.0000000000000E+00 0.0000000000000E+00
 1.6798801653695E+01 0.0000000000000E+00 0.0000000000000E+00 0.0000000000000E+00
-1.6798801653695E+01 0.0000000000000E+00 0.0000000000000E+00 1.6798801653695E+01
 0.0000000000000E+00-1.6798801653695E+01-5.5996005512317E+00 0.0000000000000E+00
 1.6798801653695E+01 5.5996005512317E+00 0.0000000000000E+00-1.6798801653695E+01
 5.5996005512317E+00 0.0000000000000E+00 1.6798801653695E+01-5.5996005512317E+00
 0.0000000000000E+00-5.5996005512317E+00-1.6798801653695E+01 0.0000000000000E+00
 5.5996005512317E+00 1.6798801653695E+01 0.0000000000000E+00-5.5996005512317E+00
 1.6798801653695E+01 0.0000000000000E+00 5.5996005512317E+00-1.6798801653695E+01
 0.0000000000000E+00-1.6798801653695E+01-1.1199201102463E+01 0.0000000000000E+00
 1.6798801653695E+01 1.1199201102463E+01 0.0000000000000E+00-1.6798801653695E+01
 1.1199201102463E+01 0.0000000000000E+00 1.6798801653695E+01-1.1199201102463E+01
 0.0000000000000E+00-1.1199201102463E+01-1.6798801653695E+01 0.0000000000000E+00
 1.1199201102463E+01 1.6798801653695E+01 0.0000000000000E+00-1.1199201102463E+01
 1.6798801653695E+01 0.0000000000000E+00 1.1199201102463E+01-1.6798801653695E+01
 0.0000000000000E+00-2.2398402204927E+01 0.0000000000000E+00 0.0000000000000E+00
 2.2398402204927E+01 0.0000000000000E+00 0.0000000000000E+00 0.0000000000000E+00
-2.2398402204927E+01 0.0000000000000E+00 0.0000000000000E+00 2.2398402204927E+01
 0.0000000000000E+00-2.2398402204927E+01-5.5996005512317E+00 0.0000000000000E+00
 2.2398402204927E+01 5.5996005512317E+00 0.0000000000000E+00-2.2398402204927E+01
 5.5996005512317E+00 0.0000000000000E+00 2.2398402204927E+01-5.5996005512317E+00
 0.0000000000000E+00-5.5996005512317E+00-2.2398402204927E+01 0.0000000000000E+00
 5.5996005512317E+00 2.2398402204927E+01 0.0000000000000E+00-5.5996005512317E+00
 2.2398402204927E+01 0.0000000000000E+00 5.5996005512317E+00-2.2398402204927E+01
 0.0000000000000E+00-1.6798801653695E+01-1.6798801653695E+01 0.0000000000000E+00
 1.6798801653695E+01 1.6798801653695E+01 0.0000000000000E+00-1.6798801653695E+01
 1.6798801653695E+01 0.0000000000000E+00 1.6798801653695E+01-1.6798801653695E+01
 0.0000000000000E+00-2.2398402204927E+01-1.1199201102463E+01 0.0000000000000E+00
 2.2398402204927E+01 1.1199201102463E+01 0.0000000000000E+00-2.2398402204927E+01
 1.1199201102463E+01 0.0000000000000E+00 2.2398402204927E+01-1.1199201102463E+01
 0.0000000000000E+00-1.1199201102463E+01-2.2398402204927E+01 0.0000000000000E+00
 1.1199201102463E+01 2.2398402204927E+01 0.0000000000000E+00-1.1199201102463E+01
 2.2398402204927E+01 0.0000000000000E+00 1.1199201102463E+01-2.2398402204927E+01
 0.0000000000000E+00-2.7998002756158E+01 0.0000000000000E+00 0.0000000000000E+00
 2.7998002756158E+01 0.0000000000000E+00 0.0000000000000E+00-2.2398402204927E+01
-1.6798801653695E+01 0.0000000000000E+00 2.2398402204927E+01 1.6798801653695E+01
 0.0000000000000E+00-2.2398402204927E+01 1.6798801653695E+01 0.0000000000000E+00
 2.2398402204927E+01-1.6798801653695E+01 0.0000000000000E+00-1.6798801653695E+01
-2.2398402204927E+01 0.0000000000000E+00 1.6798801653695E+01 2.2398402204927E+01
 0.0000000000000E+00-1.6798801653695E+01 2.2398402204927E+01 0.0000000000000E+00
 1.6798801653695E+01-2.2398402204927E+01 0.0000000000000E+00 0.0000000000000E+00
-2.7998002756158E+01 0.0000000000000E+00 0.0000000000000E+00 2.7998002756158E+01
 0.0000000000000E+00-2.7998002756158E+01-5.5996005512317E+00 0.0000000000000E+00
 2.7998002756158E+01 5.5996005512317E+00 0.0000000000000E+00-2.7998002756158E+01
 5.5996005512317E+00 0.0000000000000E+00 2.7998002756158E+01-5.5996005512317E+00
 0.0000000000000E+00-5.5996005512317E+00-2.7998002756158E+01 0.0000000000000E+00
 5.5996005512317E+00 2.7998002756158E+01 0.0000000000000E+00-5.5996005512317E+00
 2.7998002756158E+01 0.0000000000000E+00 5.5996005512317E+00-2.7998002756158E+01
 0.0000000000000E+00-2.7998002756158E+01-1.1199201102463E+01 0.0000000000000E+00
 2.7998002756158E+01 1.1199201102463E+01 0.0000000000000E+00-2.7998002756158E+01
 1.1199201102463E+01 0.0000000000000E+00 2.7998002756158E+01-1.1199201102463E+01
 0.0000000000000E+00-1.1199201102463E+01-2.7998002756158E+01 0.0000000000000E+00
 1.1199201102463E+01 2.7998002756158E+01 0.0000000000000E+00-1.1199201102463E+01
 2.7998002756158E+01 0.0000000000000E+00 1.1199201102463E+01-2.7998002756158E+01
 0.0000000000000E+00-2.2398402204927E+01-2.2398402204927E+01 0.0000000000000E+00
 2.2398402204927E+01 2.2398402204927E+01 0.0000000000000E+00-2.2398402204927E+01
 2.2398402204927E+01 0.0000000000000E+00 2.2398402204927E+01-2.2398402204927E+01
 0.0000000000000E+00-2.7998002756158E+01-1.6798801653695E+01 0.0000000000000E+00
 2.7998002756158E+01 1.6798801653695E+01 0.0000000000000E+00-2.7998002756158E+01
 1.6798801653695E+01 0.0000000000000E+00 2.7998002756158E+01-1.6798801653695E+01
 0.0000000000000E+00-1.6798801653695E+01-2.7998002756158E+01 0.0000000000000E+00
 1.6798801653695E+01 2.7998002756158E+01 0.0000000000000E+00-1.6798801653695E+01
 2.7998002756158E+01 0.0000000000000E+00 1.6798801653695E+01-2.7998002756158E+01
 0.0000000000000E+00-3.3597603307390E+01 0.0000000000000E+00 0.0000000000000E+00
 3.3597603307390E+01 0.0000000000000E+00 0.0000000000000E+00 0.0000000000000E+00
-3.3597603307390E+01 0.0000000000000E+00 0.0000000000000E+00 3.3597603307390E+01
 0.0000000000000E+00-3.3597603307390E+01-5.5996005512317E+00 0.0000000000000E+00
 3.3597603307390E+01 5.5996005512317E+00 0.0000000000000E+00-3.3597603307390E+01
 5.5996005512317E+00 0.0000000000000E+00 3.3597603307390E+01-5.5996005512317E+00
 0.0000000000000E+00-5.5996005512317E+00-3.3597603307390E+01 0.0000000000000E+00
 5.5996005512317E+00 3.3597603307390E+01 0.0000000000000E+00-5.5996005512317E+00
 3.3597603307390E+01 0.0000000000000E+00 5.5996005512317E+00-3.3597603307390E+01
 0.0000000000000E+00-3.3597603307390E+01-1.1199201102463E+01 0.0000000000000E+00
 3.3597603307390E+01 1.1199201102463E+01 0.0000000000000E+00-3.3597603307390E+01
 1.1199201102463E+01 0.0000000000000E+00 3.3597603307390E+01-1.1199201102463E+01
 0.0000000000000E+00-1.1199201102463E+01-3.3597603307390E+01 0.0000000000000E+00
 1.1199201102463E+01 3.3597603307390E+01 0.0000000000000E+00-1.1199201102463E+01
 3.3597603307390E+01 0.0000000000000E+00 1.1199201102463E+01-3.3597603307390E+01
 0.0000000000000E+00-2.7998002756158E+01-2.2398402204927E+01 0.0000000000000E+00
 2.7998002756158E+01 2.2398402204927E+01 0.0000000000000E+00-2.7998002756158E+01
 2.2398402204927E+01 0.0000000000000E+00 2.7998002756158E+01-2.2398402204927E+01
 0.0000000000000E+00-2.2398402204927E+01-2.7998002756158E+01 0.0000000000000E+00
 2.2398402204927E+01 2.7998002756158E+01 0.0000000000000E+00-2.2398402204927E+01
 2.7998002756158E+01 0.0000000000000E+00 2.2398402204927E+01-2.7998002756158E+01
 0.0000000000000E+00-3.3597603307390E+01-1.6798801653695E+01 0.0000000000000E+00
 3.3597603307390E+01 1.6798801653695E+01 0.0000000000000E+00-3.3597603307390E+01
 1.6798801653695E+01 0.0000000000000E+00 3.3597603307390E+01-1.6798801653695E+01
 0.0000000000000E+00-1.6798801653695E+01-3.3597603307390E+01 0.0000000000000E+00
 1.6798801653695E+01 3.3597603307390E+01 0.0000000000000E+00-1.6798801653695E+01
 3.3597603307390E+01 0.0000000000000E+00 1.6798801653695E+01-3.3597603307390E+01
 0.0000000000000E+00-3.9197203858622E+01 0.0000000000000E+00 0.0000000000000E+00
 3.9197203858622E+01 0.0000000000000E+00 0.0000000000000E+00 0.0000000000000E+00
-3.9197203858622E+01 0.0000000000000E+00 0.0000000000000E+00 3.9197203858622E+01
 0.0000000000000E+00-3.9197203858622E+01-5.5996005512317E+00 0.0000000000000E+00
 3.9197203858622E+01 5.5996005512317E+00 0.0000000000000E+00-3.9197203858622E+01
 5.5996005512317E+00 0.0000000000000E+00 3.9197203858622E+01-5.5996005512317E+00
 0.0000000000000E+00-2.7998002756158E+01-2.7998002756158E+01 0.0000000000000E+00
 2.7998002756158E+01 2.7998002756158E+01 0.0000000000000E+00-2.7998002756158E+01
 2.7998002756158E+01 0.0000000000000E+00 2.7998002756158E+01-2.7998002756158E+01
 0.0000000000000E+00-5.5996005512317E+00-3.9197203858622E+01 0.0000000000000E+00
 5.5996005512317E+00 3.9197203858622E+01 0.0000000000000E+00-5.5996005512317E+00
 3.9197203858622E+01 0.0000000000000E+00 5.5996005512317E+00-3.9197203858622E+01
 0.0000000000000E+00-3.3597603307390E+01-2.2398402204927E+01 0.0000000000000E+00
 3.3597603307390E+01 2.2398402204927E+01 0.0000000000000E+00-3.3597603307390E+01
 2.2398402204927E+01 0.0000000000000E+00 3.3597603307390E+01-2.2398402204927E+01
 0.0000000000000E+00-2.2398402204927E+01-3.3597603307390E+01 0.0000000000000E+00
 2.2398402204927E+01 3.3597603307390E+01 0.0000000000000E+00-2.2398402204927E+01
 3.3597603307390E+01 0.0000000000000E+00 2.2398402204927E+01-3.3597603307390E+01
 0.0000000000000E+00-3.9197203858622E+01-1.1199201102463E+01 0.0000000000000E+00
 3.9197203858622E+01 1.1199201102463E+01 0.0000000000000E+00-3.9197203858622E+01
 1.1199201102463E+01 0.0000000000000E+00 3.9197203858622E+01-1.1199201102463E+01
 0.0000000000000E+00-1.1199201102463E+01-3.9197203858622E+01 0.0000000000000E+00
 1.1199201102463E+01 3.9197203858622E+01 0.0000000000000E+00-1.1199201102463E+01
 3.9197203858622E+01 0.0000000000000E+00 1.1199201102463E+01-3.9197203858622E+01
 0.0000000000000E+00-3.9197203858622E+01-1.6798801653695E+01 0.0000000000000E+00
 3.9197203858622E+01 1.6798801653695E+01 0.0000000000000E+00-3.9197203858622E+01
 1.6798801653695E+01 0.0000000000000E+00 3.9197203858622E+01-1.6798801653695E+01
 0.0000000000000E+00-1.6798801653695E+01-3.9197203858622E+01 0.0000000000000E+00
 1.6798801653695E+01 3.9197203858622E+01 0.0000000000000E+00-1.6798801653695E+01
 3.9197203858622E+01 0.0000000000000E+00 1.6798801653695E+01-3.9197203858622E+01
 0.0000000000000E+00-3.3597603307390E+01-2.7998002756158E+01 0.0000000000000E+00
 3.3597603307390E+01 2.7998002756158E+01 0.0000000000000E+00-3.3597603307390E+01
 2.7998002756158E+01 0.0000000000000E+00 3.3597603307390E+01-2.7998002756158E+01
 0.0000000000000E+00-2.7998002756158E+01-3.3597603307390E+01 0.0000000000000E+00
 2.7998002756158E+01 3.3597603307390E+01 0.0000000000000E+00-2.7998002756158E+01
 3.3597603307390E+01 0.0000000000000E+00 2.7998002756158E+01-3.3597603307390E+01
 0.0000000000000E+00-4.4796804409854E+01 0.0000000000000E+00 0.0000000000000E+00
 4.4796804409854E+01 0.0000000000000E+00 0.0000000000000E+00 0.0000000000000E+00
-4.4796804409854E+01 0.0000000000000E+00 0.0000000000000E+00 4.4796804409854E+01
 0.0000000000000E+00-4.4796804409854E+01-5.5996005512317E+00 0.0000000000000E+00
 4.4796804409854E+01 5.5996005512317E+00 0.0000000000000E+00-4.4796804409854E+01
 5.5996005512317E+00 0.0000000000000E+00 4.4796804409854E+01-5.5996005512317E+00
 0.0000000000000E+00-3.9197203858622E+01-2.2398402204927E+01 0.0000000000000E+00
 3.9197203858622E+01 2.2398402204927E+01 0.0000000000000E+00-3.9197203858622E+01
 2.2398402204927E+01 0.0000000000000E+00 3.9197203858622E+01-2.2398402204927E+01
 0.0000000000000E+00-2.2398402204927E+01-3.9197203858622E+01 0.0000000000000E+00
 2.2398402204927E+01 3.9197203858622E+01 0.0000000000000E+00-2.2398402204927E+01
 3.9197203858622E+01 0.0000000000000E+00 2.2398402204927E+01-3.9197203858622E+01
 0.0000000000000E+00-5.5996005512317E+00-4.4796804409854E+01 0.0000000000000E+00
 5.5996005512317E+00 4.4796804409854E+01 0.0000000000000E+00-5.5996005512317E+00
 4.4796804409854E+01 0.0000000000000E+00 5.5996005512317E+00-4.4796804409854E+01
 0.0000000000000E+00-4.4796804409854E+01-1.1199201102463E+01 0.0000000000000E+00
 4.4796804409854E+01 1.1199201102463E+01 0.0000000000000E+00-4.4796804409854E+01
 1.1199201102463E+01 0.0000000000000E+00 4.4796804409854E+01-1.1199201102463E+01
 0.0000000000000E+00-1.1199201102463E+01-4.4796804409854E+01 0.0000000000000E+00
 1.1199201102463E+01 4.4796804409854E+01 0.0000000000000E+00-1.1199201102463E+01
 4.4796804409854E+01 0.0000000000000E+00 1.1199201102463E+01-4.4796804409854E+01
 0.0000000000000E+00-3.3597603307390E+01-3.3597603307390E+01 0.0000000000000E+00
 3.3597603307390E+01 3.3597603307390E+01 0.0000000000000E+00-3.3597603307390E+01
 3.3597603307390E+01 0.0000000000000E+00 3.3597603307390E+01-3.3597603307390E+01
 0.0000000000000E+00-4.4796804409854E+01-1.6798801653695E+01 0.0000000000000E+00
 4.4796804409854E+01 1.6798801653695E+01 0.0000000000000E+00-4.4796804409854E+01
 1.6798801653695E+01 0.0000000000000E+00 4.4796804409854E+01-1.6798801653695E+01
 0.0000000000000E+00-1.6798801653695E+01-4.4796804409854E+01 0.0000000000000E+00
 1.6798801653695E+01 4.4796804409854E+01 0.0000000000000E+00-1.6798801653695E+01
 4.4796804409854E+01 0.0000000000000E+00 1.6798801653695E+01-4.4796804409854E+01
 0.0000000000000E+00-3.9197203858622E+01-2.7998002756158E+01 0.0000000000000E+00
 3.9197203858622E+01 2.7998002756158E+01 0.0000000000000E+00-3.9197203858622E+01
 2.7998002756158E+01 0.0000000000000E+00 3.9197203858622E+01-2.7998002756158E+01
 0.0000000000000E+00-2.7998002756158E+01-3.9197203858622E+01 0.0000000000000E+00
 2.7998002756158E+01 3.9197203858622E+01 0.0000000000000E+00-2.7998002756158E+01
 3.9197203858622E+01 0.0000000000000E+00 2.7998002756158E+01-3.9197203858622E+01
 0.0000000000000E+00-4.4796804409854E+01-2.2398402204927E+01 0.0000000000000E+00
 4.4796804409854E+01 2.2398402204927E+01 0.0000000000000E+00-4.4796804409854E+01
 2.2398402204927E+01 0.0000000000000E+00 4.4796804409854E+01-2.2398402204927E+01
 0.0000000000000E+00-2.2398402204927E+01-4.4796804409854E+01 0.0000000000000E+00
 2.2398402204927E+01 4.4796804409854E+01 0.0000000000000E+00-2.2398402204927E+01
 4.4796804409854E+01 0.0000000000000E+00 2.2398402204927E+01-4.4796804409854E+01
 0.0000000000000E+00-5.0396404961085E+01 0.0000000000000E+00 0.0000000000000E+00
 5.0396404961085E+01 0.0000000000000E+00 0.0000000000000E+00 0.0000000000000E+00
-5.0396404961085E+01 0.0000000000000E+00 0.0000000000000E+00 5.0396404961085E+01
 0.0000000000000E+00-5.0396404961085E+01-5.5996005512317E+00 0.0000000000000E+00
 5.0396404961085E+01 5.5996005512317E+00 0.0000000000000E+00-5.0396404961085E+01
 5.5996005512317E+00 0.0000000000000E+00 5.0396404961085E+01-5.5996005512317E+00
 0.0000000000000E+00-5.5996005512317E+00-5.0396404961085E+01 0.0000000000000E+00
 5.5996005512317E+00 5.0396404961085E+01 0.0000000000000E+00-5.5996005512317E+00
 5.0396404961085E+01 0.0000000000000E+00 5.5996005512317E+00-5.0396404961085E+01
 0.0000000000000E+00-5.0396404961085E+01-1.1199201102463E+01 0.0000000000000E+00
 5.0396404961085E+01 1.1199201102463E+01 0.0000000000000E+00-5.0396404961085E+01
 1.1199201102463E+01 0.0000000000000E+00 5.0396404961085E+01-1.1199201102463E+01
 0.0000000000000E+00-3.9197203858622E+01-3.3597603307390E+01 0.0000000000000E+00
 3.9197203858622E+01 3.3597603307390E+01 0.0000000000000E+00-3.9197203858622E+01
 3.3597603307390E+01 0.0000000000000E+00 3.9197203858622E+01-3.3597603307390E+01
 0.0000000000000E+00-3.3597603307390E+01-3.9197203858622E+01 0.0000000000000E+00
 3.3597603307390E+01 3.9197203858622E+01 0.0000000000000E+00-3.3597603307390E+01
 3.9197203858622E+01 0.0000000000000E+00 3.3597603307390E+01-3.9197203858622E+01
 0.0000000000000E+00-1.1199201102463E+01-5.0396404961085E+01 0.0000000000000E+00
 1.1199201102463E+01 5.0396404961085E+01 0.0000000000000E+00-1.1199201102463E+01
 5.0396404961085E+01 0.0000000000000E+00 1.1199201102463E+01-5.0396404961085E+01
 0.0000000000000E+00-4.4796804409854E+01-2.7998002756158E+01 0.0000000000000E+00
 4.4796804409854E+01 2.7998002756158E+01 0.0000000000000E+00-4.4796804409854E+01
 2.7998002756158E+01 0.0000000000000E+00 4.4796804409854E+01-2.7998002756158E+01
 0.0000000000000E+00-2.7998002756158E+01-4.4796804409854E+01 0.0000000000000E+00
 2.7998002756158E+01 4.4796804409854E+01 0.0000000000000E+00-2.7998002756158E+01
 4.4796804409854E+01 0.0000000000000E+00 2.7998002756158E+01-4.4796804409854E+01
 0.0000000000000E+00-5.0396404961085E+01-1.6798801653695E+01 0.0000000000000E+00
 5.0396404961085E+01 1.6798801653695E+01 0.0000000000000E+00-5.0396404961085E+01
 1.6798801653695E+01 0.0000000000000E+00 5.0396404961085E+01-1.6798801653695E+01
 0.0000000000000E+00-1.6798801653695E+01-5.0396404961085E+01 0.0000000000000E+00
 1.6798801653695E+01 5.0396404961085E+01 0.0000000000000E+00-1.6798801653695E+01
 5.0396404961085E+01 0.0000000000000E+00 1.6798801653695E+01-5.0396404961085E+01
 0.0000000000000E+00-5.0396404961085E+01-2.2398402204927E+01 0.0000000000000E+00
 5.0396404961085E+01 2.2398402204927E+01 0.0000000000000E+00-5.0396404961085E+01
 2.2398402204927E+01 0.0000000000000E+00 5.0396404961085E+01-2.2398402204927E+01
 0.0000000000000E+00-2.2398402204927E+01-5.0396404961085E+01 0.0000000000000E+00
 2.2398402204927E+01 5.0396404961085E+01 0.0000000000000E+00-2.2398402204927E+01
 5.0396404961085E+01 0.0000000000000E+00 2.2398402204927E+01-5.0396404961085E+01
 0.0000000000000E+00-3.9197203858622E+01-3.9197203858622E+01 0.0000000000000E+00
 3.9197203858622E+01 3.9197203858622E+01 0.0000000000000E+00-3.9197203858622E+01
 3.9197203858622E+01 0.0000000000000E+00 3.9197203858622E+01-3.9197203858622E+01
 0.0000000000000E+00-5.5996005512317E+01 0.0000000000000E+00 0.0000000000000E+00
 5.5996005512317E+01 0.0000000000000E+00 0.0000000000000E+00-4.4796804409854E+01
-3.3597603307390E+01 0.0000000000000E+00 4.4796804409854E+01 3.3597603307390E+01
 0.0000000000000E+00-4.4796804409854E+01 3.3597603307390E+01 0.0000000000000E+00
 4.4796804409854E+01-3.3597603307390E+01 0.0000000000000E+00-3.3597603307390E+01
-4.4796804409854E+01 0.0000000000000E+00 3.3597603307390E+01 4.4796804409854E+01
 0.0000000000000E+00-3.3597603307390E+01 4.4796804409854E+01 0.0000000000000E+00
 3.3597603307390E+01-4.4796804409854E+01 0.0000000000000E+00 0.0000000000000E+00
-5.5996005512317E+01 0.0000000000000E+00 0.0000000000000E+00 5.5996005512317E+01
 0.0000000000000E+00-5.5996005512317E+01-5.5996005512317E+00 0.0000000000000E+00
 5.5996005512317E+01 5.5996005512317E+00 0.0000000000000E+00-5.5996005512317E+01
 5.5996005512317E+00 0.0000000000000E+00 5.5996005512317E+01-5.5996005512317E+00
 0.0000000000000E+00-5.5996005512317E+00-5.5996005512317E+01 0.0000000000000E+00
 5.5996005512317E+00 5.5996005512317E+01 0.0000000000000E+00-5.5996005512317E+00
 5.5996005512317E+01 0.0000000000000E+00 5.5996005512317E+00-5.5996005512317E+01
 0.0000000000000E+00-5.5996005512317E+01-1.1199201102463E+01 0.0000000000000E+00
 5.5996005512317E+01 1.1199201102463E+01 0.0000000000000E+00-5.5996005512317E+01
 1.1199201102463E+01 0.0000000000000E+00 5.5996005512317E+01-1.1199201102463E+01
 0.0000000000000E+00-1.1199201102463E+01-5.5996005512317E+01 0.0000000000000E+00
 1.1199201102463E+01 5.5996005512317E+01 0.0000000000000E+00-1.1199201102463E+01
 5.5996005512317E+01 0.0000000000000E+00 1.1199201102463E+01-5.5996005512317E+01
 0.0000000000000E+00-5.0396404961085E+01-2.7998002756158E+01 0.0000000000000E+00
 5.0396404961085E+01 2.7998002756158E+01 0.0000000000000E+00-5.0396404961085E+01
 2.7998002756158E+01 0.0000000000000E+00 5.0396404961085E+01-2.7998002756158E+01
 0.0000000000000E+00-2.7998002756158E+01-5.0396404961085E+01 0.0000000000000E+00
 2.7998002756158E+01 5.0396404961085E+01 0.0000000000000E+00-2.7998002756158E+01
 5.0396404961085E+01 0.0000000000000E+00 2.7998002756158E+01-5.0396404961085E+01
 0.0000000000000E+00-5.5996005512317E+01-1.6798801653695E+01 0.0000000000000E+00
 5.5996005512317E+01 1.6798801653695E+01 0.0000000000000E+00-5.5996005512317E+01
 1.6798801653695E+01 0.0000000000000E+00 5.5996005512317E+01-1.6798801653695E+01
 0.0000000000000E+00-1.6798801653695E+01-5.5996005512317E+01 0.0000000000000E+00
 1.6798801653695E+01 5.5996005512317E+01 0.0000000000000E+00-1.6798801653695E+01
 5.5996005512317E+01 0.0000000000000E+00 1.6798801653695E+01-5.5996005512317E+01
 0.0000000000000E+00-4.4796804409854E+01-3.9197203858622E+01 0.0000000000000E+00
 4.4796804409854E+01 3.9197203858622E+01 0.0000000000000E+00-4.4796804409854E+01
 3.9197203858622E+01 0.0000000000000E+00 4.4796804409854E+01-3.9197203858622E+01
 0.0000000000000E+00-3.9197203858622E+01-4.4796804409854E+01 0.0000000000000E+00
 3.9197203858622E+01 4.4796804409854E+01 0.0000000000000E+00-3.9197203858622E+01
 4.4796804409854E+01 0.0000000000000E+00 3.9197203858622E+01-4.4796804409854E+01
 0.0000000000000E+00-5.5996005512317E+01-2.2398402204927E+01 0.0000000000000E+00
 5.5996005512317E+01 2.2398402204927E+01 0.0000000000000E+00-5.5996005512317E+01
 2.2398402204927E+01 0.0000000000000E+00 5.5996005512317E+01-2.2398402204927E+01
 0.0000000000000E+00-2.2398402204927E+01-5.5996005512317E+01 0.0000000000000E+00
 2.2398402204927E+01 5.5996005512317E+01 0.0000000000000E+00-2.2398402204927E+01
 5.5996005512317E+01 0.0000000000000E+00 2.2398402204927E+01-5.5996005512317E+01
 0.0000000000000E+00-5.0396404961085E+01-3.3597603307390E+01 0.0000000000000E+00
 5.0396404961085E+01 3.3597603307390E+01 0.0000000000000E+00-5.0396404961085E+01
 3.3597603307390E+01 0.0000000000000E+00 5.0396404961085E+01-3.3597603307390E+01
 0.0000000000000E+00-3.3597603307390E+01-5.0396404961085E+01 0.0000000000000E+00
 3.3597603307390E+01 5.0396404961085E+01 0.0000000000000E+00-3.3597603307390E+01
 5.0396404961085E+01 0.0000000000000E+00 3.3597603307390E+01-5.0396404961085E+01
 0.0000000000000E+00-6.1595606063549E+01 0.0000000000000E+00 0.0000000000000E+00
 6.1595606063549E+01 0.0000000000000E+00 0.0000000000000E+00 0.0000000000000E+00
-6.1595606063549E+01 0.0000000000000E+00 0.0000000000000E+00 6.1595606063549E+01
 0.0000000000000E+00-6.1595606063549E+01-5.5996005512317E+00 0.0000000000000E+00
 6.1595606063549E+01 5.5996005512317E+00 0.0000000000000E+00-6.1595606063549E+01
 5.5996005512317E+00 0.0000000000000E+00 6.1595606063549E+01-5.5996005512317E+00
 0.0000000000000E+00-5.5996005512317E+00-6.1595606063549E+01 0.0000000000000E+00
 5.5996005512317E+00 6.1595606063549E+01 0.0000000000000E+00-5.5996005512317E+00
 6.1595606063549E+01 0.0000000000000E+00 5.5996005512317E+00-6.1595606063549E+01
 0.0000000000000E+00-6.1595606063549E+01-1.1199201102463E+01 0.0000000000000E+00
 6.1595606063549E+01 1.1199201102463E+01 0.0000000000000E+00-6.1595606063549E+01
 1.1199201102463E+01 0.0000000000000E+00 6.1595606063549E+01-1.1199201102463E+01
 0.0000000000000E+00-5.5996005512317E+01-2.7998002756158E+01 0.0000000000000E+00
 5.5996005512317E+01 2.7998002756158E+01 0.0000000000000E+00-5.5996005512317E+01
 2.7998002756158E+01 0.0000000000000E+00 5.5996005512317E+01-2.7998002756158E+01
 0.0000000000000E+00-2.7998002756158E+01-5.5996005512317E+01 0.0000000000000E+00
 2.7998002756158E+01 5.5996005512317E+01 0.0000000000000E+00-2.7998002756158E+01
 5.5996005512317E+01 0.0000000000000E+00 2.7998002756158E+01-5.5996005512317E+01
 0.0000000000000E+00-1.1199201102463E+01-6.1595606063549E+01 0.0000000000000E+00
 1.1199201102463E+01 6.1595606063549E+01 0.0000000000000E+00-1.1199201102463E+01
 6.1595606063549E+01 0.0000000000000E+00 1.1199201102463E+01-6.1595606063549E+01
 0.0000000000000E+00-4.4796804409854E+01-4.4796804409854E+01 0.0000000000000E+00
 4.4796804409854E+01 4.4796804409854E+01 0.0000000000000E+00-4.4796804409854E+01
 4.4796804409854E+01 0.0000000000000E+00 4.4796804409854E+01-4.4796804409854E+01
 0.0000000000000E+00-6.1595606063549E+01-1.6798801653695E+01 0.0000000000000E+00
 6.1595606063549E+01 1.6798801653695E+01 0.0000000000000E+00-6.1595606063549E+01
 1.6798801653695E+01 0.0000000000000E+00 6.1595606063549E+01-1.6798801653695E+01
 0.0000000000000E+00-5.0396404961085E+01-3.9197203858622E+01 0.0000000000000E+00
 5.0396404961085E+01 3.9197203858622E+01 0.0000000000000E+00-5.0396404961085E+01
 3.9197203858622E+01 0.0000000000000E+00 5.0396404961085E+01-3.9197203858622E+01
 0.0000000000000E+00-3.9197203858622E+01-5.0396404961085E+01 0.0000000000000E+00
 3.9197203858622E+01 5.0396404961085E+01 0.0000000000000E+00-3.9197203858622E+01
 5.0396404961085E+01 0.0000000000000E+00 3.9197203858622E+01-5.0396404961085E+01
 0.0000000000000E+00-1.6798801653695E+01-6.1595606063549E+01 0.0000000000000E+00
 1.6798801653695E+01 6.1595606063549E+01 0.0000000000000E+00-1.6798801653695E+01
 6.1595606063549E+01 0.0000000000000E+00 1.6798801653695E+01-6.1595606063549E+01
 0.0000000000000E+00-5.5996005512317E+01-3.3597603307390E+01 0.0000000000000E+00
 5.5996005512317E+01 3.3597603307390E+01 0.0000000000000E+00-5.5996005512317E+01
 3.3597603307390E+01 0.0000000000000E+00 5.5996005512317E+01-3.3597603307390E+01
 0.0000000000000E+00-3.3597603307390E+01-5.5996005512317E+01 0.0000000000000E+00
 3.3597603307390E+01 5.5996005512317E+01 0.0000000000000E+00-3.3597603307390E+01
 5.5996005512317E+01 0.0000000000000E+00 3.3597603307390E+01-5.5996005512317E+01
 0.0000000000000E+00-6.1595606063549E+01-2.2398402204927E+01 0.0000000000000E+00
 6.1595606063549E+01 2.2398402204927E+01 0.0000000000000E+00-6.1595606063549E+01
 2.2398402204927E+01 0.0000000000000E+00 6.1595606063549E+01-2.2398402204927E+01
 0.0000000000000E+00-2.2398402204927E+01-6.1595606063549E+01 0.0000000000000E+00
 2.2398402204927E+01 6.1595606063549E+01 0.0000000000000E+00-2.2398402204927E+01
 6.1595606063549E+01 0.0000000000000E+00 2.2398402204927E+01-6.1595606063549E+01
 0.0000000000000E+00-6.7195206614780E+01 0.0000000000000E+00 0.0000000000000E+00
 6.7195206614780E+01 0.0000000000000E+00 0.0000000000000E+00 0.0000000000000E+00
-6.7195206614780E+01 0.0000000000000E+00 0.0000000000000E+00 6.7195206614780E+01
 0.0000000000000E+00-6.7195206614780E+01-5.5996005512317E+00 0.0000000000000E+00
 6.7195206614780E+01 5.5996005512317E+00 0.0000000000000E+00-6.7195206614780E+01
 5.5996005512317E+00 0.0000000000000E+00 6.7195206614780E+01-5.5996005512317E+00
 0.0000000000000E+00-5.0396404961085E+01-4.4796804409854E+01 0.0000000000000E+00
 5.0396404961085E+01 4.4796804409854E+01 0.0000000000000E+00-5.0396404961085E+01
 4.4796804409854E+01 0.0000000000000E+00 5.0396404961085E+01-4.4796804409854E+01
 0.0000000000000E+00-4.4796804409854E+01-5.0396404961085E+01 0.0000000000000E+00
 4.4796804409854E+01 5.0396404961085E+01 0.0000000000000E+00-4.4796804409854E+01
 5.0396404961085E+01 0.0000000000000E+00 4.4796804409854E+01-5.0396404961085E+01
 0.0000000000000E+00-5.5996005512317E+00-6.7195206614780E+01 0.0000000000000E+00
 5.5996005512317E+00 6.7195206614780E+01 0.0000000000000E+00-5.5996005512317E+00
 6.7195206614780E+01 0.0000000000000E+00 5.5996005512317E+00-6.7195206614780E+01
 0.0000000000000E+00-6.1595606063549E+01-2.7998002756158E+01 0.0000000000000E+00
 6.1595606063549E+01 2.7998002756158E+01 0.0000000000000E+00-6.1595606063549E+01
 2.7998002756158E+01 0.0000000000000E+00 6.1595606063549E+01-2.7998002756158E+01
 0.0000000000000E+00-2.7998002756158E+01-6.1595606063549E+01 0.0000000000000E+00
 2.7998002756158E+01 6.1595606063549E+01 0.0000000000000E+00-2.7998002756158E+01
 6.1595606063549E+01 0.0000000000000E+00 2.7998002756158E+01-6.1595606063549E+01
 0.0000000000000E+00-6.7195206614780E+01-1.1199201102463E+01 0.0000000000000E+00
 6.7195206614780E+01 1.1199201102463E+01 0.0000000000000E+00-6.7195206614780E+01
 1.1199201102463E+01 0.0000000000000E+00 6.7195206614780E+01-1.1199201102463E+01
 0.0000000000000E+00-1.1199201102463E+01-6.7195206614780E+01 0.0000000000000E+00
 1.1199201102463E+01 6.7195206614780E+01 0.0000000000000E+00-1.1199201102463E+01
 6.7195206614780E+01 0.0000000000000E+00 1.1199201102463E+01-6.7195206614780E+01
 0.0000000000000E+00-5.5996005512317E+01-3.9197203858622E+01 0.0000000000000E+00
 5.5996005512317E+01 3.9197203858622E+01 0.0000000000000E+00-5.5996005512317E+01
 3.9197203858622E+01 0.0000000000000E+00 5.5996005512317E+01-3.9197203858622E+01
 0.0000000000000E+00-3.9197203858622E+01-5.5996005512317E+01 0.0000000000000E+00
 3.9197203858622E+01 5.5996005512317E+01 0.0000000000000E+00-3.9197203858622E+01
 5.5996005512317E+01 0.0000000000000E+00 3.9197203858622E+01-5.5996005512317E+01
 0.0000000000000E+00-6.7195206614780E+01-1.6798801653695E+01 0.0000000000000E+00
 6.7195206614780E+01 1.6798801653695E+01 0.0000000000000E+00-6.7195206614780E+01
 1.6798801653695E+01 0.0000000000000E+00 6.7195206614780E+01-1.6798801653695E+01
 0.0000000000000E+00-1.6798801653695E+01-6.7195206614780E+01 0.0000000000000E+00
 1.6798801653695E+01 6.7195206614780E+01 0.0000000000000E+00-1.6798801653695E+01
 6.7195206614780E+01 0.0000000000000E+00 1.6798801653695E+01-6.7195206614780E+01
 0.0000000000000E+00-6.1595606063549E+01-3.3597603307390E+01 0.0000000000000E+00
 6.1595606063549E+01 3.3597603307390E+01 0.0000000000000E+00-6.1595606063549E+01
 3.3597603307390E+01 0.0000000000000E+00 6.1595606063549E+01-3.3597603307390E+01
 0.0000000000000E+00-3.3597603307390E+01-6.1595606063549E+01 0.0000000000000E+00
 3.3597603307390E+01 6.1595606063549E+01 0.0000000000000E+00-3.3597603307390E+01
 6.1595606063549E+01 0.0000000000000E+00 3.3597603307390E+01-6.1595606063549E+01
 0.0000000000000E+00-6.7195206614780E+01-2.2398402204927E+01 0.0000000000000E+00
 6.7195206614780E+01 2.2398402204927E+01 0.0000000000000E+00-6.7195206614780E+01
 2.2398402204927E+01 0.0000000000000E+00 6.7195206614780E+01-2.2398402204927E+01
 0.0000000000000E+00-2.2398402204927E+01-6.7195206614780E+01 0.0000000000000E+00
 2.2398402204927E+01 6.7195206614780E+01 0.0000000000000E+00-2.2398402204927E+01
 6.7195206614780E+01 0.0000000000000E+00 2.2398402204927E+01-6.7195206614780E+01
 0.0000000000000E+00-5.0396404961085E+01-5.0396404961085E+01 0.0000000000000E+00
 5.0396404961085E+01 5.0396404961085E+01 0.0000000000000E+00-5.0396404961085E+01
 5.0396404961085E+01 0.0000000000000E+00 5.0396404961085E+01-5.0396404961085E+01
 0.0000000000000E+00-5.5996005512317E+01-4.4796804409854E+01 0.0000000000000E+00
 5.5996005512317E+01 4.4796804409854E+01 0.0000000000000E+00-5.5996005512317E+01
 4.4796804409854E+01 0.0000000000000E+00 5.5996005512317E+01-4.4796804409854E+01
 0.0000000000000E+00-4.4796804409854E+01-5.5996005512317E+01 0.0000000000000E+00
 4.4796804409854E+01 5.5996005512317E+01 0.0000000000000E+00-4.4796804409854E+01
 5.5996005512317E+01 0.0000000000000E+00 4.4796804409854E+01-5.5996005512317E+01
 0.0000000000000E+00-7.2794807166012E+01 0.0000000000000E+00 0.0000000000000E+00
 7.2794807166012E+01 0.0000000000000E+00 0.0000000000000E+00-6.7195206614780E+01
-2.7998002756158E+01 0.0000000000000E+00 6.7195206614780E+01 2.7998002756158E+01
 0.0000000000000E+00-6.7195206614780E+01 2.7998002756158E+01 0.0000000000000E+00
 6.7195206614780E+01-2.7998002756158E+01 0.0000000000000E+00-2.7998002756158E+01
-6.7195206614780E+01 0.0000000000000E+00 2.7998002756158E+01 6.7195206614780E+01
 0.0000000000000E+00-2.7998002756158E+01 6.7195206614780E+01 0.0000000000000E+00
 2.7998002756158E+01-6.7195206614780E+01 0.0000000000000E+00 0.0000000000000E+00
-7.2794807166012E+01 0.0000000000000E+00 0.0000000000000E+00 7.2794807166012E+01
 0.0000000000000E+00-7.2794807166012E+01-5.5996005512317E+00 0.0000000000000E+00
 7.2794807166012E+01 5.5996005512317E+00 0.0000000000000E+00-7.2794807166012E+01
 5.5996005512317E+00 0.0000000000000E+00 7.2794807166012E+01-5.5996005512317E+00
 0.0000000000000E+00-6.1595606063549E+01-3.9197203858622E+01 0.0000000000000E+00
 6.1595606063549E+01 3.9197203858622E+01 0.0000000000000E+00-6.1595606063549E+01
 3.9197203858622E+01 0.0000000000000E+00 6.1595606063549E+01-3.9197203858622E+01
 0.0000000000000E+00-3.9197203858622E+01-6.1595606063549E+01 0.0000000000000E+00
 3.9197203858622E+01 6.1595606063549E+01 0.0000000000000E+00-3.9197203858622E+01
 6.1595606063549E+01 0.0000000000000E+00 3.9197203858622E+01-6.1595606063549E+01
 0.0000000000000E+00-5.5996005512317E+00-7.2794807166012E+01 0.0000000000000E+00
 5.5996005512317E+00 7.2794807166012E+01 0.0000000000000E+00-5.5996005512317E+00
 7.2794807166012E+01 0.0000000000000E+00 5.5996005512317E+00-7.2794807166012E+01
 0.0000000000000E+00-7.2794807166012E+01-1.1199201102463E+01 0.0000000000000E+00
 7.2794807166012E+01 1.1199201102463E+01 0.0000000000000E+00-7.2794807166012E+01
 1.1199201102463E+01 0.0000000000000E+00 7.2794807166012E+01-1.1199201102463E+01
 0.0000000000000E+00-1.1199201102463E+01-7.2794807166012E+01 0.0000000000000E+00
 1.1199201102463E+01 7.2794807166012E+01 0.0000000000000E+00-1.1199201102463E+01
 7.2794807166012E+01 0.0000000000000E+00 1.1199201102463E+01-7.2794807166012E+01
 0.0000000000000E+00-7.2794807166012E+01-1.6798801653695E+01 0.0000000000000E+00
 7.2794807166012E+01 1.6798801653695E+01 0.0000000000000E+00-7.2794807166012E+01
 1.6798801653695E+01 0.0000000000000E+00 7.2794807166012E+01-1.6798801653695E+01
 0.0000000000000E+00-1.6798801653695E+01-7.2794807166012E+01 0.0000000000000E+00
 1.6798801653695E+01 7.2794807166012E+01 0.0000000000000E+00-1.6798801653695E+01
 7.2794807166012E+01 0.0000000000000E+00 1.6798801653695E+01-7.2794807166012E+01
 0.0000000000000E+00-6.7195206614780E+01-3.3597603307390E+01 0.0000000000000E+00
 6.7195206614780E+01 3.3597603307390E+01 0.0000000000000E+00-6.7195206614780E+01
 3.3597603307390E+01 0.0000000000000E+00 6.7195206614780E+01-3.3597603307390E+01
 0.0000000000000E+00-3.3597603307390E+01-6.7195206614780E+01 0.0000000000000E+00
 3.3597603307390E+01 6.7195206614780E+01 0.0000000000000E+00-3.3597603307390E+01
 6.7195206614780E+01 0.0000000000000E+00 3.3597603307390E+01-6.7195206614780E+01
 0.0000000000000E+00-5.5996005512317E+01-5.0396404961085E+01 0.0000000000000E+00
 5.5996005512317E+01 5.0396404961085E+01 0.0000000000000E+00-5.5996005512317E+01
 5.0396404961085E+01 0.0000000000000E+00 5.5996005512317E+01-5.0396404961085E+01
 0.0000000000000E+00-5.0396404961085E+01-5.5996005512317E+01 0.0000000000000E+00
 5.0396404961085E+01 5.5996005512317E+01 0.0000000000000E+00-5.0396404961085E+01
 5.5996005512317E+01 0.0000000000000E+00 5.0396404961085E+01-5.5996005512317E+01
 0.0000000000000E+00-7.2794807166012E+01-2.2398402204927E+01 0.0000000000000E+00
 7.2794807166012E+01 2.2398402204927E+01 0.0000000000000E+00-7.2794807166012E+01
 2.2398402204927E+01 0.0000000000000E+00 7.2794807166012E+01-2.2398402204927E+01
 0.0000000000000E+00-6.1595606063549E+01-4.4796804409854E+01 0.0000000000000E+00
 6.1595606063549E+01 4.4796804409854E+01 0.0000000000000E+00-6.1595606063549E+01
 4.4796804409854E+01 0.0000000000000E+00 6.1595606063549E+01-4.4796804409854E+01
 0.0000000000000E+00-4.4796804409854E+01-6.1595606063549E+01 0.0000000000000E+00
 4.4796804409854E+01 6.1595606063549E+01 0.0000000000000E+00-4.4796804409854E+01
 6.1595606063549E+01 0.0000000000000E+00 4.4796804409854E+01-6.1595606063549E+01
 0.0000000000000E+00-2.2398402204927E+01-7.2794807166012E+01 0.0000000000000E+00
 2.2398402204927E+01 7.2794807166012E+01 0.0000000000000E+00-2.2398402204927E+01
 7.2794807166012E+01 0.0000000000000E+00 2.2398402204927E+01-7.2794807166012E+01
 0.0000000000000E+00-6.7195206614780E+01-3.9197203858622E+01 0.0000000000000E+00
 6.7195206614780E+01 3.9197203858622E+01 0.0000000000000E+00-6.7195206614780E+01
 3.9197203858622E+01 0.0000000000000E+00 6.7195206614780E+01-3.9197203858622E+01
 0.0000000000000E+00-3.9197203858622E+01-6.7195206614780E+01 0.0000000000000E+00
 3.9197203858622E+01 6.7195206614780E+01 0.0000000000000E+00-3.9197203858622E+01
 6.7195206614780E+01 0.0000000000000E+00 3.9197203858622E+01-6.7195206614780E+01
 0.0000000000000E+00-7.2794807166012E+01-2.7998002756158E+01 0.0000000000000E+00
 7.2794807166012E+01 2.7998002756158E+01 0.0000000000000E+00-7.2794807166012E+01
 2.7998002756158E+01 0.0000000000000E+00 7.2794807166012E+01-2.7998002756158E+01
 0.0000000000000E+00-2.7998002756158E+01-7.2794807166012E+01 0.0000000000000E+00
 2.7998002756158E+01 7.2794807166012E+01 0.0000000000000E+00-2.7998002756158E+01
 7.2794807166012E+01 0.0000000000000E+00 2.7998002756158E+01-7.2794807166012E+01
 0.0000000000000E+00-7.8394407717244E+01 0.0000000000000E+00 0.0000000000000E+00
 7.8394407717244E+01 0.0000000000000E+00 0.0000000000000E+00 0.0000000000000E+00
-7.8394407717244E+01 0.0000000000000E+00 0.0000000000000E+00 7.8394407717244E+01
 0.0000000000000E+00-7.8394407717244E+01-5.5996005512317E+00 0.0000000000000E+00
 7.8394407717244E+01 5.5996005512317E+00 0.0000000000000E+00-7.8394407717244E+01
 5.5996005512317E+00 0.0000000000000E+00 7.8394407717244E+01-5.5996005512317E+00
 0.0000000000000E+00-5.5996005512317E+00-7.8394407717244E+01 0.0000000000000E+00
 5.5996005512317E+00 7.8394407717244E+01 0.0000000000000E+00-5.5996005512317E+00
 7.8394407717244E+01 0.0000000000000E+00 5.5996005512317E+00-7.8394407717244E+01
 0.0000000000000E+00-7.8394407717244E+01-1.1199201102463E+01 0.0000000000000E+00
 7.8394407717244E+01 1.1199201102463E+01 0.0000000000000E+00-7.8394407717244E+01
 1.1199201102463E+01 0.0000000000000E+00 7.8394407717244E+01-1.1199201102463E+01
 0.0000000000000E+00-5.5996005512317E+01-5.5996005512317E+01 0.0000000000000E+00
 5.5996005512317E+01 5.5996005512317E+01 0.0000000000000E+00-5.5996005512317E+01
 5.5996005512317E+01 0.0000000000000E+00 5.5996005512317E+01-5.5996005512317E+01
 0.0000000000000E+00-1.1199201102463E+01-7.8394407717244E+01 0.0000000000000E+00
 1.1199201102463E+01 7.8394407717244E+01 0.0000000000000E+00-1.1199201102463E+01
 7.8394407717244E+01 0.0000000000000E+00 1.1199201102463E+01-7.8394407717244E+01
 0.0000000000000E+00-6.1595606063549E+01-5.0396404961085E+01 0.0000000000000E+00
 6.1595606063549E+01 5.0396404961085E+01 0.0000000000000E+00-6.1595606063549E+01
 5.0396404961085E+01 0.0000000000000E+00 6.1595606063549E+01-5.0396404961085E+01
 0.0000000000000E+00-5.0396404961085E+01-6.1595606063549E+01 0.0000000000000E+00
 5.0396404961085E+01 6.1595606063549E+01 0.0000000000000E+00-5.0396404961085E+01
 6.1595606063549E+01 0.0000000000000E+00 5.0396404961085E+01-6.1595606063549E+01
 0.0000000000000E+00-7.8394407717244E+01-1.6798801653695E+01 0.0000000000000E+00
 7.8394407717244E+01 1.6798801653695E+01 0.0000000000000E+00-7.8394407717244E+01
 1.6798801653695E+01 0.0000000000000E+00 7.8394407717244E+01-1.6798801653695E+01
 0.0000000000000E+00-7.2794807166012E+01-3.3597603307390E+01 0.0000000000000E+00
 7.2794807166012E+01 3.3597603307390E+01 0.0000000000000E+00-7.2794807166012E+01
 3.3597603307390E+01 0.0000000000000E+00 7.2794807166012E+01-3.3597603307390E+01
 0.0000000000000E+00-3.3597603307390E+01-7.2794807166012E+01 0.0000000000000E+00
 3.3597603307390E+01 7.2794807166012E+01 0.0000000000000E+00-3.3597603307390E+01
 7.2794807166012E+01 0.0000000000000E+00 3.3597603307390E+01-7.2794807166012E+01
 0.0000000000000E+00-1.6798801653695E+01-7.8394407717244E+01 0.0000000000000E+00
 1.6798801653695E+01 7.8394407717244E+01 0.0000000000000E+00-1.6798801653695E+01
 7.8394407717244E+01 0.0000000000000E+00 1.6798801653695E+01-7.8394407717244E+01
 0.0000000000000E+00-6.7195206614780E+01-4.4796804409854E+01 0.0000000000000E+00
 6.7195206614780E+01 4.4796804409854E+01 0.0000000000000E+00-6.7195206614780E+01
 4.4796804409854E+01 0.0000000000000E+00 6.7195206614780E+01-4.4796804409854E+01
 0.0000000000000E+00-4.4796804409854E+01-6.7195206614780E+01 0.0000000000000E+00
 4.4796804409854E+01 6.7195206614780E+01 0.0000000000000E+00-4.4796804409854E+01
 6.7195206614780E+01 0.0000000000000E+00 4.4796804409854E+01-6.7195206614780E+01
 0.0000000000000E+00-7.8394407717244E+01-2.2398402204927E+01 0.0000000000000E+00
 7.8394407717244E+01 2.2398402204927E+01 0.0000000000000E+00-7.8394407717244E+01
 2.2398402204927E+01 0.0000000000000E+00 7.8394407717244E+01-2.2398402204927E+01
 0.0000000000000E+00-2.2398402204927E+01-7.8394407717244E+01 0.0000000000000E+00
 2.2398402204927E+01 7.8394407717244E+01 0.0000000000000E+00-2.2398402204927E+01
 7.8394407717244E+01 0.0000000000000E+00 2.2398402204927E+01-7.8394407717244E+01
 0.0000000000000E+00-7.2794807166012E+01-3.9197203858622E+01 0.0000000000000E+00
 7.2794807166012E+01 3.9197203858622E+01 0.0000000000000E+00-7.2794807166012E+01
 3.9197203858622E+01 0.0000000000000E+00 7.2794807166012E+01-3.9197203858622E+01
 0.0000000000000E+00-3.9197203858622E+01-7.2794807166012E+01 0.0000000000000E+00
 3.9197203858622E+01 7.2794807166012E+01 0.0000000000000E+00-3.9197203858622E+01
 7.2794807166012E+01 0.0000000000000E+00 3.9197203858622E+01-7.2794807166012E+01
 0.0000000000000E+00-7.8394407717244E+01-2.7998002756158E+01 0.0000000000000E+00
 7.8394407717244E+01 2.7998002756158E+01 0.0000000000000E+00-7.8394407717244E+01
 2.7998002756158E+01 0.0000000000000E+00 7.8394407717244E+01-2.7998002756158E+01
 0.0000000000000E+00-6.1595606063549E+01-5.5996005512317E+01 0.0000000000000E+00
 6.1595606063549E+01 5.5996005512317E+01 0.0000000000000E+00-6.1595606063549E+01
 5.5996005512317E+01 0.0000000000000E+00 6.1595606063549E+01-5.5996005512317E+01
 0.0000000000000E+00-5.5996005512317E+01-6.1595606063549E+01 0.0000000000000E+00
 5.5996005512317E+01 6.1595606063549E+01 0.0000000000000E+00-5.5996005512317E+01
 6.1595606063549E+01 0.0000000000000E+00 5.5996005512317E+01-6.1595606063549E+01
 0.0000000000000E+00-2.7998002756158E+01-7.8394407717244E+01 0.0000000000000E+00
 2.7998002756158E+01 7.8394407717244E+01 0.0000000000000E+00-2.7998002756158E+01
 7.8394407717244E+01 0.0000000000000E+00 2.7998002756158E+01-7.8394407717244E+01
 0.0000000000000E+00-8.3994008268475E+01 0.0000000000000E+00 0.0000000000000E+00
 8.3994008268475E+01 0.0000000000000E+00 0.0000000000000E+00-6.7195206614780E+01
-5.0396404961085E+01 0.0000000000000E+00 6.7195206614780E+01 5.0396404961085E+01
 0.0000000000000E+00-6.7195206614780E+01 5.0396404961085E+01 0.0000000000000E+00
 6.7195206614780E+01-5.0396404961085E+01 0.0000000000000E+00-5.0396404961085E+01
-6.7195206614780E+01 0.0000000000000E+00 5.0396404961085E+01 6.7195206614780E+01
 0.0000000000000E+00-5.0396404961085E+01 6.7195206614780E+01 0.0000000000000E+00
 5.0396404961085E+01-6.7195206614780E+01 0.0000000000000E+00 0.0000000000000E+00
-8.3994008268475E+01 0.0000000000000E+00 0.0000000000000E+00 8.3994008268475E+01
 0.0000000000000E+00-8.3994008268475E+01-5.5996005512317E+00 0.0000000000000E+00
 8.3994008268475E+01 5.5996005512317E+00 0.0000000000000E+00-8.3994008268475E+01
 5.5996005512317E+00 0.0000000000000E+00 8.3994008268475E+01-5.5996005512317E+00
 0.0000000000000E+00-5.5996005512317E+00-8.3994008268475E+01 0.0000000000000E+00
 5.5996005512317E+00 8.3994008268475E+01 0.0000000000000E+00-5.5996005512317E+00
 8.3994008268475E+01 0.0000000000000E+00 5.5996005512317E+00-8.3994008268475E+01
 0.0000000000000E+00-8.3994008268475E+01-1.1199201102463E+01 0.0000000000000E+00
 8.3994008268475E+01 1.1199201102463E+01 0.0000000000000E+00-8.3994008268475E+01
 1.1199201102463E+01 0.0000000000000E+00 8.3994008268475E+01-1.1199201102463E+01
 0.0000000000000E+00-1.1199201102463E+01-8.3994008268475E+01 0.0000000000000E+00
 1.1199201102463E+01 8.3994008268475E+01 0.0000000000000E+00-1.1199201102463E+01
 8.3994008268475E+01 0.0000000000000E+00 1.1199201102463E+01-8.3994008268475E+01
 0.0000000000000E+00-7.8394407717244E+01-3.3597603307390E+01 0.0000000000000E+00
 7.8394407717244E+01 3.3597603307390E+01 0.0000000000000E+00-7.8394407717244E+01
 3.3597603307390E+01 0.0000000000000E+00 7.8394407717244E+01-3.3597603307390E+01
 0.0000000000000E+00-3.3597603307390E+01-7.8394407717244E+01 0.0000000000000E+00
 3.3597603307390E+01 7.8394407717244E+01 0.0000000000000E+00-3.3597603307390E+01
 7.8394407717244E+01 0.0000000000000E+00 3.3597603307390E+01-7.8394407717244E+01
 0.0000000000000E+00-7.2794807166012E+01-4.4796804409854E+01 0.0000000000000E+00
 7.2794807166012E+01 4.4796804409854E+01 0.0000000000000E+00-7.2794807166012E+01
 4.4796804409854E+01 0.0000000000000E+00 7.2794807166012E+01-4.4796804409854E+01
 0.0000000000000E+00-4.4796804409854E+01-7.2794807166012E+01 0.0000000000000E+00
 4.4796804409854E+01 7.2794807166012E+01 0.0000000000000E+00-4.4796804409854E+01
 7.2794807166012E+01 0.0000000000000E+00 4.4796804409854E+01-7.2794807166012E+01
 0.0000000000000E+00-8.3994008268475E+01-1.6798801653695E+01 0.0000000000000E+00
 8.3994008268475E+01 1.6798801653695E+01 0.0000000000000E+00-8.3994008268475E+01
 1.6798801653695E+01 0.0000000000000E+00 8.3994008268475E+01-1.6798801653695E+01
 0.0000000000000E+00-1.6798801653695E+01-8.3994008268475E+01 0.0000000000000E+00
 1.6798801653695E+01 8.3994008268475E+01 0.0000000000000E+00-1.6798801653695E+01
 8.3994008268475E+01 0.0000000000000E+00 1.6798801653695E+01-8.3994008268475E+01
 0.0000000000000E+00-8.3994008268475E+01-2.2398402204927E+01 0.0000000000000E+00
 8.3994008268475E+01 2.2398402204927E+01 0.0000000000000E+00-8.3994008268475E+01
 2.2398402204927E+01 0.0000000000000E+00 8.3994008268475E+01-2.2398402204927E+01
 0.0000000000000E+00-2.2398402204927E+01-8.3994008268475E+01 0.0000000000000E+00
 2.2398402204927E+01 8.3994008268475E+01 0.0000000000000E+00-2.2398402204927E+01
 8.3994008268475E+01 0.0000000000000E+00 2.2398402204927E+01-8.3994008268475E+01
 0.0000000000000E+00-6.1595606063549E+01-6.1595606063549E+01 0.0000000000000E+00
 6.1595606063549E+01 6.1595606063549E+01 0.0000000000000E+00-6.1595606063549E+01
 6.1595606063549E+01 0.0000000000000E+00 6.1595606063549E+01-6.1595606063549E+01
 0.0000000000000E+00-6.7195206614780E+01-5.5996005512317E+01 0.0000000000000E+00
 6.7195206614780E+01 5.5996005512317E+01 0.0000000000000E+00-6.7195206614780E+01
 5.5996005512317E+01 0.0000000000000E+00 6.7195206614780E+01-5.5996005512317E+01
 0.0000000000000E+00-5.5996005512317E+01-6.7195206614780E+01 0.0000000000000E+00
 5.5996005512317E+01 6.7195206614780E+01 0.0000000000000E+00-5.5996005512317E+01
 6.7195206614780E+01 0.0000000000000E+00 5.5996005512317E+01-6.7195206614780E+01
 0.0000000000000E+00-7.8394407717244E+01-3.9197203858622E+01 0.0000000000000E+00
 7.8394407717244E+01 3.9197203858622E+01 0.0000000000000E+00-7.8394407717244E+01
 3.9197203858622E+01 0.0000000000000E+00 7.8394407717244E+01-3.9197203858622E+01
 0.0000000000000E+00-3.9197203858622E+01-7.8394407717244E+01 0.0000000000000E+00
 3.9197203858622E+01 7.8394407717244E+01 0.0000000000000E+00-3.9197203858622E+01
 7.8394407717244E+01 0.0000000000000E+00 3.9197203858622E+01-7.8394407717244E+01
 0.0000000000000E+00-8.3994008268475E+01-2.7998002756158E+01 0.0000000000000E+00
 8.3994008268475E+01 2.7998002756158E+01 0.0000000000000E+00-8.3994008268475E+01
 2.7998002756158E+01 0.0000000000000E+00 8.3994008268475E+01-2.7998002756158E+01
 0.0000000000000E+00-7.2794807166012E+01-5.0396404961085E+01 0.0000000000000E+00
 7.2794807166012E+01 5.0396404961085E+01 0.0000000000000E+00-7.2794807166012E+01
 5.0396404961085E+01 0.0000000000000E+00 7.2794807166012E+01-5.0396404961085E+01
 0.0000000000000E+00-5.0396404961085E+01-7.2794807166012E+01 0.0000000000000E+00
 5.0396404961085E+01 7.2794807166012E+01 0.0000000000000E+00-5.0396404961085E+01
 7.2794807166012E+01 0.0000000000000E+00 5.0396404961085E+01-7.2794807166012E+01
 0.0000000000000E+00-2.7998002756158E+01-8.3994008268475E+01 0.0000000000000E+00
 2.7998002756158E+01 8.3994008268475E+01 0.0000000000000E+00-2.7998002756158E+01
 8.3994008268475E+01 0.0000000000000E+00 2.7998002756158E+01-8.3994008268475E+01
 0.0000000000000E+00-8.9593608819707E+01 0.0000000000000E+00 0.0000000000000E+00
 8.9593608819707E+01 0.0000000000000E+00 0.0000000000000E+00 0.0000000000000E+00
-8.9593608819707E+01 0.0000000000000E+00 0.0000000000000E+00 8.9593608819707E+01
 0.0000000000000E+00-8.9593608819707E+01-5.5996005512317E+00 0.0000000000000E+00
 8.9593608819707E+01 5.5996005512317E+00 0.0000000000000E+00-8.9593608819707E+01
 5.5996005512317E+00 0.0000000000000E+00 8.9593608819707E+01-5.5996005512317E+00
 0.0000000000000E+00-5.5996005512317E+00-8.9593608819707E+01 0.0000000000000E+00
 5.5996005512317E+00 8.9593608819707E+01 0.0000000000000E+00-5.5996005512317E+00
 8.9593608819707E+01 0.0000000000000E+00 5.5996005512317E+00-8.9593608819707E+01
 0.0000000000000E+00-8.9593608819707E+01-1.1199201102463E+01 0.0000000000000E+00
 8.9593608819707E+01 1.1199201102463E+01 0.0000000000000E+00-8.9593608819707E+01
 1.1199201102463E+01 0.0000000000000E+00 8.9593608819707E+01-1.1199201102463E+01
 0.0000000000000E+00-7.8394407717244E+01-4.4796804409854E+01 0.0000000000000E+00
 7.8394407717244E+01 4.4796804409854E+01 0.0000000000000E+00-7.8394407717244E+01
 4.4796804409854E+01 0.0000000000000E+00 7.8394407717244E+01-4.4796804409854E+01
 0.0000000000000E+00-4.4796804409854E+01-7.8394407717244E+01 0.0000000000000E+00
 4.4796804409854E+01 7.8394407717244E+01 0.0000000000000E+00-4.4796804409854E+01
 7.8394407717244E+01 0.0000000000000E+00 4.4796804409854E+01-7.8394407717244E+01
 0.0000000000000E+00-1.1199201102463E+01-8.9593608819707E+01 0.0000000000000E+00
 1.1199201102463E+01 8.9593608819707E+01 0.0000000000000E+00-1.1199201102463E+01
 8.9593608819707E+01 0.0000000000000E+00 1.1199201102463E+01-8.9593608819707E+01
 0.0000000000000E+00-8.3994008268475E+01-3.3597603307390E+01 0.0000000000000E+00
 8.3994008268475E+01 3.3597603307390E+01 0.0000000000000E+00-8.3994008268475E+01
 3.3597603307390E+01 0.0000000000000E+00 8.3994008268475E+01-3.3597603307390E+01
 0.0000000000000E+00-3.3597603307390E+01-8.3994008268475E+01 0.0000000000000E+00
 3.3597603307390E+01 8.3994008268475E+01 0.0000000000000E+00-3.3597603307390E+01
 8.3994008268475E+01 0.0000000000000E+00 3.3597603307390E+01-8.3994008268475E+01
 0.0000000000000E+00-8.9593608819707E+01-1.6798801653695E+01 0.0000000000000E+00
 8.9593608819707E+01 1.6798801653695E+01 0.0000000000000E+00-8.9593608819707E+01
 1.6798801653695E+01 0.0000000000000E+00 8.9593608819707E+01-1.6798801653695E+01
 0.0000000000000E+00-6.7195206614780E+01-6.1595606063549E+01 0.0000000000000E+00
 6.7195206614780E+01 6.1595606063549E+01 0.0000000000000E+00-6.7195206614780E+01
 6.1595606063549E+01 0.0000000000000E+00 6.7195206614780E+01-6.1595606063549E+01
 0.0000000000000E+00-6.1595606063549E+01-6.7195206614780E+01 0.0000000000000E+00
 6.1595606063549E+01 6.7195206614780E+01 0.0000000000000E+00-6.1595606063549E+01
 6.7195206614780E+01 0.0000000000000E+00 6.1595606063549E+01-6.7195206614780E+01
 0.0000000000000E+00-1.6798801653695E+01-8.9593608819707E+01 0.0000000000000E+00
 1.6798801653695E+01 8.9593608819707E+01 0.0000000000000E+00-1.6798801653695E+01
 8.9593608819707E+01 0.0000000000000E+00 1.6798801653695E+01-8.9593608819707E+01
 0.0000000000000E+00-7.2794807166012E+01-5.5996005512317E+01 0.0000000000000E+00
 7.2794807166012E+01 5.5996005512317E+01 0.0000000000000E+00-7.2794807166012E+01
 5.5996005512317E+01 0.0000000000000E+00 7.2794807166012E+01-5.5996005512317E+01
 0.0000000000000E+00-5.5996005512317E+01-7.2794807166012E+01 0.0000000000000E+00
 5.5996005512317E+01 7.2794807166012E+01 0.0000000000000E+00-5.5996005512317E+01
 7.2794807166012E+01 0.0000000000000E+00 5.5996005512317E+01-7.2794807166012E+01
 0.0000000000000E+00-8.9593608819707E+01-2.2398402204927E+01 0.0000000000000E+00
 8.9593608819707E+01 2.2398402204927E+01 0.0000000000000E+00-8.9593608819707E+01
 2.2398402204927E+01 0.0000000000000E+00 8.9593608819707E+01-2.2398402204927E+01
 0.0000000000000E+00-2.2398402204927E+01-8.9593608819707E+01 0.0000000000000E+00
 2.2398402204927E+01 8.9593608819707E+01 0.0000000000000E+00-2.2398402204927E+01
 8.9593608819707E+01 0.0000000000000E+00 2.2398402204927E+01-8.9593608819707E+01
 0.0000000000000E+00-8.3994008268475E+01-3.9197203858622E+01 0.0000000000000E+00
 8.3994008268475E+01 3.9197203858622E+01 0.0000000000000E+00-8.3994008268475E+01
 3.9197203858622E+01 0.0000000000000E+00 8.3994008268475E+01-3.9197203858622E+01
 0.0000000000000E+00-3.9197203858622E+01-8.3994008268475E+01 0.0000000000000E+00
 3.9197203858622E+01 8.3994008268475E+01 0.0000000000000E+00-3.9197203858622E+01
 8.3994008268475E+01 0.0000000000000E+00 3.9197203858622E+01-8.3994008268475E+01
 0.0000000000000E+00-7.8394407717244E+01-5.0396404961085E+01 0.0000000000000E+00
 7.8394407717244E+01 5.0396404961085E+01 0.0000000000000E+00-7.8394407717244E+01
 5.0396404961085E+01 0.0000000000000E+00 7.8394407717244E+01-5.0396404961085E+01
 0.0000000000000E+00-5.0396404961085E+01-7.8394407717244E+01 0.0000000000000E+00
 5.0396404961085E+01 7.8394407717244E+01 0.0000000000000E+00-5.0396404961085E+01
 7.8394407717244E+01 0.0000000000000E+00 5.0396404961085E+01-7.8394407717244E+01
 0.0000000000000E+00-8.9593608819707E+01-2.7998002756158E+01 0.0000000000000E+00
 8.9593608819707E+01 2.7998002756158E+01 0.0000000000000E+00-8.9593608819707E+01
 2.7998002756158E+01 0.0000000000000E+00 8.9593608819707E+01-2.7998002756158E+01
 0.0000000000000E+00-2.7998002756158E+01-8.9593608819707E+01 0.0000000000000E+00
 2.7998002756158E+01 8.9593608819707E+01 0.0000000000000E+00-2.7998002756158E+01
 8.9593608819707E+01 0.0000000000000E+00 2.7998002756158E+01-8.9593608819707E+01
 0.0000000000000E+00-6.7195206614780E+01-6.7195206614780E+01 0.0000000000000E+00
 6.7195206614780E+01 6.7195206614780E+01 0.0000000000000E+00-6.7195206614780E+01
 6.7195206614780E+01 0.0000000000000E+00 6.7195206614780E+01-6.7195206614780E+01
 0.0000000000000E+00-9.5193209370939E+01 0.0000000000000E+00 0.0000000000000E+00
 9.5193209370939E+01 0.0000000000000E+00 0.0000000000000E+00-8.3994008268475E+01
-4.4796804409854E+01 0.0000000000000E+00 8.3994008268475E+01 4.4796804409854E+01
 0.0000000000000E+00-8.3994008268475E+01 4.4796804409854E+01 0.0000000000000E+00
 8.3994008268475E+01-4.4796804409854E+01 0.0000000000000E+00-4.4796804409854E+01
-8.3994008268475E+01 0.0000000000000E+00 4.4796804409854E+01 8.3994008268475E+01
 0.0000000000000E+00-4.4796804409854E+01 8.3994008268475E+01 0.0000000000000E+00
 4.4796804409854E+01-8.3994008268475E+01 0.0000000000000E+00 0.0000000000000E+00
-9.5193209370939E+01 0.0000000000000E+00 0.0000000000000E+00 9.5193209370939E+01
 0.0000000000000E+00-9.5193209370939E+01-5.5996005512317E+00 0.0000000000000E+00
 9.5193209370939E+01 5.5996005512317E+00 0.0000000000000E+00-9.5193209370939E+01
 5.5996005512317E+00 0.0000000000000E+00 9.5193209370939E+01-5.5996005512317E+00
 0.0000000000000E+00-7.2794807166012E+01-6.1595606063549E+01 0.0000000000000E+00
 7.2794807166012E+01 6.1595606063549E+01 0.0000000000000E+00-7.2794807166012E+01
 6.1595606063549E+01 0.0000000000000E+00 7.2794807166012E+01-6.1595606063549E+01
 0.0000000000000E+00-6.1595606063549E+01-7.2794807166012E+01 0.0000000000000E+00
 6.1595606063549E+01 7.2794807166012E+01 0.0000000000000E+00-6.1595606063549E+01
 7.2794807166012E+01 0.0000000000000E+00 6.1595606063549E+01-7.2794807166012E+01
 0.0000000000000E+00-5.5996005512317E+00-9.5193209370939E+01 0.0000000000000E+00
 5.5996005512317E+00 9.5193209370939E+01 0.0000000000000E+00-5.5996005512317E+00
 9.5193209370939E+01 0.0000000000000E+00 5.5996005512317E+00-9.5193209370939E+01
 0.0000000000000E+00-8.9593608819707E+01-3.3597603307390E+01 0.0000000000000E+00
 8.9593608819707E+01 3.3597603307390E+01 0.0000000000000E+00-8.9593608819707E+01
 3.3597603307390E+01 0.0000000000000E+00 8.9593608819707E+01-3.3597603307390E+01
 0.0000000000000E+00-3.3597603307390E+01-8.9593608819707E+01 0.0000000000000E+00
 3.3597603307390E+01 8.9593608819707E+01 0.0000000000000E+00-3.3597603307390E+01
 8.9593608819707E+01 0.0000000000000E+00 3.3597603307390E+01-8.9593608819707E+01
 0.0000000000000E+00-9.5193209370939E+01-1.1199201102463E+01 0.0000000000000E+00
 9.5193209370939E+01 1.1199201102463E+01 0.0000000000000E+00-9.5193209370939E+01
 1.1199201102463E+01 0.0000000000000E+00 9.5193209370939E+01-1.1199201102463E+01
 0.0000000000000E+00-1.1199201102463E+01-9.5193209370939E+01 0.0000000000000E+00
 1.1199201102463E+01 9.5193209370939E+01 0.0000000000000E+00-1.1199201102463E+01
 9.5193209370939E+01 0.0000000000000E+00 1.1199201102463E+01-9.5193209370939E+01
 0.0000000000000E+00-7.8394407717244E+01-5.5996005512317E+01 0.0000000000000E+00
 7.8394407717244E+01 5.5996005512317E+01 0.0000000000000E+00-7.8394407717244E+01
 5.5996005512317E+01 0.0000000000000E+00 7.8394407717244E+01-5.5996005512317E+01
 0.0000000000000E+00-5.5996005512317E+01-7.8394407717244E+01 0.0000000000000E+00
 5.5996005512317E+01 7.8394407717244E+01 0.0000000000000E+00-5.5996005512317E+01
 7.8394407717244E+01 0.0000000000000E+00 5.5996005512317E+01-7.8394407717244E+01
 0.0000000000000E+00-9.5193209370939E+01-1.6798801653695E+01 0.0000000000000E+00
 9.5193209370939E+01 1.6798801653695E+01 0.0000000000000E+00-9.5193209370939E+01
 1.6798801653695E+01 0.0000000000000E+00 9.5193209370939E+01-1.6798801653695E+01
 0.0000000000000E+00-1.6798801653695E+01-9.5193209370939E+01 0.0000000000000E+00
 1.6798801653695E+01 9.5193209370939E+01 0.0000000000000E+00-1.6798801653695E+01
 9.5193209370939E+01 0.0000000000000E+00 1.6798801653695E+01-9.5193209370939E+01
 0.0000000000000E+00-9.5193209370939E+01-2.2398402204927E+01 0.0000000000000E+00
 9.5193209370939E+01 2.2398402204927E+01 0.0000000000000E+00-9.5193209370939E+01
 2.2398402204927E+01 0.0000000000000E+00 9.5193209370939E+01-2.2398402204927E+01
 0.0000000000000E+00-8.9593608819707E+01-3.9197203858622E+01 0.0000000000000E+00
 8.9593608819707E+01 3.9197203858622E+01 0.0000000000000E+00-8.9593608819707E+01
 3.9197203858622E+01 0.0000000000000E+00 8.9593608819707E+01-3.9197203858622E+01
 0.0000000000000E+00-3.9197203858622E+01-8.9593608819707E+01 0.0000000000000E+00
 3.9197203858622E+01 8.9593608819707E+01 0.0000000000000E+00-3.9197203858622E+01
 8.9593608819707E+01 0.0000000000000E+00 3.9197203858622E+01-8.9593608819707E+01
 0.0000000000000E+00-2.2398402204927E+01-9.5193209370939E+01 0.0000000000000E+00
 2.2398402204927E+01 9.5193209370939E+01 0.0000000000000E+00-2.2398402204927E+01
 9.5193209370939E+01 0.0000000000000E+00 2.2398402204927E+01-9.5193209370939E+01
 0.0000000000000E+00-8.3994008268475E+01-5.0396404961085E+01 0.0000000000000E+00
 8.3994008268475E+01 5.0396404961085E+01 0.0000000000000E+00-8.3994008268475E+01
 5.0396404961085E+01 0.0000000000000E+00 8.3994008268475E+01-5.0396404961085E+01
 0.0000000000000E+00-5.0396404961085E+01-8.3994008268475E+01 0.0000000000000E+00
 5.0396404961085E+01 8.3994008268475E+01 0.0000000000000E+00-5.0396404961085E+01
 8.3994008268475E+01 0.0000000000000E+00 5.0396404961085E+01-8.3994008268475E+01
 0.0000000000000E+00-7.2794807166012E+01-6.7195206614780E+01 0.0000000000000E+00
 7.2794807166012E+01 6.7195206614780E+01 0.0000000000000E+00-7.2794807166012E+01
 6.7195206614780E+01 0.0000000000000E+00 7.2794807166012E+01-6.7195206614780E+01
 0.0000000000000E+00-6.7195206614780E+01-7.2794807166012E+01 0.0000000000000E+00
 6.7195206614780E+01 7.2794807166012E+01 0.0000000000000E+00-6.7195206614780E+01
 7.2794807166012E+01 0.0000000000000E+00 6.7195206614780E+01-7.2794807166012E+01
 0.0000000000000E+00-9.5193209370939E+01-2.7998002756158E+01 0.0000000000000E+00
 9.5193209370939E+01 2.7998002756158E+01 0.0000000000000E+00-9.5193209370939E+01
 2.7998002756158E+01 0.0000000000000E+00 9.5193209370939E+01-2.7998002756158E+01
 0.0000000000000E+00-2.7998002756158E+01-9.5193209370939E+01 0.0000000000000E+00
 2.7998002756158E+01 9.5193209370939E+01 0.0000000000000E+00-2.7998002756158E+01
 9.5193209370939E+01 0.0000000000000E+00 2.7998002756158E+01-9.5193209370939E+01
 0.0000000000000E+00-7.8394407717244E+01-6.1595606063549E+01 0.0000000000000E+00
 7.8394407717244E+01 6.1595606063549E+01 0.0000000000000E+00-7.8394407717244E+01
 6.1595606063549E+01 0.0000000000000E+00 7.8394407717244E+01-6.1595606063549E+01
 0.0000000000000E+00-6.1595606063549E+01-7.8394407717244E+01 0.0000000000000E+00
 6.1595606063549E+01 7.8394407717244E+01 0.0000000000000E+00-6.1595606063549E+01
 7.8394407717244E+01 0.0000000000000E+00 6.1595606063549E+01-7.8394407717244E+01
 0.0000000000000E+00-8.9593608819707E+01-4.4796804409854E+01 0.0000000000000E+00
 8.9593608819707E+01 4.4796804409854E+01 0.0000000000000E+00-8.9593608819707E+01
 4.4796804409854E+01 0.0000000000000E+00 8.9593608819707E+01-4.4796804409854E+01
 0.0000000000000E+00-4.4796804409854E+01-8.9593608819707E+01 0.0000000000000E+00
 4.4796804409854E+01 8.9593608819707E+01 0.0000000000000E+00-4.4796804409854E+01
 8.9593608819707E+01 0.0000000000000E+00 4.4796804409854E+01-8.9593608819707E+01
 0.0000000000000E+00-1.0079280992217E+02 0.0000000000000E+00 0.0000000000000E+00
 1.0079280992217E+02 0.0000000000000E+00 0.0000000000000E+00 0.0000000000000E+00
-1.0079280992217E+02 0.0000000000000E+00 0.0000000000000E+00 1.0079280992217E+02
 0.0000000000000E+00-1.0079280992217E+02-5.5996005512317E+00 0.0000000000000E+00
 1.0079280992217E+02 5.5996005512317E+00 0.0000000000000E+00-1.0079280992217E+02
 5.5996005512317E+00 0.0000000000000E+00 1.0079280992217E+02-5.5996005512317E+00
 0.0000000000000E+00-9.5193209370939E+01-3.3597603307390E+01 0.0000000000000E+00
 9.5193209370939E+01 3.3597603307390E+01 0.0000000000000E+00-9.5193209370939E+01
 3.3597603307390E+01 0.0000000000000E+00 9.5193209370939E+01-3.3597603307390E+01
 0.0000000000000E+00-8.3994008268475E+01-5.5996005512317E+01 0.0000000000000E+00
 8.3994008268475E+01 5.5996005512317E+01 0.0000000000000E+00-8.3994008268475E+01
 5.5996005512317E+01 0.0000000000000E+00 8.3994008268475E+01-5.5996005512317E+01
 0.0000000000000E+00-5.5996005512317E+01-8.3994008268475E+01 0.0000000000000E+00
 5.5996005512317E+01 8.3994008268475E+01 0.0000000000000E+00-5.5996005512317E+01
 8.3994008268475E+01 0.0000000000000E+00 5.5996005512317E+01-8.3994008268475E+01
 0.0000000000000E+00-3.3597603307390E+01-9.5193209370939E+01 0.0000000000000E+00
 3.3597603307390E+01 9.5193209370939E+01 0.0000000000000E+00-3.3597603307390E+01
 9.5193209370939E+01 0.0000000000000E+00 3.3597603307390E+01-9.5193209370939E+01
 0.0000000000000E+00-5.5996005512317E+00-1.0079280992217E+02 0.0000000000000E+00
 5.5996005512317E+00 1.0079280992217E+02 0.0000000000000E+00-5.5996005512317E+00
 1.0079280992217E+02 0.0000000000000E+00 5.5996005512317E+00-1.0079280992217E+02
 0.0000000000000E+00-1.0079280992217E+02-1.1199201102463E+01 0.0000000000000E+00
 1.0079280992217E+02 1.1199201102463E+01 0.0000000000000E+00-1.0079280992217E+02
 1.1199201102463E+01 0.0000000000000E+00 1.0079280992217E+02-1.1199201102463E+01
 0.0000000000000E+00-1.1199201102463E+01-1.0079280992217E+02 0.0000000000000E+00
 1.1199201102463E+01 1.0079280992217E+02 0.0000000000000E+00-1.1199201102463E+01
 1.0079280992217E+02 0.0000000000000E+00 1.1199201102463E+01-1.0079280992217E+02
 0.0000000000000E+00-1.0079280992217E+02-1.6798801653695E+01 0.0000000000000E+00
 1.0079280992217E+02 1.6798801653695E+01 0.0000000000000E+00-1.0079280992217E+02
 1.6798801653695E+01 0.0000000000000E+00 1.0079280992217E+02-1.6798801653695E+01
 0.0000000000000E+00-1.6798801653695E+01-1.0079280992217E+02 0.0000000000000E+00
 1.6798801653695E+01 1.0079280992217E+02 0.0000000000000E+00-1.6798801653695E+01
 1.0079280992217E+02 0.0000000000000E+00 1.6798801653695E+01-1.0079280992217E+02
 0.0000000000000E+00-8.9593608819707E+01-5.0396404961085E+01 0.0000000000000E+00
 8.9593608819707E+01 5.0396404961085E+01 0.0000000000000E+00-8.9593608819707E+01
 5.0396404961085E+01 0.0000000000000E+00 8.9593608819707E+01-5.0396404961085E+01
 0.0000000000000E+00-5.0396404961085E+01-8.9593608819707E+01 0.0000000000000E+00
 5.0396404961085E+01 8.9593608819707E+01 0.0000000000000E+00-5.0396404961085E+01
 8.9593608819707E+01 0.0000000000000E+00 5.0396404961085E+01-8.9593608819707E+01
 0.0000000000000E+00-9.5193209370939E+01-3.9197203858622E+01 0.0000000000000E+00
 9.5193209370939E+01 3.9197203858622E+01 0.0000000000000E+00-9.5193209370939E+01
 3.9197203858622E+01 0.0000000000000E+00 9.5193209370939E+01-3.9197203858622E+01
 0.0000000000000E+00-7.2794807166012E+01-7.2794807166012E+01 0.0000000000000E+00
 7.2794807166012E+01 7.2794807166012E+01 0.0000000000000E+00-7.2794807166012E+01
 7.2794807166012E+01 0.0000000000000E+00 7.2794807166012E+01-7.2794807166012E+01
 0.0000000000000E+00-3.9197203858622E+01-9.5193209370939E+01 0.0000000000000E+00
 3.9197203858622E+01 9.5193209370939E+01 0.0000000000000E+00-3.9197203858622E+01
 9.5193209370939E+01 0.0000000000000E+00 3.9197203858622E+01-9.5193209370939E+01
 0.0000000000000E+00-1.0079280992217E+02-2.2398402204927E+01 0.0000000000000E+00
 1.0079280992217E+02 2.2398402204927E+01 0.0000000000000E+00-1.0079280992217E+02
 2.2398402204927E+01 0.0000000000000E+00 1.0079280992217E+02-2.2398402204927E+01
 0.0000000000000E+00-7.8394407717244E+01-6.7195206614780E+01 0.0000000000000E+00
 7.8394407717244E+01 6.7195206614780E+01 0.0000000000000E+00-7.8394407717244E+01
 6.7195206614780E+01 0.0000000000000E+00 7.8394407717244E+01-6.7195206614780E+01
 0.0000000000000E+00-6.7195206614780E+01-7.8394407717244E+01 0.0000000000000E+00
 6.7195206614780E+01 7.8394407717244E+01 0.0000000000000E+00-6.7195206614780E+01
 7.8394407717244E+01 0.0000000000000E+00 6.7195206614780E+01-7.8394407717244E+01
 0.0000000000000E+00-2.2398402204927E+01-1.0079280992217E+02 0.0000000000000E+00
 2.2398402204927E+01 1.0079280992217E+02 0.0000000000000E+00-2.2398402204927E+01
 1.0079280992217E+02 0.0000000000000E+00 2.2398402204927E+01-1.0079280992217E+02
 0.0000000000000E+00-8.3994008268475E+01-6.1595606063549E+01 0.0000000000000E+00
 8.3994008268475E+01 6.1595606063549E+01 0.0000000000000E+00-8.3994008268475E+01
 6.1595606063549E+01 0.0000000000000E+00 8.3994008268475E+01-6.1595606063549E+01
 0.0000000000000E+00-6.1595606063549E+01-8.3994008268475E+01 0.0000000000000E+00
 6.1595606063549E+01 8.3994008268475E+01 0.0000000000000E+00-6.1595606063549E+01
 8.3994008268475E+01 0.0000000000000E+00 6.1595606063549E+01-8.3994008268475E+01
 0.0000000000000E+00-1.0079280992217E+02-2.7998002756158E+01 0.0000000000000E+00
 1.0079280992217E+02 2.7998002756158E+01 0.0000000000000E+00-1.0079280992217E+02
 2.7998002756158E+01 0.0000000000000E+00 1.0079280992217E+02-2.7998002756158E+01
 0.0000000000000E+00-2.7998002756158E+01-1.0079280992217E+02 0.0000000000000E+00
 2.7998002756158E+01 1.0079280992217E+02 0.0000000000000E+00-2.7998002756158E+01
 1.0079280992217E+02 0.0000000000000E+00 2.7998002756158E+01-1.0079280992217E+02
 0.0000000000000E+00-9.5193209370939E+01-4.4796804409854E+01 0.0000000000000E+00
 9.5193209370939E+01 4.4796804409854E+01 0.0000000000000E+00-9.5193209370939E+01
 4.4796804409854E+01 0.0000000000000E+00 9.5193209370939E+01-4.4796804409854E+01
 0.0000000000000E+00-4.4796804409854E+01-9.5193209370939E+01 0.0000000000000E+00
 4.4796804409854E+01 9.5193209370939E+01 0.0000000000000E+00-4.4796804409854E+01
 9.5193209370939E+01 0.0000000000000E+00 4.4796804409854E+01-9.5193209370939E+01
 0.0000000000000E+00-8.9593608819707E+01-5.5996005512317E+01 0.0000000000000E+00
 8.9593608819707E+01 5.5996005512317E+01 0.0000000000000E+00-8.9593608819707E+01
 5.5996005512317E+01 0.0000000000000E+00 8.9593608819707E+01-5.5996005512317E+01
 0.0000000000000E+00-5.5996005512317E+01-8.9593608819707E+01 0.0000000000000E+00
 5.5996005512317E+01 8.9593608819707E+01 0.0000000000000E+00-5.5996005512317E+01
 8.9593608819707E+01 0.0000000000000E+00 5.5996005512317E+01-8.9593608819707E+01
 0.0000000000000E+00-1.0079280992217E+02-3.3597603307390E+01 0.0000000000000E+00
 1.0079280992217E+02 3.3597603307390E+01 0.0000000000000E+00-1.0079280992217E+02
 3.3597603307390E+01 0.0000000000000E+00 1.0079280992217E+02-3.3597603307390E+01
 0.0000000000000E+00-3.3597603307390E+01-1.0079280992217E+02 0.0000000000000E+00
 3.3597603307390E+01 1.0079280992217E+02 0.0000000000000E+00-3.3597603307390E+01
 1.0079280992217E+02 0.0000000000000E+00 3.3597603307390E+01-1.0079280992217E+02
 0.0000000000000E+00-1.0639241047340E+02 0.0000000000000E+00 0.0000000000000E+00
 1.0639241047340E+02 0.0000000000000E+00 0.0000000000000E+00 0.0000000000000E+00
-1.0639241047340E+02 0.0000000000000E+00 0.0000000000000E+00 1.0639241047340E+02
 0.0000000000000E+00-1.0639241047340E+02-5.5996005512317E+00 0.0000000000000E+00
 1.0639241047340E+02 5.5996005512317E+00 0.0000000000000E+00-1.0639241047340E+02
 5.5996005512317E+00 0.0000000000000E+00 1.0639241047340E+02-5.5996005512317E+00
 0.0000000000000E+00-5.5996005512317E+00-1.0639241047340E+02 0.0000000000000E+00
 5.5996005512317E+00 1.0639241047340E+02 0.0000000000000E+00-5.5996005512317E+00
 1.0639241047340E+02 0.0000000000000E+00 5.5996005512317E+00-1.0639241047340E+02
 0.0000000000000E+00-1.0639241047340E+02-1.1199201102463E+01 0.0000000000000E+00
 1.0639241047340E+02 1.1199201102463E+01 0.0000000000000E+00-1.0639241047340E+02
 1.1199201102463E+01 0.0000000000000E+00 1.0639241047340E+02-1.1199201102463E+01
 0.0000000000000E+00-7.8394407717244E+01-7.2794807166012E+01 0.0000000000000E+00
 7.8394407717244E+01 7.2794807166012E+01 0.0000000000000E+00-7.8394407717244E+01
 7.2794807166012E+01 0.0000000000000E+00 7.8394407717244E+01-7.2794807166012E+01
 0.0000000000000E+00-7.2794807166012E+01-7.8394407717244E+01 0.0000000000000E+00
 7.2794807166012E+01 7.8394407717244E+01 0.0000000000000E+00-7.2794807166012E+01
 7.8394407717244E+01 0.0000000000000E+00 7.2794807166012E+01-7.8394407717244E+01
 0.0000000000000E+00-1.1199201102463E+01-1.0639241047340E+02 0.0000000000000E+00
 1.1199201102463E+01 1.0639241047340E+02 0.0000000000000E+00-1.1199201102463E+01
 1.0639241047340E+02 0.0000000000000E+00 1.1199201102463E+01-1.0639241047340E+02
 0.0000000000000E+00-8.3994008268475E+01-6.7195206614780E+01 0.0000000000000E+00
 8.3994008268475E+01 6.7195206614780E+01 0.0000000000000E+00-8.3994008268475E+01
 6.7195206614780E+01 0.0000000000000E+00 8.3994008268475E+01-6.7195206614780E+01
 0.0000000000000E+00-6.7195206614780E+01-8.3994008268475E+01 0.0000000000000E+00
 6.7195206614780E+01 8.3994008268475E+01 0.0000000000000E+00-6.7195206614780E+01
 8.3994008268475E+01 0.0000000000000E+00 6.7195206614780E+01-8.3994008268475E+01
 0.0000000000000E+00-1.0639241047340E+02-1.6798801653695E+01 0.0000000000000E+00
 1.0639241047340E+02 1.6798801653695E+01 0.0000000000000E+00-1.0639241047340E+02
 1.6798801653695E+01 0.0000000000000E+00 1.0639241047340E+02-1.6798801653695E+01
 0.0000000000000E+00-9.5193209370939E+01-5.0396404961085E+01 0.0000000000000E+00
 9.5193209370939E+01 5.0396404961085E+01 0.0000000000000E+00-9.5193209370939E+01
 5.0396404961085E+01 0.0000000000000E+00 9.5193209370939E+01-5.0396404961085E+01
 0.0000000000000E+00-5.0396404961085E+01-9.5193209370939E+01 0.0000000000000E+00
 5.0396404961085E+01 9.5193209370939E+01 0.0000000000000E+00-5.0396404961085E+01
 9.5193209370939E+01 0.0000000000000E+00 5.0396404961085E+01-9.5193209370939E+01
 0.0000000000000E+00-1.6798801653695E+01-1.0639241047340E+02 0.0000000000000E+00
 1.6798801653695E+01 1.0639241047340E+02 0.0000000000000E+00-1.6798801653695E+01
 1.0639241047340E+02 0.0000000000000E+00 1.6798801653695E+01-1.0639241047340E+02
 0.0000000000000E+00-1.0079280992217E+02-3.9197203858622E+01 0.0000000000000E+00
 1.0079280992217E+02 3.9197203858622E+01 0.0000000000000E+00-1.0079280992217E+02
 3.9197203858622E+01 0.0000000000000E+00 1.0079280992217E+02-3.9197203858622E+01
 0.0000000000000E+00-3.9197203858622E+01-1.0079280992217E+02 0.0000000000000E+00
 3.9197203858622E+01 1.0079280992217E+02 0.0000000000000E+00-3.9197203858622E+01
 1.0079280992217E+02 0.0000000000000E+00 3.9197203858622E+01-1.0079280992217E+02
 0.0000000000000E+00-1.0639241047340E+02-2.2398402204927E+01 0.0000000000000E+00
 1.0639241047340E+02 2.2398402204927E+01 0.0000000000000E+00-1.0639241047340E+02
 2.2398402204927E+01 0.0000000000000E+00 1.0639241047340E+02-2.2398402204927E+01
 0.0000000000000E+00-8.9593608819707E+01-6.1595606063549E+01 0.0000000000000E+00
 8.9593608819707E+01 6.1595606063549E+01 0.0000000000000E+00-8.9593608819707E+01
 6.1595606063549E+01 0.0000000000000E+00 8.9593608819707E+01-6.1595606063549E+01
 0.0000000000000E+00-6.1595606063549E+01-8.9593608819707E+01 0.0000000000000E+00
 6.1595606063549E+01 8.9593608819707E+01 0.0000000000000E+00-6.1595606063549E+01
 8.9593608819707E+01 0.0000000000000E+00 6.1595606063549E+01-8.9593608819707E+01
 0.0000000000000E+00-2.2398402204927E+01-1.0639241047340E+02 0.0000000000000E+00
 2.2398402204927E+01 1.0639241047340E+02 0.0000000000000E+00-2.2398402204927E+01
 1.0639241047340E+02 0.0000000000000E+00 2.2398402204927E+01-1.0639241047340E+02
 0.0000000000000E+00-1.0639241047340E+02-2.7998002756158E+01 0.0000000000000E+00
 1.0639241047340E+02 2.7998002756158E+01 0.0000000000000E+00-1.0639241047340E+02
 2.7998002756158E+01 0.0000000000000E+00 1.0639241047340E+02-2.7998002756158E+01
 0.0000000000000E+00-2.7998002756158E+01-1.0639241047340E+02 0.0000000000000E+00
 2.7998002756158E+01 1.0639241047340E+02 0.0000000000000E+00-2.7998002756158E+01
 1.0639241047340E+02 0.0000000000000E+00 2.7998002756158E+01-1.0639241047340E+02
 0.0000000000000E+00-1.0079280992217E+02-4.4796804409854E+01 0.0000000000000E+00
 1.0079280992217E+02 4.4796804409854E+01 0.0000000000000E+00-1.0079280992217E+02
 4.4796804409854E+01 0.0000000000000E+00 1.0079280992217E+02-4.4796804409854E+01
 0.0000000000000E+00-4.4796804409854E+01-1.0079280992217E+02 0.0000000000000E+00
 4.4796804409854E+01 1.0079280992217E+02 0.0000000000000E+00-4.4796804409854E+01
 1.0079280992217E+02 0.0000000000000E+00 4.4796804409854E+01-1.0079280992217E+02
 0.0000000000000E+00-9.5193209370939E+01-5.5996005512317E+01 0.0000000000000E+00
 9.5193209370939E+01 5.5996005512317E+01 0.0000000000000E+00-9.5193209370939E+01
 5.5996005512317E+01 0.0000000000000E+00 9.5193209370939E+01-5.5996005512317E+01
 0.0000000000000E+00-5.5996005512317E+01-9.5193209370939E+01 0.0000000000000E+00
 5.5996005512317E+01 9.5193209370939E+01 0.0000000000000E+00-5.5996005512317E+01
 9.5193209370939E+01 0.0000000000000E+00 5.5996005512317E+01-9.5193209370939E+01
 0.0000000000000E+00-7.8394407717244E+01-7.8394407717244E+01 0.0000000000000E+00
 7.8394407717244E+01 7.8394407717244E+01 0.0000000000000E+00-7.8394407717244E+01
 7.8394407717244E+01 0.0000000000000E+00 7.8394407717244E+01-7.8394407717244E+01
 0.0000000000000E+00-8.3994008268475E+01-7.2794807166012E+01 0.0000000000000E+00
 8.3994008268475E+01 7.2794807166012E+01 0.0000000000000E+00-8.3994008268475E+01
 7.2794807166012E+01 0.0000000000000E+00 8.3994008268475E+01-7.2794807166012E+01
 0.0000000000000E+00-7.2794807166012E+01-8.3994008268475E+01 0.0000000000000E+00
 7.2794807166012E+01 8.3994008268475E+01 0.0000000000000E+00-7.2794807166012E+01
 8.3994008268475E+01 0.0000000000000E+00 7.2794807166012E+01-8.3994008268475E+01
 0.0000000000000E+00-1.0639241047340E+02-3.3597603307390E+01 0.0000000000000E+00
 1.0639241047340E+02 3.3597603307390E+01 0.0000000000000E+00-1.0639241047340E+02
 3.3597603307390E+01 0.0000000000000E+00 1.0639241047340E+02-3.3597603307390E+01
 0.0000000000000E+00-3.3597603307390E+01-1.0639241047340E+02 0.0000000000000E+00
 3.3597603307390E+01 1.0639241047340E+02 0.0000000000000E+00-3.3597603307390E+01
 1.0639241047340E+02 0.0000000000000E+00 3.3597603307390E+01-1.0639241047340E+02
 0.0000000000000E+00-1.1199201102463E+02 0.0000000000000E+00 0.0000000000000E+00
 1.1199201102463E+02 0.0000000000000E+00 0.0000000000000E+00-8.9593608819707E+01
-6.7195206614780E+01 0.0000000000000E+00 8.9593608819707E+01 6.7195206614780E+01
 0.0000000000000E+00-8.9593608819707E+01 6.7195206614780E+01 0.0000000000000E+00
 8.9593608819707E+01-6.7195206614780E+01 0.0000000000000E+00-6.7195206614780E+01
-8.9593608819707E+01 0.0000000000000E+00 6.7195206614780E+01 8.9593608819707E+01
 0.0000000000000E+00-6.7195206614780E+01 8.9593608819707E+01 0.0000000000000E+00
 6.7195206614780E+01-8.9593608819707E+01 0.0000000000000E+00 0.0000000000000E+00
-1.1199201102463E+02 0.0000000000000E+00 0.0000000000000E+00 1.1199201102463E+02
 0.0000000000000E+00-1.1199201102463E+02-5.5996005512317E+00 0.0000000000000E+00
 1.1199201102463E+02 5.5996005512317E+00 0.0000000000000E+00-1.1199201102463E+02
 5.5996005512317E+00 0.0000000000000E+00 1.1199201102463E+02-5.5996005512317E+00
 0.0000000000000E+00-5.5996005512317E+00-1.1199201102463E+02 0.0000000000000E+00
 5.5996005512317E+00 1.1199201102463E+02 0.0000000000000E+00-5.5996005512317E+00
 1.1199201102463E+02 0.0000000000000E+00 5.5996005512317E+00-1.1199201102463E+02
 0.0000000000000E+00-1.1199201102463E+02-1.1199201102463E+01 0.0000000000000E+00
 1.1199201102463E+02 1.1199201102463E+01 0.0000000000000E+00-1.1199201102463E+02
 1.1199201102463E+01 0.0000000000000E+00 1.1199201102463E+02-1.1199201102463E+01
 0.0000000000000E+00-1.1199201102463E+01-1.1199201102463E+02 0.0000000000000E+00
 1.1199201102463E+01 1.1199201102463E+02 0.0000000000000E+00-1.1199201102463E+01
 1.1199201102463E+02 0.0000000000000E+00 1.1199201102463E+01-1.1199201102463E+02
 0.0000000000000E+00-1.0079280992217E+02-5.0396404961085E+01 0.0000000000000E+00
 1.0079280992217E+02 5.0396404961085E+01 0.0000000000000E+00-1.0079280992217E+02
 5.0396404961085E+01 0.0000000000000E+00 1.0079280992217E+02-5.0396404961085E+01
 0.0000000000000E+00-5.0396404961085E+01-1.0079280992217E+02 0.0000000000000E+00
 5.0396404961085E+01 1.0079280992217E+02 0.0000000000000E+00-5.0396404961085E+01
 1.0079280992217E+02 0.0000000000000E+00 5.0396404961085E+01-1.0079280992217E+02
 0.0000000000000E+00-1.1199201102463E+02-1.6798801653695E+01 0.0000000000000E+00
 1.1199201102463E+02 1.6798801653695E+01 0.0000000000000E+00-1.1199201102463E+02
 1.6798801653695E+01 0.0000000000000E+00 1.1199201102463E+02-1.6798801653695E+01
 0.0000000000000E+00-1.6798801653695E+01-1.1199201102463E+02 0.0000000000000E+00
 1.6798801653695E+01 1.1199201102463E+02 0.0000000000000E+00-1.6798801653695E+01
 1.1199201102463E+02 0.0000000000000E+00 1.6798801653695E+01-1.1199201102463E+02
 0.0000000000000E+00-1.0639241047340E+02-3.9197203858622E+01 0.0000000000000E+00
 1.0639241047340E+02 3.9197203858622E+01 0.0000000000000E+00-1.0639241047340E+02
 3.9197203858622E+01 0.0000000000000E+00 1.0639241047340E+02-3.9197203858622E+01
 0.0000000000000E+00-9.5193209370939E+01-6.1595606063549E+01 0.0000000000000E+00
 9.5193209370939E+01 6.1595606063549E+01 0.0000000000000E+00-9.5193209370939E+01
 6.1595606063549E+01 0.0000000000000E+00 9.5193209370939E+01-6.1595606063549E+01
 0.0000000000000E+00-6.1595606063549E+01-9.5193209370939E+01 0.0000000000000E+00
 6.1595606063549E+01 9.5193209370939E+01 0.0000000000000E+00-6.1595606063549E+01
 9.5193209370939E+01 0.0000000000000E+00 6.1595606063549E+01-9.5193209370939E+01
 0.0000000000000E+00-3.9197203858622E+01-1.0639241047340E+02 0.0000000000000E+00
 3.9197203858622E+01 1.0639241047340E+02 0.0000000000000E+00-3.9197203858622E+01
 1.0639241047340E+02 0.0000000000000E+00 3.9197203858622E+01-1.0639241047340E+02
 0.0000000000000E+00-1.1199201102463E+02-2.2398402204927E+01 0.0000000000000E+00
 1.1199201102463E+02 2.2398402204927E+01 0.0000000000000E+00-1.1199201102463E+02
 2.2398402204927E+01 0.0000000000000E+00 1.1199201102463E+02-2.2398402204927E+01
 0.0000000000000E+00-2.2398402204927E+01-1.1199201102463E+02 0.0000000000000E+00
 2.2398402204927E+01 1.1199201102463E+02 0.0000000000000E+00-2.2398402204927E+01
 1.1199201102463E+02 0.0000000000000E+00 2.2398402204927E+01-1.1199201102463E+02
 0.0000000000000E+00-8.3994008268475E+01-7.8394407717244E+01 0.0000000000000E+00
 8.3994008268475E+01 7.8394407717244E+01 0.0000000000000E+00-8.3994008268475E+01
 7.8394407717244E+01 0.0000000000000E+00 8.3994008268475E+01-7.8394407717244E+01
 0.0000000000000E+00-7.8394407717244E+01-8.3994008268475E+01 0.0000000000000E+00
 7.8394407717244E+01 8.3994008268475E+01 0.0000000000000E+00-7.8394407717244E+01
 8.3994008268475E+01 0.0000000000000E+00 7.8394407717244E+01-8.3994008268475E+01
 0.0000000000000E+00-1.0079280992217E+02-5.5996005512317E+01 0.0000000000000E+00
 1.0079280992217E+02 5.5996005512317E+01 0.0000000000000E+00-1.0079280992217E+02
 5.5996005512317E+01 0.0000000000000E+00 1.0079280992217E+02-5.5996005512317E+01
 0.0000000000000E+00-5.5996005512317E+01-1.0079280992217E+02 0.0000000000000E+00
 5.5996005512317E+01 1.0079280992217E+02 0.0000000000000E+00-5.5996005512317E+01
 1.0079280992217E+02 0.0000000000000E+00 5.5996005512317E+01-1.0079280992217E+02
 0.0000000000000E+00-1.1199201102463E+02-2.7998002756158E+01 0.0000000000000E+00
 1.1199201102463E+02 2.7998002756158E+01 0.0000000000000E+00-1.1199201102463E+02
 2.7998002756158E+01 0.0000000000000E+00 1.1199201102463E+02-2.7998002756158E+01
 0.0000000000000E+00-1.0639241047340E+02-4.4796804409854E+01 0.0000000000000E+00
 1.0639241047340E+02 4.4796804409854E+01 0.0000000000000E+00-1.0639241047340E+02
 4.4796804409854E+01 0.0000000000000E+00 1.0639241047340E+02-4.4796804409854E+01
 0.0000000000000E+00-8.9593608819707E+01-7.2794807166012E+01 0.0000000000000E+00
 8.9593608819707E+01 7.2794807166012E+01 0.0000000000000E+00-8.9593608819707E+01
 7.2794807166012E+01 0.0000000000000E+00 8.9593608819707E+01-7.2794807166012E+01
 0.0000000000000E+00-7.2794807166012E+01-8.9593608819707E+01 0.0000000000000E+00
 7.2794807166012E+01 8.9593608819707E+01 0.0000000000000E+00-7.2794807166012E+01
 8.9593608819707E+01 0.0000000000000E+00 7.2794807166012E+01-8.9593608819707E+01
 0.0000000000000E+00-4.4796804409854E+01-1.0639241047340E+02 0.0000000000000E+00
 4.4796804409854E+01 1.0639241047340E+02 0.0000000000000E+00-4.4796804409854E+01
 1.0639241047340E+02 0.0000000000000E+00 4.4796804409854E+01-1.0639241047340E+02
 0.0000000000000E+00-2.7998002756158E+01-1.1199201102463E+02 0.0000000000000E+00
 2.7998002756158E+01 1.1199201102463E+02 0.0000000000000E+00-2.7998002756158E+01
 1.1199201102463E+02 0.0000000000000E+00 2.7998002756158E+01-1.1199201102463E+02
 0.0000000000000E+00-9.5193209370939E+01-6.7195206614780E+01 0.0000000000000E+00
 9.5193209370939E+01 6.7195206614780E+01 0.0000000000000E+00-9.5193209370939E+01
 6.7195206614780E+01 0.0000000000000E+00 9.5193209370939E+01-6.7195206614780E+01
 0.0000000000000E+00-6.7195206614780E+01-9.5193209370939E+01 0.0000000000000E+00
 6.7195206614780E+01 9.5193209370939E+01 0.0000000000000E+00-6.7195206614780E+01
 9.5193209370939E+01 0.0000000000000E+00 6.7195206614780E+01-9.5193209370939E+01
 0.0000000000000E+00-1.1199201102463E+02-3.3597603307390E+01 0.0000000000000E+00
 1.1199201102463E+02 3.3597603307390E+01 0.0000000000000E+00-1.1199201102463E+02
 3.3597603307390E+01 0.0000000000000E+00 1.1199201102463E+02-3.3597603307390E+01
 0.0000000000000E+00-3.3597603307390E+01-1.1199201102463E+02 0.0000000000000E+00
 3.3597603307390E+01 1.1199201102463E+02 0.0000000000000E+00-3.3597603307390E+01
 1.1199201102463E+02 0.0000000000000E+00 3.3597603307390E+01-1.1199201102463E+02
 0.0000000000000E+00-1.1759161157587E+02 0.0000000000000E+00 0.0000000000000E+00
 1.1759161157587E+02 0.0000000000000E+00 0.0000000000000E+00 0.0000000000000E+00
-1.1759161157587E+02 0.0000000000000E+00 0.0000000000000E+00 1.1759161157587E+02
 0.0000000000000E+00-1.1759161157587E+02-5.5996005512317E+00 0.0000000000000E+00
 1.1759161157587E+02 5.5996005512317E+00 0.0000000000000E+00-1.1759161157587E+02
 5.5996005512317E+00 0.0000000000000E+00 1.1759161157587E+02-5.5996005512317E+00
 0.0000000000000E+00-1.0639241047340E+02-5.0396404961085E+01 0.0000000000000E+00
 1.0639241047340E+02 5.0396404961085E+01 0.0000000000000E+00-1.0639241047340E+02
 5.0396404961085E+01 0.0000000000000E+00 1.0639241047340E+02-5.0396404961085E+01
 0.0000000000000E+00-5.0396404961085E+01-1.0639241047340E+02 0.0000000000000E+00
 5.0396404961085E+01 1.0639241047340E+02 0.0000000000000E+00-5.0396404961085E+01
 1.0639241047340E+02 0.0000000000000E+00 5.0396404961085E+01-1.0639241047340E+02
 0.0000000000000E+00-5.5996005512317E+00-1.1759161157587E+02 0.0000000000000E+00
 5.5996005512317E+00 1.1759161157587E+02 0.0000000000000E+00-5.5996005512317E+00
 1.1759161157587E+02 0.0000000000000E+00 5.5996005512317E+00-1.1759161157587E+02
 0.0000000000000E+00-1.1759161157587E+02-1.1199201102463E+01 0.0000000000000E+00
 1.1759161157587E+02 1.1199201102463E+01 0.0000000000000E+00-1.1759161157587E+02
 1.1199201102463E+01 0.0000000000000E+00 1.1759161157587E+02-1.1199201102463E+01
 0.0000000000000E+00-1.0079280992217E+02-6.1595606063549E+01 0.0000000000000E+00
 1.0079280992217E+02 6.1595606063549E+01 0.0000000000000E+00-1.0079280992217E+02
 6.1595606063549E+01 0.0000000000000E+00 1.0079280992217E+02-6.1595606063549E+01
 0.0000000000000E+00-6.1595606063549E+01-1.0079280992217E+02 0.0000000000000E+00
 6.1595606063549E+01 1.0079280992217E+02 0.0000000000000E+00-6.1595606063549E+01
 1.0079280992217E+02 0.0000000000000E+00 6.1595606063549E+01-1.0079280992217E+02
 0.0000000000000E+00-1.1199201102463E+01-1.1759161157587E+02 0.0000000000000E+00
 1.1199201102463E+01 1.1759161157587E+02 0.0000000000000E+00-1.1199201102463E+01
 1.1759161157587E+02 0.0000000000000E+00 1.1199201102463E+01-1.1759161157587E+02
 0.0000000000000E+00-1.1199201102463E+02-3.9197203858622E+01 0.0000000000000E+00
 1.1199201102463E+02 3.9197203858622E+01 0.0000000000000E+00-1.1199201102463E+02
 3.9197203858622E+01 0.0000000000000E+00 1.1199201102463E+02-3.9197203858622E+01
 0.0000000000000E+00-3.9197203858622E+01-1.1199201102463E+02 0.0000000000000E+00
 3.9197203858622E+01 1.1199201102463E+02 0.0000000000000E+00-3.9197203858622E+01
 1.1199201102463E+02 0.0000000000000E+00 3.9197203858622E+01-1.1199201102463E+02
 0.0000000000000E+00-1.1759161157587E+02-1.6798801653695E+01 0.0000000000000E+00
 1.1759161157587E+02 1.6798801653695E+01 0.0000000000000E+00-1.1759161157587E+02
 1.6798801653695E+01 0.0000000000000E+00 1.1759161157587E+02-1.6798801653695E+01
 0.0000000000000E+00-8.3994008268475E+01-8.3994008268475E+01 0.0000000000000E+00
 8.3994008268475E+01 8.3994008268475E+01 0.0000000000000E+00-8.3994008268475E+01
 8.3994008268475E+01 0.0000000000000E+00 8.3994008268475E+01-8.3994008268475E+01
 0.0000000000000E+00-1.6798801653695E+01-1.1759161157587E+02 0.0000000000000E+00
 1.6798801653695E+01 1.1759161157587E+02 0.0000000000000E+00-1.6798801653695E+01
 1.1759161157587E+02 0.0000000000000E+00 1.6798801653695E+01-1.1759161157587E+02
 0.0000000000000E+00-8.9593608819707E+01-7.8394407717244E+01 0.0000000000000E+00
 8.9593608819707E+01 7.8394407717244E+01 0.0000000000000E+00-8.9593608819707E+01
 7.8394407717244E+01 0.0000000000000E+00 8.9593608819707E+01-7.8394407717244E+01
 0.0000000000000E+00-7.8394407717244E+01-8.9593608819707E+01 0.0000000000000E+00
 7.8394407717244E+01 8.9593608819707E+01 0.0000000000000E+00-7.8394407717244E+01
 8.9593608819707E+01 0.0000000000000E+00 7.8394407717244E+01-8.9593608819707E+01
 0.0000000000000E+00-1.1759161157587E+02-2.2398402204927E+01 0.0000000000000E+00
 1.1759161157587E+02 2.2398402204927E+01 0.0000000000000E+00-1.1759161157587E+02
 2.2398402204927E+01 0.0000000000000E+00 1.1759161157587E+02-2.2398402204927E+01
 0.0000000000000E+00-2.2398402204927E+01-1.1759161157587E+02 0.0000000000000E+00
 2.2398402204927E+01 1.1759161157587E+02 0.0000000000000E+00-2.2398402204927E+01
 1.1759161157587E+02 0.0000000000000E+00 2.2398402204927E+01-1.1759161157587E+02
 0.0000000000000E+00-9.5193209370939E+01-7.2794807166012E+01 0.0000000000000E+00
 9.5193209370939E+01 7.2794807166012E+01 0.0000000000000E+00-9.5193209370939E+01
 7.2794807166012E+01 0.0000000000000E+00 9.5193209370939E+01-7.2794807166012E+01
 0.0000000000000E+00-7.2794807166012E+01-9.5193209370939E+01 0.0000000000000E+00
 7.2794807166012E+01 9.5193209370939E+01 0.0000000000000E+00-7.2794807166012E+01
 9.5193209370939E+01 0.0000000000000E+00 7.2794807166012E+01-9.5193209370939E+01
 0.0000000000000E+00-1.0639241047340E+02-5.5996005512317E+01 0.0000000000000E+00
 1.0639241047340E+02 5.5996005512317E+01 0.0000000000000E+00-1.0639241047340E+02
 5.5996005512317E+01 0.0000000000000E+00 1.0639241047340E+02-5.5996005512317E+01
 0.0000000000000E+00-5.5996005512317E+01-1.0639241047340E+02 0.0000000000000E+00
 5.5996005512317E+01 1.0639241047340E+02 0.0000000000000E+00-5.5996005512317E+01
 1.0639241047340E+02 0.0000000000000E+00 5.5996005512317E+01-1.0639241047340E+02
 0.0000000000000E+00-1.1199201102463E+02-4.4796804409854E+01 0.0000000000000E+00
 1.1199201102463E+02 4.4796804409854E+01 0.0000000000000E+00-1.1199201102463E+02
 4.4796804409854E+01 0.0000000000000E+00 1.1199201102463E+02-4.4796804409854E+01
 0.0000000000000E+00-4.4796804409854E+01-1.1199201102463E+02 0.0000000000000E+00
 4.4796804409854E+01 1.1199201102463E+02 0.0000000000000E+00-4.4796804409854E+01
 1.1199201102463E+02 0.0000000000000E+00 4.4796804409854E+01-1.1199201102463E+02
 0.0000000000000E+00-1.1759161157587E+02-2.7998002756158E+01 0.0000000000000E+00
 1.1759161157587E+02 2.7998002756158E+01 0.0000000000000E+00-1.1759161157587E+02
 2.7998002756158E+01 0.0000000000000E+00 1.1759161157587E+02-2.7998002756158E+01
 0.0000000000000E+00-2.7998002756158E+01-1.1759161157587E+02 0.0000000000000E+00
 2.7998002756158E+01 1.1759161157587E+02 0.0000000000000E+00-2.7998002756158E+01
 1.1759161157587E+02 0.0000000000000E+00 2.7998002756158E+01-1.1759161157587E+02
 0.0000000000000E+00-1.0079280992217E+02-6.7195206614780E+01 0.0000000000000E+00
 1.0079280992217E+02 6.7195206614780E+01 0.0000000000000E+00-1.0079280992217E+02
 6.7195206614780E+01 0.0000000000000E+00 1.0079280992217E+02-6.7195206614780E+01
 0.0000000000000E+00-6.7195206614780E+01-1.0079280992217E+02 0.0000000000000E+00
 6.7195206614780E+01 1.0079280992217E+02 0.0000000000000E+00-6.7195206614780E+01
 1.0079280992217E+02 0.0000000000000E+00 6.7195206614780E+01-1.0079280992217E+02
 0.0000000000000E+00-1.1759161157587E+02-3.3597603307390E+01 0.0000000000000E+00
 1.1759161157587E+02 3.3597603307390E+01 0.0000000000000E+00-1.1759161157587E+02
 3.3597603307390E+01 0.0000000000000E+00 1.1759161157587E+02-3.3597603307390E+01
 0.0000000000000E+00-3.3597603307390E+01-1.1759161157587E+02 0.0000000000000E+00
 3.3597603307390E+01 1.1759161157587E+02 0.0000000000000E+00-3.3597603307390E+01
 1.1759161157587E+02 0.0000000000000E+00 3.3597603307390E+01-1.1759161157587E+02
 0.0000000000000E+00-1.1199201102463E+02-5.0396404961085E+01 0.0000000000000E+00
 1.1199201102463E+02 5.0396404961085E+01 0.0000000000000E+00-1.1199201102463E+02
 5.0396404961085E+01 0.0000000000000E+00 1.1199201102463E+02-5.0396404961085E+01
 0.0000000000000E+00-8.9593608819707E+01-8.3994008268475E+01 0.0000000000000E+00
 8.9593608819707E+01 8.3994008268475E+01 0.0000000000000E+00-8.9593608819707E+01
 8.3994008268475E+01 0.0000000000000E+00 8.9593608819707E+01-8.3994008268475E+01
 0.0000000000000E+00-8.3994008268475E+01-8.9593608819707E+01 0.0000000000000E+00
 8.3994008268475E+01 8.9593608819707E+01 0.0000000000000E+00-8.3994008268475E+01
 8.9593608819707E+01 0.0000000000000E+00 8.3994008268475E+01-8.9593608819707E+01
 0.0000000000000E+00-5.0396404961085E+01-1.1199201102463E+02 0.0000000000000E+00
 5.0396404961085E+01 1.1199201102463E+02 0.0000000000000E+00-5.0396404961085E+01
 1.1199201102463E+02 0.0000000000000E+00 5.0396404961085E+01-1.1199201102463E+02
 0.0000000000000E+00-1.0639241047340E+02-6.1595606063549E+01 0.0000000000000E+00
 1.0639241047340E+02 6.1595606063549E+01 0.0000000000000E+00-1.0639241047340E+02
 6.1595606063549E+01 0.0000000000000E+00 1.0639241047340E+02-6.1595606063549E+01
 0.0000000000000E+00-6.1595606063549E+01-1.0639241047340E+02 0.0000000000000E+00
 6.1595606063549E+01 1.0639241047340E+02 0.0000000000000E+00-6.1595606063549E+01
 1.0639241047340E+02 0.0000000000000E+00 6.1595606063549E+01-1.0639241047340E+02
 0.0000000000000E+00-1.2319121212710E+02 0.0000000000000E+00 0.0000000000000E+00
 1.2319121212710E+02 0.0000000000000E+00 0.0000000000000E+00 0.0000000000000E+00
-1.2319121212710E+02 0.0000000000000E+00 0.0000000000000E+00 1.2319121212710E+02
 0.0000000000000E+00-1.2319121212710E+02-5.5996005512317E+00 0.0000000000000E+00
 1.2319121212710E+02 5.5996005512317E+00 0.0000000000000E+00-1.2319121212710E+02
 5.5996005512317E+00 0.0000000000000E+00 1.2319121212710E+02-5.5996005512317E+00
 0.0000000000000E+00-9.5193209370939E+01-7.8394407717244E+01 0.0000000000000E+00
 9.5193209370939E+01 7.8394407717244E+01 0.0000000000000E+00-9.5193209370939E+01
 7.8394407717244E+01 0.0000000000000E+00 9.5193209370939E+01-7.8394407717244E+01
 0.0000000000000E+00-7.8394407717244E+01-9.5193209370939E+01 0.0000000000000E+00
 7.8394407717244E+01 9.5193209370939E+01 0.0000000000000E+00-7.8394407717244E+01
 9.5193209370939E+01 0.0000000000000E+00 7.8394407717244E+01-9.5193209370939E+01
 0.0000000000000E+00-5.5996005512317E+00-1.2319121212710E+02 0.0000000000000E+00
 5.5996005512317E+00 1.2319121212710E+02 0.0000000000000E+00-5.5996005512317E+00
 1.2319121212710E+02 0.0000000000000E+00 5.5996005512317E+00-1.2319121212710E+02
 0.0000000000000E+00-1.2319121212710E+02-1.1199201102463E+01 0.0000000000000E+00
 1.2319121212710E+02 1.1199201102463E+01 0.0000000000000E+00-1.2319121212710E+02
 1.1199201102463E+01 0.0000000000000E+00 1.2319121212710E+02-1.1199201102463E+01
 0.0000000000000E+00-1.1199201102463E+01-1.2319121212710E+02 0.0000000000000E+00
 1.1199201102463E+01 1.2319121212710E+02 0.0000000000000E+00-1.1199201102463E+01
 1.2319121212710E+02 0.0000000000000E+00 1.1199201102463E+01-1.2319121212710E+02
 0.0000000000000E+00-1.1759161157587E+02-3.9197203858622E+01 0.0000000000000E+00
 1.1759161157587E+02 3.9197203858622E+01 0.0000000000000E+00-1.1759161157587E+02
 3.9197203858622E+01 0.0000000000000E+00 1.1759161157587E+02-3.9197203858622E+01
 0.0000000000000E+00-3.9197203858622E+01-1.1759161157587E+02 0.0000000000000E+00
 3.9197203858622E+01 1.1759161157587E+02 0.0000000000000E+00-3.9197203858622E+01
 1.1759161157587E+02 0.0000000000000E+00 3.9197203858622E+01-1.1759161157587E+02
 0.0000000000000E+00-1.2319121212710E+02-1.6798801653695E+01 0.0000000000000E+00
 1.2319121212710E+02 1.6798801653695E+01 0.0000000000000E+00-1.2319121212710E+02
 1.6798801653695E+01 0.0000000000000E+00 1.2319121212710E+02-1.6798801653695E+01
 0.0000000000000E+00-1.0079280992217E+02-7.2794807166012E+01 0.0000000000000E+00
 1.0079280992217E+02 7.2794807166012E+01 0.0000000000000E+00-1.0079280992217E+02
 7.2794807166012E+01 0.0000000000000E+00 1.0079280992217E+02-7.2794807166012E+01
 0.0000000000000E+00-7.2794807166012E+01-1.0079280992217E+02 0.0000000000000E+00
 7.2794807166012E+01 1.0079280992217E+02 0.0000000000000E+00-7.2794807166012E+01
 1.0079280992217E+02 0.0000000000000E+00 7.2794807166012E+01-1.0079280992217E+02
 0.0000000000000E+00-1.6798801653695E+01-1.2319121212710E+02 0.0000000000000E+00
 1.6798801653695E+01 1.2319121212710E+02 0.0000000000000E+00-1.6798801653695E+01
 1.2319121212710E+02 0.0000000000000E+00 1.6798801653695E+01-1.2319121212710E+02
 0.0000000000000E+00-1.2319121212710E+02-2.2398402204927E+01 0.0000000000000E+00
 1.2319121212710E+02 2.2398402204927E+01 0.0000000000000E+00-1.2319121212710E+02
 2.2398402204927E+01 0.0000000000000E+00 1.2319121212710E+02-2.2398402204927E+01
 0.0000000000000E+00-1.1199201102463E+02-5.5996005512317E+01 0.0000000000000E+00
 1.1199201102463E+02 5.5996005512317E+01 0.0000000000000E+00-1.1199201102463E+02
 5.5996005512317E+01 0.0000000000000E+00 1.1199201102463E+02-5.5996005512317E+01
 0.0000000000000E+00-5.5996005512317E+01-1.1199201102463E+02 0.0000000000000E+00
 5.5996005512317E+01 1.1199201102463E+02 0.0000000000000E+00-5.5996005512317E+01
 1.1199201102463E+02 0.0000000000000E+00 5.5996005512317E+01-1.1199201102463E+02
 0.0000000000000E+00-2.2398402204927E+01-1.2319121212710E+02 0.0000000000000E+00
 2.2398402204927E+01 1.2319121212710E+02 0.0000000000000E+00-2.2398402204927E+01
 1.2319121212710E+02 0.0000000000000E+00 2.2398402204927E+01-1.2319121212710E+02
 0.0000000000000E+00-1.1759161157587E+02-4.4796804409854E+01 0.0000000000000E+00
 1.1759161157587E+02 4.4796804409854E+01 0.0000000000000E+00-1.1759161157587E+02
 4.4796804409854E+01 0.0000000000000E+00 1.1759161157587E+02-4.4796804409854E+01
 0.0000000000000E+00-1.0639241047340E+02-6.7195206614780E+01 0.0000000000000E+00
 1.0639241047340E+02 6.7195206614780E+01 0.0000000000000E+00-1.0639241047340E+02
 6.7195206614780E+01 0.0000000000000E+00 1.0639241047340E+02-6.7195206614780E+01
 0.0000000000000E+00-6.7195206614780E+01-1.0639241047340E+02 0.0000000000000E+00
 6.7195206614780E+01 1.0639241047340E+02 0.0000000000000E+00-6.7195206614780E+01
 1.0639241047340E+02 0.0000000000000E+00 6.7195206614780E+01-1.0639241047340E+02
 0.0000000000000E+00-4.4796804409854E+01-1.1759161157587E+02 0.0000000000000E+00
 4.4796804409854E+01 1.1759161157587E+02 0.0000000000000E+00-4.4796804409854E+01
 1.1759161157587E+02 0.0000000000000E+00 4.4796804409854E+01-1.1759161157587E+02
 0.0000000000000E+00-1.2319121212710E+02-2.7998002756158E+01 0.0000000000000E+00
 1.2319121212710E+02 2.7998002756158E+01 0.0000000000000E+00-1.2319121212710E+02
 2.7998002756158E+01 0.0000000000000E+00 1.2319121212710E+02-2.7998002756158E+01
 0.0000000000000E+00-2.7998002756158E+01-1.2319121212710E+02 0.0000000000000E+00
 2.7998002756158E+01 1.2319121212710E+02 0.0000000000000E+00-2.7998002756158E+01
 1.2319121212710E+02 0.0000000000000E+00 2.7998002756158E+01-1.2319121212710E+02
 0.0000000000000E+00-8.9593608819707E+01-8.9593608819707E+01 0.0000000000000E+00
 8.9593608819707E+01 8.9593608819707E+01 0.0000000000000E+00-8.9593608819707E+01
 8.9593608819707E+01 0.0000000000000E+00 8.9593608819707E+01-8.9593608819707E+01
 0.0000000000000E+00-9.5193209370939E+01-8.3994008268475E+01 0.0000000000000E+00
 9.5193209370939E+01 8.3994008268475E+01 0.0000000000000E+00-9.5193209370939E+01
 8.3994008268475E+01 0.0000000000000E+00 9.5193209370939E+01-8.3994008268475E+01
 0.0000000000000E+00-8.3994008268475E+01-9.5193209370939E+01 0.0000000000000E+00
 8.3994008268475E+01 9.5193209370939E+01 0.0000000000000E+00-8.3994008268475E+01
 9.5193209370939E+01 0.0000000000000E+00 8.3994008268475E+01-9.5193209370939E+01
 0.0000000000000E+00-1.2319121212710E+02-3.3597603307390E+01 0.0000000000000E+00
 1.2319121212710E+02 3.3597603307390E+01 0.0000000000000E+00-1.2319121212710E+02
 3.3597603307390E+01 0.0000000000000E+00 1.2319121212710E+02-3.3597603307390E+01
 0.0000000000000E+00-1.0079280992217E+02-7.8394407717244E+01 0.0000000000000E+00
 1.0079280992217E+02 7.8394407717244E+01 0.0000000000000E+00-1.0079280992217E+02
 7.8394407717244E+01 0.0000000000000E+00 1.0079280992217E+02-7.8394407717244E+01
 0.0000000000000E+00-7.8394407717244E+01-1.0079280992217E+02 0.0000000000000E+00
 7.8394407717244E+01 1.0079280992217E+02 0.0000000000000E+00-7.8394407717244E+01
 1.0079280992217E+02 0.0000000000000E+00 7.8394407717244E+01-1.0079280992217E+02
 0.0000000000000E+00-3.3597603307390E+01-1.2319121212710E+02 0.0000000000000E+00
 3.3597603307390E+01 1.2319121212710E+02 0.0000000000000E+00-3.3597603307390E+01
 1.2319121212710E+02 0.0000000000000E+00 3.3597603307390E+01-1.2319121212710E+02
 0.0000000000000E+00-1.1199201102463E+02-6.1595606063549E+01 0.0000000000000E+00
 1.1199201102463E+02 6.1595606063549E+01 0.0000000000000E+00-1.1199201102463E+02
 6.1595606063549E+01 0.0000000000000E+00 1.1199201102463E+02-6.1595606063549E+01
 0.0000000000000E+00-6.1595606063549E+01-1.1199201102463E+02 0.0000000000000E+00
 6.1595606063549E+01 1.1199201102463E+02 0.0000000000000E+00-6.1595606063549E+01
 1.1199201102463E+02 0.0000000000000E+00 6.1595606063549E+01-1.1199201102463E+02
 0.0000000000000E+00-1.1759161157587E+02-5.0396404961085E+01 0.0000000000000E+00
 1.1759161157587E+02 5.0396404961085E+01 0.0000000000000E+00-1.1759161157587E+02
 5.0396404961085E+01 0.0000000000000E+00 1.1759161157587E+02-5.0396404961085E+01
 0.0000000000000E+00-5.0396404961085E+01-1.1759161157587E+02 0.0000000000000E+00
 5.0396404961085E+01 1.1759161157587E+02 0.0000000000000E+00-5.0396404961085E+01
 1.1759161157587E+02 0.0000000000000E+00 5.0396404961085E+01-1.1759161157587E+02
 0.0000000000000E+00-1.2879081267833E+02 0.0000000000000E+00 0.0000000000000E+00
 1.2879081267833E+02 0.0000000000000E+00 0.0000000000000E+00 0.0000000000000E+00
-1.2879081267833E+02 0.0000000000000E+00 0.0000000000000E+00 1.2879081267833E+02
 0.0000000000000E+00-1.2879081267833E+02-5.5996005512317E+00 0.0000000000000E+00
 1.2879081267833E+02 5.5996005512317E+00 0.0000000000000E+00-1.2879081267833E+02
 5.5996005512317E+00 0.0000000000000E+00 1.2879081267833E+02-5.5996005512317E+00
 0.0000000000000E+00-1.0639241047340E+02-7.2794807166012E+01 0.0000000000000E+00
 1.0639241047340E+02 7.2794807166012E+01 0.0000000000000E+00-1.0639241047340E+02
 7.2794807166012E+01 0.0000000000000E+00 1.0639241047340E+02-7.2794807166012E+01
 0.0000000000000E+00-7.2794807166012E+01-1.0639241047340E+02 0.0000000000000E+00
 7.2794807166012E+01 1.0639241047340E+02 0.0000000000000E+00-7.2794807166012E+01
 1.0639241047340E+02 0.0000000000000E+00 7.2794807166012E+01-1.0639241047340E+02
 0.0000000000000E+00-5.5996005512317E+00-1.2879081267833E+02 0.0000000000000E+00
 5.5996005512317E+00 1.2879081267833E+02 0.0000000000000E+00-5.5996005512317E+00
 1.2879081267833E+02 0.0000000000000E+00 5.5996005512317E+00-1.2879081267833E+02
 0.0000000000000E+00-1.2879081267833E+02-1.1199201102463E+01 0.0000000000000E+00
 1.2879081267833E+02 1.1199201102463E+01 0.0000000000000E+00-1.2879081267833E+02
 1.1199201102463E+01 0.0000000000000E+00 1.2879081267833E+02-1.1199201102463E+01
 0.0000000000000E+00-1.2319121212710E+02-3.9197203858622E+01 0.0000000000000E+00
 1.2319121212710E+02 3.9197203858622E+01 0.0000000000000E+00-1.2319121212710E+02
 3.9197203858622E+01 0.0000000000000E+00 1.2319121212710E+02-3.9197203858622E+01
 0.0000000000000E+00-3.9197203858622E+01-1.2319121212710E+02 0.0000000000000E+00
 3.9197203858622E+01 1.2319121212710E+02 0.0000000000000E+00-3.9197203858622E+01
 1.2319121212710E+02 0.0000000000000E+00 3.9197203858622E+01-1.2319121212710E+02
 0.0000000000000E+00-1.1199201102463E+01-1.2879081267833E+02 0.0000000000000E+00
 1.1199201102463E+01 1.2879081267833E+02 0.0000000000000E+00-1.1199201102463E+01
 1.2879081267833E+02 0.0000000000000E+00 1.1199201102463E+01-1.2879081267833E+02
 0.0000000000000E+00-1.2879081267833E+02-1.6798801653695E+01 0.0000000000000E+00
 1.2879081267833E+02 1.6798801653695E+01 0.0000000000000E+00-1.2879081267833E+02
 1.6798801653695E+01 0.0000000000000E+00 1.2879081267833E+02-1.6798801653695E+01
 0.0000000000000E+00-1.6798801653695E+01-1.2879081267833E+02 0.0000000000000E+00
 1.6798801653695E+01 1.2879081267833E+02 0.0000000000000E+00-1.6798801653695E+01
 1.2879081267833E+02 0.0000000000000E+00 1.6798801653695E+01-1.2879081267833E+02
 0.0000000000000E+00-1.1759161157587E+02-5.5996005512317E+01 0.0000000000000E+00
 1.1759161157587E+02 5.5996005512317E+01 0.0000000000000E+00-1.1759161157587E+02
 5.5996005512317E+01 0.0000000000000E+00 1.1759161157587E+02-5.5996005512317E+01
 0.0000000000000E+00-5.5996005512317E+01-1.1759161157587E+02 0.0000000000000E+00
 5.5996005512317E+01 1.1759161157587E+02 0.0000000000000E+00-5.5996005512317E+01
 1.1759161157587E+02 0.0000000000000E+00 5.5996005512317E+01-1.1759161157587E+02
 0.0000000000000E+00-1.1199201102463E+02-6.7195206614780E+01 0.0000000000000E+00
 1.1199201102463E+02 6.7195206614780E+01 0.0000000000000E+00-1.1199201102463E+02
 6.7195206614780E+01 0.0000000000000E+00 1.1199201102463E+02-6.7195206614780E+01
 0.0000000000000E+00-6.7195206614780E+01-1.1199201102463E+02 0.0000000000000E+00
 6.7195206614780E+01 1.1199201102463E+02 0.0000000000000E+00-6.7195206614780E+01
 1.1199201102463E+02 0.0000000000000E+00 6.7195206614780E+01-1.1199201102463E+02
 0.0000000000000E+00-1.2879081267833E+02-2.2398402204927E+01 0.0000000000000E+00
 1.2879081267833E+02 2.2398402204927E+01 0.0000000000000E+00-1.2879081267833E+02
 2.2398402204927E+01 0.0000000000000E+00 1.2879081267833E+02-2.2398402204927E+01
 0.0000000000000E+00-9.5193209370939E+01-8.9593608819707E+01 0.0000000000000E+00
 9.5193209370939E+01 8.9593608819707E+01 0.0000000000000E+00-9.5193209370939E+01
 8.9593608819707E+01 0.0000000000000E+00 9.5193209370939E+01-8.9593608819707E+01
 0.0000000000000E+00-8.9593608819707E+01-9.5193209370939E+01 0.0000000000000E+00
 8.9593608819707E+01 9.5193209370939E+01 0.0000000000000E+00-8.9593608819707E+01
 9.5193209370939E+01 0.0000000000000E+00 8.9593608819707E+01-9.5193209370939E+01
 0.0000000000000E+00-2.2398402204927E+01-1.2879081267833E+02 0.0000000000000E+00
 2.2398402204927E+01 1.2879081267833E+02 0.0000000000000E+00-2.2398402204927E+01
 1.2879081267833E+02 0.0000000000000E+00 2.2398402204927E+01-1.2879081267833E+02
 0.0000000000000E+00-1.2319121212710E+02-4.4796804409854E+01 0.0000000000000E+00
 1.2319121212710E+02 4.4796804409854E+01 0.0000000000000E+00-1.2319121212710E+02
 4.4796804409854E+01 0.0000000000000E+00 1.2319121212710E+02-4.4796804409854E+01
 0.0000000000000E+00-4.4796804409854E+01-1.2319121212710E+02 0.0000000000000E+00
 4.4796804409854E+01 1.2319121212710E+02 0.0000000000000E+00-4.4796804409854E+01
 1.2319121212710E+02 0.0000000000000E+00 4.4796804409854E+01-1.2319121212710E+02
 0.0000000000000E+00-1.0079280992217E+02-8.3994008268475E+01 0.0000000000000E+00
 1.0079280992217E+02 8.3994008268475E+01 0.0000000000000E+00-1.0079280992217E+02
 8.3994008268475E+01 0.0000000000000E+00 1.0079280992217E+02-8.3994008268475E+01
 0.0000000000000E+00-8.3994008268475E+01-1.0079280992217E+02 0.0000000000000E+00
 8.3994008268475E+01 1.0079280992217E+02 0.0000000000000E+00-8.3994008268475E+01
 1.0079280992217E+02 0.0000000000000E+00 8.3994008268475E+01-1.0079280992217E+02
 0.0000000000000E+00-1.2879081267833E+02-2.7998002756158E+01 0.0000000000000E+00
 1.2879081267833E+02 2.7998002756158E+01 0.0000000000000E+00-1.2879081267833E+02
 2.7998002756158E+01 0.0000000000000E+00 1.2879081267833E+02-2.7998002756158E+01
 0.0000000000000E+00-2.7998002756158E+01-1.2879081267833E+02 0.0000000000000E+00
 2.7998002756158E+01 1.2879081267833E+02 0.0000000000000E+00-2.7998002756158E+01
 1.2879081267833E+02 0.0000000000000E+00 2.7998002756158E+01-1.2879081267833E+02
 0.0000000000000E+00-1.0639241047340E+02-7.8394407717244E+01 0.0000000000000E+00
 1.0639241047340E+02 7.8394407717244E+01 0.0000000000000E+00-1.0639241047340E+02
 7.8394407717244E+01 0.0000000000000E+00 1.0639241047340E+02-7.8394407717244E+01
 0.0000000000000E+00-7.8394407717244E+01-1.0639241047340E+02 0.0000000000000E+00
 7.8394407717244E+01 1.0639241047340E+02 0.0000000000000E+00-7.8394407717244E+01
 1.0639241047340E+02 0.0000000000000E+00 7.8394407717244E+01-1.0639241047340E+02
 0.0000000000000E+00-1.1759161157587E+02-6.1595606063549E+01 0.0000000000000E+00
 1.1759161157587E+02 6.1595606063549E+01 0.0000000000000E+00-1.1759161157587E+02
 6.1595606063549E+01 0.0000000000000E+00 1.1759161157587E+02-6.1595606063549E+01
 0.0000000000000E+00-6.1595606063549E+01-1.1759161157587E+02 0.0000000000000E+00
 6.1595606063549E+01 1.1759161157587E+02 0.0000000000000E+00-6.1595606063549E+01
 1.1759161157587E+02 0.0000000000000E+00 6.1595606063549E+01-1.1759161157587E+02
 0.0000000000000E+00-1.2879081267833E+02-3.3597603307390E+01 0.0000000000000E+00
 1.2879081267833E+02 3.3597603307390E+01 0.0000000000000E+00-1.2879081267833E+02
 3.3597603307390E+01 0.0000000000000E+00 1.2879081267833E+02-3.3597603307390E+01
 0.0000000000000E+00-1.2319121212710E+02-5.0396404961085E+01 0.0000000000000E+00
 1.2319121212710E+02 5.0396404961085E+01 0.0000000000000E+00-1.2319121212710E+02
 5.0396404961085E+01 0.0000000000000E+00 1.2319121212710E+02-5.0396404961085E+01
 0.0000000000000E+00-5.0396404961085E+01-1.2319121212710E+02 0.0000000000000E+00
 5.0396404961085E+01 1.2319121212710E+02 0.0000000000000E+00-5.0396404961085E+01
 1.2319121212710E+02 0.0000000000000E+00 5.0396404961085E+01-1.2319121212710E+02
 0.0000000000000E+00-3.3597603307390E+01-1.2879081267833E+02 0.0000000000000E+00
 3.3597603307390E+01 1.2879081267833E+02 0.0000000000000E+00-3.3597603307390E+01
 1.2879081267833E+02 0.0000000000000E+00 3.3597603307390E+01-1.2879081267833E+02
 0.0000000000000E+00-1.1199201102463E+02-7.2794807166012E+01 0.0000000000000E+00
 1.1199201102463E+02 7.2794807166012E+01 0.0000000000000E+00-1.1199201102463E+02
 7.2794807166012E+01 0.0000000000000E+00 1.1199201102463E+02-7.2794807166012E+01
 0.0000000000000E+00-7.2794807166012E+01-1.1199201102463E+02 0.0000000000000E+00
 7.2794807166012E+01 1.1199201102463E+02 0.0000000000000E+00-7.2794807166012E+01
 1.1199201102463E+02 0.0000000000000E+00 7.2794807166012E+01-1.1199201102463E+02
 0.0000000000000E+00-1.3439041322956E+02 0.0000000000000E+00 0.0000000000000E+00
 1.3439041322956E+02 0.0000000000000E+00 0.0000000000000E+00 0.0000000000000E+00
-1.3439041322956E+02 0.0000000000000E+00 0.0000000000000E+00 1.3439041322956E+02
 0.0000000000000E+00-1.3439041322956E+02-5.5996005512317E+00 0.0000000000000E+00
 1.3439041322956E+02 5.5996005512317E+00 0.0000000000000E+00-1.3439041322956E+02
 5.5996005512317E+00 0.0000000000000E+00 1.3439041322956E+02-5.5996005512317E+00
 0.0000000000000E+00-5.5996005512317E+00-1.3439041322956E+02 0.0000000000000E+00
 5.5996005512317E+00 1.3439041322956E+02 0.0000000000000E+00-5.5996005512317E+00
 1.3439041322956E+02 0.0000000000000E+00 5.5996005512317E+00-1.3439041322956E+02
 0.0000000000000E+00-1.2879081267833E+02-3.9197203858622E+01 0.0000000000000E+00
 1.2879081267833E+02 3.9197203858622E+01 0.0000000000000E+00-1.2879081267833E+02
 3.9197203858622E+01 0.0000000000000E+00 1.2879081267833E+02-3.9197203858622E+01
 0.0000000000000E+00-9.5193209370939E+01-9.5193209370939E+01 0.0000000000000E+00
 9.5193209370939E+01 9.5193209370939E+01 0.0000000000000E+00-9.5193209370939E+01
 9.5193209370939E+01 0.0000000000000E+00 9.5193209370939E+01-9.5193209370939E+01
 0.0000000000000E+00-3.9197203858622E+01-1.2879081267833E+02 0.0000000000000E+00
 3.9197203858622E+01 1.2879081267833E+02 0.0000000000000E+00-3.9197203858622E+01
 1.2879081267833E+02 0.0000000000000E+00 3.9197203858622E+01-1.2879081267833E+02
 0.0000000000000E+00-1.3439041322956E+02-1.1199201102463E+01 0.0000000000000E+00
 1.3439041322956E+02 1.1199201102463E+01 0.0000000000000E+00-1.3439041322956E+02
 1.1199201102463E+01 0.0000000000000E+00 1.3439041322956E+02-1.1199201102463E+01
 0.0000000000000E+00-1.0079280992217E+02-8.9593608819707E+01 0.0000000000000E+00
 1.0079280992217E+02 8.9593608819707E+01 0.0000000000000E+00-1.0079280992217E+02
 8.9593608819707E+01 0.0000000000000E+00 1.0079280992217E+02-8.9593608819707E+01
 0.0000000000000E+00-8.9593608819707E+01-1.0079280992217E+02 0.0000000000000E+00
 8.9593608819707E+01 1.0079280992217E+02 0.0000000000000E+00-8.9593608819707E+01
 1.0079280992217E+02 0.0000000000000E+00 8.9593608819707E+01-1.0079280992217E+02
 0.0000000000000E+00-1.1199201102463E+01-1.3439041322956E+02 0.0000000000000E+00
 1.1199201102463E+01 1.3439041322956E+02 0.0000000000000E+00-1.1199201102463E+01
 1.3439041322956E+02 0.0000000000000E+00 1.1199201102463E+01-1.3439041322956E+02
 0.0000000000000E+00-1.2319121212710E+02-5.5996005512317E+01 0.0000000000000E+00
 1.2319121212710E+02 5.5996005512317E+01 0.0000000000000E+00-1.2319121212710E+02
 5.5996005512317E+01 0.0000000000000E+00 1.2319121212710E+02-5.5996005512317E+01
 0.0000000000000E+00-5.5996005512317E+01-1.2319121212710E+02 0.0000000000000E+00
 5.5996005512317E+01 1.2319121212710E+02 0.0000000000000E+00-5.5996005512317E+01
 1.2319121212710E+02 0.0000000000000E+00 5.5996005512317E+01-1.2319121212710E+02
 0.0000000000000E+00-1.3439041322956E+02-1.6798801653695E+01 0.0000000000000E+00
 1.3439041322956E+02 1.6798801653695E+01 0.0000000000000E+00-1.3439041322956E+02
 1.6798801653695E+01 0.0000000000000E+00 1.3439041322956E+02-1.6798801653695E+01
 0.0000000000000E+00-1.1759161157587E+02-6.7195206614780E+01 0.0000000000000E+00
 1.1759161157587E+02 6.7195206614780E+01 0.0000000000000E+00-1.1759161157587E+02
 6.7195206614780E+01 0.0000000000000E+00 1.1759161157587E+02-6.7195206614780E+01
 0.0000000000000E+00-6.7195206614780E+01-1.1759161157587E+02 0.0000000000000E+00
 6.7195206614780E+01 1.1759161157587E+02 0.0000000000000E+00-6.7195206614780E+01
 1.1759161157587E+02 0.0000000000000E+00 6.7195206614780E+01-1.1759161157587E+02
 0.0000000000000E+00-1.6798801653695E+01-1.3439041322956E+02 0.0000000000000E+00
 1.6798801653695E+01 1.3439041322956E+02 0.0000000000000E+00-1.6798801653695E+01
 1.3439041322956E+02 0.0000000000000E+00 1.6798801653695E+01-1.3439041322956E+02
 0.0000000000000E+00-1.0639241047340E+02-8.3994008268475E+01 0.0000000000000E+00
 1.0639241047340E+02 8.3994008268475E+01 0.0000000000000E+00-1.0639241047340E+02
 8.3994008268475E+01 0.0000000000000E+00 1.0639241047340E+02-8.3994008268475E+01
 0.0000000000000E+00-8.3994008268475E+01-1.0639241047340E+02 0.0000000000000E+00
 8.3994008268475E+01 1.0639241047340E+02 0.0000000000000E+00-8.3994008268475E+01
 1.0639241047340E+02 0.0000000000000E+00 8.3994008268475E+01-1.0639241047340E+02
 0.0000000000000E+00-1.3439041322956E+02-2.2398402204927E+01 0.0000000000000E+00
 1.3439041322956E+02 2.2398402204927E+01 0.0000000000000E+00-1.3439041322956E+02
 2.2398402204927E+01 0.0000000000000E+00 1.3439041322956E+02-2.2398402204927E+01
 0.0000000000000E+00-2.2398402204927E+01-1.3439041322956E+02 0.0000000000000E+00
 2.2398402204927E+01 1.3439041322956E+02 0.0000000000000E+00-2.2398402204927E+01
 1.3439041322956E+02 0.0000000000000E+00 2.2398402204927E+01-1.3439041322956E+02
 0.0000000000000E+00-1.2879081267833E+02-4.4796804409854E+01 0.0000000000000E+00
 1.2879081267833E+02 4.4796804409854E+01 0.0000000000000E+00-1.2879081267833E+02
 4.4796804409854E+01 0.0000000000000E+00 1.2879081267833E+02-4.4796804409854E+01
 0.0000000000000E+00-4.4796804409854E+01-1.2879081267833E+02 0.0000000000000E+00
 4.4796804409854E+01 1.2879081267833E+02 0.0000000000000E+00-4.4796804409854E+01
 1.2879081267833E+02 0.0000000000000E+00 4.4796804409854E+01-1.2879081267833E+02
 0.0000000000000E+00-1.1199201102463E+02-7.8394407717244E+01 0.0000000000000E+00
 1.1199201102463E+02 7.8394407717244E+01 0.0000000000000E+00-1.1199201102463E+02
 7.8394407717244E+01 0.0000000000000E+00 1.1199201102463E+02-7.8394407717244E+01
 0.0000000000000E+00-7.8394407717244E+01-1.1199201102463E+02 0.0000000000000E+00
 7.8394407717244E+01 1.1199201102463E+02 0.0000000000000E+00-7.8394407717244E+01
 1.1199201102463E+02 0.0000000000000E+00 7.8394407717244E+01-1.1199201102463E+02
 0.0000000000000E+00-1.3439041322956E+02-2.7998002756158E+01 0.0000000000000E+00
 1.3439041322956E+02 2.7998002756158E+01 0.0000000000000E+00-1.3439041322956E+02
 2.7998002756158E+01 0.0000000000000E+00 1.3439041322956E+02-2.7998002756158E+01
 0.0000000000000E+00-2.7998002756158E+01-1.3439041322956E+02 0.0000000000000E+00
 2.7998002756158E+01 1.3439041322956E+02 0.0000000000000E+00-2.7998002756158E+01
 1.3439041322956E+02 0.0000000000000E+00 2.7998002756158E+01-1.3439041322956E+02
 0.0000000000000E+00-1.2319121212710E+02-6.1595606063549E+01 0.0000000000000E+00
 1.2319121212710E+02 6.1595606063549E+01 0.0000000000000E+00-1.2319121212710E+02
 6.1595606063549E+01 0.0000000000000E+00 1.2319121212710E+02-6.1595606063549E+01
 0.0000000000000E+00-6.1595606063549E+01-1.2319121212710E+02 0.0000000000000E+00
 6.1595606063549E+01 1.2319121212710E+02 0.0000000000000E+00-6.1595606063549E+01
 1.2319121212710E+02 0.0000000000000E+00 6.1595606063549E+01-1.2319121212710E+02
 0.0000000000000E+00-1.2879081267833E+02-5.0396404961085E+01 0.0000000000000E+00
 1.2879081267833E+02 5.0396404961085E+01 0.0000000000000E+00-1.2879081267833E+02
 5.0396404961085E+01 0.0000000000000E+00 1.2879081267833E+02-5.0396404961085E+01
 0.0000000000000E+00-1.1759161157587E+02-7.2794807166012E+01 0.0000000000000E+00
 1.1759161157587E+02 7.2794807166012E+01 0.0000000000000E+00-1.1759161157587E+02
 7.2794807166012E+01 0.0000000000000E+00 1.1759161157587E+02-7.2794807166012E+01
 0.0000000000000E+00-7.2794807166012E+01-1.1759161157587E+02 0.0000000000000E+00
 7.2794807166012E+01 1.1759161157587E+02 0.0000000000000E+00-7.2794807166012E+01
 1.1759161157587E+02 0.0000000000000E+00 7.2794807166012E+01-1.1759161157587E+02
 0.0000000000000E+00-5.0396404961085E+01-1.2879081267833E+02 0.0000000000000E+00
 5.0396404961085E+01 1.2879081267833E+02 0.0000000000000E+00-5.0396404961085E+01
 1.2879081267833E+02 0.0000000000000E+00 5.0396404961085E+01-1.2879081267833E+02
 0.0000000000000E+00-1.3439041322956E+02-3.3597603307390E+01 0.0000000000000E+00
 1.3439041322956E+02 3.3597603307390E+01 0.0000000000000E+00-1.3439041322956E+02
 3.3597603307390E+01 0.0000000000000E+00 1.3439041322956E+02-3.3597603307390E+01
 0.0000000000000E+00-3.3597603307390E+01-1.3439041322956E+02 0.0000000000000E+00
 3.3597603307390E+01 1.3439041322956E+02 0.0000000000000E+00-3.3597603307390E+01
 1.3439041322956E+02 0.0000000000000E+00 3.3597603307390E+01-1.3439041322956E+02
 0.0000000000000E+00-1.0079280992217E+02-9.5193209370939E+01 0.0000000000000E+00
 1.0079280992217E+02 9.5193209370939E+01 0.0000000000000E+00-1.0079280992217E+02
 9.5193209370939E+01 0.0000000000000E+00 1.0079280992217E+02-9.5193209370939E+01
 0.0000000000000E+00-9.5193209370939E+01-1.0079280992217E+02 0.0000000000000E+00
 9.5193209370939E+01 1.0079280992217E+02 0.0000000000000E+00-9.5193209370939E+01
 1.0079280992217E+02 0.0000000000000E+00 9.5193209370939E+01-1.0079280992217E+02
 0.0000000000000E+00-1.0639241047340E+02-8.9593608819707E+01 0.0000000000000E+00
 1.0639241047340E+02 8.9593608819707E+01 0.0000000000000E+00-1.0639241047340E+02
 8.9593608819707E+01 0.0000000000000E+00 1.0639241047340E+02-8.9593608819707E+01
 0.0000000000000E+00-8.9593608819707E+01-1.0639241047340E+02 0.0000000000000E+00
 8.9593608819707E+01 1.0639241047340E+02 0.0000000000000E+00-8.9593608819707E+01
 1.0639241047340E+02 0.0000000000000E+00 8.9593608819707E+01-1.0639241047340E+02
 0.0000000000000E+00-1.3999001378079E+02 0.0000000000000E+00 0.0000000000000E+00
 1.3999001378079E+02 0.0000000000000E+00 0.0000000000000E+00-1.3439041322956E+02
-3.9197203858622E+01 0.0000000000000E+00 1.3439041322956E+02 3.9197203858622E+01
 0.0000000000000E+00-1.3439041322956E+02 3.9197203858622E+01 0.0000000000000E+00
 1.3439041322956E+02-3.9197203858622E+01 0.0000000000000E+00-1.1199201102463E+02
-8.3994008268475E+01 0.0000000000000E+00 1.1199201102463E+02 8.3994008268475E+01
 0.0000000000000E+00-1.1199201102463E+02 8.3994008268475E+01 0.0000000000000E+00
 1.1199201102463E+02-8.3994008268475E+01 0.0000000000000E+00-8.3994008268475E+01
-1.1199201102463E+02 0.0000000000000E+00 8.3994008268475E+01 1.1199201102463E+02
 0.0000000000000E+00-8.3994008268475E+01 1.1199201102463E+02 0.0000000000000E+00
 8.3994008268475E+01-1.1199201102463E+02 0.0000000000000E+00-3.9197203858622E+01
-1.3439041322956E+02 0.0000000000000E+00 3.9197203858622E+01 1.3439041322956E+02
 0.0000000000000E+00-3.9197203858622E+01 1.3439041322956E+02 0.0000000000000E+00
 3.9197203858622E+01-1.3439041322956E+02 0.0000000000000E+00 0.0000000000000E+00
-1.3999001378079E+02 0.0000000000000E+00 0.0000000000000E+00 1.3999001378079E+02
 0.0000000000000E+00-1.3999001378079E+02-5.5996005512317E+00 0.0000000000000E+00
 1.3999001378079E+02 5.5996005512317E+00 0.0000000000000E+00-1.3999001378079E+02
 5.5996005512317E+00 0.0000000000000E+00 1.3999001378079E+02-5.5996005512317E+00
 0.0000000000000E+00-5.5996005512317E+00-1.3999001378079E+02 0.0000000000000E+00
 5.5996005512317E+00 1.3999001378079E+02 0.0000000000000E+00-5.5996005512317E+00
 1.3999001378079E+02 0.0000000000000E+00 5.5996005512317E+00-1.3999001378079E+02
 0.0000000000000E+00-1.2319121212710E+02-6.7195206614780E+01 0.0000000000000E+00
 1.2319121212710E+02 6.7195206614780E+01 0.0000000000000E+00-1.2319121212710E+02
 6.7195206614780E+01 0.0000000000000E+00 1.2319121212710E+02-6.7195206614780E+01
 0.0000000000000E+00-6.7195206614780E+01-1.2319121212710E+02 0.0000000000000E+00
 6.7195206614780E+01 1.2319121212710E+02 0.0000000000000E+00-6.7195206614780E+01
 1.2319121212710E+02 0.0000000000000E+00 6.7195206614780E+01-1.2319121212710E+02
 0.0000000000000E+00-1.3999001378079E+02-1.1199201102463E+01 0.0000000000000E+00
 1.3999001378079E+02 1.1199201102463E+01 0.0000000000000E+00-1.3999001378079E+02
 1.1199201102463E+01 0.0000000000000E+00 1.3999001378079E+02-1.1199201102463E+01
 0.0000000000000E+00-1.2879081267833E+02-5.5996005512317E+01 0.0000000000000E+00
 1.2879081267833E+02 5.5996005512317E+01 0.0000000000000E+00-1.2879081267833E+02
 5.5996005512317E+01 0.0000000000000E+00 1.2879081267833E+02-5.5996005512317E+01
 0.0000000000000E+00-5.5996005512317E+01-1.2879081267833E+02 0.0000000000000E+00
 5.5996005512317E+01 1.2879081267833E+02 0.0000000000000E+00-5.5996005512317E+01
 1.2879081267833E+02 0.0000000000000E+00 5.5996005512317E+01-1.2879081267833E+02
 0.0000000000000E+00-1.1199201102463E+01-1.3999001378079E+02 0.0000000000000E+00
 1.1199201102463E+01 1.3999001378079E+02 0.0000000000000E+00-1.1199201102463E+01
 1.3999001378079E+02 0.0000000000000E+00 1.1199201102463E+01-1.3999001378079E+02
 0.0000000000000E+00-1.3999001378079E+02-1.6798801653695E+01 0.0000000000000E+00
 1.3999001378079E+02 1.6798801653695E+01 0.0000000000000E+00-1.3999001378079E+02
 1.6798801653695E+01 0.0000000000000E+00 1.3999001378079E+02-1.6798801653695E+01
 0.0000000000000E+00-1.6798801653695E+01-1.3999001378079E+02 0.0000000000000E+00
 1.6798801653695E+01 1.3999001378079E+02 0.0000000000000E+00-1.6798801653695E+01
 1.3999001378079E+02 0.0000000000000E+00 1.6798801653695E+01-1.3999001378079E+02
 0.0000000000000E+00-1.1759161157587E+02-7.8394407717244E+01 0.0000000000000E+00
 1.1759161157587E+02 7.8394407717244E+01 0.0000000000000E+00-1.1759161157587E+02
 7.8394407717244E+01 0.0000000000000E+00 1.1759161157587E+02-7.8394407717244E+01
 0.0000000000000E+00-7.8394407717244E+01-1.1759161157587E+02 0.0000000000000E+00
 7.8394407717244E+01 1.1759161157587E+02 0.0000000000000E+00-7.8394407717244E+01
 1.1759161157587E+02 0.0000000000000E+00 7.8394407717244E+01-1.1759161157587E+02
 0.0000000000000E+00-1.3439041322956E+02-4.4796804409854E+01 0.0000000000000E+00
 1.3439041322956E+02 4.4796804409854E+01 0.0000000000000E+00-1.3439041322956E+02
 4.4796804409854E+01 0.0000000000000E+00 1.3439041322956E+02-4.4796804409854E+01
 0.0000000000000E+00-4.4796804409854E+01-1.3439041322956E+02 0.0000000000000E+00
 4.4796804409854E+01 1.3439041322956E+02 0.0000000000000E+00-4.4796804409854E+01
 1.3439041322956E+02 0.0000000000000E+00 4.4796804409854E+01-1.3439041322956E+02
 0.0000000000000E+00-1.3999001378079E+02-2.2398402204927E+01 0.0000000000000E+00
 1.3999001378079E+02 2.2398402204927E+01 0.0000000000000E+00-1.3999001378079E+02
 2.2398402204927E+01 0.0000000000000E+00 1.3999001378079E+02-2.2398402204927E+01
 0.0000000000000E+00-2.2398402204927E+01-1.3999001378079E+02 0.0000000000000E+00
 2.2398402204927E+01 1.3999001378079E+02 0.0000000000000E+00-2.2398402204927E+01
 1.3999001378079E+02 0.0000000000000E+00 2.2398402204927E+01-1.3999001378079E+02
 0.0000000000000E+00-1.0079280992217E+02-1.0079280992217E+02 0.0000000000000E+00
 1.0079280992217E+02 1.0079280992217E+02 0.0000000000000E+00-1.0079280992217E+02
 1.0079280992217E+02 0.0000000000000E+00 1.0079280992217E+02-1.0079280992217E+02
 0.0000000000000E+00-1.3999001378079E+02-2.7998002756158E+01 0.0000000000000E+00
 1.3999001378079E+02 2.7998002756158E+01 0.0000000000000E+00-1.3999001378079E+02
 2.7998002756158E+01 0.0000000000000E+00 1.3999001378079E+02-2.7998002756158E+01
 0.0000000000000E+00-1.2879081267833E+02-6.1595606063549E+01 0.0000000000000E+00
 1.2879081267833E+02 6.1595606063549E+01 0.0000000000000E+00-1.2879081267833E+02
 6.1595606063549E+01 0.0000000000000E+00 1.2879081267833E+02-6.1595606063549E+01
 0.0000000000000E+00-1.0639241047340E+02-9.5193209370939E+01 0.0000000000000E+00
 1.0639241047340E+02 9.5193209370939E+01 0.0000000000000E+00-1.0639241047340E+02
 9.5193209370939E+01 0.0000000000000E+00 1.0639241047340E+02-9.5193209370939E+01
 0.0000000000000E+00-9.5193209370939E+01-1.0639241047340E+02 0.0000000000000E+00
 9.5193209370939E+01 1.0639241047340E+02 0.0000000000000E+00-9.5193209370939E+01
 1.0639241047340E+02 0.0000000000000E+00 9.5193209370939E+01-1.0639241047340E+02
 0.0000000000000E+00-6.1595606063549E+01-1.2879081267833E+02 0.0000000000000E+00
 6.1595606063549E+01 1.2879081267833E+02 0.0000000000000E+00-6.1595606063549E+01
 1.2879081267833E+02 0.0000000000000E+00 6.1595606063549E+01-1.2879081267833E+02
 0.0000000000000E+00-2.7998002756158E+01-1.3999001378079E+02 0.0000000000000E+00
 2.7998002756158E+01 1.3999001378079E+02 0.0000000000000E+00-2.7998002756158E+01
 1.3999001378079E+02 0.0000000000000E+00 2.7998002756158E+01-1.3999001378079E+02
 0.0000000000000E+00-1.2319121212710E+02-7.2794807166012E+01 0.0000000000000E+00
 1.2319121212710E+02 7.2794807166012E+01 0.0000000000000E+00-1.2319121212710E+02
 7.2794807166012E+01 0.0000000000000E+00 1.2319121212710E+02-7.2794807166012E+01
 0.0000000000000E+00-7.2794807166012E+01-1.2319121212710E+02 0.0000000000000E+00
 7.2794807166012E+01 1.2319121212710E+02 0.0000000000000E+00-7.2794807166012E+01
 1.2319121212710E+02 0.0000000000000E+00 7.2794807166012E+01-1.2319121212710E+02
 0.0000000000000E+00-1.1199201102463E+02-8.9593608819707E+01 0.0000000000000E+00
 1.1199201102463E+02 8.9593608819707E+01 0.0000000000000E+00-1.1199201102463E+02
 8.9593608819707E+01 0.0000000000000E+00 1.1199201102463E+02-8.9593608819707E+01
 0.0000000000000E+00-8.9593608819707E+01-1.1199201102463E+02 0.0000000000000E+00
 8.9593608819707E+01 1.1199201102463E+02 0.0000000000000E+00-8.9593608819707E+01
 1.1199201102463E+02 0.0000000000000E+00 8.9593608819707E+01-1.1199201102463E+02
 0.0000000000000E+00-1.3439041322956E+02-5.0396404961085E+01 0.0000000000000E+00
 1.3439041322956E+02 5.0396404961085E+01 0.0000000000000E+00-1.3439041322956E+02
 5.0396404961085E+01 0.0000000000000E+00 1.3439041322956E+02-5.0396404961085E+01
 0.0000000000000E+00-5.0396404961085E+01-1.3439041322956E+02 0.0000000000000E+00
 5.0396404961085E+01 1.3439041322956E+02 0.0000000000000E+00-5.0396404961085E+01
 1.3439041322956E+02 0.0000000000000E+00 5.0396404961085E+01-1.3439041322956E+02
 0.0000000000000E+00-1.3999001378079E+02-3.3597603307390E+01 0.0000000000000E+00
 1.3999001378079E+02 3.3597603307390E+01 0.0000000000000E+00-1.3999001378079E+02
 3.3597603307390E+01 0.0000000000000E+00 1.3999001378079E+02-3.3597603307390E+01
 0.0000000000000E+00-3.3597603307390E+01-1.3999001378079E+02 0.0000000000000E+00
 3.3597603307390E+01 1.3999001378079E+02 0.0000000000000E+00-3.3597603307390E+01
 1.3999001378079E+02 0.0000000000000E+00 3.3597603307390E+01-1.3999001378079E+02
 0.0000000000000E+00-1.1759161157587E+02-8.3994008268475E+01 0.0000000000000E+00
 1.1759161157587E+02 8.3994008268475E+01 0.0000000000000E+00-1.1759161157587E+02
 8.3994008268475E+01 0.0000000000000E+00 1.1759161157587E+02-8.3994008268475E+01
 0.0000000000000E+00-8.3994008268475E+01-1.1759161157587E+02 0.0000000000000E+00
 8.3994008268475E+01 1.1759161157587E+02 0.0000000000000E+00-8.3994008268475E+01
 1.1759161157587E+02 0.0000000000000E+00 8.3994008268475E+01-1.1759161157587E+02
 0.0000000000000E+00-1.2879081267833E+02-6.7195206614780E+01 0.0000000000000E+00
 1.2879081267833E+02 6.7195206614780E+01 0.0000000000000E+00-1.2879081267833E+02
 6.7195206614780E+01 0.0000000000000E+00 1.2879081267833E+02-6.7195206614780E+01
 0.0000000000000E+00-6.7195206614780E+01-1.2879081267833E+02 0.0000000000000E+00
 6.7195206614780E+01 1.2879081267833E+02 0.0000000000000E+00-6.7195206614780E+01
 1.2879081267833E+02 0.0000000000000E+00 6.7195206614780E+01-1.2879081267833E+02
 0.0000000000000E+00-1.3999001378079E+02-3.9197203858622E+01 0.0000000000000E+00
 1.3999001378079E+02 3.9197203858622E+01 0.0000000000000E+00-1.3999001378079E+02
 3.9197203858622E+01 0.0000000000000E+00 1.3999001378079E+02-3.9197203858622E+01
 0.0000000000000E+00-3.9197203858622E+01-1.3999001378079E+02 0.0000000000000E+00
 3.9197203858622E+01 1.3999001378079E+02 0.0000000000000E+00-3.9197203858622E+01
 1.3999001378079E+02 0.0000000000000E+00 3.9197203858622E+01-1.3999001378079E+02
 0.0000000000000E+00-1.4558961433202E+02 0.0000000000000E+00 0.0000000000000E+00
 1.4558961433202E+02 0.0000000000000E+00 0.0000000000000E+00-1.3439041322956E+02
-5.5996005512317E+01 0.0000000000000E+00 1.3439041322956E+02 5.5996005512317E+01
 0.0000000000000E+00-1.3439041322956E+02 5.5996005512317E+01 0.0000000000000E+00
 1.3439041322956E+02-5.5996005512317E+01 0.0000000000000E+00-5.5996005512317E+01
-1.3439041322956E+02 0.0000000000000E+00 5.5996005512317E+01 1.3439041322956E+02
 0.0000000000000E+00-5.5996005512317E+01 1.3439041322956E+02 0.0000000000000E+00
 5.5996005512317E+01-1.3439041322956E+02 0.0000000000000E+00 0.0000000000000E+00
-1.4558961433202E+02 0.0000000000000E+00 0.0000000000000E+00 1.4558961433202E+02
 0.0000000000000E+00-1.4558961433202E+02-5.5996005512317E+00 0.0000000000000E+00
 1.4558961433202E+02 5.5996005512317E+00 0.0000000000000E+00-1.4558961433202E+02
 5.5996005512317E+00 0.0000000000000E+00 1.4558961433202E+02-5.5996005512317E+00
 0.0000000000000E+00-5.5996005512317E+00-1.4558961433202E+02 0.0000000000000E+00
 5.5996005512317E+00 1.4558961433202E+02 0.0000000000000E+00-5.5996005512317E+00
 1.4558961433202E+02 0.0000000000000E+00 5.5996005512317E+00-1.4558961433202E+02
 0.0000000000000E+00-1.4558961433202E+02-1.1199201102463E+01 0.0000000000000E+00
 1.4558961433202E+02 1.1199201102463E+01 0.0000000000000E+00-1.4558961433202E+02
 1.1199201102463E+01 0.0000000000000E+00 1.4558961433202E+02-1.1199201102463E+01
 0.0000000000000E+00-1.2319121212710E+02-7.8394407717244E+01 0.0000000000000E+00
 1.2319121212710E+02 7.8394407717244E+01 0.0000000000000E+00-1.2319121212710E+02
 7.8394407717244E+01 0.0000000000000E+00 1.2319121212710E+02-7.8394407717244E+01
 0.0000000000000E+00-7.8394407717244E+01-1.2319121212710E+02 0.0000000000000E+00
 7.8394407717244E+01 1.2319121212710E+02 0.0000000000000E+00-7.8394407717244E+01
 1.2319121212710E+02 0.0000000000000E+00 7.8394407717244E+01-1.2319121212710E+02
 0.0000000000000E+00-1.1199201102463E+01-1.4558961433202E+02 0.0000000000000E+00
 1.1199201102463E+01 1.4558961433202E+02 0.0000000000000E+00-1.1199201102463E+01
 1.4558961433202E+02 0.0000000000000E+00 1.1199201102463E+01-1.4558961433202E+02
 0.0000000000000E+00-1.4558961433202E+02-1.6798801653695E+01 0.0000000000000E+00
 1.4558961433202E+02 1.6798801653695E+01 0.0000000000000E+00-1.4558961433202E+02
 1.6798801653695E+01 0.0000000000000E+00 1.4558961433202E+02-1.6798801653695E+01
 0.0000000000000E+00-1.0639241047340E+02-1.0079280992217E+02 0.0000000000000E+00
 1.0639241047340E+02 1.0079280992217E+02 0.0000000000000E+00-1.0639241047340E+02
 1.0079280992217E+02 0.0000000000000E+00 1.0639241047340E+02-1.0079280992217E+02
 0.0000000000000E+00-1.0079280992217E+02-1.0639241047340E+02 0.0000000000000E+00
 1.0079280992217E+02 1.0639241047340E+02 0.0000000000000E+00-1.0079280992217E+02
 1.0639241047340E+02 0.0000000000000E+00 1.0079280992217E+02-1.0639241047340E+02
 0.0000000000000E+00-1.6798801653695E+01-1.4558961433202E+02 0.0000000000000E+00
 1.6798801653695E+01 1.4558961433202E+02 0.0000000000000E+00-1.6798801653695E+01
 1.4558961433202E+02 0.0000000000000E+00 1.6798801653695E+01-1.4558961433202E+02
 0.0000000000000E+00-1.3999001378079E+02-4.4796804409854E+01 0.0000000000000E+00
 1.3999001378079E+02 4.4796804409854E+01 0.0000000000000E+00-1.3999001378079E+02
 4.4796804409854E+01 0.0000000000000E+00 1.3999001378079E+02-4.4796804409854E+01
 0.0000000000000E+00-1.1199201102463E+02-9.5193209370939E+01 0.0000000000000E+00
 1.1199201102463E+02 9.5193209370939E+01 0.0000000000000E+00-1.1199201102463E+02
 9.5193209370939E+01 0.0000000000000E+00 1.1199201102463E+02-9.5193209370939E+01
 0.0000000000000E+00-9.5193209370939E+01-1.1199201102463E+02 0.0000000000000E+00
 9.5193209370939E+01 1.1199201102463E+02 0.0000000000000E+00-9.5193209370939E+01
 1.1199201102463E+02 0.0000000000000E+00 9.5193209370939E+01-1.1199201102463E+02
 0.0000000000000E+00-4.4796804409854E+01-1.3999001378079E+02 0.0000000000000E+00
 4.4796804409854E+01 1.3999001378079E+02 0.0000000000000E+00-4.4796804409854E+01
 1.3999001378079E+02 0.0000000000000E+00 4.4796804409854E+01-1.3999001378079E+02
 0.0000000000000E+00-1.4558961433202E+02-2.2398402204927E+01 0.0000000000000E+00
 1.4558961433202E+02 2.2398402204927E+01 0.0000000000000E+00-1.4558961433202E+02
 2.2398402204927E+01 0.0000000000000E+00 1.4558961433202E+02-2.2398402204927E+01
 0.0000000000000E+00-2.2398402204927E+01-1.4558961433202E+02 0.0000000000000E+00
 2.2398402204927E+01 1.4558961433202E+02 0.0000000000000E+00-2.2398402204927E+01
 1.4558961433202E+02 0.0000000000000E+00 2.2398402204927E+01-1.4558961433202E+02
 0.0000000000000E+00-1.3439041322956E+02-6.1595606063549E+01 0.0000000000000E+00
 1.3439041322956E+02 6.1595606063549E+01 0.0000000000000E+00-1.3439041322956E+02
 6.1595606063549E+01 0.0000000000000E+00 1.3439041322956E+02-6.1595606063549E+01
 0.0000000000000E+00-1.1759161157587E+02-8.9593608819707E+01 0.0000000000000E+00
 1.1759161157587E+02 8.9593608819707E+01 0.0000000000000E+00-1.1759161157587E+02
 8.9593608819707E+01 0.0000000000000E+00 1.1759161157587E+02-8.9593608819707E+01
 0.0000000000000E+00-8.9593608819707E+01-1.1759161157587E+02 0.0000000000000E+00
 8.9593608819707E+01 1.1759161157587E+02 0.0000000000000E+00-8.9593608819707E+01
 1.1759161157587E+02 0.0000000000000E+00 8.9593608819707E+01-1.1759161157587E+02
 0.0000000000000E+00-6.1595606063549E+01-1.3439041322956E+02 0.0000000000000E+00
 6.1595606063549E+01 1.3439041322956E+02 0.0000000000000E+00-6.1595606063549E+01
 1.3439041322956E+02 0.0000000000000E+00 6.1595606063549E+01-1.3439041322956E+02
 0.0000000000000E+00-1.2879081267833E+02-7.2794807166012E+01 0.0000000000000E+00
 1.2879081267833E+02 7.2794807166012E+01 0.0000000000000E+00-1.2879081267833E+02
 7.2794807166012E+01 0.0000000000000E+00 1.2879081267833E+02-7.2794807166012E+01
 0.0000000000000E+00-7.2794807166012E+01-1.2879081267833E+02 0.0000000000000E+00
 7.2794807166012E+01 1.2879081267833E+02 0.0000000000000E+00-7.2794807166012E+01
 1.2879081267833E+02 0.0000000000000E+00 7.2794807166012E+01-1.2879081267833E+02
 0.0000000000000E+00-1.4558961433202E+02-2.7998002756158E+01 0.0000000000000E+00
 1.4558961433202E+02 2.7998002756158E+01 0.0000000000000E+00-1.4558961433202E+02
 2.7998002756158E+01 0.0000000000000E+00 1.4558961433202E+02-2.7998002756158E+01
 0.0000000000000E+00-2.7998002756158E+01-1.4558961433202E+02 0.0000000000000E+00
 2.7998002756158E+01 1.4558961433202E+02 0.0000000000000E+00-2.7998002756158E+01
 1.4558961433202E+02 0.0000000000000E+00 2.7998002756158E+01-1.4558961433202E+02
 0.0000000000000E+00-1.3999001378079E+02-5.0396404961085E+01 0.0000000000000E+00
 1.3999001378079E+02 5.0396404961085E+01 0.0000000000000E+00-1.3999001378079E+02
 5.0396404961085E+01 0.0000000000000E+00 1.3999001378079E+02-5.0396404961085E+01
 0.0000000000000E+00-5.0396404961085E+01-1.3999001378079E+02 0.0000000000000E+00
 5.0396404961085E+01 1.3999001378079E+02 0.0000000000000E+00-5.0396404961085E+01
 1.3999001378079E+02 0.0000000000000E+00 5.0396404961085E+01-1.3999001378079E+02
 0.0000000000000E+00-1.2319121212710E+02-8.3994008268475E+01 0.0000000000000E+00
 1.2319121212710E+02 8.3994008268475E+01 0.0000000000000E+00-1.2319121212710E+02
 8.3994008268475E+01 0.0000000000000E+00 1.2319121212710E+02-8.3994008268475E+01
 0.0000000000000E+00-8.3994008268475E+01-1.2319121212710E+02 0.0000000000000E+00
 8.3994008268475E+01 1.2319121212710E+02 0.0000000000000E+00-8.3994008268475E+01
 1.2319121212710E+02 0.0000000000000E+00 8.3994008268475E+01-1.2319121212710E+02
 0.0000000000000E+00-1.4558961433202E+02-3.3597603307390E+01 0.0000000000000E+00
 1.4558961433202E+02 3.3597603307390E+01 0.0000000000000E+00-1.4558961433202E+02
 3.3597603307390E+01 0.0000000000000E+00 1.4558961433202E+02-3.3597603307390E+01
 0.0000000000000E+00-3.3597603307390E+01-1.4558961433202E+02 0.0000000000000E+00
 3.3597603307390E+01 1.4558961433202E+02 0.0000000000000E+00-3.3597603307390E+01
 1.4558961433202E+02 0.0000000000000E+00 3.3597603307390E+01-1.4558961433202E+02
 0.0000000000000E+00-1.3439041322956E+02-6.7195206614780E+01 0.0000000000000E+00
 1.3439041322956E+02 6.7195206614780E+01 0.0000000000000E+00-1.3439041322956E+02
 6.7195206614780E+01 0.0000000000000E+00 1.3439041322956E+02-6.7195206614780E+01
 0.0000000000000E+00-6.7195206614780E+01-1.3439041322956E+02 0.0000000000000E+00
 6.7195206614780E+01 1.3439041322956E+02 0.0000000000000E+00-6.7195206614780E+01
 1.3439041322956E+02 0.0000000000000E+00 6.7195206614780E+01-1.3439041322956E+02
 0.0000000000000E+00-1.0639241047340E+02-1.0639241047340E+02 0.0000000000000E+00
 1.0639241047340E+02 1.0639241047340E+02 0.0000000000000E+00-1.0639241047340E+02
 1.0639241047340E+02 0.0000000000000E+00 1.0639241047340E+02-1.0639241047340E+02
 0.0000000000000E+00-1.1199201102463E+02-1.0079280992217E+02 0.0000000000000E+00
 1.1199201102463E+02 1.0079280992217E+02 0.0000000000000E+00-1.1199201102463E+02
 1.0079280992217E+02 0.0000000000000E+00 1.1199201102463E+02-1.0079280992217E+02
 0.0000000000000E+00-1.0079280992217E+02-1.1199201102463E+02 0.0000000000000E+00
 1.0079280992217E+02 1.1199201102463E+02 0.0000000000000E+00-1.0079280992217E+02
 1.1199201102463E+02 0.0000000000000E+00 1.0079280992217E+02-1.1199201102463E+02
 0.0000000000000E+00-1.4558961433202E+02-3.9197203858622E+01 0.0000000000000E+00
 1.4558961433202E+02 3.9197203858622E+01 0.0000000000000E+00-1.4558961433202E+02
 3.9197203858622E+01 0.0000000000000E+00 1.4558961433202E+02-3.9197203858622E+01
 0.0000000000000E+00-1.3999001378079E+02-5.5996005512317E+01 0.0000000000000E+00
 1.3999001378079E+02 5.5996005512317E+01 0.0000000000000E+00-1.3999001378079E+02
 5.5996005512317E+01 0.0000000000000E+00 1.3999001378079E+02-5.5996005512317E+01
 0.0000000000000E+00-1.2879081267833E+02-7.8394407717244E+01 0.0000000000000E+00
 1.2879081267833E+02 7.8394407717244E+01 0.0000000000000E+00-1.2879081267833E+02
 7.8394407717244E+01 0.0000000000000E+00 1.2879081267833E+02-7.8394407717244E+01
 0.0000000000000E+00-7.8394407717244E+01-1.2879081267833E+02 0.0000000000000E+00
 7.8394407717244E+01 1.2879081267833E+02 0.0000000000000E+00-7.8394407717244E+01
 1.2879081267833E+02 0.0000000000000E+00 7.8394407717244E+01-1.2879081267833E+02
 0.0000000000000E+00-5.5996005512317E+01-1.3999001378079E+02 0.0000000000000E+00
 5.5996005512317E+01 1.3999001378079E+02 0.0000000000000E+00-5.5996005512317E+01
 1.3999001378079E+02 0.0000000000000E+00 5.5996005512317E+01-1.3999001378079E+02
 0.0000000000000E+00-3.9197203858622E+01-1.4558961433202E+02 0.0000000000000E+00
 3.9197203858622E+01 1.4558961433202E+02 0.0000000000000E+00-3.9197203858622E+01
 1.4558961433202E+02 0.0000000000000E+00 3.9197203858622E+01-1.4558961433202E+02
 0.0000000000000E+00-1.5118921488326E+02 0.0000000000000E+00 0.0000000000000E+00
 1.5118921488326E+02 0.0000000000000E+00 0.0000000000000E+00 0.0000000000000E+00
-1.5118921488326E+02 0.0000000000000E+00 0.0000000000000E+00 1.5118921488326E+02
 0.0000000000000E+00-1.5118921488326E+02-5.5996005512317E+00 0.0000000000000E+00
 1.5118921488326E+02 5.5996005512317E+00 0.0000000000000E+00-1.5118921488326E+02
 5.5996005512317E+00 0.0000000000000E+00 1.5118921488326E+02-5.5996005512317E+00
 0.0000000000000E+00-1.1759161157587E+02-9.5193209370939E+01 0.0000000000000E+00
 1.1759161157587E+02 9.5193209370939E+01 0.0000000000000E+00-1.1759161157587E+02
 9.5193209370939E+01 0.0000000000000E+00 1.1759161157587E+02-9.5193209370939E+01
 0.0000000000000E+00-9.5193209370939E+01-1.1759161157587E+02 0.0000000000000E+00
 9.5193209370939E+01 1.1759161157587E+02 0.0000000000000E+00-9.5193209370939E+01
 1.1759161157587E+02 0.0000000000000E+00 9.5193209370939E+01-1.1759161157587E+02
 0.0000000000000E+00-5.5996005512317E+00-1.5118921488326E+02 0.0000000000000E+00
 5.5996005512317E+00 1.5118921488326E+02 0.0000000000000E+00-5.5996005512317E+00
 1.5118921488326E+02 0.0000000000000E+00 5.5996005512317E+00-1.5118921488326E+02
 0.0000000000000E+00-1.5118921488326E+02-1.1199201102463E+01 0.0000000000000E+00
 1.5118921488326E+02 1.1199201102463E+01 0.0000000000000E+00-1.5118921488326E+02
 1.1199201102463E+01 0.0000000000000E+00 1.5118921488326E+02-1.1199201102463E+01
 0.0000000000000E+00-1.1199201102463E+01-1.5118921488326E+02 0.0000000000000E+00
 1.1199201102463E+01 1.5118921488326E+02 0.0000000000000E+00-1.1199201102463E+01
 1.5118921488326E+02 0.0000000000000E+00 1.1199201102463E+01-1.5118921488326E+02
 0.0000000000000E+00-1.5118921488326E+02-1.6798801653695E+01 0.0000000000000E+00
 1.5118921488326E+02 1.6798801653695E+01 0.0000000000000E+00-1.5118921488326E+02
 1.6798801653695E+01 0.0000000000000E+00 1.5118921488326E+02-1.6798801653695E+01
 0.0000000000000E+00-1.6798801653695E+01-1.5118921488326E+02 0.0000000000000E+00
 1.6798801653695E+01 1.5118921488326E+02 0.0000000000000E+00-1.6798801653695E+01
 1.5118921488326E+02 0.0000000000000E+00 1.6798801653695E+01-1.5118921488326E+02
 0.0000000000000E+00-1.4558961433202E+02-4.4796804409854E+01 0.0000000000000E+00
 1.4558961433202E+02 4.4796804409854E+01 0.0000000000000E+00-1.4558961433202E+02
 4.4796804409854E+01 0.0000000000000E+00 1.4558961433202E+02-4.4796804409854E+01
 0.0000000000000E+00-1.2319121212710E+02-8.9593608819707E+01 0.0000000000000E+00
 1.2319121212710E+02 8.9593608819707E+01 0.0000000000000E+00-1.2319121212710E+02
 8.9593608819707E+01 0.0000000000000E+00 1.2319121212710E+02-8.9593608819707E+01
 0.0000000000000E+00-8.9593608819707E+01-1.2319121212710E+02 0.0000000000000E+00
 8.9593608819707E+01 1.2319121212710E+02 0.0000000000000E+00-8.9593608819707E+01
 1.2319121212710E+02 0.0000000000000E+00 8.9593608819707E+01-1.2319121212710E+02
 0.0000000000000E+00-4.4796804409854E+01-1.4558961433202E+02 0.0000000000000E+00
 4.4796804409854E+01 1.4558961433202E+02 0.0000000000000E+00-4.4796804409854E+01
 1.4558961433202E+02 0.0000000000000E+00 4.4796804409854E+01-1.4558961433202E+02
 0.0000000000000E+00-1.5118921488326E+02-2.2398402204927E+01 0.0000000000000E+00
 1.5118921488326E+02 2.2398402204927E+01 0.0000000000000E+00-1.5118921488326E+02
 2.2398402204927E+01 0.0000000000000E+00 1.5118921488326E+02-2.2398402204927E+01
 0.0000000000000E+00-1.3439041322956E+02-7.2794807166012E+01 0.0000000000000E+00
 1.3439041322956E+02 7.2794807166012E+01 0.0000000000000E+00-1.3439041322956E+02
 7.2794807166012E+01 0.0000000000000E+00 1.3439041322956E+02-7.2794807166012E+01
 0.0000000000000E+00-7.2794807166012E+01-1.3439041322956E+02 0.0000000000000E+00
 7.2794807166012E+01 1.3439041322956E+02 0.0000000000000E+00-7.2794807166012E+01
 1.3439041322956E+02 0.0000000000000E+00 7.2794807166012E+01-1.3439041322956E+02
 0.0000000000000E+00-2.2398402204927E+01-1.5118921488326E+02 0.0000000000000E+00
 2.2398402204927E+01 1.5118921488326E+02 0.0000000000000E+00-2.2398402204927E+01
 1.5118921488326E+02 0.0000000000000E+00 2.2398402204927E+01-1.5118921488326E+02
 0.0000000000000E+00-1.3999001378079E+02-6.1595606063549E+01 0.0000000000000E+00
 1.3999001378079E+02 6.1595606063549E+01 0.0000000000000E+00-1.3999001378079E+02
 6.1595606063549E+01 0.0000000000000E+00 1.3999001378079E+02-6.1595606063549E+01
 0.0000000000000E+00-6.1595606063549E+01-1.3999001378079E+02 0.0000000000000E+00
 6.1595606063549E+01 1.3999001378079E+02 0.0000000000000E+00-6.1595606063549E+01
 1.3999001378079E+02 0.0000000000000E+00 6.1595606063549E+01-1.3999001378079E+02
 0.0000000000000E+00-1.5118921488326E+02-2.7998002756158E+01 0.0000000000000E+00
 1.5118921488326E+02 2.7998002756158E+01 0.0000000000000E+00-1.5118921488326E+02
 2.7998002756158E+01 0.0000000000000E+00 1.5118921488326E+02-2.7998002756158E+01
 0.0000000000000E+00-1.2879081267833E+02-8.3994008268475E+01 0.0000000000000E+00
 1.2879081267833E+02 8.3994008268475E+01 0.0000000000000E+00-1.2879081267833E+02
 8.3994008268475E+01 0.0000000000000E+00 1.2879081267833E+02-8.3994008268475E+01
 0.0000000000000E+00-8.3994008268475E+01-1.2879081267833E+02 0.0000000000000E+00
 8.3994008268475E+01 1.2879081267833E+02 0.0000000000000E+00-8.3994008268475E+01
 1.2879081267833E+02 0.0000000000000E+00 8.3994008268475E+01-1.2879081267833E+02
 0.0000000000000E+00-2.7998002756158E+01-1.5118921488326E+02 0.0000000000000E+00
 2.7998002756158E+01 1.5118921488326E+02 0.0000000000000E+00-2.7998002756158E+01
 1.5118921488326E+02 0.0000000000000E+00 2.7998002756158E+01-1.5118921488326E+02
 0.0000000000000E+00-1.4558961433202E+02-5.0396404961085E+01 0.0000000000000E+00
 1.4558961433202E+02 5.0396404961085E+01 0.0000000000000E+00-1.4558961433202E+02
 5.0396404961085E+01 0.0000000000000E+00 1.4558961433202E+02-5.0396404961085E+01
 0.0000000000000E+00-5.0396404961085E+01-1.4558961433202E+02 0.0000000000000E+00
 5.0396404961085E+01 1.4558961433202E+02 0.0000000000000E+00-5.0396404961085E+01
 1.4558961433202E+02 0.0000000000000E+00 5.0396404961085E+01-1.4558961433202E+02
 0.0000000000000E+00-1.1199201102463E+02-1.0639241047340E+02 0.0000000000000E+00
 1.1199201102463E+02 1.0639241047340E+02 0.0000000000000E+00-1.1199201102463E+02
 1.0639241047340E+02 0.0000000000000E+00 1.1199201102463E+02-1.0639241047340E+02
 0.0000000000000E+00-1.0639241047340E+02-1.1199201102463E+02 0.0000000000000E+00
 1.0639241047340E+02 1.1199201102463E+02 0.0000000000000E+00-1.0639241047340E+02
 1.1199201102463E+02 0.0000000000000E+00 1.0639241047340E+02-1.1199201102463E+02
 0.0000000000000E+00-1.5118921488326E+02-3.3597603307390E+01 0.0000000000000E+00
 1.5118921488326E+02 3.3597603307390E+01 0.0000000000000E+00-1.5118921488326E+02
 3.3597603307390E+01 0.0000000000000E+00 1.5118921488326E+02-3.3597603307390E+01
 0.0000000000000E+00-1.1759161157587E+02-1.0079280992217E+02 0.0000000000000E+00
 1.1759161157587E+02 1.0079280992217E+02 0.0000000000000E+00-1.1759161157587E+02
 1.0079280992217E+02 0.0000000000000E+00 1.1759161157587E+02-1.0079280992217E+02
 0.0000000000000E+00-1.0079280992217E+02-1.1759161157587E+02 0.0000000000000E+00
 1.0079280992217E+02 1.1759161157587E+02 0.0000000000000E+00-1.0079280992217E+02
 1.1759161157587E+02 0.0000000000000E+00 1.0079280992217E+02-1.1759161157587E+02
 0.0000000000000E+00-3.3597603307390E+01-1.5118921488326E+02 0.0000000000000E+00
 3.3597603307390E+01 1.5118921488326E+02 0.0000000000000E+00-3.3597603307390E+01
 1.5118921488326E+02 0.0000000000000E+00 3.3597603307390E+01-1.5118921488326E+02
 0.0000000000000E+00-1.3999001378079E+02-6.7195206614780E+01 0.0000000000000E+00
 1.3999001378079E+02 6.7195206614780E+01 0.0000000000000E+00-1.3999001378079E+02
 6.7195206614780E+01 0.0000000000000E+00 1.3999001378079E+02-6.7195206614780E+01
 0.0000000000000E+00-6.7195206614780E+01-1.3999001378079E+02 0.0000000000000E+00
 6.7195206614780E+01 1.3999001378079E+02 0.0000000000000E+00-6.7195206614780E+01
 1.3999001378079E+02 0.0000000000000E+00 6.7195206614780E+01-1.3999001378079E+02
 0.0000000000000E+00-1.3439041322956E+02-7.8394407717244E+01 0.0000000000000E+00
 1.3439041322956E+02 7.8394407717244E+01 0.0000000000000E+00-1.3439041322956E+02
 7.8394407717244E+01 0.0000000000000E+00 1.3439041322956E+02-7.8394407717244E+01
 0.0000000000000E+00-7.8394407717244E+01-1.3439041322956E+02 0.0000000000000E+00
 7.8394407717244E+01 1.3439041322956E+02 0.0000000000000E+00-7.8394407717244E+01
 1.3439041322956E+02 0.0000000000000E+00 7.8394407717244E+01-1.3439041322956E+02
 0.0000000000000E+00-1.2319121212710E+02-9.5193209370939E+01 0.0000000000000E+00
 1.2319121212710E+02 9.5193209370939E+01 0.0000000000000E+00-1.2319121212710E+02
 9.5193209370939E+01 0.0000000000000E+00 1.2319121212710E+02-9.5193209370939E+01
 0.0000000000000E+00-9.5193209370939E+01-1.2319121212710E+02 0.0000000000000E+00
 9.5193209370939E+01 1.2319121212710E+02 0.0000000000000E+00-9.5193209370939E+01
 1.2319121212710E+02 0.0000000000000E+00 9.5193209370939E+01-1.2319121212710E+02
 0.0000000000000E+00-1.4558961433202E+02-5.5996005512317E+01 0.0000000000000E+00
 1.4558961433202E+02 5.5996005512317E+01 0.0000000000000E+00-1.4558961433202E+02
 5.5996005512317E+01 0.0000000000000E+00 1.4558961433202E+02-5.5996005512317E+01
 0.0000000000000E+00-5.5996005512317E+01-1.4558961433202E+02 0.0000000000000E+00
 5.5996005512317E+01 1.4558961433202E+02 0.0000000000000E+00-5.5996005512317E+01
 1.4558961433202E+02 0.0000000000000E+00 5.5996005512317E+01-1.4558961433202E+02
 0.0000000000000E+00-1.5118921488326E+02-3.9197203858622E+01 0.0000000000000E+00
 1.5118921488326E+02 3.9197203858622E+01 0.0000000000000E+00-1.5118921488326E+02
 3.9197203858622E+01 0.0000000000000E+00 1.5118921488326E+02-3.9197203858622E+01
 0.0000000000000E+00-3.9197203858622E+01-1.5118921488326E+02 0.0000000000000E+00
 3.9197203858622E+01 1.5118921488326E+02 0.0000000000000E+00-3.9197203858622E+01
 1.5118921488326E+02 0.0000000000000E+00 3.9197203858622E+01-1.5118921488326E+02
 0.0000000000000E+00-1.5678881543449E+02 0.0000000000000E+00 0.0000000000000E+00
 1.5678881543449E+02 0.0000000000000E+00 0.0000000000000E+00 0.0000000000000E+00
-1.5678881543449E+02 0.0000000000000E+00 0.0000000000000E+00 1.5678881543449E+02
 0.0000000000000E+00-1.5678881543449E+02-5.5996005512317E+00 0.0000000000000E+00
 1.5678881543449E+02 5.5996005512317E+00 0.0000000000000E+00-1.5678881543449E+02
 5.5996005512317E+00 0.0000000000000E+00 1.5678881543449E+02-5.5996005512317E+00
 0.0000000000000E+00-1.2879081267833E+02-8.9593608819707E+01 0.0000000000000E+00
 1.2879081267833E+02 8.9593608819707E+01 0.0000000000000E+00-1.2879081267833E+02
 8.9593608819707E+01 0.0000000000000E+00 1.2879081267833E+02-8.9593608819707E+01
 0.0000000000000E+00-8.9593608819707E+01-1.2879081267833E+02 0.0000000000000E+00
 8.9593608819707E+01 1.2879081267833E+02 0.0000000000000E+00-8.9593608819707E+01
 1.2879081267833E+02 0.0000000000000E+00 8.9593608819707E+01-1.2879081267833E+02
 0.0000000000000E+00-5.5996005512317E+00-1.5678881543449E+02 0.0000000000000E+00
 5.5996005512317E+00 1.5678881543449E+02 0.0000000000000E+00-5.5996005512317E+00
 1.5678881543449E+02 0.0000000000000E+00 5.5996005512317E+00-1.5678881543449E+02
 0.0000000000000E+00-1.5678881543449E+02-1.1199201102463E+01 0.0000000000000E+00
 1.5678881543449E+02 1.1199201102463E+01 0.0000000000000E+00-1.5678881543449E+02
 1.1199201102463E+01 0.0000000000000E+00 1.5678881543449E+02-1.1199201102463E+01
 0.0000000000000E+00-1.1199201102463E+01-1.5678881543449E+02 0.0000000000000E+00
 1.1199201102463E+01 1.5678881543449E+02 0.0000000000000E+00-1.1199201102463E+01
 1.5678881543449E+02 0.0000000000000E+00 1.1199201102463E+01-1.5678881543449E+02
 0.0000000000000E+00-1.5678881543449E+02-1.6798801653695E+01 0.0000000000000E+00
 1.5678881543449E+02 1.6798801653695E+01 0.0000000000000E+00-1.5678881543449E+02
 1.6798801653695E+01 0.0000000000000E+00 1.5678881543449E+02-1.6798801653695E+01
 0.0000000000000E+00-1.5118921488326E+02-4.4796804409854E+01 0.0000000000000E+00
 1.5118921488326E+02 4.4796804409854E+01 0.0000000000000E+00-1.5118921488326E+02
 4.4796804409854E+01 0.0000000000000E+00 1.5118921488326E+02-4.4796804409854E+01
 0.0000000000000E+00-4.4796804409854E+01-1.5118921488326E+02 0.0000000000000E+00
 4.4796804409854E+01 1.5118921488326E+02 0.0000000000000E+00-4.4796804409854E+01
 1.5118921488326E+02 0.0000000000000E+00 4.4796804409854E+01-1.5118921488326E+02
 0.0000000000000E+00-1.6798801653695E+01-1.5678881543449E+02 0.0000000000000E+00
 1.6798801653695E+01 1.5678881543449E+02 0.0000000000000E+00-1.6798801653695E+01
 1.5678881543449E+02 0.0000000000000E+00 1.6798801653695E+01-1.5678881543449E+02
 0.0000000000000E+00-1.3999001378079E+02-7.2794807166012E+01 0.0000000000000E+00
 1.3999001378079E+02 7.2794807166012E+01 0.0000000000000E+00-1.3999001378079E+02
 7.2794807166012E+01 0.0000000000000E+00 1.3999001378079E+02-7.2794807166012E+01
 0.0000000000000E+00-7.2794807166012E+01-1.3999001378079E+02 0.0000000000000E+00
 7.2794807166012E+01 1.3999001378079E+02 0.0000000000000E+00-7.2794807166012E+01
 1.3999001378079E+02 0.0000000000000E+00 7.2794807166012E+01-1.3999001378079E+02
 0.0000000000000E+00-1.4558961433202E+02-6.1595606063549E+01 0.0000000000000E+00
 1.4558961433202E+02 6.1595606063549E+01 0.0000000000000E+00-1.4558961433202E+02
 6.1595606063549E+01 0.0000000000000E+00 1.4558961433202E+02-6.1595606063549E+01
 0.0000000000000E+00-6.1595606063549E+01-1.4558961433202E+02 0.0000000000000E+00
 6.1595606063549E+01 1.4558961433202E+02 0.0000000000000E+00-6.1595606063549E+01
 1.4558961433202E+02 0.0000000000000E+00 6.1595606063549E+01-1.4558961433202E+02
 0.0000000000000E+00-1.5678881543449E+02-2.2398402204927E+01 0.0000000000000E+00
 1.5678881543449E+02 2.2398402204927E+01 0.0000000000000E+00-1.5678881543449E+02
 2.2398402204927E+01 0.0000000000000E+00 1.5678881543449E+02-2.2398402204927E+01
 0.0000000000000E+00-1.1199201102463E+02-1.1199201102463E+02 0.0000000000000E+00
 1.1199201102463E+02 1.1199201102463E+02 0.0000000000000E+00-1.1199201102463E+02
 1.1199201102463E+02 0.0000000000000E+00 1.1199201102463E+02-1.1199201102463E+02
 0.0000000000000E+00-2.2398402204927E+01-1.5678881543449E+02 0.0000000000000E+00
 2.2398402204927E+01 1.5678881543449E+02 0.0000000000000E+00-2.2398402204927E+01
 1.5678881543449E+02 0.0000000000000E+00 2.2398402204927E+01-1.5678881543449E+02
 0.0000000000000E+00-1.3439041322956E+02-8.3994008268475E+01 0.0000000000000E+00
 1.3439041322956E+02 8.3994008268475E+01 0.0000000000000E+00-1.3439041322956E+02
 8.3994008268475E+01 0.0000000000000E+00 1.3439041322956E+02-8.3994008268475E+01
 0.0000000000000E+00-8.3994008268475E+01-1.3439041322956E+02 0.0000000000000E+00
 8.3994008268475E+01 1.3439041322956E+02 0.0000000000000E+00-8.3994008268475E+01
 1.3439041322956E+02 0.0000000000000E+00 8.3994008268475E+01-1.3439041322956E+02
 0.0000000000000E+00-1.1759161157587E+02-1.0639241047340E+02 0.0000000000000E+00
 1.1759161157587E+02 1.0639241047340E+02 0.0000000000000E+00-1.1759161157587E+02
 1.0639241047340E+02 0.0000000000000E+00 1.1759161157587E+02-1.0639241047340E+02
 0.0000000000000E+00-1.0639241047340E+02-1.1759161157587E+02 0.0000000000000E+00
 1.0639241047340E+02 1.1759161157587E+02 0.0000000000000E+00-1.0639241047340E+02
 1.1759161157587E+02 0.0000000000000E+00 1.0639241047340E+02-1.1759161157587E+02
 0.0000000000000E+00-1.2319121212710E+02-1.0079280992217E+02 0.0000000000000E+00
 1.2319121212710E+02 1.0079280992217E+02 0.0000000000000E+00-1.2319121212710E+02
 1.0079280992217E+02 0.0000000000000E+00 1.2319121212710E+02-1.0079280992217E+02
 0.0000000000000E+00-1.0079280992217E+02-1.2319121212710E+02 0.0000000000000E+00
 1.0079280992217E+02 1.2319121212710E+02 0.0000000000000E+00-1.0079280992217E+02
 1.2319121212710E+02 0.0000000000000E+00 1.0079280992217E+02-1.2319121212710E+02
 0.0000000000000E+00-1.5678881543449E+02-2.7998002756158E+01 0.0000000000000E+00
 1.5678881543449E+02 2.7998002756158E+01 0.0000000000000E+00-1.5678881543449E+02
 2.7998002756158E+01 0.0000000000000E+00 1.5678881543449E+02-2.7998002756158E+01
 0.0000000000000E+00-2.7998002756158E+01-1.5678881543449E+02 0.0000000000000E+00
 2.7998002756158E+01 1.5678881543449E+02 0.0000000000000E+00-2.7998002756158E+01
 1.5678881543449E+02 0.0000000000000E+00 2.7998002756158E+01-1.5678881543449E+02
 0.0000000000000E+00-1.5118921488326E+02-5.0396404961085E+01 0.0000000000000E+00
 1.5118921488326E+02 5.0396404961085E+01 0.0000000000000E+00-1.5118921488326E+02
 5.0396404961085E+01 0.0000000000000E+00 1.5118921488326E+02-5.0396404961085E+01
 0.0000000000000E+00-5.0396404961085E+01-1.5118921488326E+02 0.0000000000000E+00
 5.0396404961085E+01 1.5118921488326E+02 0.0000000000000E+00-5.0396404961085E+01
 1.5118921488326E+02 0.0000000000000E+00 5.0396404961085E+01-1.5118921488326E+02
 0.0000000000000E+00-1.2879081267833E+02-9.5193209370939E+01 0.0000000000000E+00
 1.2879081267833E+02 9.5193209370939E+01 0.0000000000000E+00-1.2879081267833E+02
 9.5193209370939E+01 0.0000000000000E+00 1.2879081267833E+02-9.5193209370939E+01
 0.0000000000000E+00-9.5193209370939E+01-1.2879081267833E+02 0.0000000000000E+00
 9.5193209370939E+01 1.2879081267833E+02 0.0000000000000E+00-9.5193209370939E+01
 1.2879081267833E+02 0.0000000000000E+00 9.5193209370939E+01-1.2879081267833E+02
 0.0000000000000E+00-1.5678881543449E+02-3.3597603307390E+01 0.0000000000000E+00
 1.5678881543449E+02 3.3597603307390E+01 0.0000000000000E+00-1.5678881543449E+02
 3.3597603307390E+01 0.0000000000000E+00 1.5678881543449E+02-3.3597603307390E+01
 0.0000000000000E+00-1.4558961433202E+02-6.7195206614780E+01 0.0000000000000E+00
 1.4558961433202E+02 6.7195206614780E+01 0.0000000000000E+00-1.4558961433202E+02
 6.7195206614780E+01 0.0000000000000E+00 1.4558961433202E+02-6.7195206614780E+01
 0.0000000000000E+00-6.7195206614780E+01-1.4558961433202E+02 0.0000000000000E+00
 6.7195206614780E+01 1.4558961433202E+02 0.0000000000000E+00-6.7195206614780E+01
 1.4558961433202E+02 0.0000000000000E+00 6.7195206614780E+01-1.4558961433202E+02
 0.0000000000000E+00-3.3597603307390E+01-1.5678881543449E+02 0.0000000000000E+00
 3.3597603307390E+01 1.5678881543449E+02 0.0000000000000E+00-3.3597603307390E+01
 1.5678881543449E+02 0.0000000000000E+00 3.3597603307390E+01-1.5678881543449E+02
 0.0000000000000E+00-1.3999001378079E+02-7.8394407717244E+01 0.0000000000000E+00
 1.3999001378079E+02 7.8394407717244E+01 0.0000000000000E+00-1.3999001378079E+02
 7.8394407717244E+01 0.0000000000000E+00 1.3999001378079E+02-7.8394407717244E+01
 0.0000000000000E+00-7.8394407717244E+01-1.3999001378079E+02 0.0000000000000E+00
 7.8394407717244E+01 1.3999001378079E+02 0.0000000000000E+00-7.8394407717244E+01
 1.3999001378079E+02 0.0000000000000E+00 7.8394407717244E+01-1.3999001378079E+02
 0.0000000000000E+00-1.5118921488326E+02-5.5996005512317E+01 0.0000000000000E+00
 1.5118921488326E+02 5.5996005512317E+01 0.0000000000000E+00-1.5118921488326E+02
 5.5996005512317E+01 0.0000000000000E+00 1.5118921488326E+02-5.5996005512317E+01
 0.0000000000000E+00-5.5996005512317E+01-1.5118921488326E+02 0.0000000000000E+00
 5.5996005512317E+01 1.5118921488326E+02 0.0000000000000E+00-5.5996005512317E+01
 1.5118921488326E+02 0.0000000000000E+00 5.5996005512317E+01-1.5118921488326E+02
 0.0000000000000E+00-1.3439041322956E+02-8.9593608819707E+01 0.0000000000000E+00
 1.3439041322956E+02 8.9593608819707E+01 0.0000000000000E+00-1.3439041322956E+02
 8.9593608819707E+01 0.0000000000000E+00 1.3439041322956E+02-8.9593608819707E+01
 0.0000000000000E+00-8.9593608819707E+01-1.3439041322956E+02 0.0000000000000E+00
 8.9593608819707E+01 1.3439041322956E+02 0.0000000000000E+00-8.9593608819707E+01
 1.3439041322956E+02 0.0000000000000E+00 8.9593608819707E+01-1.3439041322956E+02
 0.0000000000000E+00-1.5678881543449E+02-3.9197203858622E+01 0.0000000000000E+00
 1.5678881543449E+02 3.9197203858622E+01 0.0000000000000E+00-1.5678881543449E+02
 3.9197203858622E+01 0.0000000000000E+00 1.5678881543449E+02-3.9197203858622E+01
 0.0000000000000E+00-3.9197203858622E+01-1.5678881543449E+02 0.0000000000000E+00
 3.9197203858622E+01 1.5678881543449E+02 0.0000000000000E+00-3.9197203858622E+01
 1.5678881543449E+02 0.0000000000000E+00 3.9197203858622E+01-1.5678881543449E+02
 0.0000000000000E+00-1.6238841598572E+02 0.0000000000000E+00 0.0000000000000E+00
 1.6238841598572E+02 0.0000000000000E+00 0.0000000000000E+00-1.1759161157587E+02
-1.1199201102463E+02 0.0000000000000E+00 1.1759161157587E+02 1.1199201102463E+02
 0.0000000000000E+00-1.1759161157587E+02 1.1199201102463E+02 0.0000000000000E+00
 1.1759161157587E+02-1.1199201102463E+02 0.0000000000000E+00-1.1199201102463E+02
-1.1759161157587E+02 0.0000000000000E+00 1.1199201102463E+02 1.1759161157587E+02
 0.0000000000000E+00-1.1199201102463E+02 1.1759161157587E+02 0.0000000000000E+00
 1.1199201102463E+02-1.1759161157587E+02 0.0000000000000E+00 0.0000000000000E+00
-1.6238841598572E+02 0.0000000000000E+00 0.0000000000000E+00 1.6238841598572E+02
 0.0000000000000E+00-1.6238841598572E+02-5.5996005512317E+00 0.0000000000000E+00
 1.6238841598572E+02 5.5996005512317E+00 0.0000000000000E+00-1.6238841598572E+02
 5.5996005512317E+00 0.0000000000000E+00 1.6238841598572E+02-5.5996005512317E+00
 0.0000000000000E+00-5.5996005512317E+00-1.6238841598572E+02 0.0000000000000E+00
 5.5996005512317E+00 1.6238841598572E+02 0.0000000000000E+00-5.5996005512317E+00
 1.6238841598572E+02 0.0000000000000E+00 5.5996005512317E+00-1.6238841598572E+02
 0.0000000000000E+00-1.6238841598572E+02-1.1199201102463E+01 0.0000000000000E+00
 1.6238841598572E+02 1.1199201102463E+01 0.0000000000000E+00-1.6238841598572E+02
 1.1199201102463E+01 0.0000000000000E+00 1.6238841598572E+02-1.1199201102463E+01
 0.0000000000000E+00-1.4558961433202E+02-7.2794807166012E+01 0.0000000000000E+00
 1.4558961433202E+02 7.2794807166012E+01 0.0000000000000E+00-1.4558961433202E+02
 7.2794807166012E+01 0.0000000000000E+00 1.4558961433202E+02-7.2794807166012E+01
 0.0000000000000E+00-1.2319121212710E+02-1.0639241047340E+02 0.0000000000000E+00
 1.2319121212710E+02 1.0639241047340E+02 0.0000000000000E+00-1.2319121212710E+02
 1.0639241047340E+02 0.0000000000000E+00 1.2319121212710E+02-1.0639241047340E+02
 0.0000000000000E+00-1.0639241047340E+02-1.2319121212710E+02 0.0000000000000E+00
 1.0639241047340E+02 1.2319121212710E+02 0.0000000000000E+00-1.0639241047340E+02
 1.2319121212710E+02 0.0000000000000E+00 1.0639241047340E+02-1.2319121212710E+02
 0.0000000000000E+00-7.2794807166012E+01-1.4558961433202E+02 0.0000000000000E+00
 7.2794807166012E+01 1.4558961433202E+02 0.0000000000000E+00-7.2794807166012E+01
 1.4558961433202E+02 0.0000000000000E+00 7.2794807166012E+01-1.4558961433202E+02
 0.0000000000000E+00-1.1199201102463E+01-1.6238841598572E+02 0.0000000000000E+00
 1.1199201102463E+01 1.6238841598572E+02 0.0000000000000E+00-1.1199201102463E+01
 1.6238841598572E+02 0.0000000000000E+00 1.1199201102463E+01-1.6238841598572E+02
 0.0000000000000E+00-1.5678881543449E+02-4.4796804409854E+01 0.0000000000000E+00
 1.5678881543449E+02 4.4796804409854E+01 0.0000000000000E+00-1.5678881543449E+02
 4.4796804409854E+01 0.0000000000000E+00 1.5678881543449E+02-4.4796804409854E+01
 0.0000000000000E+00-4.4796804409854E+01-1.5678881543449E+02 0.0000000000000E+00
 4.4796804409854E+01 1.5678881543449E+02 0.0000000000000E+00-4.4796804409854E+01
 1.5678881543449E+02 0.0000000000000E+00 4.4796804409854E+01-1.5678881543449E+02
 0.0000000000000E+00-1.6238841598572E+02-1.6798801653695E+01 0.0000000000000E+00
 1.6238841598572E+02 1.6798801653695E+01 0.0000000000000E+00-1.6238841598572E+02
 1.6798801653695E+01 0.0000000000000E+00 1.6238841598572E+02-1.6798801653695E+01
 0.0000000000000E+00-1.5118921488326E+02-6.1595606063549E+01 0.0000000000000E+00
 1.5118921488326E+02 6.1595606063549E+01 0.0000000000000E+00-1.5118921488326E+02
 6.1595606063549E+01 0.0000000000000E+00 1.5118921488326E+02-6.1595606063549E+01
 0.0000000000000E+00-1.3999001378079E+02-8.3994008268475E+01 0.0000000000000E+00
 1.3999001378079E+02 8.3994008268475E+01 0.0000000000000E+00-1.3999001378079E+02
 8.3994008268475E+01 0.0000000000000E+00 1.3999001378079E+02-8.3994008268475E+01
 0.0000000000000E+00-8.3994008268475E+01-1.3999001378079E+02 0.0000000000000E+00
 8.3994008268475E+01 1.3999001378079E+02 0.0000000000000E+00-8.3994008268475E+01
 1.3999001378079E+02 0.0000000000000E+00 8.3994008268475E+01-1.3999001378079E+02
 0.0000000000000E+00-6.1595606063549E+01-1.5118921488326E+02 0.0000000000000E+00
 6.1595606063549E+01 1.5118921488326E+02 0.0000000000000E+00-6.1595606063549E+01
 1.5118921488326E+02 0.0000000000000E+00 6.1595606063549E+01-1.5118921488326E+02
 0.0000000000000E+00-1.6798801653695E+01-1.6238841598572E+02 0.0000000000000E+00
 1.6798801653695E+01 1.6238841598572E+02 0.0000000000000E+00-1.6798801653695E+01
 1.6238841598572E+02 0.0000000000000E+00 1.6798801653695E+01-1.6238841598572E+02
 0.0000000000000E+00-1.2879081267833E+02-1.0079280992217E+02 0.0000000000000E+00
 1.2879081267833E+02 1.0079280992217E+02 0.0000000000000E+00-1.2879081267833E+02
 1.0079280992217E+02 0.0000000000000E+00 1.2879081267833E+02-1.0079280992217E+02
 0.0000000000000E+00-1.0079280992217E+02-1.2879081267833E+02 0.0000000000000E+00
 1.0079280992217E+02 1.2879081267833E+02 0.0000000000000E+00-1.0079280992217E+02
 1.2879081267833E+02 0.0000000000000E+00 1.0079280992217E+02-1.2879081267833E+02
 0.0000000000000E+00-1.6238841598572E+02-2.2398402204927E+01 0.0000000000000E+00
 1.6238841598572E+02 2.2398402204927E+01 0.0000000000000E+00-1.6238841598572E+02
 2.2398402204927E+01 0.0000000000000E+00 1.6238841598572E+02-2.2398402204927E+01
 0.0000000000000E+00-2.2398402204927E+01-1.6238841598572E+02 0.0000000000000E+00
 2.2398402204927E+01 1.6238841598572E+02 0.0000000000000E+00-2.2398402204927E+01
 1.6238841598572E+02 0.0000000000000E+00 2.2398402204927E+01-1.6238841598572E+02
 0.0000000000000E+00-1.5678881543449E+02-5.0396404961085E+01 0.0000000000000E+00
 1.5678881543449E+02 5.0396404961085E+01 0.0000000000000E+00-1.5678881543449E+02
 5.0396404961085E+01 0.0000000000000E+00 1.5678881543449E+02-5.0396404961085E+01
 0.0000000000000E+00-1.3439041322956E+02-9.5193209370939E+01 0.0000000000000E+00
 1.3439041322956E+02 9.5193209370939E+01 0.0000000000000E+00-1.3439041322956E+02
 9.5193209370939E+01 0.0000000000000E+00 1.3439041322956E+02-9.5193209370939E+01
 0.0000000000000E+00-9.5193209370939E+01-1.3439041322956E+02 0.0000000000000E+00
 9.5193209370939E+01 1.3439041322956E+02 0.0000000000000E+00-9.5193209370939E+01
 1.3439041322956E+02 0.0000000000000E+00 9.5193209370939E+01-1.3439041322956E+02
 0.0000000000000E+00-5.0396404961085E+01-1.5678881543449E+02 0.0000000000000E+00
 5.0396404961085E+01 1.5678881543449E+02 0.0000000000000E+00-5.0396404961085E+01
 1.5678881543449E+02 0.0000000000000E+00 5.0396404961085E+01-1.5678881543449E+02
 0.0000000000000E+00-1.6238841598572E+02-2.7998002756158E+01 0.0000000000000E+00
 1.6238841598572E+02 2.7998002756158E+01 0.0000000000000E+00-1.6238841598572E+02
 2.7998002756158E+01 0.0000000000000E+00 1.6238841598572E+02-2.7998002756158E+01
 0.0000000000000E+00-2.7998002756158E+01-1.6238841598572E+02 0.0000000000000E+00
 2.7998002756158E+01 1.6238841598572E+02 0.0000000000000E+00-2.7998002756158E+01
 1.6238841598572E+02 0.0000000000000E+00 2.7998002756158E+01-1.6238841598572E+02
 0.0000000000000E+00-1.4558961433202E+02-7.8394407717244E+01 0.0000000000000E+00
 1.4558961433202E+02 7.8394407717244E+01 0.0000000000000E+00-1.4558961433202E+02
 7.8394407717244E+01 0.0000000000000E+00 1.4558961433202E+02-7.8394407717244E+01
 0.0000000000000E+00-7.8394407717244E+01-1.4558961433202E+02 0.0000000000000E+00
 7.8394407717244E+01 1.4558961433202E+02 0.0000000000000E+00-7.8394407717244E+01
 1.4558961433202E+02 0.0000000000000E+00 7.8394407717244E+01-1.4558961433202E+02
 0.0000000000000E+00-1.5118921488326E+02-6.7195206614780E+01 0.0000000000000E+00
 1.5118921488326E+02 6.7195206614780E+01 0.0000000000000E+00-1.5118921488326E+02
 6.7195206614780E+01 0.0000000000000E+00 1.5118921488326E+02-6.7195206614780E+01
 0.0000000000000E+00-6.7195206614780E+01-1.5118921488326E+02 0.0000000000000E+00
 6.7195206614780E+01 1.5118921488326E+02 0.0000000000000E+00-6.7195206614780E+01
 1.5118921488326E+02 0.0000000000000E+00 6.7195206614780E+01-1.5118921488326E+02
 0.0000000000000E+00-1.6238841598572E+02-3.3597603307390E+01 0.0000000000000E+00
 1.6238841598572E+02 3.3597603307390E+01 0.0000000000000E+00-1.6238841598572E+02
 3.3597603307390E+01 0.0000000000000E+00 1.6238841598572E+02-3.3597603307390E+01
 0.0000000000000E+00-3.3597603307390E+01-1.6238841598572E+02 0.0000000000000E+00
 3.3597603307390E+01 1.6238841598572E+02 0.0000000000000E+00-3.3597603307390E+01
 1.6238841598572E+02 0.0000000000000E+00 3.3597603307390E+01-1.6238841598572E+02
 0.0000000000000E+00-1.3999001378079E+02-8.9593608819707E+01 0.0000000000000E+00
 1.3999001378079E+02 8.9593608819707E+01 0.0000000000000E+00-1.3999001378079E+02
 8.9593608819707E+01 0.0000000000000E+00 1.3999001378079E+02-8.9593608819707E+01
 0.0000000000000E+00-8.9593608819707E+01-1.3999001378079E+02 0.0000000000000E+00
 8.9593608819707E+01 1.3999001378079E+02 0.0000000000000E+00-8.9593608819707E+01
 1.3999001378079E+02 0.0000000000000E+00 8.9593608819707E+01-1.3999001378079E+02
 0.0000000000000E+00-1.1759161157587E+02-1.1759161157587E+02 0.0000000000000E+00
 1.1759161157587E+02 1.1759161157587E+02 0.0000000000000E+00-1.1759161157587E+02
 1.1759161157587E+02 0.0000000000000E+00 1.1759161157587E+02-1.1759161157587E+02
 0.0000000000000E+00-1.5678881543449E+02-5.5996005512317E+01 0.0000000000000E+00
 1.5678881543449E+02 5.5996005512317E+01 0.0000000000000E+00-1.5678881543449E+02
 5.5996005512317E+01 0.0000000000000E+00 1.5678881543449E+02-5.5996005512317E+01
 0.0000000000000E+00-1.2319121212710E+02-1.1199201102463E+02 0.0000000000000E+00
 1.2319121212710E+02 1.1199201102463E+02 0.0000000000000E+00-1.2319121212710E+02
 1.1199201102463E+02 0.0000000000000E+00 1.2319121212710E+02-1.1199201102463E+02
 0.0000000000000E+00-1.1199201102463E+02-1.2319121212710E+02 0.0000000000000E+00
 1.1199201102463E+02 1.2319121212710E+02 0.0000000000000E+00-1.1199201102463E+02
 1.2319121212710E+02 0.0000000000000E+00 1.1199201102463E+02-1.2319121212710E+02
 0.0000000000000E+00-5.5996005512317E+01-1.5678881543449E+02 0.0000000000000E+00
 5.5996005512317E+01 1.5678881543449E+02 0.0000000000000E+00-5.5996005512317E+01
 1.5678881543449E+02 0.0000000000000E+00 5.5996005512317E+01-1.5678881543449E+02
 0.0000000000000E+00-1.6238841598572E+02-3.9197203858622E+01 0.0000000000000E+00
 1.6238841598572E+02 3.9197203858622E+01 0.0000000000000E+00-1.6238841598572E+02
 3.9197203858622E+01 0.0000000000000E+00 1.6238841598572E+02-3.9197203858622E+01
 0.0000000000000E+00-1.2879081267833E+02-1.0639241047340E+02 0.0000000000000E+00
 1.2879081267833E+02 1.0639241047340E+02 0.0000000000000E+00-1.2879081267833E+02
 1.0639241047340E+02 0.0000000000000E+00 1.2879081267833E+02-1.0639241047340E+02
 0.0000000000000E+00-1.0639241047340E+02-1.2879081267833E+02 0.0000000000000E+00
 1.0639241047340E+02 1.2879081267833E+02 0.0000000000000E+00-1.0639241047340E+02
 1.2879081267833E+02 0.0000000000000E+00 1.0639241047340E+02-1.2879081267833E+02
 0.0000000000000E+00-3.9197203858622E+01-1.6238841598572E+02 0.0000000000000E+00
 3.9197203858622E+01 1.6238841598572E+02 0.0000000000000E+00-3.9197203858622E+01
 1.6238841598572E+02 0.0000000000000E+00 3.9197203858622E+01-1.6238841598572E+02
 0.0000000000000E+00-1.5118921488326E+02-7.2794807166012E+01 0.0000000000000E+00
 1.5118921488326E+02 7.2794807166012E+01 0.0000000000000E+00-1.5118921488326E+02
 7.2794807166012E+01 0.0000000000000E+00 1.5118921488326E+02-7.2794807166012E+01
 0.0000000000000E+00-7.2794807166012E+01-1.5118921488326E+02 0.0000000000000E+00
 7.2794807166012E+01 1.5118921488326E+02 0.0000000000000E+00-7.2794807166012E+01
 1.5118921488326E+02 0.0000000000000E+00 7.2794807166012E+01-1.5118921488326E+02
 0.0000000000000E+00-1.6798801653695E+02 0.0000000000000E+00 0.0000000000000E+00
 1.6798801653695E+02 0.0000000000000E+00 0.0000000000000E+00-1.3439041322956E+02
-1.0079280992217E+02 0.0000000000000E+00 1.3439041322956E+02 1.0079280992217E+02
 0.0000000000000E+00-1.3439041322956E+02 1.0079280992217E+02 0.0000000000000E+00
 1.3439041322956E+02-1.0079280992217E+02 0.0000000000000E+00-1.0079280992217E+02
-1.3439041322956E+02 0.0000000000000E+00 1.0079280992217E+02 1.3439041322956E+02
 0.0000000000000E+00-1.0079280992217E+02 1.3439041322956E+02 0.0000000000000E+00
 1.0079280992217E+02-1.3439041322956E+02 0.0000000000000E+00 0.0000000000000E+00
-1.6798801653695E+02 0.0000000000000E+00 0.0000000000000E+00 1.6798801653695E+02
 0.0000000000000E+00-1.6798801653695E+02-5.5996005512317E+00 0.0000000000000E+00
 1.6798801653695E+02 5.5996005512317E+00 0.0000000000000E+00-1.6798801653695E+02
 5.5996005512317E+00 0.0000000000000E+00 1.6798801653695E+02-5.5996005512317E+00
 0.0000000000000E+00-1.4558961433202E+02-8.3994008268475E+01 0.0000000000000E+00
 1.4558961433202E+02 8.3994008268475E+01 0.0000000000000E+00-1.4558961433202E+02
 8.3994008268475E+01 0.0000000000000E+00 1.4558961433202E+02-8.3994008268475E+01
 0.0000000000000E+00-8.3994008268475E+01-1.4558961433202E+02 0.0000000000000E+00
 8.3994008268475E+01 1.4558961433202E+02 0.0000000000000E+00-8.3994008268475E+01
 1.4558961433202E+02 0.0000000000000E+00 8.3994008268475E+01-1.4558961433202E+02
 0.0000000000000E+00-5.5996005512317E+00-1.6798801653695E+02 0.0000000000000E+00
 5.5996005512317E+00 1.6798801653695E+02 0.0000000000000E+00-5.5996005512317E+00
 1.6798801653695E+02 0.0000000000000E+00 5.5996005512317E+00-1.6798801653695E+02
 0.0000000000000E+00-1.6798801653695E+02-1.1199201102463E+01 0.0000000000000E+00
 1.6798801653695E+02 1.1199201102463E+01 0.0000000000000E+00-1.6798801653695E+02
 1.1199201102463E+01 0.0000000000000E+00 1.6798801653695E+02-1.1199201102463E+01
 0.0000000000000E+00-1.1199201102463E+01-1.6798801653695E+02 0.0000000000000E+00
 1.1199201102463E+01 1.6798801653695E+02 0.0000000000000E+00-1.1199201102463E+01
 1.6798801653695E+02 0.0000000000000E+00 1.1199201102463E+01-1.6798801653695E+02
 0.0000000000000E+00-1.6238841598572E+02-4.4796804409854E+01 0.0000000000000E+00
 1.6238841598572E+02 4.4796804409854E+01 0.0000000000000E+00-1.6238841598572E+02
 4.4796804409854E+01 0.0000000000000E+00 1.6238841598572E+02-4.4796804409854E+01
 0.0000000000000E+00-1.5678881543449E+02-6.1595606063549E+01 0.0000000000000E+00
 1.5678881543449E+02 6.1595606063549E+01 0.0000000000000E+00-1.5678881543449E+02
 6.1595606063549E+01 0.0000000000000E+00 1.5678881543449E+02-6.1595606063549E+01
 0.0000000000000E+00-6.1595606063549E+01-1.5678881543449E+02 0.0000000000000E+00
 6.1595606063549E+01 1.5678881543449E+02 0.0000000000000E+00-6.1595606063549E+01
 1.5678881543449E+02 0.0000000000000E+00 6.1595606063549E+01-1.5678881543449E+02
 0.0000000000000E+00-4.4796804409854E+01-1.6238841598572E+02 0.0000000000000E+00
 4.4796804409854E+01 1.6238841598572E+02 0.0000000000000E+00-4.4796804409854E+01
 1.6238841598572E+02 0.0000000000000E+00 4.4796804409854E+01-1.6238841598572E+02
 0.0000000000000E+00-1.6798801653695E+02-1.6798801653695E+01 0.0000000000000E+00
 1.6798801653695E+02 1.6798801653695E+01 0.0000000000000E+00-1.6798801653695E+02
 1.6798801653695E+01 0.0000000000000E+00 1.6798801653695E+02-1.6798801653695E+01
 0.0000000000000E+00-1.6798801653695E+01-1.6798801653695E+02 0.0000000000000E+00
 1.6798801653695E+01 1.6798801653695E+02 0.0000000000000E+00-1.6798801653695E+01
 1.6798801653695E+02 0.0000000000000E+00 1.6798801653695E+01-1.6798801653695E+02
 0.0000000000000E+00-1.3999001378079E+02-9.5193209370939E+01 0.0000000000000E+00
 1.3999001378079E+02 9.5193209370939E+01 0.0000000000000E+00-1.3999001378079E+02
 9.5193209370939E+01 0.0000000000000E+00 1.3999001378079E+02-9.5193209370939E+01
 0.0000000000000E+00-9.5193209370939E+01-1.3999001378079E+02 0.0000000000000E+00
 9.5193209370939E+01 1.3999001378079E+02 0.0000000000000E+00-9.5193209370939E+01
 1.3999001378079E+02 0.0000000000000E+00 9.5193209370939E+01-1.3999001378079E+02
 0.0000000000000E+00-1.6798801653695E+02-2.2398402204927E+01 0.0000000000000E+00
 1.6798801653695E+02 2.2398402204927E+01 0.0000000000000E+00-1.6798801653695E+02
 2.2398402204927E+01 0.0000000000000E+00 1.6798801653695E+02-2.2398402204927E+01
 0.0000000000000E+00-2.2398402204927E+01-1.6798801653695E+02 0.0000000000000E+00
 2.2398402204927E+01 1.6798801653695E+02 0.0000000000000E+00-2.2398402204927E+01
 1.6798801653695E+02 0.0000000000000E+00 2.2398402204927E+01-1.6798801653695E+02
 0.0000000000000E+00-1.6238841598572E+02-5.0396404961085E+01 0.0000000000000E+00
 1.6238841598572E+02 5.0396404961085E+01 0.0000000000000E+00-1.6238841598572E+02
 5.0396404961085E+01 0.0000000000000E+00 1.6238841598572E+02-5.0396404961085E+01
 0.0000000000000E+00-5.0396404961085E+01-1.6238841598572E+02 0.0000000000000E+00
 5.0396404961085E+01 1.6238841598572E+02 0.0000000000000E+00-5.0396404961085E+01
 1.6238841598572E+02 0.0000000000000E+00 5.0396404961085E+01-1.6238841598572E+02
 0.0000000000000E+00-1.6798801653695E+02-2.7998002756158E+01 0.0000000000000E+00
 1.6798801653695E+02 2.7998002756158E+01 0.0000000000000E+00-1.6798801653695E+02
 2.7998002756158E+01 0.0000000000000E+00 1.6798801653695E+02-2.7998002756158E+01
 0.0000000000000E+00-1.5118921488326E+02-7.8394407717244E+01 0.0000000000000E+00
 1.5118921488326E+02 7.8394407717244E+01 0.0000000000000E+00-1.5118921488326E+02
 7.8394407717244E+01 0.0000000000000E+00 1.5118921488326E+02-7.8394407717244E+01
 0.0000000000000E+00-1.2319121212710E+02-1.1759161157587E+02 0.0000000000000E+00
 1.2319121212710E+02 1.1759161157587E+02 0.0000000000000E+00-1.2319121212710E+02
 1.1759161157587E+02 0.0000000000000E+00 1.2319121212710E+02-1.1759161157587E+02
 0.0000000000000E+00-1.1759161157587E+02-1.2319121212710E+02 0.0000000000000E+00
 1.1759161157587E+02 1.2319121212710E+02 0.0000000000000E+00-1.1759161157587E+02
 1.2319121212710E+02 0.0000000000000E+00 1.1759161157587E+02-1.2319121212710E+02
 0.0000000000000E+00-7.8394407717244E+01-1.5118921488326E+02 0.0000000000000E+00
 7.8394407717244E+01 1.5118921488326E+02 0.0000000000000E+00-7.8394407717244E+01
 1.5118921488326E+02 0.0000000000000E+00 7.8394407717244E+01-1.5118921488326E+02
 0.0000000000000E+00-2.7998002756158E+01-1.6798801653695E+02 0.0000000000000E+00
 2.7998002756158E+01 1.6798801653695E+02 0.0000000000000E+00-2.7998002756158E+01
 1.6798801653695E+02 0.0000000000000E+00 2.7998002756158E+01-1.6798801653695E+02
 0.0000000000000E+00-1.5678881543449E+02-6.7195206614780E+01 0.0000000000000E+00
 1.5678881543449E+02 6.7195206614780E+01 0.0000000000000E+00-1.5678881543449E+02
 6.7195206614780E+01 0.0000000000000E+00 1.5678881543449E+02-6.7195206614780E+01
 0.0000000000000E+00-6.7195206614780E+01-1.5678881543449E+02 0.0000000000000E+00
 6.7195206614780E+01 1.5678881543449E+02 0.0000000000000E+00-6.7195206614780E+01
 1.5678881543449E+02 0.0000000000000E+00 6.7195206614780E+01-1.5678881543449E+02
 0.0000000000000E+00-1.2879081267833E+02-1.1199201102463E+02 0.0000000000000E+00
 1.2879081267833E+02 1.1199201102463E+02 0.0000000000000E+00-1.2879081267833E+02
 1.1199201102463E+02 0.0000000000000E+00 1.2879081267833E+02-1.1199201102463E+02
 0.0000000000000E+00-1.1199201102463E+02-1.2879081267833E+02 0.0000000000000E+00
 1.1199201102463E+02 1.2879081267833E+02 0.0000000000000E+00-1.1199201102463E+02
 1.2879081267833E+02 0.0000000000000E+00 1.1199201102463E+02-1.2879081267833E+02
 0.0000000000000E+00-1.4558961433202E+02-8.9593608819707E+01 0.0000000000000E+00
 1.4558961433202E+02 8.9593608819707E+01 0.0000000000000E+00-1.4558961433202E+02
 8.9593608819707E+01 0.0000000000000E+00 1.4558961433202E+02-8.9593608819707E+01
 0.0000000000000E+00-8.9593608819707E+01-1.4558961433202E+02 0.0000000000000E+00
 8.9593608819707E+01 1.4558961433202E+02 0.0000000000000E+00-8.9593608819707E+01
 1.4558961433202E+02 0.0000000000000E+00 8.9593608819707E+01-1.4558961433202E+02
 0.0000000000000E+00-1.6798801653695E+02-3.3597603307390E+01 0.0000000000000E+00
 1.6798801653695E+02 3.3597603307390E+01 0.0000000000000E+00-1.6798801653695E+02
 3.3597603307390E+01 0.0000000000000E+00 1.6798801653695E+02-3.3597603307390E+01
 0.0000000000000E+00-3.3597603307390E+01-1.6798801653695E+02 0.0000000000000E+00
 3.3597603307390E+01 1.6798801653695E+02 0.0000000000000E+00-3.3597603307390E+01
 1.6798801653695E+02 0.0000000000000E+00 3.3597603307390E+01-1.6798801653695E+02
 0.0000000000000E+00-1.3439041322956E+02-1.0639241047340E+02 0.0000000000000E+00
 1.3439041322956E+02 1.0639241047340E+02 0.0000000000000E+00-1.3439041322956E+02
 1.0639241047340E+02 0.0000000000000E+00 1.3439041322956E+02-1.0639241047340E+02
 0.0000000000000E+00-1.0639241047340E+02-1.3439041322956E+02 0.0000000000000E+00
 1.0639241047340E+02 1.3439041322956E+02 0.0000000000000E+00-1.0639241047340E+02
 1.3439041322956E+02 0.0000000000000E+00 1.0639241047340E+02-1.3439041322956E+02
 0.0000000000000E+00-1.6238841598572E+02-5.5996005512317E+01 0.0000000000000E+00
 1.6238841598572E+02 5.5996005512317E+01 0.0000000000000E+00-1.6238841598572E+02
 5.5996005512317E+01 0.0000000000000E+00 1.6238841598572E+02-5.5996005512317E+01
 0.0000000000000E+00-5.5996005512317E+01-1.6238841598572E+02 0.0000000000000E+00
 5.5996005512317E+01 1.6238841598572E+02 0.0000000000000E+00-5.5996005512317E+01
 1.6238841598572E+02 0.0000000000000E+00 5.5996005512317E+01-1.6238841598572E+02
 0.0000000000000E+00-1.6798801653695E+02-3.9197203858622E+01 0.0000000000000E+00
 1.6798801653695E+02 3.9197203858622E+01 0.0000000000000E+00-1.6798801653695E+02
 3.9197203858622E+01 0.0000000000000E+00 1.6798801653695E+02-3.9197203858622E+01
 0.0000000000000E+00-1.3999001378079E+02-1.0079280992217E+02 0.0000000000000E+00
 1.3999001378079E+02 1.0079280992217E+02 0.0000000000000E+00-1.3999001378079E+02
 1.0079280992217E+02 0.0000000000000E+00 1.3999001378079E+02-1.0079280992217E+02
 0.0000000000000E+00-1.0079280992217E+02-1.3999001378079E+02 0.0000000000000E+00
 1.0079280992217E+02 1.3999001378079E+02 0.0000000000000E+00-1.0079280992217E+02
 1.3999001378079E+02 0.0000000000000E+00 1.0079280992217E+02-1.3999001378079E+02
 0.0000000000000E+00-3.9197203858622E+01-1.6798801653695E+02 0.0000000000000E+00
 3.9197203858622E+01 1.6798801653695E+02 0.0000000000000E+00-3.9197203858622E+01
 1.6798801653695E+02 0.0000000000000E+00 3.9197203858622E+01-1.6798801653695E+02
 0.0000000000000E+00-1.5678881543449E+02-7.2794807166012E+01 0.0000000000000E+00
 1.5678881543449E+02 7.2794807166012E+01 0.0000000000000E+00-1.5678881543449E+02
 7.2794807166012E+01 0.0000000000000E+00 1.5678881543449E+02-7.2794807166012E+01
 0.0000000000000E+00-7.2794807166012E+01-1.5678881543449E+02 0.0000000000000E+00
 7.2794807166012E+01 1.5678881543449E+02 0.0000000000000E+00-7.2794807166012E+01
 1.5678881543449E+02 0.0000000000000E+00 7.2794807166012E+01-1.5678881543449E+02
 0.0000000000000E+00-1.5118921488326E+02-8.3994008268475E+01 0.0000000000000E+00
 1.5118921488326E+02 8.3994008268475E+01 0.0000000000000E+00-1.5118921488326E+02
 8.3994008268475E+01 0.0000000000000E+00 1.5118921488326E+02-8.3994008268475E+01
 0.0000000000000E+00-8.3994008268475E+01-1.5118921488326E+02 0.0000000000000E+00
 8.3994008268475E+01 1.5118921488326E+02 0.0000000000000E+00-8.3994008268475E+01
 1.5118921488326E+02 0.0000000000000E+00 8.3994008268475E+01-1.5118921488326E+02
 0.0000000000000E+00-1.7358761708818E+02 0.0000000000000E+00 0.0000000000000E+00
 1.7358761708818E+02 0.0000000000000E+00 0.0000000000000E+00 0.0000000000000E+00
-1.7358761708818E+02 0.0000000000000E+00 0.0000000000000E+00 1.7358761708818E+02
 0.0000000000000E+00-1.7358761708818E+02-5.5996005512317E+00 0.0000000000000E+00
 1.7358761708818E+02 5.5996005512317E+00 0.0000000000000E+00-1.7358761708818E+02
 5.5996005512317E+00 0.0000000000000E+00 1.7358761708818E+02-5.5996005512317E+00
 0.0000000000000E+00-1.6238841598572E+02-6.1595606063549E+01 0.0000000000000E+00
 1.6238841598572E+02 6.1595606063549E+01 0.0000000000000E+00-1.6238841598572E+02
 6.1595606063549E+01 0.0000000000000E+00 1.6238841598572E+02-6.1595606063549E+01
 0.0000000000000E+00-6.1595606063549E+01-1.6238841598572E+02 0.0000000000000E+00
 6.1595606063549E+01 1.6238841598572E+02 0.0000000000000E+00-6.1595606063549E+01
 1.6238841598572E+02 0.0000000000000E+00 6.1595606063549E+01-1.6238841598572E+02
 0.0000000000000E+00-5.5996005512317E+00-1.7358761708818E+02 0.0000000000000E+00
 5.5996005512317E+00 1.7358761708818E+02 0.0000000000000E+00-5.5996005512317E+00
 1.7358761708818E+02 0.0000000000000E+00 5.5996005512317E+00-1.7358761708818E+02
 0.0000000000000E+00-1.6798801653695E+02-4.4796804409854E+01 0.0000000000000E+00
 1.6798801653695E+02 4.4796804409854E+01 0.0000000000000E+00-1.6798801653695E+02
 4.4796804409854E+01 0.0000000000000E+00 1.6798801653695E+02-4.4796804409854E+01
 0.0000000000000E+00-4.4796804409854E+01-1.6798801653695E+02 0.0000000000000E+00
 4.4796804409854E+01 1.6798801653695E+02 0.0000000000000E+00-4.4796804409854E+01
 1.6798801653695E+02 0.0000000000000E+00 4.4796804409854E+01-1.6798801653695E+02
 0.0000000000000E+00-1.7358761708818E+02-1.1199201102463E+01 0.0000000000000E+00
 1.7358761708818E+02 1.1199201102463E+01 0.0000000000000E+00-1.7358761708818E+02
 1.1199201102463E+01 0.0000000000000E+00 1.7358761708818E+02-1.1199201102463E+01
 0.0000000000000E+00-1.4558961433202E+02-9.5193209370939E+01 0.0000000000000E+00
 1.4558961433202E+02 9.5193209370939E+01 0.0000000000000E+00-1.4558961433202E+02
 9.5193209370939E+01 0.0000000000000E+00 1.4558961433202E+02-9.5193209370939E+01
 0.0000000000000E+00-9.5193209370939E+01-1.4558961433202E+02 0.0000000000000E+00
 9.5193209370939E+01 1.4558961433202E+02 0.0000000000000E+00-9.5193209370939E+01
 1.4558961433202E+02 0.0000000000000E+00 9.5193209370939E+01-1.4558961433202E+02
 0.0000000000000E+00-1.1199201102463E+01-1.7358761708818E+02 0.0000000000000E+00
 1.1199201102463E+01 1.7358761708818E+02 0.0000000000000E+00-1.1199201102463E+01
 1.7358761708818E+02 0.0000000000000E+00 1.1199201102463E+01-1.7358761708818E+02
 0.0000000000000E+00-1.2319121212710E+02-1.2319121212710E+02 0.0000000000000E+00
 1.2319121212710E+02 1.2319121212710E+02 0.0000000000000E+00-1.2319121212710E+02
 1.2319121212710E+02 0.0000000000000E+00 1.2319121212710E+02-1.2319121212710E+02
 0.0000000000000E+00-1.7358761708818E+02-1.6798801653695E+01 0.0000000000000E+00
 1.7358761708818E+02 1.6798801653695E+01 0.0000000000000E+00-1.7358761708818E+02
 1.6798801653695E+01 0.0000000000000E+00 1.7358761708818E+02-1.6798801653695E+01
 0.0000000000000E+00-1.2879081267833E+02-1.1759161157587E+02 0.0000000000000E+00
 1.2879081267833E+02 1.1759161157587E+02 0.0000000000000E+00-1.2879081267833E+02
 1.1759161157587E+02 0.0000000000000E+00 1.2879081267833E+02-1.1759161157587E+02
 0.0000000000000E+00-1.1759161157587E+02-1.2879081267833E+02 0.0000000000000E+00
 1.1759161157587E+02 1.2879081267833E+02 0.0000000000000E+00-1.1759161157587E+02
 1.2879081267833E+02 0.0000000000000E+00 1.1759161157587E+02-1.2879081267833E+02
 0.0000000000000E+00-1.6798801653695E+01-1.7358761708818E+02 0.0000000000000E+00
 1.6798801653695E+01 1.7358761708818E+02 0.0000000000000E+00-1.6798801653695E+01
 1.7358761708818E+02 0.0000000000000E+00 1.6798801653695E+01-1.7358761708818E+02
 0.0000000000000E+00-1.3439041322956E+02-1.1199201102463E+02 0.0000000000000E+00
 1.3439041322956E+02 1.1199201102463E+02 0.0000000000000E+00-1.3439041322956E+02
 1.1199201102463E+02 0.0000000000000E+00 1.3439041322956E+02-1.1199201102463E+02
 0.0000000000000E+00-1.1199201102463E+02-1.3439041322956E+02 0.0000000000000E+00
 1.1199201102463E+02 1.3439041322956E+02 0.0000000000000E+00-1.1199201102463E+02
 1.3439041322956E+02 0.0000000000000E+00 1.1199201102463E+02-1.3439041322956E+02
 0.0000000000000E+00-1.7358761708818E+02-2.2398402204927E+01 0.0000000000000E+00
 1.7358761708818E+02 2.2398402204927E+01 0.0000000000000E+00-1.7358761708818E+02
 2.2398402204927E+01 0.0000000000000E+00 1.7358761708818E+02-2.2398402204927E+01
 0.0000000000000E+00-2.2398402204927E+01-1.7358761708818E+02 0.0000000000000E+00
 2.2398402204927E+01 1.7358761708818E+02 0.0000000000000E+00-2.2398402204927E+01
 1.7358761708818E+02 0.0000000000000E+00 2.2398402204927E+01-1.7358761708818E+02
 0.0000000000000E+00-1.5678881543449E+02-7.8394407717244E+01 0.0000000000000E+00
 1.5678881543449E+02 7.8394407717244E+01 0.0000000000000E+00-1.5678881543449E+02
 7.8394407717244E+01 0.0000000000000E+00 1.5678881543449E+02-7.8394407717244E+01
 0.0000000000000E+00-7.8394407717244E+01-1.5678881543449E+02 0.0000000000000E+00
 7.8394407717244E+01 1.5678881543449E+02 0.0000000000000E+00-7.8394407717244E+01
 1.5678881543449E+02 0.0000000000000E+00 7.8394407717244E+01-1.5678881543449E+02
 0.0000000000000E+00-1.6798801653695E+02-5.0396404961085E+01 0.0000000000000E+00
 1.6798801653695E+02 5.0396404961085E+01 0.0000000000000E+00-1.6798801653695E+02
 5.0396404961085E+01 0.0000000000000E+00 1.6798801653695E+02-5.0396404961085E+01
 0.0000000000000E+00-5.0396404961085E+01-1.6798801653695E+02 0.0000000000000E+00
 5.0396404961085E+01 1.6798801653695E+02 0.0000000000000E+00-5.0396404961085E+01
 1.6798801653695E+02 0.0000000000000E+00 5.0396404961085E+01-1.6798801653695E+02
 0.0000000000000E+00-1.6238841598572E+02-6.7195206614780E+01 0.0000000000000E+00
 1.6238841598572E+02 6.7195206614780E+01 0.0000000000000E+00-1.6238841598572E+02
 6.7195206614780E+01 0.0000000000000E+00 1.6238841598572E+02-6.7195206614780E+01
 0.0000000000000E+00-1.5118921488326E+02-8.9593608819707E+01 0.0000000000000E+00
 1.5118921488326E+02 8.9593608819707E+01 0.0000000000000E+00-1.5118921488326E+02
 8.9593608819707E+01 0.0000000000000E+00 1.5118921488326E+02-8.9593608819707E+01
 0.0000000000000E+00-8.9593608819707E+01-1.5118921488326E+02 0.0000000000000E+00
 8.9593608819707E+01 1.5118921488326E+02 0.0000000000000E+00-8.9593608819707E+01
 1.5118921488326E+02 0.0000000000000E+00 8.9593608819707E+01-1.5118921488326E+02
 0.0000000000000E+00-6.7195206614780E+01-1.6238841598572E+02 0.0000000000000E+00
 6.7195206614780E+01 1.6238841598572E+02 0.0000000000000E+00-6.7195206614780E+01
 1.6238841598572E+02 0.0000000000000E+00 6.7195206614780E+01-1.6238841598572E+02
 0.0000000000000E+00-1.7358761708818E+02-2.7998002756158E+01 0.0000000000000E+00
 1.7358761708818E+02 2.7998002756158E+01 0.0000000000000E+00-1.7358761708818E+02
 2.7998002756158E+01 0.0000000000000E+00 1.7358761708818E+02-2.7998002756158E+01
 0.0000000000000E+00-1.3999001378079E+02-1.0639241047340E+02 0.0000000000000E+00
 1.3999001378079E+02 1.0639241047340E+02 0.0000000000000E+00-1.3999001378079E+02
 1.0639241047340E+02 0.0000000000000E+00 1.3999001378079E+02-1.0639241047340E+02
 0.0000000000000E+00-1.0639241047340E+02-1.3999001378079E+02 0.0000000000000E+00
 1.0639241047340E+02 1.3999001378079E+02 0.0000000000000E+00-1.0639241047340E+02
 1.3999001378079E+02 0.0000000000000E+00 1.0639241047340E+02-1.3999001378079E+02
 0.0000000000000E+00-2.7998002756158E+01-1.7358761708818E+02 0.0000000000000E+00
 2.7998002756158E+01 1.7358761708818E+02 0.0000000000000E+00-2.7998002756158E+01
 1.7358761708818E+02 0.0000000000000E+00 2.7998002756158E+01-1.7358761708818E+02
 0.0000000000000E+00-1.7358761708818E+02-3.3597603307390E+01 0.0000000000000E+00
 1.7358761708818E+02 3.3597603307390E+01 0.0000000000000E+00-1.7358761708818E+02
 3.3597603307390E+01 0.0000000000000E+00 1.7358761708818E+02-3.3597603307390E+01
 0.0000000000000E+00-3.3597603307390E+01-1.7358761708818E+02 0.0000000000000E+00
 3.3597603307390E+01 1.7358761708818E+02 0.0000000000000E+00-3.3597603307390E+01
 1.7358761708818E+02 0.0000000000000E+00 3.3597603307390E+01-1.7358761708818E+02
 0.0000000000000E+00-1.6798801653695E+02-5.5996005512317E+01 0.0000000000000E+00
 1.6798801653695E+02 5.5996005512317E+01 0.0000000000000E+00-1.6798801653695E+02
 5.5996005512317E+01 0.0000000000000E+00 1.6798801653695E+02-5.5996005512317E+01
 0.0000000000000E+00-1.4558961433202E+02-1.0079280992217E+02 0.0000000000000E+00
 1.4558961433202E+02 1.0079280992217E+02 0.0000000000000E+00-1.4558961433202E+02
 1.0079280992217E+02 0.0000000000000E+00 1.4558961433202E+02-1.0079280992217E+02
 0.0000000000000E+00-1.0079280992217E+02-1.4558961433202E+02 0.0000000000000E+00
 1.0079280992217E+02 1.4558961433202E+02 0.0000000000000E+00-1.0079280992217E+02
 1.4558961433202E+02 0.0000000000000E+00 1.0079280992217E+02-1.4558961433202E+02
 0.0000000000000E+00-5.5996005512317E+01-1.6798801653695E+02 0.0000000000000E+00
 5.5996005512317E+01 1.6798801653695E+02 0.0000000000000E+00-5.5996005512317E+01
 1.6798801653695E+02 0.0000000000000E+00 5.5996005512317E+01-1.6798801653695E+02
 0.0000000000000E+00-1.5678881543449E+02-8.3994008268475E+01 0.0000000000000E+00
 1.5678881543449E+02 8.3994008268475E+01 0.0000000000000E+00-1.5678881543449E+02
 8.3994008268475E+01 0.0000000000000E+00 1.5678881543449E+02-8.3994008268475E+01
 0.0000000000000E+00-8.3994008268475E+01-1.5678881543449E+02 0.0000000000000E+00
 8.3994008268475E+01 1.5678881543449E+02 0.0000000000000E+00-8.3994008268475E+01
 1.5678881543449E+02 0.0000000000000E+00 8.3994008268475E+01-1.5678881543449E+02
 0.0000000000000E+00-1.7358761708818E+02-3.9197203858622E+01 0.0000000000000E+00
 1.7358761708818E+02 3.9197203858622E+01 0.0000000000000E+00-1.7358761708818E+02
 3.9197203858622E+01 0.0000000000000E+00 1.7358761708818E+02-3.9197203858622E+01
 0.0000000000000E+00-1.6238841598572E+02-7.2794807166012E+01 0.0000000000000E+00
 1.6238841598572E+02 7.2794807166012E+01 0.0000000000000E+00-1.6238841598572E+02
 7.2794807166012E+01 0.0000000000000E+00 1.6238841598572E+02-7.2794807166012E+01
 0.0000000000000E+00-7.2794807166012E+01-1.6238841598572E+02 0.0000000000000E+00
 7.2794807166012E+01 1.6238841598572E+02 0.0000000000000E+00-7.2794807166012E+01
 1.6238841598572E+02 0.0000000000000E+00 7.2794807166012E+01-1.6238841598572E+02
 0.0000000000000E+00-3.9197203858622E+01-1.7358761708818E+02 0.0000000000000E+00
 3.9197203858622E+01 1.7358761708818E+02 0.0000000000000E+00-3.9197203858622E+01
 1.7358761708818E+02 0.0000000000000E+00 3.9197203858622E+01-1.7358761708818E+02
 0.0000000000000E+00-1.2879081267833E+02-1.2319121212710E+02 0.0000000000000E+00
 1.2879081267833E+02 1.2319121212710E+02 0.0000000000000E+00-1.2879081267833E+02
 1.2319121212710E+02 0.0000000000000E+00 1.2879081267833E+02-1.2319121212710E+02
 0.0000000000000E+00-1.2319121212710E+02-1.2879081267833E+02 0.0000000000000E+00
 1.2319121212710E+02 1.2879081267833E+02 0.0000000000000E+00-1.2319121212710E+02
 1.2879081267833E+02 0.0000000000000E+00 1.2319121212710E+02-1.2879081267833E+02
 0.0000000000000E+00-1.3439041322956E+02-1.1759161157587E+02 0.0000000000000E+00
 1.3439041322956E+02 1.1759161157587E+02 0.0000000000000E+00-1.3439041322956E+02
 1.1759161157587E+02 0.0000000000000E+00 1.3439041322956E+02-1.1759161157587E+02
 0.0000000000000E+00-1.1759161157587E+02-1.3439041322956E+02 0.0000000000000E+00
 1.1759161157587E+02 1.3439041322956E+02 0.0000000000000E+00-1.1759161157587E+02
 1.3439041322956E+02 0.0000000000000E+00 1.1759161157587E+02-1.3439041322956E+02
 0.0000000000000E+00-1.5118921488326E+02-9.5193209370939E+01 0.0000000000000E+00
 1.5118921488326E+02 9.5193209370939E+01 0.0000000000000E+00-1.5118921488326E+02
 9.5193209370939E+01 0.0000000000000E+00 1.5118921488326E+02-9.5193209370939E+01
 0.0000000000000E+00-9.5193209370939E+01-1.5118921488326E+02 0.0000000000000E+00
 9.5193209370939E+01 1.5118921488326E+02 0.0000000000000E+00-9.5193209370939E+01
 1.5118921488326E+02 0.0000000000000E+00 9.5193209370939E+01-1.5118921488326E+02
 0.0000000000000E+00-1.6798801653695E+02-6.1595606063549E+01 0.0000000000000E+00
 1.6798801653695E+02 6.1595606063549E+01 0.0000000000000E+00-1.6798801653695E+02
 6.1595606063549E+01 0.0000000000000E+00 1.6798801653695E+02-6.1595606063549E+01
 0.0000000000000E+00-6.1595606063549E+01-1.6798801653695E+02 0.0000000000000E+00
 6.1595606063549E+01 1.6798801653695E+02 0.0000000000000E+00-6.1595606063549E+01
 1.6798801653695E+02 0.0000000000000E+00 6.1595606063549E+01-1.6798801653695E+02
 0.0000000000000E+00-1.7918721763941E+02 0.0000000000000E+00 0.0000000000000E+00
 1.7918721763941E+02 0.0000000000000E+00 0.0000000000000E+00 0.0000000000000E+00
-1.7918721763941E+02 0.0000000000000E+00 0.0000000000000E+00 1.7918721763941E+02
 0.0000000000000E+00-1.7918721763941E+02-5.5996005512317E+00 0.0000000000000E+00
 1.7918721763941E+02 5.5996005512317E+00 0.0000000000000E+00-1.7918721763941E+02
 5.5996005512317E+00 0.0000000000000E+00 1.7918721763941E+02-5.5996005512317E+00
 0.0000000000000E+00-1.7358761708818E+02-4.4796804409854E+01 0.0000000000000E+00
 1.7358761708818E+02 4.4796804409854E+01 0.0000000000000E+00-1.7358761708818E+02
 4.4796804409854E+01 0.0000000000000E+00 1.7358761708818E+02-4.4796804409854E+01
 0.0000000000000E+00-1.3999001378079E+02-1.1199201102463E+02 0.0000000000000E+00
 1.3999001378079E+02 1.1199201102463E+02 0.0000000000000E+00-1.3999001378079E+02
 1.1199201102463E+02 0.0000000000000E+00 1.3999001378079E+02-1.1199201102463E+02
 0.0000000000000E+00-1.1199201102463E+02-1.3999001378079E+02 0.0000000000000E+00
 1.1199201102463E+02 1.3999001378079E+02 0.0000000000000E+00-1.1199201102463E+02
 1.3999001378079E+02 0.0000000000000E+00 1.1199201102463E+02-1.3999001378079E+02
 0.0000000000000E+00-4.4796804409854E+01-1.7358761708818E+02 0.0000000000000E+00
 4.4796804409854E+01 1.7358761708818E+02 0.0000000000000E+00-4.4796804409854E+01
 1.7358761708818E+02 0.0000000000000E+00 4.4796804409854E+01-1.7358761708818E+02
 0.0000000000000E+00-5.5996005512317E+00-1.7918721763941E+02 0.0000000000000E+00
 5.5996005512317E+00 1.7918721763941E+02 0.0000000000000E+00-5.5996005512317E+00
 1.7918721763941E+02 0.0000000000000E+00 5.5996005512317E+00-1.7918721763941E+02
 0.0000000000000E+00-1.7918721763941E+02-1.1199201102463E+01 0.0000000000000E+00
 1.7918721763941E+02 1.1199201102463E+01 0.0000000000000E+00-1.7918721763941E+02
 1.1199201102463E+01 0.0000000000000E+00 1.7918721763941E+02-1.1199201102463E+01
 0.0000000000000E+00-1.1199201102463E+01-1.7918721763941E+02 0.0000000000000E+00
 1.1199201102463E+01 1.7918721763941E+02 0.0000000000000E+00-1.1199201102463E+01
 1.7918721763941E+02 0.0000000000000E+00 1.1199201102463E+01-1.7918721763941E+02
 0.0000000000000E+00-1.7918721763941E+02-1.6798801653695E+01 0.0000000000000E+00
 1.7918721763941E+02 1.6798801653695E+01 0.0000000000000E+00-1.7918721763941E+02
 1.6798801653695E+01 0.0000000000000E+00 1.7918721763941E+02-1.6798801653695E+01
 0.0000000000000E+00-1.6798801653695E+01-1.7918721763941E+02 0.0000000000000E+00
 1.6798801653695E+01 1.7918721763941E+02 0.0000000000000E+00-1.6798801653695E+01
 1.7918721763941E+02 0.0000000000000E+00 1.6798801653695E+01-1.7918721763941E+02
 0.0000000000000E+00-1.6238841598572E+02-7.8394407717244E+01 0.0000000000000E+00
 1.6238841598572E+02 7.8394407717244E+01 0.0000000000000E+00-1.6238841598572E+02
 7.8394407717244E+01 0.0000000000000E+00 1.6238841598572E+02-7.8394407717244E+01
 0.0000000000000E+00-1.4558961433202E+02-1.0639241047340E+02 0.0000000000000E+00
 1.4558961433202E+02 1.0639241047340E+02 0.0000000000000E+00-1.4558961433202E+02
 1.0639241047340E+02 0.0000000000000E+00 1.4558961433202E+02-1.0639241047340E+02
 0.0000000000000E+00-1.0639241047340E+02-1.4558961433202E+02 0.0000000000000E+00
 1.0639241047340E+02 1.4558961433202E+02 0.0000000000000E+00-1.0639241047340E+02
 1.4558961433202E+02 0.0000000000000E+00 1.0639241047340E+02-1.4558961433202E+02
 0.0000000000000E+00-7.8394407717244E+01-1.6238841598572E+02 0.0000000000000E+00
 7.8394407717244E+01 1.6238841598572E+02 0.0000000000000E+00-7.8394407717244E+01
 1.6238841598572E+02 0.0000000000000E+00 7.8394407717244E+01-1.6238841598572E+02
 0.0000000000000E+00-1.7918721763941E+02-2.2398402204927E+01 0.0000000000000E+00
 1.7918721763941E+02 2.2398402204927E+01 0.0000000000000E+00-1.7918721763941E+02
 2.2398402204927E+01 0.0000000000000E+00 1.7918721763941E+02-2.2398402204927E+01
 0.0000000000000E+00-1.5678881543449E+02-8.9593608819707E+01 0.0000000000000E+00
 1.5678881543449E+02 8.9593608819707E+01 0.0000000000000E+00-1.5678881543449E+02
 8.9593608819707E+01 0.0000000000000E+00 1.5678881543449E+02-8.9593608819707E+01
 0.0000000000000E+00-8.9593608819707E+01-1.5678881543449E+02 0.0000000000000E+00
 8.9593608819707E+01 1.5678881543449E+02 0.0000000000000E+00-8.9593608819707E+01
 1.5678881543449E+02 0.0000000000000E+00 8.9593608819707E+01-1.5678881543449E+02
 0.0000000000000E+00-2.2398402204927E+01-1.7918721763941E+02 0.0000000000000E+00
 2.2398402204927E+01 1.7918721763941E+02 0.0000000000000E+00-2.2398402204927E+01
 1.7918721763941E+02 0.0000000000000E+00 2.2398402204927E+01-1.7918721763941E+02
 0.0000000000000E+00-1.7358761708818E+02-5.0396404961085E+01 0.0000000000000E+00
 1.7358761708818E+02 5.0396404961085E+01 0.0000000000000E+00-1.7358761708818E+02
 5.0396404961085E+01 0.0000000000000E+00 1.7358761708818E+02-5.0396404961085E+01
 0.0000000000000E+00-5.0396404961085E+01-1.7358761708818E+02 0.0000000000000E+00
 5.0396404961085E+01 1.7358761708818E+02 0.0000000000000E+00-5.0396404961085E+01
 1.7358761708818E+02 0.0000000000000E+00 5.0396404961085E+01-1.7358761708818E+02
 0.0000000000000E+00-1.6798801653695E+02-6.7195206614780E+01 0.0000000000000E+00
 1.6798801653695E+02 6.7195206614780E+01 0.0000000000000E+00-1.6798801653695E+02
 6.7195206614780E+01 0.0000000000000E+00 1.6798801653695E+02-6.7195206614780E+01
 0.0000000000000E+00-6.7195206614780E+01-1.6798801653695E+02 0.0000000000000E+00
 6.7195206614780E+01 1.6798801653695E+02 0.0000000000000E+00-6.7195206614780E+01
 1.6798801653695E+02 0.0000000000000E+00 6.7195206614780E+01-1.6798801653695E+02
 0.0000000000000E+00-1.7918721763941E+02-2.7998002756158E+01 0.0000000000000E+00
 1.7918721763941E+02 2.7998002756158E+01 0.0000000000000E+00-1.7918721763941E+02
 2.7998002756158E+01 0.0000000000000E+00 1.7918721763941E+02-2.7998002756158E+01
 0.0000000000000E+00-2.7998002756158E+01-1.7918721763941E+02 0.0000000000000E+00
 2.7998002756158E+01 1.7918721763941E+02 0.0000000000000E+00-2.7998002756158E+01
 1.7918721763941E+02 0.0000000000000E+00 2.7998002756158E+01-1.7918721763941E+02
 0.0000000000000E+00-1.5118921488326E+02-1.0079280992217E+02 0.0000000000000E+00
 1.5118921488326E+02 1.0079280992217E+02 0.0000000000000E+00-1.5118921488326E+02
 1.0079280992217E+02 0.0000000000000E+00 1.5118921488326E+02-1.0079280992217E+02
 0.0000000000000E+00-1.0079280992217E+02-1.5118921488326E+02 0.0000000000000E+00
 1.0079280992217E+02 1.5118921488326E+02 0.0000000000000E+00-1.0079280992217E+02
 1.5118921488326E+02 0.0000000000000E+00 1.0079280992217E+02-1.5118921488326E+02
 0.0000000000000E+00-1.2879081267833E+02-1.2879081267833E+02 0.0000000000000E+00
 1.2879081267833E+02 1.2879081267833E+02 0.0000000000000E+00-1.2879081267833E+02
 1.2879081267833E+02 0.0000000000000E+00 1.2879081267833E+02-1.2879081267833E+02
 0.0000000000000E+00-1.7918721763941E+02-3.3597603307390E+01 0.0000000000000E+00
 1.7918721763941E+02 3.3597603307390E+01 0.0000000000000E+00-1.7918721763941E+02
 3.3597603307390E+01 0.0000000000000E+00 1.7918721763941E+02-3.3597603307390E+01
 0.0000000000000E+00-1.3439041322956E+02-1.2319121212710E+02 0.0000000000000E+00
 1.3439041322956E+02 1.2319121212710E+02 0.0000000000000E+00-1.3439041322956E+02
 1.2319121212710E+02 0.0000000000000E+00 1.3439041322956E+02-1.2319121212710E+02
 0.0000000000000E+00-1.2319121212710E+02-1.3439041322956E+02 0.0000000000000E+00
 1.2319121212710E+02 1.3439041322956E+02 0.0000000000000E+00-1.2319121212710E+02
 1.3439041322956E+02 0.0000000000000E+00 1.2319121212710E+02-1.3439041322956E+02
 0.0000000000000E+00-3.3597603307390E+01-1.7918721763941E+02 0.0000000000000E+00
 3.3597603307390E+01 1.7918721763941E+02 0.0000000000000E+00-3.3597603307390E+01
 1.7918721763941E+02 0.0000000000000E+00 3.3597603307390E+01-1.7918721763941E+02
 0.0000000000000E+00-1.7358761708818E+02-5.5996005512317E+01 0.0000000000000E+00
 1.7358761708818E+02 5.5996005512317E+01 0.0000000000000E+00-1.7358761708818E+02
 5.5996005512317E+01 0.0000000000000E+00 1.7358761708818E+02-5.5996005512317E+01
 0.0000000000000E+00-5.5996005512317E+01-1.7358761708818E+02 0.0000000000000E+00
 5.5996005512317E+01 1.7358761708818E+02 0.0000000000000E+00-5.5996005512317E+01
 1.7358761708818E+02 0.0000000000000E+00 5.5996005512317E+01-1.7358761708818E+02
 0.0000000000000E+00-1.6238841598572E+02-8.3994008268475E+01 0.0000000000000E+00
 1.6238841598572E+02 8.3994008268475E+01 0.0000000000000E+00-1.6238841598572E+02
 8.3994008268475E+01 0.0000000000000E+00 1.6238841598572E+02-8.3994008268475E+01
 0.0000000000000E+00-1.3999001378079E+02-1.1759161157587E+02 0.0000000000000E+00
 1.3999001378079E+02 1.1759161157587E+02 0.0000000000000E+00-1.3999001378079E+02
 1.1759161157587E+02 0.0000000000000E+00 1.3999001378079E+02-1.1759161157587E+02
 0.0000000000000E+00-1.1759161157587E+02-1.3999001378079E+02 0.0000000000000E+00
 1.1759161157587E+02 1.3999001378079E+02 0.0000000000000E+00-1.1759161157587E+02
 1.3999001378079E+02 0.0000000000000E+00 1.1759161157587E+02-1.3999001378079E+02
 0.0000000000000E+00-8.3994008268475E+01-1.6238841598572E+02 0.0000000000000E+00
 8.3994008268475E+01 1.6238841598572E+02 0.0000000000000E+00-8.3994008268475E+01
 1.6238841598572E+02 0.0000000000000E+00 8.3994008268475E+01-1.6238841598572E+02
 0.0000000000000E+00-1.6798801653695E+02-7.2794807166012E+01 0.0000000000000E+00
 1.6798801653695E+02 7.2794807166012E+01 0.0000000000000E+00-1.6798801653695E+02
 7.2794807166012E+01 0.0000000000000E+00 1.6798801653695E+02-7.2794807166012E+01
 0.0000000000000E+00-7.2794807166012E+01-1.6798801653695E+02 0.0000000000000E+00
 7.2794807166012E+01 1.6798801653695E+02 0.0000000000000E+00-7.2794807166012E+01
 1.6798801653695E+02 0.0000000000000E+00 7.2794807166012E+01-1.6798801653695E+02
 0.0000000000000E+00-1.7918721763941E+02-3.9197203858622E+01 0.0000000000000E+00
 1.7918721763941E+02 3.9197203858622E+01 0.0000000000000E+00-1.7918721763941E+02
 3.9197203858622E+01 0.0000000000000E+00 1.7918721763941E+02-3.9197203858622E+01
 0.0000000000000E+00-1.5678881543449E+02-9.5193209370939E+01 0.0000000000000E+00
 1.5678881543449E+02 9.5193209370939E+01 0.0000000000000E+00-1.5678881543449E+02
 9.5193209370939E+01 0.0000000000000E+00 1.5678881543449E+02-9.5193209370939E+01
 0.0000000000000E+00-9.5193209370939E+01-1.5678881543449E+02 0.0000000000000E+00
 9.5193209370939E+01 1.5678881543449E+02 0.0000000000000E+00-9.5193209370939E+01
 1.5678881543449E+02 0.0000000000000E+00 9.5193209370939E+01-1.5678881543449E+02
 0.0000000000000E+00-3.9197203858622E+01-1.7918721763941E+02 0.0000000000000E+00
 3.9197203858622E+01 1.7918721763941E+02 0.0000000000000E+00-3.9197203858622E+01
 1.7918721763941E+02 0.0000000000000E+00 3.9197203858622E+01-1.7918721763941E+02
 0.0000000000000E+00-1.4558961433202E+02-1.1199201102463E+02 0.0000000000000E+00
 1.4558961433202E+02 1.1199201102463E+02 0.0000000000000E+00-1.4558961433202E+02
 1.1199201102463E+02 0.0000000000000E+00 1.4558961433202E+02-1.1199201102463E+02
 0.0000000000000E+00-1.1199201102463E+02-1.4558961433202E+02 0.0000000000000E+00
 1.1199201102463E+02 1.4558961433202E+02 0.0000000000000E+00-1.1199201102463E+02
 1.4558961433202E+02 0.0000000000000E+00 1.1199201102463E+02-1.4558961433202E+02
 0.0000000000000E+00-1.7358761708818E+02-6.1595606063549E+01 0.0000000000000E+00
 1.7358761708818E+02 6.1595606063549E+01 0.0000000000000E+00-1.7358761708818E+02
 6.1595606063549E+01 0.0000000000000E+00 1.7358761708818E+02-6.1595606063549E+01
 0.0000000000000E+00-6.1595606063549E+01-1.7358761708818E+02 0.0000000000000E+00
 6.1595606063549E+01 1.7358761708818E+02 0.0000000000000E+00-6.1595606063549E+01
 1.7358761708818E+02 0.0000000000000E+00 6.1595606063549E+01-1.7358761708818E+02
 0.0000000000000E+00-1.7918721763941E+02-4.4796804409854E+01 0.0000000000000E+00
 1.7918721763941E+02 4.4796804409854E+01 0.0000000000000E+00-1.7918721763941E+02
 4.4796804409854E+01 0.0000000000000E+00 1.7918721763941E+02-4.4796804409854E+01
 0.0000000000000E+00-4.4796804409854E+01-1.7918721763941E+02 0.0000000000000E+00
 4.4796804409854E+01 1.7918721763941E+02 0.0000000000000E+00-4.4796804409854E+01
 1.7918721763941E+02 0.0000000000000E+00 4.4796804409854E+01-1.7918721763941E+02
 0.0000000000000E+00-1.8478681819065E+02 0.0000000000000E+00 0.0000000000000E+00
 1.8478681819065E+02 0.0000000000000E+00 0.0000000000000E+00 0.0000000000000E+00
-1.8478681819065E+02 0.0000000000000E+00 0.0000000000000E+00 1.8478681819065E+02
 0.0000000000000E+00-1.8478681819065E+02-5.5996005512317E+00 0.0000000000000E+00
 1.8478681819065E+02 5.5996005512317E+00 0.0000000000000E+00-1.8478681819065E+02
 5.5996005512317E+00 0.0000000000000E+00 1.8478681819065E+02-5.5996005512317E+00
 0.0000000000000E+00-1.5118921488326E+02-1.0639241047340E+02 0.0000000000000E+00
 1.5118921488326E+02 1.0639241047340E+02 0.0000000000000E+00-1.5118921488326E+02
 1.0639241047340E+02 0.0000000000000E+00 1.5118921488326E+02-1.0639241047340E+02
 0.0000000000000E+00-1.0639241047340E+02-1.5118921488326E+02 0.0000000000000E+00
 1.0639241047340E+02 1.5118921488326E+02 0.0000000000000E+00-1.0639241047340E+02
 1.5118921488326E+02 0.0000000000000E+00 1.0639241047340E+02-1.5118921488326E+02
 0.0000000000000E+00-5.5996005512317E+00-1.8478681819065E+02 0.0000000000000E+00
 5.5996005512317E+00 1.8478681819065E+02 0.0000000000000E+00-5.5996005512317E+00
 1.8478681819065E+02 0.0000000000000E+00 5.5996005512317E+00-1.8478681819065E+02
 0.0000000000000E+00-1.8478681819065E+02-1.1199201102463E+01 0.0000000000000E+00
 1.8478681819065E+02 1.1199201102463E+01 0.0000000000000E+00-1.8478681819065E+02
 1.1199201102463E+01 0.0000000000000E+00 1.8478681819065E+02-1.1199201102463E+01
 0.0000000000000E+00-1.1199201102463E+01-1.8478681819065E+02 0.0000000000000E+00
 1.1199201102463E+01 1.8478681819065E+02 0.0000000000000E+00-1.1199201102463E+01
 1.8478681819065E+02 0.0000000000000E+00 1.1199201102463E+01-1.8478681819065E+02
 0.0000000000000E+00-1.6798801653695E+02-7.8394407717244E+01 0.0000000000000E+00
 1.6798801653695E+02 7.8394407717244E+01 0.0000000000000E+00-1.6798801653695E+02
 7.8394407717244E+01 0.0000000000000E+00 1.6798801653695E+02-7.8394407717244E+01
 0.0000000000000E+00-7.8394407717244E+01-1.6798801653695E+02 0.0000000000000E+00
 7.8394407717244E+01 1.6798801653695E+02 0.0000000000000E+00-7.8394407717244E+01
 1.6798801653695E+02 0.0000000000000E+00 7.8394407717244E+01-1.6798801653695E+02
 0.0000000000000E+00-1.6238841598572E+02-8.9593608819707E+01 0.0000000000000E+00
 1.6238841598572E+02 8.9593608819707E+01 0.0000000000000E+00-1.6238841598572E+02
 8.9593608819707E+01 0.0000000000000E+00 1.6238841598572E+02-8.9593608819707E+01
 0.0000000000000E+00-8.9593608819707E+01-1.6238841598572E+02 0.0000000000000E+00
 8.9593608819707E+01 1.6238841598572E+02 0.0000000000000E+00-8.9593608819707E+01
 1.6238841598572E+02 0.0000000000000E+00 8.9593608819707E+01-1.6238841598572E+02
 0.0000000000000E+00-1.8478681819065E+02-1.6798801653695E+01 0.0000000000000E+00
 1.8478681819065E+02 1.6798801653695E+01 0.0000000000000E+00-1.8478681819065E+02
 1.6798801653695E+01 0.0000000000000E+00 1.8478681819065E+02-1.6798801653695E+01
 0.0000000000000E+00-1.6798801653695E+01-1.8478681819065E+02 0.0000000000000E+00
 1.6798801653695E+01 1.8478681819065E+02 0.0000000000000E+00-1.6798801653695E+01
 1.8478681819065E+02 0.0000000000000E+00 1.6798801653695E+01-1.8478681819065E+02
 0.0000000000000E+00-1.8478681819065E+02-2.2398402204927E+01 0.0000000000000E+00
 1.8478681819065E+02 2.2398402204927E+01 0.0000000000000E+00-1.8478681819065E+02
 2.2398402204927E+01 0.0000000000000E+00 1.8478681819065E+02-2.2398402204927E+01
 0.0000000000000E+00-1.7918721763941E+02-5.0396404961085E+01 0.0000000000000E+00
 1.7918721763941E+02 5.0396404961085E+01 0.0000000000000E+00-1.7918721763941E+02
 5.0396404961085E+01 0.0000000000000E+00 1.7918721763941E+02-5.0396404961085E+01
 0.0000000000000E+00-1.7358761708818E+02-6.7195206614780E+01 0.0000000000000E+00
 1.7358761708818E+02 6.7195206614780E+01 0.0000000000000E+00-1.7358761708818E+02
 6.7195206614780E+01 0.0000000000000E+00 1.7358761708818E+02-6.7195206614780E+01
 0.0000000000000E+00-1.3439041322956E+02-1.2879081267833E+02 0.0000000000000E+00
 1.3439041322956E+02 1.2879081267833E+02 0.0000000000000E+00-1.3439041322956E+02
 1.2879081267833E+02 0.0000000000000E+00 1.3439041322956E+02-1.2879081267833E+02
 0.0000000000000E+00-1.2879081267833E+02-1.3439041322956E+02 0.0000000000000E+00
 1.2879081267833E+02 1.3439041322956E+02 0.0000000000000E+00-1.2879081267833E+02
 1.3439041322956E+02 0.0000000000000E+00 1.2879081267833E+02-1.3439041322956E+02
 0.0000000000000E+00-6.7195206614780E+01-1.7358761708818E+02 0.0000000000000E+00
 6.7195206614780E+01 1.7358761708818E+02 0.0000000000000E+00-6.7195206614780E+01
 1.7358761708818E+02 0.0000000000000E+00 6.7195206614780E+01-1.7358761708818E+02
 0.0000000000000E+00-5.0396404961085E+01-1.7918721763941E+02 0.0000000000000E+00
 5.0396404961085E+01 1.7918721763941E+02 0.0000000000000E+00-5.0396404961085E+01
 1.7918721763941E+02 0.0000000000000E+00 5.0396404961085E+01-1.7918721763941E+02
 0.0000000000000E+00-2.2398402204927E+01-1.8478681819065E+02 0.0000000000000E+00
 2.2398402204927E+01 1.8478681819065E+02 0.0000000000000E+00-2.2398402204927E+01
 1.8478681819065E+02 0.0000000000000E+00 2.2398402204927E+01-1.8478681819065E+02
 0.0000000000000E+00-1.5678881543449E+02-1.0079280992217E+02 0.0000000000000E+00
 1.5678881543449E+02 1.0079280992217E+02 0.0000000000000E+00-1.5678881543449E+02
 1.0079280992217E+02 0.0000000000000E+00 1.5678881543449E+02-1.0079280992217E+02
 0.0000000000000E+00-1.0079280992217E+02-1.5678881543449E+02 0.0000000000000E+00
 1.0079280992217E+02 1.5678881543449E+02 0.0000000000000E+00-1.0079280992217E+02
 1.5678881543449E+02 0.0000000000000E+00 1.0079280992217E+02-1.5678881543449E+02
 0.0000000000000E+00-1.3999001378079E+02-1.2319121212710E+02 0.0000000000000E+00
 1.3999001378079E+02 1.2319121212710E+02 0.0000000000000E+00-1.3999001378079E+02
 1.2319121212710E+02 0.0000000000000E+00 1.3999001378079E+02-1.2319121212710E+02
 0.0000000000000E+00-1.2319121212710E+02-1.3999001378079E+02 0.0000000000000E+00
 1.2319121212710E+02 1.3999001378079E+02 0.0000000000000E+00-1.2319121212710E+02
 1.3999001378079E+02 0.0000000000000E+00 1.2319121212710E+02-1.3999001378079E+02
 0.0000000000000E+00-1.8478681819065E+02-2.7998002756158E+01 0.0000000000000E+00
 1.8478681819065E+02 2.7998002756158E+01 0.0000000000000E+00-1.8478681819065E+02
 2.7998002756158E+01 0.0000000000000E+00 1.8478681819065E+02-2.7998002756158E+01
 0.0000000000000E+00-2.7998002756158E+01-1.8478681819065E+02 0.0000000000000E+00
 2.7998002756158E+01 1.8478681819065E+02 0.0000000000000E+00-2.7998002756158E+01
 1.8478681819065E+02 0.0000000000000E+00 2.7998002756158E+01-1.8478681819065E+02
 0.0000000000000E+00-1.4558961433202E+02-1.1759161157587E+02 0.0000000000000E+00
 1.4558961433202E+02 1.1759161157587E+02 0.0000000000000E+00-1.4558961433202E+02
 1.1759161157587E+02 0.0000000000000E+00 1.4558961433202E+02-1.1759161157587E+02
 0.0000000000000E+00-1.1759161157587E+02-1.4558961433202E+02 0.0000000000000E+00
 1.1759161157587E+02 1.4558961433202E+02 0.0000000000000E+00-1.1759161157587E+02
 1.4558961433202E+02 0.0000000000000E+00 1.1759161157587E+02-1.4558961433202E+02
 0.0000000000000E+00-1.7918721763941E+02-5.5996005512317E+01 0.0000000000000E+00
 1.7918721763941E+02 5.5996005512317E+01 0.0000000000000E+00-1.7918721763941E+02
 5.5996005512317E+01 0.0000000000000E+00 1.7918721763941E+02-5.5996005512317E+01
 0.0000000000000E+00-5.5996005512317E+01-1.7918721763941E+02 0.0000000000000E+00
 5.5996005512317E+01 1.7918721763941E+02 0.0000000000000E+00-5.5996005512317E+01
 1.7918721763941E+02 0.0000000000000E+00 5.5996005512317E+01-1.7918721763941E+02
 0.0000000000000E+00-1.8478681819065E+02-3.3597603307390E+01 0.0000000000000E+00
 1.8478681819065E+02 3.3597603307390E+01 0.0000000000000E+00-1.8478681819065E+02
 3.3597603307390E+01 0.0000000000000E+00 1.8478681819065E+02-3.3597603307390E+01
 0.0000000000000E+00-1.6798801653695E+02-8.3994008268475E+01 0.0000000000000E+00
 1.6798801653695E+02 8.3994008268475E+01 0.0000000000000E+00-1.6798801653695E+02
 8.3994008268475E+01 0.0000000000000E+00 1.6798801653695E+02-8.3994008268475E+01
 0.0000000000000E+00-8.3994008268475E+01-1.6798801653695E+02 0.0000000000000E+00
 8.3994008268475E+01 1.6798801653695E+02 0.0000000000000E+00-8.3994008268475E+01
 1.6798801653695E+02 0.0000000000000E+00 8.3994008268475E+01-1.6798801653695E+02
 0.0000000000000E+00-3.3597603307390E+01-1.8478681819065E+02 0.0000000000000E+00
 3.3597603307390E+01 1.8478681819065E+02 0.0000000000000E+00-3.3597603307390E+01
 1.8478681819065E+02 0.0000000000000E+00 3.3597603307390E+01-1.8478681819065E+02
 0.0000000000000E+00-1.5118921488326E+02-1.1199201102463E+02 0.0000000000000E+00
 1.5118921488326E+02 1.1199201102463E+02 0.0000000000000E+00-1.5118921488326E+02
 1.1199201102463E+02 0.0000000000000E+00 1.5118921488326E+02-1.1199201102463E+02
 0.0000000000000E+00-1.1199201102463E+02-1.5118921488326E+02 0.0000000000000E+00
 1.1199201102463E+02 1.5118921488326E+02 0.0000000000000E+00-1.1199201102463E+02
 1.5118921488326E+02 0.0000000000000E+00 1.1199201102463E+02-1.5118921488326E+02
 0.0000000000000E+00-1.7358761708818E+02-7.2794807166012E+01 0.0000000000000E+00
 1.7358761708818E+02 7.2794807166012E+01 0.0000000000000E+00-1.7358761708818E+02
 7.2794807166012E+01 0.0000000000000E+00 1.7358761708818E+02-7.2794807166012E+01
 0.0000000000000E+00-1.6238841598572E+02-9.5193209370939E+01 0.0000000000000E+00
 1.6238841598572E+02 9.5193209370939E+01 0.0000000000000E+00-1.6238841598572E+02
 9.5193209370939E+01 0.0000000000000E+00 1.6238841598572E+02-9.5193209370939E+01
 0.0000000000000E+00-9.5193209370939E+01-1.6238841598572E+02 0.0000000000000E+00
 9.5193209370939E+01 1.6238841598572E+02 0.0000000000000E+00-9.5193209370939E+01
 1.6238841598572E+02 0.0000000000000E+00 9.5193209370939E+01-1.6238841598572E+02
 0.0000000000000E+00-7.2794807166012E+01-1.7358761708818E+02 0.0000000000000E+00
 7.2794807166012E+01 1.7358761708818E+02 0.0000000000000E+00-7.2794807166012E+01
 1.7358761708818E+02 0.0000000000000E+00 7.2794807166012E+01-1.7358761708818E+02
 0.0000000000000E+00-1.8478681819065E+02-3.9197203858622E+01 0.0000000000000E+00
 1.8478681819065E+02 3.9197203858622E+01 0.0000000000000E+00-1.8478681819065E+02
 3.9197203858622E+01 0.0000000000000E+00 1.8478681819065E+02-3.9197203858622E+01
 0.0000000000000E+00-3.9197203858622E+01-1.8478681819065E+02 0.0000000000000E+00
 3.9197203858622E+01 1.8478681819065E+02 0.0000000000000E+00-3.9197203858622E+01
 1.8478681819065E+02 0.0000000000000E+00 3.9197203858622E+01-1.8478681819065E+02
 0.0000000000000E+00-1.7918721763941E+02-6.1595606063549E+01 0.0000000000000E+00
 1.7918721763941E+02 6.1595606063549E+01 0.0000000000000E+00-1.7918721763941E+02
 6.1595606063549E+01 0.0000000000000E+00 1.7918721763941E+02-6.1595606063549E+01
 0.0000000000000E+00-1.5678881543449E+02-1.0639241047340E+02 0.0000000000000E+00
 1.5678881543449E+02 1.0639241047340E+02 0.0000000000000E+00-1.5678881543449E+02
 1.0639241047340E+02 0.0000000000000E+00 1.5678881543449E+02-1.0639241047340E+02
 0.0000000000000E+00-1.0639241047340E+02-1.5678881543449E+02 0.0000000000000E+00
 1.0639241047340E+02 1.5678881543449E+02 0.0000000000000E+00-1.0639241047340E+02
 1.5678881543449E+02 0.0000000000000E+00 1.0639241047340E+02-1.5678881543449E+02
 0.0000000000000E+00-6.1595606063549E+01-1.7918721763941E+02 0.0000000000000E+00
 6.1595606063549E+01 1.7918721763941E+02 0.0000000000000E+00-6.1595606063549E+01
 1.7918721763941E+02 0.0000000000000E+00 6.1595606063549E+01-1.7918721763941E+02
 0.0000000000000E+00-1.3439041322956E+02-1.3439041322956E+02 0.0000000000000E+00
 1.3439041322956E+02 1.3439041322956E+02 0.0000000000000E+00-1.3439041322956E+02
 1.3439041322956E+02 0.0000000000000E+00 1.3439041322956E+02-1.3439041322956E+02
 0.0000000000000E+00-1.8478681819065E+02-4.4796804409854E+01 0.0000000000000E+00
 1.8478681819065E+02 4.4796804409854E+01 0.0000000000000E+00-1.8478681819065E+02
 4.4796804409854E+01 0.0000000000000E+00 1.8478681819065E+02-4.4796804409854E+01
 0.0000000000000E+00-4.4796804409854E+01-1.8478681819065E+02 0.0000000000000E+00
 4.4796804409854E+01 1.8478681819065E+02 0.0000000000000E+00-4.4796804409854E+01
 1.8478681819065E+02 0.0000000000000E+00 4.4796804409854E+01-1.8478681819065E+02
 0.0000000000000E+00-1.3999001378079E+02-1.2879081267833E+02 0.0000000000000E+00
 1.3999001378079E+02 1.2879081267833E+02 0.0000000000000E+00-1.3999001378079E+02
 1.2879081267833E+02 0.0000000000000E+00 1.3999001378079E+02-1.2879081267833E+02
 0.0000000000000E+00-1.2879081267833E+02-1.3999001378079E+02 0.0000000000000E+00
 1.2879081267833E+02 1.3999001378079E+02 0.0000000000000E+00-1.2879081267833E+02
 1.3999001378079E+02 0.0000000000000E+00 1.2879081267833E+02-1.3999001378079E+02
 0.0000000000000E+00-1.9038641874188E+02 0.0000000000000E+00 0.0000000000000E+00
 1.9038641874188E+02 0.0000000000000E+00 0.0000000000000E+00-1.6798801653695E+02
-8.9593608819707E+01 0.0000000000000E+00 1.6798801653695E+02 8.9593608819707E+01
 0.0000000000000E+00-1.6798801653695E+02 8.9593608819707E+01 0.0000000000000E+00
 1.6798801653695E+02-8.9593608819707E+01 0.0000000000000E+00-8.9593608819707E+01
-1.6798801653695E+02 0.0000000000000E+00 8.9593608819707E+01 1.6798801653695E+02
 0.0000000000000E+00-8.9593608819707E+01 1.6798801653695E+02 0.0000000000000E+00
 8.9593608819707E+01-1.6798801653695E+02 0.0000000000000E+00 0.0000000000000E+00
-1.9038641874188E+02 0.0000000000000E+00 0.0000000000000E+00 1.9038641874188E+02
 0.0000000000000E+00-1.9038641874188E+02-5.5996005512317E+00 0.0000000000000E+00
 1.9038641874188E+02 5.5996005512317E+00 0.0000000000000E+00-1.9038641874188E+02
 5.5996005512317E+00 0.0000000000000E+00 1.9038641874188E+02-5.5996005512317E+00
 0.0000000000000E+00-1.7358761708818E+02-7.8394407717244E+01 0.0000000000000E+00
 1.7358761708818E+02 7.8394407717244E+01 0.0000000000000E+00-1.7358761708818E+02
 7.8394407717244E+01 0.0000000000000E+00 1.7358761708818E+02-7.8394407717244E+01
 0.0000000000000E+00-7.8394407717244E+01-1.7358761708818E+02 0.0000000000000E+00
 7.8394407717244E+01 1.7358761708818E+02 0.0000000000000E+00-7.8394407717244E+01
 1.7358761708818E+02 0.0000000000000E+00 7.8394407717244E+01-1.7358761708818E+02
 0.0000000000000E+00-5.5996005512317E+00-1.9038641874188E+02 0.0000000000000E+00
 5.5996005512317E+00 1.9038641874188E+02 0.0000000000000E+00-5.5996005512317E+00
 1.9038641874188E+02 0.0000000000000E+00 5.5996005512317E+00-1.9038641874188E+02
 0.0000000000000E+00-1.9038641874188E+02-1.1199201102463E+01 0.0000000000000E+00
 1.9038641874188E+02 1.1199201102463E+01 0.0000000000000E+00-1.9038641874188E+02
 1.1199201102463E+01 0.0000000000000E+00 1.9038641874188E+02-1.1199201102463E+01
 0.0000000000000E+00-1.4558961433202E+02-1.2319121212710E+02 0.0000000000000E+00
 1.4558961433202E+02 1.2319121212710E+02 0.0000000000000E+00-1.4558961433202E+02
 1.2319121212710E+02 0.0000000000000E+00 1.4558961433202E+02-1.2319121212710E+02
 0.0000000000000E+00-1.2319121212710E+02-1.4558961433202E+02 0.0000000000000E+00
 1.2319121212710E+02 1.4558961433202E+02 0.0000000000000E+00-1.2319121212710E+02
 1.4558961433202E+02 0.0000000000000E+00 1.2319121212710E+02-1.4558961433202E+02
 0.0000000000000E+00-1.1199201102463E+01-1.9038641874188E+02 0.0000000000000E+00
 1.1199201102463E+01 1.9038641874188E+02 0.0000000000000E+00-1.1199201102463E+01
 1.9038641874188E+02 0.0000000000000E+00 1.1199201102463E+01-1.9038641874188E+02
 0.0000000000000E+00-1.9038641874188E+02-1.6798801653695E+01 0.0000000000000E+00
 1.9038641874188E+02 1.6798801653695E+01 0.0000000000000E+00-1.9038641874188E+02
 1.6798801653695E+01 0.0000000000000E+00 1.9038641874188E+02-1.6798801653695E+01
 0.0000000000000E+00-1.6238841598572E+02-1.0079280992217E+02 0.0000000000000E+00
 1.6238841598572E+02 1.0079280992217E+02 0.0000000000000E+00-1.6238841598572E+02
 1.0079280992217E+02 0.0000000000000E+00 1.6238841598572E+02-1.0079280992217E+02
 0.0000000000000E+00-1.0079280992217E+02-1.6238841598572E+02 0.0000000000000E+00
 1.0079280992217E+02 1.6238841598572E+02 0.0000000000000E+00-1.0079280992217E+02
 1.6238841598572E+02 0.0000000000000E+00 1.0079280992217E+02-1.6238841598572E+02
 0.0000000000000E+00-1.6798801653695E+01-1.9038641874188E+02 0.0000000000000E+00
 1.6798801653695E+01 1.9038641874188E+02 0.0000000000000E+00-1.6798801653695E+01
 1.9038641874188E+02 0.0000000000000E+00 1.6798801653695E+01-1.9038641874188E+02
 0.0000000000000E+00-1.7918721763941E+02-6.7195206614780E+01 0.0000000000000E+00
 1.7918721763941E+02 6.7195206614780E+01 0.0000000000000E+00-1.7918721763941E+02
 6.7195206614780E+01 0.0000000000000E+00 1.7918721763941E+02-6.7195206614780E+01
 0.0000000000000E+00-6.7195206614780E+01-1.7918721763941E+02 0.0000000000000E+00
 6.7195206614780E+01 1.7918721763941E+02 0.0000000000000E+00-6.7195206614780E+01
 1.7918721763941E+02 0.0000000000000E+00 6.7195206614780E+01-1.7918721763941E+02
 0.0000000000000E+00-1.8478681819065E+02-5.0396404961085E+01 0.0000000000000E+00
 1.8478681819065E+02 5.0396404961085E+01 0.0000000000000E+00-1.8478681819065E+02
 5.0396404961085E+01 0.0000000000000E+00 1.8478681819065E+02-5.0396404961085E+01
 0.0000000000000E+00-1.5118921488326E+02-1.1759161157587E+02 0.0000000000000E+00
 1.5118921488326E+02 1.1759161157587E+02 0.0000000000000E+00-1.5118921488326E+02
 1.1759161157587E+02 0.0000000000000E+00 1.5118921488326E+02-1.1759161157587E+02
 0.0000000000000E+00-1.1759161157587E+02-1.5118921488326E+02 0.0000000000000E+00
 1.1759161157587E+02 1.5118921488326E+02 0.0000000000000E+00-1.1759161157587E+02
 1.5118921488326E+02 0.0000000000000E+00 1.1759161157587E+02-1.5118921488326E+02
 0.0000000000000E+00-5.0396404961085E+01-1.8478681819065E+02 0.0000000000000E+00
 5.0396404961085E+01 1.8478681819065E+02 0.0000000000000E+00-5.0396404961085E+01
 1.8478681819065E+02 0.0000000000000E+00 5.0396404961085E+01-1.8478681819065E+02
 0.0000000000000E+00-1.9038641874188E+02-2.2398402204927E+01 0.0000000000000E+00
 1.9038641874188E+02 2.2398402204927E+01 0.0000000000000E+00-1.9038641874188E+02
 2.2398402204927E+01 0.0000000000000E+00 1.9038641874188E+02-2.2398402204927E+01
 0.0000000000000E+00-2.2398402204927E+01-1.9038641874188E+02 0.0000000000000E+00
 2.2398402204927E+01 1.9038641874188E+02 0.0000000000000E+00-2.2398402204927E+01
 1.9038641874188E+02 0.0000000000000E+00 2.2398402204927E+01-1.9038641874188E+02
 0.0000000000000E+00-1.9038641874188E+02-2.7998002756158E+01 0.0000000000000E+00
 1.9038641874188E+02 2.7998002756158E+01 0.0000000000000E+00-1.9038641874188E+02
 2.7998002756158E+01 0.0000000000000E+00 1.9038641874188E+02-2.7998002756158E+01
 0.0000000000000E+00-2.7998002756158E+01-1.9038641874188E+02 0.0000000000000E+00
 2.7998002756158E+01 1.9038641874188E+02 0.0000000000000E+00-2.7998002756158E+01
 1.9038641874188E+02 0.0000000000000E+00 2.7998002756158E+01-1.9038641874188E+02
 0.0000000000000E+00-1.5678881543449E+02-1.1199201102463E+02 0.0000000000000E+00
 1.5678881543449E+02 1.1199201102463E+02 0.0000000000000E+00-1.5678881543449E+02
 1.1199201102463E+02 0.0000000000000E+00 1.5678881543449E+02-1.1199201102463E+02
 0.0000000000000E+00-1.1199201102463E+02-1.5678881543449E+02 0.0000000000000E+00
 1.1199201102463E+02 1.5678881543449E+02 0.0000000000000E+00-1.1199201102463E+02
 1.5678881543449E+02 0.0000000000000E+00 1.1199201102463E+02-1.5678881543449E+02
 0.0000000000000E+00-1.7358761708818E+02-8.3994008268475E+01 0.0000000000000E+00
 1.7358761708818E+02 8.3994008268475E+01 0.0000000000000E+00-1.7358761708818E+02
 8.3994008268475E+01 0.0000000000000E+00 1.7358761708818E+02-8.3994008268475E+01
 0.0000000000000E+00-8.3994008268475E+01-1.7358761708818E+02 0.0000000000000E+00
 8.3994008268475E+01 1.7358761708818E+02 0.0000000000000E+00-8.3994008268475E+01
 1.7358761708818E+02 0.0000000000000E+00 8.3994008268475E+01-1.7358761708818E+02
 0.0000000000000E+00-1.8478681819065E+02-5.5996005512317E+01 0.0000000000000E+00
 1.8478681819065E+02 5.5996005512317E+01 0.0000000000000E+00-1.8478681819065E+02
 5.5996005512317E+01 0.0000000000000E+00 1.8478681819065E+02-5.5996005512317E+01
 0.0000000000000E+00-1.6798801653695E+02-9.5193209370939E+01 0.0000000000000E+00
 1.6798801653695E+02 9.5193209370939E+01 0.0000000000000E+00-1.6798801653695E+02
 9.5193209370939E+01 0.0000000000000E+00 1.6798801653695E+02-9.5193209370939E+01
 0.0000000000000E+00-9.5193209370939E+01-1.6798801653695E+02 0.0000000000000E+00
 9.5193209370939E+01 1.6798801653695E+02 0.0000000000000E+00-9.5193209370939E+01
 1.6798801653695E+02 0.0000000000000E+00 9.5193209370939E+01-1.6798801653695E+02
 0.0000000000000E+00-5.5996005512317E+01-1.8478681819065E+02 0.0000000000000E+00
 5.5996005512317E+01 1.8478681819065E+02 0.0000000000000E+00-5.5996005512317E+01
 1.8478681819065E+02 0.0000000000000E+00 5.5996005512317E+01-1.8478681819065E+02
 0.0000000000000E+00-1.9038641874188E+02-3.3597603307390E+01 0.0000000000000E+00
 1.9038641874188E+02 3.3597603307390E+01 0.0000000000000E+00-1.9038641874188E+02
 3.3597603307390E+01 0.0000000000000E+00 1.9038641874188E+02-3.3597603307390E+01
 0.0000000000000E+00-3.3597603307390E+01-1.9038641874188E+02 0.0000000000000E+00
 3.3597603307390E+01 1.9038641874188E+02 0.0000000000000E+00-3.3597603307390E+01
 1.9038641874188E+02 0.0000000000000E+00 3.3597603307390E+01-1.9038641874188E+02
 0.0000000000000E+00-1.7918721763941E+02-7.2794807166012E+01 0.0000000000000E+00
 1.7918721763941E+02 7.2794807166012E+01 0.0000000000000E+00-1.7918721763941E+02
 7.2794807166012E+01 0.0000000000000E+00 1.7918721763941E+02-7.2794807166012E+01
 0.0000000000000E+00-7.2794807166012E+01-1.7918721763941E+02 0.0000000000000E+00
 7.2794807166012E+01 1.7918721763941E+02 0.0000000000000E+00-7.2794807166012E+01
 1.7918721763941E+02 0.0000000000000E+00 7.2794807166012E+01-1.7918721763941E+02
 0.0000000000000E+00-1.3999001378079E+02-1.3439041322956E+02 0.0000000000000E+00
 1.3999001378079E+02 1.3439041322956E+02 0.0000000000000E+00-1.3999001378079E+02
 1.3439041322956E+02 0.0000000000000E+00 1.3999001378079E+02-1.3439041322956E+02
 0.0000000000000E+00-1.3439041322956E+02-1.3999001378079E+02 0.0000000000000E+00
 1.3439041322956E+02 1.3999001378079E+02 0.0000000000000E+00-1.3439041322956E+02
 1.3999001378079E+02 0.0000000000000E+00 1.3439041322956E+02-1.3999001378079E+02
 0.0000000000000E+00-1.6238841598572E+02-1.0639241047340E+02 0.0000000000000E+00
 1.6238841598572E+02 1.0639241047340E+02 0.0000000000000E+00-1.6238841598572E+02
 1.0639241047340E+02 0.0000000000000E+00 1.6238841598572E+02-1.0639241047340E+02
 0.0000000000000E+00-1.0639241047340E+02-1.6238841598572E+02 0.0000000000000E+00
 1.0639241047340E+02 1.6238841598572E+02 0.0000000000000E+00-1.0639241047340E+02
 1.6238841598572E+02 0.0000000000000E+00 1.0639241047340E+02-1.6238841598572E+02
 0.0000000000000E+00-1.9038641874188E+02-3.9197203858622E+01 0.0000000000000E+00
 1.9038641874188E+02 3.9197203858622E+01 0.0000000000000E+00-1.9038641874188E+02
 3.9197203858622E+01 0.0000000000000E+00 1.9038641874188E+02-3.9197203858622E+01
 0.0000000000000E+00-1.4558961433202E+02-1.2879081267833E+02 0.0000000000000E+00
 1.4558961433202E+02 1.2879081267833E+02 0.0000000000000E+00-1.4558961433202E+02
 1.2879081267833E+02 0.0000000000000E+00 1.4558961433202E+02-1.2879081267833E+02
 0.0000000000000E+00-1.2879081267833E+02-1.4558961433202E+02 0.0000000000000E+00
 1.2879081267833E+02 1.4558961433202E+02 0.0000000000000E+00-1.2879081267833E+02
 1.4558961433202E+02 0.0000000000000E+00 1.2879081267833E+02-1.4558961433202E+02
 0.0000000000000E+00-3.9197203858622E+01-1.9038641874188E+02 0.0000000000000E+00
 3.9197203858622E+01 1.9038641874188E+02 0.0000000000000E+00-3.9197203858622E+01
 1.9038641874188E+02 0.0000000000000E+00 3.9197203858622E+01-1.9038641874188E+02
 0.0000000000000E+00-1.8478681819065E+02-6.1595606063549E+01 0.0000000000000E+00
 1.8478681819065E+02 6.1595606063549E+01 0.0000000000000E+00-1.8478681819065E+02
 6.1595606063549E+01 0.0000000000000E+00 1.8478681819065E+02-6.1595606063549E+01
 0.0000000000000E+00-6.1595606063549E+01-1.8478681819065E+02 0.0000000000000E+00
 6.1595606063549E+01 1.8478681819065E+02 0.0000000000000E+00-6.1595606063549E+01
 1.8478681819065E+02 0.0000000000000E+00 6.1595606063549E+01-1.8478681819065E+02
 0.0000000000000E+00-1.5118921488326E+02-1.2319121212710E+02 0.0000000000000E+00
 1.5118921488326E+02 1.2319121212710E+02 0.0000000000000E+00-1.5118921488326E+02
 1.2319121212710E+02 0.0000000000000E+00 1.5118921488326E+02-1.2319121212710E+02
 0.0000000000000E+00-1.2319121212710E+02-1.5118921488326E+02 0.0000000000000E+00
 1.2319121212710E+02 1.5118921488326E+02 0.0000000000000E+00-1.2319121212710E+02
 1.5118921488326E+02 0.0000000000000E+00 1.2319121212710E+02-1.5118921488326E+02
 0.0000000000000E+00-1.7358761708818E+02-8.9593608819707E+01 0.0000000000000E+00
 1.7358761708818E+02 8.9593608819707E+01 0.0000000000000E+00-1.7358761708818E+02
 8.9593608819707E+01 0.0000000000000E+00 1.7358761708818E+02-8.9593608819707E+01
 0.0000000000000E+00-8.9593608819707E+01-1.7358761708818E+02 0.0000000000000E+00
 8.9593608819707E+01 1.7358761708818E+02 0.0000000000000E+00-8.9593608819707E+01
 1.7358761708818E+02 0.0000000000000E+00 8.9593608819707E+01-1.7358761708818E+02
 0.0000000000000E+00-1.9038641874188E+02-4.4796804409854E+01 0.0000000000000E+00
 1.9038641874188E+02 4.4796804409854E+01 0.0000000000000E+00-1.9038641874188E+02
 4.4796804409854E+01 0.0000000000000E+00 1.9038641874188E+02-4.4796804409854E+01
 0.0000000000000E+00-1.7918721763941E+02-7.8394407717244E+01 0.0000000000000E+00
 1.7918721763941E+02 7.8394407717244E+01 0.0000000000000E+00-1.7918721763941E+02
 7.8394407717244E+01 0.0000000000000E+00 1.7918721763941E+02-7.8394407717244E+01
 0.0000000000000E+00-7.8394407717244E+01-1.7918721763941E+02 0.0000000000000E+00
 7.8394407717244E+01 1.7918721763941E+02 0.0000000000000E+00-7.8394407717244E+01
 1.7918721763941E+02 0.0000000000000E+00 7.8394407717244E+01-1.7918721763941E+02
 0.0000000000000E+00-4.4796804409854E+01-1.9038641874188E+02 0.0000000000000E+00
 4.4796804409854E+01 1.9038641874188E+02 0.0000000000000E+00-4.4796804409854E+01
 1.9038641874188E+02 0.0000000000000E+00 4.4796804409854E+01-1.9038641874188E+02
 0.0000000000000E+00-1.6798801653695E+02-1.0079280992217E+02 0.0000000000000E+00
 1.6798801653695E+02 1.0079280992217E+02 0.0000000000000E+00-1.6798801653695E+02
 1.0079280992217E+02 0.0000000000000E+00 1.6798801653695E+02-1.0079280992217E+02
 0.0000000000000E+00-1.0079280992217E+02-1.6798801653695E+02 0.0000000000000E+00
 1.0079280992217E+02 1.6798801653695E+02 0.0000000000000E+00-1.0079280992217E+02
 1.6798801653695E+02 0.0000000000000E+00 1.0079280992217E+02-1.6798801653695E+02
 0.0000000000000E+00-1.9598601929311E+02 0.0000000000000E+00 0.0000000000000E+00
 1.9598601929311E+02 0.0000000000000E+00 0.0000000000000E+00-1.5678881543449E+02
-1.1759161157587E+02 0.0000000000000E+00 1.5678881543449E+02 1.1759161157587E+02
 0.0000000000000E+00-1.5678881543449E+02 1.1759161157587E+02 0.0000000000000E+00
 1.5678881543449E+02-1.1759161157587E+02 0.0000000000000E+00-1.1759161157587E+02
-1.5678881543449E+02 0.0000000000000E+00 1.1759161157587E+02 1.5678881543449E+02
 0.0000000000000E+00-1.1759161157587E+02 1.5678881543449E+02 0.0000000000000E+00
 1.1759161157587E+02-1.5678881543449E+02 0.0000000000000E+00 0.0000000000000E+00
-1.9598601929311E+02 0.0000000000000E+00 0.0000000000000E+00 1.9598601929311E+02
 0.0000000000000E+00-1.9598601929311E+02-5.5996005512317E+00 0.0000000000000E+00
 1.9598601929311E+02 5.5996005512317E+00 0.0000000000000E+00-1.9598601929311E+02
 5.5996005512317E+00 0.0000000000000E+00 1.9598601929311E+02-5.5996005512317E+00
 0.0000000000000E+00-5.5996005512317E+00-1.9598601929311E+02 0.0000000000000E+00
 5.5996005512317E+00 1.9598601929311E+02 0.0000000000000E+00-5.5996005512317E+00
 1.9598601929311E+02 0.0000000000000E+00 5.5996005512317E+00-1.9598601929311E+02
 0.0000000000000E+00-1.9598601929311E+02-1.1199201102463E+01 0.0000000000000E+00
 1.9598601929311E+02 1.1199201102463E+01 0.0000000000000E+00-1.9598601929311E+02
 1.1199201102463E+01 0.0000000000000E+00 1.9598601929311E+02-1.1199201102463E+01
 0.0000000000000E+00-1.1199201102463E+01-1.9598601929311E+02 0.0000000000000E+00
 1.1199201102463E+01 1.9598601929311E+02 0.0000000000000E+00-1.1199201102463E+01
 1.9598601929311E+02 0.0000000000000E+00 1.1199201102463E+01-1.9598601929311E+02
 0.0000000000000E+00-1.8478681819065E+02-6.7195206614780E+01 0.0000000000000E+00
 1.8478681819065E+02 6.7195206614780E+01 0.0000000000000E+00-1.8478681819065E+02
 6.7195206614780E+01 0.0000000000000E+00 1.8478681819065E+02-6.7195206614780E+01
 0.0000000000000E+00-6.7195206614780E+01-1.8478681819065E+02 0.0000000000000E+00
 6.7195206614780E+01 1.8478681819065E+02 0.0000000000000E+00-6.7195206614780E+01
 1.8478681819065E+02 0.0000000000000E+00 6.7195206614780E+01-1.8478681819065E+02
 0.0000000000000E+00-1.9598601929311E+02-1.6798801653695E+01 0.0000000000000E+00
 1.9598601929311E+02 1.6798801653695E+01 0.0000000000000E+00-1.9598601929311E+02
 1.6798801653695E+01 0.0000000000000E+00 1.9598601929311E+02-1.6798801653695E+01
 0.0000000000000E+00-1.6798801653695E+01-1.9598601929311E+02 0.0000000000000E+00
 1.6798801653695E+01 1.9598601929311E+02 0.0000000000000E+00-1.6798801653695E+01
 1.9598601929311E+02 0.0000000000000E+00 1.6798801653695E+01-1.9598601929311E+02
 0.0000000000000E+00-1.9038641874188E+02-5.0396404961085E+01 0.0000000000000E+00
 1.9038641874188E+02 5.0396404961085E+01 0.0000000000000E+00-1.9038641874188E+02
 5.0396404961085E+01 0.0000000000000E+00 1.9038641874188E+02-5.0396404961085E+01
 0.0000000000000E+00-5.0396404961085E+01-1.9038641874188E+02 0.0000000000000E+00
 5.0396404961085E+01 1.9038641874188E+02 0.0000000000000E+00-5.0396404961085E+01
 1.9038641874188E+02 0.0000000000000E+00 5.0396404961085E+01-1.9038641874188E+02
 0.0000000000000E+00-1.9598601929311E+02-2.2398402204927E+01 0.0000000000000E+00
 1.9598601929311E+02 2.2398402204927E+01 0.0000000000000E+00-1.9598601929311E+02
 2.2398402204927E+01 0.0000000000000E+00 1.9598601929311E+02-2.2398402204927E+01
 0.0000000000000E+00-1.6238841598572E+02-1.1199201102463E+02 0.0000000000000E+00
 1.6238841598572E+02 1.1199201102463E+02 0.0000000000000E+00-1.6238841598572E+02
 1.1199201102463E+02 0.0000000000000E+00 1.6238841598572E+02-1.1199201102463E+02
 0.0000000000000E+00-1.1199201102463E+02-1.6238841598572E+02 0.0000000000000E+00
 1.1199201102463E+02 1.6238841598572E+02 0.0000000000000E+00-1.1199201102463E+02
 1.6238841598572E+02 0.0000000000000E+00 1.1199201102463E+02-1.6238841598572E+02
 0.0000000000000E+00-2.2398402204927E+01-1.9598601929311E+02 0.0000000000000E+00
 2.2398402204927E+01 1.9598601929311E+02 0.0000000000000E+00-2.2398402204927E+01
 1.9598601929311E+02 0.0000000000000E+00 2.2398402204927E+01-1.9598601929311E+02
 0.0000000000000E+00-1.7918721763941E+02-8.3994008268475E+01 0.0000000000000E+00
 1.7918721763941E+02 8.3994008268475E+01 0.0000000000000E+00-1.7918721763941E+02
 8.3994008268475E+01 0.0000000000000E+00 1.7918721763941E+02-8.3994008268475E+01
 0.0000000000000E+00-8.3994008268475E+01-1.7918721763941E+02 0.0000000000000E+00
 8.3994008268475E+01 1.7918721763941E+02 0.0000000000000E+00-8.3994008268475E+01
 1.7918721763941E+02 0.0000000000000E+00 8.3994008268475E+01-1.7918721763941E+02
 0.0000000000000E+00-1.9598601929311E+02-2.7998002756158E+01 0.0000000000000E+00
 1.9598601929311E+02 2.7998002756158E+01 0.0000000000000E+00-1.9598601929311E+02
 2.7998002756158E+01 0.0000000000000E+00 1.9598601929311E+02-2.7998002756158E+01
 0.0000000000000E+00-1.7358761708818E+02-9.5193209370939E+01 0.0000000000000E+00
 1.7358761708818E+02 9.5193209370939E+01 0.0000000000000E+00-1.7358761708818E+02
 9.5193209370939E+01 0.0000000000000E+00 1.7358761708818E+02-9.5193209370939E+01
 0.0000000000000E+00-1.3999001378079E+02-1.3999001378079E+02 0.0000000000000E+00
 1.3999001378079E+02 1.3999001378079E+02 0.0000000000000E+00-1.3999001378079E+02
 1.3999001378079E+02 0.0000000000000E+00 1.3999001378079E+02-1.3999001378079E+02
 0.0000000000000E+00-9.5193209370939E+01-1.7358761708818E+02 0.0000000000000E+00
 9.5193209370939E+01 1.7358761708818E+02 0.0000000000000E+00-9.5193209370939E+01
 1.7358761708818E+02 0.0000000000000E+00 9.5193209370939E+01-1.7358761708818E+02
 0.0000000000000E+00-2.7998002756158E+01-1.9598601929311E+02 0.0000000000000E+00
 2.7998002756158E+01 1.9598601929311E+02 0.0000000000000E+00-2.7998002756158E+01
 1.9598601929311E+02 0.0000000000000E+00 2.7998002756158E+01-1.9598601929311E+02
 0.0000000000000E+00-1.4558961433202E+02-1.3439041322956E+02 0.0000000000000E+00
 1.4558961433202E+02 1.3439041322956E+02 0.0000000000000E+00-1.4558961433202E+02
 1.3439041322956E+02 0.0000000000000E+00 1.4558961433202E+02-1.3439041322956E+02
 0.0000000000000E+00-1.3439041322956E+02-1.4558961433202E+02 0.0000000000000E+00
 1.3439041322956E+02 1.4558961433202E+02 0.0000000000000E+00-1.3439041322956E+02
 1.4558961433202E+02 0.0000000000000E+00 1.3439041322956E+02-1.4558961433202E+02
 0.0000000000000E+00-1.9038641874188E+02-5.5996005512317E+01 0.0000000000000E+00
 1.9038641874188E+02 5.5996005512317E+01 0.0000000000000E+00-1.9038641874188E+02
 5.5996005512317E+01 0.0000000000000E+00 1.9038641874188E+02-5.5996005512317E+01
 0.0000000000000E+00-5.5996005512317E+01-1.9038641874188E+02 0.0000000000000E+00
 5.5996005512317E+01 1.9038641874188E+02 0.0000000000000E+00-5.5996005512317E+01
 1.9038641874188E+02 0.0000000000000E+00 5.5996005512317E+01-1.9038641874188E+02
 0.0000000000000E+00-1.8478681819065E+02-7.2794807166012E+01 0.0000000000000E+00
 1.8478681819065E+02 7.2794807166012E+01 0.0000000000000E+00-1.8478681819065E+02
 7.2794807166012E+01 0.0000000000000E+00 1.8478681819065E+02-7.2794807166012E+01
 0.0000000000000E+00-1.5118921488326E+02-1.2879081267833E+02 0.0000000000000E+00
 1.5118921488326E+02 1.2879081267833E+02 0.0000000000000E+00-1.5118921488326E+02
 1.2879081267833E+02 0.0000000000000E+00 1.5118921488326E+02-1.2879081267833E+02
 0.0000000000000E+00-1.2879081267833E+02-1.5118921488326E+02 0.0000000000000E+00
 1.2879081267833E+02 1.5118921488326E+02 0.0000000000000E+00-1.2879081267833E+02
 1.5118921488326E+02 0.0000000000000E+00 1.2879081267833E+02-1.5118921488326E+02
 0.0000000000000E+00-7.2794807166012E+01-1.8478681819065E+02 0.0000000000000E+00
 7.2794807166012E+01 1.8478681819065E+02 0.0000000000000E+00-7.2794807166012E+01
 1.8478681819065E+02 0.0000000000000E+00 7.2794807166012E+01-1.8478681819065E+02
 0.0000000000000E+00-1.9598601929311E+02-3.3597603307390E+01 0.0000000000000E+00
 1.9598601929311E+02 3.3597603307390E+01 0.0000000000000E+00-1.9598601929311E+02
 3.3597603307390E+01 0.0000000000000E+00 1.9598601929311E+02-3.3597603307390E+01
 0.0000000000000E+00-1.6798801653695E+02-1.0639241047340E+02 0.0000000000000E+00
 1.6798801653695E+02 1.0639241047340E+02 0.0000000000000E+00-1.6798801653695E+02
 1.0639241047340E+02 0.0000000000000E+00 1.6798801653695E+02-1.0639241047340E+02
 0.0000000000000E+00-1.0639241047340E+02-1.6798801653695E+02 0.0000000000000E+00
 1.0639241047340E+02 1.6798801653695E+02 0.0000000000000E+00-1.0639241047340E+02
 1.6798801653695E+02 0.0000000000000E+00 1.0639241047340E+02-1.6798801653695E+02
 0.0000000000000E+00-3.3597603307390E+01-1.9598601929311E+02 0.0000000000000E+00
 3.3597603307390E+01 1.9598601929311E+02 0.0000000000000E+00-3.3597603307390E+01
 1.9598601929311E+02 0.0000000000000E+00 3.3597603307390E+01-1.9598601929311E+02
 0.0000000000000E+00-1.5678881543449E+02-1.2319121212710E+02 0.0000000000000E+00
 1.5678881543449E+02 1.2319121212710E+02 0.0000000000000E+00-1.5678881543449E+02
 1.2319121212710E+02 0.0000000000000E+00 1.5678881543449E+02-1.2319121212710E+02
 0.0000000000000E+00-1.2319121212710E+02-1.5678881543449E+02 0.0000000000000E+00
 1.2319121212710E+02 1.5678881543449E+02 0.0000000000000E+00-1.2319121212710E+02
 1.5678881543449E+02 0.0000000000000E+00 1.2319121212710E+02-1.5678881543449E+02
 0.0000000000000E+00-1.9598601929311E+02-3.9197203858622E+01 0.0000000000000E+00
 1.9598601929311E+02 3.9197203858622E+01 0.0000000000000E+00-1.9598601929311E+02
 3.9197203858622E+01 0.0000000000000E+00 1.9598601929311E+02-3.9197203858622E+01
 0.0000000000000E+00-3.9197203858622E+01-1.9598601929311E+02 0.0000000000000E+00
 3.9197203858622E+01 1.9598601929311E+02 0.0000000000000E+00-3.9197203858622E+01
 1.9598601929311E+02 0.0000000000000E+00 3.9197203858622E+01-1.9598601929311E+02
 0.0000000000000E+00-1.9038641874188E+02-6.1595606063549E+01 0.0000000000000E+00
 1.9038641874188E+02 6.1595606063549E+01 0.0000000000000E+00-1.9038641874188E+02
 6.1595606063549E+01 0.0000000000000E+00 1.9038641874188E+02-6.1595606063549E+01
 0.0000000000000E+00-6.1595606063549E+01-1.9038641874188E+02 0.0000000000000E+00
 6.1595606063549E+01 1.9038641874188E+02 0.0000000000000E+00-6.1595606063549E+01
 1.9038641874188E+02 0.0000000000000E+00 6.1595606063549E+01-1.9038641874188E+02
 0.0000000000000E+00-1.7918721763941E+02-8.9593608819707E+01 0.0000000000000E+00
 1.7918721763941E+02 8.9593608819707E+01 0.0000000000000E+00-1.7918721763941E+02
 8.9593608819707E+01 0.0000000000000E+00 1.7918721763941E+02-8.9593608819707E+01
 0.0000000000000E+00-8.9593608819707E+01-1.7918721763941E+02 0.0000000000000E+00
 8.9593608819707E+01 1.7918721763941E+02 0.0000000000000E+00-8.9593608819707E+01
 1.7918721763941E+02 0.0000000000000E+00 8.9593608819707E+01-1.7918721763941E+02
 0.0000000000000E+00-1.6238841598572E+02-1.1759161157587E+02 0.0000000000000E+00
 1.6238841598572E+02 1.1759161157587E+02 0.0000000000000E+00-1.6238841598572E+02
 1.1759161157587E+02 0.0000000000000E+00 1.6238841598572E+02-1.1759161157587E+02
 0.0000000000000E+00-1.1759161157587E+02-1.6238841598572E+02 0.0000000000000E+00
 1.1759161157587E+02 1.6238841598572E+02 0.0000000000000E+00-1.1759161157587E+02
 1.6238841598572E+02 0.0000000000000E+00 1.1759161157587E+02-1.6238841598572E+02
 0.0000000000000E+00-1.8478681819065E+02-7.8394407717244E+01 0.0000000000000E+00
 1.8478681819065E+02 7.8394407717244E+01 0.0000000000000E+00-1.8478681819065E+02
 7.8394407717244E+01 0.0000000000000E+00 1.8478681819065E+02-7.8394407717244E+01
 0.0000000000000E+00-1.7358761708818E+02-1.0079280992217E+02 0.0000000000000E+00
 1.7358761708818E+02 1.0079280992217E+02 0.0000000000000E+00-1.7358761708818E+02
 1.0079280992217E+02 0.0000000000000E+00 1.7358761708818E+02-1.0079280992217E+02
 0.0000000000000E+00-1.0079280992217E+02-1.7358761708818E+02 0.0000000000000E+00
 1.0079280992217E+02 1.7358761708818E+02 0.0000000000000E+00-1.0079280992217E+02
 1.7358761708818E+02 0.0000000000000E+00 1.0079280992217E+02-1.7358761708818E+02
 0.0000000000000E+00-7.8394407717244E+01-1.8478681819065E+02 0.0000000000000E+00
 7.8394407717244E+01 1.8478681819065E+02 0.0000000000000E+00-7.8394407717244E+01
 1.8478681819065E+02 0.0000000000000E+00 7.8394407717244E+01-1.8478681819065E+02
 0.0000000000000E+00-1.9598601929311E+02-4.4796804409854E+01 0.0000000000000E+00
 1.9598601929311E+02 4.4796804409854E+01 0.0000000000000E+00-1.9598601929311E+02
 4.4796804409854E+01 0.0000000000000E+00 1.9598601929311E+02-4.4796804409854E+01
 0.0000000000000E+00-4.4796804409854E+01-1.9598601929311E+02 0.0000000000000E+00
 4.4796804409854E+01 1.9598601929311E+02 0.0000000000000E+00-4.4796804409854E+01
 1.9598601929311E+02 0.0000000000000E+00 4.4796804409854E+01-1.9598601929311E+02
 0.0000000000000E+00-2.0158561984434E+02 0.0000000000000E+00 0.0000000000000E+00
 2.0158561984434E+02 0.0000000000000E+00 0.0000000000000E+00 0.0000000000000E+00
-2.0158561984434E+02 0.0000000000000E+00 0.0000000000000E+00 2.0158561984434E+02
 0.0000000000000E+00-2.0158561984434E+02-5.5996005512317E+00 0.0000000000000E+00
 2.0158561984434E+02 5.5996005512317E+00 0.0000000000000E+00-2.0158561984434E+02
 5.5996005512317E+00 0.0000000000000E+00 2.0158561984434E+02-5.5996005512317E+00
 0.0000000000000E+00-5.5996005512317E+00-2.0158561984434E+02 0.0000000000000E+00
 5.5996005512317E+00 2.0158561984434E+02 0.0000000000000E+00-5.5996005512317E+00
 2.0158561984434E+02 0.0000000000000E+00 5.5996005512317E+00-2.0158561984434E+02
 0.0000000000000E+00-2.0158561984434E+02-1.1199201102463E+01 0.0000000000000E+00
 2.0158561984434E+02 1.1199201102463E+01 0.0000000000000E+00-2.0158561984434E+02
 1.1199201102463E+01 0.0000000000000E+00 2.0158561984434E+02-1.1199201102463E+01
 0.0000000000000E+00-1.9038641874188E+02-6.7195206614780E+01 0.0000000000000E+00
 1.9038641874188E+02 6.7195206614780E+01 0.0000000000000E+00-1.9038641874188E+02
 6.7195206614780E+01 0.0000000000000E+00 1.9038641874188E+02-6.7195206614780E+01
 0.0000000000000E+00-1.6798801653695E+02-1.1199201102463E+02 0.0000000000000E+00
 1.6798801653695E+02 1.1199201102463E+02 0.0000000000000E+00-1.6798801653695E+02
 1.1199201102463E+02 0.0000000000000E+00 1.6798801653695E+02-1.1199201102463E+02
 0.0000000000000E+00-1.1199201102463E+02-1.6798801653695E+02 0.0000000000000E+00
 1.1199201102463E+02 1.6798801653695E+02 0.0000000000000E+00-1.1199201102463E+02
 1.6798801653695E+02 0.0000000000000E+00 1.1199201102463E+02-1.6798801653695E+02
 0.0000000000000E+00-6.7195206614780E+01-1.9038641874188E+02 0.0000000000000E+00
 6.7195206614780E+01 1.9038641874188E+02 0.0000000000000E+00-6.7195206614780E+01
 1.9038641874188E+02 0.0000000000000E+00 6.7195206614780E+01-1.9038641874188E+02
 0.0000000000000E+00-1.1199201102463E+01-2.0158561984434E+02 0.0000000000000E+00
 1.1199201102463E+01 2.0158561984434E+02 0.0000000000000E+00-1.1199201102463E+01
 2.0158561984434E+02 0.0000000000000E+00 1.1199201102463E+01-2.0158561984434E+02
 0.0000000000000E+00-1.4558961433202E+02-1.3999001378079E+02 0.0000000000000E+00
 1.4558961433202E+02 1.3999001378079E+02 0.0000000000000E+00-1.4558961433202E+02
 1.3999001378079E+02 0.0000000000000E+00 1.4558961433202E+02-1.3999001378079E+02
 0.0000000000000E+00-1.3999001378079E+02-1.4558961433202E+02 0.0000000000000E+00
 1.3999001378079E+02 1.4558961433202E+02 0.0000000000000E+00-1.3999001378079E+02
 1.4558961433202E+02 0.0000000000000E+00 1.3999001378079E+02-1.4558961433202E+02
 0.0000000000000E+00-2.0158561984434E+02-1.6798801653695E+01 0.0000000000000E+00
 2.0158561984434E+02 1.6798801653695E+01 0.0000000000000E+00-2.0158561984434E+02
 1.6798801653695E+01 0.0000000000000E+00 2.0158561984434E+02-1.6798801653695E+01
 0.0000000000000E+00-1.5118921488326E+02-1.3439041322956E+02 0.0000000000000E+00
 1.5118921488326E+02 1.3439041322956E+02 0.0000000000000E+00-1.5118921488326E+02
 1.3439041322956E+02 0.0000000000000E+00 1.5118921488326E+02-1.3439041322956E+02
 0.0000000000000E+00-1.3439041322956E+02-1.5118921488326E+02 0.0000000000000E+00
 1.3439041322956E+02 1.5118921488326E+02 0.0000000000000E+00-1.3439041322956E+02
 1.5118921488326E+02 0.0000000000000E+00 1.3439041322956E+02-1.5118921488326E+02
 0.0000000000000E+00-1.6798801653695E+01-2.0158561984434E+02 0.0000000000000E+00
 1.6798801653695E+01 2.0158561984434E+02 0.0000000000000E+00-1.6798801653695E+01
 2.0158561984434E+02 0.0000000000000E+00 1.6798801653695E+01-2.0158561984434E+02
 0.0000000000000E+00-1.9598601929311E+02-5.0396404961085E+01 0.0000000000000E+00
 1.9598601929311E+02 5.0396404961085E+01 0.0000000000000E+00-1.9598601929311E+02
 5.0396404961085E+01 0.0000000000000E+00 1.9598601929311E+02-5.0396404961085E+01
 0.0000000000000E+00-5.0396404961085E+01-1.9598601929311E+02 0.0000000000000E+00
 5.0396404961085E+01 1.9598601929311E+02 0.0000000000000E+00-5.0396404961085E+01
 1.9598601929311E+02 0.0000000000000E+00 5.0396404961085E+01-1.9598601929311E+02
 0.0000000000000E+00-2.0158561984434E+02-2.2398402204927E+01 0.0000000000000E+00
 2.0158561984434E+02 2.2398402204927E+01 0.0000000000000E+00-2.0158561984434E+02
 2.2398402204927E+01 0.0000000000000E+00 2.0158561984434E+02-2.2398402204927E+01
 0.0000000000000E+00-2.2398402204927E+01-2.0158561984434E+02 0.0000000000000E+00
 2.2398402204927E+01 2.0158561984434E+02 0.0000000000000E+00-2.2398402204927E+01
 2.0158561984434E+02 0.0000000000000E+00 2.2398402204927E+01-2.0158561984434E+02
 0.0000000000000E+00-1.7918721763941E+02-9.5193209370939E+01 0.0000000000000E+00
 1.7918721763941E+02 9.5193209370939E+01 0.0000000000000E+00-1.7918721763941E+02
 9.5193209370939E+01 0.0000000000000E+00 1.7918721763941E+02-9.5193209370939E+01
 0.0000000000000E+00-1.5678881543449E+02-1.2879081267833E+02 0.0000000000000E+00
 1.5678881543449E+02 1.2879081267833E+02 0.0000000000000E+00-1.5678881543449E+02
 1.2879081267833E+02 0.0000000000000E+00 1.5678881543449E+02-1.2879081267833E+02
 0.0000000000000E+00-1.2879081267833E+02-1.5678881543449E+02 0.0000000000000E+00
 1.2879081267833E+02 1.5678881543449E+02 0.0000000000000E+00-1.2879081267833E+02
 1.5678881543449E+02 0.0000000000000E+00 1.2879081267833E+02-1.5678881543449E+02
 0.0000000000000E+00-9.5193209370939E+01-1.7918721763941E+02 0.0000000000000E+00
 9.5193209370939E+01 1.7918721763941E+02 0.0000000000000E+00-9.5193209370939E+01
 1.7918721763941E+02 0.0000000000000E+00 9.5193209370939E+01-1.7918721763941E+02
 0.0000000000000E+00-1.8478681819065E+02-8.3994008268475E+01 0.0000000000000E+00
 1.8478681819065E+02 8.3994008268475E+01 0.0000000000000E+00-1.8478681819065E+02
 8.3994008268475E+01 0.0000000000000E+00 1.8478681819065E+02-8.3994008268475E+01
 0.0000000000000E+00-8.3994008268475E+01-1.8478681819065E+02 0.0000000000000E+00
 8.3994008268475E+01 1.8478681819065E+02 0.0000000000000E+00-8.3994008268475E+01
 1.8478681819065E+02 0.0000000000000E+00 8.3994008268475E+01-1.8478681819065E+02
 0.0000000000000E+00-2.0158561984434E+02-2.7998002756158E+01 0.0000000000000E+00
 2.0158561984434E+02 2.7998002756158E+01 0.0000000000000E+00-2.0158561984434E+02
 2.7998002756158E+01 0.0000000000000E+00 2.0158561984434E+02-2.7998002756158E+01
 0.0000000000000E+00-2.7998002756158E+01-2.0158561984434E+02 0.0000000000000E+00
 2.7998002756158E+01 2.0158561984434E+02 0.0000000000000E+00-2.7998002756158E+01
 2.0158561984434E+02 0.0000000000000E+00 2.7998002756158E+01-2.0158561984434E+02
 0.0000000000000E+00-1.7358761708818E+02-1.0639241047340E+02 0.0000000000000E+00
 1.7358761708818E+02 1.0639241047340E+02 0.0000000000000E+00-1.7358761708818E+02
 1.0639241047340E+02 0.0000000000000E+00 1.7358761708818E+02-1.0639241047340E+02
 0.0000000000000E+00-1.0639241047340E+02-1.7358761708818E+02 0.0000000000000E+00
 1.0639241047340E+02 1.7358761708818E+02 0.0000000000000E+00-1.0639241047340E+02
 1.7358761708818E+02 0.0000000000000E+00 1.0639241047340E+02-1.7358761708818E+02
 0.0000000000000E+00-1.9598601929311E+02-5.5996005512317E+01 0.0000000000000E+00
 1.9598601929311E+02 5.5996005512317E+01 0.0000000000000E+00-1.9598601929311E+02
 5.5996005512317E+01 0.0000000000000E+00 1.9598601929311E+02-5.5996005512317E+01
 0.0000000000000E+00-1.9038641874188E+02-7.2794807166012E+01 0.0000000000000E+00
 1.9038641874188E+02 7.2794807166012E+01 0.0000000000000E+00-1.9038641874188E+02
 7.2794807166012E+01 0.0000000000000E+00 1.9038641874188E+02-7.2794807166012E+01
 0.0000000000000E+00-1.6238841598572E+02-1.2319121212710E+02 0.0000000000000E+00
 1.6238841598572E+02 1.2319121212710E+02 0.0000000000000E+00-1.6238841598572E+02
 1.2319121212710E+02 0.0000000000000E+00 1.6238841598572E+02-1.2319121212710E+02
 0.0000000000000E+00-1.2319121212710E+02-1.6238841598572E+02 0.0000000000000E+00
 1.2319121212710E+02 1.6238841598572E+02 0.0000000000000E+00-1.2319121212710E+02
 1.6238841598572E+02 0.0000000000000E+00 1.2319121212710E+02-1.6238841598572E+02
 0.0000000000000E+00-7.2794807166012E+01-1.9038641874188E+02 0.0000000000000E+00
 7.2794807166012E+01 1.9038641874188E+02 0.0000000000000E+00-7.2794807166012E+01
 1.9038641874188E+02 0.0000000000000E+00 7.2794807166012E+01-1.9038641874188E+02
 0.0000000000000E+00-5.5996005512317E+01-1.9598601929311E+02 0.0000000000000E+00
 5.5996005512317E+01 1.9598601929311E+02 0.0000000000000E+00-5.5996005512317E+01
 1.9598601929311E+02 0.0000000000000E+00 5.5996005512317E+01-1.9598601929311E+02
 0.0000000000000E+00-2.0158561984434E+02-3.3597603307390E+01 0.0000000000000E+00
 2.0158561984434E+02 3.3597603307390E+01 0.0000000000000E+00-2.0158561984434E+02
 3.3597603307390E+01 0.0000000000000E+00 2.0158561984434E+02-3.3597603307390E+01
 0.0000000000000E+00-3.3597603307390E+01-2.0158561984434E+02 0.0000000000000E+00
 3.3597603307390E+01 2.0158561984434E+02 0.0000000000000E+00-3.3597603307390E+01
 2.0158561984434E+02 0.0000000000000E+00 3.3597603307390E+01-2.0158561984434E+02
 0.0000000000000E+00-1.6798801653695E+02-1.1759161157587E+02 0.0000000000000E+00
 1.6798801653695E+02 1.1759161157587E+02 0.0000000000000E+00-1.6798801653695E+02
 1.1759161157587E+02 0.0000000000000E+00 1.6798801653695E+02-1.1759161157587E+02
 0.0000000000000E+00-1.1759161157587E+02-1.6798801653695E+02 0.0000000000000E+00
 1.1759161157587E+02 1.6798801653695E+02 0.0000000000000E+00-1.1759161157587E+02
 1.6798801653695E+02 0.0000000000000E+00 1.1759161157587E+02-1.6798801653695E+02
 0.0000000000000E+00-2.0158561984434E+02-3.9197203858622E+01 0.0000000000000E+00
 2.0158561984434E+02 3.9197203858622E+01 0.0000000000000E+00-2.0158561984434E+02
 3.9197203858622E+01 0.0000000000000E+00 2.0158561984434E+02-3.9197203858622E+01
 0.0000000000000E+00-1.8478681819065E+02-8.9593608819707E+01 0.0000000000000E+00
 1.8478681819065E+02 8.9593608819707E+01 0.0000000000000E+00-1.8478681819065E+02
 8.9593608819707E+01 0.0000000000000E+00 1.8478681819065E+02-8.9593608819707E+01
 0.0000000000000E+00-8.9593608819707E+01-1.8478681819065E+02 0.0000000000000E+00
 8.9593608819707E+01 1.8478681819065E+02 0.0000000000000E+00-8.9593608819707E+01
 1.8478681819065E+02 0.0000000000000E+00 8.9593608819707E+01-1.8478681819065E+02
 0.0000000000000E+00-3.9197203858622E+01-2.0158561984434E+02 0.0000000000000E+00
 3.9197203858622E+01 2.0158561984434E+02 0.0000000000000E+00-3.9197203858622E+01
 2.0158561984434E+02 0.0000000000000E+00 3.9197203858622E+01-2.0158561984434E+02
 0.0000000000000E+00-1.9598601929311E+02-6.1595606063549E+01 0.0000000000000E+00
 1.9598601929311E+02 6.1595606063549E+01 0.0000000000000E+00-1.9598601929311E+02
 6.1595606063549E+01 0.0000000000000E+00 1.9598601929311E+02-6.1595606063549E+01
 0.0000000000000E+00-6.1595606063549E+01-1.9598601929311E+02 0.0000000000000E+00
 6.1595606063549E+01 1.9598601929311E+02 0.0000000000000E+00-6.1595606063549E+01
 1.9598601929311E+02 0.0000000000000E+00 6.1595606063549E+01-1.9598601929311E+02
 0.0000000000000E+00-1.7918721763941E+02-1.0079280992217E+02 0.0000000000000E+00
 1.7918721763941E+02 1.0079280992217E+02 0.0000000000000E+00-1.7918721763941E+02
 1.0079280992217E+02 0.0000000000000E+00 1.7918721763941E+02-1.0079280992217E+02
 0.0000000000000E+00-1.0079280992217E+02-1.7918721763941E+02 0.0000000000000E+00
 1.0079280992217E+02 1.7918721763941E+02 0.0000000000000E+00-1.0079280992217E+02
 1.7918721763941E+02 0.0000000000000E+00 1.0079280992217E+02-1.7918721763941E+02
 0.0000000000000E+00-1.9038641874188E+02-7.8394407717244E+01 0.0000000000000E+00
 1.9038641874188E+02 7.8394407717244E+01 0.0000000000000E+00-1.9038641874188E+02
 7.8394407717244E+01 0.0000000000000E+00 1.9038641874188E+02-7.8394407717244E+01
 0.0000000000000E+00-1.4558961433202E+02-1.4558961433202E+02 0.0000000000000E+00
 1.4558961433202E+02 1.4558961433202E+02 0.0000000000000E+00-1.4558961433202E+02
 1.4558961433202E+02 0.0000000000000E+00 1.4558961433202E+02-1.4558961433202E+02
 0.0000000000000E+00-7.8394407717244E+01-1.9038641874188E+02 0.0000000000000E+00
 7.8394407717244E+01 1.9038641874188E+02 0.0000000000000E+00-7.8394407717244E+01
 1.9038641874188E+02 0.0000000000000E+00 7.8394407717244E+01-1.9038641874188E+02
 0.0000000000000E+00-1.5118921488326E+02-1.3999001378079E+02 0.0000000000000E+00
 1.5118921488326E+02 1.3999001378079E+02 0.0000000000000E+00-1.5118921488326E+02
 1.3999001378079E+02 0.0000000000000E+00 1.5118921488326E+02-1.3999001378079E+02
 0.0000000000000E+00-1.3999001378079E+02-1.5118921488326E+02 0.0000000000000E+00
 1.3999001378079E+02 1.5118921488326E+02 0.0000000000000E+00-1.3999001378079E+02
 1.5118921488326E+02 0.0000000000000E+00 1.3999001378079E+02-1.5118921488326E+02
 0.0000000000000E+00-2.0158561984434E+02-4.4796804409854E+01 0.0000000000000E+00
 2.0158561984434E+02 4.4796804409854E+01 0.0000000000000E+00-2.0158561984434E+02
 4.4796804409854E+01 0.0000000000000E+00 2.0158561984434E+02-4.4796804409854E+01
 0.0000000000000E+00-1.5678881543449E+02-1.3439041322956E+02 0.0000000000000E+00
 1.5678881543449E+02 1.3439041322956E+02 0.0000000000000E+00-1.5678881543449E+02
 1.3439041322956E+02 0.0000000000000E+00 1.5678881543449E+02-1.3439041322956E+02
 0.0000000000000E+00-1.3439041322956E+02-1.5678881543449E+02 0.0000000000000E+00
 1.3439041322956E+02 1.5678881543449E+02 0.0000000000000E+00-1.3439041322956E+02
 1.5678881543449E+02 0.0000000000000E+00 1.3439041322956E+02-1.5678881543449E+02
 0.0000000000000E+00-4.4796804409854E+01-2.0158561984434E+02 0.0000000000000E+00
 4.4796804409854E+01 2.0158561984434E+02 0.0000000000000E+00-4.4796804409854E+01
 2.0158561984434E+02 0.0000000000000E+00 4.4796804409854E+01-2.0158561984434E+02
 0.0000000000000E+00-1.7358761708818E+02-1.1199201102463E+02 0.0000000000000E+00
 1.7358761708818E+02 1.1199201102463E+02 0.0000000000000E+00-1.7358761708818E+02
 1.1199201102463E+02 0.0000000000000E+00 1.7358761708818E+02-1.1199201102463E+02
 0.0000000000000E+00-1.1199201102463E+02-1.7358761708818E+02 0.0000000000000E+00
 1.1199201102463E+02 1.7358761708818E+02 0.0000000000000E+00-1.1199201102463E+02
 1.7358761708818E+02 0.0000000000000E+00 1.1199201102463E+02-1.7358761708818E+02
 0.0000000000000E+00-2.0718522039557E+02 0.0000000000000E+00 0.0000000000000E+00
 2.0718522039557E+02 0.0000000000000E+00 0.0000000000000E+00-1.9598601929311E+02
-6.7195206614780E+01 0.0000000000000E+00 1.9598601929311E+02 6.7195206614780E+01
 0.0000000000000E+00-1.9598601929311E+02 6.7195206614780E+01 0.0000000000000E+00
 1.9598601929311E+02-6.7195206614780E+01 0.0000000000000E+00-6.7195206614780E+01
-1.9598601929311E+02 0.0000000000000E+00 6.7195206614780E+01 1.9598601929311E+02
 0.0000000000000E+00-6.7195206614780E+01 1.9598601929311E+02 0.0000000000000E+00
 6.7195206614780E+01-1.9598601929311E+02 0.0000000000000E+00 0.0000000000000E+00
-2.0718522039557E+02 0.0000000000000E+00 0.0000000000000E+00 2.0718522039557E+02
 0.0000000000000E+00-2.0718522039557E+02-5.5996005512317E+00 0.0000000000000E+00
 2.0718522039557E+02 5.5996005512317E+00 0.0000000000000E+00-2.0718522039557E+02
 5.5996005512317E+00 0.0000000000000E+00 2.0718522039557E+02-5.5996005512317E+00
 0.0000000000000E+00-1.6238841598572E+02-1.2879081267833E+02 0.0000000000000E+00
 1.6238841598572E+02 1.2879081267833E+02 0.0000000000000E+00-1.6238841598572E+02
 1.2879081267833E+02 0.0000000000000E+00 1.6238841598572E+02-1.2879081267833E+02
 0.0000000000000E+00-1.2879081267833E+02-1.6238841598572E+02 0.0000000000000E+00
 1.2879081267833E+02 1.6238841598572E+02 0.0000000000000E+00-1.2879081267833E+02
 1.6238841598572E+02 0.0000000000000E+00 1.2879081267833E+02-1.6238841598572E+02
 0.0000000000000E+00-5.5996005512317E+00-2.0718522039557E+02 0.0000000000000E+00
 5.5996005512317E+00 2.0718522039557E+02 0.0000000000000E+00-5.5996005512317E+00
 2.0718522039557E+02 0.0000000000000E+00 5.5996005512317E+00-2.0718522039557E+02
 0.0000000000000E+00-2.0718522039557E+02-1.1199201102463E+01 0.0000000000000E+00
 2.0718522039557E+02 1.1199201102463E+01 0.0000000000000E+00-2.0718522039557E+02
 1.1199201102463E+01 0.0000000000000E+00 2.0718522039557E+02-1.1199201102463E+01
 0.0000000000000E+00-1.1199201102463E+01-2.0718522039557E+02 0.0000000000000E+00
 1.1199201102463E+01 2.0718522039557E+02 0.0000000000000E+00-1.1199201102463E+01
 2.0718522039557E+02 0.0000000000000E+00 1.1199201102463E+01-2.0718522039557E+02
 0.0000000000000E+00-2.0158561984434E+02-5.0396404961085E+01 0.0000000000000E+00
 2.0158561984434E+02 5.0396404961085E+01 0.0000000000000E+00-2.0158561984434E+02
 5.0396404961085E+01 0.0000000000000E+00 2.0158561984434E+02-5.0396404961085E+01
 0.0000000000000E+00-5.0396404961085E+01-2.0158561984434E+02 0.0000000000000E+00
 5.0396404961085E+01 2.0158561984434E+02 0.0000000000000E+00-5.0396404961085E+01
 2.0158561984434E+02 0.0000000000000E+00 5.0396404961085E+01-2.0158561984434E+02
 0.0000000000000E+00-2.0718522039557E+02-1.6798801653695E+01 0.0000000000000E+00
 2.0718522039557E+02 1.6798801653695E+01 0.0000000000000E+00-2.0718522039557E+02
 1.6798801653695E+01 0.0000000000000E+00 2.0718522039557E+02-1.6798801653695E+01
 0.0000000000000E+00-1.8478681819065E+02-9.5193209370939E+01 0.0000000000000E+00
 1.8478681819065E+02 9.5193209370939E+01 0.0000000000000E+00-1.8478681819065E+02
 9.5193209370939E+01 0.0000000000000E+00 1.8478681819065E+02-9.5193209370939E+01
 0.0000000000000E+00-9.5193209370939E+01-1.8478681819065E+02 0.0000000000000E+00
 9.5193209370939E+01 1.8478681819065E+02 0.0000000000000E+00-9.5193209370939E+01
 1.8478681819065E+02 0.0000000000000E+00 9.5193209370939E+01-1.8478681819065E+02
 0.0000000000000E+00-1.6798801653695E+01-2.0718522039557E+02 0.0000000000000E+00
 1.6798801653695E+01 2.0718522039557E+02 0.0000000000000E+00-1.6798801653695E+01
 2.0718522039557E+02 0.0000000000000E+00 1.6798801653695E+01-2.0718522039557E+02
 0.0000000000000E+00-1.9038641874188E+02-8.3994008268475E+01 0.0000000000000E+00
 1.9038641874188E+02 8.3994008268475E+01 0.0000000000000E+00-1.9038641874188E+02
 8.3994008268475E+01 0.0000000000000E+00 1.9038641874188E+02-8.3994008268475E+01
 0.0000000000000E+00-8.3994008268475E+01-1.9038641874188E+02 0.0000000000000E+00
 8.3994008268475E+01 1.9038641874188E+02 0.0000000000000E+00-8.3994008268475E+01
 1.9038641874188E+02 0.0000000000000E+00 8.3994008268475E+01-1.9038641874188E+02
 0.0000000000000E+00-1.6798801653695E+02-1.2319121212710E+02 0.0000000000000E+00
 1.6798801653695E+02 1.2319121212710E+02 0.0000000000000E+00-1.6798801653695E+02
 1.2319121212710E+02 0.0000000000000E+00 1.6798801653695E+02-1.2319121212710E+02
 0.0000000000000E+00-1.2319121212710E+02-1.6798801653695E+02 0.0000000000000E+00
 1.2319121212710E+02 1.6798801653695E+02 0.0000000000000E+00-1.2319121212710E+02
 1.6798801653695E+02 0.0000000000000E+00 1.2319121212710E+02-1.6798801653695E+02
 0.0000000000000E+00-2.0718522039557E+02-2.2398402204927E+01 0.0000000000000E+00
 2.0718522039557E+02 2.2398402204927E+01 0.0000000000000E+00-2.0718522039557E+02
 2.2398402204927E+01 0.0000000000000E+00 2.0718522039557E+02-2.2398402204927E+01
 0.0000000000000E+00-1.7918721763941E+02-1.0639241047340E+02 0.0000000000000E+00
 1.7918721763941E+02 1.0639241047340E+02 0.0000000000000E+00-1.7918721763941E+02
 1.0639241047340E+02 0.0000000000000E+00 1.7918721763941E+02-1.0639241047340E+02
 0.0000000000000E+00-1.0639241047340E+02-1.7918721763941E+02 0.0000000000000E+00
 1.0639241047340E+02 1.7918721763941E+02 0.0000000000000E+00-1.0639241047340E+02
 1.7918721763941E+02 0.0000000000000E+00 1.0639241047340E+02-1.7918721763941E+02
 0.0000000000000E+00-2.2398402204927E+01-2.0718522039557E+02 0.0000000000000E+00
 2.2398402204927E+01 2.0718522039557E+02 0.0000000000000E+00-2.2398402204927E+01
 2.0718522039557E+02 0.0000000000000E+00 2.2398402204927E+01-2.0718522039557E+02
 0.0000000000000E+00-2.0718522039557E+02-2.7998002756158E+01 0.0000000000000E+00
 2.0718522039557E+02 2.7998002756158E+01 0.0000000000000E+00-2.0718522039557E+02
 2.7998002756158E+01 0.0000000000000E+00 2.0718522039557E+02-2.7998002756158E+01
 0.0000000000000E+00-1.9598601929311E+02-7.2794807166012E+01 0.0000000000000E+00
 1.9598601929311E+02 7.2794807166012E+01 0.0000000000000E+00-1.9598601929311E+02
 7.2794807166012E+01 0.0000000000000E+00 1.9598601929311E+02-7.2794807166012E+01
 0.0000000000000E+00-7.2794807166012E+01-1.9598601929311E+02 0.0000000000000E+00
 7.2794807166012E+01 1.9598601929311E+02 0.0000000000000E+00-7.2794807166012E+01
 1.9598601929311E+02 0.0000000000000E+00 7.2794807166012E+01-1.9598601929311E+02
 0.0000000000000E+00-2.7998002756158E+01-2.0718522039557E+02 0.0000000000000E+00
 2.7998002756158E+01 2.0718522039557E+02 0.0000000000000E+00-2.7998002756158E+01
 2.0718522039557E+02 0.0000000000000E+00 2.7998002756158E+01-2.0718522039557E+02
 0.0000000000000E+00-2.0158561984434E+02-5.5996005512317E+01 0.0000000000000E+00
 2.0158561984434E+02 5.5996005512317E+01 0.0000000000000E+00-2.0158561984434E+02
 5.5996005512317E+01 0.0000000000000E+00 2.0158561984434E+02-5.5996005512317E+01
 0.0000000000000E+00-5.5996005512317E+01-2.0158561984434E+02 0.0000000000000E+00
 5.5996005512317E+01 2.0158561984434E+02 0.0000000000000E+00-5.5996005512317E+01
 2.0158561984434E+02 0.0000000000000E+00 5.5996005512317E+01-2.0158561984434E+02
 0.0000000000000E+00-1.7358761708818E+02-1.1759161157587E+02 0.0000000000000E+00
 1.7358761708818E+02 1.1759161157587E+02 0.0000000000000E+00-1.7358761708818E+02
 1.1759161157587E+02 0.0000000000000E+00 1.7358761708818E+02-1.1759161157587E+02
 0.0000000000000E+00-1.1759161157587E+02-1.7358761708818E+02 0.0000000000000E+00
 1.1759161157587E+02 1.7358761708818E+02 0.0000000000000E+00-1.1759161157587E+02
 1.7358761708818E+02 0.0000000000000E+00 1.1759161157587E+02-1.7358761708818E+02
 0.0000000000000E+00-2.0718522039557E+02-3.3597603307390E+01 0.0000000000000E+00
 2.0718522039557E+02 3.3597603307390E+01 0.0000000000000E+00-2.0718522039557E+02
 3.3597603307390E+01 0.0000000000000E+00 2.0718522039557E+02-3.3597603307390E+01
 0.0000000000000E+00-1.5118921488326E+02-1.4558961433202E+02 0.0000000000000E+00
 1.5118921488326E+02 1.4558961433202E+02 0.0000000000000E+00-1.5118921488326E+02
 1.4558961433202E+02 0.0000000000000E+00 1.5118921488326E+02-1.4558961433202E+02
 0.0000000000000E+00-1.4558961433202E+02-1.5118921488326E+02 0.0000000000000E+00
 1.4558961433202E+02 1.5118921488326E+02 0.0000000000000E+00-1.4558961433202E+02
 1.5118921488326E+02 0.0000000000000E+00 1.4558961433202E+02-1.5118921488326E+02
 0.0000000000000E+00-3.3597603307390E+01-2.0718522039557E+02 0.0000000000000E+00
 3.3597603307390E+01 2.0718522039557E+02 0.0000000000000E+00-3.3597603307390E+01
 2.0718522039557E+02 0.0000000000000E+00 3.3597603307390E+01-2.0718522039557E+02
 0.0000000000000E+00-1.5678881543449E+02-1.3999001378079E+02 0.0000000000000E+00
 1.5678881543449E+02 1.3999001378079E+02 0.0000000000000E+00-1.5678881543449E+02
 1.3999001378079E+02 0.0000000000000E+00 1.5678881543449E+02-1.3999001378079E+02
 0.0000000000000E+00-1.3999001378079E+02-1.5678881543449E+02 0.0000000000000E+00
 1.3999001378079E+02 1.5678881543449E+02 0.0000000000000E+00-1.3999001378079E+02
 1.5678881543449E+02 0.0000000000000E+00 1.3999001378079E+02-1.5678881543449E+02
 0.0000000000000E+00-1.9038641874188E+02-8.9593608819707E+01 0.0000000000000E+00
 1.9038641874188E+02 8.9593608819707E+01 0.0000000000000E+00-1.9038641874188E+02
 8.9593608819707E+01 0.0000000000000E+00 1.9038641874188E+02-8.9593608819707E+01
 0.0000000000000E+00-8.9593608819707E+01-1.9038641874188E+02 0.0000000000000E+00
 8.9593608819707E+01 1.9038641874188E+02 0.0000000000000E+00-8.9593608819707E+01
 1.9038641874188E+02 0.0000000000000E+00 8.9593608819707E+01-1.9038641874188E+02
 0.0000000000000E+00-1.8478681819065E+02-1.0079280992217E+02 0.0000000000000E+00
 1.8478681819065E+02 1.0079280992217E+02 0.0000000000000E+00-1.8478681819065E+02
 1.0079280992217E+02 0.0000000000000E+00 1.8478681819065E+02-1.0079280992217E+02
 0.0000000000000E+00-1.0079280992217E+02-1.8478681819065E+02 0.0000000000000E+00
 1.0079280992217E+02 1.8478681819065E+02 0.0000000000000E+00-1.0079280992217E+02
 1.8478681819065E+02 0.0000000000000E+00 1.0079280992217E+02-1.8478681819065E+02
 0.0000000000000E+00-2.0158561984434E+02-6.1595606063549E+01 0.0000000000000E+00
 2.0158561984434E+02 6.1595606063549E+01 0.0000000000000E+00-2.0158561984434E+02
 6.1595606063549E+01 0.0000000000000E+00 2.0158561984434E+02-6.1595606063549E+01
 0.0000000000000E+00-1.6238841598572E+02-1.3439041322956E+02 0.0000000000000E+00
 1.6238841598572E+02 1.3439041322956E+02 0.0000000000000E+00-1.6238841598572E+02
 1.3439041322956E+02 0.0000000000000E+00 1.6238841598572E+02-1.3439041322956E+02
 0.0000000000000E+00-1.3439041322956E+02-1.6238841598572E+02 0.0000000000000E+00
 1.3439041322956E+02 1.6238841598572E+02 0.0000000000000E+00-1.3439041322956E+02
 1.6238841598572E+02 0.0000000000000E+00 1.3439041322956E+02-1.6238841598572E+02
 0.0000000000000E+00-6.1595606063549E+01-2.0158561984434E+02 0.0000000000000E+00
 6.1595606063549E+01 2.0158561984434E+02 0.0000000000000E+00-6.1595606063549E+01
 2.0158561984434E+02 0.0000000000000E+00 6.1595606063549E+01-2.0158561984434E+02
 0.0000000000000E+00-2.0718522039557E+02-3.9197203858622E+01 0.0000000000000E+00
 2.0718522039557E+02 3.9197203858622E+01 0.0000000000000E+00-2.0718522039557E+02
 3.9197203858622E+01 0.0000000000000E+00 2.0718522039557E+02-3.9197203858622E+01
 0.0000000000000E+00-3.9197203858622E+01-2.0718522039557E+02 0.0000000000000E+00
 3.9197203858622E+01 2.0718522039557E+02 0.0000000000000E+00-3.9197203858622E+01
 2.0718522039557E+02 0.0000000000000E+00 3.9197203858622E+01-2.0718522039557E+02
 0.0000000000000E+00-1.9598601929311E+02-7.8394407717244E+01 0.0000000000000E+00
 1.9598601929311E+02 7.8394407717244E+01 0.0000000000000E+00-1.9598601929311E+02
 7.8394407717244E+01 0.0000000000000E+00 1.9598601929311E+02-7.8394407717244E+01
 0.0000000000000E+00-7.8394407717244E+01-1.9598601929311E+02 0.0000000000000E+00
 7.8394407717244E+01 1.9598601929311E+02 0.0000000000000E+00-7.8394407717244E+01
 1.9598601929311E+02 0.0000000000000E+00 7.8394407717244E+01-1.9598601929311E+02
 0.0000000000000E+00-1.7918721763941E+02-1.1199201102463E+02 0.0000000000000E+00
 1.7918721763941E+02 1.1199201102463E+02 0.0000000000000E+00-1.7918721763941E+02
 1.1199201102463E+02 0.0000000000000E+00 1.7918721763941E+02-1.1199201102463E+02
 0.0000000000000E+00-1.1199201102463E+02-1.7918721763941E+02 0.0000000000000E+00
 1.1199201102463E+02 1.7918721763941E+02 0.0000000000000E+00-1.1199201102463E+02
 1.7918721763941E+02 0.0000000000000E+00 1.1199201102463E+02-1.7918721763941E+02
 0.0000000000000E+00-1.6798801653695E+02-1.2879081267833E+02 0.0000000000000E+00
 1.6798801653695E+02 1.2879081267833E+02 0.0000000000000E+00-1.6798801653695E+02
 1.2879081267833E+02 0.0000000000000E+00 1.6798801653695E+02-1.2879081267833E+02
 0.0000000000000E+00-1.2879081267833E+02-1.6798801653695E+02 0.0000000000000E+00
 1.2879081267833E+02 1.6798801653695E+02 0.0000000000000E+00-1.2879081267833E+02
 1.6798801653695E+02 0.0000000000000E+00 1.2879081267833E+02-1.6798801653695E+02
 0.0000000000000E+00-2.0718522039557E+02-4.4796804409854E+01 0.0000000000000E+00
 2.0718522039557E+02 4.4796804409854E+01 0.0000000000000E+00-2.0718522039557E+02
 4.4796804409854E+01 0.0000000000000E+00 2.0718522039557E+02-4.4796804409854E+01
 0.0000000000000E+00-4.4796804409854E+01-2.0718522039557E+02 0.0000000000000E+00
 4.4796804409854E+01 2.0718522039557E+02 0.0000000000000E+00-4.4796804409854E+01
 2.0718522039557E+02 0.0000000000000E+00 4.4796804409854E+01-2.0718522039557E+02
 0.0000000000000E+00-2.0158561984434E+02-6.7195206614780E+01 0.0000000000000E+00
 2.0158561984434E+02 6.7195206614780E+01 0.0000000000000E+00-2.0158561984434E+02
 6.7195206614780E+01 0.0000000000000E+00 2.0158561984434E+02-6.7195206614780E+01
 0.0000000000000E+00-6.7195206614780E+01-2.0158561984434E+02 0.0000000000000E+00
 6.7195206614780E+01 2.0158561984434E+02 0.0000000000000E+00-6.7195206614780E+01
 2.0158561984434E+02 0.0000000000000E+00 6.7195206614780E+01-2.0158561984434E+02
 0.0000000000000E+00-2.1278482094680E+02 0.0000000000000E+00 0.0000000000000E+00
 2.1278482094680E+02 0.0000000000000E+00 0.0000000000000E+00 0.0000000000000E+00
-2.1278482094680E+02 0.0000000000000E+00 0.0000000000000E+00 2.1278482094680E+02
 0.0000000000000E+00-2.1278482094680E+02-5.5996005512317E+00 0.0000000000000E+00
 2.1278482094680E+02 5.5996005512317E+00 0.0000000000000E+00-2.1278482094680E+02
 5.5996005512317E+00 0.0000000000000E+00 2.1278482094680E+02-5.5996005512317E+00
 0.0000000000000E+00-1.9038641874188E+02-9.5193209370939E+01 0.0000000000000E+00
 1.9038641874188E+02 9.5193209370939E+01 0.0000000000000E+00-1.9038641874188E+02
 9.5193209370939E+01 0.0000000000000E+00 1.9038641874188E+02-9.5193209370939E+01
 0.0000000000000E+00-1.7358761708818E+02-1.2319121212710E+02 0.0000000000000E+00
 1.7358761708818E+02 1.2319121212710E+02 0.0000000000000E+00-1.7358761708818E+02
 1.2319121212710E+02 0.0000000000000E+00 1.7358761708818E+02-1.2319121212710E+02
 0.0000000000000E+00-1.2319121212710E+02-1.7358761708818E+02 0.0000000000000E+00
 1.2319121212710E+02 1.7358761708818E+02 0.0000000000000E+00-1.2319121212710E+02
 1.7358761708818E+02 0.0000000000000E+00 1.2319121212710E+02-1.7358761708818E+02
 0.0000000000000E+00-9.5193209370939E+01-1.9038641874188E+02 0.0000000000000E+00
 9.5193209370939E+01 1.9038641874188E+02 0.0000000000000E+00-9.5193209370939E+01
 1.9038641874188E+02 0.0000000000000E+00 9.5193209370939E+01-1.9038641874188E+02
 0.0000000000000E+00-5.5996005512317E+00-2.1278482094680E+02 0.0000000000000E+00
 5.5996005512317E+00 2.1278482094680E+02 0.0000000000000E+00-5.5996005512317E+00
 2.1278482094680E+02 0.0000000000000E+00 5.5996005512317E+00-2.1278482094680E+02
 0.0000000000000E+00-2.1278482094680E+02-1.1199201102463E+01 0.0000000000000E+00
 2.1278482094680E+02 1.1199201102463E+01 0.0000000000000E+00-2.1278482094680E+02
 1.1199201102463E+01 0.0000000000000E+00 2.1278482094680E+02-1.1199201102463E+01
 0.0000000000000E+00-1.1199201102463E+01-2.1278482094680E+02 0.0000000000000E+00
 1.1199201102463E+01 2.1278482094680E+02 0.0000000000000E+00-1.1199201102463E+01
 2.1278482094680E+02 0.0000000000000E+00 1.1199201102463E+01-2.1278482094680E+02
 0.0000000000000E+00-2.0718522039557E+02-5.0396404961085E+01 0.0000000000000E+00
 2.0718522039557E+02 5.0396404961085E+01 0.0000000000000E+00-2.0718522039557E+02
 5.0396404961085E+01 0.0000000000000E+00 2.0718522039557E+02-5.0396404961085E+01
 0.0000000000000E+00-1.9598601929311E+02-8.3994008268475E+01 0.0000000000000E+00
 1.9598601929311E+02 8.3994008268475E+01 0.0000000000000E+00-1.9598601929311E+02
 8.3994008268475E+01 0.0000000000000E+00 1.9598601929311E+02-8.3994008268475E+01
 0.0000000000000E+00-1.8478681819065E+02-1.0639241047340E+02 0.0000000000000E+00
 1.8478681819065E+02 1.0639241047340E+02 0.0000000000000E+00-1.8478681819065E+02
 1.0639241047340E+02 0.0000000000000E+00 1.8478681819065E+02-1.0639241047340E+02
 0.0000000000000E+00-1.0639241047340E+02-1.8478681819065E+02 0.0000000000000E+00
 1.0639241047340E+02 1.8478681819065E+02 0.0000000000000E+00-1.0639241047340E+02
 1.8478681819065E+02 0.0000000000000E+00 1.0639241047340E+02-1.8478681819065E+02
 0.0000000000000E+00-8.3994008268475E+01-1.9598601929311E+02 0.0000000000000E+00
 8.3994008268475E+01 1.9598601929311E+02 0.0000000000000E+00-8.3994008268475E+01
 1.9598601929311E+02 0.0000000000000E+00 8.3994008268475E+01-1.9598601929311E+02
 0.0000000000000E+00-5.0396404961085E+01-2.0718522039557E+02 0.0000000000000E+00
 5.0396404961085E+01 2.0718522039557E+02 0.0000000000000E+00-5.0396404961085E+01
 2.0718522039557E+02 0.0000000000000E+00 5.0396404961085E+01-2.0718522039557E+02
 0.0000000000000E+00-2.1278482094680E+02-1.6798801653695E+01 0.0000000000000E+00
 2.1278482094680E+02 1.6798801653695E+01 0.0000000000000E+00-2.1278482094680E+02
 1.6798801653695E+01 0.0000000000000E+00 2.1278482094680E+02-1.6798801653695E+01
 0.0000000000000E+00-1.6798801653695E+01-2.1278482094680E+02 0.0000000000000E+00
 1.6798801653695E+01 2.1278482094680E+02 0.0000000000000E+00-1.6798801653695E+01
 2.1278482094680E+02 0.0000000000000E+00 1.6798801653695E+01-2.1278482094680E+02
 0.0000000000000E+00-1.5118921488326E+02-1.5118921488326E+02 0.0000000000000E+00
 1.5118921488326E+02 1.5118921488326E+02 0.0000000000000E+00-1.5118921488326E+02
 1.5118921488326E+02 0.0000000000000E+00 1.5118921488326E+02-1.5118921488326E+02
 0.0000000000000E+00-2.1278482094680E+02-2.2398402204927E+01 0.0000000000000E+00
 2.1278482094680E+02 2.2398402204927E+01 0.0000000000000E+00-2.1278482094680E+02
 2.2398402204927E+01 0.0000000000000E+00 2.1278482094680E+02-2.2398402204927E+01
 0.0000000000000E+00-1.5678881543449E+02-1.4558961433202E+02 0.0000000000000E+00
 1.5678881543449E+02 1.4558961433202E+02 0.0000000000000E+00-1.5678881543449E+02
 1.4558961433202E+02 0.0000000000000E+00 1.5678881543449E+02-1.4558961433202E+02
 0.0000000000000E+00-1.4558961433202E+02-1.5678881543449E+02 0.0000000000000E+00
 1.4558961433202E+02 1.5678881543449E+02 0.0000000000000E+00-1.4558961433202E+02
 1.5678881543449E+02 0.0000000000000E+00 1.4558961433202E+02-1.5678881543449E+02
 0.0000000000000E+00-2.2398402204927E+01-2.1278482094680E+02 0.0000000000000E+00
 2.2398402204927E+01 2.1278482094680E+02 0.0000000000000E+00-2.2398402204927E+01
 2.1278482094680E+02 0.0000000000000E+00 2.2398402204927E+01-2.1278482094680E+02
 0.0000000000000E+00-2.0158561984434E+02-7.2794807166012E+01 0.0000000000000E+00
 2.0158561984434E+02 7.2794807166012E+01 0.0000000000000E+00-2.0158561984434E+02
 7.2794807166012E+01 0.0000000000000E+00 2.0158561984434E+02-7.2794807166012E+01
 0.0000000000000E+00-1.7918721763941E+02-1.1759161157587E+02 0.0000000000000E+00
 1.7918721763941E+02 1.1759161157587E+02 0.0000000000000E+00-1.7918721763941E+02
 1.1759161157587E+02 0.0000000000000E+00 1.7918721763941E+02-1.1759161157587E+02
 0.0000000000000E+00-1.1759161157587E+02-1.7918721763941E+02 0.0000000000000E+00
 1.1759161157587E+02 1.7918721763941E+02 0.0000000000000E+00-1.1759161157587E+02
 1.7918721763941E+02 0.0000000000000E+00 1.1759161157587E+02-1.7918721763941E+02
 0.0000000000000E+00-7.2794807166012E+01-2.0158561984434E+02 0.0000000000000E+00
 7.2794807166012E+01 2.0158561984434E+02 0.0000000000000E+00-7.2794807166012E+01
 2.0158561984434E+02 0.0000000000000E+00 7.2794807166012E+01-2.0158561984434E+02
 0.0000000000000E+00-1.6238841598572E+02-1.3999001378079E+02 0.0000000000000E+00
 1.6238841598572E+02 1.3999001378079E+02 0.0000000000000E+00-1.6238841598572E+02
 1.3999001378079E+02 0.0000000000000E+00 1.6238841598572E+02-1.3999001378079E+02
 0.0000000000000E+00-1.3999001378079E+02-1.6238841598572E+02 0.0000000000000E+00
 1.3999001378079E+02 1.6238841598572E+02 0.0000000000000E+00-1.3999001378079E+02
 1.6238841598572E+02 0.0000000000000E+00 1.3999001378079E+02-1.6238841598572E+02
 0.0000000000000E+00-2.1278482094680E+02-2.7998002756158E+01 0.0000000000000E+00
 2.1278482094680E+02 2.7998002756158E+01 0.0000000000000E+00-2.1278482094680E+02
 2.7998002756158E+01 0.0000000000000E+00 2.1278482094680E+02-2.7998002756158E+01
 0.0000000000000E+00-2.0718522039557E+02-5.5996005512317E+01 0.0000000000000E+00
 2.0718522039557E+02 5.5996005512317E+01 0.0000000000000E+00-2.0718522039557E+02
 5.5996005512317E+01 0.0000000000000E+00 2.0718522039557E+02-5.5996005512317E+01
 0.0000000000000E+00-5.5996005512317E+01-2.0718522039557E+02 0.0000000000000E+00
 5.5996005512317E+01 2.0718522039557E+02 0.0000000000000E+00-5.5996005512317E+01
 2.0718522039557E+02 0.0000000000000E+00 5.5996005512317E+01-2.0718522039557E+02
 0.0000000000000E+00-2.7998002756158E+01-2.1278482094680E+02 0.0000000000000E+00
 2.7998002756158E+01 2.1278482094680E+02 0.0000000000000E+00-2.7998002756158E+01
 2.1278482094680E+02 0.0000000000000E+00 2.7998002756158E+01-2.1278482094680E+02
 0.0000000000000E+00-1.6798801653695E+02-1.3439041322956E+02 0.0000000000000E+00
 1.6798801653695E+02 1.3439041322956E+02 0.0000000000000E+00-1.6798801653695E+02
 1.3439041322956E+02 0.0000000000000E+00 1.6798801653695E+02-1.3439041322956E+02
 0.0000000000000E+00-1.3439041322956E+02-1.6798801653695E+02 0.0000000000000E+00
 1.3439041322956E+02 1.6798801653695E+02 0.0000000000000E+00-1.3439041322956E+02
 1.6798801653695E+02 0.0000000000000E+00 1.3439041322956E+02-1.6798801653695E+02
 0.0000000000000E+00-2.1278482094680E+02-3.3597603307390E+01 0.0000000000000E+00
 2.1278482094680E+02 3.3597603307390E+01 0.0000000000000E+00-2.1278482094680E+02
 3.3597603307390E+01 0.0000000000000E+00 2.1278482094680E+02-3.3597603307390E+01
 0.0000000000000E+00-1.9038641874188E+02-1.0079280992217E+02 0.0000000000000E+00
 1.9038641874188E+02 1.0079280992217E+02 0.0000000000000E+00-1.9038641874188E+02
 1.0079280992217E+02 0.0000000000000E+00 1.9038641874188E+02-1.0079280992217E+02
 0.0000000000000E+00-1.0079280992217E+02-1.9038641874188E+02 0.0000000000000E+00
 1.0079280992217E+02 1.9038641874188E+02 0.0000000000000E+00-1.0079280992217E+02
 1.9038641874188E+02 0.0000000000000E+00 1.0079280992217E+02-1.9038641874188E+02
 0.0000000000000E+00-3.3597603307390E+01-2.1278482094680E+02 0.0000000000000E+00
 3.3597603307390E+01 2.1278482094680E+02 0.0000000000000E+00-3.3597603307390E+01
 2.1278482094680E+02 0.0000000000000E+00 3.3597603307390E+01-2.1278482094680E+02
 0.0000000000000E+00-1.9598601929311E+02-8.9593608819707E+01 0.0000000000000E+00
 1.9598601929311E+02 8.9593608819707E+01 0.0000000000000E+00-1.9598601929311E+02
 8.9593608819707E+01 0.0000000000000E+00 1.9598601929311E+02-8.9593608819707E+01
 0.0000000000000E+00-8.9593608819707E+01-1.9598601929311E+02 0.0000000000000E+00
 8.9593608819707E+01 1.9598601929311E+02 0.0000000000000E+00-8.9593608819707E+01
 1.9598601929311E+02 0.0000000000000E+00 8.9593608819707E+01-1.9598601929311E+02
 0.0000000000000E+00-1.8478681819065E+02-1.1199201102463E+02 0.0000000000000E+00
 1.8478681819065E+02 1.1199201102463E+02 0.0000000000000E+00-1.8478681819065E+02
 1.1199201102463E+02 0.0000000000000E+00 1.8478681819065E+02-1.1199201102463E+02
 0.0000000000000E+00-1.1199201102463E+02-1.8478681819065E+02 0.0000000000000E+00
 1.1199201102463E+02 1.8478681819065E+02 0.0000000000000E+00-1.1199201102463E+02
 1.8478681819065E+02 0.0000000000000E+00 1.1199201102463E+02-1.8478681819065E+02
 0.0000000000000E+00-2.0718522039557E+02-6.1595606063549E+01 0.0000000000000E+00
 2.0718522039557E+02 6.1595606063549E+01 0.0000000000000E+00-2.0718522039557E+02
 6.1595606063549E+01 0.0000000000000E+00 2.0718522039557E+02-6.1595606063549E+01
 0.0000000000000E+00-1.7358761708818E+02-1.2879081267833E+02 0.0000000000000E+00
 1.7358761708818E+02 1.2879081267833E+02 0.0000000000000E+00-1.7358761708818E+02
 1.2879081267833E+02 0.0000000000000E+00 1.7358761708818E+02-1.2879081267833E+02
 0.0000000000000E+00-1.2879081267833E+02-1.7358761708818E+02 0.0000000000000E+00
 1.2879081267833E+02 1.7358761708818E+02 0.0000000000000E+00-1.2879081267833E+02
 1.7358761708818E+02 0.0000000000000E+00 1.2879081267833E+02-1.7358761708818E+02
 0.0000000000000E+00-6.1595606063549E+01-2.0718522039557E+02 0.0000000000000E+00
 6.1595606063549E+01 2.0718522039557E+02 0.0000000000000E+00-6.1595606063549E+01
 2.0718522039557E+02 0.0000000000000E+00 6.1595606063549E+01-2.0718522039557E+02
 0.0000000000000E+00-2.0158561984434E+02-7.8394407717244E+01 0.0000000000000E+00
 2.0158561984434E+02 7.8394407717244E+01 0.0000000000000E+00-2.0158561984434E+02
 7.8394407717244E+01 0.0000000000000E+00 2.0158561984434E+02-7.8394407717244E+01
 0.0000000000000E+00-7.8394407717244E+01-2.0158561984434E+02 0.0000000000000E+00
 7.8394407717244E+01 2.0158561984434E+02 0.0000000000000E+00-7.8394407717244E+01
 2.0158561984434E+02 0.0000000000000E+00 7.8394407717244E+01-2.0158561984434E+02
 0.0000000000000E+00-2.1278482094680E+02-3.9197203858622E+01 0.0000000000000E+00
 2.1278482094680E+02 3.9197203858622E+01 0.0000000000000E+00-2.1278482094680E+02
 3.9197203858622E+01 0.0000000000000E+00 2.1278482094680E+02-3.9197203858622E+01
 0.0000000000000E+00-3.9197203858622E+01-2.1278482094680E+02 0.0000000000000E+00
 3.9197203858622E+01 2.1278482094680E+02 0.0000000000000E+00-3.9197203858622E+01
 2.1278482094680E+02 0.0000000000000E+00 3.9197203858622E+01-2.1278482094680E+02
 0.0000000000000E+00-2.1278482094680E+02-4.4796804409854E+01 0.0000000000000E+00
 2.1278482094680E+02 4.4796804409854E+01 0.0000000000000E+00-2.1278482094680E+02
 4.4796804409854E+01 0.0000000000000E+00 2.1278482094680E+02-4.4796804409854E+01
 0.0000000000000E+00-1.7918721763941E+02-1.2319121212710E+02 0.0000000000000E+00
 1.7918721763941E+02 1.2319121212710E+02 0.0000000000000E+00-1.7918721763941E+02
 1.2319121212710E+02 0.0000000000000E+00 1.7918721763941E+02-1.2319121212710E+02
 0.0000000000000E+00-1.2319121212710E+02-1.7918721763941E+02 0.0000000000000E+00
 1.2319121212710E+02 1.7918721763941E+02 0.0000000000000E+00-1.2319121212710E+02
 1.7918721763941E+02 0.0000000000000E+00 1.2319121212710E+02-1.7918721763941E+02
 0.0000000000000E+00-4.4796804409854E+01-2.1278482094680E+02 0.0000000000000E+00
 4.4796804409854E+01 2.1278482094680E+02 0.0000000000000E+00-4.4796804409854E+01
 2.1278482094680E+02 0.0000000000000E+00 4.4796804409854E+01-2.1278482094680E+02
 0.0000000000000E+00-2.0718522039557E+02-6.7195206614780E+01 0.0000000000000E+00
 2.0718522039557E+02 6.7195206614780E+01 0.0000000000000E+00-2.0718522039557E+02
 6.7195206614780E+01 0.0000000000000E+00 2.0718522039557E+02-6.7195206614780E+01
 0.0000000000000E+00-1.5678881543449E+02-1.5118921488326E+02 0.0000000000000E+00
 1.5678881543449E+02 1.5118921488326E+02 0.0000000000000E+00-1.5678881543449E+02
 1.5118921488326E+02 0.0000000000000E+00 1.5678881543449E+02-1.5118921488326E+02
 0.0000000000000E+00-1.5118921488326E+02-1.5678881543449E+02 0.0000000000000E+00
 1.5118921488326E+02 1.5678881543449E+02 0.0000000000000E+00-1.5118921488326E+02
 1.5678881543449E+02 0.0000000000000E+00 1.5118921488326E+02-1.5678881543449E+02
 0.0000000000000E+00-6.7195206614780E+01-2.0718522039557E+02 0.0000000000000E+00
 6.7195206614780E+01 2.0718522039557E+02 0.0000000000000E+00-6.7195206614780E+01
 2.0718522039557E+02 0.0000000000000E+00 6.7195206614780E+01-2.0718522039557E+02
 0.0000000000000E+00-1.9598601929311E+02-9.5193209370939E+01 0.0000000000000E+00
 1.9598601929311E+02 9.5193209370939E+01 0.0000000000000E+00-1.9598601929311E+02
 9.5193209370939E+01 0.0000000000000E+00 1.9598601929311E+02-9.5193209370939E+01
 0.0000000000000E+00-9.5193209370939E+01-1.9598601929311E+02 0.0000000000000E+00
 9.5193209370939E+01 1.9598601929311E+02 0.0000000000000E+00-9.5193209370939E+01
 1.9598601929311E+02 0.0000000000000E+00 9.5193209370939E+01-1.9598601929311E+02
 0.0000000000000E+00-1.9038641874188E+02-1.0639241047340E+02 0.0000000000000E+00
 1.9038641874188E+02 1.0639241047340E+02 0.0000000000000E+00-1.9038641874188E+02
 1.0639241047340E+02 0.0000000000000E+00 1.9038641874188E+02-1.0639241047340E+02
 0.0000000000000E+00-1.6238841598572E+02-1.4558961433202E+02 0.0000000000000E+00
 1.6238841598572E+02 1.4558961433202E+02 0.0000000000000E+00-1.6238841598572E+02
 1.4558961433202E+02 0.0000000000000E+00 1.6238841598572E+02-1.4558961433202E+02
 0.0000000000000E+00-1.4558961433202E+02-1.6238841598572E+02 0.0000000000000E+00
 1.4558961433202E+02 1.6238841598572E+02 0.0000000000000E+00-1.4558961433202E+02
 1.6238841598572E+02 0.0000000000000E+00 1.4558961433202E+02-1.6238841598572E+02
 0.0000000000000E+00-1.0639241047340E+02-1.9038641874188E+02 0.0000000000000E+00
 1.0639241047340E+02 1.9038641874188E+02 0.0000000000000E+00-1.0639241047340E+02
 1.9038641874188E+02 0.0000000000000E+00 1.0639241047340E+02-1.9038641874188E+02
 0.0000000000000E+00-2.1838442149804E+02 0.0000000000000E+00 0.0000000000000E+00
 2.1838442149804E+02 0.0000000000000E+00 0.0000000000000E+00-2.0158561984434E+02
-8.3994008268475E+01 0.0000000000000E+00 2.0158561984434E+02 8.3994008268475E+01
 0.0000000000000E+00-2.0158561984434E+02 8.3994008268475E+01 0.0000000000000E+00
 2.0158561984434E+02-8.3994008268475E+01 0.0000000000000E+00-8.3994008268475E+01
-2.0158561984434E+02 0.0000000000000E+00 8.3994008268475E+01 2.0158561984434E+02
 0.0000000000000E+00-8.3994008268475E+01 2.0158561984434E+02 0.0000000000000E+00
 8.3994008268475E+01-2.0158561984434E+02 0.0000000000000E+00 0.0000000000000E+00
-2.1838442149804E+02 0.0000000000000E+00 0.0000000000000E+00 2.1838442149804E+02
 0.0000000000000E+00-2.1838442149804E+02-5.5996005512317E+00 0.0000000000000E+00
 2.1838442149804E+02 5.5996005512317E+00 0.0000000000000E+00-2.1838442149804E+02
 5.5996005512317E+00 0.0000000000000E+00 2.1838442149804E+02-5.5996005512317E+00
 0.0000000000000E+00-5.5996005512317E+00-2.1838442149804E+02 0.0000000000000E+00
 5.5996005512317E+00 2.1838442149804E+02 0.0000000000000E+00-5.5996005512317E+00
 2.1838442149804E+02 0.0000000000000E+00 5.5996005512317E+00-2.1838442149804E+02
 0.0000000000000E+00-2.1838442149804E+02-1.1199201102463E+01 0.0000000000000E+00
 2.1838442149804E+02 1.1199201102463E+01 0.0000000000000E+00-2.1838442149804E+02
 1.1199201102463E+01 0.0000000000000E+00 2.1838442149804E+02-1.1199201102463E+01
 0.0000000000000E+00-2.1278482094680E+02-5.0396404961085E+01 0.0000000000000E+00
 2.1278482094680E+02 5.0396404961085E+01 0.0000000000000E+00-2.1278482094680E+02
 5.0396404961085E+01 0.0000000000000E+00 2.1278482094680E+02-5.0396404961085E+01
 0.0000000000000E+00-1.6798801653695E+02-1.3999001378079E+02 0.0000000000000E+00
 1.6798801653695E+02 1.3999001378079E+02 0.0000000000000E+00-1.6798801653695E+02
 1.3999001378079E+02 0.0000000000000E+00 1.6798801653695E+02-1.3999001378079E+02
 0.0000000000000E+00-1.3999001378079E+02-1.6798801653695E+02 0.0000000000000E+00
 1.3999001378079E+02 1.6798801653695E+02 0.0000000000000E+00-1.3999001378079E+02
 1.6798801653695E+02 0.0000000000000E+00 1.3999001378079E+02-1.6798801653695E+02
 0.0000000000000E+00-5.0396404961085E+01-2.1278482094680E+02 0.0000000000000E+00
 5.0396404961085E+01 2.1278482094680E+02 0.0000000000000E+00-5.0396404961085E+01
 2.1278482094680E+02 0.0000000000000E+00 5.0396404961085E+01-2.1278482094680E+02
 0.0000000000000E+00-1.1199201102463E+01-2.1838442149804E+02 0.0000000000000E+00
 1.1199201102463E+01 2.1838442149804E+02 0.0000000000000E+00-1.1199201102463E+01
 2.1838442149804E+02 0.0000000000000E+00 1.1199201102463E+01-2.1838442149804E+02
 0.0000000000000E+00-2.1838442149804E+02-1.6798801653695E+01 0.0000000000000E+00
 2.1838442149804E+02 1.6798801653695E+01 0.0000000000000E+00-2.1838442149804E+02
 1.6798801653695E+01 0.0000000000000E+00 2.1838442149804E+02-1.6798801653695E+01
 0.0000000000000E+00-1.8478681819065E+02-1.1759161157587E+02 0.0000000000000E+00
 1.8478681819065E+02 1.1759161157587E+02 0.0000000000000E+00-1.8478681819065E+02
 1.1759161157587E+02 0.0000000000000E+00 1.8478681819065E+02-1.1759161157587E+02
 0.0000000000000E+00-1.1759161157587E+02-1.8478681819065E+02 0.0000000000000E+00
 1.1759161157587E+02 1.8478681819065E+02 0.0000000000000E+00-1.1759161157587E+02
 1.8478681819065E+02 0.0000000000000E+00 1.1759161157587E+02-1.8478681819065E+02
 0.0000000000000E+00-1.6798801653695E+01-2.1838442149804E+02 0.0000000000000E+00
 1.6798801653695E+01 2.1838442149804E+02 0.0000000000000E+00-1.6798801653695E+01
 2.1838442149804E+02 0.0000000000000E+00 1.6798801653695E+01-2.1838442149804E+02
 0.0000000000000E+00-2.1838442149804E+02-2.2398402204927E+01 0.0000000000000E+00
 2.1838442149804E+02 2.2398402204927E+01 0.0000000000000E+00-2.1838442149804E+02
 2.2398402204927E+01 0.0000000000000E+00 2.1838442149804E+02-2.2398402204927E+01
 0.0000000000000E+00-1.7358761708818E+02-1.3439041322956E+02 0.0000000000000E+00
 1.7358761708818E+02 1.3439041322956E+02 0.0000000000000E+00-1.7358761708818E+02
 1.3439041322956E+02 0.0000000000000E+00 1.7358761708818E+02-1.3439041322956E+02
 0.0000000000000E+00-1.3439041322956E+02-1.7358761708818E+02 0.0000000000000E+00
 1.3439041322956E+02 1.7358761708818E+02 0.0000000000000E+00-1.3439041322956E+02
 1.7358761708818E+02 0.0000000000000E+00 1.3439041322956E+02-1.7358761708818E+02
 0.0000000000000E+00-2.2398402204927E+01-2.1838442149804E+02 0.0000000000000E+00
 2.2398402204927E+01 2.1838442149804E+02 0.0000000000000E+00-2.2398402204927E+01
 2.1838442149804E+02 0.0000000000000E+00 2.2398402204927E+01-2.1838442149804E+02
 0.0000000000000E+00-2.0718522039557E+02-7.2794807166012E+01 0.0000000000000E+00
 2.0718522039557E+02 7.2794807166012E+01 0.0000000000000E+00-2.0718522039557E+02
 7.2794807166012E+01 0.0000000000000E+00 2.0718522039557E+02-7.2794807166012E+01
 0.0000000000000E+00-7.2794807166012E+01-2.0718522039557E+02 0.0000000000000E+00
 7.2794807166012E+01 2.0718522039557E+02 0.0000000000000E+00-7.2794807166012E+01
 2.0718522039557E+02 0.0000000000000E+00 7.2794807166012E+01-2.0718522039557E+02
 0.0000000000000E+00-2.1278482094680E+02-5.5996005512317E+01 0.0000000000000E+00
 2.1278482094680E+02 5.5996005512317E+01 0.0000000000000E+00-2.1278482094680E+02
 5.5996005512317E+01 0.0000000000000E+00 2.1278482094680E+02-5.5996005512317E+01
 0.0000000000000E+00-5.5996005512317E+01-2.1278482094680E+02 0.0000000000000E+00
 5.5996005512317E+01 2.1278482094680E+02 0.0000000000000E+00-5.5996005512317E+01
 2.1278482094680E+02 0.0000000000000E+00 5.5996005512317E+01-2.1278482094680E+02
 0.0000000000000E+00-2.1838442149804E+02-2.7998002756158E+01 0.0000000000000E+00
 2.1838442149804E+02 2.7998002756158E+01 0.0000000000000E+00-2.1838442149804E+02
 2.7998002756158E+01 0.0000000000000E+00 2.1838442149804E+02-2.7998002756158E+01
 0.0000000000000E+00-2.7998002756158E+01-2.1838442149804E+02 0.0000000000000E+00
 2.7998002756158E+01 2.1838442149804E+02 0.0000000000000E+00-2.7998002756158E+01
 2.1838442149804E+02 0.0000000000000E+00 2.7998002756158E+01-2.1838442149804E+02
 0.0000000000000E+00-1.9598601929311E+02-1.0079280992217E+02 0.0000000000000E+00
 1.9598601929311E+02 1.0079280992217E+02 0.0000000000000E+00-1.9598601929311E+02
 1.0079280992217E+02 0.0000000000000E+00 1.9598601929311E+02-1.0079280992217E+02
 0.0000000000000E+00-1.0079280992217E+02-1.9598601929311E+02 0.0000000000000E+00
 1.0079280992217E+02 1.9598601929311E+02 0.0000000000000E+00-1.0079280992217E+02
 1.9598601929311E+02 0.0000000000000E+00 1.0079280992217E+02-1.9598601929311E+02
 0.0000000000000E+00-2.0158561984434E+02-8.9593608819707E+01 0.0000000000000E+00
 2.0158561984434E+02 8.9593608819707E+01 0.0000000000000E+00-2.0158561984434E+02
 8.9593608819707E+01 0.0000000000000E+00 2.0158561984434E+02-8.9593608819707E+01
 0.0000000000000E+00-8.9593608819707E+01-2.0158561984434E+02 0.0000000000000E+00
 8.9593608819707E+01 2.0158561984434E+02 0.0000000000000E+00-8.9593608819707E+01
 2.0158561984434E+02 0.0000000000000E+00 8.9593608819707E+01-2.0158561984434E+02
 0.0000000000000E+00-1.7918721763941E+02-1.2879081267833E+02 0.0000000000000E+00
 1.7918721763941E+02 1.2879081267833E+02 0.0000000000000E+00-1.7918721763941E+02
 1.2879081267833E+02 0.0000000000000E+00 1.7918721763941E+02-1.2879081267833E+02
 0.0000000000000E+00-1.2879081267833E+02-1.7918721763941E+02 0.0000000000000E+00
 1.2879081267833E+02 1.7918721763941E+02 0.0000000000000E+00-1.2879081267833E+02
 1.7918721763941E+02 0.0000000000000E+00 1.2879081267833E+02-1.7918721763941E+02
 0.0000000000000E+00-1.9038641874188E+02-1.1199201102463E+02 0.0000000000000E+00
 1.9038641874188E+02 1.1199201102463E+02 0.0000000000000E+00-1.9038641874188E+02
 1.1199201102463E+02 0.0000000000000E+00 1.9038641874188E+02-1.1199201102463E+02
 0.0000000000000E+00-1.1199201102463E+02-1.9038641874188E+02 0.0000000000000E+00
 1.1199201102463E+02 1.9038641874188E+02 0.0000000000000E+00-1.1199201102463E+02
 1.9038641874188E+02 0.0000000000000E+00 1.1199201102463E+02-1.9038641874188E+02
 0.0000000000000E+00-2.1838442149804E+02-3.3597603307390E+01 0.0000000000000E+00
 2.1838442149804E+02 3.3597603307390E+01 0.0000000000000E+00-2.1838442149804E+02
 3.3597603307390E+01 0.0000000000000E+00 2.1838442149804E+02-3.3597603307390E+01
 0.0000000000000E+00-3.3597603307390E+01-2.1838442149804E+02 0.0000000000000E+00
 3.3597603307390E+01 2.1838442149804E+02 0.0000000000000E+00-3.3597603307390E+01
 2.1838442149804E+02 0.0000000000000E+00 3.3597603307390E+01-2.1838442149804E+02
 0.0000000000000E+00-2.1278482094680E+02-6.1595606063549E+01 0.0000000000000E+00
 2.1278482094680E+02 6.1595606063549E+01 0.0000000000000E+00-2.1278482094680E+02
 6.1595606063549E+01 0.0000000000000E+00 2.1278482094680E+02-6.1595606063549E+01
 0.0000000000000E+00-2.0718522039557E+02-7.8394407717244E+01 0.0000000000000E+00
 2.0718522039557E+02 7.8394407717244E+01 0.0000000000000E+00-2.0718522039557E+02
 7.8394407717244E+01 0.0000000000000E+00 2.0718522039557E+02-7.8394407717244E+01
 0.0000000000000E+00-7.8394407717244E+01-2.0718522039557E+02 0.0000000000000E+00
 7.8394407717244E+01 2.0718522039557E+02 0.0000000000000E+00-7.8394407717244E+01
 2.0718522039557E+02 0.0000000000000E+00 7.8394407717244E+01-2.0718522039557E+02
 0.0000000000000E+00-6.1595606063549E+01-2.1278482094680E+02 0.0000000000000E+00
 6.1595606063549E+01 2.1278482094680E+02 0.0000000000000E+00-6.1595606063549E+01
 2.1278482094680E+02 0.0000000000000E+00 6.1595606063549E+01-2.1278482094680E+02
 0.0000000000000E+00-1.5678881543449E+02-1.5678881543449E+02 0.0000000000000E+00
 1.5678881543449E+02 1.5678881543449E+02 0.0000000000000E+00-1.5678881543449E+02
 1.5678881543449E+02 0.0000000000000E+00 1.5678881543449E+02-1.5678881543449E+02
 0.0000000000000E+00-2.1838442149804E+02-3.9197203858622E+01 0.0000000000000E+00
 2.1838442149804E+02 3.9197203858622E+01 0.0000000000000E+00-2.1838442149804E+02
 3.9197203858622E+01 0.0000000000000E+00 2.1838442149804E+02-3.9197203858622E+01
 0.0000000000000E+00-1.6238841598572E+02-1.5118921488326E+02 0.0000000000000E+00
 1.6238841598572E+02 1.5118921488326E+02 0.0000000000000E+00-1.6238841598572E+02
 1.5118921488326E+02 0.0000000000000E+00 1.6238841598572E+02-1.5118921488326E+02
 0.0000000000000E+00-1.5118921488326E+02-1.6238841598572E+02 0.0000000000000E+00
 1.5118921488326E+02 1.6238841598572E+02 0.0000000000000E+00-1.5118921488326E+02
 1.6238841598572E+02 0.0000000000000E+00 1.5118921488326E+02-1.6238841598572E+02
 0.0000000000000E+00-3.9197203858622E+01-2.1838442149804E+02 0.0000000000000E+00
 3.9197203858622E+01 2.1838442149804E+02 0.0000000000000E+00-3.9197203858622E+01
 2.1838442149804E+02 0.0000000000000E+00 3.9197203858622E+01-2.1838442149804E+02
 0.0000000000000E+00-1.8478681819065E+02-1.2319121212710E+02 0.0000000000000E+00
 1.8478681819065E+02 1.2319121212710E+02 0.0000000000000E+00-1.8478681819065E+02
 1.2319121212710E+02 0.0000000000000E+00 1.8478681819065E+02-1.2319121212710E+02
 0.0000000000000E+00-1.2319121212710E+02-1.8478681819065E+02 0.0000000000000E+00
 1.2319121212710E+02 1.8478681819065E+02 0.0000000000000E+00-1.2319121212710E+02
 1.8478681819065E+02 0.0000000000000E+00 1.2319121212710E+02-1.8478681819065E+02
 0.0000000000000E+00-1.6798801653695E+02-1.4558961433202E+02 0.0000000000000E+00
 1.6798801653695E+02 1.4558961433202E+02 0.0000000000000E+00-1.6798801653695E+02
 1.4558961433202E+02 0.0000000000000E+00 1.6798801653695E+02-1.4558961433202E+02
 0.0000000000000E+00-1.4558961433202E+02-1.6798801653695E+02 0.0000000000000E+00
 1.4558961433202E+02 1.6798801653695E+02 0.0000000000000E+00-1.4558961433202E+02
 1.6798801653695E+02 0.0000000000000E+00 1.4558961433202E+02-1.6798801653695E+02
 0.0000000000000E+00-2.1838442149804E+02-4.4796804409854E+01 0.0000000000000E+00
 2.1838442149804E+02 4.4796804409854E+01 0.0000000000000E+00-2.1838442149804E+02
 4.4796804409854E+01 0.0000000000000E+00 2.1838442149804E+02-4.4796804409854E+01
 0.0000000000000E+00-2.0158561984434E+02-9.5193209370939E+01 0.0000000000000E+00
 2.0158561984434E+02 9.5193209370939E+01 0.0000000000000E+00-2.0158561984434E+02
 9.5193209370939E+01 0.0000000000000E+00 2.0158561984434E+02-9.5193209370939E+01
 0.0000000000000E+00-9.5193209370939E+01-2.0158561984434E+02 0.0000000000000E+00
 9.5193209370939E+01 2.0158561984434E+02 0.0000000000000E+00-9.5193209370939E+01
 2.0158561984434E+02 0.0000000000000E+00 9.5193209370939E+01-2.0158561984434E+02
 0.0000000000000E+00-4.4796804409854E+01-2.1838442149804E+02 0.0000000000000E+00
 4.4796804409854E+01 2.1838442149804E+02 0.0000000000000E+00-4.4796804409854E+01
 2.1838442149804E+02 0.0000000000000E+00 4.4796804409854E+01-2.1838442149804E+02
 0.0000000000000E+00-1.9598601929311E+02-1.0639241047340E+02 0.0000000000000E+00
 1.9598601929311E+02 1.0639241047340E+02 0.0000000000000E+00-1.9598601929311E+02
 1.0639241047340E+02 0.0000000000000E+00 1.9598601929311E+02-1.0639241047340E+02
 0.0000000000000E+00-1.7358761708818E+02-1.3999001378079E+02 0.0000000000000E+00
 1.7358761708818E+02 1.3999001378079E+02 0.0000000000000E+00-1.7358761708818E+02
 1.3999001378079E+02 0.0000000000000E+00 1.7358761708818E+02-1.3999001378079E+02
 0.0000000000000E+00-1.3999001378079E+02-1.7358761708818E+02 0.0000000000000E+00
 1.3999001378079E+02 1.7358761708818E+02 0.0000000000000E+00-1.3999001378079E+02
 1.7358761708818E+02 0.0000000000000E+00 1.3999001378079E+02-1.7358761708818E+02
 0.0000000000000E+00-1.0639241047340E+02-1.9598601929311E+02 0.0000000000000E+00
 1.0639241047340E+02 1.9598601929311E+02 0.0000000000000E+00-1.0639241047340E+02
 1.9598601929311E+02 0.0000000000000E+00 1.0639241047340E+02-1.9598601929311E+02
 0.0000000000000E+00-2.1278482094680E+02-6.7195206614780E+01 0.0000000000000E+00
 2.1278482094680E+02 6.7195206614780E+01 0.0000000000000E+00-2.1278482094680E+02
 6.7195206614780E+01 0.0000000000000E+00 2.1278482094680E+02-6.7195206614780E+01
 0.0000000000000E+00-6.7195206614780E+01-2.1278482094680E+02 0.0000000000000E+00
 6.7195206614780E+01 2.1278482094680E+02 0.0000000000000E+00-6.7195206614780E+01
 2.1278482094680E+02 0.0000000000000E+00 6.7195206614780E+01-2.1278482094680E+02
 0.0000000000000E+00-2.0718522039557E+02-8.3994008268475E+01 0.0000000000000E+00
 2.0718522039557E+02 8.3994008268475E+01 0.0000000000000E+00-2.0718522039557E+02
 8.3994008268475E+01 0.0000000000000E+00 2.0718522039557E+02-8.3994008268475E+01
 0.0000000000000E+00-8.3994008268475E+01-2.0718522039557E+02 0.0000000000000E+00
 8.3994008268475E+01 2.0718522039557E+02 0.0000000000000E+00-8.3994008268475E+01
 2.0718522039557E+02 0.0000000000000E+00 8.3994008268475E+01-2.0718522039557E+02
 0.0000000000000E+00-1.9038641874188E+02-1.1759161157587E+02 0.0000000000000E+00
 1.9038641874188E+02 1.1759161157587E+02 0.0000000000000E+00-1.9038641874188E+02
 1.1759161157587E+02 0.0000000000000E+00 1.9038641874188E+02-1.1759161157587E+02
 0.0000000000000E+00-1.1759161157587E+02-1.9038641874188E+02 0.0000000000000E+00
 1.1759161157587E+02 1.9038641874188E+02 0.0000000000000E+00-1.1759161157587E+02
 1.9038641874188E+02 0.0000000000000E+00 1.1759161157587E+02-1.9038641874188E+02
 0.0000000000000E+00-2.2398402204927E+02 0.0000000000000E+00 0.0000000000000E+00
 2.2398402204927E+02 0.0000000000000E+00 0.0000000000000E+00-1.7918721763941E+02
-1.3439041322956E+02 0.0000000000000E+00 1.7918721763941E+02 1.3439041322956E+02
 0.0000000000000E+00-1.7918721763941E+02 1.3439041322956E+02 0.0000000000000E+00
 1.7918721763941E+02-1.3439041322956E+02 0.0000000000000E+00-1.3439041322956E+02
-1.7918721763941E+02 0.0000000000000E+00 1.3439041322956E+02 1.7918721763941E+02
 0.0000000000000E+00-1.3439041322956E+02 1.7918721763941E+02 0.0000000000000E+00
 1.3439041322956E+02-1.7918721763941E+02 0.0000000000000E+00 0.0000000000000E+00
-2.2398402204927E+02 0.0000000000000E+00 0.0000000000000E+00 2.2398402204927E+02
 0.0000000000000E+00-2.2398402204927E+02-5.5996005512317E+00 0.0000000000000E+00
 2.2398402204927E+02 5.5996005512317E+00 0.0000000000000E+00-2.2398402204927E+02
 5.5996005512317E+00 0.0000000000000E+00 2.2398402204927E+02-5.5996005512317E+00
 0.0000000000000E+00-5.5996005512317E+00-2.2398402204927E+02 0.0000000000000E+00
 5.5996005512317E+00 2.2398402204927E+02 0.0000000000000E+00-5.5996005512317E+00
 2.2398402204927E+02 0.0000000000000E+00 5.5996005512317E+00-2.2398402204927E+02
 0.0000000000000E+00-2.1838442149804E+02-5.0396404961085E+01 0.0000000000000E+00
 2.1838442149804E+02 5.0396404961085E+01 0.0000000000000E+00-2.1838442149804E+02
 5.0396404961085E+01 0.0000000000000E+00 2.1838442149804E+02-5.0396404961085E+01
 0.0000000000000E+00-5.0396404961085E+01-2.1838442149804E+02 0.0000000000000E+00
 5.0396404961085E+01 2.1838442149804E+02 0.0000000000000E+00-5.0396404961085E+01
 2.1838442149804E+02 0.0000000000000E+00 5.0396404961085E+01-2.1838442149804E+02
 0.0000000000000E+00-2.2398402204927E+02-1.1199201102463E+01 0.0000000000000E+00
 2.2398402204927E+02 1.1199201102463E+01 0.0000000000000E+00-2.2398402204927E+02
 1.1199201102463E+01 0.0000000000000E+00 2.2398402204927E+02-1.1199201102463E+01
 0.0000000000000E+00-1.1199201102463E+01-2.2398402204927E+02 0.0000000000000E+00
 1.1199201102463E+01 2.2398402204927E+02 0.0000000000000E+00-1.1199201102463E+01
 2.2398402204927E+02 0.0000000000000E+00 1.1199201102463E+01-2.2398402204927E+02
 0.0000000000000E+00-2.2398402204927E+02-1.6798801653695E+01 0.0000000000000E+00
 2.2398402204927E+02 1.6798801653695E+01 0.0000000000000E+00-2.2398402204927E+02
 1.6798801653695E+01 0.0000000000000E+00 2.2398402204927E+02-1.6798801653695E+01
 0.0000000000000E+00-1.6798801653695E+01-2.2398402204927E+02 0.0000000000000E+00
 1.6798801653695E+01 2.2398402204927E+02 0.0000000000000E+00-1.6798801653695E+01
 2.2398402204927E+02 0.0000000000000E+00 1.6798801653695E+01-2.2398402204927E+02
 0.0000000000000E+00-2.1278482094680E+02-7.2794807166012E+01 0.0000000000000E+00
 2.1278482094680E+02 7.2794807166012E+01 0.0000000000000E+00-2.1278482094680E+02
 7.2794807166012E+01 0.0000000000000E+00 2.1278482094680E+02-7.2794807166012E+01
 0.0000000000000E+00-7.2794807166012E+01-2.1278482094680E+02 0.0000000000000E+00
 7.2794807166012E+01 2.1278482094680E+02 0.0000000000000E+00-7.2794807166012E+01
 2.1278482094680E+02 0.0000000000000E+00 7.2794807166012E+01-2.1278482094680E+02
 0.0000000000000E+00-2.2398402204927E+02-2.2398402204927E+01 0.0000000000000E+00
 2.2398402204927E+02 2.2398402204927E+01 0.0000000000000E+00-2.2398402204927E+02
 2.2398402204927E+01 0.0000000000000E+00 2.2398402204927E+02-2.2398402204927E+01
 0.0000000000000E+00-2.2398402204927E+01-2.2398402204927E+02 0.0000000000000E+00
 2.2398402204927E+01 2.2398402204927E+02 0.0000000000000E+00-2.2398402204927E+01
 2.2398402204927E+02 0.0000000000000E+00 2.2398402204927E+01-2.2398402204927E+02
 0.0000000000000E+00-1.8478681819065E+02-1.2879081267833E+02 0.0000000000000E+00
 1.8478681819065E+02 1.2879081267833E+02 0.0000000000000E+00-1.8478681819065E+02
 1.2879081267833E+02 0.0000000000000E+00 1.8478681819065E+02-1.2879081267833E+02
 0.0000000000000E+00-1.2879081267833E+02-1.8478681819065E+02 0.0000000000000E+00
 1.2879081267833E+02 1.8478681819065E+02 0.0000000000000E+00-1.2879081267833E+02
 1.8478681819065E+02 0.0000000000000E+00 1.2879081267833E+02-1.8478681819065E+02
 0.0000000000000E+00-2.0158561984434E+02-1.0079280992217E+02 0.0000000000000E+00
 2.0158561984434E+02 1.0079280992217E+02 0.0000000000000E+00-2.0158561984434E+02
 1.0079280992217E+02 0.0000000000000E+00 2.0158561984434E+02-1.0079280992217E+02
 0.0000000000000E+00-1.0079280992217E+02-2.0158561984434E+02 0.0000000000000E+00
 1.0079280992217E+02 2.0158561984434E+02 0.0000000000000E+00-1.0079280992217E+02
 2.0158561984434E+02 0.0000000000000E+00 1.0079280992217E+02-2.0158561984434E+02
 0.0000000000000E+00-2.1838442149804E+02-5.5996005512317E+01 0.0000000000000E+00
 2.1838442149804E+02 5.5996005512317E+01 0.0000000000000E+00-2.1838442149804E+02
 5.5996005512317E+01 0.0000000000000E+00 2.1838442149804E+02-5.5996005512317E+01
 0.0000000000000E+00-5.5996005512317E+01-2.1838442149804E+02 0.0000000000000E+00
 5.5996005512317E+01 2.1838442149804E+02 0.0000000000000E+00-5.5996005512317E+01
 2.1838442149804E+02 0.0000000000000E+00 5.5996005512317E+01-2.1838442149804E+02
 0.0000000000000E+00-2.2398402204927E+02-2.7998002756158E+01 0.0000000000000E+00
 2.2398402204927E+02 2.7998002756158E+01 0.0000000000000E+00-2.2398402204927E+02
 2.7998002756158E+01 0.0000000000000E+00 2.2398402204927E+02-2.7998002756158E+01
 0.0000000000000E+00-2.0718522039557E+02-8.9593608819707E+01 0.0000000000000E+00
 2.0718522039557E+02 8.9593608819707E+01 0.0000000000000E+00-2.0718522039557E+02
 8.9593608819707E+01 0.0000000000000E+00 2.0718522039557E+02-8.9593608819707E+01
 0.0000000000000E+00-1.9598601929311E+02-1.1199201102463E+02 0.0000000000000E+00
 1.9598601929311E+02 1.1199201102463E+02 0.0000000000000E+00-1.9598601929311E+02
 1.1199201102463E+02 0.0000000000000E+00 1.9598601929311E+02-1.1199201102463E+02
 0.0000000000000E+00-1.6238841598572E+02-1.5678881543449E+02 0.0000000000000E+00
 1.6238841598572E+02 1.5678881543449E+02 0.0000000000000E+00-1.6238841598572E+02
 1.5678881543449E+02 0.0000000000000E+00 1.6238841598572E+02-1.5678881543449E+02
 0.0000000000000E+00-1.5678881543449E+02-1.6238841598572E+02 0.0000000000000E+00
 1.5678881543449E+02 1.6238841598572E+02 0.0000000000000E+00-1.5678881543449E+02
 1.6238841598572E+02 0.0000000000000E+00 1.5678881543449E+02-1.6238841598572E+02
 0.0000000000000E+00-1.1199201102463E+02-1.9598601929311E+02 0.0000000000000E+00
 1.1199201102463E+02 1.9598601929311E+02 0.0000000000000E+00-1.1199201102463E+02
 1.9598601929311E+02 0.0000000000000E+00 1.1199201102463E+02-1.9598601929311E+02
 0.0000000000000E+00-8.9593608819707E+01-2.0718522039557E+02 0.0000000000000E+00
 8.9593608819707E+01 2.0718522039557E+02 0.0000000000000E+00-8.9593608819707E+01
 2.0718522039557E+02 0.0000000000000E+00 8.9593608819707E+01-2.0718522039557E+02
 0.0000000000000E+00-2.7998002756158E+01-2.2398402204927E+02 0.0000000000000E+00
 2.7998002756158E+01 2.2398402204927E+02 0.0000000000000E+00-2.7998002756158E+01
 2.2398402204927E+02 0.0000000000000E+00 2.7998002756158E+01-2.2398402204927E+02
 0.0000000000000E+00-1.6798801653695E+02-1.5118921488326E+02 0.0000000000000E+00
 1.6798801653695E+02 1.5118921488326E+02 0.0000000000000E+00-1.6798801653695E+02
 1.5118921488326E+02 0.0000000000000E+00 1.6798801653695E+02-1.5118921488326E+02
 0.0000000000000E+00-1.5118921488326E+02-1.6798801653695E+02 0.0000000000000E+00
 1.5118921488326E+02 1.6798801653695E+02 0.0000000000000E+00-1.5118921488326E+02
 1.6798801653695E+02 0.0000000000000E+00 1.5118921488326E+02-1.6798801653695E+02
 0.0000000000000E+00-2.2398402204927E+02-3.3597603307390E+01 0.0000000000000E+00
 2.2398402204927E+02 3.3597603307390E+01 0.0000000000000E+00-2.2398402204927E+02
 3.3597603307390E+01 0.0000000000000E+00 2.2398402204927E+02-3.3597603307390E+01
 0.0000000000000E+00-3.3597603307390E+01-2.2398402204927E+02 0.0000000000000E+00
 3.3597603307390E+01 2.2398402204927E+02 0.0000000000000E+00-3.3597603307390E+01
 2.2398402204927E+02 0.0000000000000E+00 3.3597603307390E+01-2.2398402204927E+02
 0.0000000000000E+00-1.7358761708818E+02-1.4558961433202E+02 0.0000000000000E+00
 1.7358761708818E+02 1.4558961433202E+02 0.0000000000000E+00-1.7358761708818E+02
 1.4558961433202E+02 0.0000000000000E+00 1.7358761708818E+02-1.4558961433202E+02
 0.0000000000000E+00-1.4558961433202E+02-1.7358761708818E+02 0.0000000000000E+00
 1.4558961433202E+02 1.7358761708818E+02 0.0000000000000E+00-1.4558961433202E+02
 1.7358761708818E+02 0.0000000000000E+00 1.4558961433202E+02-1.7358761708818E+02
 0.0000000000000E+00-2.1278482094680E+02-7.8394407717244E+01 0.0000000000000E+00
 2.1278482094680E+02 7.8394407717244E+01 0.0000000000000E+00-2.1278482094680E+02
 7.8394407717244E+01 0.0000000000000E+00 2.1278482094680E+02-7.8394407717244E+01
 0.0000000000000E+00-1.9038641874188E+02-1.2319121212710E+02 0.0000000000000E+00
 1.9038641874188E+02 1.2319121212710E+02 0.0000000000000E+00-1.9038641874188E+02
 1.2319121212710E+02 0.0000000000000E+00 1.9038641874188E+02-1.2319121212710E+02
 0.0000000000000E+00-1.2319121212710E+02-1.9038641874188E+02 0.0000000000000E+00
 1.2319121212710E+02 1.9038641874188E+02 0.0000000000000E+00-1.2319121212710E+02
 1.9038641874188E+02 0.0000000000000E+00 1.2319121212710E+02-1.9038641874188E+02
 0.0000000000000E+00-7.8394407717244E+01-2.1278482094680E+02 0.0000000000000E+00
 7.8394407717244E+01 2.1278482094680E+02 0.0000000000000E+00-7.8394407717244E+01
 2.1278482094680E+02 0.0000000000000E+00 7.8394407717244E+01-2.1278482094680E+02
 0.0000000000000E+00-2.1838442149804E+02-6.1595606063549E+01 0.0000000000000E+00
 2.1838442149804E+02 6.1595606063549E+01 0.0000000000000E+00-2.1838442149804E+02
 6.1595606063549E+01 0.0000000000000E+00 2.1838442149804E+02-6.1595606063549E+01
 0.0000000000000E+00-6.1595606063549E+01-2.1838442149804E+02 0.0000000000000E+00
 6.1595606063549E+01 2.1838442149804E+02 0.0000000000000E+00-6.1595606063549E+01
 2.1838442149804E+02 0.0000000000000E+00 6.1595606063549E+01-2.1838442149804E+02
 0.0000000000000E+00-2.2398402204927E+02-3.9197203858622E+01 0.0000000000000E+00
 2.2398402204927E+02 3.9197203858622E+01 0.0000000000000E+00-2.2398402204927E+02
 3.9197203858622E+01 0.0000000000000E+00 2.2398402204927E+02-3.9197203858622E+01
 0.0000000000000E+00-1.7918721763941E+02-1.3999001378079E+02 0.0000000000000E+00
 1.7918721763941E+02 1.3999001378079E+02 0.0000000000000E+00-1.7918721763941E+02
 1.3999001378079E+02 0.0000000000000E+00 1.7918721763941E+02-1.3999001378079E+02
 0.0000000000000E+00-1.3999001378079E+02-1.7918721763941E+02 0.0000000000000E+00
 1.3999001378079E+02 1.7918721763941E+02 0.0000000000000E+00-1.3999001378079E+02
 1.7918721763941E+02 0.0000000000000E+00 1.3999001378079E+02-1.7918721763941E+02
 0.0000000000000E+00-3.9197203858622E+01-2.2398402204927E+02 0.0000000000000E+00
 3.9197203858622E+01 2.2398402204927E+02 0.0000000000000E+00-3.9197203858622E+01
 2.2398402204927E+02 0.0000000000000E+00 3.9197203858622E+01-2.2398402204927E+02
 0.0000000000000E+00-2.0158561984434E+02-1.0639241047340E+02 0.0000000000000E+00
 2.0158561984434E+02 1.0639241047340E+02 0.0000000000000E+00-2.0158561984434E+02
 1.0639241047340E+02 0.0000000000000E+00 2.0158561984434E+02-1.0639241047340E+02
 0.0000000000000E+00-1.0639241047340E+02-2.0158561984434E+02 0.0000000000000E+00
 1.0639241047340E+02 2.0158561984434E+02 0.0000000000000E+00-1.0639241047340E+02
 2.0158561984434E+02 0.0000000000000E+00 1.0639241047340E+02-2.0158561984434E+02
 0.0000000000000E+00-2.0718522039557E+02-9.5193209370939E+01 0.0000000000000E+00
 2.0718522039557E+02 9.5193209370939E+01 0.0000000000000E+00-2.0718522039557E+02
 9.5193209370939E+01 0.0000000000000E+00 2.0718522039557E+02-9.5193209370939E+01
 0.0000000000000E+00-9.5193209370939E+01-2.0718522039557E+02 0.0000000000000E+00
 9.5193209370939E+01 2.0718522039557E+02 0.0000000000000E+00-9.5193209370939E+01
 2.0718522039557E+02 0.0000000000000E+00 9.5193209370939E+01-2.0718522039557E+02
 0.0000000000000E+00-2.2398402204927E+02-4.4796804409854E+01 0.0000000000000E+00
 2.2398402204927E+02 4.4796804409854E+01 0.0000000000000E+00-2.2398402204927E+02
 4.4796804409854E+01 0.0000000000000E+00 2.2398402204927E+02-4.4796804409854E+01
 0.0000000000000E+00-4.4796804409854E+01-2.2398402204927E+02 0.0000000000000E+00
 4.4796804409854E+01 2.2398402204927E+02 0.0000000000000E+00-4.4796804409854E+01
 2.2398402204927E+02 0.0000000000000E+00 4.4796804409854E+01-2.2398402204927E+02
 0.0000000000000E+00-2.1838442149804E+02-6.7195206614780E+01 0.0000000000000E+00
 2.1838442149804E+02 6.7195206614780E+01 0.0000000000000E+00-2.1838442149804E+02
 6.7195206614780E+01 0.0000000000000E+00 2.1838442149804E+02-6.7195206614780E+01
 0.0000000000000E+00-1.8478681819065E+02-1.3439041322956E+02 0.0000000000000E+00
 1.8478681819065E+02 1.3439041322956E+02 0.0000000000000E+00-1.8478681819065E+02
 1.3439041322956E+02 0.0000000000000E+00 1.8478681819065E+02-1.3439041322956E+02
 0.0000000000000E+00-1.3439041322956E+02-1.8478681819065E+02 0.0000000000000E+00
 1.3439041322956E+02 1.8478681819065E+02 0.0000000000000E+00-1.3439041322956E+02
 1.8478681819065E+02 0.0000000000000E+00 1.3439041322956E+02-1.8478681819065E+02
 0.0000000000000E+00-6.7195206614780E+01-2.1838442149804E+02 0.0000000000000E+00
 6.7195206614780E+01 2.1838442149804E+02 0.0000000000000E+00-6.7195206614780E+01
 2.1838442149804E+02 0.0000000000000E+00 6.7195206614780E+01-2.1838442149804E+02
 0.0000000000000E+00-1.9598601929311E+02-1.1759161157587E+02 0.0000000000000E+00
 1.9598601929311E+02 1.1759161157587E+02 0.0000000000000E+00-1.9598601929311E+02
 1.1759161157587E+02 0.0000000000000E+00 1.9598601929311E+02-1.1759161157587E+02
 0.0000000000000E+00-1.1759161157587E+02-1.9598601929311E+02 0.0000000000000E+00
 1.1759161157587E+02 1.9598601929311E+02 0.0000000000000E+00-1.1759161157587E+02
 1.9598601929311E+02 0.0000000000000E+00 1.1759161157587E+02-1.9598601929311E+02
 0.0000000000000E+00-2.1278482094680E+02-8.3994008268475E+01 0.0000000000000E+00
 2.1278482094680E+02 8.3994008268475E+01 0.0000000000000E+00-2.1278482094680E+02
 8.3994008268475E+01 0.0000000000000E+00 2.1278482094680E+02-8.3994008268475E+01
 0.0000000000000E+00-8.3994008268475E+01-2.1278482094680E+02 0.0000000000000E+00
 8.3994008268475E+01 2.1278482094680E+02 0.0000000000000E+00-8.3994008268475E+01
 2.1278482094680E+02 0.0000000000000E+00 8.3994008268475E+01-2.1278482094680E+02
 0.0000000000000E+00-2.2958362260050E+02 0.0000000000000E+00 0.0000000000000E+00
 2.2958362260050E+02 0.0000000000000E+00 0.0000000000000E+00-2.2398402204927E+02
-5.0396404961085E+01 0.0000000000000E+00 2.2398402204927E+02 5.0396404961085E+01
 0.0000000000000E+00-2.2398402204927E+02 5.0396404961085E+01 0.0000000000000E+00
 2.2398402204927E+02-5.0396404961085E+01 0.0000000000000E+00-5.0396404961085E+01
-2.2398402204927E+02 0.0000000000000E+00 5.0396404961085E+01 2.2398402204927E+02
 0.0000000000000E+00-5.0396404961085E+01 2.2398402204927E+02 0.0000000000000E+00
 5.0396404961085E+01-2.2398402204927E+02 0.0000000000000E+00 0.0000000000000E+00
-2.2958362260050E+02 0.0000000000000E+00 0.0000000000000E+00 2.2958362260050E+02
 0.0000000000000E+00-2.2958362260050E+02-5.5996005512317E+00 0.0000000000000E+00
 2.2958362260050E+02 5.5996005512317E+00 0.0000000000000E+00-2.2958362260050E+02
 5.5996005512317E+00 0.0000000000000E+00 2.2958362260050E+02-5.5996005512317E+00
 0.0000000000000E+00-1.6238841598572E+02-1.6238841598572E+02 0.0000000000000E+00
 1.6238841598572E+02 1.6238841598572E+02 0.0000000000000E+00-1.6238841598572E+02
 1.6238841598572E+02 0.0000000000000E+00 1.6238841598572E+02-1.6238841598572E+02
 0.0000000000000E+00-5.5996005512317E+00-2.2958362260050E+02 0.0000000000000E+00
 5.5996005512317E+00 2.2958362260050E+02 0.0000000000000E+00-5.5996005512317E+00
 2.2958362260050E+02 0.0000000000000E+00 5.5996005512317E+00-2.2958362260050E+02
 0.0000000000000E+00-1.6798801653695E+02-1.5678881543449E+02 0.0000000000000E+00
 1.6798801653695E+02 1.5678881543449E+02 0.0000000000000E+00-1.6798801653695E+02
 1.5678881543449E+02 0.0000000000000E+00 1.6798801653695E+02-1.5678881543449E+02
 0.0000000000000E+00-1.5678881543449E+02-1.6798801653695E+02 0.0000000000000E+00
 1.5678881543449E+02 1.6798801653695E+02 0.0000000000000E+00-1.5678881543449E+02
 1.6798801653695E+02 0.0000000000000E+00 1.5678881543449E+02-1.6798801653695E+02
 0.0000000000000E+00-2.2958362260050E+02-1.1199201102463E+01 0.0000000000000E+00
 2.2958362260050E+02 1.1199201102463E+01 0.0000000000000E+00-2.2958362260050E+02
 1.1199201102463E+01 0.0000000000000E+00 2.2958362260050E+02-1.1199201102463E+01
 0.0000000000000E+00-1.9038641874188E+02-1.2879081267833E+02 0.0000000000000E+00
 1.9038641874188E+02 1.2879081267833E+02 0.0000000000000E+00-1.9038641874188E+02
 1.2879081267833E+02 0.0000000000000E+00 1.9038641874188E+02-1.2879081267833E+02
 0.0000000000000E+00-1.2879081267833E+02-1.9038641874188E+02 0.0000000000000E+00
 1.2879081267833E+02 1.9038641874188E+02 0.0000000000000E+00-1.2879081267833E+02
 1.9038641874188E+02 0.0000000000000E+00 1.2879081267833E+02-1.9038641874188E+02
 0.0000000000000E+00-1.1199201102463E+01-2.2958362260050E+02 0.0000000000000E+00
 1.1199201102463E+01 2.2958362260050E+02 0.0000000000000E+00-1.1199201102463E+01
 2.2958362260050E+02 0.0000000000000E+00 1.1199201102463E+01-2.2958362260050E+02
 0.0000000000000E+00-2.2958362260050E+02-1.6798801653695E+01 0.0000000000000E+00
 2.2958362260050E+02 1.6798801653695E+01 0.0000000000000E+00-2.2958362260050E+02
 1.6798801653695E+01 0.0000000000000E+00 2.2958362260050E+02-1.6798801653695E+01
 0.0000000000000E+00-2.1838442149804E+02-7.2794807166012E+01 0.0000000000000E+00
 2.1838442149804E+02 7.2794807166012E+01 0.0000000000000E+00-2.1838442149804E+02
 7.2794807166012E+01 0.0000000000000E+00 2.1838442149804E+02-7.2794807166012E+01
 0.0000000000000E+00-1.7358761708818E+02-1.5118921488326E+02 0.0000000000000E+00
 1.7358761708818E+02 1.5118921488326E+02 0.0000000000000E+00-1.7358761708818E+02
 1.5118921488326E+02 0.0000000000000E+00 1.7358761708818E+02-1.5118921488326E+02
 0.0000000000000E+00-1.5118921488326E+02-1.7358761708818E+02 0.0000000000000E+00
 1.5118921488326E+02 1.7358761708818E+02 0.0000000000000E+00-1.5118921488326E+02
 1.7358761708818E+02 0.0000000000000E+00 1.5118921488326E+02-1.7358761708818E+02
 0.0000000000000E+00-7.2794807166012E+01-2.1838442149804E+02 0.0000000000000E+00
 7.2794807166012E+01 2.1838442149804E+02 0.0000000000000E+00-7.2794807166012E+01
 2.1838442149804E+02 0.0000000000000E+00 7.2794807166012E+01-2.1838442149804E+02
 0.0000000000000E+00-1.6798801653695E+01-2.2958362260050E+02 0.0000000000000E+00
 1.6798801653695E+01 2.2958362260050E+02 0.0000000000000E+00-1.6798801653695E+01
 2.2958362260050E+02 0.0000000000000E+00 1.6798801653695E+01-2.2958362260050E+02
 0.0000000000000E+00-2.0718522039557E+02-1.0079280992217E+02 0.0000000000000E+00
 2.0718522039557E+02 1.0079280992217E+02 0.0000000000000E+00-2.0718522039557E+02
 1.0079280992217E+02 0.0000000000000E+00 2.0718522039557E+02-1.0079280992217E+02
 0.0000000000000E+00-1.0079280992217E+02-2.0718522039557E+02 0.0000000000000E+00
 1.0079280992217E+02 2.0718522039557E+02 0.0000000000000E+00-1.0079280992217E+02
 2.0718522039557E+02 0.0000000000000E+00 1.0079280992217E+02-2.0718522039557E+02
 0.0000000000000E+00-2.0158561984434E+02-1.1199201102463E+02 0.0000000000000E+00
 2.0158561984434E+02 1.1199201102463E+02 0.0000000000000E+00-2.0158561984434E+02
 1.1199201102463E+02 0.0000000000000E+00 2.0158561984434E+02-1.1199201102463E+02
 0.0000000000000E+00-1.1199201102463E+02-2.0158561984434E+02 0.0000000000000E+00
 1.1199201102463E+02 2.0158561984434E+02 0.0000000000000E+00-1.1199201102463E+02
 2.0158561984434E+02 0.0000000000000E+00 1.1199201102463E+02-2.0158561984434E+02
 0.0000000000000E+00-2.2958362260050E+02-2.2398402204927E+01 0.0000000000000E+00
 2.2958362260050E+02 2.2398402204927E+01 0.0000000000000E+00-2.2958362260050E+02
 2.2398402204927E+01 0.0000000000000E+00 2.2958362260050E+02-2.2398402204927E+01
 0.0000000000000E+00-2.2398402204927E+01-2.2958362260050E+02 0.0000000000000E+00
 2.2398402204927E+01 2.2958362260050E+02 0.0000000000000E+00-2.2398402204927E+01
 2.2958362260050E+02 0.0000000000000E+00 2.2398402204927E+01-2.2958362260050E+02
 0.0000000000000E+00-2.2398402204927E+02-5.5996005512317E+01 0.0000000000000E+00
 2.2398402204927E+02 5.5996005512317E+01 0.0000000000000E+00-2.2398402204927E+02
 5.5996005512317E+01 0.0000000000000E+00 2.2398402204927E+02-5.5996005512317E+01
 0.0000000000000E+00-2.1278482094680E+02-8.9593608819707E+01 0.0000000000000E+00
 2.1278482094680E+02 8.9593608819707E+01 0.0000000000000E+00-2.1278482094680E+02
 8.9593608819707E+01 0.0000000000000E+00 2.1278482094680E+02-8.9593608819707E+01
 0.0000000000000E+00-1.7918721763941E+02-1.4558961433202E+02 0.0000000000000E+00
 1.7918721763941E+02 1.4558961433202E+02 0.0000000000000E+00-1.7918721763941E+02
 1.4558961433202E+02 0.0000000000000E+00 1.7918721763941E+02-1.4558961433202E+02
 0.0000000000000E+00-1.4558961433202E+02-1.7918721763941E+02 0.0000000000000E+00
 1.4558961433202E+02 1.7918721763941E+02 0.0000000000000E+00-1.4558961433202E+02
 1.7918721763941E+02 0.0000000000000E+00 1.4558961433202E+02-1.7918721763941E+02
 0.0000000000000E+00-8.9593608819707E+01-2.1278482094680E+02 0.0000000000000E+00
 8.9593608819707E+01 2.1278482094680E+02 0.0000000000000E+00-8.9593608819707E+01
 2.1278482094680E+02 0.0000000000000E+00 8.9593608819707E+01-2.1278482094680E+02
 0.0000000000000E+00-5.5996005512317E+01-2.2398402204927E+02 0.0000000000000E+00
 5.5996005512317E+01 2.2398402204927E+02 0.0000000000000E+00-5.5996005512317E+01
 2.2398402204927E+02 0.0000000000000E+00 5.5996005512317E+01-2.2398402204927E+02
 0.0000000000000E+00-2.2958362260050E+02-2.7998002756158E+01 0.0000000000000E+00
 2.2958362260050E+02 2.7998002756158E+01 0.0000000000000E+00-2.2958362260050E+02
 2.7998002756158E+01 0.0000000000000E+00 2.2958362260050E+02-2.7998002756158E+01
 0.0000000000000E+00-2.7998002756158E+01-2.2958362260050E+02 0.0000000000000E+00
 2.7998002756158E+01 2.2958362260050E+02 0.0000000000000E+00-2.7998002756158E+01
 2.2958362260050E+02 0.0000000000000E+00 2.7998002756158E+01-2.2958362260050E+02
 0.0000000000000E+00-1.9598601929311E+02-1.2319121212710E+02 0.0000000000000E+00
 1.9598601929311E+02 1.2319121212710E+02 0.0000000000000E+00-1.9598601929311E+02
 1.2319121212710E+02 0.0000000000000E+00 1.9598601929311E+02-1.2319121212710E+02
 0.0000000000000E+00-1.2319121212710E+02-1.9598601929311E+02 0.0000000000000E+00
 1.2319121212710E+02 1.9598601929311E+02 0.0000000000000E+00-1.2319121212710E+02
 1.9598601929311E+02 0.0000000000000E+00 1.2319121212710E+02-1.9598601929311E+02
 0.0000000000000E+00-1.8478681819065E+02-1.3999001378079E+02 0.0000000000000E+00
 1.8478681819065E+02 1.3999001378079E+02 0.0000000000000E+00-1.8478681819065E+02
 1.3999001378079E+02 0.0000000000000E+00 1.8478681819065E+02-1.3999001378079E+02
 0.0000000000000E+00-1.3999001378079E+02-1.8478681819065E+02 0.0000000000000E+00
 1.3999001378079E+02 1.8478681819065E+02 0.0000000000000E+00-1.3999001378079E+02
 1.8478681819065E+02 0.0000000000000E+00 1.3999001378079E+02-1.8478681819065E+02
 0.0000000000000E+00-2.2958362260050E+02-3.3597603307390E+01 0.0000000000000E+00
 2.2958362260050E+02 3.3597603307390E+01 0.0000000000000E+00-2.2958362260050E+02
 3.3597603307390E+01 0.0000000000000E+00 2.2958362260050E+02-3.3597603307390E+01
 0.0000000000000E+00-2.1838442149804E+02-7.8394407717244E+01 0.0000000000000E+00
 2.1838442149804E+02 7.8394407717244E+01 0.0000000000000E+00-2.1838442149804E+02
 7.8394407717244E+01 0.0000000000000E+00 2.1838442149804E+02-7.8394407717244E+01
 0.0000000000000E+00-7.8394407717244E+01-2.1838442149804E+02 0.0000000000000E+00
 7.8394407717244E+01 2.1838442149804E+02 0.0000000000000E+00-7.8394407717244E+01
 2.1838442149804E+02 0.0000000000000E+00 7.8394407717244E+01-2.1838442149804E+02
 0.0000000000000E+00-3.3597603307390E+01-2.2958362260050E+02 0.0000000000000E+00
 3.3597603307390E+01 2.2958362260050E+02 0.0000000000000E+00-3.3597603307390E+01
 2.2958362260050E+02 0.0000000000000E+00 3.3597603307390E+01-2.2958362260050E+02
 0.0000000000000E+00-2.2398402204927E+02-6.1595606063549E+01 0.0000000000000E+00
 2.2398402204927E+02 6.1595606063549E+01 0.0000000000000E+00-2.2398402204927E+02
 6.1595606063549E+01 0.0000000000000E+00 2.2398402204927E+02-6.1595606063549E+01
 0.0000000000000E+00-6.1595606063549E+01-2.2398402204927E+02 0.0000000000000E+00
 6.1595606063549E+01 2.2398402204927E+02 0.0000000000000E+00-6.1595606063549E+01
 2.2398402204927E+02 0.0000000000000E+00 6.1595606063549E+01-2.2398402204927E+02
 0.0000000000000E+00-2.2958362260050E+02-3.9197203858622E+01 0.0000000000000E+00
 2.2958362260050E+02 3.9197203858622E+01 0.0000000000000E+00-2.2958362260050E+02
 3.9197203858622E+01 0.0000000000000E+00 2.2958362260050E+02-3.9197203858622E+01
 0.0000000000000E+00-2.0718522039557E+02-1.0639241047340E+02 0.0000000000000E+00
 2.0718522039557E+02 1.0639241047340E+02 0.0000000000000E+00-2.0718522039557E+02
 1.0639241047340E+02 0.0000000000000E+00 2.0718522039557E+02-1.0639241047340E+02
 0.0000000000000E+00-1.0639241047340E+02-2.0718522039557E+02 0.0000000000000E+00
 1.0639241047340E+02 2.0718522039557E+02 0.0000000000000E+00-1.0639241047340E+02
 2.0718522039557E+02 0.0000000000000E+00 1.0639241047340E+02-2.0718522039557E+02
 0.0000000000000E+00-3.9197203858622E+01-2.2958362260050E+02 0.0000000000000E+00
 3.9197203858622E+01 2.2958362260050E+02 0.0000000000000E+00-3.9197203858622E+01
 2.2958362260050E+02 0.0000000000000E+00 3.9197203858622E+01-2.2958362260050E+02
 0.0000000000000E+00-1.9038641874188E+02-1.3439041322956E+02 0.0000000000000E+00
 1.9038641874188E+02 1.3439041322956E+02 0.0000000000000E+00-1.9038641874188E+02
 1.3439041322956E+02 0.0000000000000E+00 1.9038641874188E+02-1.3439041322956E+02
 0.0000000000000E+00-1.3439041322956E+02-1.9038641874188E+02 0.0000000000000E+00
 1.3439041322956E+02 1.9038641874188E+02 0.0000000000000E+00-1.3439041322956E+02
 1.9038641874188E+02 0.0000000000000E+00 1.3439041322956E+02-1.9038641874188E+02
 0.0000000000000E+00-2.1278482094680E+02-9.5193209370939E+01 0.0000000000000E+00
 2.1278482094680E+02 9.5193209370939E+01 0.0000000000000E+00-2.1278482094680E+02
 9.5193209370939E+01 0.0000000000000E+00 2.1278482094680E+02-9.5193209370939E+01
 0.0000000000000E+00-9.5193209370939E+01-2.1278482094680E+02 0.0000000000000E+00
 9.5193209370939E+01 2.1278482094680E+02 0.0000000000000E+00-9.5193209370939E+01
 2.1278482094680E+02 0.0000000000000E+00 9.5193209370939E+01-2.1278482094680E+02
 0.0000000000000E+00-2.0158561984434E+02-1.1759161157587E+02 0.0000000000000E+00
 2.0158561984434E+02 1.1759161157587E+02 0.0000000000000E+00-2.0158561984434E+02
 1.1759161157587E+02 0.0000000000000E+00 2.0158561984434E+02-1.1759161157587E+02
 0.0000000000000E+00-1.1759161157587E+02-2.0158561984434E+02 0.0000000000000E+00
 1.1759161157587E+02 2.0158561984434E+02 0.0000000000000E+00-1.1759161157587E+02
 2.0158561984434E+02 0.0000000000000E+00 1.1759161157587E+02-2.0158561984434E+02
 0.0000000000000E+00-1.6798801653695E+02-1.6238841598572E+02 0.0000000000000E+00
 1.6798801653695E+02 1.6238841598572E+02 0.0000000000000E+00-1.6798801653695E+02
 1.6238841598572E+02 0.0000000000000E+00 1.6798801653695E+02-1.6238841598572E+02
 0.0000000000000E+00-1.6238841598572E+02-1.6798801653695E+02 0.0000000000000E+00
 1.6238841598572E+02 1.6798801653695E+02 0.0000000000000E+00-1.6238841598572E+02
 1.6798801653695E+02 0.0000000000000E+00 1.6238841598572E+02-1.6798801653695E+02
 0.0000000000000E+00-2.2398402204927E+02-6.7195206614780E+01 0.0000000000000E+00
 2.2398402204927E+02 6.7195206614780E+01 0.0000000000000E+00-2.2398402204927E+02
 6.7195206614780E+01 0.0000000000000E+00 2.2398402204927E+02-6.7195206614780E+01
 0.0000000000000E+00-6.7195206614780E+01-2.2398402204927E+02 0.0000000000000E+00
 6.7195206614780E+01 2.2398402204927E+02 0.0000000000000E+00-6.7195206614780E+01
 2.2398402204927E+02 0.0000000000000E+00 6.7195206614780E+01-2.2398402204927E+02
 0.0000000000000E+00-2.2958362260050E+02-4.4796804409854E+01 0.0000000000000E+00
 2.2958362260050E+02 4.4796804409854E+01 0.0000000000000E+00-2.2958362260050E+02
 4.4796804409854E+01 0.0000000000000E+00 2.2958362260050E+02-4.4796804409854E+01
 0.0000000000000E+00-1.7358761708818E+02-1.5678881543449E+02 0.0000000000000E+00
 1.7358761708818E+02 1.5678881543449E+02 0.0000000000000E+00-1.7358761708818E+02
 1.5678881543449E+02 0.0000000000000E+00 1.7358761708818E+02-1.5678881543449E+02
 0.0000000000000E+00-1.5678881543449E+02-1.7358761708818E+02 0.0000000000000E+00
 1.5678881543449E+02 1.7358761708818E+02 0.0000000000000E+00-1.5678881543449E+02
 1.7358761708818E+02 0.0000000000000E+00 1.5678881543449E+02-1.7358761708818E+02
 0.0000000000000E+00-4.4796804409854E+01-2.2958362260050E+02 0.0000000000000E+00
 4.4796804409854E+01 2.2958362260050E+02 0.0000000000000E+00-4.4796804409854E+01
 2.2958362260050E+02 0.0000000000000E+00 4.4796804409854E+01-2.2958362260050E+02
 0.0000000000000E+00-2.1838442149804E+02-8.3994008268475E+01 0.0000000000000E+00
 2.1838442149804E+02 8.3994008268475E+01 0.0000000000000E+00-2.1838442149804E+02
 8.3994008268475E+01 0.0000000000000E+00 2.1838442149804E+02-8.3994008268475E+01
 0.0000000000000E+00-8.3994008268475E+01-2.1838442149804E+02 0.0000000000000E+00
 8.3994008268475E+01 2.1838442149804E+02 0.0000000000000E+00-8.3994008268475E+01
 2.1838442149804E+02 0.0000000000000E+00 8.3994008268475E+01-2.1838442149804E+02
 0.0000000000000E+00-1.7918721763941E+02-1.5118921488326E+02 0.0000000000000E+00
 1.7918721763941E+02 1.5118921488326E+02 0.0000000000000E+00-1.7918721763941E+02
 1.5118921488326E+02 0.0000000000000E+00 1.7918721763941E+02-1.5118921488326E+02
 0.0000000000000E+00-1.5118921488326E+02-1.7918721763941E+02 0.0000000000000E+00
 1.5118921488326E+02 1.7918721763941E+02 0.0000000000000E+00-1.5118921488326E+02
 1.7918721763941E+02 0.0000000000000E+00 1.5118921488326E+02-1.7918721763941E+02
 0.0000000000000E+00-1.9598601929311E+02-1.2879081267833E+02 0.0000000000000E+00
 1.9598601929311E+02 1.2879081267833E+02 0.0000000000000E+00-1.9598601929311E+02
 1.2879081267833E+02 0.0000000000000E+00 1.9598601929311E+02-1.2879081267833E+02
 0.0000000000000E+00-1.2879081267833E+02-1.9598601929311E+02 0.0000000000000E+00
 1.2879081267833E+02 1.9598601929311E+02 0.0000000000000E+00-1.2879081267833E+02
 1.9598601929311E+02 0.0000000000000E+00 1.2879081267833E+02-1.9598601929311E+02
 0.0000000000000E+00-2.2958362260050E+02-5.0396404961085E+01 0.0000000000000E+00
 2.2958362260050E+02 5.0396404961085E+01 0.0000000000000E+00-2.2958362260050E+02
 5.0396404961085E+01 0.0000000000000E+00 2.2958362260050E+02-5.0396404961085E+01
 0.0000000000000E+00-5.0396404961085E+01-2.2958362260050E+02 0.0000000000000E+00
 5.0396404961085E+01 2.2958362260050E+02 0.0000000000000E+00-5.0396404961085E+01
 2.2958362260050E+02 0.0000000000000E+00 5.0396404961085E+01-2.2958362260050E+02
 0.0000000000000E+00-2.3518322315173E+02 0.0000000000000E+00 0.0000000000000E+00
 2.3518322315173E+02 0.0000000000000E+00 0.0000000000000E+00 0.0000000000000E+00
-2.3518322315173E+02 0.0000000000000E+00 0.0000000000000E+00 2.3518322315173E+02
 0.0000000000000E+00-2.3518322315173E+02-5.5996005512317E+00 0.0000000000000E+00
 2.3518322315173E+02 5.5996005512317E+00 0.0000000000000E+00-2.3518322315173E+02
 5.5996005512317E+00 0.0000000000000E+00 2.3518322315173E+02-5.5996005512317E+00
 0.0000000000000E+00-1.8478681819065E+02-1.4558961433202E+02 0.0000000000000E+00
 1.8478681819065E+02 1.4558961433202E+02 0.0000000000000E+00-1.8478681819065E+02
 1.4558961433202E+02 0.0000000000000E+00 1.8478681819065E+02-1.4558961433202E+02
 0.0000000000000E+00-1.4558961433202E+02-1.8478681819065E+02 0.0000000000000E+00
 1.4558961433202E+02 1.8478681819065E+02 0.0000000000000E+00-1.4558961433202E+02
 1.8478681819065E+02 0.0000000000000E+00 1.4558961433202E+02-1.8478681819065E+02
 0.0000000000000E+00-5.5996005512317E+00-2.3518322315173E+02 0.0000000000000E+00
 5.5996005512317E+00 2.3518322315173E+02 0.0000000000000E+00-5.5996005512317E+00
 2.3518322315173E+02 0.0000000000000E+00 5.5996005512317E+00-2.3518322315173E+02
 0.0000000000000E+00-2.3518322315173E+02-1.1199201102463E+01 0.0000000000000E+00
 2.3518322315173E+02 1.1199201102463E+01 0.0000000000000E+00-2.3518322315173E+02
 1.1199201102463E+01 0.0000000000000E+00 2.3518322315173E+02-1.1199201102463E+01
 0.0000000000000E+00-2.1278482094680E+02-1.0079280992217E+02 0.0000000000000E+00
 2.1278482094680E+02 1.0079280992217E+02 0.0000000000000E+00-2.1278482094680E+02
 1.0079280992217E+02 0.0000000000000E+00 2.1278482094680E+02-1.0079280992217E+02
 0.0000000000000E+00-1.0079280992217E+02-2.1278482094680E+02 0.0000000000000E+00
 1.0079280992217E+02 2.1278482094680E+02 0.0000000000000E+00-1.0079280992217E+02
 2.1278482094680E+02 0.0000000000000E+00 1.0079280992217E+02-2.1278482094680E+02
 0.0000000000000E+00-1.1199201102463E+01-2.3518322315173E+02 0.0000000000000E+00
 1.1199201102463E+01 2.3518322315173E+02 0.0000000000000E+00-1.1199201102463E+01
 2.3518322315173E+02 0.0000000000000E+00 1.1199201102463E+01-2.3518322315173E+02
 0.0000000000000E+00-2.2398402204927E+02-7.2794807166012E+01 0.0000000000000E+00
 2.2398402204927E+02 7.2794807166012E+01 0.0000000000000E+00-2.2398402204927E+02
 7.2794807166012E+01 0.0000000000000E+00 2.2398402204927E+02-7.2794807166012E+01
 0.0000000000000E+00-2.0718522039557E+02-1.1199201102463E+02 0.0000000000000E+00
 2.0718522039557E+02 1.1199201102463E+02 0.0000000000000E+00-2.0718522039557E+02
 1.1199201102463E+02 0.0000000000000E+00 2.0718522039557E+02-1.1199201102463E+02
 0.0000000000000E+00-1.1199201102463E+02-2.0718522039557E+02 0.0000000000000E+00
 1.1199201102463E+02 2.0718522039557E+02 0.0000000000000E+00-1.1199201102463E+02
 2.0718522039557E+02 0.0000000000000E+00 1.1199201102463E+02-2.0718522039557E+02
 0.0000000000000E+00-7.2794807166012E+01-2.2398402204927E+02 0.0000000000000E+00
 7.2794807166012E+01 2.2398402204927E+02 0.0000000000000E+00-7.2794807166012E+01
 2.2398402204927E+02 0.0000000000000E+00 7.2794807166012E+01-2.2398402204927E+02
 0.0000000000000E+00-2.3518322315173E+02-1.6798801653695E+01 0.0000000000000E+00
 2.3518322315173E+02 1.6798801653695E+01 0.0000000000000E+00-2.3518322315173E+02
 1.6798801653695E+01 0.0000000000000E+00 2.3518322315173E+02-1.6798801653695E+01
 0.0000000000000E+00-1.6798801653695E+01-2.3518322315173E+02 0.0000000000000E+00
 1.6798801653695E+01 2.3518322315173E+02 0.0000000000000E+00-1.6798801653695E+01
 2.3518322315173E+02 0.0000000000000E+00 1.6798801653695E+01-2.3518322315173E+02
 0.0000000000000E+00-2.1838442149804E+02-8.9593608819707E+01 0.0000000000000E+00
 2.1838442149804E+02 8.9593608819707E+01 0.0000000000000E+00-2.1838442149804E+02
 8.9593608819707E+01 0.0000000000000E+00 2.1838442149804E+02-8.9593608819707E+01
 0.0000000000000E+00-8.9593608819707E+01-2.1838442149804E+02 0.0000000000000E+00
 8.9593608819707E+01 2.1838442149804E+02 0.0000000000000E+00-8.9593608819707E+01
 2.1838442149804E+02 0.0000000000000E+00 8.9593608819707E+01-2.1838442149804E+02
 0.0000000000000E+00-2.3518322315173E+02-2.2398402204927E+01 0.0000000000000E+00
 2.3518322315173E+02 2.2398402204927E+01 0.0000000000000E+00-2.3518322315173E+02
 2.2398402204927E+01 0.0000000000000E+00 2.3518322315173E+02-2.2398402204927E+01
 0.0000000000000E+00-2.0158561984434E+02-1.2319121212710E+02 0.0000000000000E+00
 2.0158561984434E+02 1.2319121212710E+02 0.0000000000000E+00-2.0158561984434E+02
 1.2319121212710E+02 0.0000000000000E+00 2.0158561984434E+02-1.2319121212710E+02
 0.0000000000000E+00-1.2319121212710E+02-2.0158561984434E+02 0.0000000000000E+00
 1.2319121212710E+02 2.0158561984434E+02 0.0000000000000E+00-1.2319121212710E+02
 2.0158561984434E+02 0.0000000000000E+00 1.2319121212710E+02-2.0158561984434E+02
 0.0000000000000E+00-2.2398402204927E+01-2.3518322315173E+02 0.0000000000000E+00
 2.2398402204927E+01 2.3518322315173E+02 0.0000000000000E+00-2.2398402204927E+01
 2.3518322315173E+02 0.0000000000000E+00 2.2398402204927E+01-2.3518322315173E+02
 0.0000000000000E+00-2.2958362260050E+02-5.5996005512317E+01 0.0000000000000E+00
 2.2958362260050E+02 5.5996005512317E+01 0.0000000000000E+00-2.2958362260050E+02
 5.5996005512317E+01 0.0000000000000E+00 2.2958362260050E+02-5.5996005512317E+01
 0.0000000000000E+00-1.9038641874188E+02-1.3999001378079E+02 0.0000000000000E+00
 1.9038641874188E+02 1.3999001378079E+02 0.0000000000000E+00-1.9038641874188E+02
 1.3999001378079E+02 0.0000000000000E+00 1.9038641874188E+02-1.3999001378079E+02
 0.0000000000000E+00-1.3999001378079E+02-1.9038641874188E+02 0.0000000000000E+00
 1.3999001378079E+02 1.9038641874188E+02 0.0000000000000E+00-1.3999001378079E+02
 1.9038641874188E+02 0.0000000000000E+00 1.3999001378079E+02-1.9038641874188E+02
 0.0000000000000E+00-5.5996005512317E+01-2.2958362260050E+02 0.0000000000000E+00
 5.5996005512317E+01 2.2958362260050E+02 0.0000000000000E+00-5.5996005512317E+01
 2.2958362260050E+02 0.0000000000000E+00 5.5996005512317E+01-2.2958362260050E+02
 0.0000000000000E+00-2.3518322315173E+02-2.7998002756158E+01 0.0000000000000E+00
 2.3518322315173E+02 2.7998002756158E+01 0.0000000000000E+00-2.3518322315173E+02
 2.7998002756158E+01 0.0000000000000E+00 2.3518322315173E+02-2.7998002756158E+01
 0.0000000000000E+00-2.7998002756158E+01-2.3518322315173E+02 0.0000000000000E+00
 2.7998002756158E+01 2.3518322315173E+02 0.0000000000000E+00-2.7998002756158E+01
 2.3518322315173E+02 0.0000000000000E+00 2.7998002756158E+01-2.3518322315173E+02
 0.0000000000000E+00-2.2398402204927E+02-7.8394407717244E+01 0.0000000000000E+00
 2.2398402204927E+02 7.8394407717244E+01 0.0000000000000E+00-2.2398402204927E+02
 7.8394407717244E+01 0.0000000000000E+00 2.2398402204927E+02-7.8394407717244E+01
 0.0000000000000E+00-7.8394407717244E+01-2.2398402204927E+02 0.0000000000000E+00
 7.8394407717244E+01 2.2398402204927E+02 0.0000000000000E+00-7.8394407717244E+01
 2.2398402204927E+02 0.0000000000000E+00 7.8394407717244E+01-2.2398402204927E+02
 0.0000000000000E+00-2.3518322315173E+02-3.3597603307390E+01 0.0000000000000E+00
 2.3518322315173E+02 3.3597603307390E+01 0.0000000000000E+00-2.3518322315173E+02
 3.3597603307390E+01 0.0000000000000E+00 2.3518322315173E+02-3.3597603307390E+01
 0.0000000000000E+00-1.6798801653695E+02-1.6798801653695E+02 0.0000000000000E+00
 1.6798801653695E+02 1.6798801653695E+02 0.0000000000000E+00-1.6798801653695E+02
 1.6798801653695E+02 0.0000000000000E+00 1.6798801653695E+02-1.6798801653695E+02
 0.0000000000000E+00-3.3597603307390E+01-2.3518322315173E+02 0.0000000000000E+00
 3.3597603307390E+01 2.3518322315173E+02 0.0000000000000E+00-3.3597603307390E+01
 2.3518322315173E+02 0.0000000000000E+00 3.3597603307390E+01-2.3518322315173E+02
 0.0000000000000E+00-1.9598601929311E+02-1.3439041322956E+02 0.0000000000000E+00
 1.9598601929311E+02 1.3439041322956E+02 0.0000000000000E+00-1.9598601929311E+02
 1.3439041322956E+02 0.0000000000000E+00 1.9598601929311E+02-1.3439041322956E+02
 0.0000000000000E+00-1.3439041322956E+02-1.9598601929311E+02 0.0000000000000E+00
 1.3439041322956E+02 1.9598601929311E+02 0.0000000000000E+00-1.3439041322956E+02
 1.9598601929311E+02 0.0000000000000E+00 1.3439041322956E+02-1.9598601929311E+02
 0.0000000000000E+00-2.2958362260050E+02-6.1595606063549E+01 0.0000000000000E+00
 2.2958362260050E+02 6.1595606063549E+01 0.0000000000000E+00-2.2958362260050E+02
 6.1595606063549E+01 0.0000000000000E+00 2.2958362260050E+02-6.1595606063549E+01
 0.0000000000000E+00-1.7358761708818E+02-1.6238841598572E+02 0.0000000000000E+00
 1.7358761708818E+02 1.6238841598572E+02 0.0000000000000E+00-1.7358761708818E+02
 1.6238841598572E+02 0.0000000000000E+00 1.7358761708818E+02-1.6238841598572E+02
 0.0000000000000E+00-1.6238841598572E+02-1.7358761708818E+02 0.0000000000000E+00
 1.6238841598572E+02 1.7358761708818E+02 0.0000000000000E+00-1.6238841598572E+02
 1.7358761708818E+02 0.0000000000000E+00 1.6238841598572E+02-1.7358761708818E+02
 0.0000000000000E+00-6.1595606063549E+01-2.2958362260050E+02 0.0000000000000E+00
 6.1595606063549E+01 2.2958362260050E+02 0.0000000000000E+00-6.1595606063549E+01
 2.2958362260050E+02 0.0000000000000E+00 6.1595606063549E+01-2.2958362260050E+02
 0.0000000000000E+00-2.1278482094680E+02-1.0639241047340E+02 0.0000000000000E+00
 2.1278482094680E+02 1.0639241047340E+02 0.0000000000000E+00-2.1278482094680E+02
 1.0639241047340E+02 0.0000000000000E+00 2.1278482094680E+02-1.0639241047340E+02
 0.0000000000000E+00-1.0639241047340E+02-2.1278482094680E+02 0.0000000000000E+00
 1.0639241047340E+02 2.1278482094680E+02 0.0000000000000E+00-1.0639241047340E+02
 2.1278482094680E+02 0.0000000000000E+00 1.0639241047340E+02-2.1278482094680E+02
 0.0000000000000E+00-1.7918721763941E+02-1.5678881543449E+02 0.0000000000000E+00
 1.7918721763941E+02 1.5678881543449E+02 0.0000000000000E+00-1.7918721763941E+02
 1.5678881543449E+02 0.0000000000000E+00 1.7918721763941E+02-1.5678881543449E+02
 0.0000000000000E+00-1.5678881543449E+02-1.7918721763941E+02 0.0000000000000E+00
 1.5678881543449E+02 1.7918721763941E+02 0.0000000000000E+00-1.5678881543449E+02
 1.7918721763941E+02 0.0000000000000E+00 1.5678881543449E+02-1.7918721763941E+02
 0.0000000000000E+00-2.1838442149804E+02-9.5193209370939E+01 0.0000000000000E+00
 2.1838442149804E+02 9.5193209370939E+01 0.0000000000000E+00-2.1838442149804E+02
 9.5193209370939E+01 0.0000000000000E+00 2.1838442149804E+02-9.5193209370939E+01
 0.0000000000000E+00-2.0718522039557E+02-1.1759161157587E+02 0.0000000000000E+00
 2.0718522039557E+02 1.1759161157587E+02 0.0000000000000E+00-2.0718522039557E+02
 1.1759161157587E+02 0.0000000000000E+00 2.0718522039557E+02-1.1759161157587E+02
 0.0000000000000E+00-1.1759161157587E+02-2.0718522039557E+02 0.0000000000000E+00
 1.1759161157587E+02 2.0718522039557E+02 0.0000000000000E+00-1.1759161157587E+02
 2.0718522039557E+02 0.0000000000000E+00 1.1759161157587E+02-2.0718522039557E+02
 0.0000000000000E+00-9.5193209370939E+01-2.1838442149804E+02 0.0000000000000E+00
 9.5193209370939E+01 2.1838442149804E+02 0.0000000000000E+00-9.5193209370939E+01
 2.1838442149804E+02 0.0000000000000E+00 9.5193209370939E+01-2.1838442149804E+02
 0.0000000000000E+00-2.3518322315173E+02-3.9197203858622E+01 0.0000000000000E+00
 2.3518322315173E+02 3.9197203858622E+01 0.0000000000000E+00-2.3518322315173E+02
 3.9197203858622E+01 0.0000000000000E+00 2.3518322315173E+02-3.9197203858622E+01
 0.0000000000000E+00-3.9197203858622E+01-2.3518322315173E+02 0.0000000000000E+00
 3.9197203858622E+01 2.3518322315173E+02 0.0000000000000E+00-3.9197203858622E+01
 2.3518322315173E+02 0.0000000000000E+00 3.9197203858622E+01-2.3518322315173E+02
 0.0000000000000E+00-1.8478681819065E+02-1.5118921488326E+02 0.0000000000000E+00
 1.8478681819065E+02 1.5118921488326E+02 0.0000000000000E+00-1.8478681819065E+02
 1.5118921488326E+02 0.0000000000000E+00 1.8478681819065E+02-1.5118921488326E+02
 0.0000000000000E+00-1.5118921488326E+02-1.8478681819065E+02 0.0000000000000E+00
 1.5118921488326E+02 1.8478681819065E+02 0.0000000000000E+00-1.5118921488326E+02
 1.8478681819065E+02 0.0000000000000E+00 1.5118921488326E+02-1.8478681819065E+02
 0.0000000000000E+00-2.2958362260050E+02-6.7195206614780E+01 0.0000000000000E+00
 2.2958362260050E+02 6.7195206614780E+01 0.0000000000000E+00-2.2958362260050E+02
 6.7195206614780E+01 0.0000000000000E+00 2.2958362260050E+02-6.7195206614780E+01
 0.0000000000000E+00-2.2398402204927E+02-8.3994008268475E+01 0.0000000000000E+00
 2.2398402204927E+02 8.3994008268475E+01 0.0000000000000E+00-2.2398402204927E+02
 8.3994008268475E+01 0.0000000000000E+00 2.2398402204927E+02-8.3994008268475E+01
 0.0000000000000E+00-2.0158561984434E+02-1.2879081267833E+02 0.0000000000000E+00
 2.0158561984434E+02 1.2879081267833E+02 0.0000000000000E+00-2.0158561984434E+02
 1.2879081267833E+02 0.0000000000000E+00 2.0158561984434E+02-1.2879081267833E+02
 0.0000000000000E+00-1.2879081267833E+02-2.0158561984434E+02 0.0000000000000E+00
 1.2879081267833E+02 2.0158561984434E+02 0.0000000000000E+00-1.2879081267833E+02
 2.0158561984434E+02 0.0000000000000E+00 1.2879081267833E+02-2.0158561984434E+02
 0.0000000000000E+00-8.3994008268475E+01-2.2398402204927E+02 0.0000000000000E+00
 8.3994008268475E+01 2.2398402204927E+02 0.0000000000000E+00-8.3994008268475E+01
 2.2398402204927E+02 0.0000000000000E+00 8.3994008268475E+01-2.2398402204927E+02
 0.0000000000000E+00-6.7195206614780E+01-2.2958362260050E+02 0.0000000000000E+00
 6.7195206614780E+01 2.2958362260050E+02 0.0000000000000E+00-6.7195206614780E+01
 2.2958362260050E+02 0.0000000000000E+00 6.7195206614780E+01-2.2958362260050E+02
 0.0000000000000E+00-2.3518322315173E+02-4.4796804409854E+01 0.0000000000000E+00
 2.3518322315173E+02 4.4796804409854E+01 0.0000000000000E+00-2.3518322315173E+02
 4.4796804409854E+01 0.0000000000000E+00 2.3518322315173E+02-4.4796804409854E+01
 0.0000000000000E+00-4.4796804409854E+01-2.3518322315173E+02 0.0000000000000E+00
 4.4796804409854E+01 2.3518322315173E+02 0.0000000000000E+00-4.4796804409854E+01
 2.3518322315173E+02 0.0000000000000E+00 4.4796804409854E+01-2.3518322315173E+02
 0.0000000000000E+00-1.9038641874188E+02-1.4558961433202E+02 0.0000000000000E+00
 1.9038641874188E+02 1.4558961433202E+02 0.0000000000000E+00-1.9038641874188E+02
 1.4558961433202E+02 0.0000000000000E+00 1.9038641874188E+02-1.4558961433202E+02
 0.0000000000000E+00-1.4558961433202E+02-1.9038641874188E+02 0.0000000000000E+00
 1.4558961433202E+02 1.9038641874188E+02 0.0000000000000E+00-1.4558961433202E+02
 1.9038641874188E+02 0.0000000000000E+00 1.4558961433202E+02-1.9038641874188E+02
 0.0000000000000E+00-2.1278482094680E+02-1.1199201102463E+02 0.0000000000000E+00
 2.1278482094680E+02 1.1199201102463E+02 0.0000000000000E+00-2.1278482094680E+02
 1.1199201102463E+02 0.0000000000000E+00 2.1278482094680E+02-1.1199201102463E+02
 0.0000000000000E+00-1.1199201102463E+02-2.1278482094680E+02 0.0000000000000E+00
 1.1199201102463E+02 2.1278482094680E+02 0.0000000000000E+00-1.1199201102463E+02
 2.1278482094680E+02 0.0000000000000E+00 1.1199201102463E+02-2.1278482094680E+02
 0.0000000000000E+00-2.3518322315173E+02-5.0396404961085E+01 0.0000000000000E+00
 2.3518322315173E+02 5.0396404961085E+01 0.0000000000000E+00-2.3518322315173E+02
 5.0396404961085E+01 0.0000000000000E+00 2.3518322315173E+02-5.0396404961085E+01
 0.0000000000000E+00-2.1838442149804E+02-1.0079280992217E+02 0.0000000000000E+00
 2.1838442149804E+02 1.0079280992217E+02 0.0000000000000E+00-2.1838442149804E+02
 1.0079280992217E+02 0.0000000000000E+00 2.1838442149804E+02-1.0079280992217E+02
 0.0000000000000E+00-1.0079280992217E+02-2.1838442149804E+02 0.0000000000000E+00
 1.0079280992217E+02 2.1838442149804E+02 0.0000000000000E+00-1.0079280992217E+02
 2.1838442149804E+02 0.0000000000000E+00 1.0079280992217E+02-2.1838442149804E+02
 0.0000000000000E+00-5.0396404961085E+01-2.3518322315173E+02 0.0000000000000E+00
 5.0396404961085E+01 2.3518322315173E+02 0.0000000000000E+00-5.0396404961085E+01
 2.3518322315173E+02 0.0000000000000E+00 5.0396404961085E+01-2.3518322315173E+02
 0.0000000000000E+00-2.4078282370296E+02 0.0000000000000E+00 0.0000000000000E+00
 2.4078282370296E+02 0.0000000000000E+00 0.0000000000000E+00 0.0000000000000E+00
-2.4078282370296E+02 0.0000000000000E+00 0.0000000000000E+00 2.4078282370296E+02
 0.0000000000000E+00-2.4078282370296E+02-5.5996005512317E+00 0.0000000000000E+00
 2.4078282370296E+02 5.5996005512317E+00 0.0000000000000E+00-2.4078282370296E+02
 5.5996005512317E+00 0.0000000000000E+00 2.4078282370296E+02-5.5996005512317E+00
 0.0000000000000E+00-2.2958362260050E+02-7.2794807166012E+01 0.0000000000000E+00
 2.2958362260050E+02 7.2794807166012E+01 0.0000000000000E+00-2.2958362260050E+02
 7.2794807166012E+01 0.0000000000000E+00 2.2958362260050E+02-7.2794807166012E+01
 0.0000000000000E+00-1.9598601929311E+02-1.3999001378079E+02 0.0000000000000E+00
 1.9598601929311E+02 1.3999001378079E+02 0.0000000000000E+00-1.9598601929311E+02
 1.3999001378079E+02 0.0000000000000E+00 1.9598601929311E+02-1.3999001378079E+02
 0.0000000000000E+00-1.3999001378079E+02-1.9598601929311E+02 0.0000000000000E+00
 1.3999001378079E+02 1.9598601929311E+02 0.0000000000000E+00-1.3999001378079E+02
 1.9598601929311E+02 0.0000000000000E+00 1.3999001378079E+02-1.9598601929311E+02
 0.0000000000000E+00-7.2794807166012E+01-2.2958362260050E+02 0.0000000000000E+00
 7.2794807166012E+01 2.2958362260050E+02 0.0000000000000E+00-7.2794807166012E+01
 2.2958362260050E+02 0.0000000000000E+00 7.2794807166012E+01-2.2958362260050E+02
 0.0000000000000E+00-5.5996005512317E+00-2.4078282370296E+02 0.0000000000000E+00
 5.5996005512317E+00 2.4078282370296E+02 0.0000000000000E+00-5.5996005512317E+00
 2.4078282370296E+02 0.0000000000000E+00 5.5996005512317E+00-2.4078282370296E+02
 0.0000000000000E+00-2.4078282370296E+02-1.1199201102463E+01 0.0000000000000E+00
 2.4078282370296E+02 1.1199201102463E+01 0.0000000000000E+00-2.4078282370296E+02
 1.1199201102463E+01 0.0000000000000E+00 2.4078282370296E+02-1.1199201102463E+01
 0.0000000000000E+00-2.0718522039557E+02-1.2319121212710E+02 0.0000000000000E+00
 2.0718522039557E+02 1.2319121212710E+02 0.0000000000000E+00-2.0718522039557E+02
 1.2319121212710E+02 0.0000000000000E+00 2.0718522039557E+02-1.2319121212710E+02
 0.0000000000000E+00-1.2319121212710E+02-2.0718522039557E+02 0.0000000000000E+00
 1.2319121212710E+02 2.0718522039557E+02 0.0000000000000E+00-1.2319121212710E+02
 2.0718522039557E+02 0.0000000000000E+00 1.2319121212710E+02-2.0718522039557E+02
 0.0000000000000E+00-1.1199201102463E+01-2.4078282370296E+02 0.0000000000000E+00
 1.1199201102463E+01 2.4078282370296E+02 0.0000000000000E+00-1.1199201102463E+01
 2.4078282370296E+02 0.0000000000000E+00 1.1199201102463E+01-2.4078282370296E+02
 0.0000000000000E+00-2.2398402204927E+02-8.9593608819707E+01 0.0000000000000E+00
 2.2398402204927E+02 8.9593608819707E+01 0.0000000000000E+00-2.2398402204927E+02
 8.9593608819707E+01 0.0000000000000E+00 2.2398402204927E+02-8.9593608819707E+01
 0.0000000000000E+00-8.9593608819707E+01-2.2398402204927E+02 0.0000000000000E+00
 8.9593608819707E+01 2.2398402204927E+02 0.0000000000000E+00-8.9593608819707E+01
 2.2398402204927E+02 0.0000000000000E+00 8.9593608819707E+01-2.2398402204927E+02
 0.0000000000000E+00-2.4078282370296E+02-1.6798801653695E+01 0.0000000000000E+00
 2.4078282370296E+02 1.6798801653695E+01 0.0000000000000E+00-2.4078282370296E+02
 1.6798801653695E+01 0.0000000000000E+00 2.4078282370296E+02-1.6798801653695E+01
 0.0000000000000E+00-1.6798801653695E+01-2.4078282370296E+02 0.0000000000000E+00
 1.6798801653695E+01 2.4078282370296E+02 0.0000000000000E+00-1.6798801653695E+01
 2.4078282370296E+02 0.0000000000000E+00 1.6798801653695E+01-2.4078282370296E+02
 0.0000000000000E+00-1.7358761708818E+02-1.6798801653695E+02 0.0000000000000E+00
 1.7358761708818E+02 1.6798801653695E+02 0.0000000000000E+00-1.7358761708818E+02
 1.6798801653695E+02 0.0000000000000E+00 1.7358761708818E+02-1.6798801653695E+02
 0.0000000000000E+00-1.6798801653695E+02-1.7358761708818E+02 0.0000000000000E+00
 1.6798801653695E+02 1.7358761708818E+02 0.0000000000000E+00-1.6798801653695E+02
 1.7358761708818E+02 0.0000000000000E+00 1.6798801653695E+02-1.7358761708818E+02
 0.0000000000000E+00-2.3518322315173E+02-5.5996005512317E+01 0.0000000000000E+00
 2.3518322315173E+02 5.5996005512317E+01 0.0000000000000E+00-2.3518322315173E+02
 5.5996005512317E+01 0.0000000000000E+00 2.3518322315173E+02-5.5996005512317E+01
 0.0000000000000E+00-5.5996005512317E+01-2.3518322315173E+02 0.0000000000000E+00
 5.5996005512317E+01 2.3518322315173E+02 0.0000000000000E+00-5.5996005512317E+01
 2.3518322315173E+02 0.0000000000000E+00 5.5996005512317E+01-2.3518322315173E+02
 0.0000000000000E+00-2.4078282370296E+02-2.2398402204927E+01 0.0000000000000E+00
 2.4078282370296E+02 2.2398402204927E+01 0.0000000000000E+00-2.4078282370296E+02
 2.2398402204927E+01 0.0000000000000E+00 2.4078282370296E+02-2.2398402204927E+01
 0.0000000000000E+00-1.7918721763941E+02-1.6238841598572E+02 0.0000000000000E+00
 1.7918721763941E+02 1.6238841598572E+02 0.0000000000000E+00-1.7918721763941E+02
 1.6238841598572E+02 0.0000000000000E+00 1.7918721763941E+02-1.6238841598572E+02
 0.0000000000000E+00-1.6238841598572E+02-1.7918721763941E+02 0.0000000000000E+00
 1.6238841598572E+02 1.7918721763941E+02 0.0000000000000E+00-1.6238841598572E+02
 1.7918721763941E+02 0.0000000000000E+00 1.6238841598572E+02-1.7918721763941E+02
 0.0000000000000E+00-2.2398402204927E+01-2.4078282370296E+02 0.0000000000000E+00
 2.2398402204927E+01 2.4078282370296E+02 0.0000000000000E+00-2.2398402204927E+01
 2.4078282370296E+02 0.0000000000000E+00 2.2398402204927E+01-2.4078282370296E+02
 0.0000000000000E+00-2.0158561984434E+02-1.3439041322956E+02 0.0000000000000E+00
 2.0158561984434E+02 1.3439041322956E+02 0.0000000000000E+00-2.0158561984434E+02
 1.3439041322956E+02 0.0000000000000E+00 2.0158561984434E+02-1.3439041322956E+02
 0.0000000000000E+00-1.3439041322956E+02-2.0158561984434E+02 0.0000000000000E+00
 1.3439041322956E+02 2.0158561984434E+02 0.0000000000000E+00-1.3439041322956E+02
 2.0158561984434E+02 0.0000000000000E+00 1.3439041322956E+02-2.0158561984434E+02
 0.0000000000000E+00-1.8478681819065E+02-1.5678881543449E+02 0.0000000000000E+00
 1.8478681819065E+02 1.5678881543449E+02 0.0000000000000E+00-1.8478681819065E+02
 1.5678881543449E+02 0.0000000000000E+00 1.8478681819065E+02-1.5678881543449E+02
 0.0000000000000E+00-1.5678881543449E+02-1.8478681819065E+02 0.0000000000000E+00
 1.5678881543449E+02 1.8478681819065E+02 0.0000000000000E+00-1.5678881543449E+02
 1.8478681819065E+02 0.0000000000000E+00 1.5678881543449E+02-1.8478681819065E+02
 0.0000000000000E+00-2.4078282370296E+02-2.7998002756158E+01 0.0000000000000E+00
 2.4078282370296E+02 2.7998002756158E+01 0.0000000000000E+00-2.4078282370296E+02
 2.7998002756158E+01 0.0000000000000E+00 2.4078282370296E+02-2.7998002756158E+01
 0.0000000000000E+00-2.7998002756158E+01-2.4078282370296E+02 0.0000000000000E+00
 2.7998002756158E+01 2.4078282370296E+02 0.0000000000000E+00-2.7998002756158E+01
 2.4078282370296E+02 0.0000000000000E+00 2.7998002756158E+01-2.4078282370296E+02
 0.0000000000000E+00-2.2958362260050E+02-7.8394407717244E+01 0.0000000000000E+00
 2.2958362260050E+02 7.8394407717244E+01 0.0000000000000E+00-2.2958362260050E+02
 7.8394407717244E+01 0.0000000000000E+00 2.2958362260050E+02-7.8394407717244E+01
 0.0000000000000E+00-7.8394407717244E+01-2.2958362260050E+02 0.0000000000000E+00
 7.8394407717244E+01 2.2958362260050E+02 0.0000000000000E+00-7.8394407717244E+01
 2.2958362260050E+02 0.0000000000000E+00 7.8394407717244E+01-2.2958362260050E+02
 0.0000000000000E+00-2.1838442149804E+02-1.0639241047340E+02 0.0000000000000E+00
 2.1838442149804E+02 1.0639241047340E+02 0.0000000000000E+00-2.1838442149804E+02
 1.0639241047340E+02 0.0000000000000E+00 2.1838442149804E+02-1.0639241047340E+02
 0.0000000000000E+00-1.0639241047340E+02-2.1838442149804E+02 0.0000000000000E+00
 1.0639241047340E+02 2.1838442149804E+02 0.0000000000000E+00-1.0639241047340E+02
 2.1838442149804E+02 0.0000000000000E+00 1.0639241047340E+02-2.1838442149804E+02
 0.0000000000000E+00-2.4078282370296E+02-3.3597603307390E+01 0.0000000000000E+00
 2.4078282370296E+02 3.3597603307390E+01 0.0000000000000E+00-2.4078282370296E+02
 3.3597603307390E+01 0.0000000000000E+00 2.4078282370296E+02-3.3597603307390E+01
 0.0000000000000E+00-2.3518322315173E+02-6.1595606063549E+01 0.0000000000000E+00
 2.3518322315173E+02 6.1595606063549E+01 0.0000000000000E+00-2.3518322315173E+02
 6.1595606063549E+01 0.0000000000000E+00 2.3518322315173E+02-6.1595606063549E+01
 0.0000000000000E+00-2.1278482094680E+02-1.1759161157587E+02 0.0000000000000E+00
 2.1278482094680E+02 1.1759161157587E+02 0.0000000000000E+00-2.1278482094680E+02
 1.1759161157587E+02 0.0000000000000E+00 2.1278482094680E+02-1.1759161157587E+02
 0.0000000000000E+00-1.9038641874188E+02-1.5118921488326E+02 0.0000000000000E+00
 1.9038641874188E+02 1.5118921488326E+02 0.0000000000000E+00-1.9038641874188E+02
 1.5118921488326E+02 0.0000000000000E+00 1.9038641874188E+02-1.5118921488326E+02
 0.0000000000000E+00-1.5118921488326E+02-1.9038641874188E+02 0.0000000000000E+00
 1.5118921488326E+02 1.9038641874188E+02 0.0000000000000E+00-1.5118921488326E+02
 1.9038641874188E+02 0.0000000000000E+00 1.5118921488326E+02-1.9038641874188E+02
 0.0000000000000E+00-1.1759161157587E+02-2.1278482094680E+02 0.0000000000000E+00
 1.1759161157587E+02 2.1278482094680E+02 0.0000000000000E+00-1.1759161157587E+02
 2.1278482094680E+02 0.0000000000000E+00 1.1759161157587E+02-2.1278482094680E+02
 0.0000000000000E+00-6.1595606063549E+01-2.3518322315173E+02 0.0000000000000E+00
 6.1595606063549E+01 2.3518322315173E+02 0.0000000000000E+00-6.1595606063549E+01
 2.3518322315173E+02 0.0000000000000E+00 6.1595606063549E+01-2.3518322315173E+02
 0.0000000000000E+00-3.3597603307390E+01-2.4078282370296E+02 0.0000000000000E+00
 3.3597603307390E+01 2.4078282370296E+02 0.0000000000000E+00-3.3597603307390E+01
 2.4078282370296E+02 0.0000000000000E+00 3.3597603307390E+01-2.4078282370296E+02
 0.0000000000000E+00-2.2398402204927E+02-9.5193209370939E+01 0.0000000000000E+00
 2.2398402204927E+02 9.5193209370939E+01 0.0000000000000E+00-2.2398402204927E+02
 9.5193209370939E+01 0.0000000000000E+00 2.2398402204927E+02-9.5193209370939E+01
 0.0000000000000E+00-9.5193209370939E+01-2.2398402204927E+02 0.0000000000000E+00
 9.5193209370939E+01 2.2398402204927E+02 0.0000000000000E+00-9.5193209370939E+01
 2.2398402204927E+02 0.0000000000000E+00 9.5193209370939E+01-2.2398402204927E+02
 0.0000000000000E+00-2.4078282370296E+02-3.9197203858622E+01 0.0000000000000E+00
 2.4078282370296E+02 3.9197203858622E+01 0.0000000000000E+00-2.4078282370296E+02
 3.9197203858622E+01 0.0000000000000E+00 2.4078282370296E+02-3.9197203858622E+01
 0.0000000000000E+00-2.0718522039557E+02-1.2879081267833E+02 0.0000000000000E+00
 2.0718522039557E+02 1.2879081267833E+02 0.0000000000000E+00-2.0718522039557E+02
 1.2879081267833E+02 0.0000000000000E+00 2.0718522039557E+02-1.2879081267833E+02
 0.0000000000000E+00-1.2879081267833E+02-2.0718522039557E+02 0.0000000000000E+00
 1.2879081267833E+02 2.0718522039557E+02 0.0000000000000E+00-1.2879081267833E+02
 2.0718522039557E+02 0.0000000000000E+00 1.2879081267833E+02-2.0718522039557E+02
 0.0000000000000E+00-3.9197203858622E+01-2.4078282370296E+02 0.0000000000000E+00
 3.9197203858622E+01 2.4078282370296E+02 0.0000000000000E+00-3.9197203858622E+01
 2.4078282370296E+02 0.0000000000000E+00 3.9197203858622E+01-2.4078282370296E+02
 0.0000000000000E+00-1.9598601929311E+02-1.4558961433202E+02 0.0000000000000E+00
 1.9598601929311E+02 1.4558961433202E+02 0.0000000000000E+00-1.9598601929311E+02
 1.4558961433202E+02 0.0000000000000E+00 1.9598601929311E+02-1.4558961433202E+02
 0.0000000000000E+00-1.4558961433202E+02-1.9598601929311E+02 0.0000000000000E+00
 1.4558961433202E+02 1.9598601929311E+02 0.0000000000000E+00-1.4558961433202E+02
 1.9598601929311E+02 0.0000000000000E+00 1.4558961433202E+02-1.9598601929311E+02
 0.0000000000000E+00-2.2958362260050E+02-8.3994008268475E+01 0.0000000000000E+00
 2.2958362260050E+02 8.3994008268475E+01 0.0000000000000E+00-2.2958362260050E+02
 8.3994008268475E+01 0.0000000000000E+00 2.2958362260050E+02-8.3994008268475E+01
 0.0000000000000E+00-8.3994008268475E+01-2.2958362260050E+02 0.0000000000000E+00
 8.3994008268475E+01 2.2958362260050E+02 0.0000000000000E+00-8.3994008268475E+01
 2.2958362260050E+02 0.0000000000000E+00 8.3994008268475E+01-2.2958362260050E+02
 0.0000000000000E+00-2.3518322315173E+02-6.7195206614780E+01 0.0000000000000E+00
 2.3518322315173E+02 6.7195206614780E+01 0.0000000000000E+00-2.3518322315173E+02
 6.7195206614780E+01 0.0000000000000E+00 2.3518322315173E+02-6.7195206614780E+01
 0.0000000000000E+00-6.7195206614780E+01-2.3518322315173E+02 0.0000000000000E+00
 6.7195206614780E+01 2.3518322315173E+02 0.0000000000000E+00-6.7195206614780E+01
 2.3518322315173E+02 0.0000000000000E+00 6.7195206614780E+01-2.3518322315173E+02
 0.0000000000000E+00-2.4078282370296E+02-4.4796804409854E+01 0.0000000000000E+00
 2.4078282370296E+02 4.4796804409854E+01 0.0000000000000E+00-2.4078282370296E+02
 4.4796804409854E+01 0.0000000000000E+00 2.4078282370296E+02-4.4796804409854E+01
 0.0000000000000E+00-4.4796804409854E+01-2.4078282370296E+02 0.0000000000000E+00
 4.4796804409854E+01 2.4078282370296E+02 0.0000000000000E+00-4.4796804409854E+01
 2.4078282370296E+02 0.0000000000000E+00 4.4796804409854E+01-2.4078282370296E+02
 0.0000000000000E+00-2.1838442149804E+02-1.1199201102463E+02 0.0000000000000E+00
 2.1838442149804E+02 1.1199201102463E+02 0.0000000000000E+00-2.1838442149804E+02
 1.1199201102463E+02 0.0000000000000E+00 2.1838442149804E+02-1.1199201102463E+02
 0.0000000000000E+00-2.0158561984434E+02-1.3999001378079E+02 0.0000000000000E+00
 2.0158561984434E+02 1.3999001378079E+02 0.0000000000000E+00-2.0158561984434E+02
 1.3999001378079E+02 0.0000000000000E+00 2.0158561984434E+02-1.3999001378079E+02
 0.0000000000000E+00-1.3999001378079E+02-2.0158561984434E+02 0.0000000000000E+00
 1.3999001378079E+02 2.0158561984434E+02 0.0000000000000E+00-1.3999001378079E+02
 2.0158561984434E+02 0.0000000000000E+00 1.3999001378079E+02-2.0158561984434E+02
 0.0000000000000E+00-1.1199201102463E+02-2.1838442149804E+02 0.0000000000000E+00
 1.1199201102463E+02 2.1838442149804E+02 0.0000000000000E+00-1.1199201102463E+02
 2.1838442149804E+02 0.0000000000000E+00 1.1199201102463E+02-2.1838442149804E+02
 0.0000000000000E+00-1.7358761708818E+02-1.7358761708818E+02 0.0000000000000E+00
 1.7358761708818E+02 1.7358761708818E+02 0.0000000000000E+00-1.7358761708818E+02
 1.7358761708818E+02 0.0000000000000E+00 1.7358761708818E+02-1.7358761708818E+02
 0.0000000000000E+00-2.2398402204927E+02-1.0079280992217E+02 0.0000000000000E+00
 2.2398402204927E+02 1.0079280992217E+02 0.0000000000000E+00-2.2398402204927E+02
 1.0079280992217E+02 0.0000000000000E+00 2.2398402204927E+02-1.0079280992217E+02
 0.0000000000000E+00-1.7918721763941E+02-1.6798801653695E+02 0.0000000000000E+00
 1.7918721763941E+02 1.6798801653695E+02 0.0000000000000E+00-1.7918721763941E+02
 1.6798801653695E+02 0.0000000000000E+00 1.7918721763941E+02-1.6798801653695E+02
 0.0000000000000E+00-1.6798801653695E+02-1.7918721763941E+02 0.0000000000000E+00
 1.6798801653695E+02 1.7918721763941E+02 0.0000000000000E+00-1.6798801653695E+02
 1.7918721763941E+02 0.0000000000000E+00 1.6798801653695E+02-1.7918721763941E+02
 0.0000000000000E+00-1.0079280992217E+02-2.2398402204927E+02 0.0000000000000E+00
 1.0079280992217E+02 2.2398402204927E+02 0.0000000000000E+00-1.0079280992217E+02
 2.2398402204927E+02 0.0000000000000E+00 1.0079280992217E+02-2.2398402204927E+02
 0.0000000000000E+00-2.1278482094680E+02-1.2319121212710E+02 0.0000000000000E+00
 2.1278482094680E+02 1.2319121212710E+02 0.0000000000000E+00-2.1278482094680E+02
 1.2319121212710E+02 0.0000000000000E+00 2.1278482094680E+02-1.2319121212710E+02
 0.0000000000000E+00-1.2319121212710E+02-2.1278482094680E+02 0.0000000000000E+00
 1.2319121212710E+02 2.1278482094680E+02 0.0000000000000E+00-1.2319121212710E+02
 2.1278482094680E+02 0.0000000000000E+00 1.2319121212710E+02-2.1278482094680E+02
 0.0000000000000E+00-2.4078282370296E+02-5.0396404961085E+01 0.0000000000000E+00
 2.4078282370296E+02 5.0396404961085E+01 0.0000000000000E+00-2.4078282370296E+02
 5.0396404961085E+01 0.0000000000000E+00 2.4078282370296E+02-5.0396404961085E+01
 0.0000000000000E+00-1.8478681819065E+02-1.6238841598572E+02 0.0000000000000E+00
 1.8478681819065E+02 1.6238841598572E+02 0.0000000000000E+00-1.8478681819065E+02
 1.6238841598572E+02 0.0000000000000E+00 1.8478681819065E+02-1.6238841598572E+02
 0.0000000000000E+00-1.6238841598572E+02-1.8478681819065E+02 0.0000000000000E+00
 1.6238841598572E+02 1.8478681819065E+02 0.0000000000000E+00-1.6238841598572E+02
 1.8478681819065E+02 0.0000000000000E+00 1.6238841598572E+02-1.8478681819065E+02
 0.0000000000000E+00-5.0396404961085E+01-2.4078282370296E+02 0.0000000000000E+00
 5.0396404961085E+01 2.4078282370296E+02 0.0000000000000E+00-5.0396404961085E+01
 2.4078282370296E+02 0.0000000000000E+00 5.0396404961085E+01-2.4078282370296E+02
 0.0000000000000E+00-2.3518322315173E+02-7.2794807166012E+01 0.0000000000000E+00
 2.3518322315173E+02 7.2794807166012E+01 0.0000000000000E+00-2.3518322315173E+02
 7.2794807166012E+01 0.0000000000000E+00 2.3518322315173E+02-7.2794807166012E+01
 0.0000000000000E+00-7.2794807166012E+01-2.3518322315173E+02 0.0000000000000E+00
 7.2794807166012E+01 2.3518322315173E+02 0.0000000000000E+00-7.2794807166012E+01
 2.3518322315173E+02 0.0000000000000E+00 7.2794807166012E+01-2.3518322315173E+02
 0.0000000000000E+00-2.4638242425419E+02 0.0000000000000E+00 0.0000000000000E+00
 2.4638242425419E+02 0.0000000000000E+00 0.0000000000000E+00 0.0000000000000E+00
-2.4638242425419E+02 0.0000000000000E+00 0.0000000000000E+00 2.4638242425419E+02
 0.0000000000000E+00-2.4638242425419E+02-5.5996005512317E+00 0.0000000000000E+00
 2.4638242425419E+02 5.5996005512317E+00 0.0000000000000E+00-2.4638242425419E+02
 5.5996005512317E+00 0.0000000000000E+00 2.4638242425419E+02-5.5996005512317E+00
 0.0000000000000E+00-2.2958362260050E+02-8.9593608819707E+01 0.0000000000000E+00
 2.2958362260050E+02 8.9593608819707E+01 0.0000000000000E+00-2.2958362260050E+02
 8.9593608819707E+01 0.0000000000000E+00 2.2958362260050E+02-8.9593608819707E+01
 0.0000000000000E+00-8.9593608819707E+01-2.2958362260050E+02 0.0000000000000E+00
 8.9593608819707E+01 2.2958362260050E+02 0.0000000000000E+00-8.9593608819707E+01
 2.2958362260050E+02 0.0000000000000E+00 8.9593608819707E+01-2.2958362260050E+02
 0.0000000000000E+00-5.5996005512317E+00-2.4638242425419E+02 0.0000000000000E+00
 5.5996005512317E+00 2.4638242425419E+02 0.0000000000000E+00-5.5996005512317E+00
 2.4638242425419E+02 0.0000000000000E+00 5.5996005512317E+00-2.4638242425419E+02
 0.0000000000000E+00-2.4638242425419E+02-1.1199201102463E+01 0.0000000000000E+00
 2.4638242425419E+02 1.1199201102463E+01 0.0000000000000E+00-2.4638242425419E+02
 1.1199201102463E+01 0.0000000000000E+00 2.4638242425419E+02-1.1199201102463E+01
 0.0000000000000E+00-1.9038641874188E+02-1.5678881543449E+02 0.0000000000000E+00
 1.9038641874188E+02 1.5678881543449E+02 0.0000000000000E+00-1.9038641874188E+02
 1.5678881543449E+02 0.0000000000000E+00 1.9038641874188E+02-1.5678881543449E+02
 0.0000000000000E+00-1.5678881543449E+02-1.9038641874188E+02 0.0000000000000E+00
 1.5678881543449E+02 1.9038641874188E+02 0.0000000000000E+00-1.5678881543449E+02
 1.9038641874188E+02 0.0000000000000E+00 1.5678881543449E+02-1.9038641874188E+02
 0.0000000000000E+00-1.1199201102463E+01-2.4638242425419E+02 0.0000000000000E+00
 1.1199201102463E+01 2.4638242425419E+02 0.0000000000000E+00-1.1199201102463E+01
 2.4638242425419E+02 0.0000000000000E+00 1.1199201102463E+01-2.4638242425419E+02
 0.0000000000000E+00-2.4638242425419E+02-1.6798801653695E+01 0.0000000000000E+00
 2.4638242425419E+02 1.6798801653695E+01 0.0000000000000E+00-2.4638242425419E+02
 1.6798801653695E+01 0.0000000000000E+00 2.4638242425419E+02-1.6798801653695E+01
 0.0000000000000E+00-2.0718522039557E+02-1.3439041322956E+02 0.0000000000000E+00
 2.0718522039557E+02 1.3439041322956E+02 0.0000000000000E+00-2.0718522039557E+02
 1.3439041322956E+02 0.0000000000000E+00 2.0718522039557E+02-1.3439041322956E+02
 0.0000000000000E+00-1.3439041322956E+02-2.0718522039557E+02 0.0000000000000E+00
 1.3439041322956E+02 2.0718522039557E+02 0.0000000000000E+00-1.3439041322956E+02
 2.0718522039557E+02 0.0000000000000E+00 1.3439041322956E+02-2.0718522039557E+02
 0.0000000000000E+00-1.6798801653695E+01-2.4638242425419E+02 0.0000000000000E+00
 1.6798801653695E+01 2.4638242425419E+02 0.0000000000000E+00-1.6798801653695E+01
 2.4638242425419E+02 0.0000000000000E+00 1.6798801653695E+01-2.4638242425419E+02
 0.0000000000000E+00-2.4078282370296E+02-5.5996005512317E+01 0.0000000000000E+00
 2.4078282370296E+02 5.5996005512317E+01 0.0000000000000E+00-2.4078282370296E+02
 5.5996005512317E+01 0.0000000000000E+00 2.4078282370296E+02-5.5996005512317E+01
 0.0000000000000E+00-5.5996005512317E+01-2.4078282370296E+02 0.0000000000000E+00
 5.5996005512317E+01 2.4078282370296E+02 0.0000000000000E+00-5.5996005512317E+01
 2.4078282370296E+02 0.0000000000000E+00 5.5996005512317E+01-2.4078282370296E+02
 0.0000000000000E+00-2.4638242425419E+02-2.2398402204927E+01 0.0000000000000E+00
 2.4638242425419E+02 2.2398402204927E+01 0.0000000000000E+00-2.4638242425419E+02
 2.2398402204927E+01 0.0000000000000E+00 2.4638242425419E+02-2.2398402204927E+01
 0.0000000000000E+00-2.2398402204927E+01-2.4638242425419E+02 0.0000000000000E+00
 2.2398402204927E+01 2.4638242425419E+02 0.0000000000000E+00-2.2398402204927E+01
 2.4638242425419E+02 0.0000000000000E+00 2.2398402204927E+01-2.4638242425419E+02
 0.0000000000000E+00-1.9598601929311E+02-1.5118921488326E+02 0.0000000000000E+00
 1.9598601929311E+02 1.5118921488326E+02 0.0000000000000E+00-1.9598601929311E+02
 1.5118921488326E+02 0.0000000000000E+00 1.9598601929311E+02-1.5118921488326E+02
 0.0000000000000E+00-1.5118921488326E+02-1.9598601929311E+02 0.0000000000000E+00
 1.5118921488326E+02 1.9598601929311E+02 0.0000000000000E+00-1.5118921488326E+02
 1.9598601929311E+02 0.0000000000000E+00 1.5118921488326E+02-1.9598601929311E+02
 0.0000000000000E+00-2.3518322315173E+02-7.8394407717244E+01 0.0000000000000E+00
 2.3518322315173E+02 7.8394407717244E+01 0.0000000000000E+00-2.3518322315173E+02
 7.8394407717244E+01 0.0000000000000E+00 2.3518322315173E+02-7.8394407717244E+01
 0.0000000000000E+00-7.8394407717244E+01-2.3518322315173E+02 0.0000000000000E+00
 7.8394407717244E+01 2.3518322315173E+02 0.0000000000000E+00-7.8394407717244E+01
 2.3518322315173E+02 0.0000000000000E+00 7.8394407717244E+01-2.3518322315173E+02
 0.0000000000000E+00-2.4638242425419E+02-2.7998002756158E+01 0.0000000000000E+00
 2.4638242425419E+02 2.7998002756158E+01 0.0000000000000E+00-2.4638242425419E+02
 2.7998002756158E+01 0.0000000000000E+00 2.4638242425419E+02-2.7998002756158E+01
 0.0000000000000E+00-2.2398402204927E+02-1.0639241047340E+02 0.0000000000000E+00
 2.2398402204927E+02 1.0639241047340E+02 0.0000000000000E+00-2.2398402204927E+02
 1.0639241047340E+02 0.0000000000000E+00 2.2398402204927E+02-1.0639241047340E+02
 0.0000000000000E+00-1.0639241047340E+02-2.2398402204927E+02 0.0000000000000E+00
 1.0639241047340E+02 2.2398402204927E+02 0.0000000000000E+00-1.0639241047340E+02
 2.2398402204927E+02 0.0000000000000E+00 1.0639241047340E+02-2.2398402204927E+02
 0.0000000000000E+00-2.7998002756158E+01-2.4638242425419E+02 0.0000000000000E+00
 2.7998002756158E+01 2.4638242425419E+02 0.0000000000000E+00-2.7998002756158E+01
 2.4638242425419E+02 0.0000000000000E+00 2.7998002756158E+01-2.4638242425419E+02
 0.0000000000000E+00-2.1838442149804E+02-1.1759161157587E+02 0.0000000000000E+00
 2.1838442149804E+02 1.1759161157587E+02 0.0000000000000E+00-2.1838442149804E+02
 1.1759161157587E+02 0.0000000000000E+00 2.1838442149804E+02-1.1759161157587E+02
 0.0000000000000E+00-1.1759161157587E+02-2.1838442149804E+02 0.0000000000000E+00
 1.1759161157587E+02 2.1838442149804E+02 0.0000000000000E+00-1.1759161157587E+02
 2.1838442149804E+02 0.0000000000000E+00 1.1759161157587E+02-2.1838442149804E+02
 0.0000000000000E+00-2.4078282370296E+02-6.1595606063549E+01 0.0000000000000E+00
 2.4078282370296E+02 6.1595606063549E+01 0.0000000000000E+00-2.4078282370296E+02
 6.1595606063549E+01 0.0000000000000E+00 2.4078282370296E+02-6.1595606063549E+01
 0.0000000000000E+00-2.2958362260050E+02-9.5193209370939E+01 0.0000000000000E+00
 2.2958362260050E+02 9.5193209370939E+01 0.0000000000000E+00-2.2958362260050E+02
 9.5193209370939E+01 0.0000000000000E+00 2.2958362260050E+02-9.5193209370939E+01
 0.0000000000000E+00-9.5193209370939E+01-2.2958362260050E+02 0.0000000000000E+00
 9.5193209370939E+01 2.2958362260050E+02 0.0000000000000E+00-9.5193209370939E+01
 2.2958362260050E+02 0.0000000000000E+00 9.5193209370939E+01-2.2958362260050E+02
 0.0000000000000E+00-6.1595606063549E+01-2.4078282370296E+02 0.0000000000000E+00
 6.1595606063549E+01 2.4078282370296E+02 0.0000000000000E+00-6.1595606063549E+01
 2.4078282370296E+02 0.0000000000000E+00 6.1595606063549E+01-2.4078282370296E+02
 0.0000000000000E+00-2.4638242425419E+02-3.3597603307390E+01 0.0000000000000E+00
 2.4638242425419E+02 3.3597603307390E+01 0.0000000000000E+00-2.4638242425419E+02
 3.3597603307390E+01 0.0000000000000E+00 2.4638242425419E+02-3.3597603307390E+01
 0.0000000000000E+00-2.0158561984434E+02-1.4558961433202E+02 0.0000000000000E+00
 2.0158561984434E+02 1.4558961433202E+02 0.0000000000000E+00-2.0158561984434E+02
 1.4558961433202E+02 0.0000000000000E+00 2.0158561984434E+02-1.4558961433202E+02
 0.0000000000000E+00-1.4558961433202E+02-2.0158561984434E+02 0.0000000000000E+00
 1.4558961433202E+02 2.0158561984434E+02 0.0000000000000E+00-1.4558961433202E+02
 2.0158561984434E+02 0.0000000000000E+00 1.4558961433202E+02-2.0158561984434E+02
 0.0000000000000E+00-3.3597603307390E+01-2.4638242425419E+02 0.0000000000000E+00
 3.3597603307390E+01 2.4638242425419E+02 0.0000000000000E+00-3.3597603307390E+01
 2.4638242425419E+02 0.0000000000000E+00 3.3597603307390E+01-2.4638242425419E+02
 0.0000000000000E+00-2.1278482094680E+02-1.2879081267833E+02 0.0000000000000E+00
 2.1278482094680E+02 1.2879081267833E+02 0.0000000000000E+00-2.1278482094680E+02
 1.2879081267833E+02 0.0000000000000E+00 2.1278482094680E+02-1.2879081267833E+02
 0.0000000000000E+00-1.2879081267833E+02-2.1278482094680E+02 0.0000000000000E+00
 1.2879081267833E+02 2.1278482094680E+02 0.0000000000000E+00-1.2879081267833E+02
 2.1278482094680E+02 0.0000000000000E+00 1.2879081267833E+02-2.1278482094680E+02
 0.0000000000000E+00-2.4638242425419E+02-3.9197203858622E+01 0.0000000000000E+00
 2.4638242425419E+02 3.9197203858622E+01 0.0000000000000E+00-2.4638242425419E+02
 3.9197203858622E+01 0.0000000000000E+00 2.4638242425419E+02-3.9197203858622E+01
 0.0000000000000E+00-1.7918721763941E+02-1.7358761708818E+02 0.0000000000000E+00
 1.7918721763941E+02 1.7358761708818E+02 0.0000000000000E+00-1.7918721763941E+02
 1.7358761708818E+02 0.0000000000000E+00 1.7918721763941E+02-1.7358761708818E+02
 0.0000000000000E+00-1.7358761708818E+02-1.7918721763941E+02 0.0000000000000E+00
 1.7358761708818E+02 1.7918721763941E+02 0.0000000000000E+00-1.7358761708818E+02
 1.7918721763941E+02 0.0000000000000E+00 1.7358761708818E+02-1.7918721763941E+02
 0.0000000000000E+00-3.9197203858622E+01-2.4638242425419E+02 0.0000000000000E+00
 3.9197203858622E+01 2.4638242425419E+02 0.0000000000000E+00-3.9197203858622E+01
 2.4638242425419E+02 0.0000000000000E+00 3.9197203858622E+01-2.4638242425419E+02
 0.0000000000000E+00-2.3518322315173E+02-8.3994008268475E+01 0.0000000000000E+00
 2.3518322315173E+02 8.3994008268475E+01 0.0000000000000E+00-2.3518322315173E+02
 8.3994008268475E+01 0.0000000000000E+00 2.3518322315173E+02-8.3994008268475E+01
 0.0000000000000E+00-1.8478681819065E+02-1.6798801653695E+02 0.0000000000000E+00
 1.8478681819065E+02 1.6798801653695E+02 0.0000000000000E+00-1.8478681819065E+02
 1.6798801653695E+02 0.0000000000000E+00 1.8478681819065E+02-1.6798801653695E+02
 0.0000000000000E+00-1.6798801653695E+02-1.8478681819065E+02 0.0000000000000E+00
 1.6798801653695E+02 1.8478681819065E+02 0.0000000000000E+00-1.6798801653695E+02
 1.8478681819065E+02 0.0000000000000E+00 1.6798801653695E+02-1.8478681819065E+02
 0.0000000000000E+00-8.3994008268475E+01-2.3518322315173E+02 0.0000000000000E+00
 8.3994008268475E+01 2.3518322315173E+02 0.0000000000000E+00-8.3994008268475E+01
 2.3518322315173E+02 0.0000000000000E+00 8.3994008268475E+01-2.3518322315173E+02
 0.0000000000000E+00-2.4078282370296E+02-6.7195206614780E+01 0.0000000000000E+00
 2.4078282370296E+02 6.7195206614780E+01 0.0000000000000E+00-2.4078282370296E+02
 6.7195206614780E+01 0.0000000000000E+00 2.4078282370296E+02-6.7195206614780E+01
 0.0000000000000E+00-6.7195206614780E+01-2.4078282370296E+02 0.0000000000000E+00
 6.7195206614780E+01 2.4078282370296E+02 0.0000000000000E+00-6.7195206614780E+01
 2.4078282370296E+02 0.0000000000000E+00 6.7195206614780E+01-2.4078282370296E+02
 0.0000000000000E+00-2.0718522039557E+02-1.3999001378079E+02 0.0000000000000E+00
 2.0718522039557E+02 1.3999001378079E+02 0.0000000000000E+00-2.0718522039557E+02
 1.3999001378079E+02 0.0000000000000E+00 2.0718522039557E+02-1.3999001378079E+02
 0.0000000000000E+00-1.3999001378079E+02-2.0718522039557E+02 0.0000000000000E+00
 1.3999001378079E+02 2.0718522039557E+02 0.0000000000000E+00-1.3999001378079E+02
 2.0718522039557E+02 0.0000000000000E+00 1.3999001378079E+02-2.0718522039557E+02
 0.0000000000000E+00-1.9038641874188E+02-1.6238841598572E+02 0.0000000000000E+00
 1.9038641874188E+02 1.6238841598572E+02 0.0000000000000E+00-1.9038641874188E+02
 1.6238841598572E+02 0.0000000000000E+00 1.9038641874188E+02-1.6238841598572E+02
 0.0000000000000E+00-1.6238841598572E+02-1.9038641874188E+02 0.0000000000000E+00
 1.6238841598572E+02 1.9038641874188E+02 0.0000000000000E+00-1.6238841598572E+02
 1.9038641874188E+02 0.0000000000000E+00 1.6238841598572E+02-1.9038641874188E+02
 0.0000000000000E+00-2.4638242425419E+02-4.4796804409854E+01 0.0000000000000E+00
 2.4638242425419E+02 4.4796804409854E+01 0.0000000000000E+00-2.4638242425419E+02
 4.4796804409854E+01 0.0000000000000E+00 2.4638242425419E+02-4.4796804409854E+01
 0.0000000000000E+00-2.2398402204927E+02-1.1199201102463E+02 0.0000000000000E+00
 2.2398402204927E+02 1.1199201102463E+02 0.0000000000000E+00-2.2398402204927E+02
 1.1199201102463E+02 0.0000000000000E+00 2.2398402204927E+02-1.1199201102463E+02
 0.0000000000000E+00-1.1199201102463E+02-2.2398402204927E+02 0.0000000000000E+00
 1.1199201102463E+02 2.2398402204927E+02 0.0000000000000E+00-1.1199201102463E+02
 2.2398402204927E+02 0.0000000000000E+00 1.1199201102463E+02-2.2398402204927E+02
 0.0000000000000E+00-4.4796804409854E+01-2.4638242425419E+02 0.0000000000000E+00
 4.4796804409854E+01 2.4638242425419E+02 0.0000000000000E+00-4.4796804409854E+01
 2.4638242425419E+02 0.0000000000000E+00 4.4796804409854E+01-2.4638242425419E+02
 0.0000000000000E+00-2.2958362260050E+02-1.0079280992217E+02 0.0000000000000E+00
 2.2958362260050E+02 1.0079280992217E+02 0.0000000000000E+00-2.2958362260050E+02
 1.0079280992217E+02 0.0000000000000E+00 2.2958362260050E+02-1.0079280992217E+02
 0.0000000000000E+00-2.1838442149804E+02-1.2319121212710E+02 0.0000000000000E+00
 2.1838442149804E+02 1.2319121212710E+02 0.0000000000000E+00-2.1838442149804E+02
 1.2319121212710E+02 0.0000000000000E+00 2.1838442149804E+02-1.2319121212710E+02
 0.0000000000000E+00-1.2319121212710E+02-2.1838442149804E+02 0.0000000000000E+00
 1.2319121212710E+02 2.1838442149804E+02 0.0000000000000E+00-1.2319121212710E+02
 2.1838442149804E+02 0.0000000000000E+00 1.2319121212710E+02-2.1838442149804E+02
 0.0000000000000E+00-1.0079280992217E+02-2.2958362260050E+02 0.0000000000000E+00
 1.0079280992217E+02 2.2958362260050E+02 0.0000000000000E+00-1.0079280992217E+02
 2.2958362260050E+02 0.0000000000000E+00 1.0079280992217E+02-2.2958362260050E+02
 0.0000000000000E+00-1.9598601929311E+02-1.5678881543449E+02 0.0000000000000E+00
 1.9598601929311E+02 1.5678881543449E+02 0.0000000000000E+00-1.9598601929311E+02
 1.5678881543449E+02 0.0000000000000E+00 1.9598601929311E+02-1.5678881543449E+02
 0.0000000000000E+00-1.5678881543449E+02-1.9598601929311E+02 0.0000000000000E+00
 1.5678881543449E+02 1.9598601929311E+02 0.0000000000000E+00-1.5678881543449E+02
 1.9598601929311E+02 0.0000000000000E+00 1.5678881543449E+02-1.9598601929311E+02
 0.0000000000000E+00-2.4638242425419E+02-5.0396404961085E+01 0.0000000000000E+00
 2.4638242425419E+02 5.0396404961085E+01 0.0000000000000E+00-2.4638242425419E+02
 5.0396404961085E+01 0.0000000000000E+00 2.4638242425419E+02-5.0396404961085E+01
 0.0000000000000E+00-5.0396404961085E+01-2.4638242425419E+02 0.0000000000000E+00
 5.0396404961085E+01 2.4638242425419E+02 0.0000000000000E+00-5.0396404961085E+01
 2.4638242425419E+02 0.0000000000000E+00 5.0396404961085E+01-2.4638242425419E+02
 0.0000000000000E+00-2.4078282370296E+02-7.2794807166012E+01 0.0000000000000E+00
 2.4078282370296E+02 7.2794807166012E+01 0.0000000000000E+00-2.4078282370296E+02
 7.2794807166012E+01 0.0000000000000E+00 2.4078282370296E+02-7.2794807166012E+01
 0.0000000000000E+00-7.2794807166012E+01-2.4078282370296E+02 0.0000000000000E+00
 7.2794807166012E+01 2.4078282370296E+02 0.0000000000000E+00-7.2794807166012E+01
 2.4078282370296E+02 0.0000000000000E+00 7.2794807166012E+01-2.4078282370296E+02
 0.0000000000000E+00-2.3518322315173E+02-8.9593608819707E+01 0.0000000000000E+00
 2.3518322315173E+02 8.9593608819707E+01 0.0000000000000E+00-2.3518322315173E+02
 8.9593608819707E+01 0.0000000000000E+00 2.3518322315173E+02-8.9593608819707E+01
 0.0000000000000E+00-2.1278482094680E+02-1.3439041322956E+02 0.0000000000000E+00
 2.1278482094680E+02 1.3439041322956E+02 0.0000000000000E+00-2.1278482094680E+02
 1.3439041322956E+02 0.0000000000000E+00 2.1278482094680E+02-1.3439041322956E+02
 0.0000000000000E+00-1.3439041322956E+02-2.1278482094680E+02 0.0000000000000E+00
 1.3439041322956E+02 2.1278482094680E+02 0.0000000000000E+00-1.3439041322956E+02
 2.1278482094680E+02 0.0000000000000E+00 1.3439041322956E+02-2.1278482094680E+02
 0.0000000000000E+00-8.9593608819707E+01-2.3518322315173E+02 0.0000000000000E+00
 8.9593608819707E+01 2.3518322315173E+02 0.0000000000000E+00-8.9593608819707E+01
 2.3518322315173E+02 0.0000000000000E+00 8.9593608819707E+01-2.3518322315173E+02
 0.0000000000000E+00-2.5198202480543E+02 0.0000000000000E+00 0.0000000000000E+00
 2.5198202480543E+02 0.0000000000000E+00 0.0000000000000E+00-2.0158561984434E+02
-1.5118921488326E+02 0.0000000000000E+00 2.0158561984434E+02 1.5118921488326E+02
 0.0000000000000E+00-2.0158561984434E+02 1.5118921488326E+02 0.0000000000000E+00
 2.0158561984434E+02-1.5118921488326E+02 0.0000000000000E+00-1.5118921488326E+02
-2.0158561984434E+02 0.0000000000000E+00 1.5118921488326E+02 2.0158561984434E+02
 0.0000000000000E+00-1.5118921488326E+02 2.0158561984434E+02 0.0000000000000E+00
 1.5118921488326E+02-2.0158561984434E+02 0.0000000000000E+00 0.0000000000000E+00
-2.5198202480543E+02 0.0000000000000E+00 0.0000000000000E+00 2.5198202480543E+02
 0.0000000000000E+00-2.5198202480543E+02-5.5996005512317E+00 0.0000000000000E+00
 2.5198202480543E+02 5.5996005512317E+00 0.0000000000000E+00-2.5198202480543E+02
 5.5996005512317E+00 0.0000000000000E+00 2.5198202480543E+02-5.5996005512317E+00
 0.0000000000000E+00-5.5996005512317E+00-2.5198202480543E+02 0.0000000000000E+00
 5.5996005512317E+00 2.5198202480543E+02 0.0000000000000E+00-5.5996005512317E+00
 2.5198202480543E+02 0.0000000000000E+00 5.5996005512317E+00-2.5198202480543E+02
 0.0000000000000E+00-2.5198202480543E+02-1.1199201102463E+01 0.0000000000000E+00
 2.5198202480543E+02 1.1199201102463E+01 0.0000000000000E+00-2.5198202480543E+02
 1.1199201102463E+01 0.0000000000000E+00 2.5198202480543E+02-1.1199201102463E+01
 0.0000000000000E+00-1.1199201102463E+01-2.5198202480543E+02 0.0000000000000E+00
 1.1199201102463E+01 2.5198202480543E+02 0.0000000000000E+00-1.1199201102463E+01
 2.5198202480543E+02 0.0000000000000E+00 1.1199201102463E+01-2.5198202480543E+02
 0.0000000000000E+00-2.5198202480543E+02-1.6798801653695E+01 0.0000000000000E+00
 2.5198202480543E+02 1.6798801653695E+01 0.0000000000000E+00-2.5198202480543E+02
 1.6798801653695E+01 0.0000000000000E+00 2.5198202480543E+02-1.6798801653695E+01
 0.0000000000000E+00-1.6798801653695E+01-2.5198202480543E+02 0.0000000000000E+00
 1.6798801653695E+01 2.5198202480543E+02 0.0000000000000E+00-1.6798801653695E+01
 2.5198202480543E+02 0.0000000000000E+00 1.6798801653695E+01-2.5198202480543E+02
 0.0000000000000E+00-2.4638242425419E+02-5.5996005512317E+01 0.0000000000000E+00
 2.4638242425419E+02 5.5996005512317E+01 0.0000000000000E+00-2.4638242425419E+02
 5.5996005512317E+01 0.0000000000000E+00 2.4638242425419E+02-5.5996005512317E+01
 0.0000000000000E+00-5.5996005512317E+01-2.4638242425419E+02 0.0000000000000E+00
 5.5996005512317E+01 2.4638242425419E+02 0.0000000000000E+00-5.5996005512317E+01
 2.4638242425419E+02 0.0000000000000E+00 5.5996005512317E+01-2.4638242425419E+02
 0.0000000000000E+00-2.5198202480543E+02-2.2398402204927E+01 0.0000000000000E+00
 2.5198202480543E+02 2.2398402204927E+01 0.0000000000000E+00-2.5198202480543E+02
 2.2398402204927E+01 0.0000000000000E+00 2.5198202480543E+02-2.2398402204927E+01
 0.0000000000000E+00-2.2398402204927E+02-1.1759161157587E+02 0.0000000000000E+00
 2.2398402204927E+02 1.1759161157587E+02 0.0000000000000E+00-2.2398402204927E+02
 1.1759161157587E+02 0.0000000000000E+00 2.2398402204927E+02-1.1759161157587E+02
 0.0000000000000E+00-1.1759161157587E+02-2.2398402204927E+02 0.0000000000000E+00
 1.1759161157587E+02 2.2398402204927E+02 0.0000000000000E+00-1.1759161157587E+02
 2.2398402204927E+02 0.0000000000000E+00 1.1759161157587E+02-2.2398402204927E+02
 0.0000000000000E+00-2.2398402204927E+01-2.5198202480543E+02 0.0000000000000E+00
 2.2398402204927E+01 2.5198202480543E+02 0.0000000000000E+00-2.2398402204927E+01
 2.5198202480543E+02 0.0000000000000E+00 2.2398402204927E+01-2.5198202480543E+02
 0.0000000000000E+00-2.2958362260050E+02-1.0639241047340E+02 0.0000000000000E+00
 2.2958362260050E+02 1.0639241047340E+02 0.0000000000000E+00-2.2958362260050E+02
 1.0639241047340E+02 0.0000000000000E+00 2.2958362260050E+02-1.0639241047340E+02
 0.0000000000000E+00-1.0639241047340E+02-2.2958362260050E+02 0.0000000000000E+00
 1.0639241047340E+02 2.2958362260050E+02 0.0000000000000E+00-1.0639241047340E+02
 2.2958362260050E+02 0.0000000000000E+00 1.0639241047340E+02-2.2958362260050E+02
 0.0000000000000E+00-2.4078282370296E+02-7.8394407717244E+01 0.0000000000000E+00
 2.4078282370296E+02 7.8394407717244E+01 0.0000000000000E+00-2.4078282370296E+02
 7.8394407717244E+01 0.0000000000000E+00 2.4078282370296E+02-7.8394407717244E+01
 0.0000000000000E+00-2.0718522039557E+02-1.4558961433202E+02 0.0000000000000E+00
 2.0718522039557E+02 1.4558961433202E+02 0.0000000000000E+00-2.0718522039557E+02
 1.4558961433202E+02 0.0000000000000E+00 2.0718522039557E+02-1.4558961433202E+02
 0.0000000000000E+00-1.4558961433202E+02-2.0718522039557E+02 0.0000000000000E+00
 1.4558961433202E+02 2.0718522039557E+02 0.0000000000000E+00-1.4558961433202E+02
 2.0718522039557E+02 0.0000000000000E+00 1.4558961433202E+02-2.0718522039557E+02
 0.0000000000000E+00-7.8394407717244E+01-2.4078282370296E+02 0.0000000000000E+00
 7.8394407717244E+01 2.4078282370296E+02 0.0000000000000E+00-7.8394407717244E+01
 2.4078282370296E+02 0.0000000000000E+00 7.8394407717244E+01-2.4078282370296E+02
 0.0000000000000E+00-1.7918721763941E+02-1.7918721763941E+02 0.0000000000000E+00
 1.7918721763941E+02 1.7918721763941E+02 0.0000000000000E+00-1.7918721763941E+02
 1.7918721763941E+02 0.0000000000000E+00 1.7918721763941E+02-1.7918721763941E+02
 0.0000000000000E+00-2.5198202480543E+02-2.7998002756158E+01 0.0000000000000E+00
 2.5198202480543E+02 2.7998002756158E+01 0.0000000000000E+00-2.5198202480543E+02
 2.7998002756158E+01 0.0000000000000E+00 2.5198202480543E+02-2.7998002756158E+01
 0.0000000000000E+00-2.1838442149804E+02-1.2879081267833E+02 0.0000000000000E+00
 2.1838442149804E+02 1.2879081267833E+02 0.0000000000000E+00-2.1838442149804E+02
 1.2879081267833E+02 0.0000000000000E+00 2.1838442149804E+02-1.2879081267833E+02
 0.0000000000000E+00-1.8478681819065E+02-1.7358761708818E+02 0.0000000000000E+00
 1.8478681819065E+02 1.7358761708818E+02 0.0000000000000E+00-1.8478681819065E+02
 1.7358761708818E+02 0.0000000000000E+00 1.8478681819065E+02-1.7358761708818E+02
 0.0000000000000E+00-1.7358761708818E+02-1.8478681819065E+02 0.0000000000000E+00
 1.7358761708818E+02 1.8478681819065E+02 0.0000000000000E+00-1.7358761708818E+02
 1.8478681819065E+02 0.0000000000000E+00 1.7358761708818E+02-1.8478681819065E+02
 0.0000000000000E+00-1.2879081267833E+02-2.1838442149804E+02 0.0000000000000E+00
 1.2879081267833E+02 2.1838442149804E+02 0.0000000000000E+00-1.2879081267833E+02
 2.1838442149804E+02 0.0000000000000E+00 1.2879081267833E+02-2.1838442149804E+02
 0.0000000000000E+00-2.7998002756158E+01-2.5198202480543E+02 0.0000000000000E+00
 2.7998002756158E+01 2.5198202480543E+02 0.0000000000000E+00-2.7998002756158E+01
 2.5198202480543E+02 0.0000000000000E+00 2.7998002756158E+01-2.5198202480543E+02
 0.0000000000000E+00-2.3518322315173E+02-9.5193209370939E+01 0.0000000000000E+00
 2.3518322315173E+02 9.5193209370939E+01 0.0000000000000E+00-2.3518322315173E+02
 9.5193209370939E+01 0.0000000000000E+00 2.3518322315173E+02-9.5193209370939E+01
 0.0000000000000E+00-9.5193209370939E+01-2.3518322315173E+02 0.0000000000000E+00
 9.5193209370939E+01 2.3518322315173E+02 0.0000000000000E+00-9.5193209370939E+01
 2.3518322315173E+02 0.0000000000000E+00 9.5193209370939E+01-2.3518322315173E+02
 0.0000000000000E+00-1.9038641874188E+02-1.6798801653695E+02 0.0000000000000E+00
 1.9038641874188E+02 1.6798801653695E+02 0.0000000000000E+00-1.9038641874188E+02
 1.6798801653695E+02 0.0000000000000E+00 1.9038641874188E+02-1.6798801653695E+02
 0.0000000000000E+00-1.6798801653695E+02-1.9038641874188E+02 0.0000000000000E+00
 1.6798801653695E+02 1.9038641874188E+02 0.0000000000000E+00-1.6798801653695E+02
 1.9038641874188E+02 0.0000000000000E+00 1.6798801653695E+02-1.9038641874188E+02
 0.0000000000000E+00-2.4638242425419E+02-6.1595606063549E+01 0.0000000000000E+00
 2.4638242425419E+02 6.1595606063549E+01 0.0000000000000E+00-2.4638242425419E+02
 6.1595606063549E+01 0.0000000000000E+00 2.4638242425419E+02-6.1595606063549E+01
 0.0000000000000E+00-6.1595606063549E+01-2.4638242425419E+02 0.0000000000000E+00
 6.1595606063549E+01 2.4638242425419E+02 0.0000000000000E+00-6.1595606063549E+01
 2.4638242425419E+02 0.0000000000000E+00 6.1595606063549E+01-2.4638242425419E+02
 0.0000000000000E+00-2.5198202480543E+02-3.3597603307390E+01 0.0000000000000E+00
 2.5198202480543E+02 3.3597603307390E+01 0.0000000000000E+00-2.5198202480543E+02
 3.3597603307390E+01 0.0000000000000E+00 2.5198202480543E+02-3.3597603307390E+01
 0.0000000000000E+00-3.3597603307390E+01-2.5198202480543E+02 0.0000000000000E+00
 3.3597603307390E+01 2.5198202480543E+02 0.0000000000000E+00-3.3597603307390E+01
 2.5198202480543E+02 0.0000000000000E+00 3.3597603307390E+01-2.5198202480543E+02
 0.0000000000000E+00-1.9598601929311E+02-1.6238841598572E+02 0.0000000000000E+00
 1.9598601929311E+02 1.6238841598572E+02 0.0000000000000E+00-1.9598601929311E+02
 1.6238841598572E+02 0.0000000000000E+00 1.9598601929311E+02-1.6238841598572E+02
 0.0000000000000E+00-1.6238841598572E+02-1.9598601929311E+02 0.0000000000000E+00
 1.6238841598572E+02 1.9598601929311E+02 0.0000000000000E+00-1.6238841598572E+02
 1.9598601929311E+02 0.0000000000000E+00 1.6238841598572E+02-1.9598601929311E+02
 0.0000000000000E+00-2.1278482094680E+02-1.3999001378079E+02 0.0000000000000E+00
 2.1278482094680E+02 1.3999001378079E+02 0.0000000000000E+00-2.1278482094680E+02
 1.3999001378079E+02 0.0000000000000E+00 2.1278482094680E+02-1.3999001378079E+02
 0.0000000000000E+00-1.3999001378079E+02-2.1278482094680E+02 0.0000000000000E+00
 1.3999001378079E+02 2.1278482094680E+02 0.0000000000000E+00-1.3999001378079E+02
 2.1278482094680E+02 0.0000000000000E+00 1.3999001378079E+02-2.1278482094680E+02
 0.0000000000000E+00-2.5198202480543E+02-3.9197203858622E+01 0.0000000000000E+00
 2.5198202480543E+02 3.9197203858622E+01 0.0000000000000E+00-2.5198202480543E+02
 3.9197203858622E+01 0.0000000000000E+00 2.5198202480543E+02-3.9197203858622E+01
 0.0000000000000E+00-2.4078282370296E+02-8.3994008268475E+01 0.0000000000000E+00
 2.4078282370296E+02 8.3994008268475E+01 0.0000000000000E+00-2.4078282370296E+02
 8.3994008268475E+01 0.0000000000000E+00 2.4078282370296E+02-8.3994008268475E+01
 0.0000000000000E+00-8.3994008268475E+01-2.4078282370296E+02 0.0000000000000E+00
 8.3994008268475E+01 2.4078282370296E+02 0.0000000000000E+00-8.3994008268475E+01
 2.4078282370296E+02 0.0000000000000E+00 8.3994008268475E+01-2.4078282370296E+02
 0.0000000000000E+00-3.9197203858622E+01-2.5198202480543E+02 0.0000000000000E+00
 3.9197203858622E+01 2.5198202480543E+02 0.0000000000000E+00-3.9197203858622E+01
 2.5198202480543E+02 0.0000000000000E+00 3.9197203858622E+01-2.5198202480543E+02
 0.0000000000000E+00-2.4638242425419E+02-6.7195206614780E+01 0.0000000000000E+00
 2.4638242425419E+02 6.7195206614780E+01 0.0000000000000E+00-2.4638242425419E+02
 6.7195206614780E+01 0.0000000000000E+00 2.4638242425419E+02-6.7195206614780E+01
 0.0000000000000E+00-2.0158561984434E+02-1.5678881543449E+02 0.0000000000000E+00
 2.0158561984434E+02 1.5678881543449E+02 0.0000000000000E+00-2.0158561984434E+02
 1.5678881543449E+02 0.0000000000000E+00 2.0158561984434E+02-1.5678881543449E+02
 0.0000000000000E+00-1.5678881543449E+02-2.0158561984434E+02 0.0000000000000E+00
 1.5678881543449E+02 2.0158561984434E+02 0.0000000000000E+00-1.5678881543449E+02
 2.0158561984434E+02 0.0000000000000E+00 1.5678881543449E+02-2.0158561984434E+02
 0.0000000000000E+00-6.7195206614780E+01-2.4638242425419E+02 0.0000000000000E+00
 6.7195206614780E+01 2.4638242425419E+02 0.0000000000000E+00-6.7195206614780E+01
 2.4638242425419E+02 0.0000000000000E+00 6.7195206614780E+01-2.4638242425419E+02
 0.0000000000000E+00-2.2958362260050E+02-1.1199201102463E+02 0.0000000000000E+00
 2.2958362260050E+02 1.1199201102463E+02 0.0000000000000E+00-2.2958362260050E+02
 1.1199201102463E+02 0.0000000000000E+00 2.2958362260050E+02-1.1199201102463E+02
 0.0000000000000E+00-1.1199201102463E+02-2.2958362260050E+02 0.0000000000000E+00
 1.1199201102463E+02 2.2958362260050E+02 0.0000000000000E+00-1.1199201102463E+02
 2.2958362260050E+02 0.0000000000000E+00 1.1199201102463E+02-2.2958362260050E+02
 0.0000000000000E+00-2.2398402204927E+02-1.2319121212710E+02 0.0000000000000E+00
 2.2398402204927E+02 1.2319121212710E+02 0.0000000000000E+00-2.2398402204927E+02
 1.2319121212710E+02 0.0000000000000E+00 2.2398402204927E+02-1.2319121212710E+02
 0.0000000000000E+00-1.2319121212710E+02-2.2398402204927E+02 0.0000000000000E+00
 1.2319121212710E+02 2.2398402204927E+02 0.0000000000000E+00-1.2319121212710E+02
 2.2398402204927E+02 0.0000000000000E+00 1.2319121212710E+02-2.2398402204927E+02
 0.0000000000000E+00-2.3518322315173E+02-1.0079280992217E+02 0.0000000000000E+00
 2.3518322315173E+02 1.0079280992217E+02 0.0000000000000E+00-2.3518322315173E+02
 1.0079280992217E+02 0.0000000000000E+00 2.3518322315173E+02-1.0079280992217E+02
 0.0000000000000E+00-1.0079280992217E+02-2.3518322315173E+02 0.0000000000000E+00
 1.0079280992217E+02 2.3518322315173E+02 0.0000000000000E+00-1.0079280992217E+02
 2.3518322315173E+02 0.0000000000000E+00 1.0079280992217E+02-2.3518322315173E+02
 0.0000000000000E+00-2.5198202480543E+02-4.4796804409854E+01 0.0000000000000E+00
 2.5198202480543E+02 4.4796804409854E+01 0.0000000000000E+00-2.5198202480543E+02
 4.4796804409854E+01 0.0000000000000E+00 2.5198202480543E+02-4.4796804409854E+01
 0.0000000000000E+00-4.4796804409854E+01-2.5198202480543E+02 0.0000000000000E+00
 4.4796804409854E+01 2.5198202480543E+02 0.0000000000000E+00-4.4796804409854E+01
 2.5198202480543E+02 0.0000000000000E+00 4.4796804409854E+01-2.5198202480543E+02
 0.0000000000000E+00-2.1838442149804E+02-1.3439041322956E+02 0.0000000000000E+00
 2.1838442149804E+02 1.3439041322956E+02 0.0000000000000E+00-2.1838442149804E+02
 1.3439041322956E+02 0.0000000000000E+00 2.1838442149804E+02-1.3439041322956E+02
 0.0000000000000E+00-1.3439041322956E+02-2.1838442149804E+02 0.0000000000000E+00
 1.3439041322956E+02 2.1838442149804E+02 0.0000000000000E+00-1.3439041322956E+02
 2.1838442149804E+02 0.0000000000000E+00 1.3439041322956E+02-2.1838442149804E+02
 0.0000000000000E+00-2.0718522039557E+02-1.5118921488326E+02 0.0000000000000E+00
 2.0718522039557E+02 1.5118921488326E+02 0.0000000000000E+00-2.0718522039557E+02
 1.5118921488326E+02 0.0000000000000E+00 2.0718522039557E+02-1.5118921488326E+02
 0.0000000000000E+00-1.5118921488326E+02-2.0718522039557E+02 0.0000000000000E+00
 1.5118921488326E+02 2.0718522039557E+02 0.0000000000000E+00-1.5118921488326E+02
 2.0718522039557E+02 0.0000000000000E+00 1.5118921488326E+02-2.0718522039557E+02
 0.0000000000000E+00-2.4638242425419E+02-7.2794807166012E+01 0.0000000000000E+00
 2.4638242425419E+02 7.2794807166012E+01 0.0000000000000E+00-2.4638242425419E+02
 7.2794807166012E+01 0.0000000000000E+00 2.4638242425419E+02-7.2794807166012E+01
 0.0000000000000E+00-2.4078282370296E+02-8.9593608819707E+01 0.0000000000000E+00
 2.4078282370296E+02 8.9593608819707E+01 0.0000000000000E+00-2.4078282370296E+02
 8.9593608819707E+01 0.0000000000000E+00 2.4078282370296E+02-8.9593608819707E+01
 0.0000000000000E+00-8.9593608819707E+01-2.4078282370296E+02 0.0000000000000E+00
 8.9593608819707E+01 2.4078282370296E+02 0.0000000000000E+00-8.9593608819707E+01
 2.4078282370296E+02 0.0000000000000E+00 8.9593608819707E+01-2.4078282370296E+02
 0.0000000000000E+00-7.2794807166012E+01-2.4638242425419E+02 0.0000000000000E+00
 7.2794807166012E+01 2.4638242425419E+02 0.0000000000000E+00-7.2794807166012E+01
 2.4638242425419E+02 0.0000000000000E+00 7.2794807166012E+01-2.4638242425419E+02
 0.0000000000000E+00-2.5198202480543E+02-5.0396404961085E+01 0.0000000000000E+00
 2.5198202480543E+02 5.0396404961085E+01 0.0000000000000E+00-2.5198202480543E+02
 5.0396404961085E+01 0.0000000000000E+00 2.5198202480543E+02-5.0396404961085E+01
 0.0000000000000E+00-5.0396404961085E+01-2.5198202480543E+02 0.0000000000000E+00
 5.0396404961085E+01 2.5198202480543E+02 0.0000000000000E+00-5.0396404961085E+01
 2.5198202480543E+02 0.0000000000000E+00 5.0396404961085E+01-2.5198202480543E+02
 0.0000000000000E+00-1.8478681819065E+02-1.7918721763941E+02 0.0000000000000E+00
 1.8478681819065E+02 1.7918721763941E+02 0.0000000000000E+00-1.8478681819065E+02
 1.7918721763941E+02 0.0000000000000E+00 1.8478681819065E+02-1.7918721763941E+02
 0.0000000000000E+00-1.7918721763941E+02-1.8478681819065E+02 0.0000000000000E+00
 1.7918721763941E+02 1.8478681819065E+02 0.0000000000000E+00-1.7918721763941E+02
 1.8478681819065E+02 0.0000000000000E+00 1.7918721763941E+02-1.8478681819065E+02
 0.0000000000000E+00-2.5758162535666E+02 0.0000000000000E+00 0.0000000000000E+00
 2.5758162535666E+02 0.0000000000000E+00 0.0000000000000E+00 0.0000000000000E+00
-2.5758162535666E+02 0.0000000000000E+00 0.0000000000000E+00 2.5758162535666E+02
 0.0000000000000E+00-2.5758162535666E+02-5.5996005512317E+00 0.0000000000000E+00
 2.5758162535666E+02 5.5996005512317E+00 0.0000000000000E+00-2.5758162535666E+02
 5.5996005512317E+00 0.0000000000000E+00 2.5758162535666E+02-5.5996005512317E+00
 0.0000000000000E+00-1.9038641874188E+02-1.7358761708818E+02 0.0000000000000E+00
 1.9038641874188E+02 1.7358761708818E+02 0.0000000000000E+00-1.9038641874188E+02
 1.7358761708818E+02 0.0000000000000E+00 1.9038641874188E+02-1.7358761708818E+02
 0.0000000000000E+00-1.7358761708818E+02-1.9038641874188E+02 0.0000000000000E+00
 1.7358761708818E+02 1.9038641874188E+02 0.0000000000000E+00-1.7358761708818E+02
 1.9038641874188E+02 0.0000000000000E+00 1.7358761708818E+02-1.9038641874188E+02
 0.0000000000000E+00-5.5996005512317E+00-2.5758162535666E+02 0.0000000000000E+00
 5.5996005512317E+00 2.5758162535666E+02 0.0000000000000E+00-5.5996005512317E+00
 2.5758162535666E+02 0.0000000000000E+00 5.5996005512317E+00-2.5758162535666E+02
 0.0000000000000E+00-2.5758162535666E+02-1.1199201102463E+01 0.0000000000000E+00
 2.5758162535666E+02 1.1199201102463E+01 0.0000000000000E+00-2.5758162535666E+02
 1.1199201102463E+01 0.0000000000000E+00 2.5758162535666E+02-1.1199201102463E+01
 0.0000000000000E+00-2.1278482094680E+02-1.4558961433202E+02 0.0000000000000E+00
 2.1278482094680E+02 1.4558961433202E+02 0.0000000000000E+00-2.1278482094680E+02
 1.4558961433202E+02 0.0000000000000E+00 2.1278482094680E+02-1.4558961433202E+02
 0.0000000000000E+00-1.4558961433202E+02-2.1278482094680E+02 0.0000000000000E+00
 1.4558961433202E+02 2.1278482094680E+02 0.0000000000000E+00-1.4558961433202E+02
 2.1278482094680E+02 0.0000000000000E+00 1.4558961433202E+02-2.1278482094680E+02
 0.0000000000000E+00-1.1199201102463E+01-2.5758162535666E+02 0.0000000000000E+00
 1.1199201102463E+01 2.5758162535666E+02 0.0000000000000E+00-1.1199201102463E+01
 2.5758162535666E+02 0.0000000000000E+00 1.1199201102463E+01-2.5758162535666E+02
 0.0000000000000E+00-2.2958362260050E+02-1.1759161157587E+02 0.0000000000000E+00
 2.2958362260050E+02 1.1759161157587E+02 0.0000000000000E+00-2.2958362260050E+02
 1.1759161157587E+02 0.0000000000000E+00 2.2958362260050E+02-1.1759161157587E+02
 0.0000000000000E+00-1.1759161157587E+02-2.2958362260050E+02 0.0000000000000E+00
 1.1759161157587E+02 2.2958362260050E+02 0.0000000000000E+00-1.1759161157587E+02
 2.2958362260050E+02 0.0000000000000E+00 1.1759161157587E+02-2.2958362260050E+02
 0.0000000000000E+00-2.5758162535666E+02-1.6798801653695E+01 0.0000000000000E+00
 2.5758162535666E+02 1.6798801653695E+01 0.0000000000000E+00-2.5758162535666E+02
 1.6798801653695E+01 0.0000000000000E+00 2.5758162535666E+02-1.6798801653695E+01
 0.0000000000000E+00-2.5198202480543E+02-5.5996005512317E+01 0.0000000000000E+00
 2.5198202480543E+02 5.5996005512317E+01 0.0000000000000E+00-2.5198202480543E+02
 5.5996005512317E+01 0.0000000000000E+00 2.5198202480543E+02-5.5996005512317E+01
 0.0000000000000E+00-2.3518322315173E+02-1.0639241047340E+02 0.0000000000000E+00
 2.3518322315173E+02 1.0639241047340E+02 0.0000000000000E+00-2.3518322315173E+02
 1.0639241047340E+02 0.0000000000000E+00 2.3518322315173E+02-1.0639241047340E+02
 0.0000000000000E+00-1.9598601929311E+02-1.6798801653695E+02 0.0000000000000E+00
 1.9598601929311E+02 1.6798801653695E+02 0.0000000000000E+00-1.9598601929311E+02
 1.6798801653695E+02 0.0000000000000E+00 1.9598601929311E+02-1.6798801653695E+02
 0.0000000000000E+00-1.6798801653695E+02-1.9598601929311E+02 0.0000000000000E+00
 1.6798801653695E+02 1.9598601929311E+02 0.0000000000000E+00-1.6798801653695E+02
 1.9598601929311E+02 0.0000000000000E+00 1.6798801653695E+02-1.9598601929311E+02
 0.0000000000000E+00-1.0639241047340E+02-2.3518322315173E+02 0.0000000000000E+00
 1.0639241047340E+02 2.3518322315173E+02 0.0000000000000E+00-1.0639241047340E+02
 2.3518322315173E+02 0.0000000000000E+00 1.0639241047340E+02-2.3518322315173E+02
 0.0000000000000E+00-5.5996005512317E+01-2.5198202480543E+02 0.0000000000000E+00
 5.5996005512317E+01 2.5198202480543E+02 0.0000000000000E+00-5.5996005512317E+01
 2.5198202480543E+02 0.0000000000000E+00 5.5996005512317E+01-2.5198202480543E+02
 0.0000000000000E+00-1.6798801653695E+01-2.5758162535666E+02 0.0000000000000E+00
 1.6798801653695E+01 2.5758162535666E+02 0.0000000000000E+00-1.6798801653695E+01
 2.5758162535666E+02 0.0000000000000E+00 1.6798801653695E+01-2.5758162535666E+02
 0.0000000000000E+00-2.2398402204927E+02-1.2879081267833E+02 0.0000000000000E+00
 2.2398402204927E+02 1.2879081267833E+02 0.0000000000000E+00-2.2398402204927E+02
 1.2879081267833E+02 0.0000000000000E+00 2.2398402204927E+02-1.2879081267833E+02
 0.0000000000000E+00-1.2879081267833E+02-2.2398402204927E+02 0.0000000000000E+00
 1.2879081267833E+02 2.2398402204927E+02 0.0000000000000E+00-1.2879081267833E+02
 2.2398402204927E+02 0.0000000000000E+00 1.2879081267833E+02-2.2398402204927E+02
 0.0000000000000E+00-2.5758162535666E+02-2.2398402204927E+01 0.0000000000000E+00
 2.5758162535666E+02 2.2398402204927E+01 0.0000000000000E+00-2.5758162535666E+02
 2.2398402204927E+01 0.0000000000000E+00 2.5758162535666E+02-2.2398402204927E+01
 0.0000000000000E+00-2.4638242425419E+02-7.8394407717244E+01 0.0000000000000E+00
 2.4638242425419E+02 7.8394407717244E+01 0.0000000000000E+00-2.4638242425419E+02
 7.8394407717244E+01 0.0000000000000E+00 2.4638242425419E+02-7.8394407717244E+01
 0.0000000000000E+00-7.8394407717244E+01-2.4638242425419E+02 0.0000000000000E+00
 7.8394407717244E+01 2.4638242425419E+02 0.0000000000000E+00-7.8394407717244E+01
 2.4638242425419E+02 0.0000000000000E+00 7.8394407717244E+01-2.4638242425419E+02
 0.0000000000000E+00-2.2398402204927E+01-2.5758162535666E+02 0.0000000000000E+00
 2.2398402204927E+01 2.5758162535666E+02 0.0000000000000E+00-2.2398402204927E+01
 2.5758162535666E+02 0.0000000000000E+00 2.2398402204927E+01-2.5758162535666E+02
 0.0000000000000E+00-2.0158561984434E+02-1.6238841598572E+02 0.0000000000000E+00
 2.0158561984434E+02 1.6238841598572E+02 0.0000000000000E+00-2.0158561984434E+02
 1.6238841598572E+02 0.0000000000000E+00 2.0158561984434E+02-1.6238841598572E+02
 0.0000000000000E+00-1.6238841598572E+02-2.0158561984434E+02 0.0000000000000E+00
 1.6238841598572E+02 2.0158561984434E+02 0.0000000000000E+00-1.6238841598572E+02
 2.0158561984434E+02 0.0000000000000E+00 1.6238841598572E+02-2.0158561984434E+02
 0.0000000000000E+00-2.4078282370296E+02-9.5193209370939E+01 0.0000000000000E+00
 2.4078282370296E+02 9.5193209370939E+01 0.0000000000000E+00-2.4078282370296E+02
 9.5193209370939E+01 0.0000000000000E+00 2.4078282370296E+02-9.5193209370939E+01
 0.0000000000000E+00-9.5193209370939E+01-2.4078282370296E+02 0.0000000000000E+00
 9.5193209370939E+01 2.4078282370296E+02 0.0000000000000E+00-9.5193209370939E+01
 2.4078282370296E+02 0.0000000000000E+00 9.5193209370939E+01-2.4078282370296E+02
 0.0000000000000E+00-2.5758162535666E+02-2.7998002756158E+01 0.0000000000000E+00
 2.5758162535666E+02 2.7998002756158E+01 0.0000000000000E+00-2.5758162535666E+02
 2.7998002756158E+01 0.0000000000000E+00 2.5758162535666E+02-2.7998002756158E+01
 0.0000000000000E+00-2.7998002756158E+01-2.5758162535666E+02 0.0000000000000E+00
 2.7998002756158E+01 2.5758162535666E+02 0.0000000000000E+00-2.7998002756158E+01
 2.5758162535666E+02 0.0000000000000E+00 2.7998002756158E+01-2.5758162535666E+02
 0.0000000000000E+00-2.5198202480543E+02-6.1595606063549E+01 0.0000000000000E+00
 2.5198202480543E+02 6.1595606063549E+01 0.0000000000000E+00-2.5198202480543E+02
 6.1595606063549E+01 0.0000000000000E+00 2.5198202480543E+02-6.1595606063549E+01
 0.0000000000000E+00-2.1838442149804E+02-1.3999001378079E+02 0.0000000000000E+00
 2.1838442149804E+02 1.3999001378079E+02 0.0000000000000E+00-2.1838442149804E+02
 1.3999001378079E+02 0.0000000000000E+00 2.1838442149804E+02-1.3999001378079E+02
 0.0000000000000E+00-1.3999001378079E+02-2.1838442149804E+02 0.0000000000000E+00
 1.3999001378079E+02 2.1838442149804E+02 0.0000000000000E+00-1.3999001378079E+02
 2.1838442149804E+02 0.0000000000000E+00 1.3999001378079E+02-2.1838442149804E+02
 0.0000000000000E+00-6.1595606063549E+01-2.5198202480543E+02 0.0000000000000E+00
 6.1595606063549E+01 2.5198202480543E+02 0.0000000000000E+00-6.1595606063549E+01
 2.5198202480543E+02 0.0000000000000E+00 6.1595606063549E+01-2.5198202480543E+02
 0.0000000000000E+00-2.5758162535666E+02-3.3597603307390E+01 0.0000000000000E+00
 2.5758162535666E+02 3.3597603307390E+01 0.0000000000000E+00-2.5758162535666E+02
 3.3597603307390E+01 0.0000000000000E+00 2.5758162535666E+02-3.3597603307390E+01
 0.0000000000000E+00-3.3597603307390E+01-2.5758162535666E+02 0.0000000000000E+00
 3.3597603307390E+01 2.5758162535666E+02 0.0000000000000E+00-3.3597603307390E+01
 2.5758162535666E+02 0.0000000000000E+00 3.3597603307390E+01-2.5758162535666E+02
 0.0000000000000E+00-2.0718522039557E+02-1.5678881543449E+02 0.0000000000000E+00
 2.0718522039557E+02 1.5678881543449E+02 0.0000000000000E+00-2.0718522039557E+02
 1.5678881543449E+02 0.0000000000000E+00 2.0718522039557E+02-1.5678881543449E+02
 0.0000000000000E+00-1.5678881543449E+02-2.0718522039557E+02 0.0000000000000E+00
 1.5678881543449E+02 2.0718522039557E+02 0.0000000000000E+00-1.5678881543449E+02
 2.0718522039557E+02 0.0000000000000E+00 1.5678881543449E+02-2.0718522039557E+02
 0.0000000000000E+00-2.4638242425419E+02-8.3994008268475E+01 0.0000000000000E+00
 2.4638242425419E+02 8.3994008268475E+01 0.0000000000000E+00-2.4638242425419E+02
 8.3994008268475E+01 0.0000000000000E+00 2.4638242425419E+02-8.3994008268475E+01
 0.0000000000000E+00-8.3994008268475E+01-2.4638242425419E+02 0.0000000000000E+00
 8.3994008268475E+01 2.4638242425419E+02 0.0000000000000E+00-8.3994008268475E+01
 2.4638242425419E+02 0.0000000000000E+00 8.3994008268475E+01-2.4638242425419E+02
 0.0000000000000E+00-2.3518322315173E+02-1.1199201102463E+02 0.0000000000000E+00
 2.3518322315173E+02 1.1199201102463E+02 0.0000000000000E+00-2.3518322315173E+02
 1.1199201102463E+02 0.0000000000000E+00 2.3518322315173E+02-1.1199201102463E+02
 0.0000000000000E+00-1.1199201102463E+02-2.3518322315173E+02 0.0000000000000E+00
 1.1199201102463E+02 2.3518322315173E+02 0.0000000000000E+00-1.1199201102463E+02
 2.3518322315173E+02 0.0000000000000E+00 1.1199201102463E+02-2.3518322315173E+02
 0.0000000000000E+00-2.5758162535666E+02-3.9197203858622E+01 0.0000000000000E+00
 2.5758162535666E+02 3.9197203858622E+01 0.0000000000000E+00-2.5758162535666E+02
 3.9197203858622E+01 0.0000000000000E+00 2.5758162535666E+02-3.9197203858622E+01
 0.0000000000000E+00-2.2958362260050E+02-1.2319121212710E+02 0.0000000000000E+00
 2.2958362260050E+02 1.2319121212710E+02 0.0000000000000E+00-2.2958362260050E+02
 1.2319121212710E+02 0.0000000000000E+00 2.2958362260050E+02-1.2319121212710E+02
 0.0000000000000E+00-1.2319121212710E+02-2.2958362260050E+02 0.0000000000000E+00
 1.2319121212710E+02 2.2958362260050E+02 0.0000000000000E+00-1.2319121212710E+02
 2.2958362260050E+02 0.0000000000000E+00 1.2319121212710E+02-2.2958362260050E+02
 0.0000000000000E+00-3.9197203858622E+01-2.5758162535666E+02 0.0000000000000E+00
 3.9197203858622E+01 2.5758162535666E+02 0.0000000000000E+00-3.9197203858622E+01
 2.5758162535666E+02 0.0000000000000E+00 3.9197203858622E+01-2.5758162535666E+02
 0.0000000000000E+00-2.5198202480543E+02-6.7195206614780E+01 0.0000000000000E+00
 2.5198202480543E+02 6.7195206614780E+01 0.0000000000000E+00-2.5198202480543E+02
 6.7195206614780E+01 0.0000000000000E+00 2.5198202480543E+02-6.7195206614780E+01
 0.0000000000000E+00-6.7195206614780E+01-2.5198202480543E+02 0.0000000000000E+00
 6.7195206614780E+01 2.5198202480543E+02 0.0000000000000E+00-6.7195206614780E+01
 2.5198202480543E+02 0.0000000000000E+00 6.7195206614780E+01-2.5198202480543E+02
 0.0000000000000E+00-2.4078282370296E+02-1.0079280992217E+02 0.0000000000000E+00
 2.4078282370296E+02 1.0079280992217E+02 0.0000000000000E+00-2.4078282370296E+02
 1.0079280992217E+02 0.0000000000000E+00 2.4078282370296E+02-1.0079280992217E+02
 0.0000000000000E+00-2.1278482094680E+02-1.5118921488326E+02 0.0000000000000E+00
 2.1278482094680E+02 1.5118921488326E+02 0.0000000000000E+00-2.1278482094680E+02
 1.5118921488326E+02 0.0000000000000E+00 2.1278482094680E+02-1.5118921488326E+02
 0.0000000000000E+00-1.5118921488326E+02-2.1278482094680E+02 0.0000000000000E+00
 1.5118921488326E+02 2.1278482094680E+02 0.0000000000000E+00-1.5118921488326E+02
 2.1278482094680E+02 0.0000000000000E+00 1.5118921488326E+02-2.1278482094680E+02
 0.0000000000000E+00-1.0079280992217E+02-2.4078282370296E+02 0.0000000000000E+00
 1.0079280992217E+02 2.4078282370296E+02 0.0000000000000E+00-1.0079280992217E+02
 2.4078282370296E+02 0.0000000000000E+00 1.0079280992217E+02-2.4078282370296E+02
 0.0000000000000E+00-2.2398402204927E+02-1.3439041322956E+02 0.0000000000000E+00
 2.2398402204927E+02 1.3439041322956E+02 0.0000000000000E+00-2.2398402204927E+02
 1.3439041322956E+02 0.0000000000000E+00 2.2398402204927E+02-1.3439041322956E+02
 0.0000000000000E+00-1.3439041322956E+02-2.2398402204927E+02 0.0000000000000E+00
 1.3439041322956E+02 2.2398402204927E+02 0.0000000000000E+00-1.3439041322956E+02
 2.2398402204927E+02 0.0000000000000E+00 1.3439041322956E+02-2.2398402204927E+02
 0.0000000000000E+00-1.8478681819065E+02-1.8478681819065E+02 0.0000000000000E+00
 1.8478681819065E+02 1.8478681819065E+02 0.0000000000000E+00-1.8478681819065E+02
 1.8478681819065E+02 0.0000000000000E+00 1.8478681819065E+02-1.8478681819065E+02
 0.0000000000000E+00-2.5758162535666E+02-4.4796804409854E+01 0.0000000000000E+00
 2.5758162535666E+02 4.4796804409854E+01 0.0000000000000E+00-2.5758162535666E+02
 4.4796804409854E+01 0.0000000000000E+00 2.5758162535666E+02-4.4796804409854E+01
 0.0000000000000E+00-1.9038641874188E+02-1.7918721763941E+02 0.0000000000000E+00
 1.9038641874188E+02 1.7918721763941E+02 0.0000000000000E+00-1.9038641874188E+02
 1.7918721763941E+02 0.0000000000000E+00 1.9038641874188E+02-1.7918721763941E+02
 0.0000000000000E+00-1.7918721763941E+02-1.9038641874188E+02 0.0000000000000E+00
 1.7918721763941E+02 1.9038641874188E+02 0.0000000000000E+00-1.7918721763941E+02
 1.9038641874188E+02 0.0000000000000E+00 1.7918721763941E+02-1.9038641874188E+02
 0.0000000000000E+00-4.4796804409854E+01-2.5758162535666E+02 0.0000000000000E+00
 4.4796804409854E+01 2.5758162535666E+02 0.0000000000000E+00-4.4796804409854E+01
 2.5758162535666E+02 0.0000000000000E+00 4.4796804409854E+01-2.5758162535666E+02
 0.0000000000000E+00-1.9598601929311E+02-1.7358761708818E+02 0.0000000000000E+00
 1.9598601929311E+02 1.7358761708818E+02 0.0000000000000E+00-1.9598601929311E+02
 1.7358761708818E+02 0.0000000000000E+00 1.9598601929311E+02-1.7358761708818E+02
 0.0000000000000E+00-1.7358761708818E+02-1.9598601929311E+02 0.0000000000000E+00
 1.7358761708818E+02 1.9598601929311E+02 0.0000000000000E+00-1.7358761708818E+02
 1.9598601929311E+02 0.0000000000000E+00 1.7358761708818E+02-1.9598601929311E+02
 0.0000000000000E+00-2.4638242425419E+02-8.9593608819707E+01 0.0000000000000E+00
 2.4638242425419E+02 8.9593608819707E+01 0.0000000000000E+00-2.4638242425419E+02
 8.9593608819707E+01 0.0000000000000E+00 2.4638242425419E+02-8.9593608819707E+01
 0.0000000000000E+00-8.9593608819707E+01-2.4638242425419E+02 0.0000000000000E+00
 8.9593608819707E+01 2.4638242425419E+02 0.0000000000000E+00-8.9593608819707E+01
 2.4638242425419E+02 0.0000000000000E+00 8.9593608819707E+01-2.4638242425419E+02
 0.0000000000000E+00-2.5198202480543E+02-7.2794807166012E+01 0.0000000000000E+00
 2.5198202480543E+02 7.2794807166012E+01 0.0000000000000E+00-2.5198202480543E+02
 7.2794807166012E+01 0.0000000000000E+00 2.5198202480543E+02-7.2794807166012E+01
 0.0000000000000E+00-7.2794807166012E+01-2.5198202480543E+02 0.0000000000000E+00
 7.2794807166012E+01 2.5198202480543E+02 0.0000000000000E+00-7.2794807166012E+01
 2.5198202480543E+02 0.0000000000000E+00 7.2794807166012E+01-2.5198202480543E+02
 0.0000000000000E+00-2.0158561984434E+02-1.6798801653695E+02 0.0000000000000E+00
 2.0158561984434E+02 1.6798801653695E+02 0.0000000000000E+00-2.0158561984434E+02
 1.6798801653695E+02 0.0000000000000E+00 2.0158561984434E+02-1.6798801653695E+02
 0.0000000000000E+00-1.6798801653695E+02-2.0158561984434E+02 0.0000000000000E+00
 1.6798801653695E+02 2.0158561984434E+02 0.0000000000000E+00-1.6798801653695E+02
 2.0158561984434E+02 0.0000000000000E+00 1.6798801653695E+02-2.0158561984434E+02
 0.0000000000000E+00-2.5758162535666E+02-5.0396404961085E+01 0.0000000000000E+00
 2.5758162535666E+02 5.0396404961085E+01 0.0000000000000E+00-2.5758162535666E+02
 5.0396404961085E+01 0.0000000000000E+00 2.5758162535666E+02-5.0396404961085E+01
 0.0000000000000E+00-2.1838442149804E+02-1.4558961433202E+02 0.0000000000000E+00
 2.1838442149804E+02 1.4558961433202E+02 0.0000000000000E+00-2.1838442149804E+02
 1.4558961433202E+02 0.0000000000000E+00 2.1838442149804E+02-1.4558961433202E+02
 0.0000000000000E+00-1.4558961433202E+02-2.1838442149804E+02 0.0000000000000E+00
 1.4558961433202E+02 2.1838442149804E+02 0.0000000000000E+00-1.4558961433202E+02
 2.1838442149804E+02 0.0000000000000E+00 1.4558961433202E+02-2.1838442149804E+02
 0.0000000000000E+00-5.0396404961085E+01-2.5758162535666E+02 0.0000000000000E+00
 5.0396404961085E+01 2.5758162535666E+02 0.0000000000000E+00-5.0396404961085E+01
 2.5758162535666E+02 0.0000000000000E+00 5.0396404961085E+01-2.5758162535666E+02
 0.0000000000000E+00-2.3518322315173E+02-1.1759161157587E+02 0.0000000000000E+00
 2.3518322315173E+02 1.1759161157587E+02 0.0000000000000E+00-2.3518322315173E+02
 1.1759161157587E+02 0.0000000000000E+00 2.3518322315173E+02-1.1759161157587E+02
 0.0000000000000E+00-1.1759161157587E+02-2.3518322315173E+02 0.0000000000000E+00
 1.1759161157587E+02 2.3518322315173E+02 0.0000000000000E+00-1.1759161157587E+02
 2.3518322315173E+02 0.0000000000000E+00 1.1759161157587E+02-2.3518322315173E+02
 0.0000000000000E+00-2.6318122590789E+02 0.0000000000000E+00 0.0000000000000E+00
 2.6318122590789E+02 0.0000000000000E+00 0.0000000000000E+00 0.0000000000000E+00
-2.6318122590789E+02 0.0000000000000E+00 0.0000000000000E+00 2.6318122590789E+02
 0.0000000000000E+00-2.6318122590789E+02-5.5996005512317E+00 0.0000000000000E+00
 2.6318122590789E+02 5.5996005512317E+00 0.0000000000000E+00-2.6318122590789E+02
 5.5996005512317E+00 0.0000000000000E+00 2.6318122590789E+02-5.5996005512317E+00
 0.0000000000000E+00-2.4078282370296E+02-1.0639241047340E+02 0.0000000000000E+00
 2.4078282370296E+02 1.0639241047340E+02 0.0000000000000E+00-2.4078282370296E+02
 1.0639241047340E+02 0.0000000000000E+00 2.4078282370296E+02-1.0639241047340E+02
 0.0000000000000E+00-2.2958362260050E+02-1.2879081267833E+02 0.0000000000000E+00
 2.2958362260050E+02 1.2879081267833E+02 0.0000000000000E+00-2.2958362260050E+02
 1.2879081267833E+02 0.0000000000000E+00 2.2958362260050E+02-1.2879081267833E+02
 0.0000000000000E+00-2.0718522039557E+02-1.6238841598572E+02 0.0000000000000E+00
 2.0718522039557E+02 1.6238841598572E+02 0.0000000000000E+00-2.0718522039557E+02
 1.6238841598572E+02 0.0000000000000E+00 2.0718522039557E+02-1.6238841598572E+02
 0.0000000000000E+00-1.6238841598572E+02-2.0718522039557E+02 0.0000000000000E+00
 1.6238841598572E+02 2.0718522039557E+02 0.0000000000000E+00-1.6238841598572E+02
 2.0718522039557E+02 0.0000000000000E+00 1.6238841598572E+02-2.0718522039557E+02
 0.0000000000000E+00-1.2879081267833E+02-2.2958362260050E+02 0.0000000000000E+00
 1.2879081267833E+02 2.2958362260050E+02 0.0000000000000E+00-1.2879081267833E+02
 2.2958362260050E+02 0.0000000000000E+00 1.2879081267833E+02-2.2958362260050E+02
 0.0000000000000E+00-1.0639241047340E+02-2.4078282370296E+02 0.0000000000000E+00
 1.0639241047340E+02 2.4078282370296E+02 0.0000000000000E+00-1.0639241047340E+02
 2.4078282370296E+02 0.0000000000000E+00 1.0639241047340E+02-2.4078282370296E+02
 0.0000000000000E+00-5.5996005512317E+00-2.6318122590789E+02 0.0000000000000E+00
 5.5996005512317E+00 2.6318122590789E+02 0.0000000000000E+00-5.5996005512317E+00
 2.6318122590789E+02 0.0000000000000E+00 5.5996005512317E+00-2.6318122590789E+02
 0.0000000000000E+00-2.6318122590789E+02-1.1199201102463E+01 0.0000000000000E+00
 2.6318122590789E+02 1.1199201102463E+01 0.0000000000000E+00-2.6318122590789E+02
 1.1199201102463E+01 0.0000000000000E+00 2.6318122590789E+02-1.1199201102463E+01
 0.0000000000000E+00-1.1199201102463E+01-2.6318122590789E+02 0.0000000000000E+00
 1.1199201102463E+01 2.6318122590789E+02 0.0000000000000E+00-1.1199201102463E+01
 2.6318122590789E+02 0.0000000000000E+00 1.1199201102463E+01-2.6318122590789E+02
 0.0000000000000E+00-2.5758162535666E+02-5.5996005512317E+01 0.0000000000000E+00
 2.5758162535666E+02 5.5996005512317E+01 0.0000000000000E+00-2.5758162535666E+02
 5.5996005512317E+01 0.0000000000000E+00 2.5758162535666E+02-5.5996005512317E+01
 0.0000000000000E+00-5.5996005512317E+01-2.5758162535666E+02 0.0000000000000E+00
 5.5996005512317E+01 2.5758162535666E+02 0.0000000000000E+00-5.5996005512317E+01
 2.5758162535666E+02 0.0000000000000E+00 5.5996005512317E+01-2.5758162535666E+02
 0.0000000000000E+00-2.6318122590789E+02-1.6798801653695E+01 0.0000000000000E+00
 2.6318122590789E+02 1.6798801653695E+01 0.0000000000000E+00-2.6318122590789E+02
 1.6798801653695E+01 0.0000000000000E+00 2.6318122590789E+02-1.6798801653695E+01
 0.0000000000000E+00-1.6798801653695E+01-2.6318122590789E+02 0.0000000000000E+00
 1.6798801653695E+01 2.6318122590789E+02 0.0000000000000E+00-1.6798801653695E+01
 2.6318122590789E+02 0.0000000000000E+00 1.6798801653695E+01-2.6318122590789E+02
 0.0000000000000E+00-2.5198202480543E+02-7.8394407717244E+01 0.0000000000000E+00
 2.5198202480543E+02 7.8394407717244E+01 0.0000000000000E+00-2.5198202480543E+02
 7.8394407717244E+01 0.0000000000000E+00 2.5198202480543E+02-7.8394407717244E+01
 0.0000000000000E+00-7.8394407717244E+01-2.5198202480543E+02 0.0000000000000E+00
 7.8394407717244E+01 2.5198202480543E+02 0.0000000000000E+00-7.8394407717244E+01
 2.5198202480543E+02 0.0000000000000E+00 7.8394407717244E+01-2.5198202480543E+02
 0.0000000000000E+00-2.6318122590789E+02-2.2398402204927E+01 0.0000000000000E+00
 2.6318122590789E+02 2.2398402204927E+01 0.0000000000000E+00-2.6318122590789E+02
 2.2398402204927E+01 0.0000000000000E+00 2.6318122590789E+02-2.2398402204927E+01
 0.0000000000000E+00-2.4638242425419E+02-9.5193209370939E+01 0.0000000000000E+00
 2.4638242425419E+02 9.5193209370939E+01 0.0000000000000E+00-2.4638242425419E+02
 9.5193209370939E+01 0.0000000000000E+00 2.4638242425419E+02-9.5193209370939E+01
 0.0000000000000E+00-2.2398402204927E+02-1.3999001378079E+02 0.0000000000000E+00
 2.2398402204927E+02 1.3999001378079E+02 0.0000000000000E+00-2.2398402204927E+02
 1.3999001378079E+02 0.0000000000000E+00 2.2398402204927E+02-1.3999001378079E+02
 0.0000000000000E+00-1.3999001378079E+02-2.2398402204927E+02 0.0000000000000E+00
 1.3999001378079E+02 2.2398402204927E+02 0.0000000000000E+00
  1.0035478359921E+01  9.9567434957335E+00  1.0028068273679E+01  9.9874880150121E+00
  1.0035478359921E+01  9.9567434957335E+00
 -4.8922924543055E+01 -1.2070995011178E+01  3.0475825065921E-19  3.6299958777950E-20
 -1.6032290147487E-03 -6.4230280238573E+00 -1.5481436268549E-17 -1.0009768341526E-17
 -7.8357539852693E-03 -3.5871646484728E-17 -2.1807338996280E+00 -2.3197054780845E-18
 -1.4459674094104E-19 -2.6402426545072E-17 -1.9013637821134E-18 -2.1807338996280E+00
 -1.3807818820604E-19 -7.8357539852691E-03 -2.2984190423922E-19 -1.5132906262457E-19
 -2.1830841619628E+00 -3.1455307496838E-05 -1.0047367391072E-04  4.1159708728275E-20
 -8.1062951708255E-08  1.0047367391072E-04  2.9542967835488E-04 -1.3518753538654E-21
 -2.3929148782204E-07 -6.1821989807890E-20 -3.1022300127518E-20 -1.8886612005860E-05
 -3.5944896806716E-21 -8.1062951708211E-08  2.3929148782206E-07  2.0508616590691E-23
 -1.9177194117278E-05 -6.3380550536128E+00  2.7380636962543E-19  5.0477589264505E-19
 -2.4854957792671E-04 -2.3634823750956E-05  2.1706271894340E-04 -9.2405612040736E-20
  6.2667475505008E-07 -4.3178243601820E+00 -1.2984053665919E-17  2.1909912732972E-17
 -8.4227994186707E-03 -9.2023820439883E-18 -1.2040686137939E+00 -4.6901533459492E-19
 -4.8139922188999E-19 -3.3423845329588E-17 -6.2750316416378E-19 -1.2040686137939E+00
 -2.4784450312399E-19 -5.8001899911588E-03 -6.6275940794243E-19 -2.7145025294059E-19
 -1.2095309841131E+00 -7.7500371224770E-04 -1.6900969498196E-03  1.6834862232791E-19
  1.3669290745325E-06  3.1571558626153E-03  6.0374621077625E-03 -8.1194603384513E-20
 -5.7822095858093E-06 -1.9363048178360E-19  6.9472342402954E-20 -5.3647676058669E-04
 -4.8078218361718E-21 -3.6456330179892E-06 -1.1744665981685E-05 -1.3188658866768E-20
 -4.5344497826345E-04 -2.7215625206679E+00 -3.5346158577532E-17  9.3580759358207E-18
  1.3162190695646E-03 -3.3667089653390E-17 -1.1514029701119E-01 -6.3578247656493E-18
 -6.6934796053041E-18  8.5417019355922E-18 -7.6596189045109E-18 -1.1514029701116E-01
  4.5509967784850E-18  1.3162190695633E-03 -6.3471397099850E-18  4.2610229514370E-18
 -9.8153743833024E-02 -6.7882631405892E-03 -1.9127178458481E-02  1.4322881838506E-19
 -1.2690930734464E-04  1.9127178458481E-02  4.5285722503662E-02  5.5608401693287E-19
  1.6728329784321E-04 -1.6640969007769E-19 -6.6208096486601E-19 -4.7840147115649E-03
 -1.9863255802128E-20 -1.2690930734464E-04 -1.6728329784321E-04  6.2222283378832E-21
 -5.2372011397593E-03  1.3861445696733E-03  2.0322629041100E-03  2.0322629041100E-03
  1.2833232376907E-04 -2.0322629041100E-03 -2.9864842811056E-03 -2.6712379864812E-03
 -2.3457488612408E-04 -2.0322629041100E-03 -2.6712379864812E-03 -2.9864842811056E-03
 -2.3457488612408E-04  1.2833232376907E-04  2.3457488612408E-04  2.3457488612408E-04
 -4.6265836882484E-04 -4.9157785350324E-04  1.2111802346603E-03  1.2111802346603E-03
 -9.1328560041477E-06 -1.6449111700192E-02  4.9791340507661E-02  4.9791340507661E-02
 -6.3796107137775E-04 -2.0347589103155E+01 -1.3365579060028E-03 -3.2987033850136E-03
 -3.2987033850136E-03  4.0091658064771E-05 -1.2032797592155E-02  1.5039169949137E-02
  1.5039169949137E-02 -1.2333777163785E-04 -1.7094421444153E-02  1.5721870858408E-02
  2.0055880443083E-02 -1.6186822718206E-04 -1.7094421444154E-02  2.0055880443083E-02
  1.5721870858408E-02 -1.6186822718205E-04  1.8657161018448E-04 -2.2606211330900E-04
 -2.2606211330900E-04 -4.2646872482279E-03 -6.4162303448953E-02  1.1447636947463E-01
  1.1447636947463E-01 -2.1435653063583E-03 -6.0989856456257E-02  6.7570807359925E-02
  1.0107398212933E-01 -2.3122120599359E-03 -6.0989856456258E-02  1.0107398212933E-01
  6.7570807359925E-02 -2.3122120599359E-03  8.7813231974092E-06 -1.3548852942337E-03
 -1.3548852942337E-03 -3.5045811242830E-02 -4.9016083638553E+00  8.2927570324107E-19
  7.9907464884428E-18  4.6073564050732E-03  1.2274327277821E-04 -2.5349069034078E-04
  9.7456448574398E-21  2.6200542755508E-05 -2.0744733023200E+00 -1.2148285371304E-17
 -6.5247811950886E-18  2.3656060946442E-02 -2.5636623393603E-17 -1.5929783015090E-01
 -2.7326649427959E-18  5.2531925718970E-18 -1.5636327644730E-17 -3.5456868997108E-18
 -1.5929783015089E-01  2.3272892799368E-18  2.3656060946442E-02  5.2403478239271E-18
  3.5436832334003E-18 -1.4880539011535E-01  7.9350020930948E-04  1.7452521534304E-03
  2.6891852901834E-20  2.7267567010554E-04 -1.7452521534304E-03 -3.2761272265678E-03
 -6.5688267983324E-20 -4.1717977626363E-04  2.4651655665723E-20 -3.2440556087508E-20
  7.4579200843806E-04 -5.7999523460518E-22  2.7267567010554E-04  4.1717977626362E-04
 -2.4426630188914E-20  1.2083027311211E-03 -1.5520402570146E-01 -3.9248857280107E-01
 -3.9248857280107E-01  4.2832870493850E-03 -1.7950541360410E-01  7.2207347515421E-02
  7.2207347515420E-02 -1.0292881929056E-03 -3.8875683714447E-01  8.7338546281295E-02
  1.4248622149583E-01 -2.1922969588100E-03 -3.8875683714447E-01  1.4248622149583E-01
  8.7338546281294E-02 -2.1922969588100E-03  4.1478555782485E-03 -1.5667426320462E-03
 -1.5667426320462E-03 -5.5111051063923E-02  6.4525245564608E-06  7.4815348793372E-06
 -6.6829302702781E-06 -4.0075443090092E-07 -2.2061268441568E-05  6.8517868927365E-05
  8.6033758896996E-06 -2.6443886518027E-06 -1.3414343092543E-05  2.7924341978666E-05
  8.6720208457693E-06  8.5627819113189E-07  3.5123364681157E-07  3.8726245503267E-07
 -3.8106620134961E-07 -5.3004421729476E-06 -1.8807878295859E-01  1.1308117201590E-01
  1.1308117201590E-01  1.0757424380103E-03 -3.0553099889005E-01  3.0273724164245E-02
  9.5635112712207E-02  2.4916548591474E-03 -3.0553099889005E-01  9.5635112712202E-02
  3.0273724164245E-02  2.4916548591479E-03  5.2684318196269E-03 -2.9673220803086E-03
 -2.9673220803091E-03 -6.0310739167455E-02  1.2038465380836E-04  7.6204634579156E-05
 -3.0918170551329E-04  8.3254000437610E-06  1.1504089870600E-04  7.5153896912167E-04
 -6.1315533358362E-04  2.4075427967710E-05 -2.6230608317169E-04  6.8246176861473E-04
  2.2061239999526E-04 -2.2142924252693E-05  1.8687460234155E-06 -8.8697693917172E-06
 -3.1490710577676E-05 -1.8526221196001E-04 -3.1071378917663E+00  7.1085759541532E-19
 -2.4735075327259E-18  7.7271151147311E-04 -6.0994321361252E-03  2.9074586138869E-02
 -4.6373911395702E-20 -2.5506049794297E-05 -1.9800756581125E-05  6.8317564473504E-05
  6.8317564473504E-05 -4.9665853058273E-06 -1.7780243520991E+00 -3.7408848197485E-17
 -9.8852737004867E-17  2.5006117852410E-02  6.3153809627022E-18 -5.4209380331788E-01
 -5.5749612825751E-18  4.6718644087465E-18 -1.6952628750694E-17 -7.5260115941378E-18
 -5.4209380331788E-01  2.3996667233576E-19  1.6292161493672E-02  4.5768564580850E-18
 -7.0781156527419E-19 -5.2563737095423E-01 -1.7726885726919E-02 -2.2580928493942E-02
 -1.3269274637916E-19 -1.9269532195174E-04  6.1257234766015E-02  6.5505520215710E-02
 -1.3275135700126E-18  1.5136854458586E-04 -2.1111714186423E-19 -2.1815378194654E-19
 -9.1800612972341E-03  2.1309856137749E-19 -2.0337775234131E-04 -2.9972308850534E-04
 -2.3048879340815E-21 -9.0112864343360E-03 -2.2723389848270E-04 -3.5653152607193E-04
 -3.5653152607193E-04 -1.3014592463843E-05  7.5732778426835E-04  9.9704382419210E-04
  1.1588056342674E-03  7.5442735084409E-05  7.5732778426835E-04  1.1588056342674E-03
  9.9704382419210E-04  7.5442735084409E-05 -3.5615083783030E-05 -5.2761032854954E-05
 -5.2761032854955E-05 -1.5543409655322E-04 -1.3126302205491E+00 -3.1936600327083E-17
 -2.2830000786459E-16  6.6902623389818E-02 -3.1965420846515E-17 -2.3040994270333E-01
  1.1306640367478E-17  1.2776733014793E-17 -2.2949219918718E-16  5.6985095054538E-18
 -2.3040994270313E-01  1.5142574733172E-17  6.6902623389829E-02  1.1465386246164E-17
  1.5183835728712E-17 -1.0545147268598E-01 -5.0751097108753E-02 -1.0402161502061E-01
 -5.7249348039188E-18  1.6473259707641E-03  1.0402161502061E-01  1.4239360392027E-01
 -1.6171573623717E-17 -4.1611846825941E-03 -5.1646045329614E-18 -6.6247380433897E-19
 -6.0388504148955E-02  3.9486216744072E-19  1.6473259707642E-03  4.1611846825940E-03
 -2.6151385428679E-20 -2.6313485675813E-02 -4.5562576022761E-03 -1.0734925477342E-02
 -1.0734925477342E-02  1.4416189964971E-04  1.0734925477342E-02  2.2168929135424E-02
  2.5077442849864E-02 -3.9761907297579E-04  1.0734925477342E-02  2.5077442849864E-02
  2.2168929135424E-02 -3.9761907297578E-04  1.4416189964971E-04  3.9761907297580E-04
  3.9761907297579E-04 -2.7555209152564E-03  2.1490104700068E-05  1.0191880654348E-04
 -7.4918694680177E-21  1.4670579753526E-06 -1.0191880654348E-04 -3.0275510114597E-04
  9.2463023125541E-21 -5.7654021876370E-06 -1.5121284266205E-21 -2.5094533630695E-20
 -1.6481546851239E-05  3.9365407804065E-21  1.4670579753526E-06  5.7654021876369E-06
 -2.2529484941367E-21 -2.0843677496147E-05 -2.5839061047481E-05  1.0847279993261E-04
  1.0847279993261E-04  1.4952676873333E-04 -1.1684837717276E-03 -1.4874087289591E-19
 -4.3874922267384E-20  4.1003774011715E-03 -1.4703105192353E-01 -1.2134767070172E-17
 -7.0126110587003E-18  5.3012470056839E-01 -2.2129137357345E-04 -1.1315655525108E-03
 -2.8206683138909E-20  8.0464235539518E-04 -4.8904886243083E+01 -3.1215485877712E-05
  4.9858622611336E-05  4.9858622611336E-05  7.0520722671378E-05 -5.0149159355402E-05
  5.9290238471918E-05  7.8062098977904E-05  1.0995172561297E-04 -5.0149159355403E-05
  7.8062098977904E-05  5.9290238471919E-05  1.0995172561297E-04 -7.0281923446376E-05
  1.1031567586019E-04  1.1031567586019E-04  1.3706382829743E-04 -7.6843658597464E-04
  1.5690122552526E-03  1.5690122552526E-03  2.2224258195878E-03 -8.3755722020845E-04
  1.1392717903816E-03  1.5936083040247E-03  2.3170183977836E-03 -8.3755722020844E-04
  1.5936083040247E-03  1.1392717903817E-03  2.3170183977836E-03 -1.1831754738128E-03
  2.3102559015041E-03  2.3102559015041E-03  2.7346153842392E-03 -4.3986278538023E-04
  7.8606557936024E-20  4.4714985090141E-20 -1.5393105611751E-03 -1.1094322252587E-02
 -7.8931714625462E-19 -4.3500043748367E-19  2.2411714262149E-02  6.7957782077883E-19
 -4.0091298775136E-03  5.9856258672184E-21 -1.0249868385051E-18  2.2771518598399E-19
 -1.7250756946296E-20 -4.0091298775136E-03 -8.6066540373473E-19 -1.9854470280110E-02
 -1.0370237145182E-18 -6.6031915678509E-19  3.3624750533825E-02 -1.7109375601777E-01
 -1.1383541202490E-17 -8.7753867206819E-18  5.2790056506049E-01  3.0660728229205E-19
 -5.2799714579937E-02  7.2831656095166E-20 -2.4765083959906E-18 -1.3650498333687E-18
  1.2150327170901E-19 -5.2799714579935E-02 -6.1295828217599E-18 -9.8505783962017E-02
 -4.9296654694550E-18 -4.7342788155035E-18  2.2417895066905E-01 -8.4131484779540E-04
 -3.3272346184387E-03 -7.7869653755261E-20  2.3715106384458E-03  9.8837780474171E-04
  3.2775233002450E-03  2.0611370266762E-19 -2.6220500797277E-03  9.8256783324806E-20
  2.6532453916335E-19 -4.0219593447678E-04 -2.0721642005538E-19 -7.0525924994970E-04
 -2.6193815105673E-03 -1.3382372633047E-19  1.4657202319772E-03  2.7521514387486E-06
 -1.8244557275438E-05 -1.8244557275438E-05  5.0569582272928E-06  3.5641219016337E-06
  2.5516523421632E-05  3.0719606471681E-05 -1.2185707565923E-05  3.5641219016338E-06
  3.0719606471681E-05  2.5516523421632E-05 -1.2185707565923E-05 -1.0896951891251E-05
 -2.8215694347986E-05 -2.8215694347986E-05  1.8202898529055E-05 -1.2066907022624E+01
  1.1349782544258E-19  2.0039826796313E-18  2.3975963879282E-17 -6.4084702659883E+00
 -2.7984573255113E-17  1.0128093238813E-18 -1.4718252843107E-16  5.3865603413864E-19
 -2.1670449631561E+00  1.0678443028378E-19  6.0440587959643E-19  7.7523100164102E-18
  4.7764663364941E-20 -2.1670449631561E+00  2.7326766459664E-18 -1.3720034841412E-16
  1.1864594968425E-19 -1.2562267987917E-18 -2.1670403342767E+00 -3.1370619479662E-05
 -1.0033354546428E-04  4.9165786722894E-20  9.9195403365489E-21  1.0033354546428E-04
  2.9528371420262E-04  2.2518807292164E-19 -1.6550341018410E-20 -1.5992641026551E-20
  3.1271437674217E-19 -1.8814785201331E-05 -5.8460017442915E-21 -7.2252502489402E-22
 -7.5141744946386E-21  3.9299165703877E-21 -1.9007617461388E-05 -2.4204373325379E-05
 -1.0858908350536E-04 -1.0858908350536E-04 -1.5246134616291E-04 -7.7089731439831E-04
  8.3866496044379E-04  8.3866496044379E-04  1.1751690422904E-03 -1.5718074368004E-03
  1.1411379325790E-03  1.5955247066209E-03  2.3136988256396E-03 -1.5718074368004E-03
  1.5955247066209E-03  1.1411379325790E-03  2.3136988256396E-03 -2.2247315035272E-03
  2.3139744901261E-03  2.3139744901261E-03  2.7214229185623E-03 -6.6061158948912E-03
  9.4160641440866E-03  9.4160641440866E-03  1.3526073779269E-02 -9.4957259621713E-03
  7.5455623923233E-03  1.2571589444962E-02  1.7616967063538E-02 -9.4957259621714E-03
  1.2571589444962E-02  7.5455623923233E-03  1.7616967063538E-02 -1.3249595397360E-02
  1.7527646540705E-02  1.7527646540705E-02  2.0394703341685E-02 -1.5038794753966E-02
  1.4819940841298E-18  7.7439292792969E-19 -6.4862787565851E-02 -6.0357650800901E-02
 -2.8495704757669E-18 -2.2976684998005E-18  8.2410661567040E-02  5.7503485931575E-18
 -3.2088204686633E-02  7.7891517627330E-20 -2.6060065415133E-18  2.3982639866613E-18
  1.5889357211484E-19 -3.2088204686633E-02 -5.2056533800045E-18 -1.5485942262671E-01
 -6.2200075652432E-18 -4.3343893444907E-18  1.6511982734299E-01  5.9648094793747E-06
 -1.2362171787231E-04 -2.9664003146376E-20  9.9148744038323E-06  7.4425318119903E-05
  4.3034704482693E-04  5.3060344595527E-20 -4.7504614325179E-04  1.6374810396055E-20
  4.9321524302563E-20 -2.0119194477390E-04  9.4843213763331E-20 -1.0922958640427E-04
 -5.5526270553937E-04 -4.9342130237312E-20  3.3011045150055E-05 -1.8137861469735E-01
 -9.2470538773685E-18  1.2467648036945E-17  4.1991911604466E-01 -1.9409473093787E-17
 -6.4462578808730E-02  1.0151173858474E-18 -1.8544862096762E-17  1.4950848260620E-17
  1.2570435494848E-18 -6.4462578808725E-02 -3.4596379799294E-17 -1.5673757547366E-01
 -1.6652598227917E-17 -1.3462878336940E-17  1.2843312181873E-01 -3.6524749048062E-03
 -1.0674492505972E-02 -7.2448531319672E-19  7.6767415835278E-03  7.1299725950963E-03
  1.6623927049025E-02  1.8291987291020E-18 -1.3911048934865E-02  5.1422339680622E-19
  1.8871058330083E-18 -2.9474169795730E-03 -1.0702375731959E-18 -5.0231043425352E-03
 -1.3805923973401E-02 -1.3160860747430E-18  7.0519277779781E-03  9.3293668936401E-05
 -7.9498727176548E-05 -7.9498727176549E-05 -2.1317351694028E-04 -8.7836944735897E-05
  1.9906941237322E-04  3.3512845492803E-04  2.0735555699928E-04 -8.7836944735897E-05
  3.3512845492803E-04  1.9906941237322E-04  2.0735555699929E-04 -2.6309134091180E-04
 -6.1316310896008E-04 -6.1316310896008E-04  4.3872854634317E-04 -6.3358595197615E+00
  6.2956422379608E-19  7.2183218721240E-19 -7.2988854793467E-19 -2.4695032277303E-05
  2.1761188926229E-04 -3.8958092694556E-20  1.7592093193620E-21 -4.3074120994509E+00
  1.6099510572706E-17 -1.8973113252203E-17 -6.2175456240496E-17  5.9412870034306E-18
 -1.2000464296336E+00 -3.9986794069113E-18  2.1369727475121E-18 -2.1168350186352E-18
 -4.7119869709987E-18 -1.2000464296336E+00 -3.5945116010769E-18 -1.2922332512870E-16
  2.3684153598943E-18 -2.6740908932576E-18 -1.1998334392083E+00 -7.7252297857837E-04
 -1.6822434560819E-03  3.2792448815726E-20  8.9146735485898E-21  3.1555391110644E-03
  6.0368050036985E-03  9.1142246242685E-20 -1.2188202083529E-19  1.7093887394305E-19
  2.4260132972949E-19 -5.3872030916641E-04 -2.3134407173812E-20  1.5453901025368E-19
  4.4076166213941E-19  1.7682168553298E-20 -4.5822431601453E-04 -2.7150271501187E+00
  1.1751608030536E-16 -2.0273351561725E-17  1.2403618690372E-16  1.1961949521696E-16
 -1.1419710381227E-01  2.5710129208468E-18  3.2066600196299E-18 -1.8388946511742E-17
 -1.7162168670061E-18 -1.1419710381236E-01 -1.5003049557904E-17  1.2390831349583E-16
  4.7479421734915E-18 -1.6759587817427E-17 -1.1149010213777E-01 -6.6913032100532E-03
 -1.9019508165766E-02  1.3614191768724E-19  2.2576641699570E-18  1.9019508165766E-02
  4.5305950625491E-02 -1.4416756646220E-19 -4.6122325988344E-18 -6.8479074278429E-20
  5.9180379960399E-19 -4.8699535764561E-03 -9.6656339542576E-20  2.2098447529485E-18
  4.0905639392385E-18  8.9444869084782E-20 -5.0258062173213E-03  1.2184346643926E-03
  1.8611595837306E-03  1.8611595837306E-03  4.5057716081255E-19 -1.8611595837306E-03
 -2.8568069548388E-03 -2.5428141488286E-03 -5.0721908282928E-19 -1.8611595837306E-03
 -2.5428141488286E-03 -2.8568069548388E-03 -4.5915975913806E-19  1.5315329501782E-19
  2.3991746112901E-19  2.2285843393900E-19 -3.2106793191276E-04 -4.8781632826222E-04
  3.5192885793221E-20 -1.3785438216572E-20  1.7049954159567E-03 -1.6325654342928E-02
 -1.5570689841529E-20  3.3186247707285E-20  7.0134393749561E-02  1.0025893571979E-04
  1.1314685778780E-04  1.1314685778780E-04 -1.6403624300839E-04 -5.7978005768769E-03
 -1.3814923306004E-02 -1.3814923306004E-02  1.9690425957544E-02 -4.9031885587416E-04
 -1.2111524468867E-03 -1.2111524468867E-03 -8.0239685023572E-20 -1.6420551282110E-02
 -4.9862637924301E-02 -4.9862637924301E-02 -9.4661348026147E-19 -2.0362748579696E+01
 -1.3304330117162E-03 -1.5800519691651E-20  1.3858481024130E-20 -4.6326898778186E-03
 -1.1972648632632E-02 -1.7641862693463E-19 -3.1480302585213E-19  2.1200239535454E-02
 -2.1122870092053E-19 -4.3204553183854E-03  8.5957275890490E-22  2.7236880462691E-19
  1.1818858314036E-19  1.9452882800014E-20 -4.3204553183853E-03  1.1808736512995E-19
 -2.4065316798717E-02 -6.7071578933336E-20 -1.4065749123057E-19  3.5675535460642E-02
  2.5647933838889E-06  2.7594530669951E-06  3.3492471496544E-20  2.5642311424269E-07
  1.4313784366072E-06  7.9753757922698E-06  1.1164803267759E-20 -3.0214210291786E-06
 -1.7401256766078E-20 -8.2773594795502E-21  7.5042733950156E-06 -1.7950885262066E-20
 -7.4773569270971E-07 -1.1226079103871E-06 -1.2712346853230E-20  1.0436329422967E-05
 -6.3580393174163E-02 -1.3114280570194E-18 -1.5122102904555E-18  1.6208110812930E-01
 -9.4934495344548E-19 -3.3510288978826E-02  3.7231591292284E-20 -1.3219626373980E-18
 -8.6197058681648E-19  3.9965556176550E-20 -3.3510288978827E-02  1.8112093320668E-18
 -8.5141642018330E-02 -2.7547971091993E-19  2.5054196365313E-19  1.6897019330939E-01
  1.2876471340134E-05 -1.0553365464702E-04  1.0915311303872E-19  3.2597533522408E-05
  7.9992883497813E-05  4.5439733179186E-04  4.1990843272715E-20 -4.2659609918997E-04
  1.0796380842282E-20  1.1519245174505E-19 -2.1973651839547E-04 -1.4682008037896E-20
 -7.3493525722249E-05 -4.7371886349553E-04 -3.4535683612914E-20  6.9108054256973E-05
  1.0101818283104E-04 -1.0826622238616E-04 -1.0826622238616E-04  1.5480119319179E-04
  5.8825805700258E-04  7.2795517019176E-04  7.2795517019176E-04 -1.0666093428779E-03
 -6.8863612363593E-04 -2.0086987639705E-04 -9.7153439477467E-04  1.2517322643647E-03
 -6.8863612363593E-04 -9.7153439477467E-04 -2.0086987639705E-04  1.2517322643647E-03
  1.0014562939539E-03  1.2054663052591E-03  1.2054663052591E-03 -1.2142470340369E-03
 -1.7045682992516E-02 -2.9552417836139E-02 -2.9552417836140E-02  4.2098150102106E-02
  1.0848695088743E-02  9.4723211058245E-03  1.7834411193360E-02 -2.5583200433986E-02
  1.0848695088743E-02  1.7834411193360E-02  9.4723211058246E-03 -2.5583200433986E-02
 -1.5459951653969E-02 -2.5615275823459E-02 -2.5615275823459E-02  2.7872235944422E-02
 -1.3418214968535E-03  3.3023661643648E-03  3.3023661643648E-03 -1.1220800686252E-20
 -1.2031968799765E-02 -1.5049518343794E-02 -1.5049518343794E-02 -3.2385496835022E-19
  1.7096274232094E-02  1.5725438941168E-02  2.0058030366109E-02  3.4893107927966E-19
  1.7096274232094E-02  2.0058030366109E-02  1.5725438941169E-02  4.2345189915231E-19
  2.8888056507464E-18  3.1813775813259E-18  3.0886845157553E-18 -4.3321669325918E-03
 -6.3823637629611E-02 -1.1498367249081E-01 -1.1498367249081E-01 -1.6868766743620E-17
  6.0394675426531E-02  6.7879932389454E-02  1.0148234644810E-01  2.0018438976963E-17
  6.0394675426530E-02  1.0148234644810E-01  6.7879932389453E-02  1.8990520034749E-17
  3.4646428046988E-18 -7.7901129714323E-18 -5.1764972914933E-18 -3.3649923410095E-02
 -4.9080136430076E+00 -4.0831048948523E-18 -8.4954419261293E-18 -4.4280032715149E-17
  1.0229451701511E-04 -2.2010707403144E-04 -7.8371177413724E-21 -1.5423196072414E-20
 -2.1048298923043E+00 -5.9861636804237E-17 -1.2351214276064E-16 -2.5418962858071E-16
 -2.7425446856167E-17 -1.8873096116523E-01  1.2824553399347E-18  7.3173844700423E-20
 -9.7725420447714E-17  1.8901373730922E-18 -1.8873096116525E-01  9.1955998742596E-20
 -2.7261590068666E-16  1.4753386758253E-20  2.2345254877882E-19 -1.8861144692993E-01
  5.8271064838293E-04  1.3778365654405E-03  2.5865589250989E-20  6.5617069900000E-20
 -1.3778365654405E-03 -2.7059768298282E-03 -3.3392366769049E-20  2.7120979937742E-20
 -2.7724159894330E-20 -3.0303988003731E-20  4.9481863956321E-04  1.5946416196038E-21
  8.2812243493459E-20 -6.9411858436165E-20 -1.7220201798374E-20  7.4007954432906E-04
 -1.5467462910712E-01  1.5383008853812E-19 -1.0802409184425E-19 -5.5346094945308E-01
 -2.3182226453301E-04  1.1893963774447E-03 -3.0340511578482E-20 -8.4135911911312E-04
 -1.7885051252192E-01 -3.2533694129082E-18  1.9485210810718E-18  1.0183281127349E-01
  1.4041670210945E-18 -5.4975654439293E-02 -1.7064278372757E-19 -2.8740632991712E-18
  3.0169935142750E-19 -8.7278071605021E-20 -5.4975654439293E-02 -2.6564334514345E-18
 -5.4799974587030E-01 -4.9873094913416E-18  1.2171833931410E-17  2.2906181758701E-01
 -8.7497893250629E-04 -1.0253916273773E-03 -5.1791967201847E-20  7.2189201908268E-04
  3.4652890676036E-03  3.3998059905663E-03  4.4498580584961E-20 -2.6950928515688E-03
 -2.3390940719037E-20  7.8734370294847E-20 -4.1713669258019E-04 -7.6936310774049E-20
 -2.4514474543512E-03 -2.7000182985186E-03  7.6037454662083E-21  1.4899450893749E-03
  5.9713997912597E-06 -5.6501082316835E-07 -5.6501082316843E-07  1.0749294933639E-05
  1.6904912398858E-05  2.5589690833301E-05  3.0977198108686E-05 -2.4699440331639E-05
  1.6904912398859E-05  3.0977198108686E-05  2.5589690833300E-05 -2.4699440331638E-05
 -3.7824390640783E-06 -1.5460422021161E-05 -1.5460422021161E-05  1.6250732731386E-05
 -1.8850461915587E-01 -2.1511114427611E-17 -2.4974534570123E-17  1.6185305898374E-01
 -3.0580495829443E-18 -6.5730426031164E-02 -1.3458241239272E-19  3.1110428346523E-17
 -1.8512228809494E-17  6.4541008330784E-19 -6.5730426031170E-02  3.9584604283698E-17
 -4.3263353169412E-01 -1.4754341834573E-17 -3.1691078042697E-17  1.2796574920630E-01
 -3.7630727562979E-03 -7.2938314869892E-03 -4.0859940428234E-19  5.2120140966478E-03
  1.1002185972085E-02  1.6982131352639E-02  1.7636910328334E-18 -1.4191035038569E-02
  2.9919275600811E-19  4.4233056416012E-19 -2.9750423596607E-03 -2.5469948931759E-19
 -7.7712503939777E-03 -1.4129125185750E-02 -1.3528502523743E-18  7.0539870844361E-03
  1.2816268311474E-04  1.0543334132662E-04  1.0543334132662E-04  3.3548540315385E-04
  4.0935813788032E-05  1.8111647830673E-04  3.1866674517451E-04 -7.1327141937256E-04
  4.0935813788029E-05  3.1866674517450E-04  1.8111647830672E-04 -7.1327141937256E-04
  2.8194067164763E-04  2.4702992422608E-04  2.4702992422608E-04  5.5845300385368E-04
 -5.7948497751508E-03  1.3813723186892E-02  1.3813723186892E-02 -1.9696047509846E-02
 -1.7004258867294E-02 -1.0872490721166E-02 -1.0872490721166E-02  1.5560379271471E-02
  2.9508798676063E-02  9.4658673097708E-03  1.7894023983165E-02 -2.5810451935447E-02
  2.9508798676063E-02  1.7894023983165E-02  9.4658673097703E-03 -2.5810451935448E-02
 -4.2095430176956E-02 -2.5687602716743E-02 -2.5687602716743E-02  2.8053940102922E-02
 -5.0220553115392E-02 -5.1912938238384E-02 -5.1912938238380E-02  7.3758204248217E-02
  5.1462646081977E-02  6.2570207886821E-03  3.5455382157782E-02 -7.1880368112535E-02
  5.1462646081980E-02  3.5455382157784E-02  6.2570207886810E-03 -7.1880368112535E-02
 -7.3729220330639E-02 -7.2650014278848E-02 -7.2650014278847E-02  4.3260655290234E-02
 -1.1534444004152E-04 -5.1348692106050E-04 -1.7776540450351E-04  2.6668750443746E-04
  5.1383183197403E-04  1.8482432566475E-03  6.1882095366177E-04 -8.8459125498039E-04
  1.6059162971906E-04  5.8767283389083E-04  9.4522753616750E-05 -4.1406806409764E-04
 -2.3644557068969E-04 -8.4212924895686E-04 -4.0432395028548E-04  3.9665231823198E-04
 -1.5518363757366E-01  3.9242462777935E-01  3.9242462777935E-01 -2.9668154833907E-18
 -1.7924636215057E-01 -7.2209100155841E-02 -7.2209100155841E-02  1.5703520429416E-17
  3.8807193960561E-01  8.7241418617952E-02  1.4237418428204E-01 -3.6576148477210E-17
  3.8807193960561E-01  1.4237418428204E-01  8.7241418617954E-02 -4.0361172259903E-17
  3.3903321958048E-17  2.5935783703875E-17  2.6483541848443E-17 -5.5104711965505E-02
  2.3945237086316E-06 -8.9646699852628E-06  4.9215990117310E-06  3.3172500809413E-21
  2.0261108769994E-05  6.8309732585640E-05  9.7543157002767E-06 -9.4824855912302E-21
  1.5242399695463E-05  2.7583166926521E-05  8.1296942925354E-06  4.9230939150186E-21
 -6.3488437273188E-21  3.1576445532584E-21  6.8122832784216E-21 -6.4176177535923E-06
 -1.8891501514766E-01 -1.1475300652106E-01 -1.1475300652106E-01  9.0745559153759E-17
  3.0629377564436E-01  3.1114941011031E-02  9.7190575556059E-02  5.4893505595832E-17
  3.0629377564438E-01  9.7190575556040E-02  3.1114941011031E-02  4.1184313925044E-17
  2.9821603682362E-17  3.3307203187630E-17  2.4293762362807E-17 -6.5741042027559E-02
  9.7011979911736E-05 -9.8959986827689E-05  2.7713645401275E-04 -1.9625677599957E-20
 -8.5927612937318E-05  7.7637580178067E-04 -5.5983385840708E-04  3.6517503457218E-20
  2.3655104962635E-04  6.5061587403444E-04  1.9830118489128E-04  2.2793558574302E-20
  2.5047162038815E-21 -1.2257220633873E-20 -7.9055797660398E-21 -1.3407725822161E-04
 -3.1111033691385E+00 -1.9403434781357E-19 -2.6478673419028E-18 -2.2693007905227E-17
 -6.0956770927510E-03  2.9086925550337E-02 -4.3075998425569E-20  1.5836010774288E-19
 -1.8040424174464E-05  6.2875350262605E-05  6.2875350262605E-05  1.0592328457320E-20
 -1.8037054677221E+00  6.0434715205642E-17  6.2784414471056E-17  8.6573654437505E-16
  7.8739958771234E-17 -5.5522021553757E-01 -8.5554333912363E-22  4.0384809733519E-19
 -4.6524232039253E-17  7.4878800154220E-19 -5.5522021553761E-01 -4.2289671891276E-19
  5.1608548917310E-17 -1.3585405001160E-19  6.0673644366658E-19 -5.5511726550348E-01
 -1.7662628010252E-02 -2.2419105951004E-02 -3.8022770723514E-19 -1.3368613863209E-18
  6.1396317397732E-02  6.5595608927201E-02 -2.5333049818822E-19  8.1785738090183E-18
 -2.4653508690890E-19  1.4669878757044E-19 -8.9591751037594E-03 -1.2916961722567E-19
 -1.5795778447018E-18 -6.6193677953023E-19  2.8948870309527E-20 -8.6957337474352E-03
 -2.0887269476089E-04 -3.1733715785241E-04 -3.1733715785241E-04 -4.1437876723897E-20
  7.0843606687297E-04  9.3249741764159E-04  1.0550380828657E-03  1.8512728995430E-19
  7.0843606687297E-04  1.0550380828657E-03  9.3249741764159E-04  1.9146478781629E-19
 -1.0876420336581E-20  6.9466617352989E-20 -3.3924871536595E-20 -1.2369103810652E-04
 -1.3595564389848E+00 -1.7104957680685E-16 -1.2348725217240E-16  2.6677189749425E-15
 -1.6977322417613E-16 -2.5621488462856E-01 -1.5745806764712E-17  1.6578647553436E-19
 -1.2309748884015E-16 -6.1888146761869E-18 -2.5621488462869E-01 -9.2661128857254E-19
  2.5865838720022E-15 -3.9524215486726E-19 -3.0344427925170E-19 -2.5535825358919E-01
 -5.1586988866666E-02 -1.0610292863246E-01 -1.0441103406428E-17  2.0271997166777E-17
  1.0610292863246E-01  1.4613998781579E-01  3.8271937603537E-17  2.3809800227860E-17
 -1.0591086554693E-17 -4.6490379106805E-17 -6.1121598310262E-02  1.6963275643671E-19
  2.2324147669418E-17 -1.5524845955854E-17 -2.5825184073990E-19 -2.9731837644853E-02
 -4.6069912365066E-03 -1.0840505469421E-02 -1.0840505469421E-02  1.1789684097899E-19
  1.0840505469421E-02  2.2390237330883E-02  2.5342326797629E-02  4.1402757016067E-18
  1.0840505469421E-02  2.5342326797629E-02  2.2390237330883E-02  4.4949925520822E-18
  2.0821345599675E-18  8.7365661123585E-19  9.1848591837565E-19 -2.9416270641518E-03
  2.2191056562926E-05  1.0135599848485E-04 -1.0231083579180E-20 -1.9483813741010E-20
 -1.0135599848485E-04 -3.0118724031549E-04  5.3604751091916E-20  1.0569588940259E-20
  6.7644300515847E-21  7.4919860632337E-21 -1.3574632237821E-05 -8.0824990058537E-22
 -2.4549458033605E-20 -1.2939944082382E-20  4.3109667329227E-21 -5.8495661514987E-06
  5.3144995206403E-06 -3.2024346290803E-06 -3.2024346290805E-06  2.4398282075034E-05
  5.9177388143502E-06  6.8044103616075E-06  1.2104557182923E-05 -2.7584247145421E-05
  5.9177388143503E-06  1.2104557182923E-05  6.8044103616074E-06 -2.7584247145421E-05
 -5.3054984872543E-07 -1.3380774926969E-05 -1.3380774926969E-05  5.5494569491573E-05
  1.2170285094736E-03 -9.8500438159376E-21  5.9029213373313E-20 -2.6203536051794E-03
 -8.4514351380735E-22 -3.1532496972791E-04  1.9550074242762E-20 -7.7537395256243E-20
  3.8148798042839E-21  8.0047672840744E-21 -3.1532496972791E-04 -8.0391467076235E-20
  2.6203536051794E-03 -9.4860224283933E-20 -1.6609587781167E-20 -5.3751675922655E-03
  1.0314317694629E-04  1.5983443272282E-04  1.5983443272282E-04  1.0192747321936E-04
  1.7764760141266E-04  1.4437959599166E-04  2.7793787104415E-04 -6.0500747996192E-04
  1.7764760141266E-04  2.7793787104415E-04  1.4437959599166E-04 -6.0500747996193E-04
  1.3772126809626E-04  2.2739381733277E-04  2.2739381733278E-04  4.9777984570789E-04
 -1.2039195455064E-05 -1.0492476533244E-20  1.1662160244050E-20  8.6344333316616E-05
 -1.8284190573437E-04  9.6368370486302E-21  2.5872735733591E-20  8.7173591468300E-04
  3.2495069752012E-21 -1.1365131636143E-04 -2.9774959646963E-20 -3.8819874546249E-21
 -6.6232978674340E-20  5.5896821756881E-20 -1.1365131636143E-04  1.8966985430467E-20
 -3.9484587579993E-04 -1.6522589912974E-20 -5.6454393291776E-21  1.7165266279660E-03
 -4.1603443676164E-03 -6.3736535130215E-19  4.1873294277948E-19  1.3986207192541E-02
 -4.0601417552688E-19 -2.7043044269056E-03 -4.7129827830130E-20  1.5667713358899E-18
 -4.5796112601844E-19  3.0101689330210E-20 -2.7043044269055E-03  2.3490633740635E-18
 -1.3986207192541E-02 -2.0341486114392E-18  7.2129130592527E-19  4.4013197736733E-02
 -1.0700492063849E-04 -3.2401288581890E-04 -1.3560198585216E-19  4.6449656074069E-04
  3.2401288581890E-04  6.4675965066621E-04 -8.8475731103765E-21 -1.1825464490866E-03
 -4.2077220931992E-20 -9.3003997160993E-21  4.2914119514152E-05  5.0673174269976E-20
 -4.6449656074069E-04 -1.1825464490866E-03 -4.4294703020374E-20  1.5171634193579E-03
  3.0885886631233E-05  4.6681408757898E-05  4.6681408757898E-05 -6.0168776088128E-05
 -4.6681408757898E-05 -7.6346427850930E-05 -7.0288751682294E-05  9.3594541967395E-05
 -4.6681408757898E-05 -7.0288751682294E-05 -7.6346427850930E-05  9.3594541967396E-05
  6.0168776088128E-05  9.3594541967397E-05  9.3594541967398E-05 -1.4657226969845E-04
  2.1261636212506E+00 -5.2136910637886E-01  0.0000000000000E+00  0.0000000000000E+00
  1.6136143858402E-03 -4.1527872996046E-04  6.4123044671319E-04  8.4703294725430E-22
 -7.0986332669330E-05  2.1761962611223E+00  0.0000000000000E+00 -3.8518598887745E-34
 -1.2420676954925E-02  0.0000000000000E+00  2.0130922898381E+00 -8.6736173798840E-19
  9.6296497219362E-35 -3.8518598887745E-34 -8.6736173798840E-19  2.0130922898381E+00
 -7.2222372914521E-35 -1.2420676954925E-02  9.6296497219362E-35 -7.2222372914521E-35
  1.9947849249252E+00  2.8358907780068E-03  5.0209034481557E-03  5.4210108624275E-20
  6.2429579210900E-04 -5.0209034481557E-03 -5.2733240620947E-03  4.3368086899420E-19
 -3.8702879823841E-04 -1.3552527156069E-20  4.3368086899420E-19 -1.7702443863894E-03
  0.0000000000000E+00  6.2429579210900E-04  3.8702879823841E-04 -8.4703294725430E-22
  1.2530486296695E-03 -7.4428557920001E-03 -6.0752548827715E-03 -6.0752548827715E-03
 -4.7933199464441E-04  6.0752548827715E-03  4.5331615143759E-03  4.3244528693229E-03
  4.6091427722646E-04  6.0752548827715E-03  4.3244528693229E-03  4.5331615143760E-03
  4.6091427722646E-04 -4.7933199464441E-04 -4.6091427722646E-04 -4.6091427722646E-04
  5.4300998312654E-04 -2.5648097298045E-03 -9.6296497219362E-35  1.4444474582904E-34
 -1.0670144763147E-04  7.8695419392719E-05 -1.2263915983947E-04 -1.0587911840679E-22
  4.8255619613760E-05 -6.9291893733958E-05  4.3835719335189E-05  4.3835719335189E-05
 -4.6824290330599E-05 -5.8082824187542E-03  0.0000000000000E+00  0.0000000000000E+00
  7.3756464293504E-03 -1.5407439555098E-33  2.6559919035797E-04 -1.0164395367052E-20
  0.0000000000000E+00  1.5407439555098E-33 -2.3716922523120E-20  2.6559919035797E-04
  0.0000000000000E+00 -5.2015952808700E-04  0.0000000000000E+00  1.3240768367662E-34
  1.1769113096016E-02 -7.3139929494772E-04 -2.5877573825557E-03 -3.3881317890172E-21
 -4.6966341587823E-04  1.1568741698739E-03  2.9138833220067E-03 -6.7762635780344E-21
  2.4550107976039E-04  3.3881317890172E-21  0.0000000000000E+00  4.5022772139794E-04
  0.0000000000000E+00 -4.0542521639797E-04 -4.9844081450435E-04  7.6232965252887E-21
 -9.3938866600327E-04  5.4874458153351E-04  1.9423763084216E-03  1.9423763084216E-03
 -6.3513063852629E-06 -4.3082556820444E-04 -1.7319023692491E-03 -1.6157470047741E-03
 -2.3125962167990E-05 -4.3082556820444E-04 -1.6157470047741E-03 -1.7319023692491E-03
 -2.3125962167990E-05  3.0433409236826E-04  4.5760235225068E-04  4.5760235225068E-04
 -3.9651155308059E-04  1.2716481856636E-03  0.0000000000000E+00  0.0000000000000E+00
  8.5494025744604E-04  0.0000000000000E+00  7.0840847091724E-04  4.2351647362715E-22
  0.0000000000000E+00  0.0000000000000E+00  4.2351647362715E-22  7.0840847091724E-04
  0.0000000000000E+00  8.5494025744604E-04  0.0000000000000E+00  0.0000000000000E+00
  1.1192311768675E-03  2.2543335593774E-04  2.4621470687506E-04 -2.5410988417629E-21
  2.5402380492166E-04 -2.4621470687506E-04 -3.1976502098626E-04 -4.2351647362715E-22
 -2.1663140633628E-04 -3.5998900258308E-21 -4.2351647362715E-22  3.3240574111584E-05
 -4.2351647362715E-22  2.5402380492166E-04  2.1663140633628E-04 -1.0587911840679E-21
  3.6958088393804E-04  7.3900570413783E-05  9.7748317208243E-06  9.7748317208243E-06
  7.9107985588096E-05 -9.7748317208243E-06  4.1520649430685E-05  4.0573216464278E-05
 -5.9840379402800E-05 -9.7748317208243E-06  4.0573216464278E-05  4.1520649430685E-05
 -5.9840379402800E-05  7.9107985588096E-05  5.9840379402800E-05  5.9840379402800E-05
  1.3209177424797E-04 -5.7889489379584E-05 -4.8185644662238E-05  1.2705494208815E-21
 -2.0402256314204E-05  4.8185644662238E-05  5.8566957520342E-05 -4.4702692486968E-22
  1.4652951339103E-05  1.9058241313222E-21 -2.8968216495973E-22 -2.9456177903710E-05
 -1.0587911840679E-21 -2.0402256314204E-05 -1.4652951339103E-05  2.1175823681358E-22
 -2.2641347246175E-05 -1.3460112934239E-03  9.4477623198319E-03 -8.3703487661405E-03
 -8.3703487661405E-03  1.0957224343352E-03 -4.9142409937362E-03  4.6457655115729E-03
  4.6457655115729E-03 -8.7195328201027E-04 -5.9965835862242E-05 -9.5229307879497E-05
  3.1183938360561E-04 -1.4479246511785E-05  2.1597806847510E+00 -9.0252647061055E-04
  3.4602997758061E-03  8.5331587236633E-03  8.5331587236633E-03  7.0499222437096E-04
 -2.1586818794818E-02  2.5758646409229E-02  2.5758646409229E-02 -3.7638349326270E-03
 -5.8125415192926E-02  3.3987916665927E-02  4.8195375154760E-02 -4.9039593529079E-03
 -5.8125415192926E-02  4.8195375154760E-02  3.3987916665927E-02 -4.9039593529079E-03
 -7.1432583372156E-03  1.6461016732676E-03  1.6461016732676E-03 -2.1256858153876E-02
 -1.9295253198853E-03  1.1108595279767E-03  1.9571017915432E-03 -2.6881252181213E-05
 -4.6423511693205E-03  2.1016638798900E-03  3.9544268008415E-03 -2.1432042844305E-04
  1.0837837746742E-03 -9.8080122092778E-04 -5.3949781639946E-04  1.2316513396925E-04
 -2.1061575876125E-04  1.7137691741419E-04  2.6618104504138E-04  3.8915770171729E-04
  5.0622447910628E-03 -4.8611948675554E-03 -4.8611948675554E-03  2.0509998198888E-03
  7.7664369374139E-03 -3.4292697624626E-03 -8.0012958098762E-03  3.8359824470416E-03
  7.7664369374139E-03 -8.0012958098761E-03 -3.4292697624626E-03  3.8359824470416E-03
  7.1795921251541E-03 -4.8428056189271E-03 -4.8428056189271E-03  1.2229087553384E-02
 -5.3971482357381E-05  3.1378376175477E-04 -1.8171386167568E-04 -1.5083507702687E-05
  1.3906720656584E-03 -1.4555743669503E-04 -1.5486614556814E-03  2.1329885790485E-04
 -9.2301627708664E-04  1.1490546030792E-03  3.2281417553631E-04 -1.7335281960334E-04
  1.1795209516756E-04 -7.0921952622543E-05 -3.6465901342450E-04 -3.9453225142408E-04
 -4.3899624312427E-01  0.0000000000000E+00 -2.4074124304840E-35  9.0808853905219E-05
  3.2735966471324E-03 -8.9672097513635E-03  5.7598240413293E-20  9.4328905456037E-04
  7.7926359358789E-04 -4.8788086524932E-04 -4.8788086524932E-04 -1.0282993865451E-05
  8.6510449263224E-01  0.0000000000000E+00  0.0000000000000E+00  2.2337009799401E-02
  0.0000000000000E+00  7.9757280889618E-01 -6.5052130349130E-19  0.0000000000000E+00
  0.0000000000000E+00 -6.5052130349130E-19  7.9757280889618E-01  0.0000000000000E+00
  2.2337009799401E-02  0.0000000000000E+00  0.0000000000000E+00  8.1979567839643E-01
 -8.7769266267135E-03 -3.4173624651021E-02 -8.1315162936413E-20 -5.1910667976270E-03
  3.4173624651021E-02  6.3195740547837E-02  0.0000000000000E+00  5.5884793901093E-03
 -2.4394548880924E-19  0.0000000000000E+00 -9.9261242806895E-03 -1.5246593050577E-20
 -5.1910667976270E-03 -5.5884793901093E-03 -3.8963515573698E-20 -1.5300575362989E-02
 -2.0546422989223E-03 -2.6966701706820E-03 -2.6966701706820E-03 -6.0225186901313E-04
  2.6966701706820E-03  2.6423014795734E-03  3.5074135096722E-03  8.6393885130614E-04
  2.6966701706820E-03  3.5074135096722E-03  2.6423014795734E-03  8.6393885130614E-04
 -6.0225186901313E-04 -8.6393885130614E-04 -8.6393885130614E-04 -1.7823938956360E-04
  3.0395376336430E-03  7.5408346656509E-03  7.5408346656509E-03  6.1216194984781E-04
  9.8941470965508E-05  5.4126712254197E-04 -5.5456830235494E-05  1.2934600330164E-05
 -1.8027769312774E-02  1.1001638116478E-02  1.1001638116478E-02 -1.3710904655685E-03
 -5.0122722985434E-02  2.6137085699872E-02  3.5484664193524E-02 -3.9431720428663E-03
 -5.0122722985434E-02  3.5484664193524E-02  2.6137085699872E-02 -3.9431720428663E-03
 -6.1046896419640E-03  1.4466199573913E-03  1.4466199573913E-03 -1.4209710004121E-02
 -6.3434383844137E-04  2.5260315036928E-04  1.1680516838441E-04 -8.0243993909136E-05
 -3.9243051147387E-03  1.4828985107328E-03  2.4946155086274E-03 -2.8695510185212E-04
  5.6452934638225E-04 -1.8605433176666E-04 -4.2334211345252E-04  1.9359350106544E-05
 -1.1681968119158E-04  3.4788175792298E-05  1.1623634231639E-04  1.9868076668953E-04
  1.4749933524443E-04 -4.3553107976831E-04 -4.3553107976831E-04  2.0373063398906E-05
 -1.5516294125028E-04 -2.0122093024355E-04 -2.1792366222846E-04  4.4956807780065E-06
 -1.5516294125028E-04 -2.1792366222846E-04 -2.0122093024355E-04  4.4956807780065E-06
 -9.5410679767699E-05  9.5268496204664E-05  9.5268496204664E-05  5.1141744862641E-05
  3.4997916359893E-03 -2.9378776988231E-03 -2.9378776988231E-03  1.0637549783338E-03
  6.6975093872820E-03 -2.7576258947322E-03 -6.6575097484594E-03  3.3678386980793E-03
  6.6975093872820E-03 -6.6575097484594E-03 -2.7576258947322E-03  3.3678386980793E-03
  5.8634309724597E-03 -3.8515223352489E-03 -3.8515223352489E-03  9.9496258892810E-03
 -5.2193057784987E-05  1.9030956051983E-04 -2.3465992482436E-05  6.2480392859211E-05
  1.2353565735198E-03 -1.5398556288732E-04 -1.3075625426102E-03  2.7376305653166E-04
 -7.1450698538810E-04  8.8733676199580E-04  2.7726800167618E-04 -9.9117863154577E-05
  1.3098267066711E-04 -8.8940813965505E-05 -3.2139909902582E-04 -2.5561791418169E-04
  2.0080261365288E-04 -1.9829345307045E-04 -1.9829345307045E-04  3.4714788971975E-05
  4.2372177922677E-04 -4.8249687426729E-04 -3.8985714748457E-04  7.4080888195412E-05
  4.2372177922677E-04 -3.8985714748457E-04 -4.8249687426729E-04  7.4080888195412E-05
  2.0196503452153E-04 -2.0317213410714E-04 -2.0317213410714E-04 -3.1197885113051E-05
 -1.4649007716626E-01 -4.8148248609681E-35  4.8148248609681E-35 -1.7382463417696E-03
  9.7102835683188E-04 -5.9050131017048E-03  6.4374503991327E-20  4.5323014293522E-04
 -1.2710689581152E-03  8.9156339219500E-04  8.9156339219500E-04  2.0449918304444E-04
  6.8013071926765E-05 -4.6948901670764E-04 -6.7762635780344E-21 -1.1558706102964E-06
  5.7702886728187E-01  0.0000000000000E+00 -1.9259299443872E-34 -2.9704459017839E-02
  0.0000000000000E+00  6.6699964111830E-01  2.1684043449710E-19  0.0000000000000E+00
 -1.9259299443872E-34  2.1684043449710E-19  6.6699964111830E-01  0.0000000000000E+00
  8.7285275506181E-03  0.0000000000000E+00  0.0000000000000E+00  6.5437557014910E-01
 -5.4411526644928E-03 -7.6575013418613E-03  0.0000000000000E+00  1.7287838611633E-03
  2.9408478699850E-02  4.8226789170273E-02  3.2526065174565E-19  1.3469225570903E-04
  2.0328790734103E-19  3.2526065174565E-19 -5.2217580790825E-03 -8.4703294725430E-22
 -3.2498488856621E-03 -2.2623852388369E-03 -1.6940658945086E-21 -6.1697042880721E-03
  8.9345620945629E-04  2.0480746598216E-03  2.0480746598216E-03  1.0354355106495E-03
  5.1950854886458E-04 -8.9572308910946E-04  3.7321814633183E-04 -6.9494476368923E-04
  5.1950854886457E-04  3.7321814633183E-04 -8.9572308910946E-04 -6.9494476368923E-04
 -9.5865703559488E-04 -6.4825501931593E-04 -6.4825501931593E-04 -1.2318973622463E-03
 -3.7205656655670E-04  5.7441243255633E-04 -6.7762635780344E-21  2.3952023284866E-05
  3.1162259687020E-03  3.0717575093710E-03 -2.9545868485012E-21 -5.2895315775354E-05
 -2.1684043449710E-19 -2.7442784532359E-21 -1.4589464433658E-04  2.1175823681358E-21
 -2.5421652851671E-05 -8.2366652884681E-05  3.3881317890172E-21 -3.6782563951092E-05
  5.4609215731808E-05  3.4577247807278E-04 -6.5361998247616E-05  7.2388694491374E-05
  1.8321639883362E-04 -1.9825460956005E-04  2.0208693113437E-04 -1.3265216516797E-04
  9.7451478875990E-05  4.9476043548093E-05  1.1396352454597E-04 -3.4056078873651E-05
  1.0242110033599E-05 -1.0633673934466E-05  1.8525354962849E-05  3.0220715877562E-05
  4.0117779533735E-01  0.0000000000000E+00  0.0000000000000E+00 -3.0160470906080E-02
  0.0000000000000E+00  5.5817551187015E-01  1.0842021724855E-19  0.0000000000000E+00
  0.0000000000000E+00  1.0842021724855E-19  5.5817551187015E-01  0.0000000000000E+00
 -3.0160470906080E-02  0.0000000000000E+00  0.0000000000000E+00  5.2275533623848E-01
 -3.2583886639587E-03 -7.0463838942389E-03  3.3881317890172E-20  1.7200539078726E-03
  7.0463838942389E-03  3.6444615752244E-02 -1.0842021724855E-19 -1.7849208689769E-03
 -1.3552527156069E-20 -1.0842021724855E-19 -1.6861785860866E-03 -1.0587911840679E-20
  1.7200539078726E-03  1.7849208689769E-03 -2.9222636680273E-20 -1.2812726104329E-04
  2.0856707068721E-03  2.9047679312861E-03  2.9047679312861E-03  6.1743592479325E-04
 -2.9047679312861E-03 -3.3337863337405E-03 -1.8767259191091E-03 -6.1424999892978E-04
 -2.9047679312861E-03 -1.8767259191091E-03 -3.3337863337405E-03 -6.1424999892978E-04
  6.1743592479325E-04  6.1424999892978E-04  6.1424999892978E-04 -1.7299107274734E-03
  1.1521812320232E-05  6.2630645665522E-04  5.4210108624275E-20  3.1074637144575E-05
 -6.2630645665522E-04  1.9296412491352E-04 -1.0767860563958E-20 -1.5842172042957E-04
  1.3552527156069E-20 -1.1077269403107E-20 -2.7088072057138E-04  0.0000000000000E+00
  3.1074637144575E-05  1.5842172042958E-04  2.5410988417629E-21 -6.3656213621547E-05
  5.9850886454408E-05  3.8611659127993E-04 -6.6681176821930E-05  6.9834335087282E-05
 -3.8611659127993E-04 -7.2063902521139E-04 -2.0465404556490E-05 -1.3290978927902E-04
  6.6681176821929E-05 -2.0465404556490E-05  2.2774814953786E-04 -8.3812350424264E-06
  6.9834335087280E-05  1.3290978927902E-04  8.3812350424267E-06  5.9791310341457E-05
  8.6051989801697E-05  1.3946355157747E-04  1.3946355157747E-04  3.1147145042265E-05
 -1.3946355157747E-04 -1.6699751298465E-04 -1.9431089447641E-04 -3.4834692046824E-05
 -1.3946355157747E-04 -1.9431089447641E-04 -1.6699751298465E-04 -3.4834692046824E-05
  3.1147145042265E-05  3.4834692046824E-05  3.4834692046824E-05  4.0595957130287E-06
 -2.2487126911968E-04  2.5804376735388E-04  2.5804376735388E-04  5.0417070309336E-04
 -6.3652798045340E-05  1.9372771630168E-05  1.9372771630168E-05 -1.6543858362745E-04
 -1.1215333432711E-03  2.4677351577839E-03 -9.6296497219362E-35  0.0000000000000E+00
 -1.1456323450953E-02 -1.0484922136966E-04 -1.7606144978108E-04 -1.2705494208815E-21
  2.6581333441125E-04  2.9809141572821E-03  3.8518598887745E-34  0.0000000000000E+00
 -9.5290978380489E-03 -8.6699528972537E-05 -1.7198659446295E-04 -1.2705494208815E-21
  1.4323583101499E-04  9.4583381911754E-05  2.0700469222573E-04  2.0700469222573E-04
 -3.5489639520319E-04  2.1262268781980E+00 -2.5443785243324E-04 -3.1046257709948E-04
 -3.1046257709948E-04 -3.3961803263901E-04  1.4304389250936E-03 -1.9746030115175E-03
 -1.9746030115175E-03 -3.7878436835107E-03  2.4003103562169E-03 -1.3822532655411E-03
 -1.9719725554714E-03 -9.5564702316143E-04  2.4003103562169E-03 -1.9719725554714E-03
 -1.3822532655411E-03 -9.5564702316143E-04  2.4802408028376E-03 -9.5844072962816E-04
 -9.5844072962816E-04 -3.9726466573839E-03  2.9340669619793E-04 -9.1374017428923E-06
 -9.1374017428923E-06  1.3092720700822E-03 -1.1913271798214E-03  6.2079616326582E-04
  9.4531910529943E-04  5.7692091395437E-04 -1.1913271798214E-03  9.4531910529943E-04
  6.2079616326582E-04  5.7692091395437E-04 -8.8057633243570E-04  4.3875099840373E-04
  4.3875099840373E-04  2.2253477134233E-03  2.0123222775406E-05 -4.3594915601790E-05
  3.5164058655663E-05 -6.6445048700863E-05 -7.3355931802509E-05  1.4981108816278E-05
  7.5824698314038E-05 -3.7745828181718E-05 -4.1974954474347E-05  7.4518622001193E-06
  2.0697276126660E-05  3.4853635425304E-05 -1.2496264333473E-05 -2.7968681905301E-05
  5.5330909952830E-06 -7.5496125184615E-05  7.6438498196816E-03  3.8518598887745E-34
 -4.8148248609681E-34  1.0715358459327E-02 -3.6131695156677E-04  4.9812572684245E-04
  5.0821976835258E-21 -2.3984988242391E-04 -1.3435030294011E-02  1.5407439555098E-33
  0.0000000000000E+00  7.8432694722054E-02  2.3111159332647E-33 -1.4034669847152E-02
 -6.7762635780344E-21  1.1555579666323E-33 -1.1555579666323E-33 -2.0328790734103E-20
 -1.4034669847152E-02 -7.7037197775490E-34 -3.0706512541960E-02 -9.6296497219362E-35
  1.4444474582904E-34  8.3045382303081E-02  5.7887244614991E-04  1.3667487907817E-03
  3.3881317890172E-21 -2.1579522965840E-03 -1.7061009469145E-03 -2.0232249818250E-03
  1.3552527156069E-20  6.0090246928007E-04  6.7762635780344E-21  0.0000000000000E+00
 -7.4568637213988E-04  2.0328790734103E-20  6.1899313156209E-04  9.8319429037078E-05
  6.7762635780344E-21 -1.9688068943180E-03 -1.2175870068863E-03 -1.6195904551127E-03
 -1.6195904551127E-03  3.4870506661816E-03  1.1028865737975E-03  1.0779514463713E-03
  9.5706823902655E-04 -2.4493500017532E-03  1.1028865737975E-03  9.5706823902655E-04
  1.0779514463713E-03 -2.4493500017532E-03  5.0631018547812E-04  6.9257345419673E-04
  6.9257345419673E-04 -5.8063893617682E-04 -1.6571462828779E-02  1.5407439555098E-33
  0.0000000000000E+00  6.3920494668300E-02 -1.5407439555098E-33 -9.0433078335208E-03
 -1.3552527156069E-20  7.7037197775490E-34  0.0000000000000E+00 -1.3552527156069E-20
 -9.0433078335208E-03 -4.6222318665294E-33 -1.4393526355891E-02  0.0000000000000E+00
  0.0000000000000E+00  6.1290349165968E-02  5.0845598673695E-04  1.2401765558691E-03
  2.0328790734103E-20 -1.1987367598274E-03 -4.2336680451284E-05 -8.4016954981550E-04
  1.6940658945086E-21  2.0132845547656E-04  3.8518598887745E-34  1.6940658945086E-21
 -4.3795817568475E-04  2.0328790734102E-20  2.0532282745312E-04  1.3017386820477E-04
 -2.5410988417629E-21 -7.1885526425443E-04 -5.4082072219628E-04 -1.4131160205407E-03
 -1.4131160205407E-03  2.7290872572908E-03  2.2877741681647E-04  8.8792304796532E-04
  7.4811003353119E-04 -1.6009043305310E-03  2.2877741681647E-04  7.4811003353119E-04
  8.8792304796532E-04 -1.6009043305310E-03 -4.5177789517963E-06  3.2491765086325E-04
  3.2491765086325E-04 -5.4680400146367E-04 -3.7403376247501E-07 -2.1627593598194E-05
  6.7762635780344E-21  2.5183429501034E-04  1.1366485627294E-05  2.6509185748495E-05
 -1.2665591821177E-20 -8.0703648715767E-05 -2.5410988417629E-21 -5.5508185823198E-21
 -8.8127916071186E-05 -1.3552527156069E-20 -1.2396123427715E-05 -3.3662529140671E-05
  3.3881317890172E-21  1.0181542159604E-05  5.8095330344481E-06 -1.3522744607645E-04
 -3.8994108365164E-05  5.9596732339127E-05  1.0205566196009E-05  9.4425371962889E-05
  9.3855102227381E-06 -2.9656289963133E-05 -1.8243459622670E-05  7.7302915199236E-05
  2.0310121684473E-05 -5.3371414150734E-05 -1.3764848976106E-05  1.9755607688932E-05
 -7.4882227934255E-06  2.1777499797557E-05 -5.2157609744917E-01  1.9259299443872E-34
 -1.9259299443872E-34  0.0000000000000E+00 -3.0130952001721E-04  5.8343369638454E-04
 -1.6940658945086E-21  0.0000000000000E+00  2.1768800161758E+00  0.0000000000000E+00
  0.0000000000000E+00  0.0000000000000E+00  0.0000000000000E+00  2.0086314748865E+00
  0.0000000000000E+00  0.0000000000000E+00  0.0000000000000E+00  0.0000000000000E+00
  2.0086314748865E+00  0.0000000000000E+00  0.0000000000000E+00  0.0000000000000E+00
  0.0000000000000E+00  2.0091133135476E+00  1.8948018799159E-03  4.4590072762728E-03
  0.0000000000000E+00  0.0000000000000E+00 -4.4590072762728E-03 -4.9254827918738E-03
 -2.6020852139652E-18  0.0000000000000E+00  5.4210108624277E-20 -2.6020852139652E-18
 -1.7095185377380E-03  0.0000000000000E+00  0.0000000000000E+00  0.0000000000000E+00
  0.0000000000000E+00  5.0596697919507E-04 -5.6769408497031E-03 -5.1944135809689E-03
 -5.1944135809689E-03  0.0000000000000E+00  5.1944135809689E-03  4.2605587665409E-03
  4.0366127346409E-03  0.0000000000000E+00  5.1944135809689E-03  4.0366127346409E-03
  4.2605587665409E-03  0.0000000000000E+00  0.0000000000000E+00  0.0000000000000E+00
  0.0000000000000E+00  2.3692891752131E-04  2.1707294339627E-05  7.2537944687409E-05
  7.2537944687409E-05  4.6164401246867E-05 -2.2723688103330E-04  9.2753046427713E-04
  9.2753046427713E-04  1.6142263871252E-03 -5.9096540001232E-04  6.1638895037456E-04
  9.1252096333021E-04  5.1225905721702E-04 -5.9096540001232E-04  9.1252096333021E-04
  6.1638895037456E-04  5.1225905721702E-04 -4.3861176088676E-04  6.5094627087039E-04
  6.5094627087039E-04  1.7422306053275E-03  4.2954317816827E-06  5.7857435941897E-05
  6.2210862244326E-05 -6.0438715744695E-06  1.3632204338703E-05  3.3120200429318E-05
  6.1387849219738E-05  8.0698876035202E-06 -2.6689923829295E-05  3.8662541095059E-05
  1.6139088816788E-05  5.5554410049036E-05  6.1402747333927E-05 -6.7231172723954E-05
 -2.4952930603950E-06 -5.5341212643539E-05 -9.6367061939106E-05  6.5280098345910E-05
  6.5280098345910E-05 -2.0111534842750E-04  5.0068390024051E-05 -3.8388951705636E-05
 -8.0681652668374E-05 -2.7961367841959E-05  5.0068390024051E-05 -8.0681652668374E-05
 -3.8388951705636E-05 -2.7961367841959E-05 -1.2019866130701E-04  5.6966197956523E-05
  5.6966197956523E-05 -2.6573814876916E-04 -1.4079153687650E-05  2.6356186393648E-06
 -1.1123224553961E-05 -1.1679047019108E-06 -1.0463154807238E-05  1.2242596394617E-05
 -1.0252584353050E-05 -1.6922091833702E-05 -1.2573701051344E-05  1.5587298458899E-05
 -8.2949664589447E-06 -1.3856324039151E-05  2.9098005127719E-06  1.8331266287193E-07
  9.0878596066394E-06  9.6233295825501E-06 -3.8534657951171E-03  0.0000000000000E+00
 -3.8518598887745E-34 -5.4688690812008E-03  2.6342791966236E-04 -4.2712443623156E-04
 -1.6940658945086E-21  2.0057609963672E-04  9.5122994436432E-05  8.7399660394748E-06
  8.7399660394748E-06  3.4607849557280E-04 -1.3036549638761E-04  0.0000000000000E+00
  0.0000000000000E+00 -1.3086934112032E-02  0.0000000000000E+00  4.7711375728953E-03
  1.6940658945086E-21 -1.5407439555098E-33  0.0000000000000E+00  1.6940658945086E-21
  4.7711375728953E-03  3.0814879110196E-33 -8.5479822225947E-04 -7.2222372914521E-35
  0.0000000000000E+00 -1.7965468198091E-02  2.0690360274580E-04 -3.8930122982756E-04
  0.0000000000000E+00  1.1100266498529E-03  1.8191424998457E-04  5.8876288345706E-04
  0.0000000000000E+00  2.0683329061536E-04  1.6940658945086E-21  0.0000000000000E+00
  2.3386705676473E-04  6.7762635780344E-21  2.1406508340105E-04  6.2238311040956E-04
  1.6940658945086E-21  9.5312262695333E-04 -5.5926406877442E-04  1.5640098923589E-04
  1.5640098923589E-04 -1.6106832367752E-03  4.3809952393236E-04 -6.7420430117045E-05
  3.9791124241013E-05  1.3077834678848E-03  4.3809952393236E-04  3.9791124241013E-05
 -6.7420430117045E-05  1.3077834678848E-03 -3.5185319141631E-04 -7.7475025069228E-04
 -7.7475025069228E-04  5.8912466642660E-06  5.8172091225672E-04  0.0000000000000E+00
  0.0000000000000E+00 -1.0521852816436E-02  0.0000000000000E+00  3.9957734899498E-03
 -1.6940658945086E-21 -3.0814879110196E-33  1.9259299443872E-33 -1.6940658945086E-21
  3.9957734899498E-03  3.0814879110196E-33  8.1259202470435E-05  0.0000000000000E+00
  9.6296497219362E-35 -1.4178033839122E-02  3.9404966793134E-05 -3.8675420633805E-04
  4.2351647362715E-22  7.7733135454913E-04 -5.8497356397182E-05  4.5186723306900E-04
  0.0000000000000E+00  1.8936931030704E-04 -2.1175823681358E-21  0.0000000000000E+00
  2.0397648330643E-04 -1.6940658945086E-21  8.5056989549082E-05  4.5904558575620E-04
  1.6940658945086E-21  6.3263497669642E-04 -2.5799020042292E-04  1.3340025035245E-04
  1.3340025035245E-04 -1.2781242599577E-03  2.0053101567629E-04 -8.3633709124883E-05
  8.0062042371594E-06  1.0458337255133E-03  2.0053101567629E-04  8.0062042371594E-06
 -8.3633709124883E-05  1.0458337255133E-03 -2.4610366383778E-04 -6.8243987228703E-04
 -6.8243987228703E-04  7.6682140860317E-05 -1.2064435264488E-05 -1.4384576298127E-04
  4.2351647362715E-22 -2.5640821921521E-04  1.1413985050279E-05  1.5714544117521E-04
 -1.4887864197151E-21  1.9732485285423E-04  1.6940658945086E-21 -1.6967322113649E-21
  1.1099085461696E-04  0.0000000000000E+00  1.1582572261136E-05 -1.4907413276320E-05
 -1.6940658945086E-21 -6.7232247097766E-05  3.0468758593575E-06  3.5201491006209E-05
  2.5069950256254E-05  2.8645029906174E-05  1.3072694922415E-06 -3.8793622378984E-06
  7.1335517045053E-06 -7.7164258952477E-05  2.5298601940189E-07 -4.1263983292600E-05
 -3.0239178452221E-05  1.3768036532355E-05 -5.4673241422813E-06 -8.5783987681745E-05
  1.5284164690407E-05 -2.3930816106254E-05 -3.1741889370662E-03  0.0000000000000E+00
  0.0000000000000E+00  0.0000000000000E+00  6.5785882972868E-07 -8.6503622130130E-05
 -2.1175823681358E-22  0.0000000000000E+00  4.6622327735141E-05 -9.4915662255637E-06
 -9.4915662255637E-06  0.0000000000000E+00 -2.6272681806504E-03  0.0000000000000E+00
  0.0000000000000E+00  0.0000000000000E+00  0.0000000000000E+00  4.7618398376945E-03
  3.3881317890172E-21  0.0000000000000E+00  0.0000000000000E+00  1.6940658945086E-20
  4.7618398376945E-03  0.0000000000000E+00  0.0000000000000E+00  0.0000000000000E+00
  0.0000000000000E+00  3.2903092942671E-03 -1.3542173956321E-04 -2.0737977861011E-03
  6.7762635780344E-21  0.0000000000000E+00  8.4491224720681E-04  2.5304412321287E-03
  1.3552527156069E-20  0.0000000000000E+00  3.3881317890172E-21 -3.3881317890172E-21
  4.2770508712287E-04  0.0000000000000E+00  0.0000000000000E+00  0.0000000000000E+00
  0.0000000000000E+00 -2.1919370107605E-04 -2.6834432743068E-04  1.2752285636958E-03
  1.2752285636958E-03  0.0000000000000E+00 -2.6803697208318E-05 -1.4390585241836E-03
 -1.3021192144613E-03  0.0000000000000E+00 -2.6803697208318E-05 -1.3021192144613E-03
 -1.4390585241836E-03  0.0000000000000E+00  0.0000000000000E+00  0.0000000000000E+00
  0.0000000000000E+00 -1.5705987733123E-04  6.3471321538318E-04  0.0000000000000E+00
  0.0000000000000E+00  0.0000000000000E+00  0.0000000000000E+00  2.9966533743854E-04
  0.0000000000000E+00  0.0000000000000E+00  0.0000000000000E+00  0.0000000000000E+00
  2.9966533743854E-04  0.0000000000000E+00  0.0000000000000E+00  0.0000000000000E+00
  0.0000000000000E+00  9.8841090824779E-04 -5.3461120152791E-05  4.1904808184316E-05
 -3.1763735522036E-22  0.0000000000000E+00 -4.1904808184316E-05 -9.6907121526683E-05
  0.0000000000000E+00  0.0000000000000E+00  1.8528845721188E-22  0.0000000000000E+00
 -1.0257718250806E-05  0.0000000000000E+00  0.0000000000000E+00  0.0000000000000E+00
  0.0000000000000E+00 -2.0442563141097E-05  1.3594293440868E-04  5.2210372731234E-05
  5.2210372731234E-05  0.0000000000000E+00 -5.2210372731234E-05  1.4385015491154E-05
 -1.0252207441768E-06  0.0000000000000E+00 -5.2210372731234E-05 -1.0252207441768E-06
  1.4385015491154E-05  0.0000000000000E+00  0.0000000000000E+00  0.0000000000000E+00
  0.0000000000000E+00  2.2871271154120E-05  2.2493086549299E-05  6.6524486984265E-07
  1.0587911840679E-22  0.0000000000000E+00 -6.6524486984264E-07  2.2831495923340E-05
 -3.3488148776005E-22  0.0000000000000E+00 -1.0587911840679E-22 -3.6333217380263E-22
 -1.9764132751551E-06  0.0000000000000E+00  0.0000000000000E+00  0.0000000000000E+00
  0.0000000000000E+00  6.9664316858991E-06 -1.2164178449883E-03  8.4758363563185E-03
  0.0000000000000E+00 -9.6296497219362E-35 -1.1118951930343E-02 -3.8107307701423E-04
 -4.4947019531187E-04  8.4703294725430E-22  4.0724346887628E-04 -4.5157714541270E-03
 -1.9259299443872E-34  0.0000000000000E+00  5.0759367818558E-03  2.4635425809069E-04
  3.4082753517854E-04  2.5410988417627E-21 -3.0807386311071E-04 -8.0103421197418E-05
 -1.0521096793222E-04 -1.0521096793222E-04 -3.7067195015519E-04 -6.9452816355209E-04
  2.3754389809182E-03  3.9297946404259E-03  3.9297946404259E-03 -5.6247458005109E-03
  9.1027133372550E-04  2.6507119609076E-03  2.6507119609076E-03 -4.0612071435343E-03
  5.9009513969852E-05  2.8873753644523E-04  1.0794945830388E-04 -1.1149251689676E-04
 -1.2147226564600E-03  8.2876069992092E-03  8.0619204199803E-03  8.0619204199803E-03
  0.0000000000000E+00 -4.0417638780053E-03 -4.0866550837449E-03 -4.0866550837449E-03
  0.0000000000000E+00  3.4853339169200E-05  1.6719328222165E-04 -2.4783959812800E-04
  0.0000000000000E+00  2.1599823212935E+00 -7.2257486866441E-04  3.0666520660353E-03
  0.0000000000000E+00  0.0000000000000E+00  1.1129891853020E-02 -1.4005832886506E-04
  2.5118470881767E-04  0.0000000000000E+00 -1.4500585189865E-04 -1.8047290469527E-02
  1.9259299443872E-34  0.0000000000000E+00  3.2925659772130E-02  0.0000000000000E+00
 -1.3937138501334E-02  3.3881317890172E-21  0.0000000000000E+00  0.0000000000000E+00
  3.3881317890172E-21 -1.3937138501334E-02  0.0000000000000E+00 -7.3240172035519E-02
  0.0000000000000E+00  0.0000000000000E+00  7.8131449778118E-02  7.7544848801074E-04
  1.5242907105946E-03  6.7762635780344E-21 -1.5252658904785E-03 -1.8149609669197E-03
 -1.8224889749834E-03  0.0000000000000E+00  1.0398724561500E-03  0.0000000000000E+00
 -1.3552527156069E-20 -9.9647073105523E-04 -1.3552527156069E-20  9.8908701801953E-04
  6.7489277399366E-04  3.3881317890172E-20 -1.7781950551905E-03 -2.0598652068736E-03
 -1.4757773595949E-03 -1.4757773595949E-03 -9.9066651150503E-04  2.0857124378091E-03
  1.2086687902606E-03  1.1217123630736E-03  1.2303939517113E-03  2.0857124378091E-03
  1.1217123630736E-03  1.2086687902606E-03  1.2303939517113E-03 -4.0138326126110E-03
 -2.4826125626183E-03 -2.4826125626183E-03 -1.2769787254748E-03  2.8497849964485E-03
  0.0000000000000E+00  0.0000000000000E+00 -2.2328416049394E-03  0.0000000000000E+00
  4.2560856175041E-03  1.6940658945086E-21  7.7037197775490E-34  0.0000000000000E+00
  1.6940658945086E-21  4.2560856175041E-03  0.0000000000000E+00  3.4681081856946E-03
  0.0000000000000E+00  0.0000000000000E+00 -3.8303140371660E-03  3.0663141094205E-04
  1.3389469983782E-04  3.1763735522036E-22  4.5757264785623E-04  2.8950457526752E-04
 -9.6974415879559E-05  3.3881317890172E-21 -1.7665668137054E-04  8.4703294725430E-22
  3.3881317890172E-21  6.3953382708586E-04 -9.6296497219362E-35  3.6103910155806E-05
  4.1477522751291E-04 -5.0821976835258E-21  7.5177940563315E-04  1.8744141682744E-04
  5.2527349170414E-05  5.2527349170414E-05  5.7736335147993E-04 -5.9193926192566E-04
 -1.9323446530602E-04 -1.5114203966099E-04 -1.2227543685550E-03 -5.9193926192566E-04
 -1.5114203966099E-04 -1.9323446530602E-04 -1.2227543685550E-03  1.6753493984813E-03
  9.8426553822166E-04  9.8426553822166E-04  1.0378460476731E-03  2.4381154586152E-03
 -3.7453123095750E-03 -3.7453123095750E-03  5.4625633418353E-03 -4.5842474311567E-03
 -1.5164688281631E-02 -1.5164688281631E-02  2.1494700733432E-02  1.3104822618627E-02
  7.9586620890787E-03  1.7138599144902E-02 -2.3902384517666E-02  1.3104822618627E-02
  1.7138599144902E-02  7.9586620890787E-03 -2.3902384517666E-02 -1.9167357268564E-02
 -2.3286629297519E-02 -2.3286629297519E-02  2.5780317803364E-02 -1.0619626879714E-03
 -1.9210063997452E-03 -4.2722004405990E-04  3.8069664532959E-04  1.6058764608471E-03
  1.1227492979489E-03  1.1221511763559E-03 -1.2836290764613E-03  7.9987529396435E-04
  1.5590210298795E-03 -3.9267839010956E-04  1.0055227427324E-03 -1.1080396544009E-03
 -1.9882206052480E-03  7.4802452842468E-04 -1.3261552136811E-03 -5.4975975368948E-03
 -1.3573757588756E-02 -1.3573757588756E-02  1.8694391235399E-02  4.7353237471098E-03
  8.2623486597870E-03  1.3302482256091E-02 -1.8314141937367E-02  4.7353237471098E-03
  1.3302482256091E-02  8.2623486597870E-03 -1.8314141937367E-02 -6.7255657461336E-03
 -1.8219638220933E-02 -1.8219638220933E-02  2.1384750870384E-02 -2.5866681145642E-04
 -1.5627576098811E-03 -3.9800043289987E-04  5.2648413749718E-04 -1.4312150130161E-04
  9.3466598642743E-04  5.8298750633182E-04 -1.0866571885520E-03 -1.3971561623064E-05
  8.7177800085791E-04 -1.4868964792404E-04  1.8800945641385E-04  2.0772513881808E-04
 -9.3924467794519E-04  3.1868275379257E-04 -3.7802122008686E-04  7.8653247059117E-05
 -1.5456738263782E-04 -1.5456738263782E-04  5.2388468666753E-05 -1.5337961616019E-04
  2.4402819227033E-05  4.9087464926836E-05  3.2350558037408E-05 -1.5337961616019E-04
  4.9087464926836E-05  2.4402819227033E-05  3.2350558037409E-05  2.6424422947360E-04
  1.3725785099171E-04  1.3725785099171E-04 -1.5157648740694E-04  3.0190462967933E-03
 -7.8676373739870E-03 -7.8676373739870E-03  0.0000000000000E+00 -1.7685081714119E-02
 -2.4490897508989E-02 -2.4490897508989E-02  0.0000000000000E+00  5.1554445787999E-02
  3.2836176383418E-02  4.6976725063639E-02  0.0000000000000E+00  5.1554445787999E-02
  4.6976725063639E-02  3.2836176383418E-02  0.0000000000000E+00  0.0000000000000E+00
  0.0000000000000E+00  0.0000000000000E+00 -1.4127791049304E-02 -1.4434426940643E-03
 -8.1755794077123E-04 -1.6113294509273E-03  0.0000000000000E+00  3.8207640228484E-03
  1.8128253332493E-03  3.4715062914216E-03  0.0000000000000E+00 -6.3349893725928E-04
 -7.8337962114591E-04 -3.1569028202573E-04  0.0000000000000E+00  0.0000000000000E+00
  0.0000000000000E+00  0.0000000000000E+00  3.2529672737047E-05  2.1041301982816E-03
  2.2421359784383E-03  2.2421359784383E-03  0.0000000000000E+00 -1.5996037003031E-03
 -6.1304501066754E-04 -4.7671166287966E-03  0.0000000000000E+00 -1.5996037003031E-03
 -4.7671166287966E-03 -6.1304501066754E-04  0.0000000000000E+00  0.0000000000000E+00
  0.0000000000000E+00  0.0000000000000E+00  3.7624649857153E-03 -2.7491232804698E-04
 -4.4951482111670E-04 -7.8486131439065E-05  0.0000000000000E+00 -7.6996898730926E-04
  1.2310317559461E-04 -9.9415080258606E-04  0.0000000000000E+00  5.2435706747487E-04
  8.7525470888639E-04  9.5389573702876E-05  0.0000000000000E+00  0.0000000000000E+00
  0.0000000000000E+00  0.0000000000000E+00  1.8986869029517E-08 -4.3969388967271E-01
  0.0000000000000E+00  0.0000000000000E+00  0.0000000000000E+00  2.4779526810042E-03
 -7.8209776335473E-03  1.3552527156068E-20  0.0000000000000E+00  7.7153516706283E-04
 -3.5365555233549E-04 -3.5365555233549E-04  0.0000000000000E+00  8.5766553921511E-01
  0.0000000000000E+00  0.0000000000000E+00  0.0000000000000E+00  0.0000000000000E+00
  8.1165647482181E-01  4.3368086899420E-19  0.0000000000000E+00  0.0000000000000E+00
  4.3368086899420E-19  8.1165647482181E-01  0.0000000000000E+00  0.0000000000000E+00
  0.0000000000000E+00  0.0000000000000E+00  8.1148236908798E-01 -5.3364944012078E-03
 -2.8176068792464E-02 -2.7105054312138E-19  0.0000000000000E+00  2.8176068792464E-02
  5.6999568100145E-02  4.3368086899420E-19  0.0000000000000E+00 -1.6263032587283E-19
  4.3368086899420E-19 -7.0259472378551E-03  0.0000000000000E+00  0.0000000000000E+00
  0.0000000000000E+00  0.0000000000000E+00 -8.9063604109831E-03 -1.4302320181444E-03
 -1.8597880809395E-03 -1.8597880809395E-03  0.0000000000000E+00  1.8597880809395E-03
  1.9231107434296E-03  1.9286332125149E-03  0.0000000000000E+00  1.8597880809395E-03
  1.9286332125149E-03  1.9231107434296E-03  0.0000000000000E+00  0.0000000000000E+00
  0.0000000000000E+00  0.0000000000000E+00 -2.4974087555074E-04  2.6805956776508E-03
 -4.8148248609681E-35 -4.8148248609681E-35  9.5786659290075E-03 -5.3880236833358E-05
  1.6100533770958E-04  4.2351647362715E-22 -9.3820054066170E-05  7.5103790243011E-05
 -2.3623524987557E-04 -2.3623524987557E-04  3.7391759051886E-04 -1.5561422932203E-02
  0.0000000000000E+00  0.0000000000000E+00  1.6478432216181E-02  0.0000000000000E+00
 -9.1283965951614E-03 -3.3881317890172E-21  0.0000000000000E+00  3.8518598887745E-34
 -3.3881317890172E-21 -9.1283965951614E-03  0.0000000000000E+00 -6.2224399510029E-02
  0.0000000000000E+00  0.0000000000000E+00  6.1319599742308E-02  2.7443573040651E-04
  7.6786662274956E-06 -4.2351647362715E-22 -1.0532878618787E-04 -1.1182797895674E-03
 -6.7381728257197E-04  5.0821976835258E-21  4.0688773518438E-04  6.7762635780344E-21
  1.1858461261560E-20 -4.5209658707287E-04 -1.6940658945090E-21  5.7567951214040E-04
  5.6082351105984E-05  1.3552527156069E-20 -9.3996319639808E-04 -4.7442897154836E-04
 -5.9849158902961E-05 -5.9849158902961E-05  5.8508864061409E-05  1.7043182932224E-03
  8.4048134802263E-04  6.9586568600249E-04  5.1610569989010E-04  1.7043182932224E-03
  6.9586568600249E-04  8.4048134802263E-04  5.1610569989010E-04 -2.8693142111627E-03
 -1.2890193871697E-03 -1.2890193871697E-03 -8.9360173607488E-04  3.6979421919217E-05
  1.8965218000834E-05  3.1763735522036E-22  8.8106076502769E-06  6.4599469564540E-05
  3.9898176335393E-05 -1.1670794180542E-20 -9.5423973286803E-06  6.7762635780344E-21
  3.0928993824008E-21 -9.4620812227775E-05  1.2705494208815E-21 -2.3617236900177E-04
 -4.9465188111433E-05 -6.7762635780344E-21 -3.4039241726900E-06  2.7349416255129E-06
 -7.4066272817094E-06  1.7864062389123E-05  1.8619013213581E-05  1.6617951915814E-04
  9.4863514806724E-05  8.2636787090044E-05  2.2445575035074E-05  4.9876522975767E-05
  7.9631895881568E-06  2.2621914195338E-05 -6.9932330918242E-06 -8.1129017026886E-05
 -5.1190455433520E-05 -6.0055348302356E-05  3.1393215623186E-06  2.0828515354330E-03
  0.0000000000000E+00  0.0000000000000E+00 -1.6362188310727E-03  0.0000000000000E+00
  3.4955805522576E-03 -1.6940658945086E-21  0.0000000000000E+00  0.0000000000000E+00
 -1.6940658945086E-21  3.4955805522576E-03  0.0000000000000E+00  3.1099817482089E-03
 -2.4074124304840E-35  2.4074124304840E-35 -3.0543874204887E-03  9.9306962360957E-05
  1.1022664754381E-04 -2.1175823681319E-22  3.3019485096915E-05  2.5482575063256E-04
 -8.3280652468384E-05 -8.4703294725430E-22 -3.3960341454308E-05 -5.0821976835258E-21
 -4.2351647362715E-21  4.5620282180110E-04 -1.0164395367052E-20  4.3541741527189E-05
  3.7717136248537E-04 -6.7762635780344E-21  6.2167061295781E-04 -5.1120080190411E-05
 -8.8369949715263E-05 -8.8369949715263E-05  1.8489725842415E-04 -4.5715370573116E-04
 -1.4122790546570E-04 -8.7744889056597E-05 -9.4788447869746E-04 -4.5715370573116E-04
 -8.7744889056597E-05 -1.4122790546570E-04 -9.4788447869746E-04  1.3678472947404E-03
  7.6721005427012E-04  7.6721005427012E-04  8.5687472895884E-04 -2.8436392102754E-07
  9.3998737609597E-06  0.0000000000000E+00 -1.9708002394211E-05  6.8309629656100E-05
  6.1132331900657E-05 -1.8570097467464E-21 -8.2894455231623E-06 -1.6940658945086E-21
 -1.6631484428748E-21  1.4843736471406E-04 -5.0821976835258E-21  2.2175879392207E-04
  1.6935043935332E-04 -8.4703294725430E-21 -3.3798191563975E-06  2.6325786236635E-06
 -3.4270575579143E-06  3.6459282863577E-06 -4.7177743807969E-07 -5.3154269809814E-05
 -1.2746990834438E-06 -4.2394378443979E-05 -8.4140373114494E-05 -4.0869572564684E-05
 -3.7387249369155E-06 -4.1049181496180E-05  2.8765504686463E-05  5.1165195402636E-06
 -2.5775656206482E-05  5.9937804482062E-05 -5.5202687019875E-06  7.8434173545074E-04
 -2.6445782438299E-03 -2.6445782438299E-03  3.6034022504608E-03  6.7986800649128E-05
 -3.0090251645515E-04 -1.0803931059101E-04  1.3455675270835E-04 -4.9644760874514E-03
 -2.7987980740966E-03 -2.7987980740966E-03  5.2881606231086E-03  1.2680535682595E-02
  7.4756324441206E-03  1.1998853611522E-02 -1.6056823788475E-02  1.2680535682595E-02
  1.1998853611522E-02  7.4756324441206E-03 -1.6056823788475E-02 -1.7802056011190E-02
 -1.5615556554653E-02 -1.5615556554653E-02  2.0889862508466E-02 -2.9625812003484E-04
  2.6160720160648E-04 -9.3071408826222E-05 -1.9686516966571E-05  1.5356115115216E-03
  1.0255061304774E-03  7.6777241747118E-04 -7.0814743003474E-04  5.0441270896933E-04
  6.0550755098186E-04 -1.8535000002457E-04  1.6063192456241E-04 -8.1264609762362E-04
 -1.0008763268539E-03  9.9031310450663E-06 -2.8103474328745E-04 -1.5350257017399E-05
  1.7809876833981E-04  1.7809876833981E-04 -2.8772680853045E-04  2.2416320179306E-04
  2.0072515235433E-05  5.4442605001014E-05  2.2125228969047E-04  2.2416320179306E-04
  5.4442605001014E-05  2.0072515235433E-05  2.2125228969047E-04 -1.0113741750780E-04
  4.4491920502489E-05  4.4491920502489E-05 -8.7218617514232E-05 -3.8809547066391E-03
 -2.8877318051260E-03 -2.8877318051260E-03  5.1314881540754E-03  4.8475898657338E-03
  7.5686795778783E-03  9.1874402979474E-03 -1.2176371337098E-02  4.8475898657338E-03
  9.1874402979474E-03  7.5686795778783E-03 -1.2176371337098E-02 -6.6717489176058E-03
 -1.1965972786573E-02 -1.1965972786573E-02  1.7403213603296E-02 -4.3426884955360E-05
  2.2190981037212E-04 -6.3809177329318E-05  5.0752520815616E-05 -5.4575105926339E-05
  8.3472600661134E-04  3.1700295533385E-04 -5.7520940290224E-04 -6.8851035447751E-05
  1.5018392304741E-04 -2.2375369198521E-05 -3.4245091387672E-04  1.7527084477658E-04
 -2.3675969522392E-04 -2.3473304835891E-04  3.3281547942320E-04  2.6903268536985E-05
  1.7639963124373E-04  1.7639963124373E-04 -2.5852888640067E-04 -1.2443096365200E-04
 -1.0381785362319E-04 -1.7060984707645E-04  2.5397902959342E-04 -1.2443096365200E-04
 -1.7060984707645E-04 -1.0381785362319E-04  2.5397902959342E-04  2.7164451560091E-04
  3.0899494696190E-04  3.0899494696190E-04 -1.4140563722309E-04  1.9196359867236E-05
  7.5732307881524E-05  2.3133697946269E-05 -5.0339816414717E-05 -6.1216545615132E-05
  6.7643943809949E-05 -2.6543492632949E-05  4.7739010871642E-05 -1.7102068819394E-05
 -2.6687193902168E-05  1.8592186842804E-05  3.8333419962723E-05  5.8405441029345E-05
  8.0005082618294E-05  3.9603802147995E-05  1.6435015572070E-06  2.7967268935897E-03
 -6.8992591329582E-03 -6.8992591329582E-03  0.0000000000000E+00  9.8988699886070E-05
 -4.7456242272164E-04  4.4413878046535E-05  0.0000000000000E+00 -1.5772236852396E-02
 -1.0420371613658E-02 -1.0420371613658E-02  0.0000000000000E+00  4.4203931897064E-02
  2.5291032314570E-02  3.4210362041265E-02  0.0000000000000E+00  4.4203931897064E-02
  3.4210362041265E-02  2.5291032314570E-02  0.0000000000000E+00  0.0000000000000E+00
  0.0000000000000E+00  0.0000000000000E+00 -8.8865933106844E-03 -6.1297061136361E-04
 -3.2809538144223E-04 -1.6691610412587E-04  0.0000000000000E+00  3.3099004530174E-03
  1.3541888200041E-03  2.2683202441004E-03  0.0000000000000E+00 -4.0305446431855E-04
 -1.2234292249661E-04 -3.2915442788394E-04  0.0000000000000E+00  0.0000000000000E+00
  0.0000000000000E+00  0.0000000000000E+00  1.3261721084087E-04  1.2673780044225E-04
  4.2353929940518E-04  4.2353929940518E-04  0.0000000000000E+00  9.6716940167791E-05
 -2.2040407280150E-04 -2.3550276740880E-04  0.0000000000000E+00  9.6716940167793E-05
 -2.3550276740881E-04 -2.2040407280150E-04  0.0000000000000E+00  0.0000000000000E+00
  0.0000000000000E+00  0.0000000000000E+00  1.5310583595719E-05  1.6567304333418E-03
  1.5178935793805E-03  1.5178935793805E-03  0.0000000000000E+00 -1.4578810377150E-03
 -4.6815645446894E-04 -3.9552319704674E-03  0.0000000000000E+00 -1.4578810377150E-03
 -3.9552319704674E-03 -4.6815645446894E-04  0.0000000000000E+00  0.0000000000000E+00
  0.0000000000000E+00  0.0000000000000E+00  3.2061328496103E-03 -1.5359675407448E-04
 -2.2799564217444E-04 -6.2148974228110E-05  0.0000000000000E+00 -6.6874707949773E-04
  8.0689111908815E-05 -8.6168689591833E-04  0.0000000000000E+00  4.6174874280113E-04
  6.9148873608824E-04  9.4596101096985E-05  0.0000000000000E+00  0.0000000000000E+00
  0.0000000000000E+00  0.0000000000000E+00 -3.2741346899262E-05  1.4516992177874E-04
  1.3992797778360E-04  1.3992797778360E-04  0.0000000000000E+00 -2.4488105059174E-04
 -2.9837100238562E-04 -2.2439833142279E-04  0.0000000000000E+00 -2.4488105059174E-04
 -2.2439833142279E-04 -2.9837100238562E-04  0.0000000000000E+00  0.0000000000000E+00
  0.0000000000000E+00  0.0000000000000E+00 -7.5804404550648E-05 -1.4670016578887E-01
 -3.0814879110196E-33  0.0000000000000E+00  0.0000000000000E+00  9.5598443884884E-04
 -5.4430783779245E-03  1.0164395367052E-19  0.0000000000000E+00 -1.3398438210995E-03
  9.1858604039511E-04  9.1858604039511E-04  0.0000000000000E+00  9.7696144320500E-05
 -4.4096660186066E-04  1.3552527156069E-20  0.0000000000000E+00  5.8310323383966E-01
  0.0000000000000E+00  0.0000000000000E+00  0.0000000000000E+00  0.0000000000000E+00
  6.7544048273032E-01  0.0000000000000E+00  0.0000000000000E+00  6.1629758220392E-33
  0.0000000000000E+00  6.7544048273032E-01  0.0000000000000E+00  0.0000000000000E+00
  0.0000000000000E+00  0.0000000000000E+00  6.7559236772874E-01 -5.1516211834912E-03
 -9.2199587388772E-03  6.7762635780344E-20  0.0000000000000E+00  2.5913855786688E-02
  4.6524773020919E-02  0.0000000000000E+00  0.0000000000000E+00  1.6263032587283E-19
  0.0000000000000E+00 -3.9743694696206E-03  0.0000000000000E+00  0.0000000000000E+00
  0.0000000000000E+00  0.0000000000000E+00 -4.7765580717124E-03  6.8092938957586E-04
  1.7950473892914E-03  1.7950473892914E-03  0.0000000000000E+00  4.4435996527595E-04
 -7.2884050898981E-04  1.9038969968833E-04  0.0000000000000E+00  4.4435996527595E-04
  1.9038969968833E-04 -7.2884050898982E-04  0.0000000000000E+00  0.0000000000000E+00
  0.0000000000000E+00  0.0000000000000E+00 -5.7870052469711E-04 -3.8193102953488E-04
  3.6008533590809E-04  0.0000000000000E+00  0.0000000000000E+00  2.7542612777041E-03
  2.8511549985602E-03 -4.3371340802499E-19  0.0000000000000E+00 -5.4210108624275E-20
 -4.3369383025828E-19 -1.5191882999175E-04  0.0000000000000E+00  0.0000000000000E+00
  0.0000000000000E+00  0.0000000000000E+00 -6.3940498857939E-05  1.9532639249278E-05
  2.6848675105744E-04 -2.8266832002318E-05  0.0000000000000E+00  2.0553751313212E-04
 -1.3358790266377E-04  1.5995732438613E-04  0.0000000000000E+00  1.2181688697417E-04
  6.1536708373928E-05  7.7847827810265E-05  0.0000000000000E+00  0.0000000000000E+00
  0.0000000000000E+00  0.0000000000000E+00 -3.2846731889503E-05  4.1201278807993E-01
  0.0000000000000E+00  0.0000000000000E+00  0.0000000000000E+00  0.0000000000000E+00
  5.6248243065222E-01  4.3368086899420E-19  0.0000000000000E+00  0.0000000000000E+00
  4.3368086899420E-19  5.6248243065222E-01  0.0000000000000E+00  0.0000000000000E+00
  0.0000000000000E+00  0.0000000000000E+00  5.6290384282213E-01 -3.7965654523887E-03
 -9.0585195982518E-03  0.0000000000000E+00  0.0000000000000E+00  9.0585195982518E-03
  3.7848043454308E-02  2.1684043449710E-19  0.0000000000000E+00 -2.7105054312138E-20
  2.1684043449710E-19 -1.6939331992678E-03  0.0000000000000E+00  0.0000000000000E+00
  0.0000000000000E+00  0.0000000000000E+00 -1.7587104091463E-03  1.5661569078491E-03
  2.3262303738151E-03  2.3262303738151E-03  0.0000000000000E+00 -2.3262303738152E-03
 -2.5360813228059E-03 -1.0950007874557E-03  0.0000000000000E+00 -2.3262303738152E-03
 -1.0950007874557E-03 -2.5360813228059E-03  0.0000000000000E+00  0.0000000000000E+00
  0.0000000000000E+00  0.0000000000000E+00 -7.8957395598960E-04 -6.3543985204205E-05
  3.4324311239024E-04  0.0000000000000E+00  0.0000000000000E+00 -3.4324311239024E-04
  5.4506779006048E-04 -4.6735019531621E-21  0.0000000000000E+00  2.7105054312138E-20
 -3.1036267072980E-21 -1.3478537357278E-04  0.0000000000000E+00  0.0000000000000E+00
  0.0000000000000E+00  0.0000000000000E+00  1.6836030308794E-04  2.0334108831495E-05
  2.7823886857278E-04 -4.7171299328864E-05  0.0000000000000E+00 -2.7823886857278E-04
 -5.1553285201403E-04  2.0760185851704E-05  0.0000000000000E+00  4.7171299328863E-05
  2.0760185851704E-05  1.0869313549703E-04  0.0000000000000E+00  0.0000000000000E+00
  0.0000000000000E+00  0.0000000000000E+00  8.5410759238684E-05  6.2353968251411E-05
  1.0094547619859E-04  1.0094547619859E-04  0.0000000000000E+00 -1.0094547619859E-04
 -1.1645697402317E-04 -1.1672349434208E-04  0.0000000000000E+00 -1.0094547619859E-04
 -1.1672349434208E-04 -1.1645697402317E-04  0.0000000000000E+00  0.0000000000000E+00
  0.0000000000000E+00  0.0000000000000E+00  2.7776091560618E-05  6.2644702782447E-07
  9.6296497219362E-35 -1.4444474582904E-34  7.0290762171933E-06  9.6813565313478E-05
  2.4888244073813E-04  2.4888244073813E-04 -3.0072010359420E-04 -5.8449100326802E-03
  0.0000000000000E+00  3.8518598887745E-34  7.1982077701656E-03  0.0000000000000E+00
  2.1364063830945E-04 -8.6736173798840E-19 -9.6296497219362E-35  3.8518598887745E-34
 -8.6736173798840E-19  2.1364063830945E-04 -1.2037062152420E-34 -7.1982077701656E-03
  9.6296497219362E-35  1.2037062152420E-34  7.8040907888347E-03 -4.5418284133408E-05
  1.5407439555098E-33 -1.5407439555098E-33 -6.2745048355949E-05  0.0000000000000E+00
 -1.3114598124370E-04  1.0164395367052E-20  0.0000000000000E+00  0.0000000000000E+00
 -1.6940658945086E-20 -1.3114598124370E-04 -1.3240768367662E-34  1.6141745062533E-03
  0.0000000000000E+00  0.0000000000000E+00 -1.9010214558763E-03  3.4086190083015E-05
  7.4941852843912E-05  3.3881317890172E-21  7.2734624243303E-05  3.6672646982828E-05
 -5.8065652909423E-05  0.0000000000000E+00 -3.4117076675252E-05  2.0328790734103E-20
  0.0000000000000E+00  7.3119282218049E-06 -2.5410988417629E-21 -5.5664060198702E-05
  7.1639997508798E-05 -2.5410988417629E-21  8.2654349789699E-05 -1.3873849086246E-03
 -2.3498614633612E-03 -2.3498614633612E-03  2.3459599894142E-03 -3.3710151187180E-04
 -2.4521370078336E-04 -3.5445917018125E-04  7.5285205639292E-04 -3.3710151187180E-04
 -3.5445917018124E-04 -2.4521370078336E-04  7.5285205639292E-04 -1.5577415304091E-03
 -2.2981585087204E-03 -2.2981585087204E-03  2.0460818119029E-03 -6.1296717508353E-04
 -1.8974816442784E-03 -1.8974816442784E-03  2.0502081824948E-03  7.2487378176971E-05
 -2.2382573883780E-04 -3.6108027143655E-04  3.5304497943289E-04  7.2487378176970E-05
 -3.6108027143655E-04 -2.2382573883780E-04  3.5304497943289E-04 -4.9203233563048E-04
 -1.5570049673038E-03 -1.5570049673038E-03  1.7482828930978E-03  2.5065619896001E-05
 -1.9527776969671E-04  1.4914071303099E-04  2.0777846766495E-05  4.8266435309883E-06
  1.9269966449219E-05 -2.8565311808965E-05 -4.4567150334320E-05 -7.8904733333332E-06
 -1.2002903034905E-05 -3.3321540344067E-05 -2.7563466764569E-05 -3.7647915055677E-06
 -5.6759166658827E-05  5.5579106576648E-06 -8.0248036922235E-05  1.3538909482665E-04
  0.0000000000000E+00  0.0000000000000E+00 -5.7023390173306E-05  0.0000000000000E+00
  4.6674339833668E-05  4.2351647362715E-22  0.0000000000000E+00  0.0000000000000E+00
  4.2351647362715E-22  4.6674339833668E-05  0.0000000000000E+00  5.7023390173306E-05
  0.0000000000000E+00  0.0000000000000E+00  6.2280410379774E-05 -1.2225436017857E-05
  1.2299627705455E-05  2.5410988417629E-21 -7.7560834648255E-06 -1.2299627705455E-05
 -2.0728361736236E-05 -4.2351647362715E-22 -1.8330065072518E-05 -1.4823076576950E-21
 -4.2351647362715E-22  1.9412070091749E-05  4.2351647362715E-22  7.7560834648255E-06
 -1.8330065072518E-05 -1.2705494208815E-21  1.6088394258249E-05 -2.9051890260537E-05
 -6.4639415206698E-06 -6.4639415206698E-06  6.7940580417108E-06  6.4639415206698E-06
 -6.5703802265908E-06 -6.0195931669669E-06 -3.3527243058072E-05  6.4639415206698E-06
 -6.0195931669669E-06 -6.5703802265908E-06 -3.3527243058072E-05 -6.7940580417108E-06
 -3.3527243058072E-05 -3.3527243058072E-05 -3.5867957165664E-07  9.6789328342093E-06
 -2.2266327620819E-04 -2.2266327620819E-04 -6.4170295668387E-05 -2.2160885875089E-04
  9.9691822179988E-04  9.9691822179988E-04 -2.4860982899794E-04  5.8208278117156E-05
  6.2457892540776E-05  1.5814466106527E-04 -8.5615077905349E-04  5.8208278117156E-05
  1.5814466106527E-04  6.2457892540776E-05 -8.5615077905349E-04 -4.0262566908077E-04
  1.0111521057848E-03  1.0111521057848E-03  9.1173809439941E-05 -1.6572519097549E-04
  8.4797548513371E-04  8.4797548513371E-04 -1.6818001032684E-04  8.2753726992519E-05
  6.9965758118694E-05  1.5138638667397E-04 -7.0520072126475E-04  8.2753726992519E-05
  1.5138638667397E-04  6.9965758118694E-05 -7.0520072126475E-04 -1.3410341026383E-04
  8.5582486498913E-04  8.5582486498913E-04 -5.9669699083354E-06  8.4567316597879E-06
  1.2766764423413E-04 -2.1798187825909E-04  9.3789880150427E-05 -1.7786311579139E-05
  8.5555763703822E-06  1.2942723510520E-04 -8.0810401232155E-06  6.2376523931463E-06
  1.3889388764509E-07  9.5996971337416E-05  2.9218602260655E-05  1.3718960084994E-05
  7.1663625753803E-05 -7.5384522005588E-05  1.9507281494637E-04  9.2867807249899E-04
  0.0000000000000E+00 -2.4074124304840E-35 -3.7729804543486E-04 -1.5062244167984E-03
  4.8148248609681E-35  4.8148248609681E-35  1.0245529705360E-03  5.7362664623345E-05
  1.4221600782101E-04 -2.0328790734103E-20 -2.6423792665809E-04  1.1202545698693E-04
  2.2222446098713E-04  2.2222446098713E-04 -3.3776488876183E-04 -7.6172908096962E-04
  0.0000000000000E+00  0.0000000000000E+00  3.2257267798845E-03  0.0000000000000E+00
 -1.7484375675918E-04 -1.0842021724855E-18  0.0000000000000E+00  0.0000000000000E+00
 -1.0842021724855E-18 -1.7484375675918E-04  0.0000000000000E+00 -3.2257267798845E-03
  0.0000000000000E+00  0.0000000000000E+00  4.5235844497075E-03 -7.4794117072036E-04
 -1.0357669636320E-03  8.1315162936413E-20  1.3623126299116E-03  1.0357669636320E-03
  6.2005561955810E-04  4.3368086899420E-19 -9.3517334798747E-04  3.5236570605779E-19
  4.3368086899420E-19 -2.4781848676547E-03  8.4703294725430E-21 -1.3623126299116E-03
 -9.3517334798746E-04 -3.8963515573698E-20  1.4871696133371E-03  5.8256364178064E-05
  0.0000000000000E+00 -1.9259299443872E-34  2.1439857179285E-03  0.0000000000000E+00
 -9.0823544779758E-04  2.1684043449710E-19 -1.9259299443872E-34 -1.9259299443872E-34
  2.1684043449710E-19 -9.0823544779758E-04  0.0000000000000E+00  4.3209482000206E-03
  0.0000000000000E+00  0.0000000000000E+00 -1.6466395207549E-03 -3.0969324834303E-04
 -9.4072384992753E-04  1.2197274440462E-19  1.2100225243597E-03 -2.6850182832747E-04
  3.9956588468700E-04  3.2526065174565E-19 -5.0269588101276E-04 -2.7105054312138E-20
  3.2526065174565E-19 -9.8417628975140E-04 -2.5410988417629E-20 -1.2268989870287E-04
 -1.0702446077481E-03  8.4703294725421E-22  1.2605589523766E-03 -4.7461168927135E-04
 -1.3976470254719E-03 -1.3976470254719E-03  2.0178687484538E-03 -2.7677096282210E-04
  5.5820903694763E-04  6.2834799885350E-04 -1.0502531162647E-03 -2.7677096282210E-04
  6.2834799885350E-04  5.5820903694763E-04 -1.0502531162647E-03  4.2037911899665E-04
 -1.0289486231362E-03 -1.0289486231362E-03  1.2896130601636E-03  1.0500323692648E-03
  0.0000000000000E+00  0.0000000000000E+00 -4.0650689364493E-03  0.0000000000000E+00
 -1.3324837940831E-03 -1.0842021724855E-19  0.0000000000000E+00  0.0000000000000E+00
 -1.0842021724855E-19 -1.3324837940831E-03  0.0000000000000E+00  4.0650689364493E-03
  0.0000000000000E+00  0.0000000000000E+00 -5.5101120472488E-03 -9.3496035408693E-05
  1.6011281642921E-04  6.0986372202310E-20  8.9325262640177E-05 -1.6011281642921E-04
  2.2861964731362E-04 -1.0842021724855E-19 -6.4982284428185E-04  1.3552527156069E-20
 -1.0842021724855E-19  8.6084861393015E-05 -1.6517142471459E-20 -8.9325262640178E-05
 -6.4982284428185E-04  1.1434944787933E-20  9.6275490710343E-04 -1.0990318861860E-04
  2.5155633969176E-04  2.5155633969176E-04 -3.2614821759699E-04 -2.5155633969176E-04
  3.5474955158144E-05 -1.0774108516554E-04 -2.1330856373825E-04 -2.5155633969176E-04
 -1.0774108516554E-04  3.5474955158144E-05 -2.1330856373825E-04  3.2614821759699E-04
 -2.1330856373825E-04 -2.1330856373825E-04  1.4026587930659E-04  4.6411916641621E-06
  8.5889373559600E-06  0.0000000000000E+00  8.3841290974509E-06 -8.5889373559600E-06
  8.8670260796032E-05 -2.7846665921106E-21 -1.1972997971726E-04  1.3552527156069E-20
  1.1077269403107E-20 -7.4249360245065E-05 -3.3881317890172E-21 -8.3841290974510E-06
 -1.1972997971726E-04 -2.5410988417629E-21  2.2612951256918E-05  2.5448669554280E-05
  1.0285106074607E-04  5.2772233921971E-06 -1.5923043417744E-05 -1.0285106074607E-04
 -8.6053126945840E-05 -2.5779500297724E-06 -1.6014261433704E-05 -5.2772233921972E-06
 -2.5779500297724E-06  8.9063307195658E-05 -5.4809308561348E-05  1.5923043417744E-05
 -1.6014261433702E-05 -5.4809308561347E-05  1.0970918516265E-04
   NCF
         0         2         4         6         8        10        12        14
        16        18        20        22        24        26        28        30
        32        34        36        38        40        42        44        46
        48        50        52        53        55        57        59        61
        63        65        66        67        69        71        73        75
        77        79        80        81        82        84        86        88
        90        92        94        95        96        97        98       100
       102       104       106       108       110       111       112       113
       114       115       117       119       121       123       125       127
       128       129       130       131       132       133       135       137
       139       141       143       145       147       149       151       153
       155       157       159       161       163
NSTATG
         0         1         9        57        69       117       181       182
       186       194       196       200       232       264       276       324
       332       380       428       444       524       620       624       628
       629       637       649       650       654       670       702       710
       758       838       846       894       898       930       962       974
      1022      1102      1114      1162      1226      1227      1235      1247
      1248      1252      1260      1261      1265      1273      1275      1283
      1331      1379      1383      1415      1463      1467      1499      1531
      1543      1591      1603      1683      1763      1771      1819      1883
      1891      1939      1987      2003      2083      2179      2183      2187
      2203      2235      2251      2283      2331      2335      2351      2383
      2387      2399      2431      2479      2559
NSTAFG
         0         1         5        37        45        77       125       125
       129       133       134       138       154       170       178       210
       214       246       278       290       338       402       402       406
       406       410       418       419       419       435       451       455
       471       519       523       555       559       575       591       595
       627       675       683       715       763       763       767       771
       771       775       779       779       783       787       788       792
       824       856       860       876       892       896       912       928
       936       968       976      1024      1072      1076      1092      1124
      1128      1160      1192      1204      1252      1316      1316      1316
      1316      1316      1316      1332      1348      1348      1348      1364
      1364      1368      1368      1384      1432
    LG
         0         0         0        -1         0         0         1         0
         0         0        -1         0         0         1         0        -1
        -1         0         1         1         0        -1         1         0
         1        -1         0        -2         0         0         2         0
         0         0        -2         0         0         2         0        -2
        -1         0         2         1         0        -2         1         0
         2        -1         0        -1        -2         0         1         2
         0        -1         2         0         1        -2         0        -2
        -2         0         2         2         0        -2         2         0
         2        -2         0        -3         0         0         3         0
         0         0        -3         0         0         3         0        -3
        -1         0         3         1         0        -3         1         0
         3        -1         0        -1        -3         0         1         3
         0        -1         3         0         1        -3         0        -3
        -2         0         3         2         0        -3         2         0
         3        -2         0        -2        -3         0         2         3
         0        -2         3         0         2        -3         0        -4
         0         0         4         0         0         0        -4         0
         0         4         0        -4        -1         0         4         1
         0        -4         1         0         4        -1         0        -1
        -4         0         1         4         0        -1         4         0
         1        -4         0        -3        -3         0         3         3
         0        -3         3         0         3        -3         0        -4
        -2         0         4         2         0        -4         2         0
         4        -2         0        -2        -4         0         2         4
         0        -2         4         0         2        -4         0        -5
         0         0         5         0         0        -4        -3         0
         4         3         0        -4         3         0         4        -3
         0        -3        -4         0         3         4         0        -3
         4         0         3        -4         0         0        -5         0
         0         5         0        -5        -1         0         5         1
         0        -5         1         0         5        -1         0        -1
        -5         0         1         5         0        -1         5         0
         1        -5         0        -5        -2         0         5         2
         0        -5         2         0         5        -2         0        -2
        -5         0         2         5         0        -2         5         0
         2        -5         0        -4        -4         0         4         4
         0        -4         4         0         4        -4         0        -5
        -3         0         5         3         0        -5         3         0
         5        -3         0        -3        -5         0         3         5
         0        -3         5         0         3        -5         0        -6
         0         0         6         0         0         0        -6         0
         0         6         0        -6        -1         0         6         1
         0        -6         1         0         6        -1         0        -1
        -6         0         1         6         0        -1         6         0
         1        -6         0        -6        -2         0         6         2
         0        -6         2         0         6        -2         0        -2
        -6         0         2         6         0        -2         6         0
         2        -6         0        -5        -4         0         5         4
         0        -5         4         0         5        -4         0        -4
        -5         0         4         5         0        -4         5         0
         4        -5         0        -6        -3         0         6         3
         0        -6         3         0         6        -3         0        -3
        -6         0         3         6         0        -3         6         0
         3        -6         0        -7         0         0         7         0
         0         0        -7         0         0         7         0        -7
        -1         0         7         1         0        -7         1         0
         7        -1         0        -5        -5         0         5         5
         0        -5         5         0         5        -5         0        -1
        -7         0         1         7         0        -1         7         0
         1        -7         0        -6        -4         0         6         4
         0        -6         4         0         6        -4         0        -4
        -6         0         4         6         0        -4         6         0
         4        -6         0        -7        -2         0         7         2
         0        -7         2         0         7        -2         0        -2
        -7         0         2         7         0        -2         7         0
         2        -7         0        -7        -3         0         7         3
         0        -7         3         0         7        -3         0        -3
        -7         0         3         7         0        -3         7         0
         3        -7         0        -6        -5         0         6         5
         0        -6         5         0         6        -5         0        -5
        -6         0         5         6         0        -5         6         0
         5        -6         0        -8         0         0         8         0
         0         0        -8         0         0         8         0        -8
        -1         0         8         1         0        -8         1         0
         8        -1         0        -7        -4         0         7         4
         0        -7         4         0         7        -4         0        -4
        -7         0         4         7         0        -4         7         0
         4        -7         0        -1        -8         0         1         8
         0        -1         8         0         1        -8         0        -8
        -2         0         8         2         0        -8         2         0
         8        -2         0        -2        -8         0         2         8
         0        -2         8         0         2        -8         0        -6
        -6         0         6         6         0        -6         6         0
         6        -6         0        -8        -3         0         8         3
         0        -8         3         0         8        -3         0        -3
        -8         0         3         8         0        -3         8         0
         3        -8         0        -7        -5         0         7         5
         0        -7         5         0         7        -5         0        -5
        -7         0         5         7         0        -5         7         0
         5        -7         0        -8        -4         0         8         4
         0        -8         4         0         8        -4         0        -4
        -8         0         4         8         0        -4         8         0
         4        -8         0        -9         0         0         9         0
         0         0        -9         0         0         9         0        -9
        -1         0         9         1         0        -9         1         0
         9        -1         0        -1        -9         0         1         9
         0        -1         9         0         1        -9         0        -9
        -2         0         9         2         0        -9         2         0
         9        -2         0        -7        -6         0         7         6
         0        -7         6         0         7        -6         0        -6
        -7         0         6         7         0        -6         7         0
         6        -7         0        -2        -9         0         2         9
         0        -2         9         0         2        -9         0        -8
        -5         0         8         5         0        -8         5         0
         8        -5         0        -5        -8         0         5         8
         0        -5         8         0         5        -8         0        -9
        -3         0         9         3         0        -9         3         0
         9        -3         0        -3        -9         0         3         9
         0        -3         9         0         3        -9         0        -9
        -4         0         9         4         0        -9         4         0
         9        -4         0        -4        -9         0         4         9
         0        -4         9         0         4        -9         0        -7
        -7         0         7         7         0        -7         7         0
         7        -7         0       -10         0         0        10         0
         0        -8        -6         0         8         6         0        -8
         6         0         8        -6         0        -6        -8         0
         6         8         0        -6         8         0         6        -8
         0         0       -10         0         0        10         0       -10
        -1         0        10         1         0       -10         1         0
        10        -1         0        -1       -10         0         1        10
         0        -1        10         0         1       -10         0       -10
        -2         0        10         2         0       -10         2         0
        10        -2         0        -2       -10         0         2        10
         0        -2        10         0         2       -10         0        -9
        -5         0         9         5         0        -9         5         0
         9        -5         0        -5        -9         0         5         9
         0        -5         9         0         5        -9         0       -10
        -3         0        10         3         0       -10         3         0
        10        -3         0        -3       -10         0         3        10
         0        -3        10         0         3       -10         0        -8
        -7         0         8         7         0        -8         7         0
         8        -7         0        -7        -8         0         7         8
         0        -7         8         0         7        -8         0       -10
        -4         0        10         4         0       -10         4         0
        10        -4         0        -4       -10         0         4        10
         0        -4        10         0         4       -10         0        -9
        -6         0         9         6         0        -9         6         0
         9        -6         0        -6        -9         0         6         9
         0        -6         9         0         6        -9         0       -11
         0         0        11         0         0         0       -11         0
         0        11         0       -11        -1         0        11         1
         0       -11         1         0        11        -1         0        -1
       -11         0         1        11         0        -1        11         0
         1       -11         0       -11        -2         0        11         2
         0       -11         2         0        11        -2         0       -10
        -5         0        10         5         0       -10         5         0
        10        -5         0        -5       -10         0         5        10
         0        -5        10         0         5       -10         0        -2
       -11         0         2        11         0        -2        11         0
         2       -11         0        -8        -8         0         8         8
         0        -8         8         0         8        -8         0       -11
        -3         0        11         3         0       -11         3         0
        11        -3         0        -9        -7         0         9         7
         0        -9         7         0         9        -7         0        -7
        -9         0         7         9         0        -7         9         0
         7        -9         0        -3       -11         0         3        11
         0        -3        11         0         3       -11         0       -10
        -6         0        10         6         0       -10         6         0
        10        -6         0        -6       -10         0         6        10
         0        -6        10         0         6       -10         0       -11
        -4         0        11         4         0       -11         4         0
        11        -4         0        -4       -11         0         4        11
         0        -4        11         0         4       -11         0       -12
         0         0        12         0         0         0       -12         0
         0        12         0       -12        -1         0        12         1
         0       -12         1         0        12        -1         0        -9
        -8         0         9         8         0        -9         8         0
         9        -8         0        -8        -9         0         8         9
         0        -8         9         0         8        -9         0        -1
       -12         0         1        12         0        -1        12         0
         1       -12         0       -11        -5         0        11         5
         0       -11         5         0        11        -5         0        -5
       -11         0         5        11         0        -5        11         0
         5       -11         0       -12        -2         0        12         2
         0       -12         2         0        12        -2         0        -2
       -12         0         2        12         0        -2        12         0
         2       -12         0       -10        -7         0        10         7
         0       -10         7         0        10        -7         0        -7
       -10         0         7        10         0        -7        10         0
         7       -10         0       -12        -3         0        12         3
         0       -12         3         0        12        -3         0        -3
       -12         0         3        12         0        -3        12         0
         3       -12         0       -11        -6         0        11         6
         0       -11         6         0        11        -6         0        -6
       -11         0         6        11         0        -6        11         0
         6       -11         0       -12        -4         0        12         4
         0       -12         4         0        12        -4         0        -4
       -12         0         4        12         0        -4        12         0
         4       -12         0        -9        -9         0         9         9
         0        -9         9         0         9        -9         0       -10
        -8         0        10         8         0       -10         8         0
        10        -8         0        -8       -10         0         8        10
         0        -8        10         0         8       -10         0       -13
         0         0        13         0         0       -12        -5         0
        12         5         0       -12         5         0        12        -5
         0        -5       -12         0         5        12         0        -5
        12         0         5       -12         0         0       -13         0
         0        13         0       -13        -1         0        13         1
         0       -13         1         0        13        -1         0       -11
        -7         0        11         7         0       -11         7         0
        11        -7         0        -7       -11         0         7        11
         0        -7        11         0         7       -11         0        -1
       -13         0         1        13         0        -1        13         0
         1       -13         0       -13        -2         0        13         2
         0       -13         2         0        13        -2         0        -2
       -13         0         2        13         0        -2        13         0
         2       -13         0       -13        -3         0        13         3
         0       -13         3         0        13        -3         0        -3
       -13         0         3        13         0        -3        13         0
         3       -13         0       -12        -6         0        12         6
         0       -12         6         0        12        -6         0        -6
       -12         0         6        12         0        -6        12         0
         6       -12         0       -10        -9         0        10         9
         0       -10         9         0        10        -9         0        -9
       -10         0         9        10         0        -9        10         0
         9       -10         0       -13        -4         0        13         4
         0       -13         4         0        13        -4         0       -11
        -8         0        11         8         0       -11         8         0
        11        -8         0        -8       -11         0         8        11
         0        -8        11         0         8       -11         0        -4
       -13         0         4        13         0        -4        13         0
         4       -13         0       -12        -7         0        12         7
         0       -12         7         0        12        -7         0        -7
       -12         0         7        12         0        -7        12         0
         7       -12         0       -13        -5         0        13         5
         0       -13         5         0        13        -5         0        -5
       -13         0         5        13         0        -5        13         0
         5       -13         0       -14         0         0        14         0
         0         0       -14         0         0        14         0       -14
        -1         0        14         1         0       -14         1         0
        14        -1         0        -1       -14         0         1        14
         0        -1        14         0         1       -14         0       -14
        -2         0        14         2         0       -14         2         0
        14        -2         0       -10       -10         0        10        10
         0       -10        10         0        10       -10         0        -2
       -14         0         2        14         0        -2        14         0
         2       -14         0       -11        -9         0        11         9
         0       -11         9         0        11        -9         0        -9
       -11         0         9        11         0        -9        11         0
         9       -11         0       -14        -3         0        14         3
         0       -14         3         0        14        -3         0       -13
        -6         0        13         6         0       -13         6         0
        13        -6         0        -6       -13         0         6        13
         0        -6        13         0         6       -13         0        -3
       -14         0         3        14         0        -3        14         0
         3       -14         0       -12        -8         0        12         8
         0       -12         8         0        12        -8         0        -8
       -12         0         8        12         0        -8        12         0
         8       -12         0       -14        -4         0        14         4
         0       -14         4         0        14        -4         0        -4
       -14         0         4        14         0        -4        14         0
         4       -14         0       -13        -7         0        13         7
         0       -13         7         0        13        -7         0        -7
       -13         0         7        13         0        -7        13         0
         7       -13         0       -14        -5         0        14         5
         0       -14         5         0        14        -5         0       -11
       -10         0        11        10         0       -11        10         0
        11       -10         0       -10       -11         0        10        11
         0       -10        11         0        10       -11         0        -5
       -14         0         5        14         0        -5        14         0
         5       -14         0       -15         0         0        15         0
         0       -12        -9         0        12         9         0       -12
         9         0        12        -9         0        -9       -12         0
         9        12         0        -9        12         0         9       -12
         0         0       -15         0         0        15         0       -15
        -1         0        15         1         0       -15         1         0
        15        -1         0        -1       -15         0         1        15
         0        -1        15         0         1       -15         0       -15
        -2         0        15         2         0       -15         2         0
        15        -2         0        -2       -15         0         2        15
         0        -2        15         0         2       -15         0       -14
        -6         0        14         6         0       -14         6         0
        14        -6         0        -6       -14         0         6        14
         0        -6        14         0         6       -14         0       -13
        -8         0        13         8         0       -13         8         0
        13        -8         0        -8       -13         0         8        13
         0        -8        13         0         8       -13         0       -15
        -3         0        15         3         0       -15         3         0
        15        -3         0        -3       -15         0         3        15
         0        -3        15         0         3       -15         0       -15
        -4         0        15         4         0       -15         4         0
        15        -4         0        -4       -15         0         4        15
         0        -4        15         0         4       -15         0       -11
       -11         0        11        11         0       -11        11         0
        11       -11         0       -12       -10         0        12        10
         0       -12        10         0        12       -10         0       -10
       -12         0        10        12         0       -10        12         0
        10       -12         0       -14        -7         0        14         7
         0       -14         7         0        14        -7         0        -7
       -14         0         7        14         0        -7        14         0
         7       -14         0       -15        -5         0        15         5
         0       -15         5         0        15        -5         0       -13
        -9         0        13         9         0       -13         9         0
        13        -9         0        -9       -13         0         9        13
         0        -9        13         0         9       -13         0        -5
       -15         0         5        15         0        -5        15         0
         5       -15         0       -16         0         0        16         0
         0         0       -16         0         0        16         0       -16
        -1         0        16         1         0       -16         1         0
        16        -1         0        -1       -16         0         1        16
         0        -1        16         0         1       -16         0       -16
        -2         0        16         2         0       -16         2         0
        16        -2         0       -14        -8         0        14         8
         0       -14         8         0        14        -8         0        -8
       -14         0         8        14         0        -8        14         0
         8       -14         0        -2       -16         0         2        16
         0        -2        16         0         2       -16         0       -15
        -6         0        15         6         0       -15         6         0
        15        -6         0        -6       -15         0         6        15
         0        -6        15         0         6       -15         0       -16
        -3         0        16         3         0       -16         3         0
        16        -3         0       -12       -11         0        12        11
         0       -12        11         0        12       -11         0       -11
       -12         0        11        12         0       -11        12         0
        11       -12         0        -3       -16         0         3        16
         0        -3        16         0         3       -16         0       -13
       -10         0        13        10         0       -13        10         0
        13       -10         0       -10       -13         0        10        13
         0       -10        13         0        10       -13         0       -16
        -4         0        16         4         0       -16         4         0
        16        -4         0        -4       -16         0         4        16
         0        -4        16         0         4       -16         0       -15
        -7         0        15         7         0       -15         7         0
        15        -7         0        -7       -15         0         7        15
         0        -7        15         0         7       -15         0       -14
        -9         0        14         9         0       -14         9         0
        14        -9         0        -9       -14         0         9        14
         0        -9        14         0         9       -14         0       -16
        -5         0        16         5         0       -16         5         0
        16        -5         0        -5       -16         0         5        16
         0        -5        16         0         5       -16         0       -12
       -12         0        12        12         0       -12        12         0
        12       -12         0       -17         0         0        17         0
         0       -15        -8         0        15         8         0       -15
         8         0        15        -8         0        -8       -15         0
         8        15         0        -8        15         0         8       -15
         0         0       -17         0         0        17         0       -17
        -1         0        17         1         0       -17         1         0
        17        -1         0       -13       -11         0        13        11
         0       -13        11         0        13       -11         0       -11
       -13         0        11        13         0       -11        13         0
        11       -13         0        -1       -17         0         1        17
         0        -1        17         0         1       -17         0       -16
        -6         0        16         6         0       -16         6         0
        16        -6         0        -6       -16         0         6        16
         0        -6        16         0         6       -16         0       -17
        -2         0        17         2         0       -17         2         0
        17        -2         0        -2       -17         0         2        17
         0        -2        17         0         2       -17         0       -14
       -10         0        14        10         0       -14        10         0
        14       -10         0       -10       -14         0        10        14
         0       -10        14         0        10       -14         0       -17
        -3         0        17         3         0       -17         3         0
        17        -3         0        -3       -17         0         3        17
         0        -3        17         0         3       -17         0       -17
        -4         0        17         4         0       -17         4         0
        17        -4         0       -16        -7         0        16         7
         0       -16         7         0        16        -7         0        -7
       -16         0         7        16         0        -7        16         0
         7       -16         0        -4       -17         0         4        17
         0        -4        17         0         4       -17         0       -15
        -9         0        15         9         0       -15         9         0
        15        -9         0        -9       -15         0         9        15
         0        -9        15         0         9       -15         0       -13
       -12         0        13        12         0       -13        12         0
        13       -12         0       -12       -13         0        12        13
         0       -12        13         0        12       -13         0       -17
        -5         0        17         5         0       -17         5         0
        17        -5         0        -5       -17         0         5        17
         0        -5        17         0         5       -17         0       -14
       -11         0        14        11         0       -14        11         0
        14       -11         0       -11       -14         0        11        14
         0       -11        14         0        11       -14         0       -16
        -8         0        16         8         0       -16         8         0
        16        -8         0        -8       -16         0         8        16
         0        -8        16         0         8       -16         0       -18
         0         0        18         0         0         0       -18         0
         0        18         0       -18        -1         0        18         1
         0       -18         1         0        18        -1         0       -17
        -6         0        17         6         0       -17         6         0
        17        -6         0       -15       -10         0        15        10
         0       -15        10         0        15       -10         0       -10
       -15         0        10        15         0       -10        15         0
        10       -15         0        -6       -17         0         6        17
         0        -6        17         0         6       -17         0        -1
       -18         0         1        18         0        -1        18         0
         1       -18         0       -18        -2         0        18         2
         0       -18         2         0        18        -2         0        -2
       -18         0         2        18         0        -2        18         0
         2       -18         0       -18        -3         0        18         3
         0       -18         3         0        18        -3         0        -3
       -18         0         3        18         0        -3        18         0
         3       -18         0       -16        -9         0        16         9
         0       -16         9         0        16        -9         0        -9
       -16         0         9        16         0        -9        16         0
         9       -16         0       -17        -7         0        17         7
         0       -17         7         0        17        -7         0       -13
       -13         0        13        13         0       -13        13         0
        13       -13         0        -7       -17         0         7        17
         0        -7        17         0         7       -17         0       -18
        -4         0        18         4         0       -18         4         0
        18        -4         0       -14       -12         0        14        12
         0       -14        12         0        14       -12         0       -12
       -14         0        12        14         0       -12        14         0
        12       -14         0        -4       -18         0         4        18
         0        -4        18         0         4       -18         0       -15
       -11         0        15        11         0       -15        11         0
        15       -11         0       -11       -15         0        11        15
         0       -11        15         0        11       -15         0       -18
        -5         0        18         5         0       -18         5         0
        18        -5         0        -5       -18         0         5        18
         0        -5        18         0         5       -18         0       -17
        -8         0        17         8         0       -17         8         0
        17        -8         0        -8       -17         0         8        17
         0        -8        17         0         8       -17         0       -16
       -10         0        16        10         0       -16        10         0
        16       -10         0       -10       -16         0        10        16
         0       -10        16         0        10       -16         0       -18
        -6         0        18         6         0       -18         6         0
        18        -6         0        -6       -18         0         6        18
         0        -6        18         0         6       -18         0       -19
         0         0        19         0         0         0       -19         0
         0        19         0       -19        -1         0        19         1
         0       -19         1         0        19        -1         0        -1
       -19         0         1        19         0        -1        19         0
         1       -19         0       -19        -2         0        19         2
         0       -19         2         0        19        -2         0       -14
       -13         0        14        13         0       -14        13         0
        14       -13         0       -13       -14         0        13        14
         0       -13        14         0        13       -14         0        -2
       -19         0         2        19         0        -2        19         0
         2       -19         0       -15       -12         0        15        12
         0       -15        12         0        15       -12         0       -12
       -15         0        12        15         0       -12        15         0
        12       -15         0       -19        -3         0        19         3
         0       -19         3         0        19        -3         0       -17
        -9         0        17         9         0       -17         9         0
        17        -9         0        -9       -17         0         9        17
         0        -9        17         0         9       -17         0        -3
       -19         0         3        19         0        -3        19         0
         3       -19         0       -18        -7         0        18         7
         0       -18         7         0        18        -7         0        -7
       -18         0         7        18         0        -7        18         0
         7       -18         0       -19        -4         0        19         4
         0       -19         4         0        19        -4         0       -16
       -11         0        16        11         0       -16        11         0
        16       -11         0       -11       -16         0        11        16
         0       -11        16         0        11       -16         0        -4
       -19         0         4        19         0        -4        19         0
         4       -19         0       -19        -5         0        19         5
         0       -19         5         0        19        -5         0        -5
       -19         0         5        19         0        -5        19         0
         5       -19         0       -18        -8         0        18         8
         0       -18         8         0        18        -8         0        -8
       -18         0         8        18         0        -8        18         0
         8       -18         0       -17       -10         0        17        10
         0       -17        10         0        17       -10         0       -10
       -17         0        10        17         0       -10        17         0
        10       -17         0       -14       -14         0        14        14
         0       -14        14         0        14       -14         0       -15
       -13         0        15        13         0       -15        13         0
        15       -13         0       -13       -15         0        13        15
         0       -13        15         0        13       -15         0       -19
        -6         0        19         6         0       -19         6         0
        19        -6         0        -6       -19         0         6        19
         0        -6        19         0         6       -19         0       -20
         0         0        20         0         0       -16       -12         0
        16        12         0       -16        12         0        16       -12
         0       -12       -16         0        12        16         0       -12
        16         0        12       -16         0         0       -20         0
         0        20         0       -20        -1         0        20         1
         0       -20         1         0        20        -1         0        -1
       -20         0         1        20         0        -1        20         0
         1       -20         0       -20        -2         0        20         2
         0       -20         2         0        20        -2         0        -2
       -20         0         2        20         0        -2        20         0
         2       -20         0       -18        -9         0        18         9
         0       -18         9         0        18        -9         0        -9
       -18         0         9        18         0        -9        18         0
         9       -18         0       -20        -3         0        20         3
         0       -20         3         0        20        -3         0        -3
       -20         0         3        20         0        -3        20         0
         3       -20         0       -19        -7         0        19         7
         0       -19         7         0        19        -7         0       -17
       -11         0        17        11         0       -17        11         0
        17       -11         0       -11       -17         0        11        17
         0       -11        17         0        11       -17         0        -7
       -19         0         7        19         0        -7        19         0
         7       -19         0       -20        -4         0        20         4
         0       -20         4         0        20        -4         0        -4
       -20         0         4        20         0        -4        20         0
         4       -20         0       -15       -14         0        15        14
         0       -15        14         0        15       -14         0       -14
       -15         0        14        15         0       -14        15         0
        14       -15         0       -18       -10         0        18        10
         0       -18        10         0        18       -10         0       -10
       -18         0        10        18         0       -10        18         0
        10       -18         0       -20        -5         0        20         5
         0       -20         5         0        20        -5         0       -19
        -8         0        19         8         0       -19         8         0
        19        -8         0       -16       -13         0        16        13
         0       -16        13         0        16       -13         0       -13
       -16         0        13        16         0       -13        16         0
        13       -16         0        -8       -19         0         8        19
         0        -8        19         0         8       -19         0        -5
       -20         0         5        20         0        -5        20         0
         5       -20         0       -17       -12         0        17        12
         0       -17        12         0        17       -12         0       -12
       -17         0        12        17         0       -12        17         0
        12       -17         0       -20        -6         0        20         6
         0       -20         6         0        20        -6         0        -6
       -20         0         6        20         0        -6        20         0
         6       -20         0       -21         0         0        21         0
         0         0       -21         0         0        21         0       -21
        -1         0        21         1         0       -21         1         0
        21        -1         0       -19        -9         0        19         9
         0       -19         9         0        19        -9         0        -9
       -19         0         9        19         0        -9        19         0
         9       -19         0        -1       -21         0         1        21
         0        -1        21         0         1       -21         0       -21
        -2         0        21         2         0       -21         2         0
        21        -2         0       -18       -11         0        18        11
         0       -18        11         0        18       -11         0       -11
       -18         0        11        18         0       -11        18         0
        11       -18         0        -2       -21         0         2        21
         0        -2        21         0         2       -21         0       -20
        -7         0        20         7         0       -20         7         0
        20        -7         0        -7       -20         0         7        20
         0        -7        20         0         7       -20         0       -21
        -3         0        21         3         0       -21         3         0
        21        -3         0       -15       -15         0        15        15
         0       -15        15         0        15       -15         0        -3
       -21         0         3        21         0        -3        21         0
         3       -21         0       -16       -14         0        16        14
         0       -16        14         0        16       -14         0       -14
       -16         0        14        16         0       -14        16         0
        14       -16         0       -21        -4         0        21         4
         0       -21         4         0        21        -4         0        -4
       -21         0         4        21         0        -4        21         0
         4       -21         0       -17       -13         0        17        13
         0       -17        13         0        17       -13         0       -13
       -17         0        13        17         0       -13        17         0
        13       -17         0       -19       -10         0        19        10
         0       -19        10         0        19       -10         0       -10
       -19         0        10        19         0       -10        19         0
        10       -19         0       -20        -8         0        20         8
         0       -20         8         0        20        -8         0        -8
       -20         0         8        20         0        -8        20         0
         8       -20         0       -21        -5         0        21         5
         0       -21         5         0        21        -5         0        -5
       -21         0         5        21         0        -5        21         0
         5       -21         0       -18       -12         0        18        12
         0       -18        12         0        18       -12         0       -12
       -18         0        12        18         0       -12        18         0
        12       -18         0       -21        -6         0        21         6
         0       -21         6         0        21        -6         0        -6
       -21         0         6        21         0        -6        21         0
         6       -21         0       -20        -9         0        20         9
         0       -20         9         0        20        -9         0       -16
       -15         0        16        15         0       -16        15         0
        16       -15         0       -15       -16         0        15        16
         0       -15        16         0        15       -16         0        -9
       -20         0         9        20         0        -9        20         0
         9       -20         0       -19       -11         0        19        11
         0       -19        11         0        19       -11         0       -11
       -19         0        11        19         0       -11        19         0
        11       -19         0       -22         0         0        22         0
         0         0       -22         0         0        22         0       -22
        -1         0        22         1         0       -22         1         0
        22        -1         0       -17       -14         0        17        14
         0       -17        14         0        17       -14         0       -14
       -17         0        14        17         0       -14        17         0
        14       -17         0        -1       -22         0         1        22
         0        -1        22         0         1       -22         0       -22
        -2         0        22         2         0       -22         2         0
        22        -2         0        -2       -22         0         2        22
         0        -2        22         0         2       -22         0       -21
        -7         0        21         7         0       -21         7         0
        21        -7         0        -7       -21         0         7        21
         0        -7        21         0         7       -21         0       -22
        -3         0        22         3         0       -22         3         0
        22        -3         0       -18       -13         0        18        13
         0       -18        13         0        18       -13         0       -13
       -18         0        13        18         0       -13        18         0
        13       -18         0        -3       -22         0         3        22
         0        -3        22         0         3       -22         0       -22
        -4         0        22         4         0       -22         4         0
        22        -4         0       -20       -10         0        20        10
         0       -20        10         0        20       -10         0       -10
       -20         0        10        20         0       -10        20         0
        10       -20         0        -4       -22         0         4        22
         0        -4        22         0         4       -22         0       -21
        -8         0        21         8         0       -21         8         0
        21        -8         0       -19       -12         0        19        12
         0       -19        12         0        19       -12         0       -12
       -19         0        12        19         0       -12        19         0
        12       -19         0        -8       -21         0         8        21
         0        -8        21         0         8       -21         0       -22
        -5         0        22         5         0       -22         5         0
        22        -5         0        -5       -22         0         5        22
         0        -5        22         0         5       -22         0       -16
       -16         0        16        16         0       -16        16         0
        16       -16         0       -17       -15         0        17        15
         0       -17        15         0        17       -15         0       -15
       -17         0        15        17         0       -15        17         0
        15       -17         0       -22        -6         0        22         6
         0       -22         6         0        22        -6         0       -18
       -14         0        18        14         0       -18        14         0
        18       -14         0       -14       -18         0        14        18
         0       -14        18         0        14       -18         0        -6
       -22         0         6        22         0        -6        22         0
         6       -22         0       -20       -11         0        20        11
         0       -20        11         0        20       -11         0       -11
       -20         0        11        20         0       -11        20         0
        11       -20         0       -21        -9         0        21         9
         0       -21         9         0        21        -9         0        -9
       -21         0         9        21         0        -9        21         0
         9       -21         0       -23         0         0        23         0
         0         0       -23         0         0        23         0       -23
        -1         0        23         1         0       -23         1         0
        23        -1         0       -19       -13         0        19        13
         0       -19        13         0        19       -13         0       -13
       -19         0        13        19         0       -13        19         0
        13       -19         0        -1       -23         0         1        23
         0        -1        23         0         1       -23         0       -23
        -2         0        23         2         0       -23         2         0
        23        -2         0       -22        -7         0        22         7
         0       -22         7         0        22        -7         0        -7
       -22         0         7        22         0        -7        22         0
         7       -22         0        -2       -23         0         2        23
         0        -2        23         0         2       -23         0       -23
        -3         0        23         3         0       -23         3         0
        23        -3         0        -3       -23         0         3        23
         0        -3        23         0         3       -23         0       -21
       -10         0        21        10         0       -21        10         0
        21       -10         0       -10       -21         0        10        21
         0       -10        21         0        10       -21         0       -20
       -12         0        20        12         0       -20        12         0
        20       -12         0       -12       -20         0        12        20
         0       -12        20         0        12       -20         0       -23
        -4         0        23         4         0       -23         4         0
        23        -4         0       -17       -16         0        17        16
         0       -17        16         0        17       -16         0       -16
       -17         0        16        17         0       -16        17         0
        16       -17         0        -4       -23         0         4        23
         0        -4        23         0         4       -23         0       -22
        -8         0        22         8         0       -22         8         0
        22        -8         0        -8       -22         0         8        22
         0        -8        22         0         8       -22         0       -18
       -15         0        18        15         0       -18        15         0
        18       -15         0       -15       -18         0        15        18
         0       -15        18         0        15       -18         0       -23
        -5         0        23         5         0       -23         5         0
        23        -5         0        -5       -23         0         5        23
         0        -5        23         0         5       -23         0       -19
       -14         0        19        14         0       -19        14         0
        19       -14         0       -14       -19         0        14        19
         0       -14        19         0        14       -19         0       -21
       -11         0        21        11         0       -21        11         0
        21       -11         0       -11       -21         0        11        21
         0       -11        21         0        11       -21         0       -23
        -6         0        23         6         0       -23         6         0
        23        -6         0       -22        -9         0        22         9
         0       -22         9         0        22        -9         0        -9
       -22         0         9        22         0        -9        22         0
         9       -22         0        -6       -23         0         6        23
         0        -6        23         0         6       -23         0       -20
       -13         0        20        13         0       -20        13         0
        20       -13         0       -13       -20         0        13        20
         0       -13        20         0        13       -20         0       -24
         0         0        24         0         0         0       -24         0
         0        24         0       -24        -1         0        24         1
         0       -24         1         0        24        -1         0        -1
       -24         0         1        24         0        -1        24         0
         1       -24         0       -23        -7         0        23         7
         0       -23         7         0        23        -7         0       -17
       -17         0        17        17         0       -17        17         0
        17       -17         0        -7       -23         0         7        23
         0        -7        23         0         7       -23         0       -24
        -2         0        24         2         0       -24         2         0
        24        -2         0       -18       -16         0        18        16
         0       -18        16         0        18       -16         0       -16
       -18         0        16        18         0       -16        18         0
        16       -18         0        -2       -24         0         2        24
         0        -2        24         0         2       -24         0       -22
       -10         0        22        10         0       -22        10         0
        22       -10         0       -10       -22         0        10        22
         0       -10        22         0        10       -22         0       -24
        -3         0        24         3         0       -24         3         0
        24        -3         0       -21       -12         0        21        12
         0       -21        12         0        21       -12         0       -12
       -21         0        12        21         0       -12        21         0
        12       -21         0        -3       -24         0         3        24
         0        -3        24         0         3       -24         0       -19
       -15         0        19        15         0       -19        15         0
        19       -15         0       -15       -19         0        15        19
         0       -15        19         0        15       -19         0       -24
        -4         0        24         4         0       -24         4         0
        24        -4         0        -4       -24         0         4        24
         0        -4        24         0         4       -24         0       -23
        -8         0        23         8         0       -23         8         0
        23        -8         0        -8       -23         0         8        23
         0        -8        23         0         8       -23         0       -20
       -14         0        20        14         0       -20        14         0
        20       -14         0       -14       -20         0        14        20
         0       -14        20         0        14       -20         0       -24
        -5         0        24         5         0       -24         5         0
        24        -5         0        -5       -24         0         5        24
         0        -5        24         0         5       -24         0       -22
       -11         0        22        11         0       -22        11         0
        22       -11         0       -11       -22         0        11        22
         0       -11        22         0        11       -22         0       -23
        -9         0        23         9         0       -23         9         0
        23        -9         0       -21       -13         0        21        13
         0       -21        13         0        21       -13         0       -13
       -21         0        13        21         0       -13        21         0
        13       -21         0        -9       -23         0         9        23
         0        -9        23         0         9       -23         0       -24
        -6         0        24         6         0       -24         6         0
        24        -6         0        -6       -24         0         6        24
         0        -6        24         0         6       -24         0       -18
       -17         0        18        17         0       -18        17         0
        18       -17         0       -17       -18         0        17        18
         0       -17        18         0        17       -18         0       -19
       -16         0        19        16         0       -19        16         0
        19       -16         0       -16       -19         0        16        19
         0       -16        19         0        16       -19         0       -25
         0         0        25         0         0       -24        -7         0
        24         7         0       -24         7         0        24        -7
         0       -20       -15         0        20        15         0       -20
        15         0        20       -15         0       -15       -20         0
        15        20         0       -15        20         0        15       -20
         0        -7       -24         0         7        24         0        -7
        24         0         7       -24         0         0       -25         0
         0        25         0       -25        -1         0        25         1
         0       -25         1         0        25        -1         0        -1
       -25         0         1        25         0        -1        25         0
         1       -25         0       -22       -12         0        22        12
         0       -22        12         0        22       -12         0       -12
       -22         0        12        22         0       -12        22         0
        12       -22         0       -25        -2         0        25         2
         0       -25         2         0        25        -2         0       -23
       -10         0        23        10         0       -23        10         0
        23       -10         0       -10       -23         0        10        23
         0       -10        23         0        10       -23         0        -2
       -25         0         2        25         0        -2        25         0
         2       -25         0       -25        -3         0        25         3
         0       -25         3         0        25        -3         0        -3
       -25         0         3        25         0        -3        25         0
         3       -25         0       -21       -14         0        21        14
         0       -21        14         0        21       -14         0       -14
       -21         0        14        21         0       -14        21         0
        14       -21         0       -24        -8         0        24         8
         0       -24         8         0        24        -8         0        -8
       -24         0         8        24         0        -8        24         0
         8       -24         0       -25        -4         0        25         4
         0       -25         4         0        25        -4         0        -4
       -25         0         4        25         0        -4        25         0
         4       -25         0       -18       -18         0        18        18
         0       -18        18         0        18       -18         0       -25
        -5         0        25         5         0       -25         5         0
        25        -5         0       -23       -11         0        23        11
         0       -23        11         0        23       -11         0       -19
       -17         0        19        17         0       -19        17         0
        19       -17         0       -17       -19         0        17        19
         0       -17        19         0        17       -19         0       -11
       -23         0        11        23         0       -11        23         0
        11       -23         0        -5       -25         0         5        25
         0        -5        25         0         5       -25         0       -22
       -13         0        22        13         0       -22        13         0
        22       -13         0       -13       -22         0        13        22
         0       -13        22         0        13       -22         0       -20
       -16         0        20        16         0       -20        16         0
        20       -16         0       -16       -20         0        16        20
         0       -16        20         0        16       -20         0       -24
        -9         0        24         9         0       -24         9         0
        24        -9         0        -9       -24         0         9        24
         0        -9        24         0         9       -24         0       -25
        -6         0        25         6         0       -25         6         0
        25        -6         0        -6       -25         0         6        25
         0        -6        25         0         6       -25         0       -21
       -15         0        21        15         0       -21        15         0
        21       -15         0       -15       -21         0        15        21
         0       -15        21         0        15       -21         0       -23
       -12         0        23        12         0       -23        12         0
        23       -12         0       -12       -23         0        12        23
         0       -12        23         0        12       -23         0       -25
        -7         0        25         7         0       -25         7         0
        25        -7         0        -7       -25         0         7        25
         0        -7        25         0         7       -25         0       -26
         0         0        26         0         0       -24       -10         0
        24        10         0       -24        10         0        24       -10
         0       -10       -24         0        10        24         0       -10
        24         0        10       -24         0         0       -26         0
         0        26         0       -26        -1         0        26         1
         0       -26         1         0        26        -1         0        -1
       -26         0         1        26         0        -1        26         0
         1       -26         0       -26        -2         0        26         2
         0       -26         2         0        26        -2         0       -22
       -14         0        22        14         0       -22        14         0
        22       -14         0       -14       -22         0        14        22
         0       -14        22         0        14       -22         0        -2
       -26         0         2        26         0        -2        26         0
         2       -26         0       -26        -3         0        26         3
         0       -26         3         0        26        -3         0       -19
       -18         0        19        18         0       -19        18         0
        19       -18         0       -18       -19         0        18        19
         0       -18        19         0        18       -19         0        -3
       -26         0         3        26         0        -3        26         0
         3       -26         0       -25        -8         0        25         8
         0       -25         8         0        25        -8         0       -20
       -17         0        20        17         0       -20        17         0
        20       -17         0       -17       -20         0        17        20
         0       -17        20         0        17       -20         0        -8
       -25         0         8        25         0        -8        25         0
         8       -25         0       -26        -4         0        26         4
         0       -26         4         0        26        -4         0        -4
       -26         0         4        26         0        -4        26         0
         4       -26         0       -24       -11         0        24        11
         0       -24        11         0        24       -11         0       -21
       -16         0        21        16         0       -21        16         0
        21       -16         0       -16       -21         0        16        21
         0       -16        21         0        16       -21         0       -11
       -24         0        11        24         0       -11        24         0
        11       -24         0       -23       -13         0        23        13
         0       -23        13         0        23       -13         0       -13
       -23         0        13        23         0       -13        23         0
        13       -23         0       -26        -5         0        26         5
         0       -26         5         0        26        -5         0        -5
       -26         0         5        26         0        -5        26         0
         5       -26         0       -25        -9         0        25         9
         0       -25         9         0        25        -9         0        -9
       -25         0         9        25         0        -9        25         0
         9       -25         0       -22       -15         0        22        15
         0       -22        15         0        22       -15         0       -15
       -22         0        15        22         0       -15        22         0
        15       -22         0       -26        -6         0        26         6
         0       -26         6         0        26        -6         0        -6
       -26         0         6        26         0        -6        26         0
         6       -26         0       -24       -12         0        24        12
         0       -24        12         0        24       -12         0       -12
       -24         0        12        24         0       -12        24         0
        12       -24         0       -19       -19         0        19        19
         0       -19        19         0        19       -19         0       -20
       -18         0        20        18         0       -20        18         0
        20       -18         0       -18       -20         0        18        20
         0       -18        20         0        18       -20         0       -26
        -7         0        26         7         0       -26         7         0
        26        -7         0       -25       -10         0        25        10
         0       -25        10         0        25       -10         0       -23
       -14         0        23        14         0       -23        14         0
        23       -14         0       -14       -23         0        14        23
         0       -14        23         0        14       -23         0       -10
       -25         0        10        25         0       -10        25         0
        10       -25         0        -7       -26         0         7        26
         0        -7        26         0         7       -26         0       -27
         0         0        27         0         0         0       -27         0
         0        27         0       -27        -1         0        27         1
         0       -27         1         0        27        -1         0       -21
       -17         0        21        17         0       -21        17         0
        21       -17         0       -17       -21         0        17        21
         0       -17        21         0        17       -21         0        -1
       -27         0         1        27         0        -1        27         0
         1       -27         0       -27        -2         0        27         2
         0       -27         2         0        27        -2         0        -2
       -27         0         2        27         0        -2        27         0
         2       -27         0       -27        -3         0        27         3
         0       -27         3         0        27        -3         0        -3
       -27         0         3        27         0        -3        27         0
         3       -27         0       -26        -8         0        26         8
         0       -26         8         0        26        -8         0       -22
       -16         0        22        16         0       -22        16         0
        22       -16         0       -16       -22         0        16        22
         0       -16        22         0        16       -22         0        -8
       -26         0         8        26         0        -8        26         0
         8       -26         0       -27        -4         0        27         4
         0       -27         4         0        27        -4         0       -24
       -13         0        24        13         0       -24        13         0
        24       -13         0       -13       -24         0        13        24
         0       -13        24         0        13       -24         0        -4
       -27         0         4        27         0        -4        27         0
         4       -27         0       -25       -11         0        25        11
         0       -25        11         0        25       -11         0       -11
       -25         0        11        25         0       -11        25         0
        11       -25         0       -27        -5         0        27         5
         0       -27         5         0        27        -5         0       -23
       -15         0        23        15         0       -23        15         0
        23       -15         0       -15       -23         0        15        23
         0       -15        23         0        15       -23         0        -5
       -27         0         5        27         0        -5        27         0
         5       -27         0       -26        -9         0        26         9
         0       -26         9         0        26        -9         0        -9
       -26         0         9        26         0        -9        26         0
         9       -26         0       -20       -19         0        20        19
         0       -20        19         0        20       -19         0       -19
       -20         0        19        20         0       -19        20         0
        19       -20         0       -27        -6         0        27         6
         0       -27         6         0        27        -6         0       -21
       -18         0        21        18         0       -21        18         0
        21       -18         0       -18       -21         0        18        21
         0       -18        21         0        18       -21         0        -6
       -27         0         6        27         0        -6        27         0
         6       -27         0       -25       -12         0        25        12
         0       -25        12         0        25       -12         0       -12
       -25         0        12        25         0       -12        25         0
        12       -25         0       -24       -14         0        24        14
         0       -24        14         0        24       -14         0       -14
       -24         0        14        24         0       -14        24         0
        14       -24         0       -22       -17         0        22        17
         0       -22        17         0        22       -17         0       -17
       -22         0        17        22         0       -17        22         0
        17       -22         0       -26       -10         0        26        10
         0       -26        10         0        26       -10         0       -10
       -26         0        10        26         0       -10        26         0
        10       -26         0       -27        -7         0        27         7
         0       -27         7         0        27        -7         0        -7
       -27         0         7        27         0        -7        27         0
         7       -27         0       -28         0         0        28         0
         0         0       -28         0         0        28         0       -28
        -1         0        28         1         0       -28         1         0
        28        -1         0       -23       -16         0        23        16
         0       -23        16         0        23       -16         0       -16
       -23         0        16        23         0       -16        23         0
        16       -23         0        -1       -28         0         1        28
         0        -1        28         0         1       -28         0       -28
        -2         0        28         2         0       -28         2         0
        28        -2         0        -2       -28         0         2        28
         0        -2        28         0         2       -28         0       -28
        -3         0        28         3         0       -28         3         0
        28        -3         0       -27        -8         0        27         8
         0       -27         8         0        27        -8         0        -8
       -27         0         8        27         0        -8        27         0
         8       -27         0        -3       -28         0         3        28
         0        -3        28         0         3       -28         0       -25
       -13         0        25        13         0       -25        13         0
        25       -13         0       -13       -25         0        13        25
         0       -13        25         0        13       -25         0       -26
       -11         0        26        11         0       -26        11         0
        26       -11         0       -11       -26         0        11        26
         0       -11        26         0        11       -26         0       -28
        -4         0        28         4         0       -28         4         0
        28        -4         0       -20       -20         0        20        20
         0       -20        20         0        20       -20         0        -4
       -28         0         4        28         0        -4        28         0
         4       -28         0       -24       -15         0        24        15
         0       -24        15         0        24       -15         0       -15
       -24         0        15        24         0       -15        24         0
        15       -24         0       -21       -19         0        21        19
         0       -21        19         0        21       -19         0       -19
       -21         0        19        21         0       -19        21         0
        19       -21         0       -22       -18         0        22        18
         0       -22        18         0        22       -18         0       -18
       -22         0        18        22         0       -18        22         0
        18       -22         0       -28        -5         0        28         5
         0       -28         5         0        28        -5         0        -5
       -28         0         5        28         0        -5        28         0
         5       -28         0       -27        -9         0        27         9
         0       -27         9         0        27        -9         0        -9
       -27         0         9        27         0        -9        27         0
         9       -27         0       -23       -17         0        23        17
         0       -23        17         0        23       -17         0       -17
       -23         0        17        23         0       -17        23         0
        17       -23         0       -28        -6         0        28         6
         0       -28         6         0        28        -6         0       -26
       -12         0        26        12         0       -26        12         0
        26       -12         0       -12       -26         0        12        26
         0       -12        26         0        12       -26         0        -6
       -28         0         6        28         0        -6        28         0
         6       -28         0       -25       -14         0        25        14
         0       -25        14         0        25       -14         0       -14
       -25         0        14        25         0       -14        25         0
        14       -25         0       -27       -10         0        27        10
         0       -27        10         0        27       -10         0       -10
       -27         0        10        27         0       -10        27         0
        10       -27         0       -24       -16         0        24        16
         0       -24        16         0        24       -16         0       -16
       -24         0        16        24         0       -16        24         0
        16       -24         0       -28        -7         0        28         7
         0       -28         7         0        28        -7         0        -7
       -28         0         7        28         0        -7        28         0
         7       -28         0       -29         0         0        29         0
         0       -21       -20         0        21        20         0       -21
        20         0        21       -20         0       -20       -21         0
        20        21         0       -20        21         0        20       -21
         0         0       -29         0         0        29         0       -29
        -1         0        29         1         0       -29         1         0
        29        -1         0        -1       -29         0         1        29
         0        -1        29         0         1       -29         0       -29
        -2         0        29         2         0       -29         2         0
        29        -2         0       -26       -13         0        26        13
         0       -26        13         0        26       -13         0       -22
       -19         0        22        19         0       -22        19         0
        22       -19         0       -19       -22         0        19        22
         0       -19        22         0        19       -22         0       -13
       -26         0        13        26         0       -13        26         0
        13       -26         0        -2       -29         0         2        29
         0        -2        29         0         2       -29         0       -28
        -8         0        28         8         0       -28         8         0
        28        -8         0        -8       -28         0         8        28
         0        -8        28         0         8       -28         0       -29
        -3         0        29         3         0       -29         3         0
        29        -3         0       -27       -11         0        27        11
         0       -27        11         0        27       -11         0       -25
       -15         0        25        15         0       -25        15         0
        25       -15         0       -15       -25         0        15        25
         0       -15        25         0        15       -25         0       -11
       -27         0        11        27         0       -11        27         0
        11       -27         0        -3       -29         0         3        29
         0        -3        29         0         3       -29         0       -23
       -18         0        23        18         0       -23        18         0
        23       -18         0       -18       -23         0        18        23
         0       -18        23         0        18       -23         0       -29
        -4         0        29         4         0       -29         4         0
        29        -4         0        -4       -29         0         4        29
         0        -4        29         0         4       -29         0       -28
        -9         0        28         9         0       -28         9         0
        28        -9         0       -24       -17         0        24        17
         0       -24        17         0        24       -17         0       -17
       -24         0        17        24         0       -17        24         0
        17       -24         0        -9       -28         0         9        28
         0        -9        28         0         9       -28         0       -29
        -5         0        29         5         0       -29         5         0
        29        -5         0        -5       -29         0         5        29
         0        -5        29         0         5       -29         0       -26
       -14         0        26        14         0       -26        14         0
        26       -14         0       -14       -26         0        14        26
         0       -14        26         0        14       -26         0       -27
       -12         0        27        12         0       -27        12         0
        27       -12         0       -12       -27         0        12        27
         0       -12        27         0        12       -27         0       -29
        -6         0        29         6         0       -29         6         0
        29        -6         0        -6       -29         0         6        29
         0        -6        29         0         6       -29         0       -25
       -16         0        25        16         0       -25        16         0
        25       -16         0       -16       -25         0        16        25
         0       -16        25         0        16       -25         0       -21
       -21         0        21        21         0       -21        21         0
        21       -21         0       -28       -10         0        28        10
         0       -28        10         0        28       -10         0       -22
       -20         0        22        20         0       -22        20         0
        22       -20         0       -20       -22         0        20        22
         0       -20        22         0        20       -22         0       -10
       -28         0        10        28         0       -10        28         0
        10       -28         0       -29        -7         0        29         7
         0       -29         7         0        29        -7         0       -23
       -19         0        23        19         0       -23        19         0
        23       -19         0       -19       -23         0        19        23
         0       -19        23         0        19       -23         0        -7
       -29         0         7        29         0        -7        29         0
         7       -29         0       -27       -13         0        27        13
         0       -27        13         0        27       -13         0       -13
       -27         0        13        27         0       -13        27         0
        13       -27         0       -30         0         0        30         0
         0       -24       -18         0        24        18         0       -24
        18         0        24       -18         0       -18       -24         0
        18        24         0       -18        24         0        18       -24
         0         0       -30         0         0        30         0       -30
        -1         0        30         1         0       -30         1         0
        30        -1         0       -26       -15         0        26        15
         0       -26        15         0        26       -15         0       -15
       -26         0        15        26         0       -15        26         0
        15       -26         0        -1       -30         0         1        30
         0        -1        30         0         1       -30         0       -30
        -2         0        30         2         0       -30         2         0
        30        -2         0        -2       -30         0         2        30
         0        -2        30         0         2       -30         0       -29
        -8         0        29         8         0       -29         8         0
        29        -8         0       -28       -11         0        28        11
         0       -28        11         0        28       -11         0       -11
       -28         0        11        28         0       -11        28         0
        11       -28         0        -8       -29         0         8        29
         0        -8        29         0         8       -29         0       -30
        -3         0        30         3         0       -30         3         0
        30        -3         0        -3       -30         0         3        30
         0        -3        30         0         3       -30         0       -25
       -17         0        25        17         0       -25        17         0
        25       -17         0       -17       -25         0        17        25
         0       -17        25         0        17       -25         0       -30
        -4         0        30         4         0       -30         4         0
        30        -4         0        -4       -30         0         4        30
         0        -4        30         0         4       -30         0       -29
        -9         0        29         9         0       -29         9         0
        29        -9         0        -9       -29         0         9        29
         0        -9        29         0         9       -29         0       -30
        -5         0        30         5         0       -30         5         0
        30        -5         0       -27       -14         0        27        14
         0       -27        14         0        27       -14         0       -22
       -21         0        22        21         0       -22        21         0
        22       -21         0       -21       -22         0        21        22
         0       -21        22         0        21       -22         0       -14
       -27         0        14        27         0       -14        27         0
        14       -27         0        -5       -30         0         5        30
         0        -5        30         0         5       -30         0       -28
       -12         0        28        12         0       -28        12         0
        28       -12         0       -12       -28         0        12        28
         0       -12        28         0        12       -28         0       -23
       -20         0        23        20         0       -23        20         0
        23       -20         0       -20       -23         0        20        23
         0       -20        23         0        20       -23         0       -26
       -16         0        26        16         0       -26        16         0
        26       -16         0       -16       -26         0        16        26
         0       -16        26         0        16       -26         0       -30
        -6         0        30         6         0       -30         6         0
        30        -6         0        -6       -30         0         6        30
         0        -6        30         0         6       -30         0       -24
       -19         0        24        19         0       -24        19         0
        24       -19         0       -19       -24         0        19        24
         0       -19        24         0        19       -24         0       -29
       -10         0        29        10         0       -29        10         0
        29       -10         0       -10       -29         0        10        29
         0       -10        29         0        10       -29         0       -30
        -7         0        30         7         0       -30         7         0
        30        -7         0       -25       -18         0        25        18
         0       -25        18         0        25       -18         0       -18
       -25         0        18        25         0       -18        25         0
        18       -25         0        -7       -30         0         7        30
         0        -7        30         0         7       -30         0       -28
       -13         0        28        13         0       -28        13         0
        28       -13         0       -13       -28         0        13        28
         0       -13        28         0        13       -28         0       -27
       -15         0        27        15         0       -27        15         0
        27       -15         0       -15       -27         0        15        27
         0       -15        27         0        15       -27         0       -31
         0         0        31         0         0         0       -31         0
         0        31         0       -31        -1         0        31         1
         0       -31         1         0        31        -1         0       -29
       -11         0        29        11         0       -29        11         0
        29       -11         0       -11       -29         0        11        29
         0       -11        29         0        11       -29         0        -1
       -31         0         1        31         0        -1        31         0
         1       -31         0       -30        -8         0        30         8
         0       -30         8         0        30        -8         0        -8
       -30         0         8        30         0        -8        30         0
         8       -30         0       -31        -2         0        31         2
         0       -31         2         0        31        -2         0       -26
       -17         0        26        17         0       -26        17         0
        26       -17         0       -17       -26         0        17        26
         0       -17        26         0        17       -26         0        -2
       -31         0         2        31         0        -2        31         0
         2       -31         0       -22       -22         0        22        22
         0       -22        22         0        22       -22         0       -31
        -3         0        31         3         0       -31         3         0
        31        -3         0       -23       -21         0        23        21
         0       -23        21         0        23       -21         0       -21
       -23         0        21        23         0       -21        23         0
        21       -23         0        -3       -31         0         3        31
         0        -3        31         0         3       -31         0       -24
       -20         0        24        20         0       -24        20         0
        24       -20         0       -20       -24         0        20        24
         0       -20        24         0        20       -24         0       -31
        -4         0        31         4         0       -31         4         0
        31        -4         0        -4       -31         0         4        31
         0        -4        31         0         4       -31         0       -28
       -14         0        28        14         0       -28        14         0
        28       -14         0       -14       -28         0        14        28
         0       -14        28         0        14       -28         0       -30
        -9         0        30         9         0       -30         9         0
        30        -9         0        -9       -30         0         9        30
         0        -9        30         0         9       -30         0       -29
       -12         0        29        12         0       -29        12         0
        29       -12         0       -27       -16         0        27        16
         0       -27        16         0        27       -16         0       -16
       -27         0        16        27         0       -16        27         0
        16       -27         0       -12       -29         0        12        29
         0       -12        29         0        12       -29         0       -31
        -5         0        31         5         0       -31         5         0
        31        -5         0       -25       -19         0        25        19
         0       -25        19         0        25       -19         0       -19
       -25         0        19        25         0       -19        25         0
        19       -25         0        -5       -31         0         5        31
         0        -5        31         0         5       -31         0       -31
        -6         0        31         6         0       -31         6         0
        31        -6         0        -6       -31         0         6        31
         0        -6        31         0         6       -31         0       -30
       -10         0        30        10         0       -30        10         0
        30       -10         0       -26       -18         0        26        18
         0       -26        18         0        26       -18         0       -18
       -26         0        18        26         0       -18        26         0
        18       -26         0       -10       -30         0        10        30
         0       -10        30         0        10       -30         0       -28
       -15         0        28        15         0       -28        15         0
        28       -15         0       -15       -28         0        15        28
         0       -15        28         0        15       -28         0       -31
        -7         0        31         7         0       -31         7         0
        31        -7         0       -29       -13         0        29        13
         0       -29        13         0        29       -13         0       -13
       -29         0        13        29         0       -13        29         0
        13       -29         0        -7       -31         0         7        31
         0        -7        31         0         7       -31         0       -23
       -22         0        23        22         0       -23        22         0
        23       -22         0       -22       -23         0        22        23
         0       -22        23         0        22       -23         0       -24
       -21         0        24        21         0       -24        21         0
        24       -21         0       -21       -24         0        21        24
         0       -21        24         0        21       -24         0       -27
       -17         0        27        17         0       -27        17         0
        27       -17         0       -17       -27         0        17        27
         0       -17        27         0        17       -27         0       -30
       -11         0        30        11         0       -30        11         0
        30       -11         0       -11       -30         0        11        30
         0       -11        30         0        11       -30         0       -32
         0         0        32         0         0         0       -32         0
         0        32         0       -32        -1         0        32         1
         0       -32         1         0        32        -1         0       -31
        -8         0        31         8         0       -31         8         0
        31        -8         0       -25       -20         0        25        20
         0       -25        20         0        25       -20         0       -20
       -25         0        20        25         0       -20        25         0
        20       -25         0        -8       -31         0         8        31
         0        -8        31         0         8       -31         0        -1
       -32         0         1        32         0        -1        32         0
         1       -32         0       -32        -2         0        32         2
         0       -32         2         0        32        -2         0        -2
       -32         0         2        32         0        -2        32         0
         2       -32         0       -32        -3         0        32         3
         0       -32         3         0        32        -3         0        -3
       -32         0         3        32         0        -3        32         0
         3       -32         0       -29       -14         0        29        14
         0       -29        14         0        29       -14         0       -26
       -19         0        26        19         0       -26        19         0
        26       -19         0       -19       -26         0        19        26
         0       -19        26         0        19       -26         0       -14
       -29         0        14        29         0       -14        29         0
        14       -29         0       -32        -4         0        32         4
         0       -32         4         0        32        -4         0       -28
       -16         0        28        16         0       -28        16         0
        28       -16         0       -16       -28         0        16        28
         0       -16        28         0        16       -28         0        -4
       -32         0         4        32         0        -4        32         0
         4       -32         0       -31        -9         0        31         9
         0       -31         9         0        31        -9         0        -9
       -31         0         9        31         0        -9        31         0
         9       -31         0       -30       -12         0        30        12
         0       -30        12         0        30       -12         0       -12
       -30         0        12        30         0       -12        30         0
        12       -30         0       -32        -5         0        32         5
         0       -32         5         0        32        -5         0        -5
       -32         0         5        32         0        -5        32         0
         5       -32         0       -27       -18         0        27        18
         0       -27        18         0        27       -18         0       -18
       -27         0        18        27         0       -18        27         0
        18       -27         0       -23       -23         0        23        23
         0       -23        23         0        23       -23         0       -32
        -6         0        32         6         0       -32         6         0
        32        -6         0       -24       -22         0        24        22
         0       -24        22         0        24       -22         0       -22
       -24         0        22        24         0       -22        24         0
        22       -24         0        -6       -32         0         6        32
         0        -6        32         0         6       -32         0       -31
       -10         0        31        10         0       -31        10         0
        31       -10         0       -10       -31         0        10        31
         0       -10        31         0        10       -31         0       -29
       -15         0        29        15         0       -29        15         0
        29       -15         0       -25       -21         0        25        21
         0       -25        21         0        25       -21         0       -21
       -25         0        21        25         0       -21        25         0
        21       -25         0       -15       -29         0        15        29
         0       -15        29         0        15       -29         0       -30
       -13         0        30        13         0       -30        13         0
        30       -13         0       -13       -30         0        13        30
         0       -13        30         0        13       -30         0       -32
        -7         0        32         7         0       -32         7         0
        32        -7         0       -28       -17         0        28        17
         0       -28        17         0        28       -17         0       -17
       -28         0        17        28         0       -17        28         0
        17       -28         0        -7       -32         0         7        32
         0        -7        32         0         7       -32         0       -26
       -20         0        26        20         0       -26        20         0
        26       -20         0       -20       -26         0        20        26
         0       -20        26         0        20       -26         0       -31
       -11         0        31        11         0       -31        11         0
        31       -11         0       -11       -31         0        11        31
         0       -11        31         0        11       -31         0       -32
        -8         0        32         8         0       -32         8         0
        32        -8         0        -8       -32         0         8        32
         0        -8        32         0         8       -32         0       -33
         0         0        33         0         0         0       -33         0
         0        33         0       -33        -1         0        33         1
         0       -33         1         0        33        -1         0       -27
       -19         0        27        19         0       -27        19         0
        27       -19         0       -19       -27         0        19        27
         0       -19        27         0        19       -27         0        -1
       -33         0         1        33         0        -1        33         0
         1       -33         0       -33        -2         0        33         2
         0       -33         2         0        33        -2         0        -2
       -33         0         2        33         0        -2        33         0
         2       -33         0       -30       -14         0        30        14
         0       -30        14         0        30       -14         0       -14
       -30         0        14        30         0       -14        30         0
        14       -30         0       -29       -16         0        29        16
         0       -29        16         0        29       -16         0       -16
       -29         0        16        29         0       -16        29         0
        16       -29         0       -33        -3         0        33         3
         0       -33         3         0        33        -3         0        -3
       -33         0         3        33         0        -3        33         0
         3       -33         0       -33        -4         0        33         4
         0       -33         4         0        33        -4         0       -32
        -9         0        32         9         0       -32         9         0
        32        -9         0       -31       -12         0        31        12
         0       -31        12         0        31       -12         0       -24
       -23         0        24        23         0       -24        23         0
        24       -23         0       -23       -24         0        23        24
         0       -23        24         0        23       -24         0       -12
       -31         0        12        31         0       -12        31         0
        12       -31         0        -9       -32         0         9        32
         0        -9        32         0         9       -32         0        -4
       -33         0         4        33         0        -4        33         0
         4       -33         0       -28       -18         0        28        18
         0       -28        18         0        28       -18         0       -18
       -28         0        18        28         0       -18        28         0
        18       -28         0       -25       -22         0        25        22
         0       -25        22         0        25       -22         0       -22
       -25         0        22        25         0       -22        25         0
        22       -25         0       -33        -5         0        33         5
         0       -33         5         0        33        -5         0        -5
       -33         0         5        33         0        -5        33         0
         5       -33         0       -26       -21         0        26        21
         0       -26        21         0        26       -21         0       -21
       -26         0        21        26         0       -21        26         0
        21       -26         0       -32       -10         0        32        10
         0       -32        10         0        32       -10         0       -10
       -32         0        10        32         0       -10        32         0
        10       -32         0       -33        -6         0        33         6
         0       -33         6         0        33        -6         0       -30
       -15         0        30        15         0       -30        15         0
        30       -15         0       -15       -30         0        15        30
         0       -15        30         0        15       -30         0        -6
       -33         0         6        33         0        -6        33         0
         6       -33         0       -27       -20         0        27        20
         0       -27        20         0        27       -20         0       -20
       -27         0        20        27         0       -20        27         0
        20       -27         0       -31       -13         0        31        13
         0       -31        13         0        31       -13         0       -29
       -17         0        29        17         0       -29        17         0
        29       -17         0       -17       -29         0        17        29
         0       -17        29         0        17       -29         0       -13
       -31         0        13        31         0       -13        31         0
        13       -31         0       -33        -7         0        33         7
         0       -33         7         0        33        -7         0        -7
       -33         0         7        33         0        -7        33         0
         7       -33         0       -32       -11         0        32        11
         0       -32        11         0        32       -11         0       -28
       -19         0        28        19         0       -28        19         0
        28       -19         0       -19       -28         0        19        28
         0       -19        28         0        19       -28         0       -11
       -32         0        11        32         0       -11        32         0
        11       -32         0       -24       -24         0        24        24
         0       -24        24         0        24       -24         0       -33
        -8         0        33         8         0       -33         8         0
        33        -8         0        -8       -33         0         8        33
         0        -8        33         0         8       -33         0       -25
       -23         0        25        23         0       -25        23         0
        25       -23         0       -23       -25         0        23        25
         0       -23        25         0        23       -25         0       -34
         0         0        34         0         0       -30       -16         0
        30        16         0       -30        16         0        30       -16
         0       -16       -30         0        16        30         0       -16
        30         0        16       -30         0         0       -34         0
         0        34         0       -34        -1         0        34         1
         0       -34         1         0        34        -1         0       -31
       -14         0        31        14         0       -31        14         0
        31       -14         0       -14       -31         0        14        31
         0       -14        31         0        14       -31         0        -1
       -34         0         1        34         0        -1        34         0
         1       -34         0       -34        -2         0        34         2
         0       -34         2         0        34        -2         0       -26
       -22         0        26        22         0       -26        22         0
        26       -22         0       -22       -26         0        22        26
         0       -22        26         0        22       -26         0        -2
       -34         0         2        34         0        -2        34         0
         2       -34         0       -34        -3         0        34         3
         0       -34         3         0        34        -3         0       -29
       -18         0        29        18         0       -29        18         0
        29       -18         0       -18       -29         0        18        29
         0       -18        29         0        18       -29         0        -3
       -34         0         3        34         0        -3        34         0
         3       -34         0       -32       -12         0        32        12
         0       -32        12         0        32       -12         0       -12
       -32         0        12        32         0       -12        32         0
        12       -32         0       -33        -9         0        33         9
         0       -33         9         0        33        -9         0       -27
       -21         0        27        21         0       -27        21         0
        27       -21         0       -21       -27         0        21        27
         0       -21        27         0        21       -27         0        -9
       -33         0         9        33         0        -9        33         0
         9       -33         0       -34        -4         0        34         4
         0       -34         4         0        34        -4         0        -4
       -34         0         4        34         0        -4        34         0
         4       -34         0       -34        -5         0        34         5
         0       -34         5         0        34        -5         0        -5
       -34         0         5        34         0        -5        34         0
         5       -34         0       -28       -20         0        28        20
         0       -28        20         0        28       -20         0       -20
       -28         0        20        28         0       -20        28         0
        20       -28         0       -31       -15         0        31        15
         0       -31        15         0        31       -15         0       -15
       -31         0        15        31         0       -15        31         0
        15       -31         0       -33       -10         0        33        10
         0       -33        10         0        33       -10         0       -30
       -17         0        30        17         0       -30        17         0
        30       -17         0       -17       -30         0        17        30
         0       -17        30         0        17       -30         0       -10
       -33         0        10        33         0       -10        33         0
        10       -33         0       -34        -6         0        34         6
         0       -34         6         0        34        -6         0        -6
       -34         0         6        34         0        -6        34         0
         6       -34         0       -32       -13         0        32        13
         0       -32        13         0        32       -13         0       -13
       -32         0        13        32         0       -13        32         0
        13       -32         0       -25       -24         0        25        24
         0       -25        24         0        25       -24         0       -24
       -25         0        24        25         0       -24        25         0
        24       -25         0       -29       -19         0        29        19
         0       -29        19         0        29       -19         0       -19
       -29         0        19        29         0       -19        29         0
        19       -29         0       -34        -7         0        34         7
         0       -34         7         0        34        -7         0       -26
       -23         0        26        23         0       -26        23         0
        26       -23         0       -23       -26         0        23        26
         0       -23        26         0        23       -26         0        -7
       -34         0         7        34         0        -7        34         0
         7       -34         0       -33       -11         0        33        11
         0       -33        11         0        33       -11         0       -11
       -33         0        11        33         0       -11        33         0
        11       -33         0       -27       -22         0        27        22
         0       -27        22         0        27       -22         0       -22
       -27         0        22        27         0       -22        27         0
        22       -27         0       -31       -16         0        31        16
         0       -31        16         0        31       -16         0       -16
       -31         0        16        31         0       -16        31         0
        16       -31         0       -34        -8         0        34         8
         0       -34         8         0        34        -8         0       -32
       -14         0        32        14         0       -32        14         0
        32       -14         0       -14       -32         0        14        32
         0       -14        32         0        14       -32         0        -8
       -34         0         8        34         0        -8        34         0
         8       -34         0       -30       -18         0        30        18
         0       -30        18         0        30       -18         0       -18
       -30         0        18        30         0       -18        30         0
        18       -30         0       -35         0         0        35         0
         0       -28       -21         0        28        21         0       -28
        21         0        28       -21         0       -21       -28         0
        21        28         0       -21        28         0        21       -28
         0         0       -35         0         0        35         0       -35
        -1         0        35         1         0       -35         1         0
        35        -1         0        -1       -35         0         1        35
         0        -1        35         0         1       -35         0       -35
        -2         0        35         2         0       -35         2         0
        35        -2         0        -2       -35         0         2        35
         0        -2        35         0         2       -35         0       -33
       -12         0        33        12         0       -33        12         0
        33       -12         0       -12       -33         0        12        33
         0       -12        33         0        12       -33         0       -35
        -3         0        35         3         0       -35         3         0
        35        -3         0        -3       -35         0         3        35
         0        -3        35         0         3       -35         0       -34
        -9         0        34         9         0       -34         9         0
        34        -9         0        -9       -34         0         9        34
         0        -9        34         0         9       -34         0       -35
        -4         0        35         4         0       -35         4         0
        35        -4         0       -29       -20         0        29        20
         0       -29        20         0        29       -20         0       -20
       -29         0        20        29         0       -20        29         0
        20       -29         0        -4       -35         0         4        35
         0        -4        35         0         4       -35         0       -32
       -15         0        32        15         0       -32        15         0
        32       -15         0       -15       -32         0        15        32
         0       -15        32         0        15       -32         0       -35
        -5         0        35         5         0       -35         5         0
        35        -5         0       -31       -17         0        31        17
         0       -31        17         0        31       -17         0       -25
       -25         0        25        25         0       -25        25         0
        25       -25         0       -17       -31         0        17        31
         0       -17        31         0        17       -31         0        -5
       -35         0         5        35         0        -5        35         0
         5       -35         0       -26       -24         0        26        24
         0       -26        24         0        26       -24         0       -24
       -26         0        24        26         0       -24        26         0
        24       -26         0       -34       -10         0        34        10
         0       -34        10         0        34       -10         0       -10
       -34         0        10        34         0       -10        34         0
        10       -34         0       -33       -13         0        33        13
         0       -33        13         0        33       -13         0       -27
       -23         0        27        23         0       -27        23         0
        27       -23         0       -23       -27         0        23        27
         0       -23        27         0        23       -27         0       -13
       -33         0        13        33         0       -13        33         0
        13       -33         0       -35        -6         0        35         6
         0       -35         6         0        35        -6         0       -30
       -19         0        30        19         0       -30        19         0
        30       -19         0       -19       -30         0        19        30
         0       -19        30         0        19       -30         0        -6
       -35         0         6        35         0        -6        35         0
         6       -35         0       -28       -22         0        28        22
         0       -28        22         0        28       -22         0       -22
       -28         0        22        28         0       -22        28         0
        22       -28         0       -35        -7         0        35         7
         0       -35         7         0        35        -7         0        -7
       -35         0         7        35         0        -7        35         0
         7       -35         0       -34       -11         0        34        11
         0       -34        11         0        34       -11         0       -11
       -34         0        11        34         0       -11        34         0
        11       -34         0       -32       -16         0        32        16
         0       -32        16         0        32       -16         0       -16
       -32         0        16        32         0       -16        32         0
        16       -32         0       -29       -21         0        29        21
         0       -29        21         0        29       -21         0       -21
       -29         0        21        29         0       -21        29         0
        21       -29         0       -33       -14         0        33        14
         0       -33        14         0        33       -14         0       -31
       -18         0        31        18         0       -31        18         0
        31       -18         0       -18       -31         0        18        31
         0       -18        31         0        18       -31         0       -14
       -33         0        14        33         0       -14        33         0
        14       -33         0       -35        -8         0        35         8
         0       -35         8         0        35        -8         0        -8
       -35         0         8        35         0        -8        35         0
         8       -35         0       -36         0         0        36         0
         0         0       -36         0         0        36         0       -36
        -1         0        36         1         0       -36         1         0
        36        -1         0        -1       -36         0         1        36
         0        -1        36         0         1       -36         0       -36
        -2         0        36         2         0       -36         2         0
        36        -2         0       -34       -12         0        34        12
         0       -34        12         0        34       -12         0       -30
       -20         0        30        20         0       -30        20         0
        30       -20         0       -20       -30         0        20        30
         0       -20        30         0        20       -30         0       -12
       -34         0        12        34         0       -12        34         0
        12       -34         0        -2       -36         0         2        36
         0        -2        36         0         2       -36         0       -26
       -25         0        26        25         0       -26        25         0
        26       -25         0       -25       -26         0        25        26
         0       -25        26         0        25       -26         0       -36
        -3         0        36         3         0       -36         3         0
        36        -3         0       -27       -24         0        27        24
         0       -27        24         0        27       -24         0       -24
       -27         0        24        27         0       -24        27         0
        24       -27         0        -3       -36         0         3        36
         0        -3        36         0         3       -36         0       -35
        -9         0        35         9         0       -35         9         0
        35        -9         0        -9       -35         0         9        35
         0        -9        35         0         9       -35         0       -36
        -4         0        36         4         0       -36         4         0
        36        -4         0        -4       -36         0         4        36
         0        -4        36         0         4       -36         0       -32
       -17         0        32        17         0       -32        17         0
        32       -17         0       -28       -23         0        28        23
         0       -28        23         0        28       -23         0       -23
       -28         0        23        28         0       -23        28         0
        23       -28         0       -17       -32         0        17        32
         0       -17        32         0        17       -32         0       -33
       -15         0        33        15         0       -33        15         0
        33       -15         0       -15       -33         0        15        33
         0       -15        33         0        15       -33         0       -36
        -5         0        36         5         0       -36         5         0
        36        -5         0        -5       -36         0         5        36
         0        -5        36         0         5       -36         0       -31
       -19         0        31        19         0       -31        19         0
        31       -19         0       -19       -31         0        19        31
         0       -19        31         0        19       -31         0       -35
       -10         0        35        10         0       -35        10         0
        35       -10         0       -34       -13         0        34        13
         0       -34        13         0        34       -13         0       -29
       -22         0        29        22         0       -29        22         0
        29       -22         0       -22       -29         0        22        29
         0       -22        29         0        22       -29         0       -13
       -34         0        13        34         0       -13        34         0
        13       -34         0       -10       -35         0        10        35
         0       -10        35         0        10       -35         0       -36
        -6         0        36         6         0       -36         6         0
        36        -6         0        -6       -36         0         6        36
         0        -6        36         0         6       -36         0       -30
       -21         0        30        21         0       -30        21         0
        30       -21         0       -21       -30         0        21        30
         0       -21        30         0        21       -30         0       -36
        -7         0        36         7         0       -36         7         0
        36        -7         0       -33       -16         0        33        16
         0       -33        16         0        33       -16         0       -16
       -33         0        16        33         0       -16        33         0
        16       -33         0        -7       -36         0         7        36
         0        -7        36         0         7       -36         0       -35
       -11         0        35        11         0       -35        11         0
        35       -11         0       -11       -35         0        11        35
         0       -11        35         0        11       -35         0       -32
       -18         0        32        18         0       -32        18         0
        32       -18         0       -18       -32         0        18        32
         0       -18        32         0        18       -32         0       -34
       -14         0        34        14         0       -34        14         0
        34       -14         0       -26       -26         0        26        26
         0       -26        26         0        26       -26         0       -14
       -34         0        14        34         0       -14        34         0
        14       -34         0       -27       -25         0        27        25
         0       -27        25         0        27       -25         0       -25
       -27         0        25        27         0       -25        27         0
        25       -27         0       -36        -8         0        36         8
         0       -36         8         0        36        -8         0       -28
       -24         0        28        24         0       -28        24         0
        28       -24         0       -24       -28         0        24        28
         0       -24        28         0        24       -28         0        -8
       -36         0         8        36         0        -8        36         0
         8       -36         0       -31       -20         0        31        20
         0       -31        20         0        31       -20         0       -20
       -31         0        20        31         0       -20        31         0
        20       -31         0       -37         0         0        37         0
         0       -35       -12         0        35        12         0       -35
        12         0        35       -12         0       -12       -35         0
        12        35         0       -12        35         0        12       -35
         0         0       -37         0         0        37         0       -37
        -1         0        37         1         0       -37         1         0
        37        -1         0       -29       -23         0        29        23
         0       -29        23         0        29       -23         0       -23
       -29         0        23        29         0       -23        29         0
        23       -29         0        -1       -37         0         1        37
         0        -1        37         0         1       -37         0       -37
        -2         0        37         2         0       -37         2         0
        37        -2         0        -2       -37         0         2        37
         0        -2        37         0         2       -37         0       -36
        -9         0        36         9         0       -36         9         0
        36        -9         0        -9       -36         0         9        36
         0        -9        36         0         9       -36         0       -37
        -3         0        37         3         0       -37         3         0
        37        -3         0       -33       -17         0        33        17
         0       -33        17         0        33       -17         0       -17
       -33         0        17        33         0       -17        33         0
        17       -33         0        -3       -37         0         3        37
         0        -3        37         0         3       -37         0       -34
       -15         0        34        15         0       -34        15         0
        34       -15         0       -15       -34         0        15        34
         0       -15        34         0        15       -34         0       -30
       -22         0        30        22         0       -30        22         0
        30       -22         0       -22       -30         0        22        30
         0       -22        30         0        22       -30         0       -37
        -4         0        37         4         0       -37         4         0
        37        -4         0       -32       -19         0        32        19
         0       -32        19         0        32       -19         0       -19
       -32         0        19        32         0       -19        32         0
        19       -32         0        -4       -37         0         4        37
         0        -4        37         0         4       -37         0       -37
        -5         0        37         5         0       -37         5         0
        37        -5         0       -35       -13         0        35        13
         0       -35        13         0        35       -13         0       -13
       -35         0        13        35         0       -13        35         0
        13       -35         0        -5       -37         0         5        37
         0        -5        37         0         5       -37         0       -36
       -10         0        36        10         0       -36        10         0
        36       -10         0       -10       -36         0        10        36
         0       -10        36         0        10       -36         0       -31
       -21         0        31        21         0       -31        21         0
        31       -21         0       -21       -31         0        21        31
         0       -21        31         0        21       -31         0       -37
        -6         0        37         6         0       -37         6         0
        37        -6         0       -27       -26         0        27        26
         0       -27        26         0        27       -26         0       -26
       -27         0        26        27         0       -26        27         0
        26       -27         0        -6       -37         0         6        37
         0        -6        37         0         6       -37         0       -28
       -25         0        28        25         0       -28        25         0
        28       -25         0       -25       -28         0        25        28
         0       -25        28         0        25       -28         0       -34
       -16         0        34        16         0       -34        16         0
        34       -16         0       -16       -34         0        16        34
         0       -16        34         0        16       -34         0       -33
       -18         0        33        18         0       -33        18         0
        33       -18         0       -18       -33         0        18        33
         0       -18        33         0        18       -33         0       -36
       -11         0        36        11         0       -36        11         0
        36       -11         0       -29       -24         0        29        24
         0       -29        24         0        29       -24         0       -24
       -29         0        24        29         0       -24        29         0
        24       -29         0       -11       -36         0        11        36
         0       -11        36         0        11       -36         0       -37
        -7         0        37         7         0       -37         7         0
        37        -7         0        -7       -37         0         7        37
         0        -7        37         0         7       -37         0       -35
       -14         0        35        14         0       -35        14         0
        35       -14         0       -14       -35         0        14        35
         0       -14        35         0        14       -35         0       -32
       -20         0        32        20         0       -32        20         0
        32       -20         0       -20       -32         0        20        32
         0       -20        32         0        20       -32         0       -30
       -23         0        30        23         0       -30        23         0
        30       -23         0       -23       -30         0        23        30
         0       -23        30         0        23       -30         0       -37
        -8         0        37         8         0       -37         8         0
        37        -8         0        -8       -37         0         8        37
         0        -8        37         0         8       -37         0       -36
       -12         0        36        12         0       -36        12         0
        36       -12         0       -12       -36         0        12        36
         0       -12        36         0        12       -36         0       -38
         0         0        38         0         0         0       -38         0
         0        38         0       -38        -1         0        38         1
         0       -38         1         0        38        -1         0       -34
       -17         0        34        17         0       -34        17         0
        34       -17         0       -31       -22         0        31        22
         0       -31        22         0        31       -22         0       -22
       -31         0        22        31         0       -22        31         0
        22       -31         0       -17       -34         0        17        34
         0       -17        34         0        17       -34         0        -1
       -38         0         1        38         0        -1        38         0
         1       -38         0       -38        -2         0        38         2
         0       -38         2         0        38        -2         0        -2
       -38         0         2        38         0        -2        38         0
         2       -38         0       -37        -9         0        37         9
         0       -37         9         0        37        -9         0       -35
       -15         0        35        15         0       -35        15         0
        35       -15         0       -33       -19         0        33        19
         0       -33        19         0        33       -19         0       -19
       -33         0        19        33         0       -19        33         0
        19       -33         0       -15       -35         0        15        35
         0       -15        35         0        15       -35         0        -9
       -37         0         9        37         0        -9        37         0
         9       -37         0       -38        -3         0        38         3
         0       -38         3         0        38        -3         0        -3
       -38         0         3        38         0        -3        38         0
         3       -38         0       -27       -27         0        27        27
         0       -27        27         0        27       -27         0       -38
        -4         0        38         4         0       -38         4         0
        38        -4         0       -28       -26         0        28        26
         0       -28        26         0        28       -26         0       -26
       -28         0        26        28         0       -26        28         0
        26       -28         0        -4       -38         0         4        38
         0        -4        38         0         4       -38         0       -36
       -13         0        36        13         0       -36        13         0
        36       -13         0       -32       -21         0        32        21
         0       -32        21         0        32       -21         0       -21
       -32         0        21        32         0       -21        32         0
        21       -32         0       -13       -36         0        13        36
         0       -13        36         0        13       -36         0       -29
       -25         0        29        25         0       -29        25         0
        29       -25         0       -25       -29         0        25        29
         0       -25        29         0        25       -29         0       -38
        -5         0        38         5         0       -38         5         0
        38        -5         0       -37       -10         0        37        10
         0       -37        10         0        37       -10         0       -10
       -37         0        10        37         0       -10        37         0
        10       -37         0        -5       -38         0         5        38
         0        -5        38         0         5       -38         0       -30
       -24         0        30        24         0       -30        24         0
        30       -24         0       -24       -30         0        24        30
         0       -24        30         0        24       -30         0       -38
        -6         0        38         6         0       -38         6         0
        38        -6         0       -34       -18         0        34        18
         0       -34        18         0        34       -18         0       -18
       -34         0        18        34         0       -18        34         0
        18       -34         0        -6       -38         0         6        38
         0        -6        38         0         6       -38         0       -35
       -16         0        35        16         0       -35        16         0
        35       -16         0       -16       -35         0        16        35
         0       -16        35         0        16       -35         0       -33
       -20         0        33        20         0       -33        20         0
        33       -20         0       -20       -33         0        20        33
         0       -20        33         0        20       -33         0       -37
       -11         0        37        11         0       -37        11         0
        37       -11         0       -31       -23         0        31        23
         0       -31        23         0        31       -23         0       -23
       -31         0        23        31         0       -23        31         0
        23       -31         0       -11       -37         0        11        37
         0       -11        37         0        11       -37         0       -36
       -14         0        36        14         0       -36        14         0
        36       -14         0       -14       -36         0        14        36
         0       -14        36         0        14       -36         0       -38
        -7         0        38         7         0       -38         7         0
        38        -7         0        -7       -38         0         7        38
         0        -7        38         0         7       -38         0       -38
        -8         0        38         8         0       -38         8         0
        38        -8         0       -32       -22         0        32        22
         0       -32        22         0        32       -22         0       -22
       -32         0        22        32         0       -22        32         0
        22       -32         0        -8       -38         0         8        38
         0        -8        38         0         8       -38         0       -37
       -12         0        37        12         0       -37        12         0
        37       -12         0       -28       -27         0        28        27
         0       -28        27         0        28       -27         0       -27
       -28         0        27        28         0       -27        28         0
        27       -28         0       -12       -37         0        12        37
         0       -12        37         0        12       -37         0       -35
       -17         0        35        17         0       -35        17         0
        35       -17         0       -17       -35         0        17        35
         0       -17        35         0        17       -35         0       -34
       -19         0        34        19         0       -34        19         0
        34       -19         0       -29       -26         0        29        26
         0       -29        26         0        29       -26         0       -26
       -29         0        26        29         0       -26        29         0
        26       -29         0       -19       -34         0        19        34
         0       -19        34         0        19       -34         0       -39
         0         0        39         0         0       -36       -15         0
        36        15         0       -36        15         0        36       -15
         0       -15       -36         0        15        36         0       -15
        36         0        15       -36         0         0       -39         0
         0        39         0       -39        -1         0        39         1
         0       -39         1         0        39        -1         0        -1
       -39         0         1        39         0        -1        39         0
         1       -39         0       -39        -2         0        39         2
         0       -39         2         0        39        -2         0       -38
        -9         0        38         9         0       -38         9         0
        38        -9         0       -30       -25         0        30        25
         0       -30        25         0        30       -25         0       -25
       -30         0        25        30         0       -25        30         0
        25       -30         0        -9       -38         0         9        38
         0        -9        38         0         9       -38         0        -2
       -39         0         2        39         0        -2        39         0
         2       -39         0       -39        -3         0        39         3
         0       -39         3         0        39        -3         0       -33
       -21         0        33        21         0       -33        21         0
        33       -21         0       -21       -33         0        21        33
         0       -21        33         0        21       -33         0        -3
       -39         0         3        39         0        -3        39         0
         3       -39         0       -39        -4         0        39         4
         0       -39         4         0        39        -4         0       -31
       -24         0        31        24         0       -31        24         0
        31       -24         0       -24       -31         0        24        31
         0       -24        31         0        24       -31         0        -4
       -39         0         4        39         0        -4        39         0
         4       -39         0       -37       -13         0        37        13
         0       -37        13         0        37       -13         0       -13
       -37         0        13        37         0       -13        37         0
        13       -37         0       -38       -10         0        38        10
         0       -38        10         0        38       -10         0       -10
       -38         0        10        38         0       -10        38         0
        10       -38         0       -39        -5         0        39         5
         0       -39         5         0        39        -5         0        -5
       -39         0         5        39         0        -5        39         0
         5       -39         0       -35       -18         0        35        18
         0       -35        18         0        35       -18         0       -18
       -35         0        18        35         0       -18        35         0
        18       -35         0       -36       -16         0        36        16
         0       -36        16         0        36       -16         0       -16
       -36         0        16        36         0       -16        36         0
        16       -36         0       -32       -23         0        32        23
         0       -32        23         0        32       -23         0       -23
       -32         0        23        32         0       -23        32         0
        23       -32         0       -34       -20         0        34        20
         0       -34        20         0        34       -20         0       -20
       -34         0        20        34         0       -20        34         0
        20       -34         0       -39        -6         0        39         6
         0       -39         6         0        39        -6         0        -6
       -39         0         6        39         0        -6        39         0
         6       -39         0       -38       -11         0        38        11
         0       -38        11         0        38       -11         0       -37
       -14         0        37        14         0       -37        14         0
        37       -14         0       -14       -37         0        14        37
         0       -14        37         0        14       -37         0       -11
       -38         0        11        38         0       -11        38         0
        11       -38         0       -28       -28         0        28        28
         0       -28        28         0        28       -28         0       -39
        -7         0        39         7         0       -39         7         0
        39        -7         0       -29       -27         0        29        27
         0       -29        27         0        29       -27         0       -27
       -29         0        27        29         0       -27        29         0
        27       -29         0        -7       -39         0         7        39
         0        -7        39         0         7       -39         0       -33
       -22         0        33        22         0       -33        22         0
        33       -22         0       -22       -33         0        22        33
         0       -22        33         0        22       -33         0       -30
       -26         0        30        26         0       -30        26         0
        30       -26         0       -26       -30         0        26        30
         0       -26        30         0        26       -30         0       -39
        -8         0        39         8         0       -39         8         0
        39        -8         0       -36       -17         0        36        17
         0       -36        17         0        36       -17         0       -17
       -36         0        17        36         0       -17        36         0
        17       -36         0        -8       -39         0         8        39
         0        -8        39         0         8       -39         0       -35
       -19         0        35        19         0       -35        19         0
        35       -19         0       -31       -25         0        31        25
         0       -31        25         0        31       -25         0       -25
       -31         0        25        31         0       -25        31         0
        25       -31         0       -19       -35         0        19        35
         0       -19        35         0        19       -35         0       -38
       -12         0        38        12         0       -38        12         0
        38       -12         0       -12       -38         0        12        38
         0       -12        38         0        12       -38         0       -37
       -15         0        37        15         0       -37        15         0
        37       -15         0       -15       -37         0        15        37
         0       -15        37         0        15       -37         0       -34
       -21         0        34        21         0       -34        21         0
        34       -21         0       -21       -34         0        21        34
         0       -21        34         0        21       -34         0       -40
         0         0        40         0         0       -32       -24         0
        32        24         0       -32        24         0        32       -24
         0       -24       -32         0        24        32         0       -24
        32         0        24       -32         0         0       -40         0
         0        40         0       -40        -1         0        40         1
         0       -40         1         0        40        -1         0        -1
       -40         0         1        40         0        -1        40         0
         1       -40         0       -39        -9         0        39         9
         0       -39         9         0        39        -9         0        -9
       -39         0         9        39         0        -9        39         0
         9       -39         0       -40        -2         0        40         2
         0       -40         2         0        40        -2         0        -2
       -40         0         2        40         0        -2        40         0
         2       -40         0       -40        -3         0        40         3
         0       -40         3         0        40        -3         0        -3
       -40         0         3        40         0        -3        40         0
         3       -40         0       -38       -13         0        38        13
         0       -38        13         0        38       -13         0       -13
       -38         0        13        38         0       -13        38         0
        13       -38         0       -40        -4         0        40         4
         0       -40         4         0        40        -4         0        -4
       -40         0         4        40         0        -4        40         0
         4       -40         0       -33       -23         0        33        23
         0       -33        23         0        33       -23         0       -23
       -33         0        23        33         0       -23        33         0
        23       -33         0       -36       -18         0        36        18
         0       -36        18         0        36       -18         0       -18
       -36         0        18        36         0       -18        36         0
        18       -36         0       -39       -10         0        39        10
         0       -39        10         0        39       -10         0       -10
       -39         0        10        39         0       -10        39         0
        10       -39         0       -40        -5         0        40         5
         0       -40         5         0        40        -5         0       -37
       -16         0        37        16         0       -37        16         0
        37       -16         0       -35       -20         0        35        20
         0       -35        20         0        35       -20         0       -29
       -28         0        29        28         0       -29        28         0
        29       -28         0       -28       -29         0        28        29
         0       -28        29         0        28       -29         0       -20
       -35         0        20        35         0       -20        35         0
        20       -35         0       -16       -37         0        16        37
         0       -16        37         0        16       -37         0        -5
       -40         0         5        40         0        -5        40         0
         5       -40         0       -30       -27         0        30        27
         0       -30        27         0        30       -27         0       -27
       -30         0        27        30         0       -27        30         0
        27       -30         0       -40        -6         0        40         6
         0       -40         6         0        40        -6         0        -6
       -40         0         6        40         0        -6        40         0
         6       -40         0       -31       -26         0        31        26
         0       -31        26         0        31       -26         0       -26
       -31         0        26        31         0       -26        31         0
        26       -31         0       -38       -14         0        38        14
         0       -38        14         0        38       -14         0       -34
       -22         0        34        22         0       -34        22         0
        34       -22         0       -22       -34         0        22        34
         0       -22        34         0        22       -34         0       -14
       -38         0        14        38         0       -14        38         0
        14       -38         0       -39       -11         0        39        11
         0       -39        11         0        39       -11         0       -11
       -39         0        11        39         0       -11        39         0
        11       -39         0       -40        -7         0        40         7
         0       -40         7         0        40        -7         0       -32
       -25         0        32        25         0       -32        25         0
        32       -25         0       -25       -32         0        25        32
         0       -25        32         0        25       -32         0        -7
       -40         0         7        40         0        -7        40         0
         7       -40         0       -36       -19         0        36        19
         0       -36        19         0        36       -19         0       -19
       -36         0        19        36         0       -19        36         0
        19       -36         0       -37       -17         0        37        17
         0       -37        17         0        37       -17         0       -17
       -37         0        17        37         0       -17        37         0
        17       -37         0       -40        -8         0        40         8
         0       -40         8         0        40        -8         0        -8
       -40         0         8        40         0        -8        40         0
         8       -40         0       -39       -12         0        39        12
         0       -39        12         0        39       -12         0       -33
       -24         0        33        24         0       -33        24         0
        33       -24         0       -24       -33         0        24        33
         0       -24        33         0        24       -33         0       -12
       -39         0        12        39         0       -12        39         0
        12       -39         0       -35       -21         0        35        21
         0       -35        21         0        35       -21         0       -21
       -35         0        21        35         0       -21        35         0
        21       -35         0       -38       -15         0        38        15
         0       -38        15         0        38       -15         0       -15
       -38         0        15        38         0       -15        38         0
        15       -38         0       -41         0         0        41         0
         0       -40        -9         0        40         9         0       -40
         9         0        40        -9         0        -9       -40         0
         9        40         0        -9        40         0         9       -40
         0         0       -41         0         0        41         0       -41
        -1         0        41         1         0       -41         1         0
        41        -1         0       -29       -29         0        29        29
         0       -29        29         0        29       -29         0        -1
       -41         0         1        41         0        -1        41         0
         1       -41         0       -30       -28         0        30        28
         0       -30        28         0        30       -28         0       -28
       -30         0        28        30         0       -28        30         0
        28       -30         0       -41        -2         0        41         2
         0       -41         2         0        41        -2         0       -34
       -23         0        34        23         0       -34        23         0
        34       -23         0       -23       -34         0        23        34
         0       -23        34         0        23       -34         0        -2
       -41         0         2        41         0        -2        41         0
         2       -41         0       -41        -3         0        41         3
         0       -41         3         0        41        -3         0       -39
       -13         0        39        13         0       -39        13         0
        39       -13         0       -31       -27         0        31        27
         0       -31        27         0        31       -27         0       -27
       -31         0        27        31         0       -27        31         0
        27       -31         0       -13       -39         0        13        39
         0       -13        39         0        13       -39         0        -3
       -41         0         3        41         0        -3        41         0
         3       -41         0       -37       -18         0        37        18
         0       -37        18         0        37       -18         0       -18
       -37         0        18        37         0       -18        37         0
        18       -37         0       -36       -20         0        36        20
         0       -36        20         0        36       -20         0       -20
       -36         0        20        36         0       -20        36         0
        20       -36         0       -41        -4         0        41         4
         0       -41         4         0        41        -4         0        -4
       -41         0         4        41         0        -4        41         0
         4       -41         0       -40       -10         0        40        10
         0       -40        10         0        40       -10         0       -38
       -16         0        38        16         0       -38        16         0
        38       -16         0       -32       -26         0        32        26
         0       -32        26         0        32       -26         0       -26
       -32         0        26        32         0       -26        32         0
        26       -32         0       -16       -38         0        16        38
         0       -16        38         0        16       -38         0       -10
       -40         0        10        40         0       -10        40         0
        10       -40         0       -41        -5         0        41         5
         0       -41         5         0        41        -5         0        -5
       -41         0         5        41         0        -5        41         0
         5       -41         0       -35       -22         0        35        22
         0       -35        22         0        35       -22         0       -22
       -35         0        22        35         0       -22        35         0
        22       -35         0       -33       -25         0        33        25
         0       -33        25         0        33       -25         0       -25
       -33         0        25        33         0       -25        33         0
        25       -33         0       -41        -6         0        41         6
         0       -41         6         0        41        -6         0       -39
       -14         0        39        14         0       -39        14         0
        39       -14         0       -14       -39         0        14        39
         0       -14        39         0        14       -39         0        -6
       -41         0         6        41         0        -6        41         0
         6       -41         0       -40       -11         0        40        11
         0       -40        11         0        40       -11         0       -11
       -40         0        11        40         0       -11        40         0
        11       -40         0       -41        -7         0        41         7
         0       -41         7         0        41        -7         0       -37
       -19         0        37        19         0       -37        19         0
        37       -19         0       -19       -37         0        19        37
         0       -19        37         0        19       -37         0        -7
       -41         0         7        41         0        -7        41         0
         7       -41         0       -34       -24         0        34        24
         0       -34        24         0        34       -24         0       -24
       -34         0        24        34         0       -24        34         0
        24       -34         0       -38       -17         0        38        17
         0       -38        17         0        38       -17         0       -17
       -38         0        17        38         0       -17        38         0
        17       -38         0       -36       -21         0        36        21
         0       -36        21         0        36       -21         0       -21
       -36         0        21        36         0       -21        36         0
        21       -36         0       -30       -29         0        30        29
         0       -30        29         0        30       -29         0       -29
       -30         0        29        30         0       -29        30         0
        29       -30         0       -40       -12         0        40        12
         0       -40        12         0        40       -12         0       -12
       -40         0        12        40         0       -12        40         0
        12       -40         0       -41        -8         0        41         8
         0       -41         8         0        41        -8         0       -31
       -28         0        31        28         0       -31        28         0
        31       -28         0       -28       -31         0        28        31
         0       -28        31         0        28       -31         0        -8
       -41         0         8        41         0        -8        41         0
         8       -41         0       -39       -15         0        39        15
         0       -39        15         0        39       -15         0       -15
       -39         0        15        39         0       -15        39         0
        15       -39         0       -32       -27         0        32        27
         0       -32        27         0        32       -27         0       -27
       -32         0        27        32         0       -27        32         0
        27       -32         0       -35       -23         0        35        23
         0       -35        23         0        35       -23         0       -23
       -35         0        23        35         0       -23        35         0
        23       -35         0       -41        -9         0        41         9
         0       -41         9         0        41        -9         0        -9
       -41         0         9        41         0        -9        41         0
         9       -41         0       -42         0         0        42         0
         0         0       -42         0         0        42         0       -42
        -1         0        42         1         0       -42         1         0
        42        -1         0       -33       -26         0        33        26
         0       -33        26         0        33       -26         0       -26
       -33         0        26        33         0       -26        33         0
        26       -33         0        -1       -42         0         1        42
         0        -1        42         0         1       -42         0       -42
        -2         0        42         2         0       -42         2         0
        42        -2         0       -38       -18         0        38        18
         0       -38        18         0        38       -18         0       -18
       -38         0        18        38         0       -18        38         0
        18       -38         0        -2       -42         0         2        42
         0        -2        42         0         2       -42         0       -40
       -13         0        40        13         0       -40        13         0
        40       -13         0       -37       -20         0        37        20
         0       -37        20         0        37       -20         0       -20
       -37         0        20        37         0       -20        37         0
        20       -37         0       -13       -40         0        13        40
         0       -13        40         0        13       -40         0       -42
        -3         0        42         3         0       -42         3         0
        42        -3         0        -3       -42         0         3        42
         0        -3        42         0         3       -42         0       -39
       -16         0        39        16         0       -39        16         0
        39       -16         0       -16       -39         0        16        39
         0       -16        39         0        16       -39         0       -42
        -4         0        42         4         0       -42         4         0
        42        -4         0       -36       -22         0        36        22
         0       -36        22         0        36       -22         0       -22
       -36         0        22        36         0       -22        36         0
        22       -36         0        -4       -42         0         4        42
         0        -4        42         0         4       -42         0       -41
       -10         0        41        10         0       -41        10         0
        41       -10         0       -34       -25         0        34        25
         0       -34        25         0        34       -25         0       -25
       -34         0        25        34         0       -25        34         0
        25       -34         0       -10       -41         0        10        41
         0       -10        41         0        10       -41         0       -42
        -5         0        42         5         0       -42         5         0
        42        -5         0        -5       -42         0         5        42
         0        -5        42         0         5       -42         0       -40
       -14         0        40        14         0       -40        14         0
        40       -14         0       -14       -40         0        14        40
         0       -14        40         0        14       -40         0       -42
        -6         0        42         6         0       -42         6         0
        42        -6         0       -30       -30         0        30        30
         0       -30        30         0        30       -30         0        -6
       -42         0         6        42         0        -6        42         0
         6       -42         0       -35       -24         0        35        24
         0       -35        24         0        35       -24         0       -24
       -35         0        24        35         0       -24        35         0
        24       -35         0       -41       -11         0        41        11
         0       -41        11         0        41       -11         0       -31
       -29         0        31        29         0       -31        29         0
        31       -29         0       -29       -31         0        29        31
         0       -29        31         0        29       -31         0       -11
       -41         0        11        41         0       -11        41         0
        11       -41         0       -38       -19         0        38        19
         0       -38        19         0        38       -19         0       -19
       -38         0        19        38         0       -19        38         0
        19       -38         0       -32       -28         0        32        28
         0       -32        28         0        32       -28         0       -28
       -32         0        28        32         0       -28        32         0
        28       -32         0       -39       -17         0        39        17
         0       -39        17         0        39       -17         0       -37
       -21         0        37        21         0       -37        21         0
        37       -21         0       -21       -37         0        21        37
         0       -21        37         0        21       -37         0       -17
       -39         0        17        39         0       -17        39         0
        17       -39         0       -42        -7         0        42         7
         0       -42         7         0        42        -7         0        -7
       -42         0         7        42         0        -7        42         0
         7       -42         0       -33       -27         0        33        27
         0       -33        27         0        33       -27         0       -27
       -33         0        27        33         0       -27        33         0
        27       -33         0       -41       -12         0        41        12
         0       -41        12         0        41       -12         0       -40
       -15         0        40        15         0       -40        15         0
        40       -15         0       -36       -23         0        36        23
         0       -36        23         0        36       -23         0       -23
       -36         0        23        36         0       -23        36         0
        23       -36         0       -15       -40         0        15        40
         0       -15        40         0        15       -40         0       -12
       -41         0        12        41         0       -12        41         0
        12       -41         0       -42        -8         0        42         8
         0       -42         8         0        42        -8         0        -8
       -42         0         8        42         0        -8        42         0
         8       -42         0       -34       -26         0        34        26
         0       -34        26         0        34       -26         0       -26
       -34         0        26        34         0       -26        34         0
        26       -34         0       -38       -20         0        38        20
         0       -38        20         0        38       -20         0       -20
       -38         0        20        38         0       -20        38         0
        20       -38         0       -42        -9         0        42         9
         0       -42         9         0        42        -9         0       -39
       -18         0        39        18         0       -39        18         0
        39       -18         0       -18       -39         0        18        39
         0       -18        39         0        18       -39         0        -9
       -42         0         9        42         0        -9        42         0
         9       -42         0       -43         0         0        43         0
         0         0       -43         0         0        43         0       -43
        -1         0        43         1         0       -43         1         0
        43        -1         0       -41       -13         0        41        13
         0       -41        13         0        41       -13         0       -35
       -25         0        35        25         0       -35        25         0
        35       -25         0       -25       -35         0        25        35
         0       -25        35         0        25       -35         0       -13
       -41         0        13        41         0       -13        41         0
        13       -41         0        -1       -43         0         1        43
         0        -1        43         0         1       -43         0       -43
        -2         0        43         2         0       -43         2         0
        43        -2         0       -37       -22         0        37        22
         0       -37        22         0        37       -22         0       -22
       -37         0        22        37         0       -22        37         0
        22       -37         0        -2       -43         0         2        43
         0        -2        43         0         2       -43         0       -40
       -16         0        40        16         0       -40        16         0
        40       -16         0       -16       -40         0        16        40
         0       -16        40         0        16       -40         0       -43
        -3         0        43         3         0       -43         3         0
        43        -3         0        -3       -43         0         3        43
         0        -3        43         0         3       -43         0       -31
       -30         0        31        30         0       -31        30         0
        31       -30         0       -30       -31         0        30        31
         0       -30        31         0        30       -31         0       -42
       -10         0        42        10         0       -42        10         0
        42       -10         0       -10       -42         0        10        42
         0       -10        42         0        10       -42         0       -43
        -4         0        43         4         0       -43         4         0
        43        -4         0       -32       -29         0        32        29
         0       -32        29         0        32       -29         0       -29
       -32         0        29        32         0       -29        32         0
        29       -32         0        -4       -43         0         4        43
         0        -4        43         0         4       -43         0       -36
       -24         0        36        24         0       -36        24         0
        36       -24         0       -24       -36         0        24        36
         0       -24        36         0        24       -36         0       -33
       -28         0        33        28         0       -33        28         0
        33       -28         0       -28       -33         0        28        33
         0       -28        33         0        28       -33         0       -43
        -5         0        43         5         0       -43         5         0
        43        -5         0        -5       -43         0         5        43
         0        -5        43         0         5       -43         0       -41
       -14         0        41        14         0       -41        14         0
        41       -14         0       -14       -41         0        14        41
         0       -14        41         0        14       -41         0       -39
       -19         0        39        19         0       -39        19         0
        39       -19         0       -19       -39         0        19        39
         0       -19        39         0        19       -39         0       -43
        -6         0        43         6         0       -43         6         0
        43        -6         0       -42       -11         0        42        11
         0       -42        11         0        42       -11         0       -38
       -21         0        38        21         0       -38        21         0
        38       -21         0       -34       -27         0        34        27
         0       -34        27         0        34       -27         0       -27
       -34         0        27        34         0       -27        34         0
        27       -34         0       -21       -38         0        21        38
         0       -21        38         0        21       -38         0       -11
       -42         0        11        42         0       -11        42         0
        11       -42         0        -6       -43         0         6        43
         0        -6        43         0         6       -43         0       -40
       -17         0        40        17         0       -40        17         0
        40       -17         0       -17       -40         0        17        40
         0       -17        40         0        17       -40         0       -43
        -7         0        43         7         0       -43         7         0
        43        -7         0       -37       -23         0        37        23
         0       -37        23         0        37       -23         0       -23
       -37         0        23        37         0       -23        37         0
        23       -37         0        -7       -43         0         7        43
         0        -7        43         0         7       -43         0       -35
       -26         0        35        26         0       -35        26         0
        35       -26         0       -26       -35         0        26        35
         0       -26        35         0        26       -35         0       -41
       -15         0        41        15         0       -41        15         0
        41       -15         0       -15       -41         0        15        41
         0       -15        41         0        15       -41         0       -42
       -12         0        42        12         0       -42        12         0
        42       -12         0       -12       -42         0        12        42
         0       -12        42         0        12       -42         0       -43
        -8         0        43         8         0       -43         8         0
        43        -8         0        -8       -43         0         8        43
         0        -8        43         0         8       -43         0       -39
       -20         0        39        20         0       -39        20         0
        39       -20         0       -36       -25         0        36        25
         0       -36        25         0        36       -25         0       -25
       -36         0        25        36         0       -25        36         0
        25       -36         0       -20       -39         0        20        39
         0       -20        39         0        20       -39         0       -31
       -31         0        31        31         0       -31        31         0
        31       -31         0       -40       -18         0        40        18
         0       -40        18         0        40       -18         0       -32
       -30         0        32        30         0       -32        30         0
        32       -30         0       -30       -32         0        30        32
         0       -30        32         0        30       -32         0       -18
       -40         0        18        40         0       -18        40         0
        18       -40         0       -38       -22         0        38        22
         0       -38        22         0        38       -22         0       -22
       -38         0        22        38         0       -22        38         0
        22       -38         0       -43        -9         0        43         9
         0       -43         9         0        43        -9         0       -33
       -29         0        33        29         0       -33        29         0
        33       -29         0       -29       -33         0        29        33
         0       -29        33         0        29       -33         0        -9
       -43         0         9        43         0        -9        43         0
         9       -43         0       -42       -13         0        42        13
         0       -42        13         0        42       -13         0       -13
       -42         0        13        42         0       -13        42         0
        13       -42         0       -44         0         0        44         0
         0         0       -44         0         0        44         0       -44
        -1         0        44         1         0       -44         1         0
        44        -1         0       -41       -16         0        41        16
         0       -41        16         0        41       -16         0       -16
       -41         0        16        41         0       -16        41         0
        16       -41         0        -1       -44         0         1        44
         0        -1        44         0         1       -44         0       -44
        -2         0        44         2         0       -44         2         0
        44        -2         0       -34       -28         0        34        28
         0       -34        28         0        34       -28         0       -28
       -34         0        28        34         0       -28        34         0
        28       -34         0        -2       -44         0         2        44
         0        -2        44         0         2       -44         0       -44
        -3         0        44         3         0       -44         3         0
        44        -3         0       -37       -24         0        37        24
         0       -37        24         0        37       -24         0       -24
       -37         0        24        37         0       -24        37         0
        24       -37         0        -3       -44         0         3        44
         0        -3        44         0         3       -44         0       -43
       -10         0        43        10         0       -43        10         0
        43       -10         0       -10       -43         0        10        43
         0       -10        43         0        10       -43         0       -44
        -4         0        44         4         0       -44         4         0
        44        -4         0        -4       -44         0         4        44
         0        -4        44         0         4       -44         0       -35
       -27         0        35        27         0       -35        27         0
        35       -27         0       -27       -35         0        27        35
         0       -27        35         0        27       -35         0       -42
       -14         0        42        14         0       -42        14         0
        42       -14         0       -14       -42         0        14        42
         0       -14        42         0        14       -42         0       -44
        -5         0        44         5         0       -44         5         0
        44        -5         0       -40       -19         0        40        19
         0       -40        19         0        40       -19         0       -19
       -40         0        19        40         0       -19        40         0
        19       -40         0        -5       -44         0         5        44
         0        -5        44         0         5       -44         0       -39
       -21         0        39        21         0       -39        21         0
        39       -21         0       -21       -39         0        21        39
         0       -21        39         0        21       -39         0       -43
       -11         0        43        11         0       -43        11         0
        43       -11         0       -41       -17         0        41        17
         0       -41        17         0        41       -17         0       -17
       -41         0        17        41         0       -17        41         0
        17       -41         0       -11       -43         0        11        43
         0       -11        43         0        11       -43         0       -44
        -6         0        44         6         0       -44         6         0
        44        -6         0       -36       -26         0        36        26
         0       -36        26         0        36       -26         0       -26
       -36         0        26        36         0       -26        36         0
        26       -36         0        -6       -44         0         6        44
         0        -6        44         0         6       -44         0       -38
       -23         0        38        23         0       -38        23         0
        38       -23         0       -23       -38         0        23        38
         0       -23        38         0        23       -38         0       -44
        -7         0        44         7         0       -44         7         0
        44        -7         0       -32       -31         0        32        31
         0       -32        31         0        32       -31         0       -31
       -32         0        31        32         0       -31        32         0
        31       -32         0        -7       -44         0         7        44
         0        -7        44         0         7       -44         0       -42
       -15         0        42        15         0       -42        15         0
        42       -15         0       -33       -30         0        33        30
         0       -33        30         0        33       -30         0       -30
       -33         0        30        33         0       -30        33         0
        30       -33         0       -15       -42         0        15        42
         0       -15        42         0        15       -42         0       -43
       -12         0        43        12         0       -43        12         0
        43       -12         0       -12       -43         0        12        43
         0       -12        43         0        12       -43         0       -37
       -25         0        37        25         0       -37        25         0
        37       -25         0       -25       -37         0        25        37
         0       -25        37         0        25       -37         0       -34
       -29         0        34        29         0       -34        29         0
        34       -29         0       -29       -34         0        29        34
         0       -29        34         0        29       -34         0       -44
        -8         0        44         8         0       -44         8         0
        44        -8         0       -40       -20         0        40        20
         0       -40        20         0        40       -20         0       -20
       -40         0        20        40         0       -20        40         0
        20       -40         0        -8       -44         0         8        44
         0        -8        44         0         8       -44         0       -41
       -18         0        41        18         0       -41        18         0
        41       -18         0       -39       -22         0        39        22
         0       -39        22         0        39       -22         0       -22
       -39         0        22        39         0       -22        39         0
        22       -39         0       -18       -41         0        18        41
         0       -18        41         0        18       -41         0       -35
       -28         0        35        28         0       -35        28         0
        35       -28         0       -28       -35         0        28        35
         0       -28        35         0        28       -35         0       -44
        -9         0        44         9         0       -44         9         0
        44        -9         0        -9       -44         0         9        44
         0        -9        44         0         9       -44         0       -43
       -13         0        43        13         0       -43        13         0
        43       -13         0       -13       -43         0        13        43
         0       -13        43         0        13       -43         0       -42
       -16         0        42        16         0       -42        16         0
        42       -16         0       -38       -24         0        38        24
         0       -38        24         0        38       -24         0       -24
       -38         0        24        38         0       -24        38         0
        24       -38         0       -16       -42         0        16        42
         0       -16        42         0        16       -42         0       -45
         0         0        45         0         0       -36       -27         0
        36        27         0       -36        27         0        36       -27
         0       -27       -36         0        27        36         0       -27
        36         0        27       -36         0         0       -45         0
         0        45         0       -45        -1         0        45         1
         0       -45         1         0        45        -1         0        -1
       -45         0         1        45         0        -1        45         0
         1       -45         0       -45        -2         0        45         2
         0       -45         2         0        45        -2         0        -2
       -45         0         2        45         0        -2        45         0
         2       -45         0       -45        -3         0        45         3
         0       -45         3         0        45        -3         0        -3
       -45         0         3        45         0        -3        45         0
         3       -45         0       -44       -10         0        44        10
         0       -44        10         0        44       -10         0       -10
       -44         0        10        44         0       -10        44         0
        10       -44         0       -45        -4         0        45         4
         0       -45         4         0        45        -4         0       -40
       -21         0        40        21         0       -40        21         0
        40       -21         0       -21       -40         0        21        40
         0       -21        40         0        21       -40         0        -4
       -45         0         4        45         0        -4        45         0
         4       -45         0       -41       -19         0        41        19
         0       -41        19         0        41       -19         0       -19
       -41         0        19        41         0       -19        41         0
        19       -41         0       -43       -14         0        43        14
         0       -43        14         0        43       -14         0       -37
       -26         0        37        26         0       -37        26         0
        37       -26         0       -26       -37         0        26        37
         0       -26        37         0        26       -37         0       -14
       -43         0        14        43         0       -14        43         0
        14       -43         0       -32       -32         0        32        32
         0       -32        32         0        32       -32         0       -45
        -5         0        45         5         0       -45         5         0
        45        -5         0       -39       -23         0        39        23
         0       -39        23         0        39       -23         0       -33
       -31         0        33        31         0       -33        31         0
        33       -31         0       -31       -33         0        31        33
         0       -31        33         0        31       -33         0       -23
       -39         0        23        39         0       -23        39         0
        23       -39         0        -5       -45         0         5        45
         0        -5        45         0         5       -45         0       -42
       -17         0        42        17         0       -42        17         0
        42       -17         0       -17       -42         0        17        42
         0       -17        42         0        17       -42         0       -34
       -30         0        34        30         0       -34        30         0
        34       -30         0       -30       -34         0        30        34
         0       -30        34         0        30       -34         0       -44
       -11         0        44        11         0       -44        11         0
        44       -11         0       -11       -44         0        11        44
         0       -11        44         0        11       -44         0       -45
        -6         0        45         6         0       -45         6         0
        45        -6         0        -6       -45         0         6        45
         0        -6        45         0         6       -45         0       -35
       -29         0        35        29         0       -35        29         0
        35       -29         0       -29       -35         0        29        35
         0       -29        35         0        29       -35         0       -38
       -25         0        38        25         0       -38        25         0
        38       -25         0       -25       -38         0        25        38
         0       -25        38         0        25       -38         0       -45
        -7         0        45         7         0       -45         7         0
        45        -7         0       -43       -15         0        43        15
         0       -43        15         0        43       -15         0       -15
       -43         0        15        43         0       -15        43         0
        15       -43         0        -7       -45         0         7        45
         0        -7        45         0         7       -45         0       -44
       -12         0        44        12         0       -44        12         0
        44       -12         0       -36       -28         0        36        28
         0       -36        28         0        36       -28         0       -28
       -36         0        28        36         0       -28        36         0
        28       -36         0       -12       -44         0        12        44
         0       -12        44         0        12       -44         0       -41
       -20         0        41        20         0       -41        20         0
        41       -20         0       -20       -41         0        20        41
         0       -20        41         0        20       -41         0       -40
       -22         0        40        22         0       -40        22         0
        40       -22         0       -22       -40         0        22        40
         0       -22        40         0        22       -40         0       -42
       -18         0        42        18         0       -42        18         0
        42       -18         0       -18       -42         0        18        42
         0       -18        42         0        18       -42         0       -45
        -8         0        45         8         0       -45         8         0
        45        -8         0        -8       -45         0         8        45
         0        -8        45         0         8       -45         0       -39
       -24         0        39        24         0       -39        24         0
        39       -24         0       -24       -39         0        24        39
         0       -24        39         0        24       -39         0       -37
       -27         0        37        27         0       -37        27         0
        37       -27         0       -27       -37         0        27        37
         0       -27        37         0        27       -37         0       -44
       -13         0        44        13         0       -44        13         0
        44       -13         0       -43       -16         0        43        16
         0       -43        16         0        43       -16         0       -16
       -43         0        16        43         0       -16        43         0
        16       -43         0       -13       -44         0        13        44
         0       -13        44         0        13       -44         0       -45
        -9         0        45         9         0       -45         9         0
        45        -9         0        -9       -45         0         9        45
         0        -9        45         0         9       -45         0       -33
       -32         0        33        32         0       -33        32         0
        33       -32         0       -32       -33         0        32        33
         0       -32        33         0        32       -33         0       -46
         0         0        46         0         0         0       -46         0
         0        46         0       -46        -1         0        46         1
         0       -46         1         0        46        -1         0       -34
       -31         0        34        31         0       -34        31         0
        34       -31         0       -31       -34         0        31        34
         0       -31        34         0        31       -34         0        -1
       -46         0         1        46         0        -1        46         0
         1       -46         0       -46        -2         0        46         2
         0       -46         2         0        46        -2         0       -38
       -26         0        38        26         0       -38        26         0
        38       -26         0       -26       -38         0        26        38
         0       -26        38         0        26       -38         0        -2
       -46         0         2        46         0        -2        46         0
         2       -46         0       -41       -21         0        41        21
         0       -41        21         0        41       -21         0       -21
       -41         0        21        41         0       -21        41         0
        21       -41         0       -46        -3         0        46         3
         0       -46         3         0        46        -3         0       -45
       -10         0        45        10         0       -45        10         0
        45       -10         0       -42       -19         0        42        19
         0       -42        19         0        42       -19         0       -35
       -30         0        35        30         0       -35        30         0
        35       -30         0       -30       -35         0        30        35
         0       -30        35         0        30       -35         0       -19
       -42         0        19        42         0       -19        42         0
        19       -42         0       -10       -45         0        10        45
         0       -10        45         0        10       -45         0        -3
       -46         0         3        46         0        -3        46         0
         3       -46         0       -40       -23         0        40        23
         0       -40        23         0        40       -23         0       -23
       -40         0        23        40         0       -23        40         0
        23       -40         0       -46        -4         0        46         4
         0       -46         4         0        46        -4         0       -44
       -14         0        44        14         0       -44        14         0
        44       -14         0       -14       -44         0        14        44
         0       -14        44         0        14       -44         0        -4
       -46         0         4        46         0        -4        46         0
         4       -46         0       -36       -29         0        36        29
         0       -36        29         0        36       -29         0       -29
       -36         0        29        36         0       -29        36         0
        29       -36         0       -43       -17         0        43        17
         0       -43        17         0        43       -17         0       -17
       -43         0        17        43         0       -17        43         0
        17       -43         0       -46        -5         0        46         5
         0       -46         5         0        46        -5         0        -5
       -46         0         5        46         0        -5        46         0
         5       -46         0       -45       -11         0        45        11
         0       -45        11         0        45       -11         0       -39
       -25         0        39        25         0       -39        25         0
        39       -25         0       -25       -39         0        25        39
         0       -25        39         0        25       -39         0       -11
       -45         0        11        45         0       -11        45         0
        11       -45         0       -46        -6         0        46         6
         0       -46         6         0        46        -6         0        -6
       -46         0         6        46         0        -6        46         0
         6       -46         0       -37       -28         0        37        28
         0       -37        28         0        37       -28         0       -28
       -37         0        28        37         0       -28        37         0
        28       -37         0       -44       -15         0        44        15
         0       -44        15         0        44       -15         0       -15
       -44         0        15        44         0       -15        44         0
        15       -44         0       -42       -20         0        42        20
         0       -42        20         0        42       -20         0       -20
       -42         0        20        42         0       -20        42         0
        20       -42         0       -46        -7         0        46         7
         0       -46         7         0        46        -7         0       -41
       -22         0        41        22         0       -41        22         0
        41       -22         0       -22       -41         0        22        41
         0       -22        41         0        22       -41         0        -7
       -46         0         7        46         0        -7        46         0
         7       -46         0       -45       -12         0        45        12
         0       -45        12         0        45       -12         0       -12
       -45         0        12        45         0       -12        45         0
        12       -45         0       -43       -18         0        43        18
         0       -43        18         0        43       -18         0       -38
       -27         0        38        27         0       -38        27         0
        38       -27         0       -27       -38         0        27        38
         0       -27        38         0        27       -38         0       -18
       -43         0        18        43         0       -18        43         0
        18       -43         0       -40       -24         0        40        24
         0       -40        24         0        40       -24         0       -24
       -40         0        24        40         0       -24        40         0
        24       -40         0       -33       -33         0        33        33
         0       -33        33         0        33       -33         0       -46
        -8         0        46         8         0       -46         8         0
        46        -8         0       -34       -32         0        34        32
         0       -34        32         0        34       -32         0       -32
       -34         0        32        34         0       -32        34         0
        32       -34         0        -8       -46         0         8        46
         0        -8        46         0         8       -46         0       -35
       -31         0        35        31         0       -35        31         0
        35       -31         0       -31       -35         0        31        35
         0       -31        35         0        31       -35         0       -44
       -16         0        44        16         0       -44        16         0
        44       -16         0       -16       -44         0        16        44
         0       -16        44         0        16       -44         0       -45
       -13         0        45        13         0       -45        13         0
        45       -13         0       -13       -45         0        13        45
         0       -13        45         0        13       -45         0       -36
       -30         0        36        30         0       -36        30         0
        36       -30         0       -30       -36         0        30        36
         0       -30        36         0        30       -36         0       -46
        -9         0        46         9         0       -46         9         0
        46        -9         0       -39       -26         0        39        26
         0       -39        26         0        39       -26         0       -26
       -39         0        26        39         0       -26        39         0
        26       -39         0        -9       -46         0         9        46
         0        -9        46         0         9       -46         0       -42
       -21         0        42        21         0       -42        21         0
        42       -21         0       -21       -42         0        21        42
         0       -21        42         0        21       -42         0       -47
         0         0        47         0         0         0       -47         0
         0        47         0       -47        -1         0        47         1
         0       -47         1         0        47        -1         0       -43
       -19         0        43        19         0       -43        19         0
        43       -19         0       -41       -23         0        41        23
         0       -41        23         0        41       -23         0       -37
       -29         0        37        29         0       -37        29         0
        37       -29         0       -29       -37         0        29        37
         0       -29        37         0        29       -37         0       -23
       -41         0        23        41         0       -23        41         0
        23       -41         0       -19       -43         0        19        43
         0       -19        43         0        19       -43         0        -1
       -47         0         1        47         0        -1        47         0
         1       -47         0       -47        -2         0        47         2
         0       -47         2         0        47        -2         0        -2
       -47         0         2        47         0        -2        47         0
         2       -47         0       -46       -10         0        46        10
         0       -46        10         0        46       -10         0       -10
       -46         0        10        46         0       -10        46         0
        10       -46         0       -47        -3         0        47         3
         0       -47         3         0        47        -3         0        -3
       -47         0         3        47         0        -3        47         0
         3       -47         0       -45       -14         0        45        14
         0       -45        14         0        45       -14         0       -14
       -45         0        14        45         0       -14        45         0
        14       -45         0       -47        -4         0        47         4
         0       -47         4         0        47        -4         0       -44
       -17         0        44        17         0       -44        17         0
        44       -17         0       -40       -25         0        40        25
         0       -40        25         0        40       -25         0       -25
       -40         0        25        40         0
 IDIME
         1         2         3         3         3         4         1         1
         2         2         1         2         2         3         3         2
         3         3         4         5         6         1         1         1
         2         3         1         1         1         2         2         3
         5         2         3         1         2         2         3         3
         5         3         3         4         1         2         3         1
         1         2         1         1         2         2         2         3
         3         1         2         3         1         2         2         3
         3         3         5         5         2         3         4         2
         3         3         4         5         6         1         1         1
         2         1         2         3         1         1         2         1
         3         2         3         5
 IDIMF
         1         1         2         2         2         3         0         1
         1         1         1         1         1         2         2         1
         2         2         3         3         4         0         1         0
         1         2         1         0         1         1         1         1
         3         1         2         1         1         1         1         2
         3         2         2         3         0         1         1         0
         1         1         0         1         1         1         1         2
         2         1         1         1         1         1         1         2
         2         2         3         3         1         1         2         1
         2         2         3         3         4         0         0         0
         0         0         1         1         0         0         1         0
         1         0         1         3
   LA3
         1        13         2        14         2        14         3        15
         3        15         3        15         4        16         4        16
         4        16         4        16         5        17         5        17
         5        17         5        17         5        17         6        18
         6        18         6        18         6        18         6        18
         6        18         7         7         7         7         7         7
         7         7         7         7         7         8         8         8
         8         8         8         8         8         8         8         8
         8         8         8         9         9         9         9         9
         9         9         9         9         9         9         9         9
         9         9        10        10        10        10        10        10
        10        10        10        10        10        10        10        10
        10        10        11        11        11        11        11        11
        11        11        11        11        11        11        11        11
        11        11        11        12        12        12        12        12
        12        12        12        12        12        12        12        12
        12        12        12        12        12        13         1        13
         1        14         2        14         2        14         2        14
         2        15         3        15         3        15         3        15
         3        16         4        16         4        17         5        17
         5        18         6
   LA4
         1        13         1        13         2        14         1        13
         2        14         3        15         1        13         2        14
         3        15         4        16         1        13         2        14
         3        15         4        16         5        17         1        13
         2        14         3        15         4        16         5        17
         6        18         2        14         3        15         4        16
         5        17         6        18         7         1        13         2
        14         3        15         4        16         5        17         6
        18         7         8         1        13         2        14         3
        15         4        16         5        17         6        18         7
         8         9         1        13         2        14         3        15
         4        16         5        17         6        18         7         8
         9        10         1        13         2        14         3        15
         4        16         5        17         6        18         7         8
         9        10        11         1        13         2        14         3
        15         4        16         5        17         6        18         7
         8         9        10        11        12         3        15         6
        18         2        14         3        15         5        17         6
        18         3        15         4        16         5        17         6
        18         5        17         6        18         5        17         6
        18         6        18
  IROF
         0         0         0         0         0         0         6         6
         6         0         6         6         6         0         0         6
         6         6         0         0         0        12        12        18
        18        18        24        12        12        12        18        18
        18        24        24        12        12        12        18        18
        18        24        24        24        30        30        30        36
        36        36        42        42        42        24        30        30
        30        36        36        36        42        42        42        24
        24        30        30        30        36        36        36        42
        42        42        24        24        24        48        54        48
        48        54        54        48        54        54        54        60
        60        60        60        60
  NNGI
         1         2         6        10        14        22         1         3
         7         0         0         0         1         3         0         0
         0         0         1         2         6        10        14         0
         1         2         6        10        14        22         1         2
         6        10        14         0         1         2         6        10
         0         0         1         2         6         0         0         0
         1         2         6         0         0         0         1         2
         0         0         0         0         1         2         6        10
        14         0
 NSHGI
         1         1         1         1         1         1         1         1
         1         0         0         0         1         1         0         0
         0         0         1         1         1         1         1         0
         1         1         1         1         1         1         1         1
         1         1         1         0         1         1         1         1
         0         0         1         1         1         0         0         0
         1         1         1         0         0         0         1         1
         0         0         0         0         1         1         1         1
         1         0
  NNNC
         0        22       406      1510      1804      3868      8785     12057
     16274     16934     21054     28906     28946         2        82       658
      1538      2044      4268      8428      8897     12297     16297     17138
     21498     28994     29170     29458     29970       370       514      1090
      1634      2812      5292      8492      9281     13065     16393     17714
     22842     28902     29090     30498     30674     30834     31346      1506
      1522      1586      1778      3424      6112      8541      9877     13677
     16505     18162     23898     30658     31738     31818      1788      1852
      2620      3388      3532      6604      8564     10081     13929     16533
     18402     24298     29394     30770     31734     31970     32338      3820
      4012      5036      6060      6268      7612      8660     10849     14697
     16629     19234     25450     28930     29778     31154     31782     32194
     32962      8412      8476      8540      8544      8624      8768     11877
     15741     16777     20018     26650      8444      8508      8542      8584
      8696      8769      8833      9089      9857      9937     10513     11857
     11897     15921     16797     20226     26954      8801      8961      9473
      9897     10225     11185     12041     12105     12873     13641     13785
     14361     15705     15777     16065     16861     20610     27466     12073
     12489     13257     13713     14073     15033     16273     16277     16357
     16501     16517     16581     16773     16781     16813     16909     20838
     27774     16275     16317     16429     16509     16549     16677     16914
     16994     17570     18146     18210     18978     20002     20034     20418
     20802     20874     28162     16954     17282     17858     18178     18594
     19490     21018     21162     22506     23850     24042     25066     26602
     26698     27210     27722     27826     28498     21090     21834     23178
     23946     24554     25834     28898     28914      8817     12089     16276
     16974     21126         1        62       478      1518      1836      3964
     28978     29010     29330     29586      8460      9025     12681     16337
     17426     22170        42       226       946      1570      2428      4780
     28910     29250     30354     30642     30706     30962      8524      9665
     13449     16465     18002     23514       442       802      1298      1730
      3196      5804     30690     31730     31746      8543      9917     13749
     16513     18194     23994      1514      1554      1682      1783      3496
      6216     29522     30898     31742     31890     32050      8604     10369
     14217     16565     18786     24810      1820      2236      3004      3460
      3676      7276     28962     30162     31538     31854     32482     32626
      8732     11521     15369     16725     19746     26218      3916      4524
      5548      6164      6940      8012
JPOINT
         1         2         4         7        11        16        28        36
        45        55        66        78        79         2         3         5
         8        12        17        22        29        37        46        56
        67        80        81        82        83         4         5         6
         9        13        18        23        30        38        47        57
        68        78        81        84        85        86        87         7
         8         9        10        14        19        24        31        39
        48        58        69        85        88        89        11        12
        13        14        15        20        25        32        40        49
        59        70        82        86        88        90        91        16
        17        18        19        20        21        26        33        41
        50        60        71        79        83        87        89        91
        92        22        23        24        25        26        27        34
        42        51        61        72        22        23        24        25
        26        28        29        30        31        32        33        34
        35        43        52        62        73        28        29        30
        31        32        33        36        37        38        39        40
        41        42        43        44        53        63        74        36
        37        38        39        40        41        45        46        47
        48        49        50        51        52        53        54        64
        75        45        46        47        48        49        50        55
        56        57        58        59        60        61        62        63
        64        65        76        55        56        57        58        59
        60        66        67        68        69        70        71        72
        73        74        75        76        77        66        67        68
        69        70        71        78        79        28        36        45
        55        66         1         2         4         7        11        16
        80        81        82        83        22        29        37        46
        56        67         2         3         5         8        12        17
        78        81        84        85        86        87        23        30
        38        47        57        68         4         5         6         9
        13        18        85        88        89        24        31        39
        48        58        69         7         8         9        10        14
        19        82        86        88        90        91        25        32
        40        49        59        70        11        12        13        14
        15        20        79        83        87        89        91        92
        26        33        41        50        60        71        16        17
        18        19        20        21
 LA34V
         0        26        26        78        78        78       130       130
       234       234       234       390       546         0         0        26
        78        78        78       130       130       130       234       234
       234       390       390       546       546         0         0         0
        78        78        78       130       130       130       234       234
       234       390       390       390       546       546       546        52
        52        52         0        26        26       182       182       182
       286       286       286       442       598       598        52        52
        52         0         0        26       182       182       182       286
       286       286       442       442       598       598       598        52
        52        52         0         0         0       182       182       182
       286       286       286       442       442       442       598       598
       598       104       104       156       156       156         0        26
        26       338       338       338       494       494       182       182
       182       104       104       104       156       156       156         0
         0        26       338       338       338       494       494       494
       182       182       182       104       104       104       156       156
       156         0         0         0       338       338       338       494
       494       494       182       182       182       208       208       208
       260       260       260       312       312       312         0        26
        26       234       234       234       650       650       650       208
       208       208       260       260       260       312       312       312
         0         0        26       234       234       234       650       650
       650       208       208       208       260       260       260       312
       312       312         0         0         0       234       234       234
       650       650       650       364       416       468       468       208
       208       208         0        26        26       702       702       702
       364       364       416       416       468       468       468       208
       208       208         0         0        26       702       702       702
       364       364       364       416       416       416       468       468
       468       208       208       208         0         0         0       702
       702       702       520       572       572       156       156       156
       624       624       624       676       676       676         0        26
        26       520       520       572       572       572       156       156
       156       624       624       624       676       676       676         0
         0        26       520       520       520       572       572       572
       156       156       156       624       624       624       676       676
       676         0         0         0
 LA34F
        28
 NGSHG
         0         1         5         9        13        21        25         0
         0         0         0         0         0         0         0         0
         0         0         0         0         0         0         0         0
         0         0        25        26        30        34        38        46
        50         0         0         0         0         0         0         0
         0         0         0         0         0         0         0         0
         0         0         0         0        50        54        62        66
         0         0         0         0         0         0         0         0
         0         0         0         0         0         0         0         0
         0         0         0         0         0         0        75        79
        87        91         0         0         0         0         0         0
         0         0         0         0         0         0         0         0
         0         0         0         0         0         0         0         0
       100       104       112         0         0         0         0         0
         0         0         0         0         0         0         0         0
         0         0         0         0         0         0         0         0
         0         0       125       129       137         0         0         0
         0         0         0         0         0         0         0         0
         0         0         0         0         0         0         0         0
         0         0         0         0       150       151       155       159
       163       171         0         0         0         0         0         0
         0         0         0         0         0         0         0         0
         0         0         0         0         0         0       175       176
       180       184       188       196         0         0         0         0
         0         0         0         0         0         0         0         0
         0         0         0         0         0         0         0         0
       200       201       205       209       213       221         0         0
         0         0         0         0         0         0         0         0
         0         0         0         0         0         0         0         0
         0         0       225       226       230       234       238       246
         0         0         0         0         0         0         0         0
         0         0         0         0         0         0         0         0
         0         0         0         0       250       254       262       266
       274         0         0         0         0         0         0         0
         0         0         0         0         0         0         0         0
         0         0         0         0         0         0       275       279
       287       291       299         0         0         0         0         0
         0         0         0         0         0         0         0         0
         0         0         0         0         0         0         0         0
       300       304       312       316         0         0         0         0
         0         0         0         0         0         0         0         0
         0         0         0         0         0         0         0         0
         0         0       325       329       337       341         0         0
         0         0         0         0         0         0         0         0
         0         0         0         0         0         0         0         0
         0         0         0         0       350       351       355       359
         0         0         0         0         0         0         0         0
         0         0         0         0         0         0         0         0
         0         0         0         0         0         0       375       376
       380       384         0         0         0         0         0         0
         0         0         0         0         0         0         0         0
         0         0         0         0         0         0         0         0
       400       404       412         0         0         0         0         0
         0         0         0         0         0         0         0         0
         0         0         0         0         0         0         0         0
         0         0       425       429       437         0         0         0
         0         0         0         0         0         0         0         0
         0         0         0         0         0         0         0         0
         0         0         0         0       450       454       462         0
         0         0         0         0         0         0         0         0
         0         0         0         0         0         0         0         0
         0         0         0         0         0         0       475       479
       487         0         0         0         0         0         0         0
         0         0         0         0         0         0         0         0
         0         0         0         0         0         0         0         0
       500       504       512         0         0         0         0         0
         0         0         0         0         0         0         0         0
         0         0         0         0         0         0         0         0
         0         0       525       529       537         0         0         0
         0         0         0         0         0         0         0         0
         0         0         0         0         0         0         0         0
         0         0         0         0       550       551       555       559
       563       571         0         0         0         0         0         0
         0         0         0         0         0         0         0         0
         0         0         0         0         0         0       575       576
       580       584       588       596         0         0         0         0
         0         0         0         0         0         0         0         0
         0         0         0         0         0         0         0         0
       600       604       612       616       624         0         0         0
         0         0         0         0         0         0         0         0
         0         0         0         0         0         0         0         0
         0         0       625       629       637       641       649         0
         0         0         0         0         0         0         0         0
         0         0         0         0         0         0         0         0
         0         0         0         0       650       654       662       666
         0         0         0         0         0         0         0         0
         0         0         0         0         0         0         0         0
         0         0         0         0         0         0       675       679
       687       691         0         0         0         0         0         0
         0         0         0         0         0         0         0         0
         0         0         0         0         0         0         0         0
NQGSHG
         1         2         3         4         5         6         7         8
         9        10        11        12        13        14        15        16
        17        18        19        20        21        22        23        24
        25         1         3         2         5         4         7         6
         9         8        11        10        13        12        15        14
        17        16        19        18        21        20        23        22
        25        24         1         2         4         6         3         5
         8         9        10        12        14        18         7        16
        21        22         0         0         0         0         0         0
         0         0         0         1         3         5         7         2
         4         9         8        11        13        15        19         6
        17        20        23         0         0         0         0         0
         0         0         0         0         1         2         4         6
         3         5         8         9        10        12        14        18
         0         0         0         0         0         0         0         0
         0         0         0         0         0         1         3         5
         7         2         4         9         8        11        13        15
        19         0         0         0         0         0         0         0
         0         0         0         0         0         0         1         2
         3         4         5         6         7         8         9        10
        11        12        13        14        15        16        17        18
        19        20        21         0         0         0         0         1
         3         2         5         4         7         6         9         8
        11        10        13        12        15        14        17        16
        19        18        21        20         0         0         0         0
         1         2         3         4         5         6         7         8
         9        10        11        12        13        14        15        16
        17        18        19        20        21         0         0         0
         0         1         3         2         5         4         7         6
         9         8        11        10        13        12        15        14
        17        16        19        18        21        20         0         0
         0         0         1         3         5         7         2         4
         8         9        11        13        15        19         6        17
        20        23        10        12        16        21        27        29
        31        35         0         1         2         4         6         3
         5         9         8        10        12        14        18         7
        16        21        22        11        13        17        20        26
        28        30        34         0         1         3         5         7
         2         4         8         9        11        13        15        19
         6        17        20        23         0         0         0         0
         0         0         0         0         0         1         2         4
         6         3         5         9         8        10        12        14
        18         7        16        21        22         0         0         0
         0         0         0         0         0         0         1         2
         3         4         5         6         7         8         9         0
         0         0         0         0         0         0         0         0
         0         0         0         0         0         0         0         1
         3         2         5         4         7         6         9         8
         0         0         0         0         0         0         0         0
         0         0         0         0         0         0         0         0
         1         3         5         7         2         4         8         9
        11        13        15        19         0         0         0         0
         0         0         0         0         0         0         0         0
         0         1         2         4         6         3         5         9
         8        10        12        14        18         0         0         0
         0         0         0         0         0         0         0         0
         0         0         7         3         5         1        19        15
        11        13         9         8         4         2         0         0
         0         0         0         0         0         0         0         0
         0         0         0         6         2         4         1        18
        14        10        12         8         9         5         3         0
         0         0         0         0         0         0         0         0
         0         0         0         0         6         2         4         1
        18        14        12        10         8         9         5         3
         0         0         0         0         0         0         0         0
         0         0         0         0         0         7         3         5
         1        19        15        13        11         9         8         4
         2         0         0         0         0         0         0         0
         0         0         0         0         0         0         1         2
         3         4         5         6         7         8         9        10
        11        12        13        14        15        16        17        18
        19        20        21         0         0         0         0         1
         3         2         5         4         7         6         9         8
        11        10        13        12        15        14        17        16
        19        18        21        20         0         0         0         0
         6         2         4         1        18        14        12        10
         8         9         5         3        22        16        21         7
        34        30        28        26        20        17        13        11
         0         7         3         5         1        19        15        13
        11         9         8         4         2        23        17        20
         6        35        31        29        27        21        16        12
        10         0         6         2         4         1        18        14
        10        12         8         9         5         3        22        16
        21         7         0         0         0         0         0         0
         0         0         0         7         3         5         1        19
        15        11        13         9         8         4         2        23
        17        20         6         0         0         0         0         0
         0         0         0         0
