LiF                                                                             
LIMINF LIMTOL LIMPAR
       500        50       200
INF   
        48        48         4         0       105         0        18         4
        12         3      4410     26842         0         0         0         6
        50         0      1120         6         1         0         2         2
        29         0         0       417        16         0         0         6
        16         0         3         0       322         1        16         4
        18         2        14        90        70         0         1         0
         0        24         1         8         8         8         8        21
         0         0         6         0         0         5         6         0
         0         0         0         0         0         0         7         0
         4         0        19      1200         0         0      6999         0
         0         0         0         0         0         0         0         8
         1         1         1         0         0         0         0         0
         0         0         0         1         0         0         0         0
         1         1         1         0         0         0         0         0
         0         1         0         0         0         0         0         0
         0         0         0         0         0         0         0         0
         2         0         0         0         2         0         0         0
         0         0         0         0        44        44         0         0
       321         0         0         6         1         0        55        55
         0         0         0         0         0         0         0         0
         0         0         0         0         0         0         0         0
         0         0         0         0         0         0         1         0
         0         0         1         0         0         0       240         0
         0         0         0         0         0         0        36         0
         0         0         0         0         0         0         3         0
         0         0         0         0         0         0         0         0
         0  90000000         0         0         0         0         0         0
         0         0         0         7         0         0         0         2
         0         2         0       542         0         0         0         0
       136         0         0         0         0         0      3500         0
        40         0         0       225        48         0         0         0
         0         0         0         0         0         0         0         0
         0         0         0   1000000         0         0         0         0
         0         0         0         0         0         0         0         0
         0         0         0         0         0         0         0         0
         0         0         0         0         0         0         0         0
         0         0         0         0         0         0         0         0
         0         0         0         0         0         0         0         0
         0         0         0         0         0         0         0         0
         0         0         0         0         0         0         0         0
       225         1         0         0         0         0         0         0
         0         0         0         0         0         0         0         0
         0         0         0         0         0         0         0         0
         0         0         0         0         0         0         0         0
         0         0         0         0         0         0         0         0
         0         0         0         0         0         0         0         0
         0         0         0         0         0         0         0         0
         0         0         0         0         0         0         0         0
         0         0         0         0         0         0         0         0
         0         0         0         0         0         0         0         0
         0         0         0         0         0         0         0         0
         0         0         0         0         0         0         0         0
         0         0         0         0         0         0         0         0
         0         0         0         0         0         0         0         0
         0         0         0         0         0         0         0         0
         0         0         0         0         0         0         0         0
         0         0         0         0         0         0         0         0
         0         0         0         0         0         0         0         0
         0         0         0         0         0         0         0         0
         0         0         0         0         0         0         0         0
         0         0         0         0         0         0         0         0
         0         0         0         0         0         0         0         0
         0         0         0         0
TOL   
         6         6         6         6        12         0         0         0
         0         0        20         6        16         0         0        30
         0         0        20         0         0         0         0         0
         0         0         0         0         0         0         0         0
         0         0         0         0         0         0         0         0
         0         0         0         0         0         0         0         0
         0         0
PAR   
 3.1415926535898E+00 1.8897261339213E+00 1.7453292519943E-02 2.7211383400000E+01
 1.0960106530774E+02-1.0705553023290E+02-4.9631252103083E-01 0.0000000000000E+00
 3.1830988618379E-01 2.7049694040215E-08-1.0705553023290E+02 6.9314718055995E-01
 1.4732203305745E-09 0.0000000000000E+00 1.0687139195058E+02 9.9913924680237E-01
 0.0000000000000E+00-3.1032107700227E+01 0.0000000000000E+00 0.0000000000000E+00
 0.0000000000000E+00 0.0000000000000E+00 0.0000000000000E+00 0.0000000000000E+00
 0.0000000000000E+00-1.3815510557964E+01 1.6605387300000E-27 2.6424608160000E+07
 2.9979245800000E+08 0.0000000000000E+00 2.6254996300000E+03 5.2917720830000E-01
 5.7295779513082E+01 6.2831853071796E+00 0.0000000000000E+00 0.0000000000000E+00
 0.0000000000000E+00 1.0000000000000E+00 1.0000000000000E+00 1.7320508075689E+00
 5.7735026918963E-01 4.1117228237205E-01 0.0000000000000E+00 0.0000000000000E+00
-2.3025850929940E+00 0.0000000000000E+00 0.0000000000000E+00 1.0000000000000E+02
-5.0000000000000E-01 0.0000000000000E+00 0.0000000000000E+00 0.0000000000000E+00
 0.0000000000000E+00 0.0000000000000E+00 0.0000000000000E+00 0.0000000000000E+00
 0.0000000000000E+00 0.0000000000000E+00 0.0000000000000E+00 0.0000000000000E+00
 0.0000000000000E+00 0.0000000000000E+00 0.0000000000000E+00 0.0000000000000E+00
 0.0000000000000E+00 0.0000000000000E+00 0.0000000000000E+00 0.0000000000000E+00
 0.0000000000000E+00 0.0000000000000E+00 0.0000000000000E+00 0.0000000000000E+00
 0.0000000000000E+00 0.0000000000000E+00 0.0000000000000E+00 0.0000000000000E+00
 0.0000000000000E+00 0.0000000000000E+00 0.0000000000000E+00 0.0000000000000E+00
 0.0000000000000E+00 0.0000000000000E+00 0.0000000000000E+00 0.0000000000000E+00
 0.0000000000000E+00 0.0000000000000E+00 0.0000000000000E+00 0.0000000000000E+00
 0.0000000000000E+00 0.0000000000000E+00 0.0000000000000E+00 0.0000000000000E+00
 0.0000000000000E+00 0.0000000000000E+00 0.0000000000000E+00 0.0000000000000E+00
 0.0000000000000E+00 0.0000000000000E+00 0.0000000000000E+00 0.0000000000000E+00
 0.0000000000000E+00 0.0000000000000E+00 0.0000000000000E+00 0.0000000000000E+00
 0.0000000000000E+00 0.0000000000000E+00 0.0000000000000E+00 0.0000000000000E+00
 0.0000000000000E+00 0.0000000000000E+00 0.0000000000000E+00 0.0000000000000E+00
 0.0000000000000E+00 0.0000000000000E+00 0.0000000000000E+00 0.0000000000000E+00
 0.0000000000000E+00 0.0000000000000E+00 0.0000000000000E+00 0.0000000000000E+00
 0.0000000000000E+00 0.0000000000000E+00 0.0000000000000E+00 0.0000000000000E+00
 0.0000000000000E+00 0.0000000000000E+00 0.0000000000000E+00 0.0000000000000E+00
 0.0000000000000E+00 0.0000000000000E+00 0.0000000000000E+00 0.0000000000000E+00
 0.0000000000000E+00 0.0000000000000E+00 0.0000000000000E+00 0.0000000000000E+00
 0.0000000000000E+00 0.0000000000000E+00 0.0000000000000E+00 0.0000000000000E+00
 0.0000000000000E+00 0.0000000000000E+00 0.0000000000000E+00 0.0000000000000E+00
 0.0000000000000E+00 0.0000000000000E+00 0.0000000000000E+00 0.0000000000000E+00
 0.0000000000000E+00 0.0000000000000E+00 0.0000000000000E+00 0.0000000000000E+00
 0.0000000000000E+00 0.0000000000000E+00 0.0000000000000E+00 0.0000000000000E+00
 0.0000000000000E+00 0.0000000000000E+00 0.0000000000000E+00 0.0000000000000E+00
 0.0000000000000E+00 0.0000000000000E+00 0.0000000000000E+00 0.0000000000000E+00
 0.0000000000000E+00 0.0000000000000E+00 0.0000000000000E+00 0.0000000000000E+00
 0.0000000000000E+00 0.0000000000000E+00 0.0000000000000E+00 0.0000000000000E+00
 0.0000000000000E+00 0.0000000000000E+00 0.0000000000000E+00 0.0000000000000E+00
 0.0000000000000E+00 0.0000000000000E+00 0.0000000000000E+00 0.0000000000000E+00
 0.0000000000000E+00 0.0000000000000E+00 0.0000000000000E+00 0.0000000000000E+00
 0.0000000000000E+00 0.0000000000000E+00 0.0000000000000E+00 0.0000000000000E+00
 0.0000000000000E+00 0.0000000000000E+00 0.0000000000000E+00 0.0000000000000E+00
 0.0000000000000E+00 0.0000000000000E+00 0.0000000000000E+00 0.0000000000000E+00
 0.0000000000000E+00 0.0000000000000E+00 1.0000000000000E+00 0.0000000000000E+00
XYVGVE
 1.0000000000000E+00 0.0000000000000E+00 0.0000000000000E+00 0.0000000000000E+00
 1.0000000000000E+00 0.0000000000000E+00 0.0000000000000E+00 0.0000000000000E+00
 1.0000000000000E+00-1.0000000000000E+00 0.0000000000000E+00 0.0000000000000E+00
 0.0000000000000E+00-1.0000000000000E+00 0.0000000000000E+00 0.0000000000000E+00
 0.0000000000000E+00 1.0000000000000E+00 1.0000000000000E+00 0.0000000000000E+00
 0.0000000000000E+00 0.0000000000000E+00-1.0000000000000E+00 0.0000000000000E+00
 0.0000000000000E+00 0.0000000000000E+00-1.0000000000000E+00-1.0000000000000E+00
 0.0000000000000E+00 0.0000000000000E+00 0.0000000000000E+00 1.0000000000000E+00
 0.0000000000000E+00 0.0000000000000E+00 0.0000000000000E+00-1.0000000000000E+00
 0.0000000000000E+00 1.0000000000000E+00 0.0000000000000E+00 0.0000000000000E+00
 0.0000000000000E+00 1.0000000000000E+00 1.0000000000000E+00 0.0000000000000E+00
 0.0000000000000E+00 0.0000000000000E+00 0.0000000000000E+00 1.0000000000000E+00
 1.0000000000000E+00 0.0000000000000E+00 0.0000000000000E+00 0.0000000000000E+00
 1.0000000000000E+00 0.0000000000000E+00 0.0000000000000E+00-1.0000000000000E+00
 0.0000000000000E+00 0.0000000000000E+00 0.0000000000000E+00 1.0000000000000E+00
-1.0000000000000E+00 0.0000000000000E+00 0.0000000000000E+00 0.0000000000000E+00
 0.0000000000000E+00-1.0000000000000E+00-1.0000000000000E+00 0.0000000000000E+00
 0.0000000000000E+00 0.0000000000000E+00 1.0000000000000E+00 0.0000000000000E+00
 0.0000000000000E+00-1.0000000000000E+00 0.0000000000000E+00 0.0000000000000E+00
 0.0000000000000E+00-1.0000000000000E+00 1.0000000000000E+00 0.0000000000000E+00
 0.0000000000000E+00 0.0000000000000E+00 0.0000000000000E+00 1.0000000000000E+00
-1.0000000000000E+00 0.0000000000000E+00 0.0000000000000E+00 0.0000000000000E+00
-1.0000000000000E+00 0.0000000000000E+00 0.0000000000000E+00 1.0000000000000E+00
 0.0000000000000E+00 0.0000000000000E+00 0.0000000000000E+00-1.0000000000000E+00
-1.0000000000000E+00 0.0000000000000E+00 0.0000000000000E+00 0.0000000000000E+00
 0.0000000000000E+00-1.0000000000000E+00 1.0000000000000E+00 0.0000000000000E+00
 0.0000000000000E+00 0.0000000000000E+00-1.0000000000000E+00 0.0000000000000E+00
 0.0000000000000E+00-1.0000000000000E+00 0.0000000000000E+00-1.0000000000000E+00
 0.0000000000000E+00 0.0000000000000E+00 0.0000000000000E+00 0.0000000000000E+00
-1.0000000000000E+00 0.0000000000000E+00 1.0000000000000E+00 0.0000000000000E+00
 1.0000000000000E+00 0.0000000000000E+00 0.0000000000000E+00 0.0000000000000E+00
 0.0000000000000E+00-1.0000000000000E+00 0.0000000000000E+00-1.0000000000000E+00
 0.0000000000000E+00 1.0000000000000E+00 0.0000000000000E+00 0.0000000000000E+00
 0.0000000000000E+00 0.0000000000000E+00 1.0000000000000E+00 0.0000000000000E+00
 1.0000000000000E+00 0.0000000000000E+00-1.0000000000000E+00 0.0000000000000E+00
 0.0000000000000E+00 0.0000000000000E+00 0.0000000000000E+00 1.0000000000000E+00
-1.0000000000000E+00 0.0000000000000E+00 0.0000000000000E+00 0.0000000000000E+00
 0.0000000000000E+00-1.0000000000000E+00 0.0000000000000E+00-1.0000000000000E+00
 0.0000000000000E+00 0.0000000000000E+00 0.0000000000000E+00-1.0000000000000E+00
 0.0000000000000E+00-1.0000000000000E+00 0.0000000000000E+00-1.0000000000000E+00
 0.0000000000000E+00 0.0000000000000E+00 1.0000000000000E+00 0.0000000000000E+00
 0.0000000000000E+00 0.0000000000000E+00 0.0000000000000E+00-1.0000000000000E+00
 0.0000000000000E+00 1.0000000000000E+00 0.0000000000000E+00 0.0000000000000E+00
 0.0000000000000E+00 1.0000000000000E+00 0.0000000000000E+00 1.0000000000000E+00
 0.0000000000000E+00-1.0000000000000E+00 0.0000000000000E+00 0.0000000000000E+00
 1.0000000000000E+00 0.0000000000000E+00 0.0000000000000E+00 0.0000000000000E+00
 0.0000000000000E+00 1.0000000000000E+00 0.0000000000000E+00-1.0000000000000E+00
 0.0000000000000E+00 0.0000000000000E+00 0.0000000000000E+00-1.0000000000000E+00
 0.0000000000000E+00 1.0000000000000E+00 0.0000000000000E+00 1.0000000000000E+00
 0.0000000000000E+00 0.0000000000000E+00-1.0000000000000E+00 0.0000000000000E+00
 0.0000000000000E+00 0.0000000000000E+00 0.0000000000000E+00 1.0000000000000E+00
 0.0000000000000E+00 1.0000000000000E+00 0.0000000000000E+00 0.0000000000000E+00
 0.0000000000000E+00 1.0000000000000E+00 0.0000000000000E+00-1.0000000000000E+00
 0.0000000000000E+00 1.0000000000000E+00 0.0000000000000E+00 0.0000000000000E+00
-1.0000000000000E+00 0.0000000000000E+00 0.0000000000000E+00 0.0000000000000E+00
-1.0000000000000E+00 0.0000000000000E+00 0.0000000000000E+00 0.0000000000000E+00
-1.0000000000000E+00 1.0000000000000E+00 0.0000000000000E+00 0.0000000000000E+00
 0.0000000000000E+00 1.0000000000000E+00 0.0000000000000E+00 0.0000000000000E+00
 0.0000000000000E+00-1.0000000000000E+00-1.0000000000000E+00 0.0000000000000E+00
 0.0000000000000E+00 0.0000000000000E+00 1.0000000000000E+00 0.0000000000000E+00
 0.0000000000000E+00 0.0000000000000E+00 1.0000000000000E+00 1.0000000000000E+00
 0.0000000000000E+00 0.0000000000000E+00 0.0000000000000E+00-1.0000000000000E+00
 0.0000000000000E+00 0.0000000000000E+00 0.0000000000000E+00 1.0000000000000E+00
 0.0000000000000E+00-1.0000000000000E+00 0.0000000000000E+00 0.0000000000000E+00
 0.0000000000000E+00-1.0000000000000E+00-1.0000000000000E+00 0.0000000000000E+00
 0.0000000000000E+00 0.0000000000000E+00 0.0000000000000E+00-1.0000000000000E+00
-1.0000000000000E+00 0.0000000000000E+00 0.0000000000000E+00 0.0000000000000E+00
-1.0000000000000E+00 0.0000000000000E+00 0.0000000000000E+00 1.0000000000000E+00
 0.0000000000000E+00 0.0000000000000E+00 0.0000000000000E+00-1.0000000000000E+00
 1.0000000000000E+00 0.0000000000000E+00 0.0000000000000E+00 0.0000000000000E+00
 0.0000000000000E+00 1.0000000000000E+00 1.0000000000000E+00 0.0000000000000E+00
 0.0000000000000E+00 0.0000000000000E+00-1.0000000000000E+00 0.0000000000000E+00
 0.0000000000000E+00 1.0000000000000E+00 0.0000000000000E+00 0.0000000000000E+00
 0.0000000000000E+00 1.0000000000000E+00-1.0000000000000E+00 0.0000000000000E+00
 0.0000000000000E+00 0.0000000000000E+00 0.0000000000000E+00-1.0000000000000E+00
 1.0000000000000E+00 0.0000000000000E+00 0.0000000000000E+00 0.0000000000000E+00
 1.0000000000000E+00 0.0000000000000E+00 0.0000000000000E+00-1.0000000000000E+00
 0.0000000000000E+00 0.0000000000000E+00 0.0000000000000E+00 1.0000000000000E+00
 1.0000000000000E+00 0.0000000000000E+00 0.0000000000000E+00 0.0000000000000E+00
 0.0000000000000E+00 1.0000000000000E+00-1.0000000000000E+00 0.0000000000000E+00
 0.0000000000000E+00 0.0000000000000E+00 1.0000000000000E+00 0.0000000000000E+00
 0.0000000000000E+00 1.0000000000000E+00 0.0000000000000E+00 1.0000000000000E+00
 0.0000000000000E+00 0.0000000000000E+00 0.0000000000000E+00 0.0000000000000E+00
 1.0000000000000E+00 0.0000000000000E+00-1.0000000000000E+00 0.0000000000000E+00
-1.0000000000000E+00 0.0000000000000E+00 0.0000000000000E+00 0.0000000000000E+00
 0.0000000000000E+00 1.0000000000000E+00 0.0000000000000E+00 1.0000000000000E+00
 0.0000000000000E+00-1.0000000000000E+00 0.0000000000000E+00 0.0000000000000E+00
 0.0000000000000E+00 0.0000000000000E+00-1.0000000000000E+00 0.0000000000000E+00
-1.0000000000000E+00 0.0000000000000E+00 1.0000000000000E+00 0.0000000000000E+00
 0.0000000000000E+00 0.0000000000000E+00 0.0000000000000E+00-1.0000000000000E+00
 1.0000000000000E+00 0.0000000000000E+00 0.0000000000000E+00 0.0000000000000E+00
 0.0000000000000E+00 1.0000000000000E+00 0.0000000000000E+00 1.0000000000000E+00
 0.0000000000000E+00 0.0000000000000E+00 0.0000000000000E+00 1.0000000000000E+00
 0.0000000000000E+00 1.0000000000000E+00 0.0000000000000E+00 1.0000000000000E+00
 0.0000000000000E+00 0.0000000000000E+00-1.0000000000000E+00 0.0000000000000E+00
 0.0000000000000E+00 0.0000000000000E+00 0.0000000000000E+00 1.0000000000000E+00
 0.0000000000000E+00-1.0000000000000E+00 0.0000000000000E+00 0.0000000000000E+00
 0.0000000000000E+00-1.0000000000000E+00 0.0000000000000E+00-1.0000000000000E+00
 0.0000000000000E+00 1.0000000000000E+00 0.0000000000000E+00 0.0000000000000E+00
-1.0000000000000E+00 0.0000000000000E+00 0.0000000000000E+00 0.0000000000000E+00
 0.0000000000000E+00-1.0000000000000E+00 0.0000000000000E+00 1.0000000000000E+00
 0.0000000000000E+00 0.0000000000000E+00 0.0000000000000E+00 1.0000000000000E+00
 0.0000000000000E+00-1.0000000000000E+00 0.0000000000000E+00-1.0000000000000E+00
 0.0000000000000E+00 0.0000000000000E+00 1.0000000000000E+00 0.0000000000000E+00
 0.0000000000000E+00 0.0000000000000E+00 0.0000000000000E+00-1.0000000000000E+00
 0.0000000000000E+00-1.0000000000000E+00 0.0000000000000E+00 0.0000000000000E+00
 0.0000000000000E+00-1.0000000000000E+00 0.0000000000000E+00 1.0000000000000E+00
 0.0000000000000E+00-1.0000000000000E+00 0.0000000000000E+00 0.0000000000000E+00
 0.0000000000000E+00 0.0000000000000E+00 0.0000000000000E+00 0.0000000000000E+00
 0.0000000000000E+00 0.0000000000000E+00 0.0000000000000E+00 0.0000000000000E+00
 0.0000000000000E+00 0.0000000000000E+00 0.0000000000000E+00 0.0000000000000E+00
 0.0000000000000E+00 0.0000000000000E+00 0.0000000000000E+00 0.0000000000000E+00
 0.0000000000000E+00 0.0000000000000E+00 0.0000000000000E+00 0.0000000000000E+00
 0.0000000000000E+00 0.0000000000000E+00 0.0000000000000E+00 0.0000000000000E+00
 0.0000000000000E+00 0.0000000000000E+00 0.0000000000000E+00 0.0000000000000E+00
 0.0000000000000E+00 0.0000000000000E+00 0.0000000000000E+00 0.0000000000000E+00
 0.0000000000000E+00 0.0000000000000E+00 0.0000000000000E+00 0.0000000000000E+00
 0.0000000000000E+00 0.0000000000000E+00 0.0000000000000E+00 0.0000000000000E+00
 0.0000000000000E+00 0.0000000000000E+00 0.0000000000000E+00 0.0000000000000E+00
 0.0000000000000E+00 0.0000000000000E+00 0.0000000000000E+00 0.0000000000000E+00
 0.0000000000000E+00 0.0000000000000E+00 0.0000000000000E+00 0.0000000000000E+00
 0.0000000000000E+00 0.0000000000000E+00 0.0000000000000E+00 0.0000000000000E+00
 0.0000000000000E+00 0.0000000000000E+00 0.0000000000000E+00 0.0000000000000E+00
 0.0000000000000E+00 0.0000000000000E+00 0.0000000000000E+00 0.0000000000000E+00
 0.0000000000000E+00 0.0000000000000E+00 0.0000000000000E+00 0.0000000000000E+00
 0.0000000000000E+00 0.0000000000000E+00 0.0000000000000E+00 0.0000000000000E+00
 0.0000000000000E+00 0.0000000000000E+00 0.0000000000000E+00 0.0000000000000E+00
 0.0000000000000E+00 0.0000000000000E+00 0.0000000000000E+00 0.0000000000000E+00
 0.0000000000000E+00 0.0000000000000E+00 0.0000000000000E+00 0.0000000000000E+00
 0.0000000000000E+00 0.0000000000000E+00 0.0000000000000E+00 0.0000000000000E+00
 0.0000000000000E+00 0.0000000000000E+00 0.0000000000000E+00 0.0000000000000E+00
 0.0000000000000E+00 0.0000000000000E+00 0.0000000000000E+00 0.0000000000000E+00
 0.0000000000000E+00 0.0000000000000E+00 0.0000000000000E+00 0.0000000000000E+00
 0.0000000000000E+00 0.0000000000000E+00 0.0000000000000E+00 0.0000000000000E+00
 0.0000000000000E+00 0.0000000000000E+00 0.0000000000000E+00 0.0000000000000E+00
 0.0000000000000E+00 0.0000000000000E+00 0.0000000000000E+00 0.0000000000000E+00
 0.0000000000000E+00 0.0000000000000E+00 0.0000000000000E+00 0.0000000000000E+00
 0.0000000000000E+00 0.0000000000000E+00 0.0000000000000E+00 0.0000000000000E+00
 0.0000000000000E+00 0.0000000000000E+00 0.0000000000000E+00 0.0000000000000E+00
 0.0000000000000E+00 0.0000000000000E+00 0.0000000000000E+00 0.0000000000000E+00
 0.0000000000000E+00 0.0000000000000E+00 0.0000000000000E+00 0.0000000000000E+00
 0.0000000000000E+00 0.0000000000000E+00 0.0000000000000E+00 0.0000000000000E+00
 0.0000000000000E+00 0.0000000000000E+00 0.0000000000000E+00 0.0000000000000E+00
 0.0000000000000E+00 0.0000000000000E+00 0.0000000000000E+00 0.0000000000000E+00
 0.0000000000000E+00 3.7983495291817E+00 3.7983495291817E+00 3.7983495291817E+00
 0.0000000000000E+00 3.7983495291817E+00 3.7983495291817E+00 3.7983495291817E+00
 0.0000000000000E+00-1.0000000000000E+00 1.0000000000000E+00 1.0000000000000E+00
 1.0000000000000E+00-1.0000000000000E+00 1.0000000000000E+00 1.0000000000000E+00
 1.0000000000000E+00-1.0000000000000E+00
BASATO
 9.0000000000000E+00 3.0000000000000E+00 0.0000000000000E+00 0.0000000000000E+00
 0.0000000000000E+00 3.7983495291817E+00 3.7983495291817E+00 3.7983495291817E+00
 2.0000000000000E+00 7.0000000000000E+00 0.0000000000000E+00 0.0000000000000E+00
 2.0000000000000E+00 1.0000000000000E+00 4.7600000000000E+00 1.3870000000000E+00
 4.3700000000000E-01 1.3700000000000E-01 1.5000000000000E+00 5.2500000000000E-01
 0.0000000000000E+00 0.0000000000000E+00 0.0000000000000E+00 0.0000000000000E+00
 0.0000000000000E+00 0.0000000000000E+00 0.0000000000000E+00 0.0000000000000E+00
 0.0000000000000E+00 0.0000000000000E+00 0.0000000000000E+00 0.0000000000000E+00
 3.7983495291817E+00 3.7983495291817E+00 3.7983495291817E+00 3.7983495291817E+00
 3.7983495291817E+00 3.7983495291817E+00 1.3770000000000E+04 1.5900000000000E+03
 3.2650000000000E+02 9.1660000000000E+01 3.0460000000000E+01 1.1500000000000E+01
 4.7600000000000E+00 1.9000000000000E+01 4.5300000000000E+00 1.3870000000000E+00
 4.3700000000000E-01 1.3700000000000E-01 8.4000000000000E+02 2.1750000000000E+02
 7.2300000000000E+01 1.9660000000000E+01 5.0440000000000E+00 1.5000000000000E+00
 5.2500000000000E-01 1.9388523550303E+00 4.0069472695051E+00 6.4922217969072E+00
 8.7121067301412E+00 8.3614546701550E+00 4.5234797303907E+00 7.3196966239128E-01
-1.9678021585042E+00-7.9108924231542E-01 2.5261332526719E+00 9.3163831086814E-01
 3.9032528631045E-01 4.2927248229868E-01 5.0168721084719E-01 8.6560187467588E-01
 1.7747293329763E+00 2.2374511845795E+00 1.4124988490687E+00 1.0690690067042E+00
 0.0000000000000E+00 0.0000000000000E+00 0.0000000000000E+00 0.0000000000000E+00
 0.0000000000000E+00 0.0000000000000E+00 0.0000000000000E+00 1.1748806384457E+01
 8.3754969344946E+00 3.5836611753415E+00 1.2317371875123E+00 2.8894618593272E-01
 0.0000000000000E+00 0.0000000000000E+00 0.0000000000000E+00 0.0000000000000E+00
 0.0000000000000E+00 0.0000000000000E+00 1.5492281743825E+00 0.0000000000000E+00
 0.0000000000000E+00 0.0000000000000E+00 0.0000000000000E+00 0.0000000000000E+00
 0.0000000000000E+00 0.0000000000000E+00 0.0000000000000E+00 0.0000000000000E+00
 0.0000000000000E+00 0.0000000000000E+00 0.0000000000000E+00 0.0000000000000E+00
 0.0000000000000E+00 0.0000000000000E+00 0.0000000000000E+00 0.0000000000000E+00
 0.0000000000000E+00 0.0000000000000E+00 1.7791127433136E+01 3.6768199138355E+01
 5.9573357926554E+01 7.9943271928309E+01 7.6725649158983E+01 4.1507959136648E+01
 6.7166360073816E+00 1.8056774088196E+01 1.8054697619789E+01 2.3180083050040E+01
 8.5488179990828E+00 3.5816687594121E+00 3.9390526134185E+00 4.6035383130645E+00
 7.9428602279928E+00 1.6285116110253E+01 2.0531103901233E+01 1.2961248419840E+01
 9.8098975322922E+00 0.0000000000000E+00 0.0000000000000E+00 0.0000000000000E+00
 0.0000000000000E+00 0.0000000000000E+00 0.0000000000000E+00 0.0000000000000E+00
 3.0917911538046E-01 9.2444778526431E-01 1.2918749730863E+00 1.4093102831948E+00
 1.0545481238420E+00 0.0000000000000E+00 0.0000000000000E+00 0.0000000000000E+00
 0.0000000000000E+00 0.0000000000000E+00 0.0000000000000E+00 1.4754554041738E+00
 0.0000000000000E+00 0.0000000000000E+00 0.0000000000000E+00 0.0000000000000E+00
 0.0000000000000E+00 0.0000000000000E+00 0.0000000000000E+00 0.0000000000000E+00
 0.0000000000000E+00 0.0000000000000E+00 0.0000000000000E+00 0.0000000000000E+00
 0.0000000000000E+00 0.0000000000000E+00 0.0000000000000E+00 0.0000000000000E+00
 0.0000000000000E+00 0.0000000000000E+00 0.0000000000000E+00
NINV  
         1         2         3         4         6         5         8         7
        10         9        12        11        13        14        16        15
        17        18        21        22        19        20        23        24
        25        26        27        28        30        29        32        31
        34        33        36        35        37        38        40        39
        41        42        45        46        43        44        47        48
BASATO
         9         3         1         5         7         0         0         1
         8        11        12        13        19        20         7         3
         1         1         6         1         0         1         1         1
         0         1         1         4         4         4         1         4
         0         1         5         9        13        14        18         1
         1         1         1         2         2
SPINOR
         0         0         0         0
  9.9766160281293E+00  2.0233839718707E+00
 -2.6175321992878E+01 -6.8076177756463E+00  2.8674421167998E-20 -1.4952378227431E-18
  1.7785078350838E-19 -2.6520113925901E+00 -8.4812564586543E-18 -1.4361342958653E-17
 -4.0565890105467E-18 -8.5434105513646E-18 -3.8557863510640E-02  8.8810245525496E-19
 -1.4925873175696E-19 -1.5009528525923E-17  9.9911021474687E-19 -3.8557863510633E-02
 -1.4272026995612E-18 -5.9202767572496E-18  2.5395416334478E-20 -1.4014345017939E-18
 -3.8557863510643E-02 -5.4605461599279E+00 -4.9451933265135E-20 -2.6407421958847E-19
  4.3340365299483E-21  1.4402859283225E-05 -9.7386534429338E-21  9.6842511452534E-05
  9.6842511452534E-05 -2.8210300534782E+00 -6.2563833932462E-18 -1.0976842318769E-17
 -1.8846896806329E-18 -2.6937957126793E-18 -8.2774322722783E-01  6.6607766107435E-18
  8.6714601490070E-18 -5.8461224823898E-18  6.5158577865765E-18 -8.2774322722779E-01
 -6.0881155419188E-18 -4.5347187404635E-18  8.1393795138438E-18 -5.9530964286435E-18
 -8.2774322722783E-01 -5.7385107302770E-04  7.8753522146047E-20 -9.2243830918239E-04
 -9.2243830918239E-04  6.5900103090434E-20 -3.7788767808095E-04 -1.3174612428275E-20
 -5.0911863181461E-20  2.3954638716179E-03  6.3511675339864E-20  3.1462570479839E-03
  3.6620345786948E-03  2.3954638716179E-03  1.7385146673573E-19  3.6620345786948E-03
  3.1462570479839E-03 -2.3280398793127E+00  7.7309648484854E-18 -1.9798897447416E-17
  1.2466586468427E-17  7.5866205510161E-18  4.3310061177969E-02  3.2787296699573E-17
  3.8494037672455E-17 -1.9678139393959E-17  3.2788373029793E-17  4.3310061177934E-02
 -3.5295881482084E-18  1.2670271690640E-17  3.1668779366992E-17 -3.2846106238760E-18
  4.3310061177969E-02 -5.9189526772554E-03 -8.6824464613296E-19 -1.2199717821669E-02
 -1.2199717821670E-02  7.5170544264868E-19 -4.6908723787092E-03  1.3881203181171E-18
  1.4361214668099E-18  1.2199717821669E-02  1.7822811099935E-18  1.8284392235323E-02
  2.3217213889059E-02  1.2199717821670E-02  1.8410052764185E-18  2.3217213889059E-02
  1.8284392235323E-02  1.9523871601847E-05 -3.9429035709589E-21  1.8195219862422E-20
  1.1505901547489E-05 -1.9646076023248E-20 -5.1335241765525E-05 -5.6976875725352E-20
 -1.0556773607857E-20  1.9419585658962E-20  2.7832248014889E-20 -5.1335241765525E-05
  1.2320015495266E-20 -1.1505901547489E-05 -3.9178164912507E-20  2.1425554516752E-20
  1.7072122027125E-04 -2.4108044925210E+00 -6.6418726449030E-21 -7.5088441530543E-20
 -9.2259794967107E-20 -4.9653055314968E-02 -8.2204274305276E-19  1.3699601515688E-01
  1.3699601515688E-01 -1.0216403471781E-03 -3.6281067316581E-21 -8.7300597983743E-21
  5.6726337182436E-03 -1.2786048882841E-05 -6.2071936803276E-05  6.2071936803276E-05
  1.2305205409768E-04 -1.7221161480090E+00 -8.2716646687265E-19 -2.7383806717351E-18
  1.4296269639505E-18  6.1559672355048E-19 -5.0661468846491E-01 -5.5402981213689E-19
  3.2279178458555E-19 -1.1566715707300E-18 -5.9160672121500E-19 -5.0661468846491E-01
  2.7200546471202E-19  9.4096042805634E-19 -4.5143160693680E-19  4.3265413212189E-19
 -5.0661468846491E-01 -5.9493722816259E-02 -6.9806876920738E-19 -2.9630306925628E-02
 -2.9630306925628E-02  5.0941708617387E-18 -2.1322658525026E-02  2.2647116069360E-18
  3.0560463275306E-18  1.4127191609581E-01  4.1041124847185E-19  4.6195307501960E-02
  6.6116527070367E-02  1.4127191609581E-01  1.0313270588815E-18  6.6116527070367E-02
  4.6195307501960E-02 -1.9527955491355E-03 -8.1162300397381E-20  2.3262829228784E-20
 -1.8257492784715E-03 -2.8437344319287E-20 -1.0381937103440E-03 -1.2018764223139E-19
 -5.7798262862122E-20 -1.0874999270077E-20  1.6596534943966E-19 -1.0381937103440E-03
 -5.5151956773935E-20  9.6649964374446E-03  7.2551482231061E-21  1.9926249233159E-20
  8.8797508378763E-03 -1.6702096982274E-04  1.3326268891439E-04 -1.3326268891439E-04
 -3.1824272474738E-04 -2.1281989312725E-04 -3.5670082162044E-05 -3.0331925678040E-04
 -2.7642652352499E-04  2.1281989312725E-04 -3.0331925678040E-04 -3.5670082162044E-05
  2.7642652352499E-04  4.4934757848283E-04 -3.0590685850510E-04  3.0590685850510E-04
  5.9501498163622E-04 -1.4028726176770E+00 -1.2443125008453E-17 -3.5714553108327E-17
 -3.4753482261325E-17 -3.6162112891458E-18 -1.4479901146426E-01  2.1975116290288E-17
  3.8760468550938E-18 -2.1045946581929E-17  2.1566085486708E-17 -1.4479901146420E-01
 -2.3270981064071E-19 -1.1662016385687E-17  4.3312355499471E-18 -8.1778049255573E-19
 -1.4479901146426E-01 -6.6433508973189E-02 -1.4526679934148E-17 -3.6421558221222E-02
 -3.6421558221223E-02  1.0121021582697E-17 -2.4766282302876E-02  9.7932680050064E-18
  1.0391198158254E-17  1.3646042064292E-01  3.3948730706610E-17  2.9295869884339E-02
  5.7824168669298E-02  1.3646042064292E-01  3.3894882556499E-17  5.7824168669303E-02
  2.9295869884342E-02 -4.1078644509450E-03 -5.8104267090022E-21 -2.3419774886620E-20
 -7.4485025695645E-03 -1.6724393268546E-20 -2.4886701422888E-03 -2.1159996755574E-20
 -2.0164234510415E-20 -9.0688425308640E-20  1.5036745245940E-19 -2.4886701422888E-03
  6.9019195438965E-20  1.6057704035414E-02  2.9242091762649E-19 -1.7241704967572E-19
  2.3905867892882E-02 -2.9549039625093E-04  2.7603212201519E-04 -2.7603212201519E-04
 -5.9284264787919E-04 -5.1478661740355E-04  2.8003786955332E-04 -5.3396349212307E-04
 -1.0182745913332E-03  5.1478661740355E-04 -5.3396349212307E-04  2.8003786955332E-04
  1.0182745913332E-03  1.0291596924639E-03 -9.8366722963010E-04  9.8366722963011E-04
  1.8238662764675E-03 -4.0767931328233E-05 -8.7907212927341E-21 -4.9474932286479E-05
 -4.9474932286479E-05  2.9348667368620E-20  3.7207587924324E-06 -2.5181185137709E-20
  4.3073477124039E-20  5.6768496934132E-05 -9.0917638026636E-20  1.0097156339110E-04
  1.1870186676716E-04  5.6768496934133E-05  2.0894790562017E-20  1.1870186676716E-04
  1.0097156339110E-04 -8.7742167252010E-01 -1.4659000838869E-17 -4.9222317660479E-17
 -1.3246552718509E-17 -1.2995430858404E-17 -1.6145654720297E-01  3.9577836776865E-18
  1.0628978201755E-17 -4.8117630868587E-17  9.4672288305100E-18 -1.6145654720285E-01
 -1.2589744768824E-17 -1.2595667884993E-17  1.0814593085117E-17 -1.3012728208085E-17
 -1.6145654720297E-01 -1.0901372790958E-01 -5.7271399864067E-17 -1.2136702305378E-01
 -1.2136702305379E-01  7.8628086555636E-17 -5.6213560519474E-02  9.2244737611649E-17
  9.7122101752291E-17  1.2136702305378E-01  1.0637086207749E-16  2.5579432219249E-03
  9.6648270893752E-02  1.2136702305379E-01  1.1225435017056E-16  9.6648270893755E-02
  2.5579432219178E-03 -2.2930703388694E-02 -3.6541490667778E-19  1.3051586334750E-18
 -5.5155393444605E-02 -5.8933506050088E-19 -1.7226515095865E-02  1.1676340702578E-20
  2.0082471454347E-18  1.6194682003419E-18  1.5935491267736E-19 -1.7226515095864E-02
  1.9340698011122E-18  5.5155393444606E-02 -7.5913141461135E-19  2.6761363804624E-19
  1.1192486029186E-01 -3.6416917456742E-03  4.6858984339008E-03 -4.6858984339009E-03
 -9.2913153909038E-03 -4.6858984339008E-03  2.1349811004763E-03 -5.9542955100269E-03
 -1.1672291365021E-02  4.6858984339008E-03 -5.9542955100268E-03  2.1349811004763E-03
  1.1672291365021E-02  9.2913153909036E-03 -1.1672291365021E-02  1.1672291365022E-02
  2.0287050922509E-02 -4.7956044475063E-04 -3.7504558476911E-19 -1.5202817706347E-03
 -1.5202817706347E-03  4.4006302529764E-19 -6.0233984996327E-04  1.0671948352643E-18
  1.0166192234571E-18  1.5202817706348E-03  1.1237694735476E-18  4.0069612502159E-03
  4.6136871273487E-03  1.5202817706347E-03  1.1391859735797E-18  4.6136871273487E-03
  4.0069612502159E-03 -1.4320677105497E-04  3.6760277426739E-20 -1.4226116707446E-04
 -3.8060664791435E-04  4.2916921693484E-21 -7.2871623628934E-05 -2.6785243132560E-20
  6.2896956400139E-20  1.4226116707446E-04 -1.3251727344418E-20  1.0720513149095E-04
  5.1258500046897E-04  3.8060664791435E-04  6.5172237538930E-20  5.1258500046897E-04
  1.4299555820010E-03 -8.3348616844000E-05  6.3369601506807E-06 -6.3369601506811E-06
 -6.3369601506814E-06 -6.3369601506810E-06  5.7114761041483E-05 -7.0999044047264E-05
 -7.0999044047269E-05  6.3369601506814E-06 -7.0999044047264E-05  5.7114761041483E-05
  7.0999044047266E-05  6.3369601506817E-06 -7.0999044047270E-05  7.0999044047267E-05
  5.7114761041482E-05  7.2044534444654E-04  1.5298630035001E-03 -1.8810757342052E-20
 -9.1641916890645E-20 -2.0476124862615E-02 -7.3796313936034E-02 -3.2707031835453E-20
 -8.4503509042786E-20 -1.8901825709400E-01 -4.7169139327732E-01 -1.8588509954954E-19
  6.2393735558555E-20 -5.6666677811296E-03 -1.4083642667478E-02 -1.4083642667478E-02
 -1.4083642667478E-02 -2.5463105720645E-04 -5.3705886292632E-20 -5.6451118959332E-04
 -9.3180326909394E-04 -2.1853657108349E+00 -5.5362722702250E-03  2.7198276857496E-02
  1.5833438616634E-20  2.5549870785306E-20 -3.0764193303554E-02 -4.4247968349987E-02
 -2.9377612459501E-19  3.0362574445171E-19  1.0065481236203E-01  1.2667857911417E-01
  1.7111996862801E-21 -7.4731511933530E-20  2.6900175093539E-20  1.4845160073833E-19
 -1.8733608634405E-02 -6.2648243399364E-20 -1.2640271500032E-20  1.7568560950454E-19
  3.3203706370511E-20 -1.8733608634405E-02 -6.3066950650132E-02 -1.1229829799540E-01
 -4.5430182560814E-19 -4.8239992649210E-19  1.1496015951095E-01  9.2639270381998E-02
  1.3513935186292E-18  1.0650920930527E-18 -1.4234831189643E-20 -1.6931514363069E-18
 -3.3312974794885E-02 -6.8653195645846E-20 -2.5767055033617E-19 -2.2869514303162E-18
 -4.5654418045123E-20 -3.3312974794885E-02 -2.5070636359922E-04 -5.9332542875625E-04
 -5.9332542875625E-04 -5.9332542875625E-04  4.9361075999880E-04  9.7672289186786E-04
  1.2208231259290E-03  1.2208231259290E-03  4.9361075999880E-04  1.2208231259290E-03
  9.7672289186786E-04  1.2208231259291E-03  4.9361075999880E-04  1.2208231259290E-03
  1.2208231259291E-03  9.7672289186786E-04 -1.5699786027487E-01 -3.0159149584258E-01
 -3.8475905040827E-18  3.3694846426293E-18  5.1598989781172E-02 -2.8598242282104E-02
 -1.5964460185630E-19 -5.7515855003167E-18 -3.9221585071525E-18 -1.0490512202938E-17
 -2.6482129389265E-02 -6.6688853615994E-20  9.3986678131886E-18  2.0132472983148E-17
 -7.3277397797680E-20 -2.6482129389265E-02 -1.0345183182217E-02 -2.0056756857614E-02
 -2.0056756857614E-02 -2.0056756857614E-02  7.7263272975933E-03  7.1056948913921E-03
  1.2786530779362E-02  1.2786530779362E-02  7.7263272975933E-03  1.2786530779361E-02
  7.1056948913917E-03  1.2786530779363E-02  7.7263272975933E-03  1.2786530779361E-02
  1.2786530779363E-02  7.1056948913926E-03 -4.4469108386257E-04 -5.4137078041510E-20
 -9.0465502767355E-04 -2.4272124962278E-03  4.2873663998367E-20 -5.7853069971984E-04
 -3.8927997992358E-20  3.9423618975199E-20  8.3202066059666E-04  3.6167213639661E-20
  1.0664140240168E-03  2.7226365766896E-03  5.9776539740874E-04 -5.3172517499360E-20
  1.2380860573729E-03  3.8514958867110E-03 -2.0089822489541E+00  4.7829502589266E-18
  1.7646687691800E-18  1.6866747290303E-18 -2.8582459281138E-05 -5.0995701724674E-20
  1.5699507643680E-04  1.5699507643680E-04 -9.1488418833756E-01 -4.4991248096772E-17
 -9.3803438860927E-18 -3.8482782487286E-17 -4.9861493929503E-17  8.5099266315536E-01
 -1.2212194495191E-17 -1.2505456171891E-17 -1.1286565080528E-17 -1.2242551180779E-17
  8.5099266315538E-01  1.2279519616263E-17 -4.6143009472990E-17 -1.2758155249677E-17
  1.2670023497637E-17  8.5099266315534E-01 -2.5500360423928E-03 -1.8481569496056E-19
 -5.8003147975544E-03 -5.8003147975544E-03  1.1113721188318E-19 -2.2060316858276E-03
  3.4152385882321E-19  3.1462807078440E-19  5.8003147975544E-03  3.6658750152033E-19
  1.0922406573400E-02  1.2203132758670E-02  5.8003147975544E-03  3.7529792993885E-19
  1.2203132758670E-02  1.0922406573400E-02
  2.1081727580552E+00 -1.9501716319330E-01 -8.0247081016135E-36  0.0000000000000E+00
  0.0000000000000E+00  4.1009649020686E-01 -3.2098832406454E-35  3.2098832406454E-34
 -1.2839532962582E-34  3.2098832406454E-34  7.0462495635372E-01  1.2649025345664E-19
  3.6140072416183E-20  0.0000000000000E+00 -1.3552527156069E-19  7.0462495635372E-01
  1.8521787113294E-19 -3.8518598887745E-34 -2.7105054312138E-20 -3.6140072416183E-20
  7.0462495635372E-01 -9.5905467960164E-04  0.0000000000000E+00 -4.6857911676647E-03
 -4.6857911676647E-03 -1.8070036208092E-20 -3.9340167086891E-03 -1.3552527156069E-19
 -6.3245126728321E-20  4.6857911676647E-03 -3.1622563364161E-20  1.2249480427264E-02
  1.2593298576562E-02  4.6857911676647E-03  2.2135794354912E-19  1.2593298576562E-02
  1.2249480427264E-02 -2.7416174599969E-01 -1.6049416203227E-35 -1.2839532962582E-34
  0.0000000000000E+00  1.1416333176055E-03 -2.2587545260115E-21 -2.0938246164636E-03
 -2.0938246164636E-03  6.6011932622870E-05 -4.5175090520229E-21  8.4703294725430E-22
  3.7010038904979E-04  4.9057439226730E-01 -8.9876730738071E-34 -1.0271626370065E-33
 -1.0271626370065E-33 -6.4197664812908E-35  4.8980334040439E-01  0.0000000000000E+00
  1.0842021724855E-19 -5.1358131850326E-34  6.3245126728321E-20  4.8980334040439E-01
 -9.0350181040459E-21  4.8148248609681E-35 -2.1684043449710E-19  3.6140072416183E-20
  4.8980334040439E-01 -1.6541838633414E-03 -4.5175090520229E-20 -8.5117825093378E-03
 -8.5117825093378E-03 -4.5175090520229E-21 -4.2925668188254E-03 -9.9385199144504E-20
 -1.9877039828901E-19  3.3919335695112E-03 -6.7762635780344E-20  9.4197161317474E-03
  1.0231766328124E-02  3.3919335695112E-03 -8.1315162936413E-20  1.0231766328124E-02
  9.4197161317474E-03 -2.6818014607359E-04  0.0000000000000E+00 -1.5811281682080E-20
 -4.8252799495359E-05 -4.5175090520229E-21 -9.0500367635556E-05  4.5175090520229E-20
  8.1315162936413E-20  9.0350181040459E-21  1.1745523535260E-19 -9.0500367635532E-05
  7.2280144832367E-20 -6.4838685533562E-04 -2.9815559743351E-19 -3.6140072416183E-20
 -1.6692572697632E-03  5.8833670627713E-01  6.4197664812908E-35 -1.2839532962582E-34
  0.0000000000000E+00 -1.2839532962582E-34  3.4060359179036E-01  0.0000000000000E+00
 -1.4456028966473E-19  1.0271626370065E-33  9.0350181040459E-21  3.4060359179036E-01
  4.0657581468206E-20 -5.4568015090972E-34 -1.3552527156069E-19 -6.3245126728321E-20
  3.4060359179036E-01 -2.4583482796477E-03  1.3552527156069E-20 -6.0694603788981E-03
 -6.0694603788981E-03  1.8070036208092E-20 -4.0415391558215E-03 -2.0328790734103E-20
  2.0328790734103E-20  6.0694603788981E-03  7.0021390306355E-20  7.1907858391902E-03
  8.1316656500676E-03  6.0694603788981E-03 -1.1293772630057E-20  8.1316656500676E-03
  7.1907858391902E-03 -1.2745214632779E-03  4.5175090520229E-21 -9.0350181040459E-21
 -4.4256273205193E-04  1.3552527156069E-20 -8.8385459132498E-06  9.0350181040459E-21
 -6.3245126728321E-20  4.5175090520229E-21 -9.0350181040459E-21 -8.8385459132660E-06
 -4.5175090520229E-20  4.4256273205193E-04  7.2280144832367E-20  4.5175090520229E-21
 -5.3748534180489E-04 -7.2190771262312E-04  2.1434146130230E-04 -2.1434146130230E-04
 -1.1892551183873E-03 -2.1434146130230E-04 -9.0020282458826E-04 -6.2700568560588E-04
  9.7934018571805E-06  2.1434146130230E-04 -6.2700568560588E-04 -9.0020282458826E-04
 -9.7934018571816E-06  1.1892551183873E-03  9.7934018571820E-06 -9.7934018571822E-06
  5.1169338062453E-04  5.5033757160666E-04  3.1622563364161E-20  1.1765175697190E-03
  1.1765175697190E-03  2.2587545260115E-21 -6.3597251403467E-04  1.8070036208092E-20
  7.2280144832367E-20 -1.1765175697190E-03  5.4210108624275E-20 -1.4071573724768E-03
 -1.1302132783991E-03 -1.1765175697190E-03  0.0000000000000E+00 -1.1302132783991E-03
 -1.4071573724768E-03 -5.0834824776784E-02  1.2839532962582E-34  1.2839532962582E-34
  1.9259299443872E-34  4.4561610886168E-04  2.2587545260115E-21 -1.6755678179159E-03
 -1.6755678179160E-03 -4.1788545399797E-04 -5.6468863150287E-22 -3.8822343415822E-21
  6.0181779249694E-04 -9.9940270956377E-05  1.7368162529238E-04 -1.7368162529238E-04
 -2.2825516221079E-04  1.6261302106829E-04 -4.2351647362715E-22 -4.4566062413727E-04
 -4.4566062413727E-04 -9.3862914036145E-05 -2.2587545260115E-21  1.8510728239299E-05
 -7.9319561371843E-07  2.7460181324315E-05  1.7013855040528E-04 -1.7013855040528E-04
 -1.7013855040528E-04  1.1169666262123E-01 -8.9876730738071E-34 -1.1555579666323E-33
 -2.0543252740130E-33 -2.5679065925163E-34  2.8733145148107E-01  1.8070036208092E-20
  1.6263032587283E-19  5.1358131850326E-34  3.6140072416183E-20  2.8733145148107E-01
  1.8070036208092E-20 -1.9259299443872E-34  5.4210108624275E-20  1.8070036208092E-20
  2.8733145148107E-01 -1.3894117365840E-03  7.2280144832367E-20 -1.1240201535181E-02
 -1.1240201535181E-02  1.8070036208092E-20  2.7437931166517E-03  1.2197274440462E-19
  9.0350181040459E-20  3.9631919178350E-03  4.0657581468206E-20  1.4910649064947E-02
  1.7362141395670E-02  3.9631919178350E-03 -1.0842021724855E-19  1.7362141395670E-02
  1.4910649064947E-02  1.2225819908479E-03  0.0000000000000E+00  9.0350181040459E-21
  2.7439556442135E-03  4.5175090520229E-21  3.9441431602992E-05 -2.3491047070519E-19
  4.5175090520229E-20 -5.6468863150287E-22 -2.5298050691328E-19  3.9441431602967E-05
  2.7105054312138E-20 -2.1732113574578E-03 -3.6140072416183E-20 -2.7105054312138E-20
 -6.3692778732873E-03  1.2826401134489E-04 -2.0211039301199E-05  2.0211039301198E-05
  1.2822244447017E-03 -4.6488189111865E-04  2.0081483532235E-03 -2.2088176673652E-06
 -6.0161135280728E-04  4.6488189111865E-04 -2.2088176673640E-06  2.0081483532235E-03
  6.0161135280729E-04  3.3184575296326E-04 -1.3084494370614E-03  1.3084494370614E-03
  9.5727292730508E-04 -6.9786249241445E-04  6.7762635780344E-21 -3.3730177801912E-03
 -3.3730177801912E-03  1.1929047340498E-20  1.9040461859505E-03 -1.1745523535260E-19
 -1.1745523535260E-19  1.4751158503928E-03  1.8070036208092E-20  5.5054875379868E-03
  4.7490685766309E-03  1.4751158503928E-03 -5.4210108624275E-20  4.7490685766309E-03
  5.5054875379868E-03  3.8287070449638E-04 -1.8070036208092E-20 -4.8725887255663E-07
  7.1545875553738E-04  0.0000000000000E+00  8.1018834359221E-04  1.3552527156069E-20
  8.5832671988436E-20 -6.7662171131425E-05  7.6797653884390E-20  9.5494245441668E-04
 -2.7219894418417E-04 -2.8845585264292E-04  6.7762635780344E-20  1.5868108836242E-05
 -3.3421520738731E-04 -2.0131808037180E-04  1.7773916749842E-04 -1.7773916749842E-04
 -1.7773916749843E-04 -4.7753531668672E-04  1.0563082300585E-03 -7.5657388301190E-04
 -7.5657388301190E-04  4.7753531668672E-04 -7.5657388301190E-04  1.0563082300585E-03
  7.5657388301190E-04  4.7753531668672E-04 -7.5657388301190E-04  7.5657388301190E-04
  1.0563082300585E-03 -1.1178760765285E-04  2.2820693949817E-04 -4.3838210881944E-04
 -1.7852106723141E-04 -1.9601012481930E-04  7.4935860188569E-04 -4.0927979961117E-04
 -4.5378251685428E-04  2.5625533567490E-04 -3.3792314581178E-04  1.0516084601218E-03
  5.6465918183664E-04  2.1109159288994E-04 -4.1348313036782E-04  8.1396508114231E-04
  7.8627984844283E-04  1.3418966233289E-01 -2.5679065925163E-34 -1.0271626370065E-33
 -1.0271626370065E-33  6.4197664812908E-35  1.9975279596691E-01  0.0000000000000E+00
 -5.4210108624275E-20  1.2839532962582E-34  2.7105054312138E-20  1.9975279596691E-01
  2.2587545260115E-20 -1.9259299443872E-34 -2.7105054312138E-20  1.8070036208092E-20
  1.9975279596691E-01 -1.5243549922184E-03 -6.3245126728321E-20 -7.7636863725267E-03
 -7.7636863725267E-03  1.3552527156069E-20  1.2107308008509E-03 -7.2280144832367E-20
 -3.6140072416183E-20  5.7472534973194E-03 -1.3552527156069E-19  1.0561134461489E-02
  1.2553624452537E-02  5.7472534973194E-03  5.6468863150287E-20  1.2553624452537E-02
  1.0561134461489E-02  1.3242234108060E-03  1.8070036208092E-20  0.0000000000000E+00
  1.8310629906692E-03 -1.1293772630057E-20 -5.7429999221279E-05 -6.3245126728321E-20
  3.6140072416183E-20 -1.1858461261560E-20 -9.0350181040459E-21 -5.7429999221278E-05
 -4.5175090520229E-21 -1.9642042606532E-03 -1.8070036208092E-20  1.8070036208092E-20
 -4.1700083156652E-03 -1.2008447683185E-05 -1.0548590280012E-05  1.0548590280012E-05
  8.4168704542143E-04 -7.4657077479043E-04  1.0369028202077E-03 -1.6637158269868E-04
 -3.4182336048244E-04  7.4657077479043E-04 -1.6637158269868E-04  1.0369028202077E-03
  3.4182336048244E-04  1.0560039127251E-03 -9.0562575798016E-04  9.0562575798016E-04
  6.4353454548765E-04 -8.7821300054150E-04  2.0328790734103E-20 -2.3049021167107E-03
 -2.3049021167107E-03 -2.9363808838149E-20  9.6904755137950E-04  6.3245126728321E-20
  6.3245126728321E-20  1.0490093332323E-03  3.6140072416183E-20  3.1905813570450E-03
  2.8476876720746E-03  1.0490093332323E-03 -1.8070036208092E-20  2.8476876720746E-03
  3.1905813570450E-03  3.7787464210850E-04 -2.7105054312138E-20 -3.4115385900515E-06
  4.7655240443367E-04 -9.0350181040459E-21  4.0063467920505E-04  4.5175090520229E-20
 -4.0657581468206E-20 -5.0533471385514E-05  2.2587545260115E-20  4.7998122979469E-04
 -1.7177638454259E-04 -2.0138854409873E-04  1.1745523535260E-19 -5.4827447840867E-06
 -2.6351285403218E-04 -2.1533352013969E-04  8.1661345881219E-05 -8.1661345881220E-05
 -8.1661345881220E-05 -5.4079302144612E-04  5.6222644321566E-04 -4.1468630825870E-04
 -4.1468630825870E-04  5.4079302144612E-04 -4.1468630825870E-04  5.6222644321565E-04
  4.1468630825870E-04  5.4079302144612E-04 -4.1468630825871E-04  4.1468630825870E-04
  5.6222644321566E-04 -1.3287167660663E-04  1.5237729228709E-04 -2.6679835017422E-04
 -1.0537155267277E-04 -1.4424390586018E-04  3.6393622709139E-04 -2.2750383675138E-04
 -2.3691809383524E-04  2.4994625179267E-04 -2.1047661061479E-04  5.4765303563295E-04
  3.1084252788734E-04  2.3256283870184E-04 -2.3817386837480E-04  4.7239108643571E-04
  4.1600235172832E-04  1.0030665412542E-04  1.3552527156069E-20 -1.3552527156069E-20
  5.2759977103002E-05  0.0000000000000E+00  2.6393416623937E-04  9.0350181040459E-21
  1.8070036208092E-20 -4.5175090520229E-21  0.0000000000000E+00  2.6393416623937E-04
 -4.5175090520229E-21 -1.5157196383575E-05  0.0000000000000E+00 -2.2587545260115E-20
  4.5333476560562E-05  6.7623351488697E-05  9.6346221936603E-06 -9.6346221936602E-06
  4.2558755469619E-05 -6.1147874055377E-05  2.1650397785973E-04 -2.5377954045215E-05
 -5.0269581454093E-05  6.1147874055377E-05 -2.5377954045216E-05  2.1650397785973E-04
  5.0269581454092E-05 -5.1027744390360E-05 -1.1625351119578E-05  1.1625351119578E-05
  4.2133660833175E-05 -4.3134256142895E-04  6.3245126728321E-20 -7.0070926000249E-04
 -7.0070926000249E-04  0.0000000000000E+00  1.2112761297267E-04 -2.2587545260115E-20
 -1.3552527156069E-20  3.2030126562616E-04 -4.5175090520229E-20  1.1062931250924E-03
  1.1021156671459E-03  3.2030126562616E-04 -3.6140072416183E-20  1.1021156671459E-03
  1.1062931250924E-03  3.4625937455112E-02 -3.2098832406454E-34 -5.1358131850326E-34
  9.6296497219362E-34  7.7037197775489E-34  1.2119632910902E-01 -9.0350181040459E-21
 -2.7105054312138E-20 -5.1358131850326E-34 -9.0350181040459E-21  1.2119632910902E-01
 -1.3552527156069E-20 -6.4197664812908E-35 -7.2280144832367E-20 -1.3552527156069E-20
  1.2119632910902E-01 -1.7594963757021E-04  4.5175090520229E-21 -4.8437419110301E-03
 -4.8437419110301E-03 -3.6140072416183E-20  4.2048807415732E-03 -6.7762635780344E-21
 -1.1293772630057E-20  4.8437419110301E-03 -2.0328790734103E-20  1.1036028854505E-02
  1.2142098916225E-02  4.8437419110301E-03  1.1293772630057E-20  1.2142098916225E-02
  1.1036028854505E-02  4.9519736071967E-04  2.0328790734103E-20  0.0000000000000E+00
  1.8407407705223E-03  2.2587545260115E-21  4.4555243483995E-04  4.5175090520229E-20
  2.7105054312138E-20 -1.1293772630057E-20  1.8070036208092E-20  4.4555243483995E-04
  2.2587545260115E-20 -1.8407407705224E-03  9.0350181040459E-21 -9.0350181040459E-21
 -4.6700796755058E-03 -1.2676201054147E-04  2.6788594242889E-04 -2.6788594242889E-04
  1.8763567785288E-04 -2.6788594242889E-04  2.3545267396898E-03 -5.9793226172719E-05
 -1.0582730730282E-03  2.6788594242889E-04 -5.9793226172719E-05  2.3545267396898E-03
  1.0582730730282E-03 -1.8763567785288E-04 -1.0582730730282E-03  1.0582730730282E-03
  1.4170739868086E-03 -5.1524744288701E-04  1.1293772630057E-21 -1.9876819576481E-03
 -1.9876819576481E-03  1.2423149893063E-20  2.3077399747169E-03  4.5175090520229E-20
 -6.3245126728321E-20  1.9876819576481E-03  4.5175090520229E-20  5.2731014645288E-03
  4.1532236482254E-03  1.9876819576481E-03  1.8070036208092E-20  4.1532236482254E-03
  5.2731014645288E-03  3.3670116416504E-04  4.5175090520229E-21  6.9290113720986E-05
  5.0693725264138E-04 -9.0350181040459E-21  1.1285160230317E-03  7.4538899358378E-20
  1.5811281682080E-20 -6.9290113720986E-05  7.0021390306355E-20  1.1827303288260E-03
 -1.5811478360001E-04 -5.0693725264138E-04  8.8091426514447E-20 -1.5811478360001E-04
 -2.0307919672699E-04 -9.4579259774529E-05  2.4107523256054E-04 -2.4107523256054E-04
 -2.4107523256054E-04 -2.4107523256054E-04  1.2309844391751E-03 -8.0247661576882E-04
 -8.0247661576882E-04  2.4107523256054E-04 -8.0247661576882E-04  1.2309844391751E-03
  8.0247661576882E-04  2.4107523256054E-04 -8.0247661576882E-04  8.0247661576882E-04
  1.2309844391751E-03 -5.2309059572248E-05  2.0873509996471E-04 -2.9337226149366E-04
 -1.9253577906045E-04 -2.0873509996471E-04  1.0244416713671E-03 -3.9067886335372E-04
 -5.1172690154728E-04  2.9337226149366E-04 -3.9067886335372E-04  1.3230626025126E-03
  7.6556469090566E-04  1.9253577906045E-04 -5.1172690154728E-04  7.6556469090566E-04
  1.0641048978265E-03  8.3829402889058E-05 -1.3552527156069E-20 -2.2587545260115E-21
  4.7173213047190E-05 -9.0350181040459E-21  8.3532618991214E-04 -2.7105054312138E-20
 -2.7105054312138E-20 -2.2587545260115E-21  0.0000000000000E+00  8.3532618991214E-04
  0.0000000000000E+00 -4.7173213047191E-05  0.0000000000000E+00  0.0000000000000E+00
  2.8370163252821E-04  9.1840519368657E-05  2.6354673941868E-05 -2.6354673941868E-05
  8.8381402830341E-05 -2.6354673941868E-05  7.0214096233207E-04 -5.7813077464612E-05
 -7.6196809696201E-05  2.6354673941868E-05 -5.7813077464612E-05  7.0214096233207E-04
  7.6196809696200E-05 -8.8381402830341E-05 -7.6196809696200E-05  7.6196809696201E-05
  2.1939170515869E-04 -4.3221287798511E-04  4.5175090520229E-21 -7.1904740316151E-04
 -7.1904740316151E-04  9.0350181040459E-21  5.5111729898578E-04 -3.6140072416183E-20
 -3.6140072416183E-20  7.1904740316151E-04 -4.0657581468206E-20  2.2105133311594E-03
  1.9948167765827E-03  7.1904740316151E-04 -1.3552527156069E-20  1.9948167765827E-03
  2.2105133311594E-03  9.8687322424180E-05  0.0000000000000E+00 -2.9041464265818E-05
  1.9840521988049E-04  0.0000000000000E+00  5.6141497812223E-04  9.0350181040459E-21
 -5.4210108624275E-20  2.9041464265818E-05 -2.7105054312138E-20  7.2195052237679E-04
  9.0867211322806E-05 -1.9840521988049E-04  4.5175090520229E-20  9.0867211322805E-05
 -2.7152992342131E-05 -1.6454347574958E-04  1.9276573278489E-04 -1.6322567438319E-04
 -1.6322567438319E-04 -1.9276573278489E-04  8.0010488458143E-04 -3.6059125034425E-04
 -3.6059125034425E-04  1.6322567438319E-04 -3.6059125034425E-04  9.4072737617900E-04
  5.1195009896744E-04  1.6322567438319E-04 -3.6059125034425E-04  5.1195009896744E-04
  9.4072737617900E-04 -1.0224525679250E-04  1.4850430368925E-04 -1.4850430368925E-04
 -9.3189256043775E-05 -1.4850430368925E-04  7.0037958057837E-04 -2.7344530459367E-04
 -3.0985398078573E-04  1.4850430368925E-04 -2.7344530459367E-04  7.0037958057837E-04
  3.0985398078573E-04  9.3189256043775E-05 -3.0985398078573E-04  3.0985398078573E-04
  7.4729484535199E-04 -1.0266710756061E-04  1.0385042895067E-04 -1.2778792952709E-04
 -3.9254539529981E-05 -1.0385042895066E-04  4.5140563098369E-04 -1.6656583227850E-04
 -8.8713566855068E-05  1.2778792952709E-04 -1.6656583227850E-04  8.2567853318047E-04
  5.0585262450379E-04  3.9254539529981E-05 -8.8713566855068E-05  5.0585262450379E-04
  7.1081164710178E-04  4.7838596274230E-05 -4.5175090520229E-21 -2.7365913847004E-05
  7.0634306000037E-05 -9.0350181040459E-21  4.8593600936010E-04 -6.7762635780344E-21
 -6.5503881254332E-20  2.7365913847004E-05 -3.8398826942195E-20  5.4358275204099E-04
  4.2524648349368E-05 -7.0634306000038E-05 -4.7433845046241E-20  4.2524648349368E-05
  1.5539770064498E-04  4.4700180830168E-03 -8.5897376343002E-03 -3.5492425274226E-02
 -5.4553648011748E-20  1.9274895281595E-19 -1.0850731393049E-02 -2.4541849165709E-02
  2.0768066410052E-20  3.1213155763984E-20  1.3230219722762E-03  4.7561422614552E-04
  4.7561422614552E-04  4.7561422614552E-04 -7.2374701270697E-04 -4.9580655522145E-20
 -7.7337596748770E-04 -7.6013038627080E-04  2.7435641917473E-03 -9.9787601461003E-03
 -2.7145783298214E-20 -3.2111643527384E-20 -1.7599863443078E-03 -1.3038498096911E-03
 -1.3038498096911E-03 -1.3038498096911E-03  2.0934376150905E-06  4.6600277019904E-22
 -1.6456465913500E-04  1.5672431180287E-04 -2.0848942530416E-04 -2.0990260563859E-06
 -3.3901406532894E-04 -3.3901406532894E-04  2.2295729523546E-05 -1.7975566483380E-05
  6.7355345919578E-21  1.7696743627880E-21  2.0326516885188E-04  1.4794858352205E-05
  1.4794858352205E-05  2.0257679137970E-04  3.4987537012439E-05 -9.0350181040458E-21
  8.4308159978826E-05  9.5285862596609E-06  1.3482754100118E+00  5.7364988923444E-04
  1.5944920176430E-03  1.6974874338121E-03  1.9941224527294E-21 -1.4830722322081E-21
 -1.0967298949496E-04 -8.3860250793443E-06 -8.3860250793443E-06 -8.3860250793444E-06
 -3.6105971380702E-03 -2.7331218789757E-02  2.2587545260115E-20  3.8415877980932E-20
 -2.7038608461784E-03 -1.8803233318130E-02 -7.0586078937858E-23 -4.5880951309608E-21
 -1.6940658945086E-21 -1.6375970313583E-20  3.4627788085270E-03 -1.6940658945086E-21
 -2.4636215819614E-21  2.5410988417629E-20 -5.3645419992772E-21  3.4627788085270E-03
  3.4003984223841E-04  6.5718890798759E-04  6.5718890798759E-04  6.5718890798758E-04
 -1.4656768425798E-04  1.9216945143107E-04 -3.9233994754256E-04 -3.9233994754256E-04
 -1.4656768425798E-04 -3.9233994754256E-04  1.9216945143107E-04 -3.9233994754256E-04
 -1.4656768425798E-04 -3.9233994754256E-04 -3.9233994754256E-04  1.9216945143107E-04
 -4.1419400475069E-03 -1.8796937481036E-02  1.8070036208092E-20  2.7552942556247E-20
 -3.2386685331169E-03 -1.3085734962526E-02  5.2586628808704E-21 -5.0469046440569E-21
 -2.8234431575143E-21  5.6468863150287E-21  2.3228714367065E-03  2.8234431575143E-21
 -1.2852609759089E-21  1.1576116945809E-20 -2.8234431575143E-22  2.3228714367065E-03
  1.0741654329364E-03  6.8126303200766E-04  6.8126303200766E-04  6.8126303200766E-04
 -1.8548500552033E-04  1.7042926902486E-04 -2.6461290367618E-04 -2.6461290367618E-04
 -1.8548500552033E-04 -2.6461290367618E-04  1.7042926902486E-04 -2.6461290367618E-04
 -1.8548500552033E-04 -2.6461290367618E-04 -2.6461290367618E-04  1.7042926902486E-04
 -5.8279263142946E-04  5.5594620481722E-21 -8.9017513860792E-04 -7.9942382785712E-04
  4.9659980745490E-21  1.5131455692932E-04 -6.4939192622830E-21  7.1997800516615E-21
  2.6401921770682E-04 -5.3292489598083E-21  2.9069303080621E-04  4.0580937131665E-04
 -2.9718541045427E-05  1.2423149893063E-20  4.0633733194895E-05 -7.0695232252072E-05
  1.5055694400825E-03 -8.7141850251142E-03 -1.8070036208092E-20 -3.4845555330672E-21
 -3.8271129112748E-04 -7.1826639964973E-03  1.8352380523843E-21  9.8820510513002E-22
 -1.6234798155707E-21  4.9410255256501E-22  9.2554979357336E-04  2.8234431575143E-22
  5.3062245449384E-22 -2.0469962891979E-21  0.0000000000000E+00  9.2554979357336E-04
 -4.6634655113290E-04 -1.5229383803555E-04 -1.5229383803555E-04 -1.5229383803555E-04
  1.0655494504284E-04  1.2977581393750E-04 -9.4830641916663E-05 -9.4830641916663E-05
  1.0655494504284E-04 -9.4830641916663E-05  1.2977581393750E-04 -9.4830641916663E-05
  1.0655494504284E-04 -9.4830641916663E-05 -9.4830641916663E-05  1.2977581393750E-04
 -2.4293483003057E-04 -1.4131051288649E-20 -5.6442756668266E-04 -3.3678491284164E-04
  1.2913126112518E-22  6.3031439507177E-05 -3.1763735522036E-21  0.0000000000000E+00
 -5.7374407129392E-07 -1.5528937366329E-21  1.2496917736026E-04  1.7257137899048E-04
 -2.4848351664649E-04 -3.6704761047686E-21 -2.3178937003981E-04 -2.0251879467190E-04
 -2.2512474791549E-05  3.8317005200694E-05 -7.8272694082154E-05 -7.8272694082155E-05
 -1.3869812507686E-05  5.5116512846115E-05 -5.9565849418621E-05 -5.9565849418621E-05
  8.4095581597876E-06 -1.6660943848081E-05  4.2603472231796E-05 -2.6752404210324E-06
  8.4095581597876E-06 -1.6660943848081E-05 -2.6752404210325E-06  4.2603472231795E-05
  1.1341089097605E-04  3.5611244987391E-04 -2.2587545260115E-21  3.2917080449671E-21
 -3.1248555135380E-06  4.9375450946003E-05 -7.0586078937858E-22  1.5528937366329E-21
 -7.7644686831644E-22 -1.3411354998193E-21  4.7804612281242E-05  2.8234431575143E-22
 -8.8109912426332E-22  3.5293039468929E-22  2.8234431575143E-22  4.7804612281242E-05
  9.2753951554163E-05 -3.7170777218468E-05 -3.7170777218467E-05  4.3433157868112E-05
  4.1019622762765E-06  4.3182945863011E-05  2.0290586849172E-05  3.5525868308962E-05
  4.1019622762765E-06  2.0290586849172E-05  4.3182945863011E-05  3.5525868308962E-05
  4.6547949827887E-05  4.4524311997441E-05  4.4524311997441E-05  6.3046822120853E-05
 -6.6850562688129E-05 -2.2587545260115E-20 -1.1175315390375E-04 -1.6186178035988E-04
  7.7644686831644E-22  4.2593377387104E-05  2.7122039254550E-22  1.7148444468391E-21
  3.4785601409511E-06 -7.9304937718555E-22  4.8843886602081E-05  3.0038225835466E-05
 -4.9587167669822E-05 -3.5626757165107E-21 -2.6755633861426E-05  3.0179311682778E-05
 -1.1926904816544E-05 -4.3019291359811E-05 -4.3019291359811E-05 -2.6101786350669E-05
  8.1508908772829E-07  3.0778535672830E-05  3.7011317441801E-06  1.1719900488799E-05
  8.1508908772830E-07  3.7011317441802E-06  3.0778535672830E-05  1.1719900488799E-05
  6.9408285263850E-06  1.3437457161702E-05  1.3437457161702E-05  3.0270408599979E-05
  3.5606490511250E-05  0.0000000000000E+00  2.6858759227017E-05  3.0524793555300E-05
  1.1293772630057E-21  2.5524418832657E-05  3.5998900258308E-21 -4.2351647362715E-22
  1.3843305852322E-06  2.3999266838872E-21  2.6935665164709E-05  4.7293237449294E-06
  8.6351815524624E-06  2.8234431575143E-22  4.1955723820404E-06  2.0596206878141E-05
  4.0335167177325E-01 -3.8518598887745E-34  1.2839532962582E-34 -2.8888949165809E-34
  1.5551984475569E-04  3.3881317890172E-21  4.8403378333300E-04  4.8403378333300E-04
 -1.2692771503273E-03 -5.6468863150287E-22  5.6468863150287E-22 -1.2698202734147E-03
  1.2331248179862E-01 -1.6049416203227E-35 -9.6296497219362E-35 -1.2037062152420E-34
 -1.6049416203227E-35  1.1656851125228E-03  0.0000000000000E+00  2.1175823681357E-22
 -9.6296497219362E-35  0.0000000000000E+00  1.1656851125228E-03 -3.5293039468929E-23
 -1.3642003772743E-34  4.9410255256501E-22  0.0000000000000E+00  1.1656851125228E-03
  4.0105056405103E-05 -1.1293772630057E-21 -2.3634512102584E-04 -2.3634512102584E-04
  1.6940658945086E-21  4.4593329181732E-05  1.9411171707911E-22 -3.7057691442376E-22
  2.3634512102584E-04 -5.2939559203394E-23 -2.0529039556728E-04 -5.3895566036924E-05
  2.3634512102584E-04  3.5293039468929E-23 -5.3895566036924E-05 -2.0529039556728E-04
 -8.9513496326158E-04 -1.1293772630057E-21  5.6468863150287E-22  8.3636493222821E-04
  2.8234431575143E-22 -1.3716305734758E-05 -4.9410255256501E-22  7.0586078937858E-23
  2.8234431575143E-22 -6.3527471044072E-22 -1.3716305734758E-05  3.5293039468929E-23
 -8.3636493222821E-04  2.8234431575143E-22  2.1175823681357E-22  5.0865936322517E-04
 -2.1028718569490E-05  4.8790296793069E-06 -4.8790296793068E-06 -2.8666138493206E-05
 -4.8790296793068E-06 -6.0883842975158E-06 -3.1725246722932E-06 -9.8338918200998E-06
  4.8790296793069E-06 -3.1725246722932E-06 -6.0883842975158E-06  9.8338918200998E-06
  2.8666138493206E-05 -9.8338918200998E-06  9.8338918200998E-06 -5.1405958038660E-06
   NCF
         0         1         2         3         4         5         6         7
         8         9        10        11        12        13        14        15
        16        17        18        19        20        21
NSTATG
         0         1         5        37        49        97       177       205
       333       509       765       766       770       782       810       812
       820       852       900      1044      1056      1120
NSTAFG
         0         1         5        21        29        61       109       125
       189       269       381       381       385       389       401       402
       406       422       454       502       510       542
    LG
         0         0         0        -1         0         0         1         0
         0        -1         0         1         1         0        -1        -1
         1         0         1        -1         0         0        -1         0
         0         1         0         0        -1         1         0         1
        -1         0         0        -1         0         0         1        -1
        -1         1         1         1        -1        -1         1        -1
         1        -1         1        -1         1         1         1        -1
        -1        -2         0         1         2         0        -1        -2
         1         0         2        -1         0        -2         1         1
         2        -1        -1        -1        -1         0         1         1
         0        -1        -1         2         1         1        -2        -1
         0        -1         1         0         1        -1         0         2
         1         0        -2        -1         2        -1         1        -2
         1        -1         2         0         1        -2         0         0
        -2         1         0         2        -1         0        -1        -1
         0         1         1         0        -1         2         0         1
        -2        -2         0         0         2         0         0        -2
         0         2         2         0        -2        -2         2         0
         2        -2         0         0        -2         0         0         2
         0         0        -2         2         0         2        -2         0
         0        -2         0         0         2        -2        -1         1
         2         1        -1        -2        -1         2         2         1
        -2        -2         1        -1         2        -1         1        -2
         1         2         2        -1        -2        -2         2        -1
         2        -2         1        -2         2         1         2        -2
        -1        -1        -2         1         1         2        -1        -1
        -2         2         1         2        -2        -1         1        -2
         1        -1         2        -1         1         2         1        -1
        -2        -1         2        -2         1        -2         2        -1
         2         1         1        -2        -1        -3         1         1
         3        -1        -1        -1        -1        -1         1         1
         1        -1        -1         3         1         1        -3        -1
         3        -1         1        -3         1        -3         0         1
         3         0        -1        -3         0         2         3         0
        -2        -3         1         0         3        -1         0        -3
         1         2         3        -1        -2        -3         2         0
         3        -2         0        -3         2         1         3        -2
        -1        -2        -1         0         2         1         0        -2
        -1         3         2         1        -3        -2         0        -1
         2         0         1        -2         0         3         2         0
        -3        -2         3        -1         2        -3         1        -2
         3         0         2        -3         0        -1        -2         0
         1         2         0        -1        -2         3         1         2
        -3        -1         0        -2         1         0         2        -1
         0         3         1         0        -3        -1         3        -2
         1        -3         2        -1         3         0         1        -3
         0         0        -3         1         0         3        -1         0
        -3         2         0         3        -2         0        -2        -1
         0         2         1         0        -2         3         0         2
        -3         0        -1        -2         0         1         2         0
        -1         3         0         1        -3        -2        -2         2
         2         2        -2        -2         2        -2         2        -2
         2        -2         2         2         2        -2        -2        -3
        -1         2         3         1        -2        -3         0         0
         3         0         0        -3         0         3         3         0
        -3        -3         2        -1         3        -2         1        -3
         2         2         3        -2        -2        -3         3         0
         3        -3         0        -2        -2         1         2         2
        -1        -2        -2         3         2         2        -3        -2
         1        -2         2        -1         2        -2         1         3
         2        -1        -3        -2         3        -2         2        -3
         2        -2         3         1         2        -3        -1        -1
        -3         2         1         3        -2        -1         2        -3
         1        -2         3        -1         2         2         1        -2
        -2         0        -3         0         0         3         0         0
        -3         3         0         3        -3         0         0        -3
         0         0         3        -3        -1         1         3         1
        -1        -3        -1         3         3         1        -3        -3
         1        -1         3        -1         1        -3         1         3
         3        -1        -3        -3         3        -1         3        -3
         1        -3         3         1         3        -3        -1        -1
        -3         1         1         3        -1        -1        -3         3
         1         3        -3        -1         1        -3         1        -1
         3        -1         1         3         1        -1        -3        -1
         3        -3         1        -3         3        -1         3         1
         1        -3        -1        -4         1         1         4        -1
        -1        -4         1         2         4        -1        -2        -4
         2         1         4        -2        -1        -2        -1        -1
         2         1         1        -2        -1         4         2         1
        -4        -2         4        -1         2        -4         1        -1
        -2        -1         1         2         1        -1        -2         4
         1         2        -4        -1        -1        -2         1         1
         2        -1        -1         4         1         1        -4        -1
         4        -2         1        -4         2        -1         4        -1
         1        -4         1        -4         0         2         4         0
        -2        -4         2         0         4        -2         0        -4
         2         2         4        -2        -2        -2        -2         0
         2         2         0        -2        -2         4         2         2
        -4        -2         0        -2         2         0         2        -2
         0         4         2         0        -4        -2         4        -2
         2        -4         2        -2         4         0         2        -4
         0         0        -4         2         0         4        -2         0
        -2        -2         0         2         2         0        -2         4
         0         2        -4        -4         0         1         4         0
        -1        -4         0         3         4         0        -3        -4
         1         0         4        -1         0        -4         1         3
         4        -1        -3        -4         3         0         4        -3
         0        -4         3         1         4        -3        -1        -3
        -2         2         3         2        -2        -3        -2         3
         3         2        -3        -3        -1         0         3         1
         0        -3        -1         4         3         1        -4        -3
         0        -1         3         0         1        -3         0         4
         3         0        -4        -3         2        -2         3        -2
         2        -3         2         3         3        -2        -3        -3
         3        -2         3        -3         2        -3         3         2
         3        -3        -2        -3         4        -1         3        -4
         1        -3         4         0         3        -4         0        -2
        -3         2         2         3        -2        -2        -3         3
         2         3        -3        -2         2        -3         2        -2
         3        -2         2         3         2        -2        -3        -2
         3        -3         2        -3         3        -2         3         2
         2        -3        -2        -1        -3         0         1         3
         0        -1        -3         4         1         3        -4        -1
         0        -3         1         0         3        -1         0         4
         1         0        -4        -1         4        -3         1        -4
         3        -1         4         0         1        -4         0         0
        -4         1         0         4        -1         0        -4         3
         0         4        -3         0        -3        -1         0         3
         1         0        -3         4         0         3        -4         0
        -1        -3         0         1         3         0        -1         4
         0         1        -4        -4        -1         2         4         1
        -2        -4        -1         3         4         1        -3        -4
         2        -1         4        -2         1        -4         2         3
         4        -2        -3        -4         3        -1         4        -3
         1        -4         3         2         4        -3        -2        -3
        -2         1         3         2        -1        -3        -2         4
         3         2        -4        -3         1        -2         3        -1
         2        -3         1         4         3        -1        -4        -3
         4        -2         3        -4         2        -3         4         1
         3        -4        -1        -2        -3         1         2         3
        -1        -2        -3         4         2         3        -4        -2
         1        -3         2        -1         3        -2         1         4
         2        -1        -4        -2         4        -3         2        -4
         3        -2         4         1         2        -4        -1        -1
        -4         2         1         4        -2        -1        -4         3
         1         4        -3        -1         2        -4         1        -2
         4        -1         2         3         1        -2        -3        -1
         3        -4         1        -3         4        -1         3         2
         1        -3        -2        -4         0         0         4         0
         0        -4         0         4         4         0        -4        -4
         4         0         4        -4         0         0        -4         0
         0         4         0         0        -4         4         0         4
        -4         0         0        -4         0         0         4        -5
         1         2         5        -1        -2        -5         2         1
         5        -2        -1        -5         2         2         5        -2
        -2        -4        -1         1         4         1        -1        -4
        -1         4         4         1        -4        -4         1        -1
         4        -1         1        -4         1         4         4        -1
        -4        -4         4        -1         4        -4         1        -4
         4         1         4        -4        -1        -2        -2        -1
         2         2         1        -2        -2         5         2         2
        -5        -2        -1        -2         2         1         2        -2
        -1         5         2         1        -5        -2         5        -2
         2        -5         2        -2         5        -1         2        -5
         1        -1        -4         1         1         4        -1        -1
        -4         4         1         4        -4        -1        -2        -2
         1         2         2        -1        -2         5         1         2
        -5        -1         1        -4         1        -1         4        -1
         1         4         1        -1        -4        -1         4        -4
         1        -4         4        -1         4         1         1        -4
        -1        -1         5        -2         1        -5         2        -5
         1         1         5        -1        -1        -5         1         3
         5        -1        -3        -5         3         1         5        -3
        -1        -3        -3         3         3         3        -3        -3
        -1        -1         3         1         1        -3        -1         5
         3         1        -5        -3         3        -3         3        -3
         3        -3         3         3         3        -3        -3        -3
         5        -1         3        -5         1        -1        -3        -1
         1         3         1        -1        -3         5         1         3
        -5        -1        -1        -3         1         1         3        -1
        -1         5         1         1        -5        -1         5        -3
         1        -5         3        -1         5        -1         1        -5
         1        -5         0         2         5         0        -2        -5
         0         3         5         0        -3        -5         2         0
         5        -2         0        -5         2         3         5        -2
        -3        -5         3         0         5        -3         0        -5
         3         2         5        -3        -2        -4        -2         3
         4         2        -3        -4         3        -2         4        -3
         2        -4         3         3         4        -3        -3        -3
        -3         2         3         3        -2        -3        -3         4
         3         3        -4        -3        -2         0         3         2
         0        -3        -2         5         3         2        -5        -3
         0        -2         3         0         2        -3         0         5
         3         0        -5        -3         2        -3         3        -2
         3        -3         2         4         3        -2        -4        -3
         4        -3         3        -4         3        -3         4         2
         3        -4        -2        -3         5        -2         3        -5
         2        -3         5         0         3        -5         0        -2
        -4         3         2         4        -3        -2        -3         0
         2         3         0        -2        -3         5         2         3
        -5        -2         0        -3         2         0         3        -2
         0         5         2         0        -5        -2         3        -4
         2        -3         4        -2         3         3         2        -3
        -3        -2         5        -3         2        -5         3        -2
         5         0         2        -5         0         0        -5         2
         0         5        -2         0        -5         3         0         5
        -3         0        -3        -2         0         3         2         0
        -3         5         0         3        -5         0        -2        -3
         0         2         3         0        -2         5         0         2
        -5        -4        -2         2         4         2        -2        -4
        -2         4         4         2        -4        -4         2        -2
         4        -2         2        -4         2         4         4        -2
        -4        -4         4        -2         4        -4         2        -4
         4         2         4        -4        -2        -2        -4         2
         2         4        -2        -2        -4         4         2         4
        -4        -2         2        -4         2        -2         4        -2
         2         4         2        -2        -4        -2         4        -4
         2        -4         4        -2         4         2         2        -4
        -2        -5         0         1         5         0        -1        -5
         0         4         5         0        -4        -5         1         0
         5        -1         0        -5         1         4         5        -1
        -4        -5         4         0         5        -4         0        -5
         4         1         5        -4        -1        -4        -1         0
         4         1         0        -4        -1         5         4         1
        -5        -4         0        -1         4         0         1        -4
         0         5         4         0        -5        -4         5        -1
         4        -5         1        -4         5         0         4        -5
         0        -1        -4         0         1         4         0        -1
        -4         5         1         4        -5        -1         0        -4
         1         0         4        -1         0         5         1         0
        -5        -1         5        -4         1        -5         4        -1
         5         0         1        -5         0         0        -5         1
         0         5        -1         0        -5         4         0         5
        -4         0        -4        -1         0         4         1         0
        -4         5         0         4        -5         0        -1        -4
         0         1         4         0        -1         5         0         1
        -5        -5        -1         3         5         1        -3        -5
         3        -1         5        -3         1        -5         3         3
         5        -3        -3        -3        -3         1         3         3
        -1        -3        -3         5         3         3        -5        -3
         1        -3         3        -1         3        -3         1         5
         3        -1        -5        -3         5        -3         3        -5
         3        -3         5         1         3        -5        -1        -1
        -5         3         1         5        -3        -1         3        -5
         1        -3         5        -1         3         3         1        -3
        -3        -5        -1         2         5         1        -2        -5
        -1         4         5         1        -4        -5         2        -1
         5        -2         1        -5         2         4         5        -2
        -4        -5         4        -1         5        -4         1        -5
         4         2         5        -4        -2        -4        -2         1
         4         2        -1        -4        -2         5         4         2
        -5        -4         1        -2         4        -1         2        -4
         1         5         4        -1        -5        -4         5        -2
         4        -5         2        -4         5         1         4        -5
        -1        -2        -4         1         2         4        -1        -2
        -4         5         2         4        -5        -2         1        -4
         2        -1         4        -2         1         5         2        -1
        -5        -2         5        -4         2        -5         4        -2
         5         1         2        -5        -1        -1        -5         2
         1         5        -2        -1        -5         4         1         5
        -4        -1         2        -5         1        -2         5        -1
         2         4         1        -2        -4        -1         4        -5
         1        -4         5        -1         4         2         1        -4
        -2        -6         2         2         6        -2        -2        -2
        -2        -2         2         2         2        -2        -2         6
         2         2        -6        -2         6        -2         2        -6
         2        -6         1         2         6        -1        -2        -6
         1         3         6        -1        -3        -6         2         1
         6        -2        -1        -6         2         3         6        -2
        -3        -6         3         1         6        -3        -1        -6
         3         2         6        -3        -2        -5         0         0
         5         0         0        -5         0         5         5         0
        -5        -5         5         0         5        -5         0        -4
        -3         3         4         3        -3        -4        -3         4
         4         3        -4        -4         3        -3         4        -3
         3        -4         3         4         4        -3        -4        -4
         4        -3         4        -4         3        -4         4         3
         4        -4        -3        -3        -4         3         3         4
        -3        -3        -4         4         3         4        -4        -3
        -2        -1         3         2         1        -3        -2         6
         3         2        -6        -3        -1        -2         3         1
         2        -3        -1         6         3         1        -6        -3
         3        -4         3        -3         4        -3         3         4
         3        -3        -4        -3         4        -4         3        -4
         4        -3         4         3         3        -4        -3        -3
         6        -2         3        -6         2        -3         6        -1
         3        -6         1        -2        -3        -1         2         3
         1        -2        -3         6         2         3        -6        -2
        -1        -3         2         1         3        -2        -1         6
         2         1        -6        -2         6        -3         2        -6
         3        -2         6        -1         2        -6         1        -1
        -3        -2         1         3         2        -1        -3         6
         1         3        -6        -1        -2        -3         1         2
         3        -1        -2         6         1         2        -6        -1
         6        -3         1        -6         3        -1         6        -2
         1        -6         2         0        -5         0         0         5
         0         0        -5         5         0         5        -5         0
         0        -5         0         0         5        -5        -1         1
         5         1        -1        -5        -1         5         5         1
        -5        -5         1        -1         5        -1         1        -5
         1         5         5        -1        -5        -5         5        -1
         5        -5         1        -5         5         1         5        -5
        -1        -1        -5         1         1         5        -1        -1
        -5         5         1         5        -5        -1         1        -5
         1        -1         5        -1         1         5         1        -1
        -5        -1         5        -5         1        -5         5        -1
         5         1         1        -5        -1        -6         0         3
         6         0        -3        -6         1         1         6        -1
        -1        -6         1         4         6        -1        -4        -6
         3         0         6        -3         0        -6         3         3
         6        -3        -3        -6         4         1         6        -4
        -1        -5        -2         3         5         2        -3        -5
        -2         4         5         2        -4        -5         3        -2
         5        -3         2        -5         3         4         5        -3
        -4        -5         4        -2         5        -4         2        -5
         4         3         5        -4        -3        -4        -3         2
         4         3        -2        -4        -3         5         4         3
        -5        -4        -1        -1         4         1         1        -4
        -1         6         4         1        -6        -4         2        -3
         4        -2         3        -4         2         5         4        -2
        -5        -4         5        -3         4        -5         3        -4
         5         2         4        -5        -2        -4         6        -1
         4        -6         1        -3        -4         2         3         4
        -2        -3        -4         5         3         4        -5        -3
        -3         0         3         3         0        -3        -3         6
         3         3        -6        -3         0        -3         3         0
         3        -3         0         6         3         0        -6        -3
         2        -4         3        -2         4        -3         2         5
         3        -2        -5        -3         5        -4         3        -5
         4        -3         5         2         3        -5        -2        -3
         6        -3         3        -6         3        -3         6         0
         3        -6         0        -2        -5         3         2         5
        -3        -2        -5         4         2         5        -4        -2
         3        -5         2        -3         5        -2         3         4
         2        -3        -4        -2         4        -5         2        -4
         5        -2         4         3         2        -4        -3        -1
        -4        -1         1         4         1        -1        -4         6
         1         4        -6        -1        -1        -4         1         1
         4        -1        -1         6         1         1        -6        -1
         6        -4         1        -6         4        -1         6        -1
         1        -6         1         0        -6         3         0         6
        -3         0        -3        -3         0         3         3         0
        -3         6         0         3        -6        -6         0         2
         6         0        -2        -6         0         4         6         0
        -4        -6         2         0         6        -2         0        -6
         2         4         6        -2        -4        -6         4         0
         6        -4         0        -6         4         2         6        -4
        -2        -4        -2         0         4         2         0        -4
        -2         6         4         2        -6        -4         0        -2
         4         0         2        -4         0         6         4         0
        -6        -4         6        -2         4        -6         2        -4
         6         0         4        -6         0        -2        -4         0
         2         4         0        -2        -4         6         2         4
        -6        -2         0        -4         2         0         4        -2
         0         6         2         0        -6        -2         6        -4
         2        -6         4        -2         6         0         2        -6
         0         0        -6         2         0         6        -2         0
        -6         4         0         6        -4         0        -4        -2
         0         4         2         0        -4         6         0         4
        -6         0        -2        -4         0         2         4         0
        -2         6         0         2        -6        -5        -2         2
         5         2        -2        -5        -2         5         5         2
        -5        -5         2        -2         5        -2         2        -5
         2         5         5        -2        -5        -5         5        -2
         5        -5         2        -5         5         2         5        -5
        -2        -2        -5         2         2         5        -2        -2
        -5         5         2         5        -5        -2         2        -5
         2        -2         5        -2         2         5         2        -2
        -5        -2         5        -5         2        -5         5        -2
         5         2         2        -5        -2        -6        -1         3
         6         1        -3        -6        -1         4         6         1
        -4        -6         0         1         6         0        -1        -6
         0         5         6         0        -5        -6         1         0
         6        -1         0        -6         1         5         6        -1
        -5        -6         3        -1         6        -3         1        -6
         3         4         6        -3        -4        -6         4        -1
         6        -4         1        -6         4         3         6        -4
        -3        -6         5         0         6        -5         0        -6
         5         1         6        -5        -1        -5        -1         0
         5         1         0        -5        -1         6         5         1
        -6        -5         0        -1         5         0         1        -5
         0         6         5         0        -6        -5         6        -1
         5        -6         1        -5         6         0         5        -6
         0        -4        -3         1         4         3        -1        -4
        -3         6         4         3        -6        -4         1        -3
         4        -1         3        -4         1         6         4        -1
        -6        -4         6        -3         4        -6         3        -4
         6         1         4        -6        -1        -3        -4         1
         3         4        -1        -3        -4         6         3         4
        -6        -3         1        -4         3        -1         4        -3
         1         6         3        -1        -6        -3         6        -4
         3        -6         4        -3         6         1         3        -6
        -1        -1        -6         3         1         6        -3        -1
        -6         4         1         6        -4        -1        -5         0
         1         5         0        -1        -5         6         1         5
        -6        -1         0        -5         1         0         5        -1
         0         6         1         0        -6        -1         3        -6
         1        -3         6        -1         3         4         1        -3
        -4        -1         4        -6         1        -4         6        -1
         4         3         1        -4        -3        -1         6        -5
         1        -6         5        -1         6         0         1        -6
         0         0        -6         1         0         6        -1         0
        -6         5         0         6        -5         0        -5        -1
         0         5         1         0        -5         6         0         5
        -6         0        -1        -5         0         1         5         0
        -1         6         0         1        -6        -4        -4         4
         4         4        -4        -4         4        -4         4        -4
         4        -4         4         4         4        -4        -4        -7
         2         2         7        -2        -2        -7         2         3
         7        -2        -3        -7         3         2         7        -3
        -2        -6        -1         2         6         1        -2        -6
        -1         5         6         1        -5        -6         2        -1
         6        -2         1        -6         2         5         6        -2
        -5        -6         5        -1         6        -5         1        -6
         5         2         6        -5        -2        -5        -3         4
         5         3        -4        -5        -2         1         5         2
        -1        -5        -2         6         5         2        -6        -5
         1        -2         5        -1         2        -5         1         6
         5        -1        -6        -5         4        -3         5        -4
         3        -5         4         4         5        -4        -4        -5
         6        -2         5        -6         2        -5         6         1
         5        -6        -1        -4        -4         3         4         4
        -3        -4        -4         5         4         4        -5        -4
         3        -4         4        -3         4        -4         3         5
         4        -3        -5        -4         5        -4         4        -5
         4        -4         5         3         4        -5        -3        -3
        -5         4         3         5        -4        -3        -2        -2
         3         2         2        -3        -2         7         3         2
        -7        -3         4        -5         3        -4         5        -3
         4         4         3        -4        -4        -3         7        -2
         3        -7         2        -2        -5         1         2         5
        -1        -2        -5         6         2         5        -6        -2
        -3        -2         2         3         2        -2        -3         7
         2         3        -7        -2        -2        -3         2         2
         3        -2        -2         7         2         2        -7        -2
         1        -5         2        -1         5        -2         1         6
         2        -1        -6        -2         6        -5         2        -6
         5        -2         6         1         2        -6        -1        -2
         7        -3         2        -7         3        -2         7        -2
         2        -7         2        -1        -6         2         1         6
        -2        -1        -6         5         1         6        -5        -1
         2        -6         1        -2         6        -1         2         5
         1        -2        -5        -1         5        -6         1        -5
         6        -1         5         2         1        -5        -2        -7
         1         3         7        -1        -3        -7         3         1
         7        -3        -1        -7         3         3         7        -3
        -3        -5        -3         3         5         3        -3        -5
        -3         5         5         3        -5        -5         3        -3
         5        -3         3        -5         3         5         5        -3
        -5        -5         5        -3         5        -5         3        -5
         5         3         5        -5        -3        -3        -5         3
         3         5        -3        -3        -5         5         3         5
        -5        -3        -3        -1         3         3         1        -3
        -3         7         3         3        -7        -3        -1        -3
         3         1         3        -3        -1         7         3         1
        -7        -3         3        -5         3        -3         5        -3
         3         5         3        -3        -5        -3         5        -5
         3        -5         5        -3         5         3         3        -5
        -3        -3         7        -3         3        -7         3        -3
         7        -1         3        -7         1        -1        -3        -3
         1         3         3        -1        -3         7         1         3
        -7        -1         7        -3         1        -7         3        -7
         1         2         7        -1        -2        -7         1         4
         7        -1        -4        -7         2         1         7        -2
        -1        -7         2         4         7        -2        -4        -7
         4         1         7        -4        -1        -7         4         2
         7        -4        -2        -4        -2        -1         4         2
         1        -4        -2         7         4         2        -7        -4
        -1        -2         4         1         2        -4        -1         7
         4         1        -7        -4         7        -2         4        -7
         2        -4         7        -1         4        -7         1        -2
        -4        -1         2         4         1        -2        -4         7
         2         4        -7        -2        -1        -4         2         1
         4        -2        -1         7         2         1        -7        -2
         7        -4         2        -7         4        -2         7        -1
         2        -7         1        -1        -4        -2         1         4
         2        -1        -4         7         1         4        -7        -1
        -2        -4         1         2         4        -1        -2         7
         1         2        -7        -1         7        -4         1        -7
         4        -1         7        -2         1        -7         2        -6
        -2         4         6         2        -4        -6         0         0
         6         0         0        -6         0         6         6         0
        -6        -6         4        -2         6        -4         2        -6
         4         4         6        -4        -4        -6         6         0
         6        -6         0        -4        -4         2         4         4
        -2        -4        -4         6         4         4        -6        -4
         2        -4         4        -2         4        -4         2         6
         4        -2        -6        -4         6        -4         4        -6
         4        -4         6         2         4        -6        -2        -2
        -6         4         2         6        -4        -2         4        -6
         2        -4         6        -2         4         4         2        -4
        -4         0        -6         0         0         6         0         0
        -6         6         0         6        -6         0         0        -6
         0         0         6        -7         0         3         7         0
        -3        -7         0         4         7         0        -4        -7
         3         0         7        -3         0        -7         3         4
         7        -3        -4        -7         4         0         7        -4
         0        -7         4         3         7        -4        -3        -6
        -2         3         6         2        -3        -6        -2         5
         6         2        -5        -6        -1         1         6         1
        -1        -6        -1         6         6         1        -6        -6
         1        -1         6        -1         1        -6         1         6
         6        -1        -6        -6         3        -2         6        -3
         2        -6         3         5         6        -3        -5        -6
         5        -2         6        -5         2        -6         5         3
         6        -5        -3        -6         6        -1         6        -6
         1        -6         6         1         6        -6        -1        -5
        -3         2         5         3        -2        -5        -3         6
         5         3        -6        -5         2        -3         5        -2
         3        -5         2         6         5        -2        -6        -5
         6        -3         5        -6         3        -5         6         2
         5        -6        -2        -4        -3         0         4         3
         0        -4        -3         7         4         3        -7        -4
         0        -3         4         0         3        -4         0         7
         4         0        -7        -4         7        -3         4        -7
         3        -4         7         0         4        -7         0        -3
        -5         2         3         5        -2        -3        -5         6
         3         5        -6        -3        -4         0         3         4
         0        -3        -4         7         3         4        -7        -3
         0        -4         3         0         4        -3         0         7
         3         0        -7        -3         2        -5         3        -2
         5        -3         2         6         3        -2        -6        -3
         6        -5         3        -6         5        -3         6         2
         3        -6        -2        -3         7        -4         3        -7
         4        -3         7         0         3        -7         0        -2
        -6         3         2         6        -3        -2        -6         5
         2         6        -5        -2         3        -6         2        -3
         6        -2         3         5         2        -3        -5        -2
         5        -6         2        -5         6        -2         5         3
         2        -5        -3        -1        -6         1         1         6
        -1        -1        -6         6         1         6        -6        -1
         1        -6         1        -1         6        -1         1         6
         1        -1        -6        -1         6        -6         1        -6
         6        -1         6         1         1        -6        -1         0
        -7         3         0         7        -3         0        -7         4
         0         7        -4         0        -4        -3         0         4
         3         0        -4         7         0         4        -7         0
        -3        -4         0         3         4         0        -3         7
         0         3        -7        -7         1         1         7        -1
        -1        -7         1         5         7        -1        -5        -7
         5         1         7        -5        -1        -5        -1        -1
         5         1         1        -5        -1         7         5         1
        -7        -5         7        -1         5        -7         1        -1
        -5        -1         1         5         1        -1        -5         7
         1         5        -7        -1        -1        -5         1         1
         5        -1        -1         7         1         1        -7        -1
         7        -5         1        -7         5        -1         7        -1
         1        -7         1        -7         0         2         7         0
        -2        -7         0         5         7         0        -5        -7
         2         0         7        -2         0        -7         2         5
         7        -2        -5        -7         5         0         7        -5
         0        -7         5         2         7        -5        -2        -5
        -2         0         5         2         0        -5        -2         7
         5         2        -7        -5         0        -2         5         0
         2        -5         0         7         5         0        -7        -5
         7        -2         5        -7         2        -5         7         0
         5        -7         0        -2        -5         0         2         5
         0        -2        -5         7         2         5        -7        -2
         0        -5         2         0         5        -2         0         7
         2         0        -7        -2         7        -5         2        -7
         5        -2         7         0         2        -7         0         0
        -7         2         0         7        -2         0        -7         5
         0         7        -5         0        -5        -2         0         5
         2         0        -5         7         0         5        -7         0
        -2        -5         0         2         5         0        -2         7
         0         2        -7        -6        -2         2         6         2
        -2        -6        -2         6         6         2        -6        -6
         2        -2         6        -2         2        -6         2         6
         6        -2        -6        -6         6        -2         6        -6
         2        -6         6         2         6        -6        -2        -2
        -6         2         2         6        -2        -2        -6         6
         2         6        -6        -2         2        -6         2        -2
         6        -2         2         6         2        -2        -6        -2
         6        -6         2        -6         6        -2         6         2
         2        -6        -2        -7        -1         4         7         1
        -4        -7         4        -1         7        -4         1        -7
         4         4         7        -4        -4        -5        -4         4
         5         4        -4        -5        -4         5         5         4
        -5        -5         4        -4         5        -4         4        -5
         4         5         5        -4        -5        -5         5        -4
         5        -5         4        -5         5         4         5        -5
        -4        -4        -5         4         4         5        -4        -4
        -5         5         4         5        -5        -4        -4         1
         4         4        -1        -4        -4         7         4         4
        -7        -4         1        -4         4        -1         4        -4
         1         7         4        -1        -7        -4         4        -5
         4        -4         5        -4         4         5         4        -4
        -5        -4         5        -5         4        -5         5        -4
         5         4         4        -5        -4        -4         7        -4
         4        -7         4        -4         7         1         4        -7
        -1        -1        -7         4         1         7        -4        -1
         4        -7         1        -4         7        -1         4         4
         1        -4        -4        -7        -1         3         7         1
        -3        -7        -1         5         7         1        -5        -7
         3        -1         7        -3         1        -7         3         5
         7        -3        -5        -7         5        -1         7        -5
         1        -7         5         3         7        -5        -3        -5
        -3         1         5         3        -1        -5        -3         7
         5         3        -7        -5         1        -3         5        -1
         3        -5         1         7         5        -1        -7        -5
         7        -3         5        -7         3        -5         7         1
         5        -7        -1        -3        -5         1         3         5
        -1        -3        -5         7         3         5        -7        -3
         1        -5         3        -1         5        -3         1         7
         3        -1        -7        -3         7        -5         3        -7
         5        -3         7         1         3        -7        -1        -1
        -7         3         1         7        -3        -1        -7         5
         1         7        -5        -1         3        -7         1        -3
         7        -1         3         5         1        -3        -5        -1
         5        -7         1        -5         7        -1         5         3
         1        -5        -3        -8         2         3         8        -2
        -3        -8         3         2         8        -3        -2        -8
         3         3         8        -3        -3        -7         0         1
         7         0        -1        -7         0         6         7         0
        -6        -7         1         0         7        -1         0        -7
         1         6         7        -1        -6        -7         6         0
         7        -6         0        -7         6         1         7        -6
        -1        -6        -3         4         6         3        -4        -6
        -3         5         6         3        -5        -6        -1         0
         6         1         0        -6        -1         7         6         1
        -7        -6         0        -1         6         0         1        -6
         0         7         6         0        -7        -6         4        -3
         6        -4         3        -6         4         5         6        -4
        -5        -6         5        -3         6        -5         3        -6
         5         4         6        -5        -4        -6         7        -1
         6        -7         1        -6         7         0         6        -7
         0        -5        -4         3         5         4        -3        -5
        -4         6         5         4        -6        -5         3        -4
         5        -3         4        -5         3         6         5        -3
        -6        -5         6        -4         5        -6         4        -5
         6         3         5        -6        -3        -4        -5         3
         4         5        -3        -4        -5         6         4         5
        -6        -4         3        -5         4        -3         5        -4
         3         6         4        -3        -6        -4         6        -5
         4        -6         5        -4         6         3         4        -6
        -3        -3        -6         4         3         6        -4        -3
        -6         5         3         6        -5        -3        -3        -2
         3         3         2        -3        -3         8         3         3
        -8        -3        -2        -3         3         2         3        -3
        -2         8         3         2        -8        -3         4        -6
         3        -4         6        -3         4         5         3        -4
        -5        -3         5        -6         3        -5         6        -3
         5         4         3        -5        -4        -3         8        -3
         3        -8         3        -3         8        -2         3        -8
         2        -2        -3        -3         2         3         3        -2
        -3         8         2         3        -8        -2         8        -3
         2        -8         3        -1        -6         0         1         6
         0        -1        -6         7         1         6        -7        -1
         0        -6         1         0         6        -1         0         7
         1         0        -7        -1         7        -6         1        -7
         6        -1         7         0         1        -7         0         0
        -7         1         0         7        -1         0        -7         6
         0         7        -6         0        -6        -1         0         6
         1         0        -6         7         0         6        -7         0
        -1        -6         0         1         6         0        -1         7
         0         1        -7        -8         2         2         8        -2
        -2        -8         2         4         8        -2        -4        -8
         4         2         8        -4        -2        -4        -2        -2
         4         2         2        -4        -2         8         4         2
        -8        -4         8        -2         4        -8         2        -2
        -4        -2         2         4         2        -2        -4         8
         2         4        -8        -2        -2        -4         2         2
         4        -2        -2         8         2         2        -8        -2
         8        -4         2        -8         4        -2         8        -2
         2        -8         2        -8         1         3         8        -1
        -3        -8         1         4         8        -1        -4        -8
         3         1         8        -3        -1        -8         3         4
         8        -3        -4        -8         4         1         8        -4
        -1        -8         4         3         8        -4        -3        -7
        -1         2         7         1        -2        -7        -1         6
         7         1        -6        -7         2        -1         7        -2
         1        -7         2         6         7        -2        -6        -7
         6        -1         7        -6         1        -7         6         2
         7        -6        -2        -6        -3         3         6         3
        -3        -6        -3         6         6         3        -6        -6
        -2         1         6         2        -1        -6        -2         7
         6         2        -7        -6         1        -2         6        -1
         2        -6         1         7         6        -1        -7        -6
         3        -3         6        -3         3        -6         3         6
         6        -3        -6        -6         6        -3         6        -6
         3        -6         6         3         6        -6        -3        -6
         7        -2         6        -7         2        -6         7         1
         6        -7        -1        -4        -3        -1         4         3
         1        -4        -3         8         4         3        -8        -4
        -1        -3         4         1         3        -4        -1         8
         4         1        -8        -4         8        -3         4        -8
         3        -4         8        -1         4        -8         1        -3
        -6         3         3         6        -3        -3        -6         6
         3         6        -6        -3        -4        -1         3         4
         1        -3        -4         8         3         4        -8        -3
        -1        -4         3         1         4        -3        -1         8
         3         1        -8        -3         3        -6         3        -3
         6        -3         3         6         3        -3        -6        -3
         6        -6         3        -6         6        -3         6         3
         3        -6        -3        -3         8        -4         3        -8
         4        -3         8        -1         3        -8         1        -2
        -6         1         2         6        -1        -2        -6         7
         2         6        -7        -2         1        -6         2        -1
         6        -2         1         7         2        -1        -7        -2
         7        -6         2        -7         6        -2         7         1
         2        -7        -1        -1        -7         2         1         7
        -2        -1        -7         6         1         7        -6        -1
        -4        -3         1         4         3        -1        -4         8
         1         4        -8        -1        -3        -4         1         3
         4        -1        -3         8         1         3        -8        -1
         2        -7         1        -2         7        -1         2         6
         1        -2        -6        -1         6        -7         1        -6
         7        -1         6         2         1        -6        -2        -1
         8        -4         1        -8         4        -1         8        -3
         1        -8         3        -8         1         2         8        -1
        -2        -8         1         5         8        -1        -5        -8
         2         1         8        -2        -1        -8         2         5
         8        -2        -5        -8         5         1         8        -5
        -1        -8         5         2         8        -5        -2        -7
        -2         4         7         2        -4        -7        -2         5
         7         2        -5        -7         4        -2         7        -4
         2        -7         4         5         7        -4        -5        -7
         5        -2         7        -5         2        -7         5         4
         7        -5        -4        -5        -4         2         5         4
        -2        -5        -4         7         5         4        -7        -5
        -2        -1         5         2         1        -5        -2         8
         5         2        -8        -5        -1        -2         5         1
         2        -5        -1         8         5         1        -8        -5
         2        -4         5        -2         4        -5         2         7
         5        -2        -7        -5         7        -4         5        -7
         4        -5         7         2         5        -7        -2        -5
         8        -2         5        -8         2        -5         8        -1
         5        -8         1        -4        -5         2         4         5
        -2        -4        -5         7         4         5        -7        -4
         2        -5         4        -2         5        -4         2         7
         4        -2        -7        -4         7        -5         4        -7
         5        -4         7         2         4        -7        -2        -2
        -7         4         2         7        -4        -2        -7         5
         2         7        -5        -2        -5        -1         2         5
         1        -2        -5         8         2         5        -8        -2
        -1        -5         2         1         5        -2        -1         8
         2         1        -8        -2         4        -7         2        -4
         7        -2         4         5         2        -4        -5        -2
         5        -7         2        -5         7        -2         5         4
         2        -5        -4        -2         8        -5         2        -8
         5        -2         8        -1         2        -8         1        -1
        -5        -2         1         5         2        -1        -5         8
         1         5        -8        -1        -2        -5         1         2
         5        -1        -2         8         1         2        -8        -1
         8        -5         1        -8         5        -1         8        -2
         1        -8         2        -8         0         4         8         0
        -4        -8         4         0         8        -4         0        -8
         4         4         8        -4        -4        -4        -4         0
         4         4         0        -4        -4         8         4         4
        -8        -4         0        -4         4         0         4        -4
         0         8         4         0        -8        -4         8        -4
         4        -8         4        -4         8         0         4        -8
         0         0        -8         4         0         8        -4         0
        -4        -4         0         4         4         0        -4         8
         0         4        -8        -8         0         3         8         0
        -3        -8         0         5         8         0        -5        -8
         3         0         8        -3         0        -8         3         5
         8        -3        -5        -8         5         0         8        -5
         0        -8         5         3         8        -5        -3        -7
        -2         3         7         2        -3        -7        -2         6
         7         2        -6        -7         0         0         7         0
         0        -7         0         7         7         0        -7        -7
         3        -2         7        -3         2        -7         3         6
         7        -3        -6        -7         6        -2         7        -6
         2        -7         6         3         7        -6        -3        -7
         7         0         7        -7         0        -6        -3         2
         6         3        -2        -6        -3         7         6         3
        -7        -6         2        -3         6        -2         3        -6
         2         7         6        -2        -7        -6         7        -3
         6        -7         3        -6         7         2         6        -7
        -2        -5        -3         0         5         3         0        -5
        -3         8         5         3        -8        -5         0        -3
         5         0         3        -5         0         8         5         0
        -8        -5         8        -3         5        -8         3        -5
         8         0         5        -8         0        -3        -6         2
         3         6        -2        -3        -6         7         3         6
        -7        -3        -5         0         3         5         0        -3
        -5         8         3         5        -8        -3         0        -5
         3         0         5        -3         0         8         3         0
        -8        -3         2        -6         3        -2         6        -3
         2         7         3        -2        -7        -3         7        -6
         3        -7         6        -3         7         2         3        -7
        -2        -3         8        -5         3        -8         5        -3
         8         0         3        -8         0        -2        -7         3
         2         7        -3        -2        -7         6         2         7
        -6        -2         3        -7         2        -3         7        -2
         3         6         2        -3        -6        -2         6        -7
         2        -6         7        -2         6         3         2        -6
        -3         0        -8         3         0         8        -3         0
        -8         5         0         8        -5         0        -7         0
         0         7         0         0        -7         7         0         7
        -7         0        -5        -3         0         5         3         0
        -5         8         0         5        -8         0        -3        -5
         0         3         5         0        -3         8         0         3
        -8         0         0        -7         0         0         7        -7
        -1         1         7         1        -1        -7        -1         7
         7         1        -7        -7         1        -1         7        -1
         1        -7         1         7         7        -1        -7        -7
         7        -1         7        -7         1        -7         7         1
         7        -7        -1        -5        -5         5         5         5
        -5        -5         5        -5         5        -5         5        -5
         5         5         5        -5        -5        -1        -7         1
         1         7        -1        -1        -7         7         1         7
        -7        -1         1        -7         1        -1         7        -1
         1         7         1        -1        -7        -1         7        -7
         1        -7         7        -1         7         1         1        -7
        -1        -8         1         1         8        -1        -1        -8
         1         6         8        -1        -6        -8         6         1
         8        -6        -1        -6        -4         5         6         4
        -5        -6        -1        -1         6         1         1        -6
        -1         8         6         1        -8        -6         5        -4
         6        -5         4        -6         5         5         6        -5
        -5        -6         8        -1         6        -8         1        -5
        -5         4         5         5        -4        -5        -5         6
         5         5        -6        -5         4        -5         5        -4
         5        -5         4         6         5        -4        -6        -5
         6        -5         5        -6         5        -5         6         4
         5        -6        -4        -4        -6         5         4         6
        -5        -4         5        -6         4        -5         6        -4
         5         5         4        -5        -5        -1        -6        -1
         1         6         1        -1        -6         8         1         6
        -8        -1        -1        -6         1         1         6        -1
        -1         8         1         1        -8        -1         8        -6
         1        -8         6        -1         8        -1         1        -8
         1        -8         0         2         8         0        -2        -8
         0         6         8         0        -6        -8         2         0
         8        -2         0        -8         2         6         8        -2
        -6        -8         6         0         8        -6         0        -8
         6         2         8        -6        -2        -6        -4         4
         6         4        -4        -6        -4         6         6         4
        -6        -6        -2         0         6         2         0        -6
        -2         8         6         2        -8        -6         0        -2
         6         0         2        -6         0         8         6         0
        -8        -6         4        -4         6        -4         4        -6
         4         6         6        -4        -6        -6         6        -4
         6        -6         4        -6         6         4         6        -6
        -4        -6         8        -2         6        -8         2        -6
         8         0         6        -8         0        -4        -6         4
         4         6        -4        -4        -6         6         4         6
        -6        -4         4        -6         4        -4         6        -4
         4         6         4        -4        -6        -4         6        -6
         4        -6         6        -4         6         4         4        -6
        -4        -2        -6         0         2         6         0        -2
        -6         8         2         6        -8        -2         0        -6
         2         0         6        -2         0         8         2         0
        -8        -2         8        -6         2        -8         6        -2
         8         0         2        -8         0         0        -8         2
         0         8        -2         0        -8         6         0         8
        -6         0        -6        -2         0         6         2         0
        -6         8         0         6        -8         0        -2        -6
         0         2         6         0        -2         8         0         2
        -8        -8        -1         4         8         1        -4        -8
        -1         5         8         1        -5        -8         4        -1
         8        -4         1        -8         4         5         8        -4
        -5        -8         5        -1         8        -5         1        -8
         5         4         8        -5        -4        -7        -2         2
         7         2        -2        -7        -2         7         7         2
        -7        -7         2        -2         7        -2         2        -7
         2         7         7        -2        -7        -7         7        -2
         7        -7         2        -7         7         2         7        -7
        -2        -5        -4         1         5         4        -1        -5
        -4         8         5         4        -8        -5         1        -4
         5        -1         4        -5         1         8         5        -1
        -8        -5         8        -4         5        -8         4        -5
         8         1         5        -8        -1        -4        -5         1
         4         5        -1        -4        -5         8         4         5
        -8        -4         1        -5         4        -1         5        -4
         1         8         4        -1        -8        -4         8        -5
         4        -8         5        -4         8         1         4        -8
        -1        -2        -7         2         2         7        -2        -2
        -7         7         2         7        -7        -2         2        -7
         2        -2         7        -2         2         7         2        -2
        -7        -2         7        -7         2        -7         7        -2
         7         2         2        -7        -2        -1        -8         4
         1         8        -4        -1        -8         5         1         8
        -5        -1         4        -8         1        -4         8        -1
         4         5         1        -4        -5        -1         5        -8
         1        -5         8        -1         5         4         1        -5
        -4        -9         3         3         9        -3        -3        -7
        -3         5         7         3        -5        -7         5        -3
         7        -5         3        -7         5         5         7        -5
        -5        -5        -5         3         5         5        -3        -5
        -5         7         5         5        -7        -5         3        -5
         5        -3         5        -5         3         7         5        -3
        -7        -5         7        -5         5        -7         5        -5
         7         3         5        -7        -3        -3        -7         5
         3         7        -5        -3        -3        -3         3         3
         3        -3        -3         9         3         3        -9        -3
         5        -7         3        -5         7        -3         5         5
         3        -5        -5        -3         9        -3         3        -9
         3        -9         2         3         9        -2        -3        -9
         2         4         9        -2        -4        -9         3         2
         9        -3        -2        -9         3         4         9        -3
        -4        -9         4         2         9        -4        -2        -9
         4         3         9        -4        -3        -8        -1         3
         8         1        -3        -8        -1         6         8         1
        -6        -8         3        -1         8        -3         1        -8
         3         6         8        -3        -6        -8         6        -1
         8        -6         1        -8         6         3         8        -6
        -3        -7        -3         4         7         3        -4        -7
        -3         6         7         3        -6        -7         4        -3
         7        -4         3        -7         4         6         7        -4
        -6        -7         6        -3         7        -6         3        -7
         6         4         7        -6        -4        -6        -4         3
         6         4        -3        -6        -4         7         6         4
        -7        -6        -3         1         6         3        -1        -6
        -3         8         6         3        -8        -6         1        -3
         6        -1         3        -6         1         8         6        -1
        -8        -6         3        -4         6        -3         4        -6
         3         7         6        -3        -7        -6         7        -4
         6        -7         4        -6         7         3         6        -7
        -3        -6         8        -3         6        -8         3        -6
         8         1         6        -8        -1        -4        -6         3
         4         6        -3        -4        -6         7         4         6
        -7        -4        -3        -2         4         3         2        -4
        -3         9         4         3        -9        -4        -2        -3
         4         2         3        -4        -2         9         4         2
        -9        -4         3        -6         4        -3         6        -4
         3         7         4        -3        -7        -4         7        -6
         4        -7         6        -4         7         3         4        -7
        -3        -4         9        -3         4        -9         3        -4
         9        -2         4        -9         2        -3        -7         4
         3         7        -4        -3        -7         6         3         7
        -6        -3        -6         1         3         6        -1        -3
        -6         8         3         6        -8        -3        -4        -2
         3         4         2        -3        -4         9         3         4
        -9        -3        -2        -4         3         2         4        -3
        -2         9         3         2        -9        -3         1        -6
         3        -1         6        -3         1         8         3        -1
        -8        -3         4        -7         3        -4         7        -3
         4         6         3        -4        -6        -3         6        -7
         3        -6         7        -3         6         4         3        -6
        -4        -3         8        -6         3        -8         6        -3
         8         1         3        -8        -1        -3         9        -4
         3        -9         4        -3         9        -2         3        -9
         2        -2        -4        -3         2         4         3        -2
        -4         9         2         4        -9        -2        -3        -4
         2         3         4        -2        -3         9         2         3
        -9        -2         9        -4         2        -9         4        -2
         9        -3         2        -9         3        -1        -8         3
         1         8        -3        -1        -8         6         1         8
        -6        -1         3        -8         1        -3         8        -1
         3         6         1        -3        -6        -1         6        -8
         1        -6         8        -1         6         3         1        -6
        -3        -9         1         4         9        -1        -4        -9
         2         2         9        -2        -2        -9         2         5
         9        -2        -5        -9         4         1         9        -4
        -1        -9         4         4         9        -4        -4        -9
         5         2         9        -5        -2        -8         0         1
         8         0        -1        -8         0         7         8         0
        -7        -8         1         0         8        -1         0        -8
         1         7         8        -1        -7        -8         7         0
         8        -7         0        -8         7         1         8        -7
        -1        -7        -1         0         7         1         0        -7
        -1         8         7         1        -8        -7         0        -1
         7         0         1        -7         0         8         7         0
        -8        -7         8        -1         7        -8         1        -7
         8         0         7        -8         0        -5        -2        -2
         5         2         2        -5        -2         9         5         2
        -9        -5         9        -2         5        -9         2        -4
        -4        -1         4         4         1        -4        -4         9
         4         4        -9        -4        -1        -4         4         1
         4        -4        -1         9         4         1        -9        -4
         9        -4         4        -9         4        -4         9        -1
         4        -9         1        -2        -5        -2         2         5
         2        -2        -5         9         2         5        -9        -2
        -2        -5         2         2         5        -2        -2         9
         2         2        -9        -2         9        -5         2        -9
         5        -2         9        -2         2        -9         2        -1
        -7         0         1         7         0        -1        -7         8
         1         7        -8        -1        -4        -4         1         4
         4        -1        -4         9         1         4        -9        -1
         0        -7         1         0         7        -1         0         8
         1         0        -8        -1         8        -7         1        -8
         7        -1         8         0         1        -8         0        -1
         9        -4         1        -9         4         0        -8         1
         0         8        -1         0        -8         7         0         8
        -7         0        -7        -1         0         7         1         0
        -7         8         0         7        -8         0        -1        -7
         0         1         7         0        -1         8         0         1
        -8        -9         1         3         9        -1        -3        -9
         1         5         9        -1        -5        -9         3         1
         9        -3        -1        -9         3         5         9        -3
        -5        -9         5         1         9        -5        -1        -9
         5         3         9        -5        -3        -7        -3         3
         7         3        -3        -7        -3         7         7         3
        -7        -7         3        -3         7        -3         3        -7
         3         7         7        -3        -7        -7         7        -3
         7        -7         3        -7         7         3         7        -7
        -3        -5        -3        -1         5         3         1        -5
        -3         9         5         3        -9        -5        -1        -3
         5         1         3        -5        -1         9         5         1
        -9        -5         9        -3         5        -9         3        -5
         9        -1         5        -9         1        -3        -7         3
         3         7        -3        -3        -7         7         3         7
        -7        -3        -5        -1         3         5         1        -3
        -5         9         3         5        -9        -3        -1        -5
         3         1         5        -3        -1         9         3         1
        -9        -3         3        -7         3        -3         7        -3
         3         7         3        -3        -7        -3         7        -7
         3        -7         7        -3         7         3         3        -7
        -3        -3         9        -5         3        -9         5        -3
         9        -1         3        -9         1        -1        -5        -3
         1         5         3        -1        -5         9         1         5
        -9        -1        -3        -5         1         3         5        -1
        -3         9         1         3        -9        -1         9        -5
         1        -9         5        -1         9        -3         1        -9
         3        -8        -2         5         8         2        -5        -8
        -1         2         8         1        -2        -8        -1         7
         8         1        -7        -8         2        -1         8        -2
         1        -8         2         7         8        -2        -7        -8
         5        -2         8        -5         2        -8         5         5
         8        -5        -5        -8         7        -1         8        -7
         1        -8         7         2         8        -7        -2        -7
        -2         1         7         2        -1        -7        -2         8
         7         2        -8        -7         1        -2         7        -1
         2        -7         1         8         7        -1        -8        -7
         8        -2         7        -8         2        -7         8         1
         7        -8        -1        -5        -5         2         5         5
        -2        -5        -5         8         5         5        -8        -5
         2        -5         5        -2         5        -5         2         8
         5        -2        -8        -5         8        -5         5        -8
         5        -5         8         2         5        -8        -2        -2
        -8         5         2         8        -5        -2        -7         1
         2         7        -1        -2        -7         8         2         7
        -8        -2         1        -7         2        -1         7        -2
         1         8         2        -1        -8        -2         5        -8
         2        -5         8        -2         5         5         2        -5
        -5        -2         8        -7         2        -8         7        -2
         8         1         2        -8        -1        -1        -8         2
         1         8        -2        -1        -8         7         1         8
        -7        -1         2        -8         1        -2         8        -1
         2         7         1        -2        -7        -1         7        -8
         1        -7         8        -1         7         2         1        -7
        -2        -8        -2         4         8         2        -4        -8
        -2         6         8         2        -6        -8         4        -2
         8        -4         2        -8         4         6         8        -4
        -6        -8         6        -2         8        -6         2        -8
         6         4         8        -6        -4        -6        -4         2
         6         4        -2        -6        -4         8         6         4
        -8        -6         2        -4         6        -2         4        -6
         2         8         6        -2        -8        -6         8        -4
         6        -8         4        -6         8         2         6        -8
        -2        -4        -6         2         4         6        -2        -4
        -6         8         4         6        -8        -4         2        -6
         4        -2         6        -4         2         8         4        -2
        -8        -4         8        -6         4        -8         6        -4
         8         2         4        -8        -2        -2        -8         4
         2         8        -4        -2        -8         6         2         8
        -6        -2         4        -8         2        -4         8        -2
         4         6         2        -4        -6        -2         6        -8
         2        -6         8        -2         6         4         2        -6
        -4        -9         0         4         9         0        -4        -9
         0         5         9         0        -5        -9         1         2
         9        -1        -2        -9         1         6         9        -1
        -6        -9         2         1         9        -2        -1        -9
         2         6         9        -2        -6        -9         4         0
         9        -4         0        -9         4         5         9        -4
        -5        -9         5         0         9        -5         0        -9
         5         4         9        -5        -4        -9         6         1
         9        -6        -1        -9         6         2         9        -6
        -2        -6        -5         5         6         5        -5        -6
        -5         6         6         5        -6        -6        -2        -1
         6         2         1        -6        -2         9         6         2
        -9        -6        -1        -2         6         1         2        -6
        -1         9         6         1        -9        -6         5        -5
         6        -5         5        -6         5         6         6        -5
        -6        -6         6        -5         6        -6         5        -6
         6         5         6        -6        -5        -6         9        -2
         6        -9         2        -6         9        -1         6        -9
         1        -5        -6         5         5         6        -5        -5
        -6         6         5         6        -6        -5        -4         0
         5         4         0        -5        -4         9         5         4
        -9        -5         0        -4         5         0         4        -5
         0         9         5         0        -9        -5         5        -6
         5        -5         6        -5         5         6         5        -5
        -6        -5         6        -6         5        -6         6        -5
         6         5         5        -6        -5        -5         9        -4
         5        -9         4        -5         9         0         5        -9
         0        -4        -5         0         4         5         0        -4
        -5         9         4         5        -9        -4         0        -5
         4         0         5        -4         0         9         4         0
        -9        -4         9        -5         4        -9         5        -4
         9         0         4        -9         0        -2        -6        -1
         2         6         1        -2        -6         9         2         6
        -9        -2        -1        -6         2         1         6        -2
        -1         9         2         1        -9        -2         9        -6
         2        -9         6        -2         9        -1         2        -9
         1        -1        -6        -2         1         6         2        -1
        -6         9         1         6        -9        -1        -2        -6
         1         2         6        -1        -2         9         1         2
        -9        -1         9        -6         1        -9         6        -1
         9        -2         1        -9         2         0        -9         4
         0         9        -4         0        -9         5         0         9
        -5         0        -5        -4         0         5         4         0
        -5         9         0         5        -9         0        -4        -5
         0         4         5         0        -4         9         0         4
        -9        -9         0         3         9         0        -3        -9
         0         6         9         0        -6        -9         3         0
         9        -3         0        -9         3         6         9        -3
        -6        -9         6         0         9        -6         0        -9
         6         3         9        -6        -3        -8        -2         3
         8         2        -3        -8        -2         7         8         2
        -7        -8         3        -2         8        -3         2        -8
         3         7         8        -3        -7        -8         7        -2
         8        -7         2        -8         7         3         8        -7
        -3        -7        -4         5         7         4        -5        -7
        -4         6         7         4        -6        -7        -3         2
         7         3        -2        -7        -3         8         7         3
        -8        -7         2        -3         7        -2         3        -7
         2         8         7        -2        -8        -7         5        -4
         7        -5         4        -7         5         6         7        -5
        -6        -7         6        -4         7        -6         4        -7
         6         5         7        -6        -5        -7         8        -3
         7        -8         3        -7         8         2         7        -8
        -2        -6        -5         4         6         5        -4        -6
        -5         7         6         5        -7        -6        -3         0
         6         3         0        -6        -3         9         6         3
        -9        -6         0        -3         6         0         3        -6
         0         9         6         0        -9        -6         4        -5
         6        -4         5        -6         4         7         6        -4
        -7        -6         7        -5         6        -7         5        -6
         7         4         6        -7        -4        -6         9        -3
         6        -9         3        -6         9         0         6        -9
         0        -5        -6         4         5         6        -4        -5
        -6         7         5         6        -7        -5         4        -6
         5        -4         6        -5         4         7         5        -4
        -7        -5         7        -6         5        -7         6        -5
         7         4         5        -7        -4        -4        -7         5
         4         7        -5        -4        -7         6         4         7
        -6        -4         5        -7         4        -5         7        -4
         5         6         4        -5        -6        -4         6        -7
         4        -6         7        -4         6         5         4        -6
        -5        -3        -7         2         3         7        -2        -3
        -7         8         3         7        -8        -3        -6         0
         3         6         0        -3        -6         9         3         6
        -9        -3         0        -6         3         0         6        -3
         0         9         3         0        -9        -3         2        -7
         3        -2         7        -3         2         8         3        -2
        -8        -3         8        -7         3        -8         7        -3
         8         2         3        -8        -2        -3         9        -6
         3        -9         6        -3         9         0         3        -9
         0        -2        -8         3         2         8        -3        -2
        -8         7         2         8        -7        -2         3        -8
         2        -3         8        -2         3         7         2        -3
        -7        -2         7        -8         2        -7         8        -2
         7         3         2        -7        -3         0        -9         3
         0         9        -3         0        -9         6         0         9
        -6         0        -6        -3         0         6         3         0
        -6         9         0         6        -9         0        -3        -6
         0         3         6         0        -3         9         0         3
        -9        -8         0         0         8         0         0        -8
         0         8         8         0        -8        -8         8         0
         8        -8         0         0        -8         0         0         8
         0         0        -8         8         0         8        -8         0
         0        -8         0         0         8        -8        -1         1
         8         1        -1        -8        -1         8         8         1
        -8        -8         1        -1         8        -1         1        -8
         1         8         8        -1        -8        -8         8        -1
         8        -8         1        -8         8         1         8        -8
        -1        -7        -4         4         7         4        -4        -7
        -4         7         7         4        -7        -7         4        -4
         7        -4         4        -7         4         7         7        -4
        -7        -7         7        -4         7        -7         4        -7
         7         4         7        -7        -4        -4        -7         4
         4         7        -4        -4        -7         7         4         7
        -7        -4         4        -7         4        -4         7        -4
         4         7         4        -4        -7        -4         7        -7
         4        -7         7        -4         7         4         4        -7
        -4        -1        -8         1         1         8        -1        -1
        -8         8         1         8        -8        -1         1        -8
         1        -1         8        -1         1         8         1        -1
        -8        -1         8        -8         1        -8         8        -1
         8         1         1        -8        -1        -9        -1         5
         9         1        -5        -9         1         1         9        -1
        -1        -9         1         7         9        -1        -7        -9
         5        -1         9        -5         1        -9         5         5
         9        -5        -5        -9         7         1         9        -7
        -1        -7        -1        -1         7         1         1        -7
        -1         9         7         1        -9        -7         9        -1
         7        -9         1        -5        -5         1         5         5
        -1        -5        -5         9         5         5        -9        -5
         1        -5         5        -1         5        -5         1         9
         5        -1        -9        -5         9        -5         5        -9
         5        -5         9         1         5        -9        -1        -1
        -9         5         1         9        -5        -1        -7        -1
         1         7         1        -1        -7         9         1         7
        -9        -1        -1        -7         1         1         7        -1
        -1         9         1         1        -9        -1         5        -9
         1        -5         9        -1         5         5         1        -5
        -5        -1         9        -7         1        -9         7        -1
         9        -1         1        -9         1       -10         3         3
        10        -3        -3       -10         3         4        10        -3
        -4       -10         4         3        10        -4        -3        -9
        -1         4         9         1        -4        -9        -1         6
         9         1        -6        -9         0         2         9         0
        -2        -9         0         7         9         0        -7        -9
         2         0         9        -2         0        -9         2         7
         9        -2        -7        -9         4        -1         9        -4
         1        -9         4         6         9        -4        -6        -9
         6        -1         9        -6         1        -9         6         4
         9        -6        -4        -9         7         0         9        -7
         0        -9         7         2         9        -7        -2        -8
        -3         5         8         3        -5        -8        -3         6
         8         3        -6        -8         5        -3         8        -5
         3        -8         5         6         8        -5        -6        -8
         6        -3         8        -6         3        -8         6         5
         8        -6        -5        -7        -2         0         7         2
         0        -7        -2         9         7         2        -9        -7
         0        -2         7         0         2        -7         0         9
         7         0        -9        -7         9        -2         7        -9
         2        -7         9         0         7        -9         0        -6
        -5         3         6         5        -3        -6        -5         8
         6         5        -8        -6        -4         1         6         4
        -1        -6        -4         9         6         4        -9        -6
         1        -4         6        -1         4        -6         1         9
         6        -1        -9        -6         3        -5         6        -3
         5        -6         3         8         6        -3        -8        -6
         8        -5         6        -8         5        -6         8         3
         6        -8        -3        -6         9        -4         6        -9
         4        -6         9         1         6        -9        -1        -5
        -6         3         5         6        -3        -5        -6         8
         5         6        -8        -5         3        -6         5        -3
         6        -5         3         8         5        -3        -8        -5
         8        -6         5        -8         6        -5         8         3
         5        -8        -3        -4        -6         1         4         6
        -1        -4        -6         9         4         6        -9        -4
        -3        -3         4         3         3        -4        -3        10
         4         3       -10        -4         1        -6         4        -1
         6        -4         1         9         4        -1        -9        -4
         9        -6         4        -9         6        -4         9         1
         4        -9        -1        -4        10        -3         4       -10
         3        -3        -8         5         3         8        -5        -3
        -8         6         3         8        -6        -3        -4        -3
         3         4         3        -3        -4        10         3         4
       -10        -3        -3        -4         3         3         4        -3
        -3        10         3         3       -10        -3         5        -8
         3        -5         8        -3         5         6         3        -5
        -6        -3         6        -8         3        -6         8        -3
         6         5         3        -6        -5        -3        10        -4
         3       -10         4        -3        10        -3         3       -10
         3        -2        -7         0         2         7         0        -2
        -7         9         2         7        -9        -2         0        -7
         2         0         7        -2         0         9         2         0
        -9        -2         9        -7         2        -9         7        -2
         9         0         2        -9         0        -1        -9         4
         1         9        -4        -1        -9         6         1         9
        -6        -1         4        -9         1        -4         9        -1
         4         6         1        -4        -6        -1         6        -9
         1        -6         9        -1         6         4         1        -6
        -4         0        -9         2         0         9        -2         0
        -9         7         0         9        -7         0        -7        -2
         0         7         2         0        -7         9         0         7
        -9         0        -2        -7         0         2         7         0
        -2         9         0         2        -9       -10         2         4
        10        -2        -4       -10         4         2        10        -4
        -2       -10         4         4        10        -4        -4        -8
        -2         2         8         2        -2        -8        -2         8
         8         2        -8        -8         2        -2         8        -2
         2        -8         2         8         8        -2        -8        -8
         8        -2         8        -8         2        -8         8         2
         8        -8        -2        -4        -4        -2         4         4
         2        -4        -4        10         4         4       -10        -4
        -2        -4         4         2         4        -4        -2        10
         4         2       -10        -4        10        -4         4       -10
         4        -4        10        -2         4       -10         2        -2
        -8         2         2         8        -2        -2        -8         8
         2         8        -8        -2        -4        -4         2         4
         4        -2        -4        10         2         4       -10        -2
         2        -8         2        -2         8        -2         2         8
         2        -2        -8        -2         8        -8         2        -8
         8        -2         8         2         2        -8        -2        -2
        10        -4         2       -10         4       -10         2         3
        10        -2        -3       -10         2         5        10        -2
        -5       -10         3         2        10        -3        -2       -10
         3         5        10        -3        -5       -10         5         2
        10        -5        -2       -10         5         3        10        -5
        -3        -8        -3         4         8         3        -4        -8
        -3         7         8         3        -7        -8         4        -3
         8        -4         3        -8         4         7         8        -4
        -7        -8         7        -3         8        -7         3        -8
         7         4         8        -7        -4        -7        -4         3
         7         4        -3        -7        -4         8         7         4
        -8        -7         3        -4         7        -3         4        -7
         3         8         7        -3        -8        -7         8        -4
         7        -8         4        -7         8         3         7        -8
        -3        -5        -3        -2         5         3         2        -5
        -3        10         5         3       -10        -5        -2        -3
         5         2         3        -5        -2        10         5         2
       -10        -5        10        -3         5       -10         3        -5
        10        -2         5       -10         2        -4        -7         3
         4         7        -3        -4        -7         8         4         7
        -8        -4         3        -7         4        -3         7        -4
         3         8         4        -3        -8        -4         8        -7
         4        -8         7        -4         8         3         4        -8
        -3        -3        -8         4         3         8        -4        -3
        -8         7         3         8        -7        -3        -5        -2
         3         5         2        -3        -5        10         3         5
       -10        -3        -2        -5         3         2         5        -3
        -2        10         3         2       -10        -3         4        -8
         3        -4         8        -3         4         7         3        -4
        -7        -3         7        -8         3        -7         8        -3
         7         4         3        -7        -4        -3        10        -5
         3       -10         5        -3        10        -2         3       -10
         2        -2        -5        -3         2         5         3        -2
        -5        10         2         5       -10        -2        -3        -5
         2         3         5        -2        -3        10         2         3
       -10        -2        10        -5         2       -10         5        -2
        10        -3         2       -10         3        -9        -1         3
         9         1        -3        -9        -1         7         9         1
        -7        -9         3        -1         9        -3         1        -9
         3         7         9        -3        -7        -9         7        -1
         9        -7         1        -9         7         3         9        -7
        -3        -7        -3         1         7         3        -1        -7
        -3         9         7         3        -9        -7         1        -3
         7        -1         3        -7         1         9         7        -1
        -9        -7         9        -3         7        -9         3        -7
         9         1         7        -9        -1        -3        -7         1
         3         7        -1        -3        -7         9         3         7
        -9        -3         1        -7         3        -1         7        -3
         1         9         3        -1        -9        -3         9        -7
         3        -9         7        -3         9         1         3        -9
        -1        -1        -9         3         1         9        -3        -1
        -9         7         1         9        -7        -1         3        -9
         1        -3         9        -1         3         7         1        -3
        -7        -1         7        -9         1        -7         9        -1
         7         3         1        -7        -3       -10         1         4
        10        -1        -4       -10         1         5        10        -1
        -5       -10         4         1        10        -4        -1       -10
         4         5        10        -4        -5       -10         5         1
        10        -5        -1       -10         5         4        10        -5
        -4        -5        -4        -1         5         4         1        -5
        -4        10         5         4       -10        -5        -1        -4
         5         1         4        -5        -1        10         5         1
       -10        -5        10        -4         5       -10         4        -5
        10        -1         5       -10         1        -4        -5        -1
         4         5         1        -4        -5        10         4         5
       -10        -4        -1        -5         4         1         5        -4
        -1        10         4         1       -10        -4        10        -5
         4       -10         5        -4        10        -1         4       -10
         1        -1        -5        -4         1         5         4        -1
        -5        10         1         5       -10        -1        -4        -5
         1         4         5        -1        -4        10         1         4
       -10        -1        10        -5         1       -10         5        -1
        10        -4         1       -10         4       -10         2         2
        10        -2        -2       -10         2         6        10        -2
        -6       -10         6         2        10        -6        -2        -6
        -6         6         6         6        -6        -6        -2        -2
         6         2         2        -6        -2        10         6         2
       -10        -6         6        -6         6        -6         6        -6
         6         6         6        -6        -6        -6        10        -2
         6       -10         2        -2        -6        -2         2         6
         2        -2        -6        10         2         6       -10        -2
        -2        -6         2         2         6        -2        -2        10
         2         2       -10        -2        10        -6         2       -10
         6        -2        10        -2         2       -10         2       -10
         1         3        10        -1        -3       -10         1         6
        10        -1        -6       -10         3         1        10        -3
        -1       -10         3         6        10        -3        -6       -10
         6         1        10        -6        -1       -10         6         3
        10        -6        -3        -9        -2         5         9         2
        -5        -9        -2         6         9         2        -6        -9
         0         1         9         0        -1        -9         0         8
         9         0        -8        -9         1         0         9        -1
         0        -9         1         8         9        -1        -8        -9
         5        -2         9        -5         2        -9         5         6
         9        -5        -6        -9         6        -2         9        -6
         2        -9         6         5         9        -6        -5        -9
         8         0         9        -8         0        -9         8         1
         9        -8        -1        -8        -3         3         8         3
        -3        -8        -3         8         8         3        -8        -8
        -1         0         8         1         0        -8        -1         9
         8         1        -9        -8         0        -1         8         0
         1        -8         0         9         8         0        -9        -8
         3        -3         8        -3         3        -8         3         8
         8        -3        -8        -8         8        -3         8        -8
         3        -8         8         3         8        -8        -3        -8
         9        -1         8        -9         1        -8         9         0
         8        -9         0        -7        -5         6         7         5
        -6        -7         6        -5         7        -6         5        -7
         6         6         7        -6        -6        -6        -6         5
         6         6        -5        -6        -6         7         6         6
        -7        -6        -5         2         6         5        -2        -6
        -5         9         6         5        -9        -6        -3        -1
         6         3         1        -6        -3        10         6         3
       -10        -6        -1        -3         6         1         3        -6
        -1        10         6         1       -10        -6         2        -5
         6        -2         5        -6         2         9         6        -2
        -9        -6         5        -6         6        -5         6        -6
         5         7         6        -5        -7        -6         7        -6
         6        -7         6        -6         7         5         6        -7
        -5        -6         9        -5         6        -9         5        -6
         9         2         6        -9        -2        -6        10        -3
         6       -10         3        -6        10        -1         6       -10
         1        -5        -7         6         5         7        -6        -5
        -6         2         5         6        -2        -5        -6         9
         5         6        -9        -5         2        -6         5        -2
         6        -5         2         9         5        -2        -9        -5
         6        -7         5        -6         7        -5         6         6
         5        -6        -6        -5         9        -6         5        -9
         6        -5         9         2         5        -9        -2        -3
        -8         3         3         8        -3        -3        -8         8
         3         8        -8        -3        -6        -1         3         6
         1        -3        -6        10         3         6       -10        -3
        -1        -6         3         1         6        -3        -1        10
         3         1       -10        -3         3        -8         3        -3
         8        -3         3         8         3        -3        -8        -3
         8        -8         3        -8         8        -3         8         3
         3        -8        -3        -3        10        -6         3       -10
         6        -3        10        -1         3       -10         1        -2
        -9         5         2         9        -5        -2        -9         6
         2         9        -6        -2         5        -9         2        -5
         9        -2         5         6         2        -5        -6        -2
         6        -9         2        -6         9        -2         6         5
         2        -6        -5        -1        -8         0         1         8
         0        -1        -8         9         1         8        -9        -1
        -6        -3         1         6         3        -1        -6        10
         1         6       -10        -1        -3        -6         1         3
         6        -1        -3        10         1         3       -10        -1
         0        -8         1         0         8        -1         0         9
         1         0        -9        -1         9        -8         1        -9
         8        -1         9         0         1        -9         0        -1
        10        -6         1       -10         6        -1        10        -3
         1       -10         3         0        -9         1         0         9
        -1         0        -9         8         0         9        -8         0
        -8        -1         0         8         1         0        -8         9
         0         8        -9         0        -1        -8         0         1
         8         0        -1         9         0         1        -9        -7
        -5         5         7         5        -5        -7        -5         7
         7         5        -7        -7         5        -5         7        -5
         5        -7         5         7         7        -5        -7        -7
         7        -5         7        -7         5        -7         7         5
         7        -7        -5        -5        -7         5         5         7
        -5        -5        -7         7         5         7        -7        -5
         5        -7         5        -5         7        -5         5         7
         5        -5        -7        -5         7        -7         5        -7
         7        -5         7         5         5        -7        -5       -10
         0         5        10         0        -5       -10         5         0
        10        -5         0       -10         5         5        10        -5
        -5        -9        -2         4         9         2        -4        -9
        -2         7         9         2        -7        -9        -1         2
         9         1        -2        -9        -1         8         9         1
        -8        -9         2        -1         9        -2         1        -9
         2         8         9        -2        -8        -9         4        -2
         9        -4         2        -9         4         7         9        -4
        -7        -9         7        -2         9        -7         2        -9
         7         4         9        -7        -4        -9         8        -1
         9        -8         1        -9         8         2         9        -8
        -2        -8        -2         1         8         2        -1        -8
        -2         9         8         2        -9        -8         1        -2
         8        -1         2        -8         1         9         8        -1
        -9        -8         9        -2         8        -9         2        -8
         9         1         8        -9        -1        -7        -4         2
         7         4        -2        -7        -4         9         7         4
        -9        -7         2        -4         7        -2         4        -7
         2         9         7        -2        -9        -7         9        -4
         7        -9         4        -7         9         2         7        -9
        -2        -5        -5         0         5         5         0        -5
        -5        10         5         5       -10        -5         0        -5
         5         0         5        -5         0        10         5         0
       -10        -5        10        -5         5       -10         5        -5
        10         0         5       -10         0        -4        -7         2
         4         7        -2        -4        -7         9         4         7
        -9        -4         2        -7         4        -2         7        -4
         2         9         4        -2        -9        -4         9        -7
         4        -9         7        -4         9         2         4        -9
        -2        -2        -9         4         2         9        -4        -2
        -9         7         2         9        -7        -2        -8         1
         2         8        -1        -2        -8         9         2         8
        -9        -2         1        -8         2        -1         8        -2
         1         9         2        -1        -9        -2         4        -9
         2        -4         9        -2         4         7         2        -4
        -7        -2         7        -9         2        -7         9        -2
         7         4         2        -7        -4        -2         9        -8
         2        -9         8        -2         9         1         2        -9
        -1        -1        -9         2         1         9        -2        -1
        -9         8         1         9        -8        -1         2        -9
         1        -2         9        -1         2         8         1        -2
        -8        -1         8        -9         1        -8         9        -1
         8         2         1        -8        -2         0       -10         5
         0        10        -5         0        -5        -5         0         5
         5         0        -5        10         0         5       -10       -10
         0         4        10         0        -4       -10         0         6
        10         0        -6       -10         4         0        10        -4
         0       -10         4         6        10        -4        -6       -10
         6         0        10        -6         0       -10         6         4
        10        -6        -4        -8        -4         6         8         4
        -6        -8         6        -4         8        -6         4        -8
         6         6         8        -6        -6        -6        -6         4
         6         6        -4        -6        -6         8         6         6
        -8        -6        -4         0         6         4         0        -6
        -4        10         6         4       -10        -6         0        -4
         6         0         4        -6         0        10         6         0
       -10        -6         4        -6         6        -4         6        -6
         4         8         6        -4        -8        -6         8        -6
         6        -8         6        -6         8         4         6        -8
        -4        -6        10        -4         6       -10         4        -6
        10         0         6       -10         0        -4        -8         6
         4         8        -6        -4        -6         0         4         6
         0        -4        -6        10         4         6       -10        -4
         0        -6         4         0         6        -4         0        10
         4         0       -10        -4         6        -8         4        -6
         8        -4         6         6         4        -6        -6        -4
        10        -6         4       -10         6        -4        10         0
         4       -10         0         0       -10         4         0        10
        -4         0       -10         6         0        10        -6         0
        -6        -4         0         6         4         0        -6        10
         0         6       -10         0        -4        -6         0         4
         6         0        -4        10         0         4       -10       -10
         1         2        10        -1        -2       -10         1         7
        10        -1        -7       -10         2         1        10        -2
        -1       -10         2         7        10        -2        -7       -10
         7         1        10        -7        -1       -10         7         2
        10        -7        -2        -8        -4         5         8         4
        -5        -8        -4         7         8         4        -7        -8
         5        -4         8        -5         4        -8         5         7
         8        -5        -7        -8         7        -4         8        -7
         4        -8         7         5         8        -7        -5        -7
        -5         4         7         5        -4        -7        -5         8
         7         5        -8        -7        -2        -1         7         2
         1        -7        -2        10         7         2       -10        -7
        -1        -2         7         1         2        -7        -1        10
         7         1       -10        -7         4        -5         7        -4
         5        -7         4         8         7        -4        -8        -7
         8        -5         7        -8         5        -7         8         4
         7        -8        -4        -7        10        -2         7       -10
         2        -7        10        -1         7       -10         1        -5
        -7         4         5         7        -4        -5        -7         8
         5         7        -8        -5         4        -7         5        -4
         7        -5         4         8         5        -4        -8        -5
         8        -7         5        -8         7        -5         8         4
         5        -8        -4        -4        -8         5         4         8
        -5        -4        -8         7         4         8        -7        -4
         5        -8         4        -5         8        -4         5         7
         4        -5        -7        -4         7        -8         4        -7
         8        -4         7         5         4        -7        -5        -2
        -7        -1         2         7         1        -2        -7        10
         2         7       -10        -2        -1        -7         2         1
         7        -2        -1        10         2         1       -10        -2
        10        -7         2       -10         7        -2        10        -1
         2       -10         1        -1        -7        -2         1         7
         2        -1        -7        10         1         7       -10        -1
        -2        -7         1         2         7        -1        -2        10
         1         2       -10        -1        10        -7         1       -10
         7        -1        10        -2         1       -10         2       -10
         0         3        10         0        -3       -10         0         7
        10         0        -7       -10         3         0        10        -3
         0       -10         3         7        10        -3        -7       -10
         7         0        10        -7         0       -10         7         3
        10        -7        -3        -9        -2         3         9         2
        -3        -9        -2         8         9         2        -8        -9
         3        -2         9        -3         2        -9         3         8
         9        -3        -8        -9         8        -2         9        -8
         2        -9         8         3         9        -8        -3        -8
        -3         2         8         3        -2        -8        -3         9
         8         3        -9        -8         2        -3         8        -2
         3        -8         2         9         8        -2        -9        -8
         9        -3         8        -9         3        -8         9         2
         8        -9        -2        -7        -3         0         7         3
         0        -7        -3        10         7         3       -10        -7
         0        -3         7         0         3        -7         0        10
         7         0       -10        -7        10        -3         7       -10
         3        -7        10         0         7       -10         0        -3
        -8         2         3         8        -2        -3        -8         9
         3         8        -9        -3        -7         0         3         7
         0        -3        -7        10         3         7       -10        -3
         0        -7         3         0         7        -3         0        10
         3         0       -10        -3         2        -8         3        -2
         8        -3         2         9         3        -2        -9        -3
         9        -8         3        -9         8        -3         9         2
         3        -9        -2        -3        10        -7         3       -10
         7        -3        10         0         3       -10         0        -2
        -9         3         2         9        -3        -2        -9         8
         2         9        -8        -2         3        -9         2        -3
         9        -2         3         8         2        -3        -8        -2
         8        -9         2        -8         9        -2         8         3
         2        -8        -3         0       -10         3         0        10
        -3         0       -10         7         0        10        -7         0
        -7        -3         0         7         3         0        -7        10
         0         7       -10         0        -3        -7         0         3
         7         0        -3        10         0         3       -10        -8
        -4         4         8         4        -4        -8        -4         8
         8         4        -8        -8         4        -4         8        -4
         4        -8         4         8         8        -4        -8        -8
         8        -4         8        -8         4        -8         8         4
         8        -8        -4        -4        -8         4         4         8
        -4        -4        -8         8         4         8        -8        -4
         4        -8         4        -4         8        -4         4         8
         4        -4        -8        -4         8        -8         4        -8
         8        -4         8         4         4        -8        -4       -11
         3         4        11        -3        -4       -11         4         3
        11        -4        -3       -11         4         4        11        -4
        -4       -10        -1         5        10         1        -5       -10
        -1         6        10         1        -6       -10         5        -1
        10        -5         1       -10         5         6        10        -5
        -6       -10         6        -1        10        -6         1       -10
         6         5        10        -6        -5        -9        -3         6
         9         3        -6        -9         0         0         9         0
         0        -9         0         9         9         0        -9        -9
         6        -3         9        -6         3        -9         6         6
         9        -6        -6        -9         9         0         9        -9
         0        -6        -6         3         6         6        -3        -6
        -6         9         6         6        -9        -6        -5         1
         6         5        -1        -6        -5        10         6         5
       -10        -6         1        -5         6        -1         5        -6
         1        10         6        -1       -10        -6         3        -6
         6        -3         6        -6         3         9         6        -3
        -9        -6         9        -6         6        -9         6        -6
         9         3         6        -9        -3        -6        10        -5
         6       -10         5        -6        10         1         6       -10
        -1        -5        -6         1         5         6        -1        -5
        -6        10         5         6       -10        -5         1        -6
         5        -1         6        -5         1        10         5        -1
       -10        -5        10        -6         5       -10         6        -5
        10         1         5       -10        -1        -4        -4        -3
         4         4         3        -4        -4        11         4         4
       -11        -4        -3        -4         4         3         4        -4
        -3        11         4         3       -11        -4        11        -4
         4       -11         4        -4        11        -3         4       -11
         3        -3        -9         6         3         9        -6        -3
        -4        -4         3         4         4        -3        -4        11
         3         4       -11        -3         6        -9         3        -6
         9        -3         6         6         3        -6        -6        -3
        11        -4         3       -11         4        -1       -10         5
         1        10        -5        -1       -10         6         1        10
        -6        -1         5       -10         1        -5        10        -1
         5         6         1        -5        -6        -1         6       -10
         1        -6        10        -1         6         5         1        -6
        -5         0        -9         0         0         9         0         0
        -9         9         0         9        -9         0         0        -9
         0         0         9       -11         3         3        11        -3
        -3       -11         3         5        11        -3        -5       -11
         5         3        11        -5        -3        -9        -3         5
         9         3        -5        -9        -3         7         9         3
        -7        -9        -1         1         9         1        -1        -9
        -1         9         9         1        -9        -9         1        -1
         9        -1         1        -9         1         9         9        -1
        -9        -9         5        -3         9        -5         3        -9
         5         7         9        -5        -7        -9         7        -3
         9        -7         3        -9         7         5         9        -7
        -5        -9         9        -1         9        -9         1        -9
         9         1         9        -9        -1        -7        -5         3
         7         5        -3        -7        -5         9         7         5
        -9        -7         3        -5         7        -3         5        -7
         3         9         7        -3        -9        -7         9        -5
         7        -9         5        -7         9         3         7        -9
        -3        -5        -7         3         5         7        -3        -5
        -7         9         5         7        -9        -5        -3        -3
         5         3         3        -5        -3        11         5         3
       -11        -5         3        -7         5        -3         7        -5
         3         9         5        -3        -9        -5         9        -7
         5        -9         7        -5         9         3         5        -9
        -3        -5        11        -3         5       -11         3        -3
        -9         5         3         9        -5        -3        -9         7
         3         9        -7        -3        -5        -3         3         5
         3        -3        -5        11         3         5       -11        -3
        -3        -5         3         3         5        -3        -3        11
         3         3       -11        -3         5        -9         3        -5
         9        -3         5         7         3        -5        -7        -3
         7        -9         3        -7         9        -3         7         5
         3        -7        -5        -3        11        -5         3       -11
         5        -3        11        -3         3       -11         3        -1
        -9         1         1         9        -1        -1        -9         9
         1         9        -9        -1         1        -9         1        -1
         9        -1         1         9         1        -1        -9        -1
         9        -9         1        -9         9        -1         9         1
         1        -9        -1       -11         2         4        11        -2
        -4       -11         2         5        11        -2        -5       -11
         4         2        11        -4        -2       -11         4         5
        11        -4        -5       -11         5         2        11        -5
        -2       -11         5         4        11        -5        -4       -10
        -1         4        10         1        -4       -10        -1         7
        10         1        -7       -10         1         1        10        -1
        -1       -10         1         8        10        -1        -8       -10
         4        -1        10        -4         1       -10         4         7
        10        -4        -7       -10         7        -1        10        -7
         1       -10         7         4        10        -7        -4       -10
         8         1        10        -8        -1        -8        -1        -1
         8         1         1        -8        -1        10         8         1
       -10        -8        10        -1         8       -10         1        -7
        -4         1         7         4        -1        -7        -4        10
         7         4       -10        -7         1        -4         7        -1
         4        -7         1        10         7        -1       -10        -7
        10        -4         7       -10         4        -7        10         1
         7       -10        -1        -5        -4        -2         5         4
         2        -5        -4        11         5         4       -11        -5
        -2        -4         5         2         4        -5        -2        11
         5         2       -11        -5        11        -4         5       -11
         4        -5        11        -2         5       -11         2        -4
        -7         1         4         7        -1        -4        -7        10
         4         7       -10        -4        -5        -2         4         5
         2        -4        -5        11         4         5       -11        -4
        -2        -5         4         2         5        -4        -2        11
         4         2       -11        -4         1        -7         4        -1
         7        -4         1        10         4        -1       -10        -4
        10        -7         4       -10         7        -4        10         1
         4       -10        -1        -4        11        -5         4       -11
         5        -4        11        -2         4       -11         2        -2
        -5        -4         2         5         4        -2        -5        11
         2         5       -11        -2        -4        -5         2         4
         5        -2        -4        11         2         4       -11        -2
        11        -5         2       -11         5        -2        11        -4
         2       -11         4        -1       -10         4         1        10
        -4        -1       -10         7         1        10        -7        -1
        -8        -1         1         8         1        -1        -8        10
         1         8       -10        -1        -1        -8         1         1
         8        -1        -1        10         1         1       -10        -1
         4       -10         1        -4        10        -1         4         7
         1        -4        -7        -1         7       -10         1        -7
        10        -1         7         4         1        -7        -4        -1
        10        -8         1       -10         8        -1        10        -1
         1       -10         1       -10         0         2        10         0
        -2       -10         0         8        10         0        -8       -10
         2         0        10        -2         0       -10         2         8
        10        -2        -8       -10         8         0        10        -8
         0       -10         8         2        10        -8        -2        -8
        -2         0         8         2         0        -8        -2        10
         8         2       -10        -8         0        -2         8         0
         2        -8         0        10         8         0       -10        -8
        10        -2         8       -10         2        -8        10         0
         8       -10         0        -2        -8         0         2         8
         0        -2        -8        10         2         8       -10        -2
         0        -8         2         0         8        -2         0        10
         2         0       -10        -2        10        -8         2       -10
         8        -2        10         0         2       -10         0         0
       -10         2         0        10        -2         0       -10         8
         0        10        -8         0        -8        -2         0         8
         2         0        -8        10         0         8       -10         0
        -2        -8         0         2         8         0        -2        10
         0         2       -10       -11         2         3        11        -2
        -3       -11         2         6        11        -2        -6       -11
         3         2        11        -3        -2       -11         3         6
        11        -3        -6       -11         6         2        11        -6
        -2       -11         6         3        11        -6        -3        -9
        -3         4         9         3        -4        -9        -3         8
         9         3        -8        -9        -2         2         9         2
        -2        -9        -2         9         9         2        -9        -9
         2        -2         9        -2         2        -9         2         9
         9        -2        -9        -9         4        -3         9        -4
         3        -9         4         8         9        -4        -8        -9
         8        -3         9        -8         3        -9         8         4
         9        -8        -4        -9         9        -2         9        -9
         2        -9         9         2         9        -9        -2        -8
        -4         3         8         4        -3        -8        -4         9
         8         4        -9        -8         3        -4         8        -3
         4        -8         3         9         8        -3        -9        -8
         9        -4         8        -9         4        -8         9         3
         8        -9        -3        -7        -6         6         7         6
        -6        -7        -6         7         7         6        -7        -7
         6        -6         7        -6         6        -7         6         7
         7        -6        -7        -7         7        -6         7        -7
         6        -7         7         6         7        -7        -6        -6
        -7         6         6         7        -6        -6        -7         7
         6         7        -7        -6        -3        -2         6         3
         2        -6        -3        11         6         3       -11        -6
        -2        -3         6         2         3        -6        -2        11
         6         2       -11        -6         6        -7         6        -6
         7        -6         6         7         6        -6        -7        -6
         7        -7         6        -7         7        -6         7         6
         6        -7        -6        -6        11        -3         6       -11
         3        -6        11        -2         6       -11         2        -4
        -8         3         4         8        -3        -4        -8         9
         4         8        -9        -4         3        -8         4        -3
         8        -4         3         9         4        -3        -9        -4
         9        -8         4        -9         8        -4         9         3
         4        -9        -3        -3        -9         4         3         9
        -4        -3        -9         8         3         9        -8        -3
        -6        -2         3         6         2        -3        -6        11
         3         6       -11        -3        -2        -6         3         2
         6        -3        -2        11         3         2       -11        -3
         4        -9         3        -4         9        -3         4         8
         3        -4        -8        -3         8        -9         3        -8
         9        -3         8         4         3        -8        -4        -3
        11        -6         3       -11         6        -3        11        -2
         3       -11         2        -2        -9         2         2         9
        -2        -2        -9         9         2         9        -9        -2
        -6        -3         2         6         3        -2        -6        11
         2         6       -11        -2        -3        -6         2         3
         6        -2        -3        11         2         3       -11        -2
         2        -9         2        -2         9        -2         2         9
         2        -2        -9        -2         9        -9         2        -9
         9        -2         9         2         2        -9        -2        -2
        11        -6         2       -11         6        -2        11        -3
         2       -11         3       -11         1         5        11        -1
        -5       -11         5         1        11        -5        -1       -11
         5         5        11        -5        -5        -5        -5        -1
         5         5         1        -5        -5        11         5         5
       -11        -5        -1        -5         5         1         5        -5
        -1        11         5         1       -11        -5        11        -5
         5       -11         5        -5        11        -1         5       -11
         1        -1        -5        -5         1         5         5        -1
        -5        11         1         5       -11        -1        11        -5
         1       -11         5       -11         1         4        11        -1
        -4       -11         1         6        11        -1        -6       -11
         4         1        11        -4        -1       -11         4         6
        11        -4        -6       -11         6         1        11        -6
        -1       -11         6         4        11        -6        -4       -10
        -1         3        10         1        -3       -10        -1         8
        10         1        -8       -10         3        -1        10        -3
         1       -10         3         8        10        -3        -8       -10
         8        -1        10        -8         1       -10         8         3
        10        -8        -3        -8        -5         6         8         5
        -6        -8        -5         7         8         5        -7        -8
        -3         1         8         3        -1        -8        -3        10
         8         3       -10        -8         1        -3         8        -1
         3        -8         1        10         8        -1       -10        -8
         6        -5         8        -6         5        -8         6         7
         8        -6        -7        -8         7        -5         8        -7
         5        -8         7         6         8        -7        -6        -8
        10        -3         8       -10         3        -8        10         1
         8       -10        -1        -7        -6         5         7         6
        -5        -7        -6         8         7         6        -8        -7
         5        -6         7        -5         6        -7         5         8
         7        -5        -8        -7         8        -6         7        -8
         6        -7         8         5         7        -8        -5        -6
        -7         5         6         7        -5        -6        -7         8
         6         7        -8        -6        -4        -1         6         4
         1        -6        -4        11         6         4       -11        -6
        -1        -4         6         1         4        -6        -1        11
         6         1       -11        -6         5        -7         6        -5
         7        -6         5         8         6        -5        -8        -6
         8        -7         6        -8         7        -6         8         5
         6        -8        -5        -6        11        -4         6       -11
         4        -6        11        -1         6       -11         1        -5
        -8         6         5         8        -6        -5        -8         7
         5         8        -7        -5         6        -8         5        -6
         8        -5         6         7         5        -6        -7        -5
         7        -8         5        -7         8        -5         7         6
         5        -7        -6        -4        -6        -1         4         6
         1        -4        -6        11         4         6       -11        -4
        -1        -6         4         1         6        -4        -1        11
         4         1       -11        -4        11        -6         4       -11
         6        -4        11        -1         4       -11         1        -3
        -8         1         3         8        -1        -3        -8        10
         3         8       -10        -3         1        -8         3        -1
         8        -3         1        10         3        -1       -10        -3
        10        -8         3       -10         8        -3        10         1
         3       -10        -1        -1       -10         3         1        10
        -3        -1       -10         8         1        10        -8        -1
        -6        -4         1         6         4        -1        -6        11
         1         6       -11        -1        -4        -6         1         4
         6        -1        -4        11         1         4       -11        -1
         3       -10         1        -3        10        -1         3         8
         1        -3        -8        -1         8       -10         1        -8
        10        -1         8         3         1        -8        -3        -1
        11        -6         1       -11         6        -1        11        -4
         1       -11         4       -10        -2         6        10         2
        -6       -10         6        -2        10        -6         2       -10
         6         6        10        -6        -6        -6        -6         2
         6         6        -2        -6        -6        10         6         6
       -10        -6         2        -6         6        -2         6        -6
         2        10         6        -2       -10        -6        10        -6
         6       -10         6        -6        10         2         6       -10
        -2        -2       -10         6         2        10        -6        -2
         6       -10         2        -6        10        -2         6         6
         2        -6        -6       -11         2         2        11        -2
        -2       -11         2         7        11        -2        -7       -11
         7         2        11        -7        -2       -10        -2         5
        10         2        -5       -10        -2         7        10         2
        -7       -10         5        -2        10        -5         2       -10
         5         7        10        -5        -7       -10         7        -2
        10        -7         2       -10         7         5        10        -7
        -5        -8        -5         5         8         5        -5        -8
        -5         8         8         5        -8        -8         5        -5
         8        -5         5        -8         5         8         8        -5
        -8        -8         8        -5         8        -8         5        -8
         8         5         8        -8        -5        -7        -5         2
         7         5        -2        -7        -5        10         7         5
       -10        -7        -2        -2         7         2         2        -7
        -2        11         7         2       -11        -7         2        -5
         7        -2         5        -7         2        10         7        -2
       -10        -7        10        -5         7       -10         5        -7
        10         2         7       -10        -2        -7        11        -2
         7       -11         2        -5        -8         5         5         8
        -5        -5        -8         8         5         8        -8        -5
        -7         2         5         7        -2        -5        -7        10
         5         7       -10        -5         2        -7         5        -2
         7        -5         2        10         5        -2       -10        -5
         5        -8         5        -5         8        -5         5         8
         5        -5        -8        -5         8        -8         5        -8
         8        -5         8         5         5        -8        -5        -5
        10        -7         5       -10         7        -5        10         2
         5       -10        -2        -2       -10         5         2        10
        -5        -2       -10         7         2        10        -7        -2
        -7        -2         2         7         2        -2        -7        11
         2         7       -11        -2        -2        -7         2         2
         7        -2        -2        11         2         2       -11        -2
         5       -10         2        -5        10        -2         5         7
         2        -5        -7        -2         7       -10         2        -7
        10        -2         7         5         2        -7        -5        -2
        11        -7         2       -11         7        -2        11        -2
         2       -11         2       -11         1         3        11        -1
        -3       -11         1         7        11        -1        -7       -11
         3         1        11        -3        -1       -11         3         7
        11        -3        -7       -11         7         1        11        -7
        -1       -11         7         3        11        -7        -3        -9
        -3         3         9         3        -3        -9        -3         9
         9         3        -9        -9         3        -3         9        -3
         3        -9         3         9         9        -3        -9        -9
         9        -3         9        -9         3        -9         9         3
         9        -9        -3        -7        -3        -1         7         3
         1        -7        -3        11         7         3       -11        -7
        -1        -3         7         1         3        -7        -1        11
         7         1       -11        -7        11        -3         7       -11
         3        -7        11        -1         7       -11         1        -3
        -9         3         3         9        -3        -3        -9         9
         3         9        -9        -3        -7        -1         3         7
         1        -3        -7        11         3         7       -11        -3
        -1        -7         3         1         7        -3        -1        11
         3         1       -11        -3         3        -9         3        -3
         9        -3         3         9         3        -3        -9        -3
         9        -9         3        -9         9        -3         9         3
         3        -9        -3        -3        11        -7         3       -11
         7        -3        11        -1         3       -11         1        -1
        -7        -3         1         7         3        -1        -7        11
         1         7       -11        -1        -3        -7         1         3
         7        -1        -3        11         1         3       -11        -1
        11        -7         1       -11         7        -1        11        -3
         1       -11         3       -11         0         5        11         0
        -5       -11         0         6        11         0        -6       -11
         5         0        11        -5         0       -11         5         6
        11        -5        -6       -11         6         0        11        -6
         0       -11         6         5        11        -6        -5       -10
         0         1        10         0        -1       -10         0         9
        10         0        -9       -10         1         0        10        -1
         0       -10         1         9        10        -1        -9       -10
         9         0        10        -9         0       -10         9         1
        10        -9        -1        -9        -4         6         9         4
        -6        -9        -4         7         9         4        -7        -9
        -1         0         9         1         0        -9        -1        10
         9         1       -10        -9         0        -1         9         0
         1        -9         0        10         9         0       -10        -9
         6        -4         9        -6         4        -9         6         7
         9        -6        -7        -9         7        -4         9        -7
         4        -9         7         6         9        -7        -6        -9
        10        -1         9       -10         1        -9        10         0
         9       -10         0        -7        -6         4         7         6
        -4        -7        -6         9         7         6        -9        -7
         4        -6         7        -4         6        -7         4         9
         7        -4        -9        -7         9        -6         7        -9
         6        -7         9         4         7        -9        -4        -6
        -7         4         6         7        -4        -6        -7         9
         6         7        -9        -6        -5         0         6         5
         0        -6        -5        11         6         5       -11        -6
         0        -5         6         0         5        -6         0        11
         6         0       -11        -6         4        -7         6        -4
         7        -6         4         9         6        -4        -9        -6
         9        -7         6        -9         7        -6         9         4
         6        -9        -4        -6        11        -5         6       -11
         5        -6        11         0         6       -11         0        -5
        -6         0         5         6         0        -5        -6        11
         5         6       -11        -5         0        -6         5         0
         6        -5         0        11         5         0       -11        -5
        11        -6         5       -11         6        -5        11         0
         5       -11         0        -4        -9         6         4         9
        -6        -4        -9         7         4         9        -7        -4
         6        -9         4        -6         9        -4         6         7
         4        -6        -7        -4         7        -9         4        -7
         9        -4         7         6         4        -7        -6        -1
        -9         0         1         9         0        -1        -9        10
         1         9       -10        -1         0        -9         1         0
         9        -1         0        10         1         0       -10        -1
        10        -9         1       -10         9        -1        10         0
         1       -10         0         0       -11         5         0        11
        -5         0       -11         6         0        11        -6         0
       -10         1         0        10        -1         0       -10         9
         0        10        -9         0        -9        -1         0         9
         1         0        -9        10         0         9       -10         0
        -6        -5         0         6         5         0        -6        11
         0         6       -11         0        -5        -6         0         5
         6         0        -5        11         0         5       -11         0
        -1        -9         0         1         9         0        -1        10
         0         1       -10       -10        -2         4        10         2
        -4       -10        -2         8        10         2        -8       -10
         4        -2        10        -4         2       -10         4         8
        10        -4        -8       -10         8        -2        10        -8
         2       -10         8         4        10        -8        -4        -8
        -4         2         8         4        -2        -8        -4        10
         8         4       -10        -8         2        -4         8        -2
         4        -8         2        10         8        -2       -10        -8
        10        -4         8       -10         4        -8        10         2
         8       -10        -2        -4        -8         2         4         8
        -2        -4        -8        10         4         8       -10        -4
         2        -8         4        -2         8        -4         2        10
         4        -2       -10        -4        10        -8         4       -10
         8        -4        10         2         4       -10        -2        -2
       -10         4         2        10        -4        -2       -10         8
         2        10        -8        -2         4       -10         2        -4
        10        -2         4         8         2        -4        -8        -2
         8       -10         2        -8        10        -2         8         4
         2        -8        -4       -11         0         4        11         0
        -4       -11         0         7        11         0        -7       -11
         4         0        11        -4         0       -11         4         7
        11        -4        -7       -11         7         0        11        -7
         0       -11         7         4        11        -7        -4       -10
        -1         2        10         1        -2       -10        -1         9
        10         1        -9       -10         2        -1        10        -2
         1       -10         2         9        10        -2        -9       -10
         9        -1        10        -9         1       -10         9         2
        10        -9        -2        -9        -4         5         9         4
        -5        -9        -4         8         9         4        -8        -9
        -2         1         9         2        -1        -9        -2        10
         9         2       -10        -9         1        -2         9        -1
         2        -9         1        10         9        -1       -10        -9
         5        -4         9        -5         4        -9         5         8
         9        -5        -8        -9         8        -4         9        -8
         4        -9         8         5         9        -8        -5        -9
        10        -2         9       -10         2        -9        10         1
         9       -10        -1        -8        -5         4         8         5
        -4        -8        -5         9         8         5        -9        -8
         4        -5         8        -4         5        -8         4         9
         8        -4        -9        -8         9        -5         8        -9
         5        -8         9         4         8        -9        -4        -7
        -4         0         7         4         0        -7        -4        11
         7         4       -11        -7         0        -4         7         0
         4        -7         0        11         7         0       -11        -7
        11        -4         7       -11         4        -7        11         0
         7       -11         0        -5        -8         4         5         8
        -4        -5        -8         9         5         8        -9        -5
         4        -8         5        -4         8        -5         4         9
         5        -4        -9        -5         9        -8         5        -9
         8        -5         9         4         5        -9        -4        -4
        -9         5         4         9        -5        -4        -9         8
         4         9        -8        -4        -7         0         4         7
         0        -4        -7        11         4         7       -11        -4
         0        -7         4         0         7        -4         0        11
         4         0       -11        -4         5        -9         4        -5
         9        -4         5         8         4        -5        -8        -4
         8        -9         4        -8         9        -4         8         5
         4        -8        -5        -4        11        -7         4       -11
         7        -4        11         0         4       -11         0        -2
        -9         1         2         9        -1        -2        -9        10
         2         9       -10        -2         1        -9         2        -1
         9        -2         1        10         2        -1       -10        -2
        10        -9         2       -10         9        -2        10         1
         2       -10        -1        -1       -10         2         1        10
        -2        -1       -10         9         1        10        -9        -1
         2       -10         1        -2        10        -1         2         9
         1        -2        -9        -1         9       -10         1        -9
        10        -1         9         2         1        -9        -2         0
       -11         4         0        11        -4         0       -11         7
         0        11        -7         0        -7        -4         0         7
         4         0        -7        11         0         7       -11         0
        -4        -7         0         4         7         0        -4        11
         0         4       -11       -11         1         2        11        -1
        -2       -11         1         8        11        -1        -8       -11
         2         1        11        -2        -1       -11         2         8
        11        -2        -8       -11         8         1        11        -8
        -1       -11         8         2        11        -8        -2        -8
        -2        -1         8         2         1        -8        -2        11
         8         2       -11        -8        -1        -2         8         1
         2        -8        -1        11         8         1       -11        -8
        11        -2         8       -11         2        -8        11        -1
         8       -11         1        -2        -8        -1         2         8
         1        -2        -8        11         2         8       -11        -2
        -1        -8         2         1         8        -2        -1        11
         2         1       -11        -2        11        -8         2       -11
         8        -2        11        -1         2       -11         1        -1
        -8        -2         1         8         2        -1        -8        11
         1         8       -11        -1        -2        -8         1         2
         8        -1        -2        11         1         2       -11        -1
        11        -8         1       -11         8        -1        11        -2
         1       -11         2       -12         4         4        12        -4
        -4        -4        -4        -4         4         4         4        -4
        -4        12         4         4       -12        -4        12        -4
         4       -12         4       -12         3         4        12        -3
        -4       -12         3         5        12        -3        -5       -12
         4         3        12        -4        -3       -12         4         5
        12        -4        -5       -12         5         3        12        -5
        -3       -12         5         4        12        -5        -4       -11
        -1         6        11         1        -6       -11         0         3
        11         0        -3       -11         0         8        11         0
        -8       -11         3         0        11        -3         0       -11
         3         8        11        -3        -8       -11         6        -1
        11        -6         1       -11         6         6        11        -6
        -6       -11         8         0        11        -8         0       -11
         8         3        11        -8        -3       -10        -3         6
        10         3        -6       -10        -3         7        10         3
        -7       -10        -2         3        10         2        -3       -10
        -2         9        10         2        -9       -10         3        -2
        10        -3         2       -10         3         9        10        -3
        -9       -10         6        -3        10        -6         3       -10
         6         7        10        -6        -7       -10         7        -3
        10        -7         3       -10         7         6        10        -7
        -6       -10         9        -2        10        -9         2       -10
         9         3        10        -9        -3        -9        -4         4
         9         4        -4        -9        -4         9         9         4
        -9        -9        -3         2         9         3        -2        -9
        -3        10         9         3       -10        -9         2        -3
         9        -2         3        -9         2        10         9        -2
       -10        -9         4        -4         9        -4         4        -9
         4         9         9        -4        -9        -9         9        -4
         9        -9         4        -9         9         4         9        -9
        -4        -9        10        -3         9       -10         3        -9
        10         2         9       -10        -2        -8        -3         0
         8         3         0        -8        -3        11         8         3
       -11        -8         0        -3         8         0         3        -8
         0        11         8         0       -11        -8        11        -3
         8       -11         3        -8        11         0         8       -11
         0        -7        -6         3         7         6        -3        -7
        -6        10         7         6       -10        -7         3        -6
         7        -3         6        -7         3        10         7        -3
       -10        -7        10        -6         7       -10         6        -7
        10         3         7       -10        -3        -6        -7         3
         6         7        -3        -6        -7        10         6         7
       -10        -6        -6         1         6         6        -1        -6
        -6        11         6         6       -11        -6         1        -6
         6        -1         6        -6         1        11         6        -1
       -11        -6         3        -7         6        -3         7        -6
         3        10         6        -3       -10        -6        10        -7
         6       -10         7        -6        10         3         6       -10
        -3        -6        11        -6         6       -11         6        -6
        11         1         6       -11        -1        -5        -4        -3
         5         4         3        -5        -4        12         5         4
       -12        -5        -3        -4         5         3         4        -5
        -3        12         5         3       -12        -5        12        -4
         5       -12         4        -5        12        -3         5       -12
         3        -4        -9         4         4         9        -4        -4
        -9         9         4         9        -9        -4        -5        -3
         4         5         3        -4        -5        12         4         5
       -12        -4        -3        -5         4         3         5        -4
        -3        12         4         3       -12        -4         4        -9
         4        -4         9        -4         4         9         4        -4
        -9        -4         9        -9         4        -9         9        -4
         9         4         4        -9        -4        -4        12        -5
         4       -12         5        -4        12        -3         4       -12
         3        -3       -10         6         3        10        -6        -3
       -10         7         3        10        -7        -3        -9         2
         3         9        -2        -3        -9        10         3         9
       -10        -3        -8         0         3         8         0        -3
        -8        11         3         8       -11        -3        -5        -4
         3         5         4        -3        -5        12         3         5
       -12        -3        -4        -5         3         4         5        -3
        -4        12         3         4       -12        -3         0        -8
         3         0         8        -3         0        11         3         0
       -11        -3         2        -9         3        -2         9        -3
         2        10         3        -2       -10        -3         6       -10
         3        -6        10        -3         6         7         3        -6
        -7        -3         7       -10         3        -7        10        -3
         7         6         3        -7        -6        -3        10        -9
         3       -10         9        -3        10         2         3       -10
        -2        -3        11        -8         3       -11         8        -3
        11         0         3       -11         0        -3        12        -5
         3       -12         5        -3        12        -4         3       -12
         4        -2       -10         3         2        10        -3        -2
       -10         9         2        10        -9        -2         3       -10
         2        -3        10        -2         3         9         2        -3
        -9        -2         9       -10         2        -9        10        -2
         9         3         2        -9        -3        -1       -11         6
         1        11        -6        -1         6       -11         1        -6
        11        -1         6         6         1        -6        -6         0
       -11         3         0        11        -3         0       -11         8
         0        11        -8         0        -8        -3         0         8
         3         0        -8        11         0         8       -11         0
        -3        -8         0         3         8         0        -3        11
         0         3       -11       -11        -1         5        11         1
        -5       -11        -1         7        11         1        -7       -11
         5        -1        11        -5         1       -11         5         7
        11        -5        -7       -11         7        -1        11        -7
         1       -11         7         5        11        -7        -5        -7
        -7         7         7         7        -7        -7        -5         1
         7         5        -1        -7        -5        11         7         5
       -11        -7         1        -5         7        -1         5        -7
         1        11         7        -1       -11        -7         7        -7
         7        -7         7        -7         7         7         7        -7
        -7        -7        11        -5         7       -11         5        -7
        11         1         7       -11        -1        -5        -7         1
         5         7        -1        -5        -7        11         5         7
       -11        -5         1        -7         5        -1         7        -5
         1        11         5        -1       -11        -5        11        -7
         5       -11         7        -5        11         1         5       -11
        -1        -1       -11         5         1        11        -5        -1
       -11         7         1        11        -7        -1         5       -11
         1        -5        11        -1         5         7         1        -5
        -7        -1         7       -11         1        -7        11        -1
         7         5         1        -7        -5       -12         2         5
        12        -2        -5       -12         3         3        12        -3
        -3       -12         3         6        12        -3        -6       -12
         5         2        12        -5        -2       -12         5         5
        12        -5        -5       -12         6         3        12        -6
        -3       -10        -3         5        10         3        -5       -10
        -3         8        10         3        -8       -10         5        -3
        10        -5         3       -10         5         8        10        -5
        -8       -10         8        -3        10        -8         3       -10
         8         5        10        -8        -5        -8        -6         7
         8         6        -7        -8        -5         3         8         5
        -3        -8        -5        10         8         5       -10        -8
         3        -5         8        -3         5        -8         3        10
         8        -3       -10        -8         7        -6         8        -7
         6        -8         7         7         8        -7        -7        -8
        10        -5         8       -10         5        -8        10         3
         8       -10        -3        -7        -7         6         7         7
        -6        -7        -7         8         7         7        -8        -7
         6        -7         7        -6         7        -7         6         8
         7        -6        -8        -7         8        -7         7        -8
         7        -7         8         6         7        -8        -6        -6
        -8         7         6         8        -7        -6        -3        -3
         6         3         3        -6        -3        12         6         3
       -12        -6         7        -8         6        -7         8        -6
         7         7         6        -7        -7        -6        12        -3
         6       -12         3        -5        -8         3         5         8
        -3        -5        -8        10         5         8       -10        -5
        -5        -2         5         5         2        -5        -5        12
         5         5       -12        -5        -2        -5         5         2
         5        -5        -2        12         5         2       -12        -5
         3        -8         5        -3         8        -5         3        10
         5        -3       -10        -5        10        -8         5       -10
         8        -5        10         3         5       -10        -3        -5
        12        -5         5       -12         5        -5        12        -2
         5       -12         2        -3       -10         5         3        10
        -5        -3       -10         8         3        10        -8        -3
        -6        -3         3         6         3        -3        -6        12
         3         6       -12        -3        -3        -6         3         3
         6        -3        -3        12         3         3       -12        -3
         5       -10         3        -5        10        -3         5         8
         3        -5        -8        -3         8       -10         3        -8
        10        -3         8         5         3        -8        -5        -3
        12        -6         3       -12         6        -3        12        -3
         3       -12         3        -2        -5        -5         2         5
         5        -2        -5        12         2         5       -12        -2
        12        -5         2       -12         5       -12         2         4
        12        -2        -4       -12         2         6        12        -2
        -6       -12         4         2        12        -4        -2       -12
         4         6        12        -4        -6       -12         6         2
        12        -6        -2       -12         6         4        12        -6
        -4       -10         0         0        10         0         0       -10
         0        10        10         0       -10       -10        10         0
        10       -10         0        -8        -6         6         8         6
        -6        -8        -6         8         8         6        -8        -8
         6        -6         8        -6         6        -8         6         8
         8        -6        -8        -8         8        -6         8        -8
         6        -8         8         6         8        -8        -6        -6
        -8         6         6         8        -6        -6        -8         8
         6         8        -8        -6        -4        -2         6         4
         2        -6        -4        12         6         4       -12        -6
        -2        -4         6         2         4        -6        -2        12
         6         2       -12        -6         6        -8         6        -6
         8        -6         6         8         6        -6        -8        -6
         8        -8         6        -8         8        -6         8         6
         6        -8        -6        -6        12        -4         6       -12
         4        -6        12        -2         6       -12         2        -4
        -6        -2         4         6         2        -4        -6        12
         4         6       -12        -4        -2        -6         4         2
         6        -4        -2        12         4         2       -12        -4
        12        -6         4       -12         6        -4        12        -2
         4       -12         2        -2        -6        -4         2         6
         4        -2        -6        12         2         6       -12        -2
        -4        -6         2         4         6        -2        -4        12
         2         4       -12        -2        12        -6         2       -12
         6        -2        12        -4         2       -12         4         0
       -10         0         0        10         0         0       -10        10
         0        10       -10         0         0       -10         0         0
        10       -11        -1         4        11         1        -4       -11
        -1         8        11         1        -8       -11         4        -1
        11        -4         1       -11         4         8        11        -4
        -8       -11         8        -1        11        -8         1       -11
         8         4        11        -8        -4       -10        -1         1
        10         1        -1       -10        -1        10        10         1
       -10       -10         1        -1        10        -1         1       -10
         1        10        10        -1       -10       -10        10        -1
        10       -10         1       -10        10         1        10       -10
        -1        -8        -4         1         8         4        -1        -8
        -4        11         8         4       -11        -8         1        -4
         8        -1         4        -8         1        11         8        -1
       -11        -8        11        -4         8       -11         4        -8
        11         1         8       -11        -1        -4        -8         1
         4         8        -1        -4        -8        11         4         8
       -11        -4         1        -8         4        -1         8        -4
         1        11         4        -1       -11        -4        11        -8
         4       -11         8        -4        11         1         4       -11
        -1        -1       -11         4         1        11        -4        -1
       -11         8         1        11        -8        -1       -10         1
         1        10        -1        -1       -10        10         1        10
       -10        -1         1       -10         1        -1        10        -1
         1        10         1        -1       -10        -1         4       -11
         1        -4        11        -1         4         8         1        -4
        -8        -1         8       -11         1        -8        11        -1
         8         4         1        -8        -4        -1        10       -10
         1       -10        10        -1        10         1         1       -10
        -1       -11         1         1        11        -1        -1       -11
         1         9        11        -1        -9       -11         9         1
        11        -9        -1        -9        -5         7         9         5
        -7        -9        -1        -1         9         1         1        -9
        -1        11         9         1       -11        -9         7        -5
         9        -7         5        -9         7         7         9        -7
        -7        -9        11        -1         9       -11         1        -7
        -7         5         7         7        -5        -7        -7         9
         7         7        -9        -7         5        -7         7        -5
         7        -7         5         9         7        -5        -9        -7
         9        -7         7        -9         7        -7         9         5
         7        -9        -5        -5        -9         7         5         9
        -7        -5         7        -9         5        -7         9        -5
         7         7         5        -7        -7        -1        -9        -1
         1         9         1        -1        -9        11         1         9
       -11        -1        -1        -9         1         1         9        -1
        -1        11         1         1       -11        -1        11        -9
         1       -11         9        -1        11        -1         1       -11
         1       -12         1         5        12        -1        -5       -12
         1         6        12        -1        -6       -12         2         3
        12        -2        -3       -12         2         7        12        -2
        -7       -12         3         2        12        -3        -2       -12
         3         7        12        -3        -7       -12         5         1
        12        -5        -1       -12         5         6        12        -5
        -6       -12         6         1        12        -6        -1       -12
         6         5        12        -6        -5       -12         7         2
        12        -7        -2       -12         7         3        12        -7
        -3       -11         0         2        11         0        -2       -11
         0         9        11         0        -9       -11         2         0
        11        -2         0       -11         2         9        11        -2
        -9       -11         9         0        11        -9         0       -11
         9         2        11        -9        -2       -10        -3         4
        10         3        -4       -10        -3         9        10         3
        -9       -10         4        -3        10        -4         3       -10
         4         9        10        -4        -9       -10         9        -3
        10        -9         3       -10         9         4        10        -9
        -4        -9        -5         6         9         5        -6        -9
        -5         8         9         5        -8        -9        -4         3
         9         4        -3        -9        -4        10         9         4
       -10        -9        -2         0         9         2         0        -9
        -2        11         9         2       -11        -9         0        -2
         9         0         2        -9         0        11         9         0
       -11        -9         3        -4         9        -3         4        -9
         3        10         9        -3       -10        -9         6        -5
         9        -6         5        -9         6         8         9        -6
        -8        -9         8        -5         9        -8         5        -9
         8         6         9        -8        -6        -9        10        -4
         9       -10         4        -9        10         3         9       -10
        -3        -9        11        -2         9       -11         2        -9
        11         0         9       -11         0        -8        -6         5
         8         6        -5        -8        -6         9         8         6
        -9        -8         5        -6         8        -5         6        -8
         5         9         8        -5        -9        -8         9        -6
         8        -9         6        -8         9         5         8        -9
        -5        -7        -3        -2         7         3         2        -7
        -3        12         7         3       -12        -7        -2        -3
         7         2         3        -7        -2        12         7         2
       -12        -7        12        -3         7       -12         3        -7
        12        -2         7       -12         2        -6        -8         5
         6         8        -5        -6        -8         9         6         8
        -9        -6        -5        -1         6         5         1        -6
        -5        12         6         5       -12        -6        -1        -5
         6         1         5        -6        -1        12         6         1
       -12        -6         5        -8         6        -5         8        -6
         5         9         6        -5        -9        -6         9        -8
         6        -9         8        -6         9         5         6        -9
        -5        -6        12        -5         6       -12         5        -6
        12        -1         6       -12         1        -5        -9         6
         5         9        -6        -5        -9         8         5         9
        -8        -5        -6        -1         5         6         1        -5
        -6        12         5         6       -12        -5        -1        -6
         5         1         6        -5        -1        12         5         1
       -12        -5         6        -9         5        -6         9        -5
         6         8         5        -6        -8        -5         8        -9
         5        -8         9        -5         8         6         5        -8
        -6        -5        12        -6         5       -12         6        -5
        12        -1         5       -12         1        -4        -9         3
         4         9        -3        -4        -9        10         4         9
       -10        -4         3        -9         4        -3         9        -4
         3        10         4        -3       -10        -4        10        -9
         4       -10         9        -4        10         3         4       -10
        -3        -3       -10         4         3        10        -4        -3
       -10         9         3        10        -9        -3        -7        -2
         3         7         2        -3        -7        12         3         7
       -12        -3        -2        -7         3         2         7        -3
        -2        12         3         2       -12        -3         4       -10
         3        -4        10        -3         4         9         3        -4
        -9        -3         9       -10         3        -9        10        -3
         9         4         3        -9        -4        -3        12        -7
         3       -12         7        -3        12        -2         3       -12
         2        -2        -9         0         2         9         0        -2
        -9        11         2         9       -11        -2        -7        -3
         2         7         3        -2        -7        12         2         7
       -12        -2        -3        -7         2         3         7        -2
        -3        12         2         3       -12        -2         0        -9
         2         0         9        -2         0        11         2         0
       -11        -2        11        -9         2       -11         9        -2
        11         0         2       -11         0        -2        12        -7
         2       -12         7        -2        12        -3         2       -12
         3        -1        -6        -5         1         6         5        -1
        -6        12         1         6       -12        -1        -5        -6
         1         5         6        -1        -5        12         1         5
       -12        -1        12        -6         1       -12         6        -1
        12        -5         1       -12         5         0       -11         2
         0        11        -2         0       -11         9         0        11
        -9         0        -9        -2         0         9         2         0
        -9        11         0         9       -11         0        -2        -9
         0         2         9         0        -2        11         0         2
       -11       -10        -2         2        10         2        -2       -10
        -2        10        10         2       -10       -10         2        -2
        10        -2         2       -10         2        10        10        -2
       -10       -10        10        -2        10       -10         2       -10
        10         2        10       -10        -2        -2       -10         2
         2        10        -2        -2       -10        10         2        10
       -10        -2         2       -10         2        -2        10        -2
         2        10         2        -2       -10        -2        10       -10
         2       -10        10        -2        10         2         2       -10
        -2       -12         1         4        12        -1        -4       -12
         1         7        12        -1        -7       -12         4         1
        12        -4        -1       -12         4         7        12        -4
        -7       -12         7         1        12        -7        -1       -12
         7         4        12        -7        -4       -11        -2         6
        11         2        -6       -11        -2         7        11         2
        -7       -11         6        -2        11        -6         2       -11
         6         7        11        -6        -7       -11         7        -2
        11        -7         2       -11         7         6        11        -7
        -6        -7        -6         2         7         6        -2        -7
        -6        11         7         6       -11        -7        -4        -1
         7         4         1        -7        -4        12         7         4
       -12        -7        -1        -4         7         1         4        -7
        -1        12         7         1       -12        -7         2        -6
         7        -2         6        -7         2        11         7        -2
       -11        -7        11        -6         7       -11         6        -7
        11         2         7       -11        -2        -7        12        -4
         7       -12         4        -7        12        -1         7       -12
         1        -6        -7         2         6         7        -2        -6
        -7        11         6         7       -11        -6         2        -7
         6        -2         7        -6         2        11         6        -2
       -11        -6        11        -7         6       -11         7        -6
        11         2         6       -11        -2        -4        -7        -1
         4         7         1        -4        -7        12         4         7
       -12        -4        -1        -7         4         1         7        -4
        -1        12         4         1       -12        -4        12        -7
         4       -12         7        -4        12        -1         4       -12
         1        -2       -11         6         2        11        -6        -2
       -11         7         2        11        -7        -2         6       -11
         2        -6        11        -2         6         7         2        -6
        -7        -2         7       -11         2        -7        11        -2
         7         6         2        -7        -6        -1        -7        -4
         1         7         4        -1        -7        12         1         7
       -12        -1        -4        -7         1         4         7        -1
        -4        12         1         4       -12        -1        12        -7
         1       -12         7        -1        12        -4         1       -12
         4       -11        -1         3        11         1        -3       -11
        -1         9        11         1        -9       -11         3        -1
        11        -3         1       -11         3         9        11        -3
        -9       -11         9        -1        11        -9         1       -11
         9         3        11        -9        -3        -9        -5         5
         9         5        -5        -9        -5         9         9         5
        -9        -9        -3         1         9         3        -1        -9
        -3        11         9         3       -11        -9         1        -3
         9        -1         3        -9         1        11         9        -1
       -11        -9         5        -5         9        -5         5        -9
         5         9         9        -5        -9        -9         9        -5
         9        -9         5        -9         9         5         9        -9
        -5        -9        11        -3         9       -11         3        -9
        11         1         9       -11        -1        -5        -9         5
         5         9        -5        -5        -9         9         5         9
        -9        -5         5        -9         5        -5         9        -5
         5         9         5        -5        -9        -5         9        -9
         5        -9         9        -5         9         5         5        -9
        -5        -3        -9         1         3         9        -1        -3
        -9        11         3         9       -11        -3         1        -9
         3        -1         9        -3         1        11         3        -1
       -11        -3        11        -9         3       -11         9        -3
        11         1         3       -11        -1        -1       -11         3
         1        11        -3        -1       -11         9         1        11
        -9        -1         3       -11         1        -3        11        -1
         3         9         1        -3        -9        -1         9       -11
         1        -9        11        -1         9         3         1        -9
        -3       -11        -2         5        11         2        -5       -11
        -2         8        11         2        -8       -11         5        -2
        11        -5         2       -11         5         8        11        -5
        -8       -11         8        -2        11        -8         2       -11
         8         5        11        -8        -5       -10        -4         7
        10         4        -7       -10         7        -4        10        -7
         4       -10         7         7        10        -7        -7        -8
        -5         2         8         5        -2        -8        -5        11
         8         5       -11        -8         2        -5         8        -2
         5        -8         2        11         8        -2       -11        -8
        11        -5         8       -11         5        -8        11         2
         8       -11        -2        -7        -7         4         7         7
        -4        -7        -7        10         7         7       -10        -7
         4        -7         7        -4         7        -7         4        10
         7        -4       -10        -7        10        -7         7       -10
         7        -7        10         4         7       -10        -4        -5
        -8         2         5         8        -2        -5        -8        11
         5         8       -11        -5         2        -8         5        -2
         8        -5         2        11         5        -2       -11        -5
        11        -8         5       -11         8        -5        11         2
         5       -11        -2        -4       -10         7         4        10
        -7        -4         7       -10         4        -7        10        -4
         7         7         4        -7        -7        -2       -11         5
         2        11        -5        -2       -11         8         2        11
        -8        -2         5       -11         2        -5        11        -2
         5         8         2        -5        -8        -2         8       -11
         2        -8        11        -2         8         5         2        -8
        -5       -12         0         6        12         0        -6       -12
         2         2        12        -2        -2       -12         2         8
        12        -2        -8       -12         6         0        12        -6
         0       -12         6         6        12        -6        -6       -12
         8         2        12        -8        -2       -10        -4         6
        10         4        -6       -10        -4         8        10         4
        -8       -10         6        -4        10        -6         4       -10
         6         8        10        -6        -8       -10         8        -4
        10        -8         4       -10         8         6        10        -8
        -6        -8        -6         4         8         6        -4        -8
        -6        10         8         6       -10        -8        -2        -2
         8         2         2        -8        -2        12         8         2
       -12        -8         4        -6         8        -4         6        -8
         4        10         8        -4       -10        -8        10        -6
         8       -10         6        -8        10         4         8       -10
        -4        -8        12        -2         8       -12         2        -6
        -8         4         6         8        -4        -6        -8        10
         6         8       -10        -6        -6         0         6         6
         0        -6        -6        12         6         6       -12        -6
         0        -6         6         0         6        -6         0        12
         6         0       -12        -6         4        -8         6        -4
         8        -6         4        10         6        -4       -10        -6
        10        -8         6       -10         8        -6        10         4
         6       -10        -4        -6        12        -6         6       -12
         6        -6        12         0         6       -12         0        -4
       -10         6         4        10        -6        -4       -10         8
         4        10        -8        -4         6       -10         4        -6
        10        -4         6         8         4        -6        -8        -4
         8       -10         4        -8        10        -4         8         6
         4        -8        -6        -2        -8        -2         2         8
         2        -2        -8        12         2         8       -12        -2
        -2        -8         2         2         8        -2        -2        12
         2         2       -12        -2        12        -8         2       -12
         8        -2        12        -2         2       -12         2         0
       -12         6         0        12        -6         0        -6        -6
         0         6         6         0        -6        12         0         6
       -12       -12         0         5        12         0        -5       -12
         0         7        12         0        -7       -12         1         3
        12        -1        -3       -12         1         8        12        -1
        -8       -12         3         1        12        -3        -1       -12
         3         8        12        -3        -8       -12         5         0
        12        -5         0       -12         5         7        12        -5
        -7       -12         7         0        12        -7         0       -12
         7         5        12        -7        -5       -12         8         1
        12        -8        -1       -12         8         3        12        -8
        -3       -10        -3         3        10         3        -3       -10
        -3        10        10         3       -10       -10         3        -3
        10        -3         3       -10         3        10        10        -3
       -10       -10        10        -3        10       -10         3       -10
        10         3        10       -10        -3        -8        -3        -1
         8         3         1        -8        -3        12         8         3
       -12        -8        -1        -3         8         1         3        -8
        -1        12         8         1       -12        -8        12        -3
         8       -12         3        -8        12        -1         8       -12
         1        -7        -5         0         7         5         0        -7
        -5        12         7         5       -12        -7         0        -5
         7         0         5        -7         0        12         7         0
       -12        -7        12        -5         7       -12         5        -7
        12         0         7       -12         0        -5        -7         0
         5         7         0        -5        -7        12         5         7
       -12        -5         0        -7         5         0         7        -5
         0        12         5         0       -12        -5        12        -7
         5       -12         7        -5        12         0         5       -12
         0        -3       -10         3         3        10        -3        -3
       -10        10         3        10       -10        -3        -8        -1
         3         8         1        -3        -8        12         3         8
       -12        -3        -1        -8         3         1         8        -3
        -1        12         3         1       -12        -3         3       -10
         3        -3        10        -3         3        10         3        -3
       -10        -3        10       -10         3       -10        10        -3
        10         3         3       -10        -3        -3        12        -8
         3       -12         8        -3        12        -1         3       -12
         1        -1        -8        -3         1         8         3        -1
        -8        12         1         8       -12        -1        -3        -8
         1         3         8        -1        -3        12         1         3
       -12        -1        12        -8         1       -12         8        -1
        12        -3         1       -12         3         0       -12         5
         0        12        -5         0       -12         7         0        12
        -7         0        -7        -5         0         7         5         0
        -7        12         0         7       -12         0        -5        -7
         0         5         7         0        -5        12         0         5
       -12       -11        -2         4        11         2        -4       -11
        -2         9        11         2        -9       -11         0         1
        11         0        -1       -11         0        10        11         0
       -10       -11         1         0        11        -1         0       -11
         1        10        11        -1       -10       -11         4        -2
        11        -4         2       -11         4         9        11        -4
        -9       -11         9        -2        11        -9         2       -11
         9         4        11        -9        -4       -11        10         0
        11       -10         0       -11        10         1        11       -10
        -1       -10        -4         5        10         4        -5       -10
        -4         9        10         4        -9       -10        -1         0
        10         1         0       -10        -1        11        10         1
       -11       -10         0        -1        10         0         1       -10
         0        11        10         0       -11       -10         5        -4
        10        -5         4       -10         5         9        10        -5
        -9       -10         9        -4        10        -9         4       -10
         9         5        10        -9        -5       -10        11        -1
        10       -11         1       -10        11         0        10       -11
         0        -9        -5         4         9         5        -4        -9
        -5        10         9         5       -10        -9        -4         2
         9         4        -2        -9        -4        11         9         4
       -11        -9         2        -4         9        -2         4        -9
         2        11         9        -2       -11        -9         4        -5
         9        -4         5        -9         4        10         9        -4
       -10        -9        10        -5         9       -10         5        -9
        10         4         9       -10        -4        -9        11        -4
         9       -11         4        -9        11         2         9       -11
        -2        -5        -9         4         5         9        -4        -5
        -9        10         5         9       -10        -5         4        -9
         5        -4         9        -5         4        10         5        -4
       -10        -5        10        -9         5       -10         9        -5
        10         4         5       -10        -4        -4       -10         5
         4        10        -5        -4       -10         9         4        10
        -9        -4        -9         2         4         9        -2        -4
        -9        11         4         9       -11        -4         2        -9
         4        -2         9        -4         2        11         4        -2
       -11        -4         5       -10         4        -5        10        -4
         5         9         4        -5        -9        -4         9       -10
         4        -9        10        -4         9         5         4        -9
        -5        -4        11        -9         4       -11         9        -4
        11         2         4       -11        -2        -2       -11         4
         2        11        -4        -2       -11         9         2        11
        -9        -2         4       -11         2        -4        11        -2
         4         9         2        -4        -9        -2         9       -11
         2        -9        11        -2         9         4         2        -9
        -4        -1       -10         0         1        10         0        -1
       -10        11         1        10       -11        -1         0       -10
         1         0        10        -1         0        11         1         0
       -11        -1        11       -10         1       -11        10        -1
        11         0         1       -11         0         0       -11         1
         0        11        -1         0       -11        10         0        11
       -10         0       -10        -1         0        10         1         0
       -10        11         0        10       -11         0        -1       -10
         0         1        10         0        -1        11         0         1
       -11       -12         0         4        12         0        -4       -12
         0         8        12         0        -8       -12         4         0
        12        -4         0       -12         4         8        12        -4
        -8       -12         8         0        12        -8         0       -12
         8         4        12        -8        -4        -8        -4         0
         8         4         0        -8        -4        12         8         4
       -12        -8         0        -4         8         0         4        -8
         0        12         8         0       -12        -8        12        -4
         8       -12         4        -8        12         0         8       -12
         0        -4        -8         0         4         8         0        -4
        -8        12         4         8       -12        -4         0        -8
         4         0         8        -4         0        12         4         0
       -12        -4        12        -8         4       -12         8        -4
        12         0         4       -12         0
 IDIME
         1         1         2         3         3         5         7         8
        10        14         1         1         3         6         2         2
         2         3         7         3         4
 IDIMF
         1         1         1         2         2         3         4         4
         5         7         0         1         1         3         1         1
         1         2         3         2         2
   LA3
         1         2         2         3         3         3         4         4
         4         4         5         5         5         5         5         6
         6         6         6         6         6
   LA4
         1         1         2         1         2         3         1         2
         3         4         1         2         3         4         5         1
         2         3         4         5         6
  IROF
         0         0         0         0         0         0         0         0
         0         0        16        16        16        16         0        16
        16        16        16         0         0
  NNGI
         1         2        14        20        44        56        80        88
       136       142       144       178       202       226       250       262
         3         1         4         2        25        14        20        26
        58         0         0         0         0         0         0         0
 NSHGI
         1         1         1         1         1         1         1         1
         1         2         1         1         1         2         0         0
         1         1         1         2         1         1         2         0
         0         0         0         0         0         0         0         0
  NNNC
         0         5       293      2205     17679     19034         1         9
       673      4713     17709     19314       217       369       977      9705
     17885     20146      1857      2553      6873     12537     18501     23378
     17673     17685     17733     18037     18965     26078     18978     19090
     19538     20754     26002     26154
JPOINT
         1         2         4         7        11        16         2         3
         5         8        12        17         4         5         6         9
        13        18         7         8         9        10        14        19
        11        12        13        14        15        20        16        17
        18        19        20        21
 LA34V
         0       322       322       322       966       966         0         0
       322       322       966       966         0         0         0       322
       966       966         0         0         0         0       966       966
       644       644       644       644         0       322       644       644
       644       644         0         0
 LA34F
         4
 NGSHG
         0         1        13        19        43        55        79        87
       135       141       177       201       225       249       321         0
         0         0         0         0         0         0         0         0
         0         0         0         0         0         0         0         0
         0         0         0         0         0         0         0         0
         0         0         0         0         0         0         0         0
         0         0         0         0         0         0         0         0
         0         0         0         0         0         0         0         0
         0         0         0         0         0         0         0         0
         0         0         0         0         0         0         0         0
         0         0         0         0         0         0         0         0
         0         0         0         0         0         0         0         0
         0         0         0         0         0         0         0         0
         0         0         0         0         0         0         0         0
         0         0         0         0         0         0         0         0
         0         0         0         0         0         0         0         0
         0         0         0         0         0         0         0         0
         0         0         0         0         0         0         0         0
         0         0         0         0         0         0         0         0
         0         0         0         0         0         0         0         0
         0         0         0         0         0         0         0         0
         0         0         0         0         0         0         0         0
         0         0         0         0         0         0         0         0
         0         0         0         0         0         0         0         0
         0         0         0         0         0         0         0         0
         0         0         0         0         0         0         0         0
         0         0         0         0         0         0         0         0
         0         0         0         0         0         0         0         0
         0         0         0         0         0         0         0         0
         0         0         0         0         0         0         0         0
         0         0         0         0         0         0         0         0
         0         0         0         0         0         0         0         0
         0         0         0         0         0         0         0         0
         0         0         0         0         0         0         0         0
         0         0         0         0         0         0         0         0
         0         0         0         0         0         0         0         0
         0         0         0         0         0         0         0         0
         0         0         0         0         0         0         0         0
         0         0         0         0         0         0         0         0
         0         0         0         0         0         0         0         0
         0         0       321       322       334       340       364       376
       400       408       456       462       498       522       546       570
       642         0         0         0         0         0         0         0
         0         0         0         0         0         0         0         0
         0         0         0         0         0         0         0         0
         0         0         0         0         0         0         0         0
         0         0         0         0         0         0         0         0
         0         0         0         0         0         0         0         0
         0         0         0         0         0         0         0         0
         0         0         0         0         0         0         0         0
         0         0         0         0         0         0         0         0
         0         0         0         0         0         0         0         0
         0         0         0         0         0         0         0         0
         0         0         0         0         0         0         0         0
         0         0         0         0         0         0         0         0
         0         0         0         0         0         0         0         0
         0         0         0         0         0         0         0         0
         0         0         0         0         0         0         0         0
         0         0         0         0         0         0         0         0
         0         0         0         0         0         0         0         0
         0         0         0         0         0         0         0         0
         0         0         0         0         0         0         0         0
         0         0         0         0         0         0         0         0
         0         0         0         0         0         0         0         0
         0         0         0         0         0         0         0         0
         0         0         0         0         0         0         0         0
         0         0         0         0         0         0         0         0
         0         0         0         0         0         0         0         0
         0         0         0         0         0         0         0         0
         0         0         0         0         0         0         0         0
         0         0         0         0         0         0         0         0
         0         0         0         0         0         0         0         0
         0         0         0         0         0         0         0         0
         0         0         0         0         0         0         0         0
         0         0         0         0         0         0         0         0
         0         0         0         0         0         0         0         0
         0         0         0         0         0         0         0         0
         0         0         0         0         0         0         0         0
         0         0         0         0         0         0         0         0
         0         0         0         0         0         0         0         0
         0         0         0         0       642       648       656       680
       710       734       758       806         0         0         0         0
         0         0         0         0         0         0         0         0
         0         0         0         0         0         0         0         0
         0         0         0         0         0         0         0         0
         0         0         0         0         0         0         0         0
         0         0         0         0         0         0         0         0
         0         0         0         0         0         0         0         0
         0         0         0         0         0         0         0         0
         0         0         0         0         0         0         0         0
         0         0         0         0         0         0         0         0
         0         0         0         0         0         0         0         0
         0         0         0         0         0         0         0         0
         0         0         0         0         0         0         0         0
         0         0         0         0         0         0         0         0
         0         0         0         0         0         0         0         0
         0         0         0         0         0         0         0         0
         0         0         0         0         0         0         0         0
         0         0         0         0         0         0         0         0
         0         0         0         0         0         0         0         0
         0         0         0         0         0         0         0         0
         0         0         0         0         0         0         0         0
         0         0         0         0         0         0         0         0
         0         0         0         0         0         0         0         0
         0         0         0         0         0         0         0         0
         0         0         0         0         0         0         0         0
         0         0         0         0         0         0         0         0
         0         0         0         0         0         0         0         0
         0         0         0         0         0         0         0         0
         0         0         0         0         0         0         0         0
         0         0         0         0         0         0         0         0
         0         0         0         0         0         0         0         0
         0         0         0         0         0         0         0         0
         0         0         0         0         0         0         0         0
         0         0         0         0         0         0         0         0
         0         0         0         0         0         0         0         0
         0         0         0         0         0         0         0         0
         0         0         0         0         0         0         0         0
         0         0         0         0         0         0         0         0
         0         0         0         0         0         0         0         0
         0         0         0         0         0         0       963       969
       977      1001      1031      1055      1079      1127         0         0
         0         0         0         0         0         0         0         0
         0         0         0         0         0         0         0         0
         0         0         0         0         0         0         0         0
         0         0         0         0         0         0         0         0
         0         0         0         0         0         0         0         0
         0         0         0         0         0         0         0         0
         0         0         0         0         0         0         0         0
         0         0         0         0         0         0         0         0
         0         0         0         0         0         0         0         0
         0         0         0         0         0         0         0         0
         0         0         0         0         0         0         0         0
         0         0         0         0         0         0         0         0
         0         0         0         0         0         0         0         0
         0         0         0         0         0         0         0         0
         0         0         0         0         0         0         0         0
         0         0         0         0         0         0         0         0
         0         0         0         0         0         0         0         0
         0         0         0         0         0         0         0         0
         0         0         0         0         0         0         0         0
         0         0         0         0         0         0         0         0
         0         0         0         0         0         0         0         0
         0         0         0         0         0         0         0         0
         0         0         0         0         0         0         0         0
         0         0         0         0         0         0         0         0
         0         0         0         0         0         0         0         0
         0         0         0         0         0         0         0         0
         0         0         0         0         0         0         0         0
         0         0         0         0         0         0         0         0
         0         0         0         0         0         0         0         0
         0         0         0         0         0         0         0         0
         0         0         0         0         0         0         0         0
         0         0         0         0         0         0         0         0
         0         0         0         0         0         0         0         0
         0         0         0         0         0         0         0         0
         0         0         0         0         0         0         0         0
         0         0         0         0         0         0         0         0
         0         0         0         0         0         0         0         0
         0         0         0         0         0         0         0         0
         0         0         0         0         0         0         0         0
NQGSHG
         1         2         3         4         5         6         7         8
         9        10        11        12        13        14        15        16
        17        18        19        20        21        22        23        24
        25        26        27        28        29        30        31        32
        33        34        35        36        37        38        39        40
        41        42        43        44        45        46        47        48
        49        50        51        52        53        54        55        56
        57        58        59        60        61        62        63        64
        65        66        67        68        69        70        71        72
        73        74        75        76        77        78        79        80
        81        82        83        84        85        86        87        88
        89        90        91        92        93        94        95        96
        97        98        99       100       101       102       103       104
       105       106       107       108       109       110       111       112
       113       114       115       116       117       118       119       120
       121       122       123       124       125       126       127       128
       129       130       131       132       133       134       135       136
       137       138       139       140       141       142       143       144
       145       146       147       148       149       150       151       152
       153       154       155       156       157       158       159       160
       161       162       163       164       165       166       167       168
       169       170       171       172       173       174       175       176
       177       178       179       180       181       182       183       184
       185       186       187       188       189       190       191       192
       193       194       195       196       197       198       199       200
       201       202       203       204       205       206       207       208
       209       210       211       212       213       214       215       216
       217       218       219       220       221       222       223       224
       225       226       227       228       229       230       231       232
       233       234       235       236       237       238       239       240
       241       242       243       244       245       246       247       248
       249       250       251       252       253       254       255       256
       257       258       259       260       261       262       263       264
       265       266       267       268       269       270       271       272
       273       274       275       276       277       278       279       280
       281       282       283       284       285       286       287       288
       289       290       291       292       293       294       295       296
       297       298       299       300       301       302       303       304
       305       306       307       308       309       310       311       312
       313       314       315       316       317       318       319       320
       321         1         3         2         5         4         7         6
         9         8        11        10        13        12        15        14
        17        16        19        18        21        20        23        22
        25        24        27        26        29        28        31        30
        33        32        35        34        37        36        39        38
        41        40        43        42        45        44        47        46
        49        48        51        50        53        52        55        54
        57        56        59        58        61        60        63        62
        65        64        67        66        69        68        71        70
        73        72        75        74        77        76        79        78
        81        80        83        82        85        84        87        86
        89        88        91        90        93        92        95        94
        97        96        99        98       101       100       103       102
       105       104       107       106       109       108       111       110
       113       112       115       114       117       116       119       118
       121       120       123       122       125       124       127       126
       129       128       131       130       133       132       135       134
       137       136       139       138       141       140       143       142
       145       144       147       146       149       148       151       150
       153       152       155       154       157       156       159       158
       161       160       163       162       165       164       167       166
       169       168       171       170       173       172       175       174
       177       176       179       178       181       180       183       182
       185       184       187       186       189       188       191       190
       193       192       195       194       197       196       199       198
       201       200       203       202       205       204       207       206
       209       208       211       210       213       212       215       214
       217       216       219       218       221       220       223       222
       225       224       227       226       229       228       231       230
       233       232       235       234       237       236       239       238
       241       240       243       242       245       244       247       246
       249       248       251       250       253       252       255       254
       257       256       259       258       261       260       263       262
       265       264       267       266       269       268       271       270
       273       272       275       274       277       276       279       278
       281       280       283       282       285       284       287       286
       289       288       291       290       293       292       295       294
       297       296       299       298       301       300       303       302
       305       304       307       306       309       308       311       310
       313       312       315       314       317       316       319       318
       321       320         3         9        13        27        31        41
         1        15        17        18        45        51        55        83
         4         5         6         7        10        11        21        23
        32        36        39        42        57        61        69        73
        74        78       101       105       113       117       129       133
         2         8        12        24        25        28        29        34
        35        59        62        65        66        71        77        89
        93       118       122       125       134       145       155       159
       170       173       177       209       215       219        14        16
        19        46        47        48        49        52        53        81
        84        86       137       139       140       179       183       191
       195       196       200       233       237       247        20        22
        33        37        38        43        91        97       106       110
       127       130       143       149       160       164       167       169
       267       271       299       303       315       319        26        30
        40        58        63        64        67        70        76        94
        95        98        99       102       103       108       109       114
       115       120       121       150       157       163       203       220
       224       251       255       263       275       287       291       292
       296       304       308       311       320       335       339       347
       351       364       368       401       405       417         0         0
         0         0         0         0         0         0         0         0
         0         0         0         0         0         0         0         0
         0         0         0         0         0         0         0         0
         0         0         0         0         0         0         0         0
         0         0         0         0         0         0         0         0
         0         0         0         0         0         0         0         0
         0         0         0         0         0         0         0         0
         0         0         0         0         0         0         0         0
         0         0         0         0         0         0         0         0
         0         0         0         0         0         0         0         0
         0         0         0         0         0         0         0         0
         0         0         0         0         0         0         0         0
         0         0         0         0         0         0         0         0
         0         0         0         0         0         0         0         0
         0         0         0         0         0         0         0         0
         0         0         0         0         0         0         0         0
         0         0         0         0         0         0         0         0
         0         0         0         0         0         0         0         0
         0         0         0         0         0         0         0         0
         0         0         0         2         8        12        26        30
        40         1        14        16        19        44        50        54
        82         5         4         7         6        11        10        20
        22        33        37        38        43        56        60        68
        72        75        79       100       104       112       116       128
       132         3         9        13        25        24        29        28
        35        34        58        63        64        67        70        76
        88        92       119       123       124       135       144       154
       158       171       172       176       208       214       218        15
        17        18        47        46        49        48        53        52
        80        85        87       136       138       141       178       182
       190       194       197       201       232       236       246        21
        23        32        36        39        42        90        96       107
       111       126       131       142       148       161       165       166
       168       266       270       298       302       314       318        27
        31        41        59        62        65        66        71        77
        95        94        99        98       103       102       109       108
       115       114       121       120       151       156       162       202
       221       225       250       254       262       274       286       290
       293       297       305       309       310       321       334       338
       346       350       365       369       400       404       416         0
         0         0         0         0         0         0         0         0
         0         0         0         0         0         0         0         0
         0         0         0         0         0         0         0         0
         0         0         0         0         0         0         0         0
         0         0         0         0         0         0         0         0
         0         0         0         0         0         0         0         0
         0         0         0         0         0         0         0         0
         0         0         0         0         0         0         0         0
         0         0         0         0         0         0         0         0
         0         0         0         0         0         0         0         0
         0         0         0         0         0         0         0         0
         0         0         0         0         0         0         0         0
         0         0         0         0         0         0         0         0
         0         0         0         0         0         0         0         0
         0         0         0         0         0         0         0         0
         0         0         0         0         0         0         0         0
         0         0         0         0         0         0         0         0
         0         0         0         0         0         0         0         0
         0         0         0         0         0         0         0         0
         0         0         0         0
