TEST11 - MGO BULK                                                               
LIMINF LIMTOL LIMPAR
       500        50       200
INF   
        16        16         4         0       686         0        54        36
        60         2      7454     33298         0         0         0         6
        50         0      2559        18         1         0        18         6
        15         0         0        35        16         0         0         6
         9         0         3         0        26         1         6         4
        18         2        14        90        70         0         1         0
         0         8         1         8         8         8         1        92
         0         0         6         0         0         1         1         0
         0         0         0         0         0         0         8         0
        16         0        87       400         0         0      6999         1
         0         0         0         0         0         0         0         8
         1         1         8         0         0         0         0         0
         0         0         0         1         0         0         0         0
         1         1         1         0         0         0         0         0
         0         1         0         0         0         0         0         0
         2         0         0         0         0         0         0         0
         6         0         0         0         9         0         0         0
         0         0         0         0        44        44         0         0
        25         0         0        30         1         0        55        55
         0         0         0         0         0         0         0         0
         0         0         0         0         0         0         0         0
         0         0         0         0         0         0         1         0
         0         0         1         0         0         0        80         0
         0         0         0         0         0         0       300         0
         0         0         0         0         0         0         3         0
         0         0         0         0         0         0         0         0
         0  90000000         0         0         0         0         0         0
         0         0         0         4         0         0         0         6
         0         6         0      1448         0         0         0         0
        45         0         0         0         0         0      3500         0
        40         0         0       225        48         0         0         0
         0         0         0         0         0         0         0         0
         0         0         0   1000000         0         0         0         0
         0         0         0         0         0         0         0         0
         0         0         0         0         0         0         0         0
         0         0         0         0         0         0         0         0
         0         0         0         0         0         0         0         0
         0         0         0         0         0         0         0         0
         0         0         0         0         0         0         0         0
         0         0         0         0         0         0         0         0
       225         1         0         0         0         0         0         0
         0         0         0         0         0         0         0         0
         0         0         0         0         0         0         0         0
         0         0         0         0         0         0         0         0
         0         0         0         0         0         0         0         0
         0         0         0         0         0         0         0         0
         0         0         0         0         0         0         0         0
         0         0         0         0         0         0         0         0
         0         0         0         0         0         0         0         0
         0         0         0         0         0         0         0         0
         0         0         0         0         0         0         0         0
         0         0         0         0         0         0         0         0
         0         0         0         0         0         0         0         0
         0         0         0         0         0         0         0         0
         0         0         0         0         0         0         0         0
         0         0         0         0         0         0         0         0
         0         0         0         0         0         0         0         0
         0         0         0         0         0         0         0         0
         0         0         0         0         0         0         0         0
         0         0         0         0         0         0         0         0
         0         0         0         0         0         0         0         0
         0         0         0         0         0         0         0         0
         0         0         0         0
TOL   
         6         6         6         6        12         0         0         0
         0         0        20         6        16         0         0        30
         0         0        20         0         0         0         0         0
         0         0         0         0         0         0         0         0
         0         0         0         0         0         0         0         0
         0         0         0         0         0         0         0         0
         0         0
PAR   
 3.1415926535898E+00 1.8897261339213E+00 1.7453292519943E-02 2.7211383400000E+01
 3.1355526333354E+01-8.2393470214633E+02-3.4171479928472E-01 0.0000000000000E+00
 3.1830988618379E-01-1.5378714124381E-07-8.2393470214633E+02 6.9314718055995E-01
 9.5956460447014E-09 0.0000000000000E+00 8.2372134621886E+02 9.9987050942599E-01
 0.0000000000000E+00-1.5693650709255E+03 0.0000000000000E+00 0.0000000000000E+00
 0.0000000000000E+00 0.0000000000000E+00 0.0000000000000E+00 0.0000000000000E+00
 0.0000000000000E+00-1.3815510557964E+01 1.6605387300000E-27 2.6424608160000E+07
 2.9979245800000E+08 0.0000000000000E+00 2.6254996300000E+03 5.2917720830000E-01
 5.7295779513082E+01 6.2831853071796E+00 0.0000000000000E+00 0.0000000000000E+00
 0.0000000000000E+00 1.0000000000000E+00 1.0000000000000E+00 1.7320508075689E+00
 5.7735026918963E-01 4.1117228237205E-01 0.0000000000000E+00 0.0000000000000E+00
-2.3025850929940E+00 0.0000000000000E+00 0.0000000000000E+00 1.0000000000000E+02
-5.0000000000000E-01 0.0000000000000E+00 0.0000000000000E+00 0.0000000000000E+00
 0.0000000000000E+00 0.0000000000000E+00 0.0000000000000E+00 0.0000000000000E+00
 0.0000000000000E+00 0.0000000000000E+00 0.0000000000000E+00 0.0000000000000E+00
 0.0000000000000E+00 0.0000000000000E+00 0.0000000000000E+00 0.0000000000000E+00
 0.0000000000000E+00 0.0000000000000E+00 0.0000000000000E+00 0.0000000000000E+00
 0.0000000000000E+00 0.0000000000000E+00 0.0000000000000E+00 0.0000000000000E+00
 0.0000000000000E+00 0.0000000000000E+00 0.0000000000000E+00 0.0000000000000E+00
 0.0000000000000E+00 0.0000000000000E+00 0.0000000000000E+00 0.0000000000000E+00
 0.0000000000000E+00 0.0000000000000E+00 0.0000000000000E+00 0.0000000000000E+00
 0.0000000000000E+00 0.0000000000000E+00 0.0000000000000E+00 0.0000000000000E+00
 0.0000000000000E+00 0.0000000000000E+00 0.0000000000000E+00 0.0000000000000E+00
 0.0000000000000E+00 0.0000000000000E+00 0.0000000000000E+00 0.0000000000000E+00
 0.0000000000000E+00 0.0000000000000E+00 0.0000000000000E+00 0.0000000000000E+00
 0.0000000000000E+00 0.0000000000000E+00 0.0000000000000E+00 0.0000000000000E+00
 0.0000000000000E+00 0.0000000000000E+00 0.0000000000000E+00 0.0000000000000E+00
 0.0000000000000E+00 0.0000000000000E+00 0.0000000000000E+00 0.0000000000000E+00
 0.0000000000000E+00 0.0000000000000E+00 0.0000000000000E+00 0.0000000000000E+00
 0.0000000000000E+00 0.0000000000000E+00 0.0000000000000E+00 0.0000000000000E+00
 0.0000000000000E+00 0.0000000000000E+00 0.0000000000000E+00 0.0000000000000E+00
 0.0000000000000E+00 0.0000000000000E+00 0.0000000000000E+00 0.0000000000000E+00
 0.0000000000000E+00 0.0000000000000E+00 0.0000000000000E+00 0.0000000000000E+00
 0.0000000000000E+00 0.0000000000000E+00 0.0000000000000E+00 0.0000000000000E+00
 0.0000000000000E+00 0.0000000000000E+00 0.0000000000000E+00 0.0000000000000E+00
 0.0000000000000E+00 0.0000000000000E+00 0.0000000000000E+00 0.0000000000000E+00
 0.0000000000000E+00 0.0000000000000E+00 0.0000000000000E+00 0.0000000000000E+00
 0.0000000000000E+00 0.0000000000000E+00 0.0000000000000E+00 0.0000000000000E+00
 0.0000000000000E+00 0.0000000000000E+00 0.0000000000000E+00 0.0000000000000E+00
 0.0000000000000E+00 0.0000000000000E+00 0.0000000000000E+00 0.0000000000000E+00
 0.0000000000000E+00 0.0000000000000E+00 0.0000000000000E+00 0.0000000000000E+00
 0.0000000000000E+00 0.0000000000000E+00 0.0000000000000E+00 0.0000000000000E+00
 0.0000000000000E+00 0.0000000000000E+00 0.0000000000000E+00 0.0000000000000E+00
 0.0000000000000E+00 0.0000000000000E+00 0.0000000000000E+00 0.0000000000000E+00
 0.0000000000000E+00 0.0000000000000E+00 0.0000000000000E+00 0.0000000000000E+00
 0.0000000000000E+00 0.0000000000000E+00 0.0000000000000E+00 0.0000000000000E+00
 0.0000000000000E+00 0.0000000000000E+00 0.0000000000000E+00 0.0000000000000E+00
 0.0000000000000E+00 0.0000000000000E+00 0.0000000000000E+00 0.0000000000000E+00
 0.0000000000000E+00 0.0000000000000E+00 0.0000000000000E+00 0.0000000000000E+00
 0.0000000000000E+00 0.0000000000000E+00 1.0000000000000E+00 0.0000000000000E+00
XYVGVE
 1.0000000000000E+00 0.0000000000000E+00 0.0000000000000E+00 0.0000000000000E+00
 1.0000000000000E+00 0.0000000000000E+00 0.0000000000000E+00 0.0000000000000E+00
 1.0000000000000E+00-9.3392619074995E-18-1.0000000000000E+00 0.0000000000000E+00
-1.0000000000000E+00-9.3392619074995E-18 0.0000000000000E+00 2.6636660892620E-17
-2.6636660892620E-17-1.0000000000000E+00-1.0000000000000E+00-9.3392619074995E-18
 0.0000000000000E+00-9.3392619074995E-18-1.0000000000000E+00 0.0000000000000E+00
-2.6636660892620E-17 2.6636660892620E-17 1.0000000000000E+00 9.3392619074995E-18
 1.0000000000000E+00 0.0000000000000E+00 1.0000000000000E+00 9.3392619074995E-18
 0.0000000000000E+00-2.6636660892620E-17 2.6636660892620E-17-1.0000000000000E+00
-1.0000000000000E+00-9.3392619074995E-18 0.0000000000000E+00 9.3392619074995E-18
 1.0000000000000E+00 0.0000000000000E+00-2.6636660892620E-17-2.6636660892620E-17
-1.0000000000000E+00 9.3392619074995E-18 1.0000000000000E+00 0.0000000000000E+00
-1.0000000000000E+00-9.3392619074995E-18 0.0000000000000E+00 2.6636660892620E-17
 2.6636660892620E-17 1.0000000000000E+00-9.3392619074995E-18-1.0000000000000E+00
 0.0000000000000E+00 1.0000000000000E+00 9.3392619074995E-18 0.0000000000000E+00
-2.6636660892620E-17-2.6636660892620E-17 1.0000000000000E+00 1.0000000000000E+00
 9.3392619074995E-18 0.0000000000000E+00-9.3392619074995E-18-1.0000000000000E+00
 0.0000000000000E+00 2.6636660892620E-17 2.6636660892620E-17-1.0000000000000E+00
-1.0000000000000E+00-9.3392619074995E-18 0.0000000000000E+00-9.3392619074995E-18
-1.0000000000000E+00 0.0000000000000E+00-2.6636660892620E-17 2.6636660892620E-17
-1.0000000000000E+00 9.3392619074995E-18 1.0000000000000E+00 0.0000000000000E+00
 1.0000000000000E+00 9.3392619074995E-18 0.0000000000000E+00-2.6636660892620E-17
 2.6636660892620E-17 1.0000000000000E+00 1.0000000000000E+00 9.3392619074995E-18
 0.0000000000000E+00 9.3392619074995E-18 1.0000000000000E+00 0.0000000000000E+00
 2.6636660892620E-17-2.6636660892620E-17-1.0000000000000E+00-9.3392619074995E-18
-1.0000000000000E+00 0.0000000000000E+00-1.0000000000000E+00-9.3392619074995E-18
 0.0000000000000E+00 2.6636660892620E-17-2.6636660892620E-17 1.0000000000000E+00
 1.0000000000000E+00 9.3392619074995E-18 0.0000000000000E+00-9.3392619074995E-18
-1.0000000000000E+00 0.0000000000000E+00 2.6636660892620E-17 2.6636660892620E-17
 1.0000000000000E+00-9.3392619074995E-18-1.0000000000000E+00 0.0000000000000E+00
 1.0000000000000E+00 9.3392619074995E-18 0.0000000000000E+00-2.6636660892620E-17
-2.6636660892620E-17-1.0000000000000E+00 9.3392619074995E-18 1.0000000000000E+00
 0.0000000000000E+00-1.0000000000000E+00-9.3392619074995E-18 0.0000000000000E+00
 2.6636660892620E-17 2.6636660892620E-17-1.0000000000000E+00-1.0000000000000E+00
-9.3392619074995E-18 0.0000000000000E+00 9.3392619074995E-18 1.0000000000000E+00
 0.0000000000000E+00-2.6636660892620E-17-2.6636660892620E-17 1.0000000000000E+00
 0.0000000000000E+00 0.0000000000000E+00 0.0000000000000E+00 0.0000000000000E+00
 0.0000000000000E+00 0.0000000000000E+00 0.0000000000000E+00 0.0000000000000E+00
 0.0000000000000E+00-5.2296136125332E-17 5.2296136125332E-17 0.0000000000000E+00
-5.2296136125332E-17 0.0000000000000E+00 0.0000000000000E+00 5.2296136125332E-17
 0.0000000000000E+00 0.0000000000000E+00 0.0000000000000E+00-5.2296136125332E-17
 0.0000000000000E+00 0.0000000000000E+00 5.2296136125332E-17 0.0000000000000E+00
-5.2296136125332E-17 5.2296136125332E-17 0.0000000000000E+00 0.0000000000000E+00
 0.0000000000000E+00 0.0000000000000E+00 0.0000000000000E+00 0.0000000000000E+00
 0.0000000000000E+00 5.2296136125332E-17-5.2296136125332E-17 0.0000000000000E+00
 5.2296136125332E-17 0.0000000000000E+00 0.0000000000000E+00-5.2296136125332E-17
 0.0000000000000E+00 0.0000000000000E+00 0.0000000000000E+00 5.2296136125332E-17
 0.0000000000000E+00 0.0000000000000E+00-5.2296136125332E-17 0.0000000000000E+00
 5.5996005512317E+00 0.0000000000000E+00 0.0000000000000E+00 0.0000000000000E+00
 5.5996005512317E+00 0.0000000000000E+00 0.0000000000000E+00 0.0000000000000E+00
 9.4486306696063E+02 1.0000000000000E+00 0.0000000000000E+00 0.0000000000000E+00
 0.0000000000000E+00 1.0000000000000E+00 0.0000000000000E+00 0.0000000000000E+00
 0.0000000000000E+00 1.0000000000000E+00
BASATO
 1.2000000000000E+01 8.0000000000000E+00 1.2000000000000E+01 8.0000000000000E+00
 1.2000000000000E+01 8.0000000000000E+00 2.7998002756158E+00 2.7998002756158E+00
 3.9595155217119E+00 0.0000000000000E+00 0.0000000000000E+00 3.9595155217119E+00
 9.0839417262627E-17 5.2296136125332E-17 0.0000000000000E+00 2.7998002756158E+00
 2.7998002756158E+00 0.0000000000000E+00 2.7998002756158E+00 2.7998002756158E+00
-3.9595155217119E+00 0.0000000000000E+00-1.8167883452525E-16-3.9595155217119E+00
 2.0000000000000E+00 8.0000000000000E+00 0.0000000000000E+00 2.0000000000000E+00
 8.0000000000000E+00 0.0000000000000E+00 2.0000000000000E+00 8.0000000000000E+00
 0.0000000000000E+00 2.0000000000000E+00 8.0000000000000E+00 0.0000000000000E+00
 2.0000000000000E+00 8.0000000000000E+00 0.0000000000000E+00 2.0000000000000E+00
 8.0000000000000E+00 0.0000000000000E+00 8.7460400000000E+00 6.4294000000000E-01
 4.0000000000000E-01 1.2351400000000E+00 5.3642000000000E-01 2.1000000000000E-01
 8.7460400000000E+00 6.4294000000000E-01 4.0000000000000E-01 1.2351400000000E+00
 5.3642000000000E-01 2.1000000000000E-01 8.7460400000000E+00 6.4294000000000E-01
 4.0000000000000E-01 1.2351400000000E+00 5.3642000000000E-01 2.1000000000000E-01
 2.7998002756158E+00 2.7998002756158E+00 3.9595155217119E+00 2.7998002756158E+00
 2.7998002756158E+00 3.9595155217119E+00 2.7998002756158E+00 2.7998002756158E+00
 3.9595155217119E+00 0.0000000000000E+00 0.0000000000000E+00 3.9595155217119E+00
 0.0000000000000E+00 0.0000000000000E+00 3.9595155217119E+00 0.0000000000000E+00
 0.0000000000000E+00 3.9595155217119E+00 9.0839417262627E-17 5.2296136125332E-17
 0.0000000000000E+00 9.0839417262627E-17 5.2296136125332E-17 0.0000000000000E+00
 9.0839417262627E-17 5.2296136125332E-17 0.0000000000000E+00 2.7998002756158E+00
 2.7998002756158E+00 0.0000000000000E+00 2.7998002756158E+00 2.7998002756158E+00
 0.0000000000000E+00 2.7998002756158E+00 2.7998002756158E+00 0.0000000000000E+00
 2.7998002756158E+00 2.7998002756158E+00-3.9595155217119E+00 2.7998002756158E+00
 2.7998002756158E+00-3.9595155217119E+00 2.7998002756158E+00 2.7998002756158E+00
-3.9595155217119E+00 0.0000000000000E+00-1.8167883452525E-16-3.9595155217119E+00
 0.0000000000000E+00-1.8167883452525E-16-3.9595155217119E+00 0.0000000000000E+00
-1.8167883452525E-16-3.9595155217119E+00 6.8371875000000E+04 9.6993400900000E+03
 2.0411767860000E+03 5.2986290600000E+02 1.5918600000000E+02 5.4684800000000E+01
 2.1235700000000E+01 8.7460400000000E+00 1.5679500000000E+02 3.1033900000000E+01
 9.6453000000000E+00 3.7109000000000E+00 1.6116400000000E+00 6.4294000000000E-01
 4.0000000000000E-01 4.0000000000000E+03 1.3555800000000E+03 2.4854500000000E+02
 6.9533900000000E+01 2.3886800000000E+01 9.2759300000000E+00 3.8203400000000E+00
 1.2351400000000E+00 5.2187800000000E+01 1.0329300000000E+01 3.2103400000000E+00
 1.2351400000000E+00 5.3642000000000E-01 2.1000000000000E-01 6.8371875000000E+04
 9.6993400900000E+03 2.0411767860000E+03 5.2986290600000E+02 1.5918600000000E+02
 5.4684800000000E+01 2.1235700000000E+01 8.7460400000000E+00 1.5679500000000E+02
 3.1033900000000E+01 9.6453000000000E+00 3.7109000000000E+00 1.6116400000000E+00
 6.4294000000000E-01 4.0000000000000E-01 4.0000000000000E+03 1.3555800000000E+03
 2.4854500000000E+02 6.9533900000000E+01 2.3886800000000E+01 9.2759300000000E+00
 3.8203400000000E+00 1.2351400000000E+00 5.2187800000000E+01 1.0329300000000E+01
 3.2103400000000E+00 1.2351400000000E+00 5.3642000000000E-01 2.1000000000000E-01
 6.8371875000000E+04 9.6993400900000E+03 2.0411767860000E+03 5.2986290600000E+02
 1.5918600000000E+02 5.4684800000000E+01 2.1235700000000E+01 8.7460400000000E+00
 1.5679500000000E+02 3.1033900000000E+01 9.6453000000000E+00 3.7109000000000E+00
 1.6116400000000E+00 6.4294000000000E-01 4.0000000000000E-01 4.0000000000000E+03
 1.3555800000000E+03 2.4854500000000E+02 6.9533900000000E+01 2.3886800000000E+01
 9.2759300000000E+00 3.8203400000000E+00 1.2351400000000E+00 5.2187800000000E+01
 1.0329300000000E+01 3.2103400000000E+00 1.2351400000000E+00 5.3642000000000E-01
 2.1000000000000E-01 1.6331664391985E+00 3.2191838398181E+00 5.8200576556268E+00
 9.5936545336989E+00 1.3151597095617E+01 1.2807073070116E+01 6.8730898370243E+00
 1.3225754930158E+00-4.6490087297732E-01-1.7425703200382E+00-7.3547666016179E-01
 1.3065513869397E+00 1.3748339683558E+00 3.7019730736360E-01 8.7182888765965E-01
 1.2426380222149E+00 2.9283593901896E+00 5.7672026389859E+00 6.9479861181442E+00
 6.6807983619195E+00 3.5210934133563E+00 6.8973994871428E-01 1.4281978488767E-01
-4.0941903702843E-01-1.2495630848926E+00-2.3628928305390E-01 1.0658931930270E+00
 6.3960510673968E-01 5.3771324306710E-01 1.6331664391985E+00 3.2191838398181E+00
 5.8200576556268E+00 9.5936545336989E+00 1.3151597095617E+01 1.2807073070116E+01
 6.8730898370243E+00 1.3225754930158E+00-4.6490087297732E-01-1.7425703200382E+00
-7.3547666016179E-01 1.3065513869397E+00 1.3748339683558E+00 3.7019730736360E-01
 8.7182888765965E-01 1.2426380222149E+00 2.9283593901896E+00 5.7672026389859E+00
 6.9479861181442E+00 6.6807983619195E+00 3.5210934133563E+00 6.8973994871428E-01
 1.4281978488767E-01-4.0941903702843E-01-1.2495630848926E+00-2.3628928305390E-01
 1.0658931930270E+00 6.3960510673968E-01 5.3771324306710E-01 1.6331664391985E+00
 3.2191838398181E+00 5.8200576556268E+00 9.5936545336989E+00 1.3151597095617E+01
 1.2807073070116E+01 6.8730898370243E+00 1.3225754930158E+00-4.6490087297732E-01
-1.7425703200382E+00-7.3547666016179E-01 1.3065513869397E+00 1.3748339683558E+00
 3.7019730736360E-01 8.7182888765965E-01 1.2426380222149E+00 2.9283593901896E+00
 5.7672026389859E+00 6.9479861181442E+00 6.6807983619195E+00 3.5210934133563E+00
 6.8973994871428E-01 1.4281978488767E-01-4.0941903702843E-01-1.2495630848926E+00
-2.3628928305390E-01 1.0658931930270E+00 6.3960510673968E-01 5.3771324306710E-01
 0.0000000000000E+00 0.0000000000000E+00 0.0000000000000E+00 0.0000000000000E+00
 0.0000000000000E+00 0.0000000000000E+00 0.0000000000000E+00 0.0000000000000E+00
 1.4849037166647E+01 1.6319974562985E+01 1.2398128771954E+01 6.1268344151240E+00
 2.3512098123624E+00 4.6475458461923E-01 1.1027860059742E+00 0.0000000000000E+00
 0.0000000000000E+00 0.0000000000000E+00 0.0000000000000E+00 0.0000000000000E+00
 0.0000000000000E+00 0.0000000000000E+00 0.0000000000000E+00 5.7926716722618E+00
 5.8623522517031E+00 3.9328526768112E+00 2.0388185059276E+00 5.7109241109625E-01
 4.9282232770704E-01 0.0000000000000E+00 0.0000000000000E+00 0.0000000000000E+00
 0.0000000000000E+00 0.0000000000000E+00 0.0000000000000E+00 0.0000000000000E+00
 0.0000000000000E+00 1.4849037166647E+01 1.6319974562985E+01 1.2398128771954E+01
 6.1268344151240E+00 2.3512098123624E+00 4.6475458461923E-01 1.1027860059742E+00
 0.0000000000000E+00 0.0000000000000E+00 0.0000000000000E+00 0.0000000000000E+00
 0.0000000000000E+00 0.0000000000000E+00 0.0000000000000E+00 0.0000000000000E+00
 5.7926716722618E+00 5.8623522517031E+00 3.9328526768112E+00 2.0388185059276E+00
 5.7109241109625E-01 4.9282232770704E-01 0.0000000000000E+00 0.0000000000000E+00
 0.0000000000000E+00 0.0000000000000E+00 0.0000000000000E+00 0.0000000000000E+00
 0.0000000000000E+00 0.0000000000000E+00 1.4849037166647E+01 1.6319974562985E+01
 1.2398128771954E+01 6.1268344151240E+00 2.3512098123624E+00 4.6475458461923E-01
 1.1027860059742E+00 0.0000000000000E+00 0.0000000000000E+00 0.0000000000000E+00
 0.0000000000000E+00 0.0000000000000E+00 0.0000000000000E+00 0.0000000000000E+00
 0.0000000000000E+00 5.7926716722618E+00 5.8623522517031E+00 3.9328526768112E+00
 2.0388185059276E+00 5.7109241109625E-01 4.9282232770704E-01 0.0000000000000E+00
 0.0000000000000E+00 0.0000000000000E+00 0.0000000000000E+00 0.0000000000000E+00
 0.0000000000000E+00 0.0000000000000E+00 0.0000000000000E+00 0.0000000000000E+00
 0.0000000000000E+00 0.0000000000000E+00 0.0000000000000E+00 0.0000000000000E+00
 0.0000000000000E+00 0.0000000000000E+00 0.0000000000000E+00 0.0000000000000E+00
 0.0000000000000E+00 0.0000000000000E+00 0.0000000000000E+00 0.0000000000000E+00
 0.0000000000000E+00 0.0000000000000E+00 0.0000000000000E+00 0.0000000000000E+00
 0.0000000000000E+00 0.0000000000000E+00 0.0000000000000E+00 0.0000000000000E+00
 0.0000000000000E+00 0.0000000000000E+00 0.0000000000000E+00 0.0000000000000E+00
 0.0000000000000E+00 0.0000000000000E+00 0.0000000000000E+00 0.0000000000000E+00
 0.0000000000000E+00 0.0000000000000E+00 0.0000000000000E+00 0.0000000000000E+00
 0.0000000000000E+00 0.0000000000000E+00 0.0000000000000E+00 0.0000000000000E+00
 0.0000000000000E+00 0.0000000000000E+00 0.0000000000000E+00 0.0000000000000E+00
 0.0000000000000E+00 0.0000000000000E+00 0.0000000000000E+00 0.0000000000000E+00
 0.0000000000000E+00 0.0000000000000E+00 0.0000000000000E+00 0.0000000000000E+00
 0.0000000000000E+00 0.0000000000000E+00 0.0000000000000E+00 0.0000000000000E+00
 0.0000000000000E+00 0.0000000000000E+00 0.0000000000000E+00 0.0000000000000E+00
 0.0000000000000E+00 0.0000000000000E+00 0.0000000000000E+00 0.0000000000000E+00
 0.0000000000000E+00 0.0000000000000E+00 0.0000000000000E+00 0.0000000000000E+00
 0.0000000000000E+00 0.0000000000000E+00 0.0000000000000E+00 0.0000000000000E+00
 0.0000000000000E+00 0.0000000000000E+00 0.0000000000000E+00 0.0000000000000E+00
 0.0000000000000E+00 0.0000000000000E+00 0.0000000000000E+00 0.0000000000000E+00
 0.0000000000000E+00 0.0000000000000E+00 1.4986119063639E+01 2.9539593242520E+01
 5.3405504112168E+01 8.8032453794480E+01 1.2068053519925E+02 1.1751914396409E+02
 6.3068245930456E+01 1.2136101583568E+01 5.4407769983861E+00 1.5990021387944E+01
 1.8315847082212E+01 1.4592350539098E+01 1.2615631235129E+01 3.3969721591342E+00
 8.0000000000000E+00 1.1402586354308E+01 2.6870955359605E+01 5.2920500530489E+01
 6.3755502635802E+01 6.1303757711938E+01 3.2309949470093E+01 6.3291314016064E+00
 1.3105304209046E+00 3.7568751650566E+00 1.1466131508874E+01 1.0070728769349E+01
 9.7807559085436E+00 5.8690884488276E+00 4.9341172395473E+00 1.4986119063639E+01
 2.9539593242520E+01 5.3405504112168E+01 8.8032453794480E+01 1.2068053519925E+02
 1.1751914396409E+02 6.3068245930456E+01 1.2136101583568E+01 5.4407769983861E+00
 1.5990021387944E+01 1.8315847082212E+01 1.4592350539098E+01 1.2615631235129E+01
 3.3969721591342E+00 8.0000000000000E+00 1.1402586354308E+01 2.6870955359605E+01
 5.2920500530489E+01 6.3755502635802E+01 6.1303757711938E+01 3.2309949470093E+01
 6.3291314016064E+00 1.3105304209046E+00 3.7568751650566E+00 1.1466131508874E+01
 1.0070728769349E+01 9.7807559085436E+00 5.8690884488276E+00 4.9341172395473E+00
 1.4986119063639E+01 2.9539593242520E+01 5.3405504112168E+01 8.8032453794480E+01
 1.2068053519925E+02 1.1751914396409E+02 6.3068245930456E+01 1.2136101583568E+01
 5.4407769983861E+00 1.5990021387944E+01 1.8315847082212E+01 1.4592350539098E+01
 1.2615631235129E+01 3.3969721591342E+00 8.0000000000000E+00 1.1402586354308E+01
 2.6870955359605E+01 5.2920500530489E+01 6.3755502635802E+01 6.1303757711938E+01
 3.2309949470093E+01 6.3291314016064E+00 1.3105304209046E+00 3.7568751650566E+00
 1.1466131508874E+01 1.0070728769349E+01 9.7807559085436E+00 5.8690884488276E+00
 4.9341172395473E+00 0.0000000000000E+00 0.0000000000000E+00 0.0000000000000E+00
 0.0000000000000E+00 0.0000000000000E+00 0.0000000000000E+00 0.0000000000000E+00
 0.0000000000000E+00 4.7351756008314E-02 2.6293786090347E-01 6.4270311820028E-01
 8.2551866327899E-01 7.2944634420911E-01 3.6142920382869E-01 1.3784825074678E+00
 0.0000000000000E+00 0.0000000000000E+00 0.0000000000000E+00 0.0000000000000E+00
 0.0000000000000E+00 0.0000000000000E+00 0.0000000000000E+00 0.0000000000000E+00
 5.5498331719882E-02 2.8377296872504E-01 6.1252899643203E-01 8.2533903279289E-01
 5.3231834299267E-01 1.1733864945406E+00 0.0000000000000E+00 0.0000000000000E+00
 0.0000000000000E+00 0.0000000000000E+00 0.0000000000000E+00 0.0000000000000E+00
 0.0000000000000E+00 0.0000000000000E+00 4.7351756008314E-02 2.6293786090347E-01
 6.4270311820028E-01 8.2551866327899E-01 7.2944634420911E-01 3.6142920382869E-01
 1.3784825074678E+00 0.0000000000000E+00 0.0000000000000E+00 0.0000000000000E+00
 0.0000000000000E+00 0.0000000000000E+00 0.0000000000000E+00 0.0000000000000E+00
 0.0000000000000E+00 5.5498331719882E-02 2.8377296872504E-01 6.1252899643203E-01
 8.2533903279289E-01 5.3231834299267E-01 1.1733864945406E+00 0.0000000000000E+00
 0.0000000000000E+00 0.0000000000000E+00 0.0000000000000E+00 0.0000000000000E+00
 0.0000000000000E+00 0.0000000000000E+00 0.0000000000000E+00 4.7351756008314E-02
 2.6293786090347E-01 6.4270311820028E-01 8.2551866327899E-01 7.2944634420911E-01
 3.6142920382869E-01 1.3784825074678E+00 0.0000000000000E+00 0.0000000000000E+00
 0.0000000000000E+00 0.0000000000000E+00 0.0000000000000E+00 0.0000000000000E+00
 0.0000000000000E+00 0.0000000000000E+00 5.5498331719882E-02 2.8377296872504E-01
 6.1252899643203E-01 8.2533903279289E-01 5.3231834299267E-01 1.1733864945406E+00
 0.0000000000000E+00 0.0000000000000E+00 0.0000000000000E+00 0.0000000000000E+00
 0.0000000000000E+00 0.0000000000000E+00 0.0000000000000E+00 0.0000000000000E+00
 0.0000000000000E+00 0.0000000000000E+00 0.0000000000000E+00 0.0000000000000E+00
 0.0000000000000E+00 0.0000000000000E+00 0.0000000000000E+00 0.0000000000000E+00
 0.0000000000000E+00 0.0000000000000E+00 0.0000000000000E+00 0.0000000000000E+00
 0.0000000000000E+00 0.0000000000000E+00 0.0000000000000E+00 0.0000000000000E+00
 0.0000000000000E+00 0.0000000000000E+00 0.0000000000000E+00 0.0000000000000E+00
 0.0000000000000E+00 0.0000000000000E+00 0.0000000000000E+00 0.0000000000000E+00
 0.0000000000000E+00 0.0000000000000E+00 0.0000000000000E+00 0.0000000000000E+00
 0.0000000000000E+00 0.0000000000000E+00 0.0000000000000E+00 0.0000000000000E+00
 0.0000000000000E+00 0.0000000000000E+00 0.0000000000000E+00 0.0000000000000E+00
 0.0000000000000E+00 0.0000000000000E+00 0.0000000000000E+00 0.0000000000000E+00
 0.0000000000000E+00 0.0000000000000E+00 0.0000000000000E+00 0.0000000000000E+00
 0.0000000000000E+00 0.0000000000000E+00 0.0000000000000E+00 0.0000000000000E+00
 0.0000000000000E+00 0.0000000000000E+00 0.0000000000000E+00 0.0000000000000E+00
 0.0000000000000E+00 0.0000000000000E+00 0.0000000000000E+00 0.0000000000000E+00
 0.0000000000000E+00 0.0000000000000E+00 0.0000000000000E+00 0.0000000000000E+00
 0.0000000000000E+00 0.0000000000000E+00 0.0000000000000E+00 0.0000000000000E+00
 0.0000000000000E+00 0.0000000000000E+00 0.0000000000000E+00 0.0000000000000E+00
 0.0000000000000E+00 0.0000000000000E+00 0.0000000000000E+00 0.0000000000000E+00
 0.0000000000000E+00 0.0000000000000E+00 0.0000000000000E+00 0.0000000000000E+00
 0.0000000000000E+00 0.0000000000000E+00 0.0000000000000E+00
NINV  
         1         2         3         4         5         7         6         8
         9        10        11        12        13        15        14        16
BASATO
        12         8        12         8        12         8         1         4
         7        10        13        16        19         0         0         0
         0         0         0         1         9        15        16        24
        29        30        38        44        45        53        58        59
        67        73        74        82        87        88         8         6
         1         8         5         1         8         6         1         8
         5         1         8         6         1         8         5         1
         0         1         1         0         1         1         0         1
         1         0         1         1         0         1         1         0
         1         1         1         4         4         1         4         4
         1         4         4         1         4         4         1         4
         4         1         4         4         0         1         5         9
        10        14        18        19        23        27        28        32
        36        37        41        45        46        50        54         1
         1         1         2         2         2         3         3         3
         4         4         4         5         5         5         6         6
         6
SPINOR
         0         0         0         0         0         0         0         0
         0         0         0         0
  1.0035467846467E+01  9.9586954388109E+00  1.0025659895412E+01  9.9860135340319E+00
  1.0035467846467E+01  9.9586954388109E+00
 -4.8913542773611E+01 -1.2068712660300E+01 -8.2748564296866E-19 -1.1613817029565E-18
 -1.8396454418225E-03 -6.4136258609003E+00  1.7393195323192E-18 -2.1627899078165E-17
 -9.3519831526944E-03 -2.6367150200983E-17 -2.1713238489438E+00  1.7759412572400E-18
 -7.0989297751539E-19 -2.7433736824229E-17  1.2272751051933E-18 -2.1713238489438E+00
 -7.0928268775471E-19 -9.3519831526947E-03 -6.5298955948358E-19 -6.6722628341817E-19
 -2.1736925328815E+00 -3.1420539050664E-05 -1.0034869564656E-04  1.2338791480660E-20
 -3.9341676960989E-08  1.0034869564656E-04  2.9503782516302E-04  6.9997328532797E-20
 -4.6953111570423E-07  9.1561394783054E-21  8.6120186430299E-20 -1.8868321299123E-05
  9.6088381492587E-22 -3.9341676960995E-08  4.6953111570424E-07  7.7835603991592E-22
 -1.9169092640538E-05 -6.3368615472924E+00 -7.5884687853633E-19  4.1903514091622E-19
 -2.7505658931404E-04 -2.3649782404508E-05  2.1699748935977E-04 -2.2485104264453E-20
  5.6932259456441E-07 -4.3104716968930E+00 -4.2546334702387E-17  2.3490262482450E-20
 -1.0195915047169E-02 -2.4279477929269E-17 -1.1989358669964E+00 -3.8946334318183E-18
 -9.3424303992981E-19 -1.4028261700371E-17 -3.2607929704332E-18 -1.1989358669964E+00
 -8.4602154599389E-19 -7.0812696854781E-03 -9.5038532056692E-19 -8.1307891530751E-19
 -1.2044638127995E+00 -7.7362108264919E-04 -1.6866742145541E-03  2.0447583169595E-19
  2.4536795230847E-06  3.1509679498120E-03  6.0228705996682E-03 -5.1724048173376E-21
 -8.6158449609316E-06  2.0718655448890E-19 -2.6328734767965E-19 -5.3542287064631E-04
 -4.8499048132850E-21 -3.2018623118521E-06 -1.0448845905205E-05 -2.9313735146084E-21
 -4.5254085213187E-04 -2.7121734751942E+00 -3.8807730066335E-17 -4.9127784846581E-17
 -1.3708962491399E-03 -3.8997115239918E-17 -1.0569749720054E-01 -7.7013836548151E-18
 -3.4058468859859E-18 -5.1769228186227E-17 -8.5104195224428E-18 -1.0569749720057E-01
  9.8585724917854E-19 -1.3708962491459E-03 -3.6866203620000E-18  1.0848434866177E-18
 -8.8991706371317E-02 -6.7720772960564E-03 -1.9063800126656E-02  8.4246832300185E-19
 -1.2945507978812E-04  1.9063800126656E-02  4.5080335210509E-02 -5.6789046990881E-19
  1.4447684901099E-04 -1.7364885373843E-19 -3.5099399211765E-19 -4.7689957880001E-03
  2.3710245938166E-20 -1.2945507978812E-04 -1.4447684901098E-04 -2.2369513117890E-20
 -5.2096088683764E-03  1.3802720842362E-03  2.0270049365136E-03  2.0270049365136E-03
  9.7087691858906E-05 -2.0270049365136E-03 -2.9842689104896E-03 -2.6685719433400E-03
 -1.8563268767327E-04 -2.0270049365136E-03 -2.6685719433400E-03 -2.9842689104896E-03
 -1.8563268767327E-04  9.7087691858906E-05  1.8563268767327E-04  1.8563268767327E-04
 -4.6491065941766E-04 -4.9145775152406E-04  1.2109845483000E-03  1.2109845483000E-03
  4.3483620477164E-06 -1.6443770936071E-02  4.9778482902997E-02  4.9778482902997E-02
 -9.8953988244273E-05 -2.0338072724980E+01 -1.3370803967307E-03 -3.2998439275522E-03
 -3.2998439275522E-03  4.3054771288559E-06 -1.2012579560801E-02  1.5006494671126E-02
  1.5006494671126E-02  3.9583327023152E-05 -1.7063210744658E-02  1.5680214569887E-02
  2.0004737069190E-02  5.6698370066689E-05 -1.7063210744658E-02  2.0004737069190E-02
  1.5680214569886E-02  5.6698370066690E-05 -4.6142245690834E-06  6.9036619797930E-07
  6.9036619797973E-07 -4.2565280141759E-03 -6.3985619887460E-02  1.1411515532496E-01
  1.1411515532496E-01 -9.8076716326833E-04 -6.0775667634342E-02  6.7239390926153E-02
  1.0063212746290E-01 -1.3536389190296E-03 -6.0775667634343E-02  1.0063212746290E-01
  6.7239390926154E-02 -1.3536389190296E-03 -7.8007532010778E-04 -7.5354129173796E-05
 -7.5354129173762E-05 -3.4953676288599E-02 -4.8989663397155E+00  1.5364821919533E-18
  7.9131271909789E-18  4.0608935204726E-03  1.2212647085749E-04 -2.5249381536672E-04
  9.3352702616528E-21  2.8110196540749E-05 -2.0656977731548E+00  3.4703740331987E-17
  1.4945475130588E-16  2.2864511543115E-02  1.9802854612835E-19 -1.5036278830223E-01
  2.2876615419781E-18  4.2008601622609E-18  1.2522382240556E-16  2.9603556088656E-18
 -1.5036278830215E-01  3.0117266974770E-19  2.2864511543113E-02  3.7694199515528E-18
 -1.0406976418090E-18 -1.4088235774383E-01  7.8813241777761E-04  1.7363496653181E-03
 -1.7096263042949E-20  2.9224486846225E-04 -1.7363496653181E-03 -3.2638991764621E-03
  3.2053570228140E-20 -4.7089177227052E-04  1.3473733281283E-20  2.8551364562549E-20
  7.3783554623887E-04  2.0882661995172E-20  2.9224486846225E-04  4.7089177227052E-04
  6.6191075494866E-21  1.2042946317642E-03 -1.5520511597989E-01 -3.9249105460044E-01
 -3.9249105460044E-01 -1.2403380477074E-05 -1.7917249644738E-01  7.1946622645148E-02
  7.1946622645149E-02 -3.3496528438047E-04 -3.8805740286086E-01  8.6996267936625E-02
  1.4194047630498E-01 -8.3496473529572E-04 -3.8805740286087E-01  1.4194047630499E-01
  8.6996267936623E-02 -8.3496473529572E-04 -1.6413345459699E-04  3.6996273973963E-05
  3.6996273973969E-05 -5.4939557146964E-02  6.2797813098769E-06  7.5427724581168E-06
 -6.6418568528420E-06 -5.2025927556131E-07 -2.1933035904080E-05  6.8319122485315E-05
  8.4857568813403E-06 -2.8577248040719E-06 -1.3444786266705E-05  2.7882656614786E-05
  8.6426260078704E-06  1.0130697347503E-06  1.9353281635864E-07  9.0910158747620E-07
 -8.7409167343096E-08 -5.3225023011170E-06 -1.8712088036112E-01  1.1188492165449E-01
  1.1188492165449E-01  1.9438642618864E-03 -3.0391259353385E-01  2.9172652171091E-02
  9.3589011068589E-02  2.9237604800792E-03 -3.0391259353386E-01  9.3589011068591E-02
  2.9172652171090E-02  2.9237604800796E-03  1.6371754089993E-03 -1.5717305206273E-03
 -1.5717305206271E-03 -5.9480884969704E-02  1.1898244739245E-04  7.7128406455619E-05
 -3.0751758047447E-04  5.2483252853180E-06  1.1386976821419E-04  7.5025447521426E-04
 -6.1144387434423E-04  1.7768180078259E-05 -2.6131611111943E-04  6.7999273375624E-04
  2.1936418767043E-04 -1.8785243012801E-05 -2.6153336438293E-06  1.3792035747229E-06
 -2.5534745064942E-05 -1.8469649133739E-04 -3.1054748728492E+00 -2.4528239770085E-19
  2.1604564444613E-18  6.8640731610837E-04 -6.0953769266217E-03  2.9057042572178E-02
 -2.8362555412420E-20 -2.5235517237851E-05 -1.9672060631219E-05  6.7975707909948E-05
  6.7975707909948E-05 -5.2927182362594E-06 -1.7713670123699E+00 -1.2570866502669E-16
 -6.3570996753162E-17  2.3222057073756E-02 -9.2926589553203E-17 -5.3758668068567E-01
  9.8901128132762E-19  4.2752643130356E-18  5.9727546912362E-17  2.5087799664883E-18
 -5.3758668068566E-01  4.0409332819243E-18  1.5226170753473E-02  4.0373140391934E-18
  2.4683920238674E-18 -5.2190484384118E-01 -1.7671200633770E-02 -2.2494461414938E-02
 -2.8141058242080E-20 -2.2956984106761E-04  6.1061429034923E-02  6.5233418326608E-02
  8.2210610571659E-19  2.6253909090354E-04  3.3493516469433E-19 -2.1083660486055E-19
 -9.1403686767253E-03  1.0001100101211E-19 -2.1703932993338E-04 -3.3004308278238E-04
 -9.6418645061769E-21 -8.9793932909232E-03 -2.2585907228936E-04 -3.5438423562953E-04
 -3.5438423562953E-04 -1.4014749439922E-05  7.5353895823047E-04  9.9268010385969E-04
  1.1522145336420E-03  7.7428847167719E-05  7.5353895823047E-04  1.1522145336420E-03
  9.9268010385969E-04  7.7428847167719E-05 -3.4999221837928E-05 -5.4525983408269E-05
 -5.4525983408269E-05 -1.5561639550279E-04 -1.3048370514942E+00 -2.6698224551542E-17
 -7.1428066136732E-17  6.3814322233160E-02 -2.7297965661670E-17 -2.2195692001048E-01
 -2.4288739033939E-17  1.6987114758818E-17 -7.1330982532165E-17 -1.5214157124238E-17
 -2.2195692001038E-01 -2.1165951823995E-17  6.3814322233157E-02  1.8140764250953E-17
 -1.8122030641773E-17 -1.0207132748074E-01 -5.0441304324030E-02 -1.0321947604008E-01
 -1.8586601647145E-18  1.3047968692635E-03  1.0321947604007E-01  1.4062001929950E-01
 -1.1171363015000E-17 -3.2932937743354E-03 -1.7927943369811E-18 -5.6487937538340E-18
 -6.0098349545704E-02 -2.8658045678305E-19  1.3047968692637E-03  3.2932937743355E-03
 -1.3550857843024E-20 -2.6092588748976E-02 -4.5467035002779E-03 -1.0710364179866E-02
 -1.0710364179866E-02  9.5097491369855E-05  1.0710364179866E-02  2.2116092685513E-02
  2.5014722919188E-02 -2.7337446919248E-04  1.0710364179866E-02  2.5014722919188E-02
  2.2116092685513E-02 -2.7337446919248E-04  9.5097491369856E-05  2.7337446919247E-04
  2.7337446919247E-04 -2.7470265561937E-03  2.1433534277869E-05  1.0161470268097E-04
 -4.8310280930469E-21  8.1703297472936E-07 -1.0161470268097E-04 -3.0244199140520E-04
  4.6540627713731E-21 -4.6179815657666E-06 -6.0996251066471E-21 -1.3491648308622E-20
 -1.6370669720085E-05 -1.3766546000845E-22  8.1703297472937E-07  4.6179815657666E-06
 -2.7654839169019E-21 -2.0635846000764E-05 -2.6029438765188E-05  1.0915459244220E-04
  1.0915459244220E-04  1.5030092371781E-04 -1.3422149311283E-03 -1.5710983665380E-19
 -9.3360702541500E-20  4.6611587514292E-03 -1.5513425330815E-01 -1.2726712133210E-17
 -7.3521390974845E-18  5.5474826896995E-01 -2.3357129176436E-04 -1.1939730925304E-03
 -1.1274133822413E-20  8.4208347375030E-04 -4.8886901715924E+01 -3.1360737249847E-05
  5.0084485884425E-05  5.0084485884425E-05  7.0804965316758E-05 -5.0379778179247E-05
  5.9596264908227E-05  7.8443322567821E-05  1.1021132903341E-04 -5.0379778179247E-05
  7.8443322567821E-05  5.9596264908227E-05  1.1021132903341E-04 -7.0578116934760E-05
  1.1081021889629E-04  1.1081021889629E-04  1.3763636000010E-04 -7.6990197281121E-04
  1.5719578314540E-03  1.5719578314540E-03  2.2242134757459E-03 -8.3842449337476E-04
  1.1401088392797E-03  1.5949083061528E-03  2.3158183115328E-03 -8.3842449337476E-04
  1.5949083061528E-03  1.1401088392797E-03  2.3158183115328E-03 -1.1855152593427E-03
  2.3140279016001E-03  2.3140279016001E-03  2.7343520123711E-03 -4.9003358976698E-04
  4.4548579861999E-20  1.7064909133357E-20 -1.7147740132877E-03 -1.1985638539525E-02
 -9.7208350933380E-19 -5.7213611498149E-19  2.4109720339206E-02  5.8201098594146E-19
 -4.3076520498353E-03 -1.3744926178212E-20 -1.8092661534981E-18  5.0813513549483E-19
  1.6269677900036E-20 -4.3076520498351E-03 -7.9364912397631E-19 -2.1184008026536E-02
 -1.3158923954463E-18 -5.2548282968074E-19  3.5611193269496E-02  1.8072274961575E-06
 -2.2647086376038E-06 -1.0587185300820E-20  1.3061322590661E-06 -1.7890161416076E-06
  1.0468820640793E-05  3.9837332330419E-21 -1.6743888250713E-07  2.9217758468564E-20
 -8.5992160707693E-21  6.7002312396162E-06 -9.2838450213748E-21  1.9514228729613E-06
 -3.6557752565824E-07 -5.6882631366026E-21  8.1013815006328E-06 -1.7858355522257E-01
 -1.5225906699432E-17 -9.9307791979932E-18  5.4684820373954E-01  3.1664503491821E-18
 -5.4745410681089E-02 -3.4062095292560E-19  1.0925441216558E-17 -2.0456116705154E-19
 -8.3753375638721E-19 -5.4745410681089E-02  9.1800465040254E-18 -1.0140925761301E-01
 -6.8939239454606E-18 -4.2062447553173E-18  2.2792898165869E-01 -8.7459178905213E-04
 -3.4608761232276E-03 -1.8318476291622E-19  2.4461411983946E-03  1.0234642341292E-03
  3.3940268710972E-03  9.2015252044323E-20 -2.6924846838929E-03  1.3448590815065E-19
  1.9390110539685E-19 -4.1668151822305E-04 -3.2484294906532E-19 -7.2493861881423E-04
 -2.6925854402892E-03 -1.1995579167573E-19  1.4867033846686E-03  2.8242960227995E-06
 -1.9027842787844E-05 -1.9027842787844E-05  5.2994063725876E-06  3.6753775798250E-06
  2.6536849680607E-05  3.1874624737032E-05 -1.2531516149537E-05  3.6753775798249E-06
  3.1874624737031E-05  2.6536849680607E-05 -1.2531516149537E-05 -1.1002238022257E-05
 -2.8960374699981E-05 -2.8960374699981E-05  1.8266078175054E-05 -1.2062559440446E+01
 -5.2737769658238E-19  1.4903584701686E-18  1.1273282758888E-17 -6.3907609125307E+00
 -2.7637141283434E-17  1.0330109051331E-17  8.6283835296834E-20  1.3795375050740E-18
 -2.1493040671461E+00  1.3618999487504E-18  1.9504099910669E-18  1.7246209574678E-17
 -6.5906108300608E-19 -2.1493040671461E+00 -9.5175132650862E-19  7.4853122538931E-18
  2.3081153267341E-18 -2.3909979125880E-18 -2.1494208403481E+00 -3.1305532283551E-05
 -1.0009758728210E-04  6.1786085281567E-20  3.2937544768331E-20  1.0009758728210E-04
  2.9447334370779E-04 -1.6037901850264E-19 -1.8417411810537E-20  5.0191757077882E-20
  2.3378084828925E-20 -1.8753151630471E-05 -2.6751625920883E-21  4.5782395183581E-21
  7.8682903221299E-21  9.9462379160646E-22 -1.8921374134473E-05 -2.4289719102446E-05
 -1.0923644047057E-04 -1.0923644047057E-04 -1.5348202527037E-04 -7.7283538586307E-04
  8.4050715382575E-04  8.4050715382575E-04  1.1764138357208E-03 -1.5751815240816E-03
  1.1431889400148E-03  1.5983387217369E-03  2.3139715703266E-03 -1.5751815240816E-03
  1.5983387217369E-03  1.1431889400148E-03  2.3139715703266E-03 -2.2289034410870E-03
  2.3174217665460E-03  2.3174217665459E-03  2.7218063251894E-03 -6.5992759387780E-03
  9.4075622853435E-03  9.4075622853433E-03  1.3517792278450E-02 -9.5009026254970E-03
  7.5442066010807E-03  1.2569559949627E-02  1.7547065131541E-02 -9.5009026254971E-03
  1.2569559949627E-02  7.5442066010807E-03  1.7547065131541E-02 -1.3228348089831E-02
  1.7520364759207E-02  1.7520364759207E-02  2.0354295076600E-02 -1.6403101248126E-02
  1.5993769214284E-18  8.4752224511125E-19 -7.0436943091332E-02 -6.3366692762261E-02
 -3.4373629491615E-18  3.2641698785171E-19  8.5307360557191E-02  4.0937386188321E-18
 -3.3413151831229E-02 -2.1950231364338E-20 -5.7478736802936E-18  2.5681385754915E-18
 -1.6597242980285E-19 -3.3413151831229E-02 -2.3216052526437E-18 -1.6137090800882E-01
  1.1320068975860E-19  6.4941971599160E-18  1.6856023020074E-01  3.0663134351841E-06
 -1.2873037762807E-04  5.7234976437753E-21  9.6941459971008E-06  8.4300602851324E-05
  4.4948037732739E-04  1.2554545288723E-20 -4.8935357801079E-04  5.4026089193385E-20
  3.9950911242503E-20 -2.0313768090946E-04 -1.3082666422763E-20 -1.1894836798592E-04
 -5.7409013497632E-04 -1.9932201577447E-20  3.8385330776561E-05 -1.8698205081553E-01
  1.7782879223246E-18  2.3335221378155E-18  4.2960694277989E-01  2.3192860675601E-17
 -6.4558341294982E-02 -2.1771992355935E-18 -5.8357475870498E-17  1.4526602990971E-17
 -1.8252139780838E-18 -6.4558341294982E-02 -3.6892419243343E-17 -1.5894782735811E-01
  9.6112894315716E-18 -1.6235986580789E-17  1.2387035651282E-01 -3.7450064120174E-03
 -1.0939417610201E-02 -5.6433995225500E-19  7.7943583544905E-03  7.2897550735491E-03
  1.6949492602707E-02  1.5504291098663E-18 -1.4062358570841E-02  6.0379737493603E-19
  1.5650821338541E-18 -3.0175001274077E-03 -9.3888777759152E-19 -5.0978053010933E-03
 -1.3994281320634E-02 -8.8272171276964E-19  7.0190591443389E-03  9.5909727668706E-05
 -8.1053097504358E-05 -8.1053097504360E-05 -2.2040570421803E-04 -9.0455371715345E-05
  2.0349737568227E-04  3.4370411769912E-04  2.1617983175133E-04 -9.0455371715342E-05
  3.4370411769913E-04  2.0349737568227E-04  2.1617983175134E-04 -2.6603599654003E-04
 -6.2239583811717E-04 -6.2239583811718E-04  4.3833009965218E-04 -6.3335809351318E+00
  6.8226604944565E-19  5.6576523355247E-19 -8.4294543603849E-19 -2.4711595971594E-05
  2.1753352526826E-04  2.0637070583266E-21  5.8492700746099E-21 -4.2936537765039E+00
  1.2268955641992E-17 -1.3179057633989E-17 -5.5353538815346E-16  2.9716094450669E-18
 -1.1905327059003E+00 -3.5658962639285E-18  2.0804122592574E-18  4.2623065287207E-18
 -4.1558665442566E-18 -1.1905327059002E+00 -5.3834317256557E-18 -5.5851411114288E-16
  1.9124125874293E-18 -5.7473349729382E-18 -1.1905496741233E+00 -7.6994973739582E-04
 -1.6753009034876E-03  5.0331732237413E-20 -9.7404101266777E-20  3.1442181133975E-03
  6.0090943292616E-03 -2.3013864011458E-19  2.2378826178941E-19  1.9342281970174E-19
  1.4283376065335E-19 -5.3681288787637E-04 -9.5483357149129E-21 -4.8331560862090E-20
 -1.9947907560883E-19  2.8731614877648E-21 -4.5647988430344E-04 -2.6981162196933E+00
 -1.8835733429533E-17  3.9441909577630E-17  1.1328757858653E-15 -1.8563275329328E-17
 -9.7090366393417E-02 -2.3247654663719E-18  1.8461234963955E-18  3.8332493871592E-17
 -3.0628340068542E-18 -9.7090366393317E-02 -1.8795823669194E-17  1.1055752066693E-15
  2.7661763631381E-18 -1.4496418225536E-17 -9.8106637804818E-02 -6.6507508161408E-03
 -1.8894182175626E-02 -7.6365055318086E-20 -5.1863221197230E-19  1.8894182175626E-02
  4.4924083164069E-02 -3.8330386429082E-19  5.4535768728968E-18 -1.6881382905166E-19
  4.8383481490847E-19 -4.8382575342321E-03 -1.4342390039473E-20 -4.4525350863076E-19
 -6.0524833386036E-18 -6.3994870970857E-21 -4.9790453194233E-03  1.2107547692174E-03
  1.8535925311919E-03  1.8535925311919E-03  2.2181622933820E-19 -1.8535925311919E-03
 -2.8520737004525E-03 -2.5383057214909E-03 -3.8276697737018E-19 -1.8535925311919E-03
 -2.5383057214909E-03 -2.8520737004525E-03 -3.3373911886342E-19 -4.5215966985834E-20
  1.1781531924064E-19  8.8161635272835E-20 -3.1221358667396E-04 -4.9128318211221E-04
  4.1379383483767E-21  1.9092751962206E-20  1.7166941203572E-03 -1.6404186593972E-02
 -1.2094611212574E-20  5.5000198964708E-20  7.0446897830535E-02  1.0164325130443E-04
  1.1342923792449E-04  1.1342923792449E-04  1.6115476036443E-04 -6.0928198703362E-03
 -1.4525238023902E-02 -1.4525238023902E-02 -2.0532935771961E-02 -4.8972012700725E-04
 -1.2096164795996E-03 -1.2096164795996E-03 -8.3045687985143E-20 -1.6400141587933E-02
 -4.9806364485816E-02 -4.9806364485816E-02 -8.3166758597011E-19 -2.0345568701918E+01
 -1.3422423549587E-03 -9.9263185576425E-21  4.7242821558234E-21 -4.6709242000777E-03
 -1.2003999535299E-02 -1.5574658724732E-19 -7.2788396642063E-20  2.1221108334558E-02
  1.3708234447846E-19 -4.3273556488950E-03 -4.8257023487483E-20  3.1675960652548E-20
 -2.3939322305130E-19  4.6463271295829E-20 -4.3273556488950E-03  8.9790475059050E-20
 -2.4118183773662E-02 -5.0953279933223E-19 -5.7872218543256E-21  3.5678075010581E-02
  2.6125806588235E-06  2.8590125617150E-06 -8.9394040629081E-22  1.9993617194082E-07
  1.3235187477788E-06  7.8647028765989E-06 -8.2258402641926E-21 -3.1021906672871E-06
  1.0564935280612E-20  4.4804424030377E-21  7.6622011531173E-06  4.8660360235368E-22
 -6.4583628610460E-07 -1.1002836882789E-06  1.0610401826000E-20  1.0384396296939E-05
 -6.3505982821361E-02 -6.1080501879990E-19 -8.5227166649766E-20  1.6164186674597E-01
  8.1428618623303E-19 -3.3400372742525E-02 -5.3461249387056E-20  2.1312082608439E-18
 -1.3636631627064E-18  1.0779295164309E-20 -3.3400372742524E-02  8.8508024035886E-18
 -8.4922815330979E-02 -2.2032310434964E-18 -9.3455888961837E-20  1.6798297606556E-01
  1.1291552129607E-05 -1.0506817818199E-04 -9.2663303434793E-20  2.9833795346585E-05
  7.9202905694697E-05  4.4994700664642E-04  1.4486737071618E-20 -4.1774642780654E-04
  5.2186859709632E-21  3.8534844082214E-20 -2.3062815971147E-04  4.5865157966766E-22
 -7.6635971579671E-05 -4.7044651227667E-04 -9.3066732567052E-22  6.6173496339304E-05
  1.0274545531733E-04 -1.0951861299036E-04 -1.0951861299036E-04 -1.5608200054367E-04
  5.7923803124267E-04  7.1087653761562E-04  7.1087653761563E-04  1.0133393395710E-03
 -6.7638111672378E-04 -1.8177170698006E-04 -9.5200231743131E-04 -1.1842897190826E-03
 -6.7638111672378E-04 -9.5200231743131E-04 -1.8177170698006E-04 -1.1842897190826E-03
 -9.8420465777425E-04 -1.1766671635811E-03 -1.1766671635811E-03 -1.1257533796559E-03
 -1.7590727739523E-02 -3.0494068121963E-02 -3.0494068121963E-02 -4.3088138883249E-02
  1.1159598898522E-02  9.7211364214662E-03  1.8330728368527E-02  2.6087151764994E-02
  1.1159598898522E-02  1.8330728368527E-02  9.7211364214659E-03  2.6087151764994E-02
  1.5777467341400E-02  2.6122519412885E-02  2.6122519412885E-02  2.8033189233431E-02
 -1.3414573455018E-03  3.3012466192389E-03  3.3012466192389E-03 -3.4207091137979E-20
 -1.1988840391964E-02 -1.4980873364005E-02 -1.4980873364006E-02 -3.2482755810605E-18
  1.7030619992119E-02  1.5640281078219E-02  1.9952534131468E-02  3.7069680080582E-18
  1.7030619992120E-02  1.9952534131468E-02  1.5640281078219E-02  3.7394803388204E-18
  1.2548368071936E-19  8.4347256520560E-19  9.3639592080680E-19 -4.3139469943643E-03
 -6.3466312606505E-02 -1.1426059916819E-01 -1.1426059916819E-01 -1.2575323140285E-17
  5.9973501996260E-02  6.7242548258625E-02  1.0062671294716E-01  1.3233608329056E-17
  5.9973501996262E-02  1.0062671294716E-01  6.7242548258626E-02  1.4542246955661E-17
  2.5732797480464E-18  2.1157942048354E-17  2.3179141158376E-17 -3.3360363767358E-02
 -4.9030949950905E+00 -5.1769491194010E-18 -8.8363109107367E-18  4.2854361221866E-18
  1.0179273332662E-04 -2.1910044162304E-04 -1.0884655212348E-20 -1.2313861201962E-21
 -2.0879224495852E+00 -9.0731437871129E-17 -1.9268751217677E-16 -7.7017562235964E-16
 -5.5203156498310E-17 -1.7189317225984E-01  2.5298237329551E-18 -6.5660354962996E-20
 -1.6641007220867E-16  3.4270352919256E-18 -1.7189317226010E-01 -7.6483105467535E-20
 -7.5717029290554E-16  1.4799321822519E-20 -6.3080207303579E-20 -1.7175821312491E-01
  5.7849259371262E-04  1.3694761737701E-03 -1.2469224185357E-20 -1.9477307649237E-20
 -1.3694761737701E-03 -2.6939716022783E-03 -5.8100407624523E-20 -6.9466224154360E-20
 -5.6932595182784E-20 -3.9251652797056E-20  4.8946588553574E-04 -6.6715184651077E-21
  1.4519073316216E-20  1.6504381881816E-21 -8.4303112425485E-21  7.3109746410674E-04
 -1.5519933209016E-01  2.3147367143819E-20 -2.6798497493190E-21 -5.5503480282523E-01
 -2.3261718637525E-04  1.1932783689003E-03 -9.2789633004182E-21 -8.4375371110623E-04
 -1.7894558798048E-01 -2.0934724605254E-18  1.5981001882545E-20  1.0149467543282E-01
  5.2896814187292E-19 -5.4870980739195E-02 -2.1636968600542E-19  7.2405429668650E-19
  5.9086075482320E-19 -2.2078282866712E-19 -5.4870980739195E-02 -1.1264278386539E-18
 -5.4810319386104E-01  4.3312328245612E-18  4.0982437283477E-18  2.2803073748996E-01
 -8.7544556244345E-04 -1.0251160342031E-03 -5.4936832187522E-21  7.2095963641650E-04
  3.4667087509421E-03  3.3977789030173E-03  1.8123238681134E-19 -2.6902314201292E-03
  2.2236347512532E-20  9.6641091195192E-20 -4.1660718454731E-04 -6.4765230940808E-20
 -2.4512417439112E-03 -2.6975297739464E-03 -5.4417104986402E-20  1.4864024720373E-03
  5.9663265812671E-06 -2.1414614683661E-07 -2.1414614683681E-07  1.0533236733684E-05
  1.6331561045960E-05  2.4849243265694E-05  3.0354281785244E-05 -2.4563476054181E-05
  1.6331561045960E-05  3.0354281785244E-05  2.4849243265694E-05 -2.4563476054181E-05
 -2.8533235667410E-06 -1.4422756478176E-05 -1.4422756478176E-05  1.5905490464051E-05
 -1.8761125905720E-01 -7.9284561715554E-18 -5.9730851357239E-18  1.5948924800195E-01
 -4.4022213562372E-18 -6.4651625756722E-02 -2.1824966620556E-18  1.2095986374612E-17
 -4.8226214580770E-18 -2.0509885988084E-18 -6.4651625756712E-02 -2.8491777637786E-18
 -4.3045923073323E-01 -2.3251654528999E-17 -7.9829192349117E-18  1.2320885354247E-01
 -3.7532266187209E-03 -7.2727781387834E-03 -4.6097412500751E-19  5.1906580384103E-03
  1.0974796825569E-02  1.6918543775323E-02  5.2368845888591E-19 -1.4114560352014E-02
  3.8475313150245E-19  1.0656522413945E-18 -2.9580392304652E-03 -8.0901986378323E-19
 -7.7472325314420E-03 -1.4079923865081E-02 -6.7529983443974E-19  7.0079447644528E-03
  1.3513040950931E-04  1.1626503603499E-04  1.1626503603500E-04  3.3195261642398E-04
  3.0045438080991E-05  1.6478578300446E-04  3.0298386101102E-04 -7.1015487631568E-04
  3.0045438080994E-05  3.0298386101103E-04  1.6478578300447E-04 -7.1015487631568E-04
  2.9462923764512E-04  2.6809765316148E-04  2.6809765316148E-04  5.5024021348376E-04
 -6.0887086047526E-03  1.4524381399880E-02  1.4524381399880E-02  2.0541992754247E-02
 -1.7549604616701E-02 -1.1164035987744E-02 -1.1164035987744E-02 -1.5826204746965E-02
  3.0470094668459E-02  9.7174314915977E-03  1.8376811548752E-02  2.6268760999589E-02
  3.0470094668459E-02  1.8376811548752E-02  9.7174314915979E-03  2.6268760999589E-02
  4.3114353457327E-02  2.6179317851128E-02  2.6179317851128E-02  2.8159791960927E-02
 -5.0971378726579E-02 -5.2383615755100E-02 -5.2383615755098E-02 -7.4064046549568E-02
  5.2227738650426E-02  5.9931443583632E-03  3.5262901227578E-02  7.2038079483948E-02
  5.2227738650429E-02  3.5262901227576E-02  5.9931443583601E-03  7.2038079483954E-02
  7.3943686114089E-02  7.2135392934304E-02  7.2135392934308E-02  4.1329346191858E-02
 -1.1772719078154E-04 -5.2370451065522E-04 -1.8070898270114E-04 -2.6812878609457E-04
  5.2335756396823E-04  1.8840515722521E-03  6.2923976171988E-04  8.9093677491786E-04
  1.6391129920928E-04  5.9961614316883E-04  9.6465649448939E-05  4.1888616863753E-04
  2.3898352068922E-04  8.5066440102683E-04  4.0862908988063E-04  3.9381616035932E-04
 -1.5512807813000E-01  3.9228383602787E-01  3.9228383602787E-01 -3.2954247567893E-18
 -1.7857999798203E-01 -7.1710485226335E-02 -7.1710485226336E-02 -1.4851389008746E-17
  3.8666447302168E-01  8.6586668251781E-02  1.4133079265910E-01  2.1861631968156E-17
  3.8666447302168E-01  1.4133079265910E-01  8.6586668251787E-02  2.8690817141329E-17
  2.5154596817581E-17  1.1809863476349E-17  9.9133044747050E-18 -5.4743290272145E-02
  2.3751525979166E-06 -8.9052444980951E-06  4.8869568501291E-06  1.0223259415509E-22
  2.0152794770213E-05  6.8014931749974E-05  9.6842428385769E-06  1.7470824009551E-21
  1.5122325172160E-05  2.7398799837173E-05  8.0757401049429E-06 -1.2197241647004E-20
  7.1851177398896E-21 -7.0685231339049E-21  1.5536068504347E-20 -6.3238575521467E-06
 -1.8714003045836E-01 -1.1255815379924E-01 -1.1255815379924E-01 -6.6494569722751E-17
  3.0332613781839E-01  2.9133886635406E-02  9.3490207227703E-02  1.1127093666970E-16
  3.0332613781839E-01  9.3490207227713E-02  2.9133886635397E-02  1.0535186050945E-16
  8.3769779735696E-17 -8.4302724037536E-18 -1.3639816934472E-17 -6.4462524355306E-02
  9.6536881441346E-05 -9.8187818626299E-05  2.7636728212094E-04  5.3060967103402E-21
 -8.6376753504153E-05  7.7072254116241E-04 -5.5980540949286E-04  1.0231276396669E-20
  2.3487994889104E-04  6.4708715700556E-04  1.9710127619074E-04 -5.6176510902923E-20
  3.0782490122638E-20 -2.0897783345199E-20 -4.4542804745092E-20 -1.3198361103986E-04
 -3.1080114146027E+00 -8.3284400768455E-19 -3.2748350739785E-18 -1.9869553429719E-17
 -6.0888281347915E-03  2.9055063955250E-02 -4.0357812837342E-20  6.2517314780950E-20
 -1.8087844933503E-05  6.2765793855480E-05  6.2765793855479E-05  2.5220299605520E-23
 -1.7906568561981E+00  2.9543463928314E-17  2.2997146094236E-17  2.9392352388704E-16
  2.1198727046809E-17 -5.4658433576878E-01  1.1178700336122E-19  7.5874562832611E-20
 -9.9606703317577E-17  1.0902124860759E-18 -5.4658433576874E-01  4.5143250922861E-19
 -2.9353466157151E-16  4.3893342865150E-19 -2.6426121062356E-19 -5.4675846916020E-01
 -1.7565254831233E-02 -2.2269903033165E-02 -3.7286589888521E-19 -4.9011156251005E-18
  6.1030618145042E-02  6.5094174513471E-02  1.9618476745355E-19  2.7184808437879E-17
 -2.8388047108338E-19  3.3867139067419E-19 -8.8969176174032E-03 -1.1497242447652E-21
 -6.4049022133985E-18 -5.2510415189744E-18 -5.6787136104196E-20 -8.6309672017712E-03
 -2.0942729826401E-04 -3.1720468290632E-04 -3.1720468290632E-04  3.3197709338145E-20
  7.0626287374012E-04  9.2868320278115E-04  1.0494988461531E-03  1.5455433936574E-19
  7.0626287374011E-04  1.0494988461531E-03  9.2868320278114E-04  1.9245140544318E-19
  8.2872879263685E-20  2.8339143776463E-20  4.8972677173206E-20 -1.2929098820050E-04
 -1.3431063087503E+00 -1.2027658930872E-16 -3.3135218618233E-17  1.3674364253766E-15
 -1.1900340857975E-16 -2.3973367994468E-01 -2.2995502053727E-17  8.1906933465369E-19
 -3.3311329073652E-17 -1.4140697020724E-17 -2.3973367994448E-01  1.3297573199727E-19
  1.2439213488681E-15 -1.0917312906317E-19  2.0728281398898E-19 -2.4096954687396E-01
 -5.0976478865368E-02 -1.0453887122213E-01 -7.4767004091958E-18  3.0672201745919E-17
  1.0453887122213E-01  1.4274187079748E-01  2.3813329796915E-17 -1.7616315805097E-17
 -7.7404062663283E-18 -3.2395536094243E-17 -6.0541784415522E-02 -1.8391107426834E-19
  3.0764061914184E-17  6.5238872463507E-18  1.6000952230974E-19 -2.9247365818316E-02
 -4.5837895998029E-03 -1.0784462987678E-02 -1.0784462987679E-02 -1.8327625066930E-18
  1.0784462987678E-02  2.2273398562409E-02  2.5204312555237E-02  8.3084515272498E-18
  1.0784462987679E-02  2.5204312555237E-02  2.2273398562408E-02  8.7034806773154E-18
  5.3836112631434E-19 -3.2841243396562E-18 -2.9593122634289E-18 -2.9206204971385E-03
  2.1806151681602E-05  1.0107536338754E-04 -1.3600933453012E-20 -1.7963444171597E-20
 -1.0107536338754E-04 -3.0148408924559E-04  3.3597065818247E-20  9.4095652621961E-21
  3.5026261301567E-21  4.2014939981447E-20 -1.3621957088396E-05 -1.1024895191725E-21
 -4.3129554090004E-21  1.0729177585982E-20 -6.2722255847246E-22 -5.5568575365188E-06
  5.1424100925463E-06 -3.7853489693849E-06 -3.7853489693847E-06  2.7043516309866E-05
  6.3089010406251E-06  7.1860589602577E-06  1.2749609988353E-05 -2.9467319283292E-05
  6.3089010406251E-06  1.2749609988353E-05  7.1860589602575E-06 -2.9467319283292E-05
 -1.2383534635312E-06 -1.4786337969801E-05 -1.4786337969802E-05  6.0263665496522E-05
  1.2223270710567E-03  6.9650124522258E-20 -8.4462267096568E-22 -2.6304465477878E-03
 -3.1295928442889E-20 -3.1223594980103E-04  2.7358555289219E-20  9.5113546093252E-21
 -3.1984752316983E-20  1.0177428821028E-20 -3.1223594980103E-04  1.2831199835428E-19
  2.6304465477878E-03  6.6264640990990E-20 -2.9249142087874E-20 -5.3893948350180E-03
  1.0204106116929E-04  1.5904362125801E-04  1.5904362125801E-04  1.2098115103834E-04
  1.8582667452898E-04  1.5043155883371E-04  2.8883539628357E-04 -6.3126993657189E-04
  1.8582667452898E-04  2.8883539628357E-04  1.5043155883371E-04 -6.3126993657188E-04
  1.2955416091867E-04  2.1804244687525E-04  2.1804244687525E-04  5.5388078014554E-04
 -1.4163539972740E-05 -1.1530736279229E-20 -4.5996171314281E-21  1.0025587586852E-04
 -2.1146692838052E-04 -1.3847591580734E-20  5.1928213789293E-20  1.0029245546504E-03
 -9.5029765756662E-21 -1.2440163015947E-04 -3.6149001334958E-20 -7.5280835387144E-21
  3.8860232673014E-20 -3.4580838118066E-20 -1.2440163015947E-04  1.0560955384279E-19
 -4.5146892648129E-04  2.6953562761500E-20 -7.0285732457733E-20  1.9517486359670E-03
 -4.5767846214902E-03 -5.1591445353518E-19 -5.0786474508733E-20  1.5242576170935E-02
 -2.7111926601701E-19 -2.9361958767432E-03  2.2491723509072E-20  1.9047720297078E-18
 -1.0651171443457E-18 -7.5640390962549E-20 -2.9361958767431E-03  2.2105677098854E-18
 -1.5242576170935E-02 -2.5420258128530E-18  7.0793178419433E-19  4.7472075848694E-02
 -1.2020778174305E-04 -3.5728659661781E-04 -7.4611680206093E-20  5.0796674486486E-04
  3.5728659661781E-04  7.0782275708148E-04  4.2796811069596E-20 -1.2854039696030E-03
  2.3666592647166E-20  3.2241973515514E-20  3.7774591255955E-05 -1.4412729076902E-19
 -5.0796674486485E-04 -1.2854039696030E-03  1.0801362340238E-20  1.6346685981632E-03
  3.1817811130266E-05  4.8918557392843E-05  4.8918557392843E-05 -6.3422939484972E-05
 -4.8918557392842E-05 -7.8964983668749E-05 -7.1759099246191E-05  9.5570722793556E-05
 -4.8918557392842E-05 -7.1759099246191E-05 -7.8964983668750E-05  9.5570722793557E-05
  6.3422939484972E-05  9.5570722793556E-05  9.5570722793556E-05 -1.5084271767021E-04
  2.1261642210347E+00 -5.2137857475564E-01  2.4074124304840E-35  0.0000000000000E+00
  1.7504703675653E-03 -4.1890283095139E-04  6.4177579519284E-04 -2.5410988417629E-21
 -7.6766654762389E-05  2.1762793586343E+00 -9.6296497219362E-35  0.0000000000000E+00
 -1.3604943146446E-02 -9.6296497219362E-35  2.0130867957917E+00  8.6736173798840E-19
 -2.4074124304840E-35  0.0000000000000E+00  8.6736173798840E-19  2.0130867957917E+00
  4.8148248609681E-35 -1.3604943146446E-02 -2.4074124304840E-35  4.8148248609681E-35
  1.9947220224824E+00  2.8663119127660E-03  5.0281281219714E-03  1.3552527156069E-20
  6.6106382260744E-04 -5.0281281219714E-03 -5.2734888197215E-03 -1.3010426069826E-18
 -4.0134791239361E-04  2.0328790734103E-20 -1.3010426069826E-18 -1.7599921779301E-03
  6.0185310762101E-36  6.6106382260744E-04  4.0134791239361E-04  0.0000000000000E+00
  1.2448567128176E-03 -7.3829554113296E-03 -6.0442471828701E-03 -6.0442471828701E-03
 -4.2268250771238E-04  6.0442471828701E-03  4.5214203244804E-03  4.3120304557847E-03
  4.1720214156961E-04  6.0442471828701E-03  4.3120304557847E-03  4.5214203244803E-03
  4.1720214156961E-04 -4.2268250771239E-04 -4.1720214156961E-04 -4.1720214156961E-04
  5.4431214199215E-04 -2.5503554935812E-03 -4.8148248609681E-35  9.6296497219362E-35
 -1.6375389811031E-04  8.1234087933686E-05 -1.2319188152373E-04 -2.1175823681355E-22
  5.3006186288425E-05 -6.5289386946546E-05  3.9622856896560E-05  3.9622856896560E-05
 -5.2929489908608E-05 -5.8851665643269E-03 -3.8518598887745E-34  3.8518598887745E-34
  8.5621344668474E-03  0.0000000000000E+00  2.8222022140142E-04 -3.3881317890172E-21
 -9.6296497219362E-35  0.0000000000000E+00  1.0164395367052E-20  2.8222022140142E-04
 -4.8148248609681E-35 -4.1527084930774E-04 -1.9259299443872E-34 -1.9259299443872E-34
  1.1859264060291E-02 -7.4991505689480E-04 -2.5973075190387E-03 -1.0164395367052E-20
 -4.6740596461521E-04  1.1621108312001E-03  2.9151393071051E-03 -8.4703294725430E-21
  2.2662993718729E-04 -6.7762635780346E-21 -8.4703294725430E-21  4.3740535778643E-04
 -3.3881317890172E-21 -4.3929883210782E-04 -5.3063476983786E-04  2.5410988417629E-21
 -9.3876838591446E-04  5.2180091452014E-04  1.9236050314118E-03  1.9236050314118E-03
 -3.9498294434498E-05 -4.0278905193047E-04 -1.7166326130773E-03 -1.6000807594039E-03
  9.6133281923916E-06 -4.0278905193047E-04 -1.6000807594039E-03 -1.7166326130773E-03
  9.6133281923916E-06  3.4243945894266E-04  4.6665144550296E-04  4.6665144550296E-04
 -3.9607454327733E-04  1.2858236694637E-03  0.0000000000000E+00  0.0000000000000E+00
  8.9904950648535E-04  0.0000000000000E+00  7.0051583954642E-04 -4.2351647362715E-22
  0.0000000000000E+00  0.0000000000000E+00 -4.2351647362715E-22  7.0051583954642E-04
 -1.2037062152420E-35  8.9904950648535E-04  0.0000000000000E+00 -1.2037062152420E-35
  1.1646881000174E-03  2.3029195277150E-04  2.4867963966373E-04  4.2351647362715E-22
  2.5992645651721E-04 -2.4867963966373E-04 -3.1738368718599E-04  0.0000000000000E+00
 -2.2344298393089E-04 -8.4703294725430E-22  0.0000000000000E+00  3.8776944017329E-05
  5.2939559203394E-22  2.5992645651721E-04  2.2344298393089E-04 -2.1175823681358E-22
  3.7365238622051E-04  7.9788351312256E-05  1.5040110688442E-05  1.5040110688442E-05
  7.6303661909514E-05 -1.5040110688442E-05  3.6608993348943E-05  3.6098452462184E-05
 -5.9079005480751E-05 -1.5040110688442E-05  3.6098452462184E-05  3.6608993348943E-05
 -5.9079005480751E-05  7.6303661909513E-05  5.9079005480751E-05  5.9079005480751E-05
  1.2619633642335E-04 -5.5864459823303E-05 -4.6808871671834E-05  6.3527471044073E-22
 -2.1861532357755E-05  4.6808871671834E-05  5.7512469819536E-05 -1.0568397823299E-22
  1.5472339404550E-05 -6.3527471044073E-22 -1.5324302128377E-22 -2.7651333245952E-05
  6.3527471044073E-22 -2.1861532357755E-05 -1.5472339404550E-05  6.3527471044073E-22
 -2.2696251205581E-05 -1.3436556297696E-03  9.4268088306007E-03 -8.3681535513435E-03
 -8.3681535513435E-03  1.0319135832340E-03 -4.8985522579133E-03  4.6413250871599E-03
  4.6413250871599E-03 -8.3735186700198E-04 -5.5570417870954E-05 -9.8922036285023E-05
  3.0706928766867E-04 -1.6399002998851E-05  2.1597836694746E+00 -8.9594775835820E-04
  3.4517912883788E-03  8.5197346042794E-03  8.5197346042794E-03  8.4284372817145E-04
 -2.1507023898149E-02  2.5746068615553E-02  2.5746068615553E-02 -3.4396643420871E-03
 -5.8012561781983E-02  3.3956079830563E-02  4.8154664819588E-02 -4.7467947019159E-03
 -5.8012561781983E-02  4.8154664819588E-02  3.3956079830563E-02 -4.7467947019159E-03
 -8.0854226795263E-03  2.3531628108000E-03  2.3531628108000E-03 -2.1267731125241E-02
 -1.8987474632143E-03  1.0943692302722E-03  1.9398255528666E-03 -1.5034421025850E-05
 -4.6045410410599E-03  2.0868897725452E-03  3.9329375099299E-03 -1.8881559469278E-04
  1.0754771629736E-03 -9.7380910359555E-04 -5.3045618132955E-04  1.1972596308714E-04
 -2.2338847111502E-04  1.7258233150884E-04  2.8085727957500E-04  3.8297911447498E-04
  4.9960277949571E-03 -4.8041672723158E-03 -4.8041672723158E-03  1.9091398190000E-03
  7.6872381379748E-03 -3.3308369504298E-03 -7.8770097824621E-03  4.1928576058331E-03
  7.6872381379748E-03 -7.8770097824621E-03 -3.3308369504298E-03  4.1928576058331E-03
  7.3324192869103E-03 -4.9546660043392E-03 -4.9546660043392E-03  1.2290914438837E-02
 -6.8319180164651E-05  3.2598168319783E-04 -1.6629697538433E-04 -3.1564789949882E-06
  1.3666232525640E-03 -1.3283850373694E-04 -1.5259541498635E-03  2.2148446770195E-04
 -9.1673898117020E-04  1.1400085139143E-03  3.1587145190973E-04 -1.7082435820651E-04
  1.1668071938771E-04 -5.9575625455447E-05 -3.6982227533557E-04 -3.8992450688411E-04
 -4.3900012931181E-01  0.0000000000000E+00 -2.4074124304840E-35  1.0115724906974E-03
  3.2427426069069E-03 -8.9275299876754E-03 -1.6940658945086E-20  9.8210288732500E-04
  7.7674523447270E-04 -4.8420484773471E-04 -4.8420484773471E-04 -1.7371173810305E-07
  8.6436182666990E-01  1.9259299443872E-34  0.0000000000000E+00  1.6149920072857E-02
  1.9259299443872E-34  7.9766033238183E-01  2.1684043449710E-19  0.0000000000000E+00
  0.0000000000000E+00  2.1684043449710E-19  7.9766033238183E-01  0.0000000000000E+00
  1.6149920072857E-02  0.0000000000000E+00  0.0000000000000E+00  8.2047547362931E-01
 -8.6357310351022E-03 -3.3969635483492E-02 -8.1315162936413E-20 -5.3512738552265E-03
  3.3969635483492E-02  6.3016096100006E-02 -2.1684043449710E-19  6.1356237648861E-03
  0.0000000000000E+00 -2.1684043449710E-19 -9.8369035992449E-03 -4.5739779151732E-20
 -5.3512738552265E-03 -6.1356237648861E-03  1.6940658945086E-20 -1.5272182914284E-02
 -2.0396898471316E-03 -2.6667871701098E-03 -2.6667871701098E-03 -6.5538434060418E-04
  2.6667871701098E-03  2.6244203053106E-03  3.4508579046318E-03  9.3237631788110E-04
  2.6667871701098E-03  3.4508579046318E-03  2.6244203053106E-03  9.3237631788110E-04
 -6.5538434060418E-04 -9.3237631788110E-04 -9.3237631788110E-04 -1.8245483744081E-04
  3.0341274986772E-03  7.5342990089747E-03  7.5342990089747E-03  7.5263265046645E-04
  9.9651180322613E-05  5.3955847370777E-04 -5.4650227091989E-05  1.2863377077900E-05
 -1.7999405977253E-02  1.0985408073366E-02  1.0985408073366E-02 -1.4803888127231E-03
 -5.0055632957287E-02  2.6121673951052E-02  3.5464864327335E-02 -3.9036285558468E-03
 -5.0055632957287E-02  3.5464864327335E-02  2.6121673951052E-02 -3.9036285558468E-03
 -7.0321345439517E-03  1.9678809169712E-03  1.9678809169712E-03 -1.4187025680670E-02
 -6.3878194219124E-04  2.5757318470738E-04  1.1879715151939E-04 -8.0743460749140E-05
 -3.9078667302340E-03  1.4804555629977E-03  2.4864437659683E-03 -2.7808950439123E-04
  5.5725193099907E-04 -1.8078290046134E-04 -4.2030022072205E-04  1.8013576039265E-05
 -1.1673452531220E-04  3.5667471976523E-05  1.2274550709864E-04  1.9606129948179E-04
  1.4101444207092E-04 -4.3261282592206E-04 -4.3261282592206E-04  1.0516389518951E-05
 -1.5570894342889E-04 -2.0186789443227E-04 -2.1825432579238E-04 -1.8219033559691E-06
 -1.5570894342889E-04 -2.1825432579238E-04 -2.0186789443227E-04 -1.8219033559690E-06
 -1.0257375940001E-04  9.3500272395391E-05  9.3500272395392E-05  5.2596358015007E-05
  3.5259412789470E-03 -2.9452093851571E-03 -2.9452093851571E-03  1.1148581015599E-03
  6.6361515721820E-03 -2.6756755088986E-03 -6.5592853470746E-03  3.6796915525962E-03
  6.6361515721820E-03 -6.5592853470746E-03 -2.6756755088986E-03  3.6796915525962E-03
  6.0190728488277E-03 -3.9583450480417E-03 -3.9583450480417E-03  1.0023643034759E-02
 -5.3502909561586E-05  1.9158273333352E-04 -2.0714104865243E-05  6.6988449624086E-05
  1.2198603525985E-03 -1.4621900818866E-04 -1.2910470914503E-03  2.8424629160426E-04
 -7.0908536452615E-04  8.8049708675727E-04  2.7310114403436E-04 -9.3663381070508E-05
  1.2986227365438E-04 -7.9932282440961E-05 -3.2558846386790E-04 -2.5359749864608E-04
  2.0390973930364E-04 -2.0146976998407E-04 -2.0146976998407E-04  3.1329437337635E-05
  4.1888377167530E-04 -4.7776766792646E-04 -3.8607705528099E-04  6.7413416686474E-05
  4.1888377167530E-04 -3.8607705528099E-04 -4.7776766792646E-04  6.7413416686474E-05
  2.1241638165888E-04 -2.1484924037981E-04 -2.1484924037981E-04 -2.8961439602895E-05
 -1.4650620597976E-01  0.0000000000000E+00  0.0000000000000E+00 -1.6405482320855E-03
  9.7193926618437E-04 -5.8943022841082E-03  3.3881317890172E-20  5.0800767718082E-04
 -1.2735181074133E-03  8.9610550929259E-04  8.9610550929259E-04  1.8870946090189E-04
  6.9009943656214E-05 -4.6790162372320E-04 -2.0328790734103E-20  1.4080257933227E-06
  5.7764454595102E-01  1.9259299443872E-34 -1.9259299443872E-34 -2.5762503298532E-02
  1.9259299443872E-34  6.6753399656362E-01  0.0000000000000E+00  3.8518598887745E-34
 -5.7777898331617E-34  0.0000000000000E+00  6.6753399656362E-01  0.0000000000000E+00
  5.1582272485820E-03  0.0000000000000E+00  0.0000000000000E+00  6.5589049768694E-01
 -5.4440654593889E-03 -7.7028122855791E-03  1.3552527156069E-20  1.6866966748955E-03
  2.9309199402416E-02  4.8155203124129E-02 -1.6263032587283E-19  4.2658742000078E-04
 -2.5749801596531E-19 -1.6263032587283E-19 -5.1620251780082E-03  1.0587911840679E-20
 -3.4569208811285E-03 -2.4287601780837E-03  1.6940658945086E-21 -6.1093668338117E-03
  8.8915741245486E-04  2.0269794714227E-03  2.0269794714227E-03  1.0908815283892E-03
  5.0128604814116E-04 -8.8749197404602E-04  3.6570980600657E-04 -7.0636823107739E-04
  5.0128604814116E-04  3.6570980600657E-04 -8.8749197404602E-04 -7.0636823107739E-04
 -9.8398115011915E-04 -6.8919431608201E-04 -6.8919431608201E-04 -1.2341160321471E-03
 -3.7446641809435E-04  5.6379740779282E-04  5.4210108624275E-20  2.8429710788154E-05
  3.1009669096753E-03  3.0622858487417E-03 -2.9424552795210E-21 -3.8060139622885E-05
  2.7105054312138E-20 -2.0781601755800E-21 -1.4821181535318E-04 -1.2705494208815E-20
 -3.4049181012086E-05 -1.0020301063035E-04 -1.8846483076408E-20 -4.3283391123675E-05
  5.1301860033696E-05  3.3981190154353E-04 -6.5548959764248E-05  7.2271053389822E-05
  1.8324401851627E-04 -1.9551922372941E-04  2.0077867159404E-04 -1.3046501831084E-04
  9.9194431360018E-05  5.1392517845451E-05  1.1380791195641E-04 -3.1903446469946E-05
  7.7013485765280E-06 -1.0595257885919E-05  1.6382029581624E-05  3.1044579874874E-05
  4.0155814444823E-01 -1.9259299443872E-34  1.9259299443872E-34 -2.6079445499787E-02
 -1.9259299443872E-34  5.5901073515663E-01  0.0000000000000E+00  1.9259299443872E-34
  1.9259299443872E-34  0.0000000000000E+00  5.5901073515663E-01  0.0000000000000E+00
 -2.6079445499787E-02  1.9259299443872E-34  0.0000000000000E+00  5.2472014310595E-01
 -3.2498896106649E-03 -7.0903327584983E-03 -2.0328790734103E-20  1.7140897682123E-03
  7.0903327584983E-03  3.6447011513451E-02  4.3368086899420E-19 -1.7916288851563E-03
  4.7433845046241E-20  4.3368086899420E-19 -1.6437111728737E-03 -2.9646153153901E-21
  1.7140897682123E-03  1.7916288851563E-03 -9.3173624197973E-21 -3.1389775229042E-05
  2.1001060811905E-03  2.8977924344403E-03  2.8977924344403E-03  6.7276851629132E-04
 -2.8977924344403E-03 -3.3100938152941E-03 -1.8542097620077E-03 -6.4307833874662E-04
 -2.8977924344403E-03 -1.8542097620077E-03 -3.3100938152941E-03 -6.4307833874662E-04
  6.7276851629132E-04  6.4307833874662E-04  6.4307833874662E-04 -1.7325049858172E-03
  8.0271211928032E-06  6.1614688435256E-04  1.3552527156069E-20  3.7402709936493E-05
 -6.1614688435256E-04  2.0168007814428E-04 -2.1793981329659E-19 -1.6255358388288E-04
  1.3552527156069E-20 -2.1742272232678E-19 -2.7013107539626E-04  1.0164395367052E-20
  3.7402709936493E-05  1.6255358388288E-04  3.3881317890172E-21 -6.8836951513654E-05
  5.9282703938235E-05  3.8169025981315E-04 -6.7571455360548E-05  6.9423306017582E-05
 -3.8169025981315E-04 -7.1281652151190E-04 -1.6901952653164E-05 -1.3584233375583E-04
  6.7571455360548E-05 -1.6901952653164E-05  2.2587462215130E-04 -3.2795523405521E-06
  6.9423306017581E-05  1.3584233375583E-04  3.2795523405519E-06  6.1984677469405E-05
  8.7017319448723E-05  1.3865068032115E-04  1.3865068032115E-04  3.4561802101543E-05
 -1.3865068032115E-04 -1.6528215073907E-04 -1.9130457560676E-04 -3.9402732574376E-05
 -1.3865068032115E-04 -1.9130457560676E-04 -1.6528215073906E-04 -3.9402732574375E-05
  3.4561802101543E-05  3.9402732574376E-05  3.9402732574376E-05  4.2670785603393E-06
 -2.1405485215712E-04  2.5155581826981E-04  2.5155581826981E-04  5.0855847478562E-04
 -6.6360448266463E-05  1.9329056149600E-05  1.9329056149600E-05 -1.6644066497980E-04
 -1.1789640582006E-03  2.6842236334541E-03  4.8148248609681E-35  0.0000000000000E+00
 -1.1644655994073E-02 -1.0370084319433E-04 -1.7873662737973E-04 -2.1175823681358E-21
  2.7047576358975E-04  3.0319423043343E-03 -3.8518598887745E-34  0.0000000000000E+00
 -9.6889474470631E-03 -9.0734556105429E-05 -1.7918314050995E-04  8.4703294725430E-22
  1.4833894216654E-04  9.5662058587723E-05  2.1067990100755E-04  2.1067990100755E-04
 -3.5609774291326E-04  2.1262340363164E+00 -2.4522919054514E-04 -3.1495834768694E-04
 -3.1495834768694E-04 -3.2826855294874E-04  1.3620408515781E-03 -1.9222775072360E-03
 -1.9222775072360E-03 -3.7992945731202E-03  2.4351455340321E-03 -1.4024664138666E-03
 -1.9947718029996E-03 -9.5756383968545E-04  2.4351455340321E-03 -1.9947718029996E-03
 -1.4024664138666E-03 -9.5756383968545E-04  2.3985068609336E-03 -9.2022535815853E-04
 -9.2022535815853E-04 -3.9992869888300E-03  3.0644969694323E-04 -5.0135811638981E-06
 -5.0135811638981E-06  1.3074978083945E-03 -1.2093800833559E-03  6.3668614697330E-04
  9.6010239710551E-04  5.7433956343439E-04 -1.2093800833559E-03  9.6010239710551E-04
  6.3668614697330E-04  5.7433956343439E-04 -8.6917392733899E-04  4.2551113120030E-04
  4.2551113120030E-04  2.2707719922647E-03  1.8790429870822E-05 -4.0371292743065E-05
  3.7352521528957E-05 -6.6254599052008E-05 -7.6825881878399E-05  1.8148536929581E-05
  8.2568346650451E-05 -3.7440124580385E-05 -4.3643069162556E-05  9.7647077497203E-06
  2.3841887165172E-05  3.5533141771655E-05 -1.3891499276806E-05 -2.7017797657004E-05
  6.6176719026662E-06 -7.6488886919192E-05  7.9990154295190E-03  0.0000000000000E+00
  0.0000000000000E+00  1.1144574781127E-02 -3.6643496020228E-04  5.0751716809019E-04
 -5.9292306307801E-21 -2.3966019769793E-04 -1.4795244215773E-02  0.0000000000000E+00
  0.0000000000000E+00  7.9024445628242E-02  0.0000000000000E+00 -1.4381916894213E-02
  3.3881317890172E-21  0.0000000000000E+00  0.0000000000000E+00 -2.3716922523120E-20
 -1.4381916894213E-02  3.8518598887745E-34 -3.2387976435524E-02  4.8148248609681E-35
  4.8148248609681E-35  8.3913164929100E-02  5.6979578732832E-04  1.3559493896706E-03
  1.6940658945088E-20 -2.1546071802082E-03 -1.7310722618428E-03 -2.0669587726448E-03
  2.3716922523120E-20  5.7995478831723E-04 -1.6940658945086E-20  1.6940658945086E-20
 -7.5398506006967E-04  1.3552527156069E-20  6.0836362620031E-04  7.8406745281452E-05
  4.2351647362715E-21 -1.9728516807048E-03 -1.2670788118111E-03 -1.6255143790450E-03
 -1.6255143790450E-03  3.4383230892483E-03  1.1387683558668E-03  1.0858425673276E-03
  9.6291855316957E-04 -2.4278272419649E-03  1.1387683558668E-03  9.6291855316957E-04
  1.0858425673276E-03 -2.4278272419649E-03  5.0721141413802E-04  6.8449979408032E-04
  6.8449979408032E-04 -5.5746403754943E-04 -1.6741128364750E-02  1.5407439555098E-33
  0.0000000000000E+00  6.4406504726780E-02  0.0000000000000E+00 -9.2668852766060E-03
 -6.7762635780344E-21  0.0000000000000E+00  0.0000000000000E+00 -6.7762635780344E-21
 -9.2668852766060E-03  0.0000000000000E+00 -1.4801355293867E-02  2.4074124304840E-35
 -2.4074124304840E-35  6.2268599257792E-02  5.1982787305255E-04  1.2561599633065E-03
 -2.7105054312138E-20 -1.2077239511881E-03 -5.2933116296480E-05 -8.5608297239697E-04
 -3.3881317890172E-21  1.9944800936984E-04  0.0000000000000E+00  3.3881317890172E-21
 -4.2875463769837E-04  0.0000000000000E+00  2.1102143154597E-04  1.3926234180243E-04
  2.3293406049493E-21 -7.0383591739125E-04 -5.3892577490349E-04 -1.4202194639581E-03
 -1.4202194639581E-03  2.7100769175961E-03  2.3387312709244E-04  9.0007439873865E-04
  7.5799179055780E-04 -1.5988904248239E-03  2.3387312709244E-04  7.5799179055780E-04
  9.0007439873865E-04 -1.5988904248239E-03 -5.1244223398433E-06  3.2225441944418E-04
  3.2225441944418E-04 -5.3030629227369E-04  1.1752247730545E-06 -1.6385655716880E-05
 -6.7762635780344E-21  2.5022499650726E-04  1.0799281449336E-05  2.4034232329317E-05
 -1.5873562048804E-20 -7.9697125508162E-05 -8.4703294725430E-22 -1.7657959831289E-20
 -8.8274751589736E-05  6.7762635780344E-21 -1.1412989309521E-05 -3.0348711952236E-05
  8.4703294725430E-22  9.9413085162506E-06  5.5764685503587E-06 -1.3689095048992E-04
 -3.9932672611213E-05  6.0026579432811E-05  1.1407158514908E-05  9.7253880488389E-05
  1.0557926640379E-05 -3.0325686326681E-05 -1.8277501551849E-05  7.8838647533859E-05
  2.0997744396882E-05 -5.3484810439923E-05 -1.4184282784843E-05  1.9198717909130E-05
 -7.7293598518966E-06  2.1964825305223E-05 -5.2159056222238E-01  0.0000000000000E+00
  0.0000000000000E+00  0.0000000000000E+00 -2.9747963372946E-04  5.8131233491931E-04
 -1.0164395367052E-20  0.0000000000000E+00  2.1768246908411E+00  0.0000000000000E+00
  0.0000000000000E+00  0.0000000000000E+00  0.0000000000000E+00  2.0085006536187E+00
  0.0000000000000E+00  0.0000000000000E+00  0.0000000000000E+00  0.0000000000000E+00
  2.0085006536187E+00  0.0000000000000E+00  0.0000000000000E+00  0.0000000000000E+00
  0.0000000000000E+00  2.0097177169177E+00  1.8765665270151E-03  4.4392841298380E-03
 -1.3552527156069E-19  0.0000000000000E+00 -4.4392841298380E-03 -4.9135078751240E-03
  8.6736173798840E-19  0.0000000000000E+00  8.1315162936413E-20  8.6736173798840E-19
 -1.7081523670575E-03  0.0000000000000E+00  0.0000000000000E+00  0.0000000000000E+00
  0.0000000000000E+00  4.8089652346379E-04 -5.6387535753823E-03 -5.1693114488754E-03
 -5.1693114488754E-03  0.0000000000000E+00  5.1693114488754E-03  4.2530840039915E-03
  4.0283792852427E-03  0.0000000000000E+00  5.1693114488754E-03  4.0283792852427E-03
  4.2530840039915E-03  0.0000000000000E+00  0.0000000000000E+00  0.0000000000000E+00
  0.0000000000000E+00  2.2877608333176E-04  2.4056385265285E-05  6.9619390848810E-05
  6.9619390848810E-05  4.8476245695231E-05 -2.4379703260876E-04  9.0703092101833E-04
  9.0703092101833E-04  1.5504905652470E-03 -5.6794747685504E-04  5.9926413541327E-04
  8.9497625565752E-04  4.9763184478158E-04 -5.6794747685504E-04  8.9497625565752E-04
  5.9926413541327E-04  4.9763184478158E-04 -4.5491006096488E-04  6.4194936267332E-04
  6.4194936267332E-04  1.6961578910367E-03  1.2911910031767E-05  5.4958331887056E-05
  6.3327422610038E-05 -5.0444822194096E-06  2.4217634846076E-05  2.9250309491890E-05
  6.0282119193474E-05  9.9724369292995E-06 -2.4477067883974E-05  3.5723740758758E-05
  1.7312216677214E-05  5.2897195308797E-05  6.4326962041939E-05 -6.6170455941159E-05
 -1.1138665636609E-06 -5.1977423146773E-05 -7.4239638723823E-05  4.7587096763480E-05
  4.7587096763480E-05 -1.6065631213047E-04  4.5189934904237E-05 -3.7020001754021E-05
 -7.7699674323914E-05 -2.7157304661676E-05  4.5189934904237E-05 -7.7699674323914E-05
 -3.7020001754021E-05 -2.7157304661676E-05 -9.7627780395529E-05  4.8360324215912E-05
  4.8360324215912E-05 -2.3578885394067E-04 -1.4323619050338E-05  2.4460322470533E-06
 -1.0060675724051E-05 -2.6823249725157E-06 -1.2643747433915E-05  1.3176360312164E-05
 -7.3087685107993E-06 -1.7476482496191E-05 -1.1922467757468E-05  1.4811567607480E-05
 -7.7482105408148E-06 -1.1980595053268E-05  1.8047226202615E-06  1.9060551019929E-07
  7.8271620250753E-06  7.5591734375761E-06 -3.9128748143770E-03  0.0000000000000E+00
 -1.9259299443872E-34 -5.5789729626546E-03  2.6986391360301E-04 -4.2990742216709E-04
 -1.6940658945086E-21  2.0744069887324E-04  9.2226377759627E-05  1.1017603023759E-05
  1.1017603023759E-05  3.4676633650038E-04 -7.6700633568679E-05  0.0000000000000E+00
  0.0000000000000E+00 -1.0414919659797E-02  0.0000000000000E+00  4.4978938564308E-03
 -1.6940658945086E-21  0.0000000000000E+00  0.0000000000000E+00  5.0821976835258E-21
  4.4978938564308E-03  0.0000000000000E+00 -6.2184041662768E-04  0.0000000000000E+00
  0.0000000000000E+00 -1.5734116537080E-02  2.1763190087594E-04 -3.0184976596725E-04
 -5.0821976835258E-21  1.0075397678971E-03  1.4824840919688E-04  4.9213703108982E-04
 -1.6940658945086E-21  3.3219341722812E-04 -1.6940658945086E-21 -1.6940658945086E-21
  2.2470840870403E-04  0.0000000000000E+00  2.0905298539406E-04  6.6555985164379E-04
 -1.6940658945086E-21  8.9849417359537E-04 -5.5446994689374E-04  9.5476059253199E-05
  9.5476059253199E-05 -1.5112158538421E-03  4.3522382684414E-04 -1.2537278764676E-05
  9.2216587814609E-05  1.2116379223045E-03  4.3522382684414E-04  9.2216587814609E-05
 -1.2537278764676E-05  1.2116379223045E-03 -3.5980502238562E-04 -7.6138807823348E-04
 -7.6138807823348E-04 -5.0479717241218E-05  3.2586091100649E-04  0.0000000000000E+00
  0.0000000000000E+00 -8.3734474366902E-03  0.0000000000000E+00  3.7650953816563E-03
 -1.6940658945086E-21  0.0000000000000E+00 -2.4074124304840E-34 -1.6940658945086E-21
  3.7650953816563E-03  0.0000000000000E+00 -3.2155080220549E-05 -4.8148248609681E-35
  4.8148248609681E-35 -1.2424987827226E-02  7.0068806470812E-05 -3.0118096251570E-04
 -1.6940658945086E-21  7.1734849773832E-04 -7.6696921469534E-05  3.7551011852147E-04
  0.0000000000000E+00  2.8664507891149E-04  1.2705494208815E-21  0.0000000000000E+00
  1.9565038434972E-04  1.6940658945086E-21  1.0189224202314E-04  5.0363609926952E-04
 -1.6940658945086E-21  6.0601981744611E-04 -2.8041585969508E-04  8.3299086557225E-05
  8.3299086557225E-05 -1.1996275389416E-03  2.2026638997027E-04 -3.7015363288507E-05
  5.3842092255287E-05  9.7096435854861E-04  2.2026638997027E-04  5.3842092255287E-05
 -3.7015363288507E-05  9.7096435854861E-04 -2.4259996293714E-04 -6.6694033765850E-04
 -6.6694033765850E-04  2.5194855475534E-05 -1.3921792354780E-05 -1.4909033366210E-04
  3.5998900258308E-21 -2.5099258466395E-04  1.3632077197337E-05  1.6256755109740E-04
 -3.5502635360802E-22  1.9183171890578E-04 -8.4703294725430E-22 -1.6431977717091E-21
  1.0692662686164E-04  1.0164395367052E-20  1.0805322758617E-05 -2.0307576398331E-05
  6.7762635780344E-21 -6.7459848071566E-05  2.7387050669744E-06  3.4771763155079E-05
  2.2969311081576E-05  2.8454560097188E-05  1.8467633114120E-06 -3.5020075628747E-06
  8.8237479478568E-06 -7.5869417735610E-05  6.2127192841424E-07 -4.1042734714864E-05
 -2.7906097230722E-05  1.1847789491963E-05 -5.5866724397777E-06 -8.4429087454543E-05
  1.3680339062772E-05 -2.2634926622374E-05 -3.2948552141449E-03  0.0000000000000E+00
  0.0000000000000E+00  0.0000000000000E+00  3.2516527021524E-06 -8.9702670521217E-05
 -2.1175823681358E-22  0.0000000000000E+00  4.3752551004520E-05 -7.4938977622422E-06
 -7.4938977622422E-06  0.0000000000000E+00 -1.8992151586126E-03  0.0000000000000E+00
  0.0000000000000E+00  0.0000000000000E+00  0.0000000000000E+00  4.9165386701126E-03
 -3.3881317890172E-21  0.0000000000000E+00  0.0000000000000E+00 -3.3881317890172E-21
  4.9165386701126E-03  0.0000000000000E+00  0.0000000000000E+00  0.0000000000000E+00
  0.0000000000000E+00  3.6138438819313E-03 -1.5635940746413E-04 -2.0576614585425E-03
  6.7762635780282E-21  0.0000000000000E+00  8.6525796777746E-04  2.5206485610141E-03
  3.3881317890172E-21  0.0000000000000E+00  0.0000000000000E+00 -3.3881317890172E-21
  4.2647374971980E-04  0.0000000000000E+00  0.0000000000000E+00  0.0000000000000E+00
  0.0000000000000E+00 -2.1004242753491E-04 -2.4391150863416E-04  1.2662330610478E-03
  1.2662330610478E-03  0.0000000000000E+00 -4.1700333714603E-05 -1.4342692387008E-03
 -1.2961832516177E-03  0.0000000000000E+00 -4.1700333714603E-05 -1.2961832516177E-03
 -1.4342692387008E-03  0.0000000000000E+00  0.0000000000000E+00  0.0000000000000E+00
  0.0000000000000E+00 -1.6005846495330E-04  4.6474552683744E-04  0.0000000000000E+00
  3.8518598887745E-34  0.0000000000000E+00  0.0000000000000E+00  2.8734262336955E-04
 -4.2351647362715E-22  0.0000000000000E+00  3.8518598887745E-34 -4.2351647362715E-22
  2.8734262336955E-04  0.0000000000000E+00  0.0000000000000E+00  0.0000000000000E+00
  0.0000000000000E+00  7.9617198489371E-04 -3.5965007229499E-05  4.2933758065942E-05
 -1.3234889800848E-22  0.0000000000000E+00 -4.2933758065942E-05 -9.6435620580792E-05
  2.1175823681358E-22  0.0000000000000E+00  2.6469779601697E-23  2.1175823681358E-22
 -9.2332245679873E-06  0.0000000000000E+00  0.0000000000000E+00  0.0000000000000E+00
  0.0000000000000E+00 -1.3771714817915E-05  1.0839405600359E-04  4.0967825914870E-05
  4.0967825914870E-05  0.0000000000000E+00 -4.0967825914870E-05  1.4682192654506E-05
 -9.0471371065969E-07  0.0000000000000E+00 -4.0967825914870E-05 -9.0471371065969E-07
  1.4682192654506E-05  0.0000000000000E+00  0.0000000000000E+00  0.0000000000000E+00
  0.0000000000000E+00  2.5944766214257E-05  1.7374636785555E-05 -1.8304429298965E-06
 -1.1249656330721E-22  0.0000000000000E+00  1.8304429298965E-06  2.2964897391439E-05
  7.3267383034866E-24  0.0000000000000E+00  4.2351647362715E-22  1.3934444990288E-23
 -3.0281482971180E-06  0.0000000000000E+00  0.0000000000000E+00  0.0000000000000E+00
  0.0000000000000E+00  6.0048626892574E-06 -1.2195352884492E-03  8.5109770075333E-03
  0.0000000000000E+00  0.0000000000000E+00 -1.1143068692182E-02 -3.7317892381845E-04
 -4.4788361125771E-04  1.6940658945086E-21  4.0946211712043E-04 -4.5545744419097E-03
  0.0000000000000E+00  0.0000000000000E+00  5.1320402245587E-03  2.4610510850722E-04
  3.4657487652008E-04  0.0000000000000E+00 -3.1153176920215E-04 -8.6894513617078E-05
 -1.1070735617174E-04 -1.1070735617174E-04 -3.7615700631237E-04 -7.1675893864606E-04
  2.4805260139168E-03  3.9932730950843E-03  3.9932730950843E-03  5.6275902983846E-03
  9.0591084845485E-04  2.6974209958654E-03  2.6974209958654E-03  4.0536829354831E-03
  6.0006261116865E-05  2.9311339951102E-04  1.0986712347383E-04  1.1152066332377E-04
 -1.2101043673237E-03  8.2544605190398E-03  8.0508456963829E-03  8.0508456963829E-03
  0.0000000000000E+00 -4.0413735436917E-03 -4.0741565197988E-03 -4.0741565197988E-03
  0.0000000000000E+00  3.5193434086475E-05  1.6768105758405E-04 -2.4699577712970E-04
  0.0000000000000E+00  2.1599891720576E+00 -7.1872002516406E-04  3.1074818270258E-03
 -1.9259299443872E-34  0.0000000000000E+00  1.1181461740204E-02 -1.3424185035025E-04
  2.4834407028745E-04 -1.6940658945086E-21 -1.3860359627527E-04 -1.8363339881850E-02
  0.0000000000000E+00  0.0000000000000E+00  3.2906991801470E-02 -3.0814879110196E-33
 -1.3959416290050E-02  0.0000000000000E+00 -7.7037197775489E-34  3.8518598887745E-34
  0.0000000000000E+00 -1.3959416290050E-02 -5.7777898331617E-34 -7.3785532044037E-02
  0.0000000000000E+00  0.0000000000000E+00  7.8219456464868E-02  7.3760971790776E-04
  1.4990559677132E-03  0.0000000000000E+00 -1.5057892897039E-03 -1.7976467756788E-03
 -1.8251052929175E-03 -3.3881317890172E-21  1.0616647867804E-03  0.0000000000000E+00
  1.0164395367052E-20 -1.0554020414133E-03  1.2705494208815E-20  9.4370241568665E-04
  6.7227803056956E-04  6.7762635780344E-21 -1.7786902499165E-03 -2.0829517870974E-03
 -1.4971652529190E-03 -1.4971652529190E-03 -9.6865433617339E-04  2.1705011279393E-03
  1.2569679968814E-03  1.1716297463595E-03  1.2298940234611E-03  2.1705011279393E-03
  1.1716297463595E-03  1.2569679968814E-03  1.2298940234611E-03 -4.1007284381421E-03
 -2.5435159901024E-03 -2.5435159901024E-03 -1.2779488072197E-03  3.0568315252274E-03
 -3.8518598887745E-34  0.0000000000000E+00 -2.4891929277339E-03  0.0000000000000E+00
  4.3975027225160E-03 -5.0821976835258E-21  1.5407439555098E-33  1.9259299443872E-33
 -5.0821976835258E-21  4.3975027225160E-03 -2.5037089277034E-33  3.9567750037988E-03
  2.4074124304840E-35  0.0000000000000E+00 -4.1720478842006E-03  3.0643202558913E-04
  1.2242449311756E-04  4.2351647362715E-22  4.3969659631620E-04  2.9542064211489E-04
 -7.1288258568067E-05 -3.3881317890172E-21 -1.8650122384559E-04  0.0000000000000E+00
 -3.3881317890172E-21  6.8303906442487E-04  1.6940658945086E-21  4.2589406856890E-05
  4.0079489031375E-04  3.3881317890172E-21  7.6841088189109E-04  1.8397732171052E-04
  4.4027747621715E-05  4.4027747621715E-05  5.8856198812592E-04 -6.3473922074624E-04
 -2.1577643195110E-04 -1.7337127026070E-04 -1.2467927714758E-03 -6.3473922074624E-04
 -1.7337127026070E-04 -2.1577643195110E-04 -1.2467927714758E-03  1.7164606100535E-03
  1.0158966240327E-03  1.0158966240327E-03  1.0743687242619E-03  2.5207283162383E-03
 -3.8474946307596E-03 -3.8474946307596E-03 -5.5794843843365E-03 -4.8944669446543E-03
 -1.5173378415364E-02 -1.5173378415364E-02 -2.1055117815166E-02  1.3526820869081E-02
  8.0674049276623E-03  1.7323890991254E-02  2.3708279351574E-02  1.3526820869081E-02
  1.7323890991254E-02  8.0674049276623E-03  2.3708279351574E-02  1.9661946305213E-02
  2.3459037999707E-02  2.3459037999707E-02  2.5347123791789E-02 -1.0774151253088E-03
 -1.9331521096335E-03 -4.2684408293197E-04 -3.6561176328301E-04  1.6498578231508E-03
  1.1458874510370E-03  1.1257600481607E-03  1.2537317405737E-03  8.1387219785358E-04
  1.5894553042856E-03 -4.0168136040875E-04 -1.0168723421499E-03  1.1191067691498E-03
  2.0160185971083E-03 -7.5352883971834E-04 -1.3386290558996E-03 -5.4744725456598E-03
 -1.3621282965017E-02 -1.3621282965017E-02 -1.8361635456100E-02  4.8435107462902E-03
  8.4686814833984E-03  1.3515584629646E-02  1.8364381089759E-02  4.8435107462901E-03
  1.3515584629646E-02  8.4686814833984E-03  1.8364381089759E-02  6.8409715345505E-03
  1.8476284861498E-02  1.8476284861498E-02  2.1277492523725E-02 -2.6140320061313E-04
 -1.5747210791088E-03 -4.0067695059637E-04 -5.2390577821595E-04 -1.4343897395440E-04
  9.5705748847195E-04  5.9324624676508E-04  1.0901557824153E-03 -1.3343843337868E-05
  8.8559265927296E-04 -1.4470531704369E-04 -1.8472064104685E-04 -2.0764841898052E-04
  9.4767757813379E-04 -3.1336879058816E-04 -3.7051501827361E-04  8.0685735624688E-05
 -1.5399202673950E-04 -1.5399202673950E-04 -4.3965466341749E-05 -1.6434269476351E-04
  1.7086893395234E-05  4.0687755966162E-05 -3.8438353525632E-05 -1.6434269476351E-04
  4.0687755966162E-05  1.7086893395234E-05 -3.8438353525632E-05 -2.7232430958304E-04
 -1.4428765922552E-04 -1.4428765922552E-04 -1.5463610351257E-04  3.0191528906327E-03
 -7.8437891234341E-03 -7.8437891234341E-03  0.0000000000000E+00 -1.7712210085758E-02
 -2.4459014582093E-02 -2.4459014582093E-02  0.0000000000000E+00  5.1370328762832E-02
  3.2803814283039E-02  4.6941744343583E-02  0.0000000000000E+00  5.1370328762832E-02
  4.6941744343583E-02  3.2803814283039E-02  0.0000000000000E+00  0.0000000000000E+00
  0.0000000000000E+00  0.0000000000000E+00 -1.3929368741709E-02 -1.4360535502060E-03
 -8.1188196652988E-04 -1.6052031957420E-03  0.0000000000000E+00  3.7986301953299E-03
  1.8055314606005E-03  3.4583587561366E-03  0.0000000000000E+00 -6.2461044370910E-04
 -7.8153091934534E-04 -3.1094605947956E-04  0.0000000000000E+00  0.0000000000000E+00
  0.0000000000000E+00  0.0000000000000E+00  2.4830640607549E-05  2.2285799009439E-03
  2.2182094500016E-03  2.2182094500016E-03  0.0000000000000E+00 -1.5611293567770E-03
 -5.6680894127858E-04 -4.6980815874781E-03  0.0000000000000E+00 -1.5611293567770E-03
 -4.6980815874781E-03 -5.6680894127858E-04  0.0000000000000E+00  0.0000000000000E+00
  0.0000000000000E+00  0.0000000000000E+00  3.7157329585043E-03 -2.6733317606488E-04
 -4.4399761171062E-04 -7.3444041584514E-05  0.0000000000000E+00 -7.6310418015510E-04
  1.2547960578382E-04 -9.8825686202415E-04  0.0000000000000E+00  5.2108140779560E-04
  8.7732496981378E-04  9.4489700598436E-05  0.0000000000000E+00  0.0000000000000E+00
  0.0000000000000E+00  0.0000000000000E+00  3.5765784505667E-06 -4.3967024913864E-01
  7.7037197775489E-34  0.0000000000000E+00  0.0000000000000E+00  2.4730920702838E-03
 -7.7905353334963E-03  3.3881317890172E-20  0.0000000000000E+00  7.8168749965535E-04
 -3.5933188854690E-04 -3.5933188854690E-04  0.0000000000000E+00  8.5719549574803E-01
  0.0000000000000E+00  3.0814879110196E-33  0.0000000000000E+00  0.0000000000000E+00
  8.1198237146835E-01 -1.3010426069826E-18  0.0000000000000E+00  3.0814879110196E-33
 -1.3010426069826E-18  8.1198237146835E-01  0.0000000000000E+00  0.0000000000000E+00
  0.0000000000000E+00  0.0000000000000E+00  8.1090372146130E-01 -5.4011390461906E-03
 -2.8097403378364E-02  3.2526065174565E-19  0.0000000000000E+00  2.8097403378364E-02
  5.6838984239015E-02  0.0000000000000E+00  0.0000000000000E+00  1.3552527156069E-19
  0.0000000000000E+00 -6.9890264154578E-03  0.0000000000000E+00  0.0000000000000E+00
  0.0000000000000E+00  0.0000000000000E+00 -8.8404858308574E-03 -1.4789447207037E-03
 -1.8949003815108E-03 -1.8949003815108E-03  0.0000000000000E+00  1.8949003815108E-03
  1.9358668135189E-03  1.9176714056410E-03  0.0000000000000E+00  1.8949003815108E-03
  1.9176714056410E-03  1.9358668135189E-03  0.0000000000000E+00  0.0000000000000E+00
  0.0000000000000E+00  0.0000000000000E+00 -3.5734317576793E-04  2.6314028294784E-03
  1.9259299443872E-34 -1.9259299443872E-34  9.5638313856243E-03 -5.3817354856995E-05
  1.6457163493427E-04 -8.4703294725430E-22 -8.6874995655009E-05  8.8617551153759E-05
 -2.5445990934389E-04 -2.5445990934389E-04  3.9739457414243E-04 -1.5339652881937E-02
  1.9259299443872E-34  0.0000000000000E+00  1.6711757869143E-02 -3.0814879110196E-33
 -9.1401582260019E-03  3.3881317890172E-21  0.0000000000000E+00 -2.3111159332647E-33
  1.0164395367052E-20 -9.1401582260019E-03  0.0000000000000E+00 -6.2370747428163E-02
 -1.9259299443872E-34  1.9259299443872E-34  6.1765817306829E-02  2.6796774731890E-04
  2.8381199091562E-05 -1.0587911840679E-21 -1.4809359856481E-04 -1.1409367873151E-03
 -7.1234627684865E-04 -8.4703294725430E-21  4.5867326425890E-04  6.7762635780345E-21
 -8.4703294725430E-21 -5.1353371414150E-04  1.2705494208815E-21  5.2212576685734E-04
  6.9981922916927E-05  1.3552527156069E-20 -9.7472118889691E-04 -5.6581894114379E-04
 -1.0430488839936E-04 -1.0430488839936E-04  2.5619601589581E-05  1.8378586996996E-03
  8.9782709372360E-04  7.5315781100022E-04  5.4721864092688E-04  1.8378586996996E-03
  7.5315781100022E-04  8.9782709372360E-04  5.4721864092688E-04 -3.0387005390629E-03
 -1.3805891528982E-03 -1.3805891528982E-03 -9.1971067372202E-04  3.3619180942217E-05
  1.7936320197404E-05  6.3527471044073E-22  8.3224655582242E-06  6.5151958118558E-05
  3.7536517505340E-05  6.3982411816443E-22 -6.9977130318633E-06  4.7433845046241E-20
 -1.7213848817138E-21 -9.9944962829193E-05 -2.1175823681358E-21 -2.4595402147824E-04
 -5.4678754702096E-05  3.3881317890172E-21 -3.2996330350075E-06 -7.4484765505057E-07
 -8.6150099727111E-06  1.5612751269866E-05  1.7780021510346E-05  1.7537008038216E-04
  9.8310201259690E-05  8.6822638844294E-05  2.4118960301445E-05  5.1428148641885E-05
  8.3978485981752E-06  2.4211968187943E-05 -7.1264283409028E-06 -8.3231300817392E-05
 -5.2157972388065E-05 -6.2488069013733E-05  3.4228849807493E-06  2.1993091778106E-03
  0.0000000000000E+00  0.0000000000000E+00 -1.7213623508926E-03  3.0814879110196E-33
  3.6076178075162E-03  1.6940658945086E-21  0.0000000000000E+00 -4.6222318665294E-33
  1.6940658945086E-21  3.6076178075162E-03 -1.9259299443872E-34  3.5114552211746E-03
  0.0000000000000E+00  0.0000000000000E+00 -3.3034094635295E-03  1.1497091192763E-04
  1.1449070771592E-04  2.1175823681358E-22  5.7825447500881E-05  2.5670244500162E-04
 -6.1392281230373E-05  0.0000000000000E+00 -6.8289405553099E-05 -8.4703294725430E-22
  0.0000000000000E+00  5.0860582397485E-04  3.3881317890172E-21  6.5654514918891E-05
  3.6767958683546E-04 -5.0821976835258E-21  6.6311684103082E-04 -3.4977017981155E-05
 -7.9785264093574E-05 -7.9785264093574E-05  2.0633362410118E-04 -5.0825009048294E-04
 -1.7057574908690E-04 -1.1670538774964E-04 -9.8261343522476E-04 -5.0825009048294E-04
 -1.1670538774964E-04 -1.7057574908690E-04 -9.8261343522476E-04  1.4192127133326E-03
  8.0599332180705E-04  8.0599332180705E-04  9.0700779428957E-04  3.0776520304892E-06
  1.1103235512467E-05  0.0000000000000E+00 -2.0429844940675E-05  6.5420788356873E-05
  6.0737784491532E-05 -1.1501847773914E-21 -1.1507103983417E-05 -6.7762635780344E-21
 -1.5704652593560E-21  1.5306597948551E-04 -1.6940658945086E-21  2.2638467895234E-04
  1.7412939892451E-04  1.6940658945086E-21 -2.7538843512768E-06  3.6931900984064E-06
 -3.5438086299185E-06  4.5163122770490E-06 -5.0397829256264E-07 -5.6741600685440E-05
 -1.4012717249104E-06 -4.5002215467053E-05 -8.6349344623195E-05 -4.0322771559175E-05
 -9.3722561070507E-07 -4.0583876165844E-05  2.9125380029351E-05  4.7579834071262E-06
 -2.8382132644467E-05  6.1023699921730E-05 -5.5206937581304E-06  8.1139509105119E-04
 -2.7122055745508E-03 -2.7122055745508E-03 -3.6879931813585E-03  7.4268999725396E-05
 -3.1069847526738E-04 -1.1691490729065E-04 -1.4546630371034E-04 -5.1414405255764E-03
 -3.3012535530326E-03 -3.3012535530326E-03 -6.1227820223686E-03  1.3051280049067E-02
  7.8544338637374E-03  1.2604209505589E-02  1.6609209253800E-02  1.3051280049067E-02
  1.2604209505589E-02  7.8544338637374E-03  1.6609209253800E-02  1.8292773418087E-02
  1.6307563910028E-02  1.6307563910028E-02  2.1447076364039E-02 -3.2098842775490E-04
  2.3004801629437E-04 -1.0402412317144E-04  2.4323305145136E-05  1.5821643536564E-03
  1.0584381423070E-03  8.0074309637737E-04  7.0397816244663E-04  5.4190406461065E-04
  6.3919522152010E-04 -1.9397117945976E-04 -1.9124705337704E-04  8.6379460982798E-04
  1.0550250024997E-03 -1.9755216943578E-05 -3.0756979232218E-04 -1.6831258850235E-05
  1.6647388855966E-04  1.6647388855966E-04  2.6809527405302E-04  2.3270446243480E-04
  3.3527250989113E-05  7.0893131834810E-05 -2.0301872811643E-04  2.3270446243480E-04
  7.0893131834810E-05  3.3527250989112E-05 -2.0301872811643E-04  1.0478338937442E-04
 -3.8421223236043E-05 -3.8421223236042E-05 -8.4535939881568E-05 -4.0438962863529E-03
 -3.3408988937606E-03 -3.3408988937606E-03 -5.8481683639532E-03  5.0331601430358E-03
  7.9822760759244E-03  9.7348050582138E-03  1.2791019273408E-02  5.0331601430358E-03
  9.7348050582138E-03  7.9822760759244E-03  1.2791019273408E-02  6.8693891164649E-03
  1.2637430437167E-02  1.2637430437167E-02  1.8052943982027E-02 -4.8463923753411E-05
  2.0287347905822E-04 -7.7362878017819E-05 -6.0578876205488E-05 -4.8476709110622E-05
  8.5899928585428E-04  3.5461586822838E-04  6.0235034522756E-04 -6.8880201382555E-05
  1.6423671693973E-04 -1.7477696342786E-05  3.3572493809694E-04 -1.7520719345044E-04
  2.5973383322504E-04  2.3543671915994E-04  3.3389533668244E-04  2.8921360293501E-05
  1.7249451391199E-04  1.7249451391199E-04  2.4498820750938E-04 -1.3497100366286E-04
 -1.0628024403504E-04 -1.7415467038459E-04 -2.4042535325546E-04 -1.3497100366286E-04
 -1.7415467038459E-04 -1.0628024403504E-04 -2.4042535325546E-04 -2.8404093996287E-04
 -3.1736221341806E-04 -3.1736221341806E-04 -1.3534952560767E-04  1.9815534674334E-05
  7.5323512274621E-05  2.3183730612772E-05  4.8392539644566E-05 -6.2614234444124E-05
  6.7828338696207E-05 -2.5865648560886E-05 -4.5297203600201E-05 -1.7385051686485E-05
 -2.6182485474094E-05  1.8276724548851E-05 -3.7195251457151E-05 -5.9953040047735E-05
 -8.0707221763154E-05 -3.9441095869047E-05  2.7865159302811E-06  2.7615455808553E-03
 -6.8579010858963E-03 -6.8579010858963E-03  0.0000000000000E+00  9.7833834587654E-05
 -4.7125397311524E-04  4.2504560604396E-05  0.0000000000000E+00 -1.5538037915518E-02
 -1.0396973875201E-02 -1.0396973875201E-02  0.0000000000000E+00  4.3904710370507E-02
  2.5271761836079E-02  3.4179492789045E-02  0.0000000000000E+00  4.3904710370507E-02
  3.4179492789045E-02  2.5271761836079E-02  0.0000000000000E+00  0.0000000000000E+00
  0.0000000000000E+00  0.0000000000000E+00 -8.5778228912097E-03 -6.0485412115062E-04
 -3.2620353558978E-04 -1.6454898664958E-04  0.0000000000000E+00  3.2842077201982E-03
  1.3485676758416E-03  2.2589704242316E-03  0.0000000000000E+00 -3.8766582410680E-04
 -1.1845157322034E-04 -3.2341015322412E-04  0.0000000000000E+00  0.0000000000000E+00
  0.0000000000000E+00  0.0000000000000E+00  1.2575821020270E-04  1.3471025689893E-04
  4.2568147013912E-04  4.2568147013912E-04  0.0000000000000E+00  8.9637756562824E-05
 -2.2220424793549E-04 -2.3718300760648E-04  0.0000000000000E+00  8.9637756562826E-05
 -2.3718300760648E-04 -2.2220424793549E-04  0.0000000000000E+00  0.0000000000000E+00
  0.0000000000000E+00  0.0000000000000E+00  1.6994524078750E-05  1.6446103271617E-03
  1.4852185755325E-03  1.4852185755325E-03  0.0000000000000E+00 -1.3850207851028E-03
 -4.3043074424424E-04 -3.8961503635416E-03  0.0000000000000E+00 -1.3850207851028E-03
 -3.8961503635416E-03 -4.3043074424424E-04  0.0000000000000E+00  0.0000000000000E+00
  0.0000000000000E+00  0.0000000000000E+00  3.1361884294777E-03 -1.5555782888685E-04
 -2.3120683495296E-04 -6.4561995631929E-05  0.0000000000000E+00 -6.5817418832428E-04
  8.5121482927476E-05 -8.5310785592893E-04  0.0000000000000E+00  4.5137484436484E-04
  6.9265076914229E-04  9.0974547947920E-05  0.0000000000000E+00  0.0000000000000E+00
  0.0000000000000E+00  0.0000000000000E+00 -2.3530460474827E-05  1.3928980120981E-04
  1.3683459714215E-04  1.3683459714215E-04  0.0000000000000E+00 -2.3650532219177E-04
 -2.9351766789195E-04 -2.1993750974668E-04  0.0000000000000E+00 -2.3650532219177E-04
 -2.1993750974668E-04 -2.9351766789195E-04  0.0000000000000E+00  0.0000000000000E+00
  0.0000000000000E+00  0.0000000000000E+00 -8.4624757302021E-05 -1.4679756958638E-01
  0.0000000000000E+00  0.0000000000000E+00  0.0000000000000E+00  9.3390104000696E-04
 -5.4130180500701E-03 -3.3881317890172E-20  0.0000000000000E+00 -1.3421257874962E-03
  9.1713228857022E-04  9.1713228857022E-04  0.0000000000000E+00  9.7602927352610E-05
 -4.3871811201131E-04  4.0657581468206E-20  0.0000000000000E+00  5.8353277783882E-01
  0.0000000000000E+00  1.5407439555098E-33  0.0000000000000E+00  0.0000000000000E+00
  6.7595584122349E-01  1.3010426069826E-18  0.0000000000000E+00  0.0000000000000E+00
  1.3010426069826E-18  6.7595584122349E-01  0.0000000000000E+00  0.0000000000000E+00
  0.0000000000000E+00  0.0000000000000E+00  6.7623313630612E-01 -5.0404653878054E-03
 -9.1427899325758E-03 -1.7618285302889E-19  0.0000000000000E+00  2.5751613729553E-02
  4.6388377785653E-02  4.3368086899420E-19  0.0000000000000E+00  1.6263032587282E-19
  4.3368086899420E-19 -3.9007547727196E-03  0.0000000000000E+00  0.0000000000000E+00
  0.0000000000000E+00  0.0000000000000E+00 -4.6571433425586E-03  6.8763292028271E-04
  1.8156991075460E-03  1.8156991075460E-03  0.0000000000000E+00  4.6527749044250E-04
 -7.2459078099359E-04  1.7518685120455E-04  0.0000000000000E+00  4.6527749044250E-04
  1.7518685120455E-04 -7.2459078099359E-04  0.0000000000000E+00  0.0000000000000E+00
  0.0000000000000E+00  0.0000000000000E+00 -6.2155696754733E-04 -3.7841455373205E-04
  3.6125066891293E-04  0.0000000000000E+00  0.0000000000000E+00  2.7376421622040E-03
  2.8367150456602E-03 -4.3374761279717E-19  0.0000000000000E+00 -2.4394548880924E-19
 -4.3368920176390E-19 -1.5827555932986E-04  0.0000000000000E+00  0.0000000000000E+00
  0.0000000000000E+00  0.0000000000000E+00 -7.3568140695011E-05  1.9753244601810E-05
  2.6906842909564E-04 -2.9492844513614E-05  0.0000000000000E+00  2.0723826992101E-04
 -1.3169643913922E-04  1.6189496438169E-04  0.0000000000000E+00  1.2345249538762E-04
  6.1367666453778E-05  8.0199068663718E-05  0.0000000000000E+00  0.0000000000000E+00
  0.0000000000000E+00  0.0000000000000E+00 -3.7732017091802E-05  4.1244611771900E-01
  6.1629758220392E-33 -9.2444637330587E-33  0.0000000000000E+00  6.1629758220392E-33
  5.6305089089770E-01  0.0000000000000E+00  0.0000000000000E+00 -9.2444637330587E-33
  0.0000000000000E+00  5.6305089089770E-01  0.0000000000000E+00  0.0000000000000E+00
  0.0000000000000E+00  0.0000000000000E+00  5.6429060019340E-01 -3.7379250739507E-03
 -8.9970810418206E-03  5.4210108624272E-20  0.0000000000000E+00  8.9970810418206E-03
  3.7762419442325E-02  2.1684043449710E-19  0.0000000000000E+00  8.1315162936413E-20
  2.1684043449710E-19 -1.6070105424575E-03  0.0000000000000E+00  0.0000000000000E+00
  0.0000000000000E+00  0.0000000000000E+00 -1.5914428503652E-03  1.5693968599853E-03
  2.3376823534730E-03  2.3376823534730E-03  0.0000000000000E+00 -2.3376823534730E-03
 -2.5335734324111E-03 -1.1007310134905E-03  0.0000000000000E+00 -2.3376823534730E-03
 -1.1007310134905E-03 -2.5335734324111E-03  0.0000000000000E+00  0.0000000000000E+00
  0.0000000000000E+00  0.0000000000000E+00 -7.6727510478937E-04 -6.1533407574509E-05
  3.4218352768645E-04  0.0000000000000E+00  0.0000000000000E+00 -3.4218352768645E-04
  5.4320838154909E-04 -1.6794126895180E-21  0.0000000000000E+00  0.0000000000000E+00
  3.3667130847994E-21 -1.3014104611718E-04  0.0000000000000E+00  0.0000000000000E+00
  0.0000000000000E+00  0.0000000000000E+00  1.7736672247397E-04  2.0025551841938E-05
  2.7680178192877E-04 -4.5884001405513E-05  0.0000000000000E+00 -2.7680178192877E-04
 -5.1145319235142E-04  2.1493021051564E-05  0.0000000000000E+00  4.5884001405512E-05
  2.1493021051564E-05  1.0662640272295E-04  0.0000000000000E+00  0.0000000000000E+00
  0.0000000000000E+00  0.0000000000000E+00  8.1487933127486E-05  6.1825639219571E-05
  1.0079515415450E-04  1.0079515415450E-04  0.0000000000000E+00 -1.0079515415450E-04
 -1.1685624575846E-04 -1.1615244919456E-04  0.0000000000000E+00 -1.0079515415450E-04
 -1.1615244919456E-04 -1.1685624575846E-04  0.0000000000000E+00  0.0000000000000E+00
  0.0000000000000E+00  0.0000000000000E+00  3.1915625728979E-05 -1.4447376951835E-05
  4.8148248609681E-35 -9.6296497219362E-35  2.2348002013279E-05  9.7385122690060E-05
  2.5349367166518E-04  2.5349367166518E-04 -3.0075952929868E-04 -5.9568338454006E-03
  9.6296497219362E-35  0.0000000000000E+00  7.2544606142191E-03  9.6296497219362E-35
  2.1205114627676E-04 -8.6736173798840E-19  2.4074124304840E-35  0.0000000000000E+00
 -8.6736173798840E-19  2.1205114627673E-04 -4.8148248609681E-35 -7.2544606142191E-03
 -2.4074124304840E-35  4.8148248609681E-35  7.8160735821434E-03  4.3670879544821E-05
  0.0000000000000E+00  0.0000000000000E+00 -1.5438989629934E-04 -3.8518598887745E-34
 -1.3424518345713E-04 -1.0164395367052E-20  1.9259299443872E-34  3.8518598887745E-34
  1.6940658945086E-20 -1.3424518345713E-04 -1.9259299443872E-34  1.6222565813842E-03
  9.6296497219362E-35  4.8148248609681E-35 -1.8887841881258E-03  3.3981843248905E-05
  7.0437062373409E-05  3.3881317890172E-21  7.6503425154030E-05  3.6569099072648E-05
 -5.4354745674812E-05  1.6940658945086E-21 -3.2084269799482E-05  3.3881317890172E-21
  1.5246593050577E-20  7.0186857657317E-06  1.6940658945086E-21 -5.0067710051798E-05
  7.1986993622567E-05 -2.1175823681358E-21  7.8542077607670E-05 -1.4460872908127E-03
 -2.3766743013452E-03 -2.3766743013452E-03  2.3187877711207E-03 -3.4922137791342E-04
 -2.4913974808301E-04 -3.5301209309807E-04  7.4948770369881E-04 -3.4922137791342E-04
 -3.5301209309807E-04 -2.4913974808301E-04  7.4948770369881E-04 -1.5948687155226E-03
 -2.3108676692304E-03 -2.3108676692304E-03  1.9991476849317E-03 -6.1548845765584E-04
 -1.9197609417102E-03 -1.9197609417102E-03  2.0387705461255E-03  7.3563069987432E-05
 -2.3097726615926E-04 -3.6798900316940E-04  3.5273745330321E-04  7.3563069987432E-05
 -3.6798900316940E-04 -2.3097726615926E-04  3.5273745330321E-04 -5.0900949790194E-04
 -1.5817443970215E-03 -1.5817443970215E-03  1.7388115755886E-03  2.4082111306267E-05
 -2.0221810940853E-04  1.5413431258207E-04  2.5498300509176E-05  5.1237800373188E-06
  2.1055637417689E-05 -3.1234791677158E-05 -4.5912259315745E-05 -6.8222415481262E-06
 -1.2141251308919E-05 -3.7387088161373E-05 -2.7426697313644E-05 -2.0075856285660E-06
 -5.5036998346743E-05  6.4610588297709E-06 -8.2392049120900E-05  1.2529016577366E-04
  0.0000000000000E+00  0.0000000000000E+00 -4.4455901073051E-05  0.0000000000000E+00
  4.8620627168323E-05 -4.2351647362715E-22  0.0000000000000E+00  0.0000000000000E+00
 -4.2351647362715E-22  4.8620627168323E-05  0.0000000000000E+00  4.4455901073051E-05
  0.0000000000000E+00  0.0000000000000E+00  8.0053211563964E-05 -9.9690371601709E-06
  1.2086070692092E-05  1.6940658945086E-21 -8.3047768587835E-06 -1.2086070692092E-05
 -2.0737045596370E-05  0.0000000000000E+00 -1.7028683276773E-05  1.5046327690525E-36
  0.0000000000000E+00  1.9171869911256E-05 -5.2939559203394E-22  8.3047768587835E-06
 -1.7028683276773E-05  1.4823076576950E-21  2.2172684011117E-05 -2.8777557509235E-05
 -6.1878245677019E-06 -6.1878245677019E-06  5.7704834089482E-06  6.1878245677019E-06
 -6.4155902688708E-06 -5.7237514124737E-06 -3.2584519563514E-05  6.1878245677019E-06
 -5.7237514124737E-06 -6.4155902688708E-06 -3.2584519563514E-05 -5.7704834089482E-06
 -3.2584519563514E-05 -3.2584519563514E-05  1.6899676518910E-06  4.5912622979967E-06
 -2.2551466629985E-04 -2.2551466629985E-04 -6.5538757710949E-05 -2.1448298695178E-04
  9.6052675010681E-04  9.6052675010681E-04 -1.8859754693605E-04  7.3846915055167E-05
  6.0259851903426E-05  1.4722706524740E-04 -8.2784453970561E-04  7.3846915055167E-05
  1.4722706524740E-04  6.0259851903426E-05 -8.2784453970561E-04 -4.0418092721139E-04
  9.5042005173616E-04  9.5042005173616E-04  1.9507605888895E-04 -1.7300707516799E-04
  8.1650166766146E-04  8.1650166766146E-04 -1.2180486378170E-04  8.1591578340781E-05
  6.9531823817975E-05  1.4211163629538E-04 -6.8329583453970E-04  8.1591578340781E-05
  1.4211163629538E-04  6.9531823817975E-05 -6.8329583453970E-04 -1.5063561689064E-04
  8.0291261367828E-04  8.0291261367828E-04  8.3151322888364E-05  1.0182030869153E-05
  1.3079517289084E-04 -2.1768824735041E-04  8.9817939688921E-05 -1.9268223435689E-05
  7.2307052034299E-06  1.2990198105293E-04 -5.9482181206078E-06  6.8918693594128E-06
  2.2191759828446E-06  1.0040975897442E-04  2.4229344262652E-05  1.3273085116395E-05
  6.7981690595225E-05 -7.4850971852727E-05  1.9498935974731E-04  9.4475658541702E-04
  0.0000000000000E+00  0.0000000000000E+00 -3.8161335572593E-04 -1.5471677163819E-03
  0.0000000000000E+00  0.0000000000000E+00  1.0433065467654E-03  5.9165880077441E-05
  1.4906835190808E-04  6.7762635780344E-21 -2.6818107081057E-04  1.1063652706931E-04
  2.2799876655125E-04  2.2799876655125E-04 -3.4362170017592E-04 -9.0427944743175E-04
  0.0000000000000E+00  0.0000000000000E+00  3.2443289530874E-03  0.0000000000000E+00
 -1.1182681764050E-04  1.0842021724855E-18  0.0000000000000E+00  0.0000000000000E+00
  1.0842021724855E-18 -1.1182681764050E-04  0.0000000000000E+00 -3.2443289530874E-03
  0.0000000000000E+00  0.0000000000000E+00  4.4975450663343E-03 -7.9487548622912E-04
 -1.0561254961505E-03 -1.3552527156069E-19  1.3535831140128E-03  1.0561254961505E-03
  6.1887114934450E-04 -2.1684043449710E-19 -8.9834989158220E-04 -8.1315162936413E-20
 -2.1684043449710E-19 -2.5427642305172E-03  2.5410988417629E-20 -1.3535831140128E-03
 -8.9834989158220E-04  1.6940658945086E-20  1.4065271705637E-03  1.5593745081230E-04
 -1.9259299443872E-34  5.7777898331617E-34  2.0299410765469E-03  1.9259299443872E-34
 -8.8270105305013E-04  0.0000000000000E+00  1.9259299443872E-34 -1.9259299443872E-34
  0.0000000000000E+00 -8.8270105305013E-04  0.0000000000000E+00  4.2227019854635E-03
 -3.8518598887745E-34  0.0000000000000E+00 -1.5270594796438E-03 -3.1590230160616E-04
 -9.6979558262240E-04  2.3039296165317E-19  1.2161615287488E-03 -2.5916599636701E-04
  4.2143582163097E-04  3.7947076036993E-19 -4.9817321370104E-04 -9.4867690092482E-20
  3.7947076036993E-19 -1.0442532932217E-03 -1.6940658945086E-21 -1.5695977469064E-04
 -1.0940068670262E-03  1.2281977735187E-20  1.2608844762742E-03 -4.8517443573611E-04
 -1.4461249133511E-03 -1.4461249133511E-03  2.0569396595373E-03 -2.6039425025240E-04
  5.9710163459916E-04  6.7369671228762E-04 -1.0967458138053E-03 -2.6039425025240E-04
  6.7369671228762E-04  5.9710163459916E-04 -1.0967458138053E-03  3.9693268957663E-04
 -1.0724622078959E-03 -1.0724622078959E-03  1.3195019648635E-03  1.0982580818223E-03
  1.9259299443872E-34  1.9259299443872E-34 -4.0169005448995E-03  1.9259299443872E-34
 -1.3319695546779E-03  0.0000000000000E+00  1.9259299443872E-34  1.9259299443872E-34
  0.0000000000000E+00 -1.3319695546779E-03  0.0000000000000E+00  4.0169005448995E-03
 -1.9259299443872E-34  0.0000000000000E+00 -5.3061911122221E-03 -1.0554318204973E-04
  1.4546816284103E-04 -3.3881317890172E-20  1.2745987006662E-04 -1.4546816284103E-04
  2.6699187366638E-04  4.3368086899420E-19 -6.9141993853553E-04  6.0986372202310E-20
  4.3368086899420E-19  3.3299077896358E-05 -3.8116482626444E-21 -1.2745987006662E-04
 -6.9141993853553E-04  8.4703294725430E-22  1.0200447938474E-03 -1.3436087541360E-04
  2.2788342515367E-04  2.2788342515367E-04 -2.8950865259911E-04 -2.2788342515367E-04
  7.6437845201548E-05 -6.5478366551778E-05 -2.7663435029474E-04 -2.2788342515367E-04
 -6.5478366551778E-05  7.6437845201543E-05 -2.7663435029474E-04  2.8950865259911E-04
 -2.7663435029474E-04 -2.7663435029474E-04  2.1737107633562E-04  4.2490604603202E-06
  6.1676307600975E-06 -1.3552527156069E-20  9.5685084795041E-06 -6.1676307600978E-06
  9.4171270091730E-05  2.1793981329659E-19 -1.2466020559487E-04 -1.3552527156069E-20
  2.0387019517071E-19 -7.5784659791911E-05  3.3881317890172E-21 -9.5685084795043E-06
 -1.2466020559486E-04 -3.3881317890172E-21  2.3742228741375E-05  2.6112113913870E-05
  1.0522701173810E-04  4.8358068152865E-06 -1.4937498779148E-05 -1.0522701173810E-04
 -8.6420921472229E-05 -1.2060510372399E-06 -1.8820132185465E-05 -4.8358068152860E-06
 -1.2060510372399E-06  9.2766056350734E-05 -5.6386393674784E-05  1.4937498779149E-05
 -1.8820132185466E-05 -5.6386393674785E-05  1.1142627929499E-04
   NCF
         0         2         4         6         8        10        12        14
        16        18        20        22        24        26        28        30
        32        34        36        38        40        42        44        46
        48        50        52        53        55        57        59        61
        63        65        66        67        69        71        73        75
        77        79        80        81        82        84        86        88
        90        92        94        95        96        97        98       100
       102       104       106       108       110       111       112       113
       114       115       117       119       121       123       125       127
       128       129       130       131       132       133       135       137
       139       141       143       145       147       149       151       153
       155       157       159       161       163
NSTATG
         0         1         9        57        69       117       181       182
       186       194       196       200       232       264       276       324
       332       380       428       444       524       620       624       628
       629       637       649       650       654       670       702       710
       758       838       846       894       898       930       962       974
      1022      1102      1114      1162      1226      1227      1235      1247
      1248      1252      1260      1261      1265      1273      1275      1283
      1331      1379      1383      1415      1463      1467      1499      1531
      1543      1591      1603      1683      1763      1771      1819      1883
      1891      1939      1987      2003      2083      2179      2183      2187
      2203      2235      2251      2283      2331      2335      2351      2383
      2387      2399      2431      2479      2559
NSTAFG
         0         1         5        37        45        77       125       125
       129       133       134       138       154       170       178       210
       214       246       278       290       338       402       402       406
       406       410       418       419       419       435       451       455
       487       535       539       571       575       591       607       611
       643       691       699       731       779       779       783       787
       787       791       795       795       799       803       804       808
       840       872       876       892       908       912       928       944
       952       984       992      1040      1088      1092      1108      1140
      1144      1176      1208      1220      1268      1332      1332      1332
      1332      1332      1332      1348      1364      1364      1364      1380
      1380      1384      1384      1400      1448
    LG
         0         0         0        -1         0         0         1         0
         0         0        -1         0         0         1         0        -1
        -1         0         1         1         0        -1         1         0
         1        -1         0        -2         0         0         2         0
         0         0        -2         0         0         2         0        -2
        -1         0         2         1         0        -2         1         0
         2        -1         0        -1        -2         0         1         2
         0        -1         2         0         1        -2         0        -2
        -2         0         2         2         0        -2         2         0
         2        -2         0        -3         0         0         3         0
         0         0        -3         0         0         3         0        -3
        -1         0         3         1         0        -3         1         0
         3        -1         0        -1        -3         0         1         3
         0        -1         3         0         1        -3         0        -3
        -2         0         3         2         0        -3         2         0
         3        -2         0        -2        -3         0         2         3
         0        -2         3         0         2        -3         0        -4
         0         0         4         0         0         0        -4         0
         0         4         0        -4        -1         0         4         1
         0        -4         1         0         4        -1         0        -1
        -4         0         1         4         0        -1         4         0
         1        -4         0        -3        -3         0         3         3
         0        -3         3         0         3        -3         0        -4
        -2         0         4         2         0        -4         2         0
         4        -2         0        -2        -4         0         2         4
         0        -2         4         0         2        -4         0        -5
         0         0         5         0         0        -4        -3         0
         4         3         0        -4         3         0         4        -3
         0        -3        -4         0         3         4         0        -3
         4         0         3        -4         0         0        -5         0
         0         5         0        -5        -1         0         5         1
         0        -5         1         0         5        -1         0        -1
        -5         0         1         5         0        -1         5         0
         1        -5         0        -5        -2         0         5         2
         0        -5         2         0         5        -2         0        -2
        -5         0         2         5         0        -2         5         0
         2        -5         0        -4        -4         0         4         4
         0        -4         4         0         4        -4         0        -5
        -3         0         5         3         0        -5         3         0
         5        -3         0        -3        -5         0         3         5
         0        -3         5         0         3        -5         0        -6
         0         0         6         0         0         0        -6         0
         0         6         0        -6        -1         0         6         1
         0        -6         1         0         6        -1         0        -1
        -6         0         1         6         0        -1         6         0
         1        -6         0        -6        -2         0         6         2
         0        -6         2         0         6        -2         0        -2
        -6         0         2         6         0        -2         6         0
         2        -6         0        -5        -4         0         5         4
         0        -5         4         0         5        -4         0        -4
        -5         0         4         5         0        -4         5         0
         4        -5         0        -6        -3         0         6         3
         0        -6         3         0         6        -3         0        -3
        -6         0         3         6         0        -3         6         0
         3        -6         0        -7         0         0         7         0
         0         0        -7         0         0         7         0        -7
        -1         0         7         1         0        -7         1         0
         7        -1         0        -5        -5         0         5         5
         0        -5         5         0         5        -5         0        -1
        -7         0         1         7         0        -1         7         0
         1        -7         0        -6        -4         0         6         4
         0        -6         4         0         6        -4         0        -4
        -6         0         4         6         0        -4         6         0
         4        -6         0        -7        -2         0         7         2
         0        -7         2         0         7        -2         0        -2
        -7         0         2         7         0        -2         7         0
         2        -7         0        -7        -3         0         7         3
         0        -7         3         0         7        -3         0        -3
        -7         0         3         7         0        -3         7         0
         3        -7         0        -6        -5         0         6         5
         0        -6         5         0         6        -5         0        -5
        -6         0         5         6         0        -5         6         0
         5        -6         0        -8         0         0         8         0
         0         0        -8         0         0         8         0        -8
        -1         0         8         1         0        -8         1         0
         8        -1         0        -7        -4         0         7         4
         0        -7         4         0         7        -4         0        -4
        -7         0         4         7         0        -4         7         0
         4        -7         0        -1        -8         0         1         8
         0        -1         8         0         1        -8         0        -8
        -2         0         8         2         0        -8         2         0
         8        -2         0        -2        -8         0         2         8
         0        -2         8         0         2        -8         0        -6
        -6         0         6         6         0        -6         6         0
         6        -6         0        -8        -3         0         8         3
         0        -8         3         0         8        -3         0        -3
        -8         0         3         8         0        -3         8         0
         3        -8         0        -7        -5         0         7         5
         0        -7         5         0         7        -5         0        -5
        -7         0         5         7         0        -5         7         0
         5        -7         0        -8        -4         0         8         4
         0        -8         4         0         8        -4         0        -4
        -8         0         4         8         0        -4         8         0
         4        -8         0        -9         0         0         9         0
         0         0        -9         0         0         9         0        -9
        -1         0         9         1         0        -9         1         0
         9        -1         0        -1        -9         0         1         9
         0        -1         9         0         1        -9         0        -9
        -2         0         9         2         0        -9         2         0
         9        -2         0        -7        -6         0         7         6
         0        -7         6         0         7        -6         0        -6
        -7         0         6         7         0        -6         7         0
         6        -7         0        -2        -9         0         2         9
         0        -2         9         0         2        -9         0        -8
        -5         0         8         5         0        -8         5         0
         8        -5         0        -5        -8         0         5         8
         0        -5         8         0         5        -8         0        -9
        -3         0         9         3         0        -9         3         0
         9        -3         0        -3        -9         0         3         9
         0        -3         9         0         3        -9         0        -9
        -4         0         9         4         0        -9         4         0
         9        -4         0        -4        -9         0         4         9
         0        -4         9         0         4        -9         0        -7
        -7         0         7         7         0        -7         7         0
         7        -7         0       -10         0         0        10         0
         0        -8        -6         0         8         6         0        -8
         6         0         8        -6         0        -6        -8         0
         6         8         0        -6         8         0         6        -8
         0         0       -10         0         0        10         0       -10
        -1         0        10         1         0       -10         1         0
        10        -1         0        -1       -10         0         1        10
         0        -1        10         0         1       -10         0       -10
        -2         0        10         2         0       -10         2         0
        10        -2         0        -2       -10         0         2        10
         0        -2        10         0         2       -10         0        -9
        -5         0         9         5         0        -9         5         0
         9        -5         0        -5        -9         0         5         9
         0        -5         9         0         5        -9         0       -10
        -3         0        10         3         0       -10         3         0
        10        -3         0        -3       -10         0         3        10
         0        -3        10         0         3       -10         0        -8
        -7         0         8         7         0        -8         7         0
         8        -7         0        -7        -8         0         7         8
         0        -7         8         0         7        -8         0       -10
        -4         0        10         4         0       -10         4         0
        10        -4         0        -4       -10         0         4        10
         0        -4        10         0         4       -10         0        -9
        -6         0         9         6         0        -9         6         0
         9        -6         0        -6        -9         0         6         9
         0        -6         9         0         6        -9         0       -11
         0         0        11         0         0         0       -11         0
         0        11         0       -11        -1         0        11         1
         0       -11         1         0        11        -1         0        -1
       -11         0         1        11         0        -1        11         0
         1       -11         0       -11        -2         0        11         2
         0       -11         2         0        11        -2         0       -10
        -5         0        10         5         0       -10         5         0
        10        -5         0        -5       -10         0         5        10
         0        -5        10         0         5       -10         0        -2
       -11         0         2        11         0        -2        11         0
         2       -11         0        -8        -8         0         8         8
         0        -8         8         0         8        -8         0       -11
        -3         0        11         3         0       -11         3         0
        11        -3         0        -9        -7         0         9         7
         0        -9         7         0         9        -7         0        -7
        -9         0         7         9         0        -7         9         0
         7        -9         0        -3       -11         0         3        11
         0        -3        11         0         3       -11         0       -10
        -6         0        10         6         0       -10         6         0
        10        -6         0        -6       -10         0         6        10
         0        -6        10         0         6       -10         0       -11
        -4         0        11         4         0       -11         4         0
        11        -4         0        -4       -11         0         4        11
         0        -4        11         0         4       -11         0       -12
         0         0        12         0         0         0       -12         0
         0        12         0       -12        -1         0        12         1
         0       -12         1         0        12        -1         0        -9
        -8         0         9         8         0        -9         8         0
         9        -8         0        -8        -9         0         8         9
         0        -8         9         0         8        -9         0        -1
       -12         0         1        12         0        -1        12         0
         1       -12         0       -11        -5         0        11         5
         0       -11         5         0        11        -5         0        -5
       -11         0         5        11         0        -5        11         0
         5       -11         0       -12        -2         0        12         2
         0       -12         2         0        12        -2         0        -2
       -12         0         2        12         0        -2        12         0
         2       -12         0       -10        -7         0        10         7
         0       -10         7         0        10        -7         0        -7
       -10         0         7        10         0        -7        10         0
         7       -10         0       -12        -3         0        12         3
         0       -12         3         0        12        -3         0        -3
       -12         0         3        12         0        -3        12         0
         3       -12         0       -11        -6         0        11         6
         0       -11         6         0        11        -6         0        -6
       -11         0         6        11         0        -6        11         0
         6       -11         0       -12        -4         0        12         4
         0       -12         4         0        12        -4         0        -4
       -12         0         4        12         0        -4        12         0
         4       -12         0        -9        -9         0         9         9
         0        -9         9         0         9        -9         0       -10
        -8         0        10         8         0       -10         8         0
        10        -8         0        -8       -10         0         8        10
         0        -8        10         0         8       -10         0       -13
         0         0        13         0         0       -12        -5         0
        12         5         0       -12         5         0        12        -5
         0        -5       -12         0         5        12         0        -5
        12         0         5       -12         0         0       -13         0
         0        13         0       -13        -1         0        13         1
         0       -13         1         0        13        -1         0       -11
        -7         0        11         7         0       -11         7         0
        11        -7         0        -7       -11         0         7        11
         0        -7        11         0         7       -11         0        -1
       -13         0         1        13         0        -1        13         0
         1       -13         0       -13        -2         0        13         2
         0       -13         2         0        13        -2         0        -2
       -13         0         2        13         0        -2        13         0
         2       -13         0       -13        -3         0        13         3
         0       -13         3         0        13        -3         0        -3
       -13         0         3        13         0        -3        13         0
         3       -13         0       -12        -6         0        12         6
         0       -12         6         0        12        -6         0        -6
       -12         0         6        12         0        -6        12         0
         6       -12         0       -10        -9         0        10         9
         0       -10         9         0        10        -9         0        -9
       -10         0         9        10         0        -9        10         0
         9       -10         0       -13        -4         0        13         4
         0       -13         4         0        13        -4         0       -11
        -8         0        11         8         0       -11         8         0
        11        -8         0        -8       -11         0         8        11
         0        -8        11         0         8       -11         0        -4
       -13         0         4        13         0        -4        13         0
         4       -13         0       -12        -7         0        12         7
         0       -12         7         0        12        -7         0        -7
       -12         0         7        12         0        -7        12         0
         7       -12         0       -13        -5         0        13         5
         0       -13         5         0        13        -5         0        -5
       -13         0         5        13         0        -5        13         0
         5       -13         0       -14         0         0        14         0
         0         0       -14         0         0        14         0       -14
        -1         0        14         1         0       -14         1         0
        14        -1         0        -1       -14         0         1        14
         0        -1        14         0         1       -14         0       -14
        -2         0        14         2         0       -14         2         0
        14        -2         0       -10       -10         0        10        10
         0       -10        10         0        10       -10         0        -2
       -14         0         2        14         0        -2        14         0
         2       -14         0       -11        -9         0        11         9
         0       -11         9         0        11        -9         0        -9
       -11         0         9        11         0        -9        11         0
         9       -11         0       -14        -3         0        14         3
         0       -14         3         0        14        -3         0       -13
        -6         0        13         6         0       -13         6         0
        13        -6         0        -6       -13         0         6        13
         0        -6        13         0         6       -13         0        -3
       -14         0         3        14         0        -3        14         0
         3       -14         0       -12        -8         0        12         8
         0       -12         8         0        12        -8         0        -8
       -12         0         8        12         0        -8        12         0
         8       -12         0       -14        -4         0        14         4
         0       -14         4         0        14        -4         0        -4
       -14         0         4        14         0        -4        14         0
         4       -14         0       -13        -7         0        13         7
         0       -13         7         0        13        -7         0        -7
       -13         0         7        13         0        -7        13         0
         7       -13         0       -14        -5         0        14         5
         0       -14         5         0        14        -5         0       -11
       -10         0        11        10         0       -11        10         0
        11       -10         0       -10       -11         0        10        11
         0       -10        11         0        10       -11         0        -5
       -14         0         5        14         0        -5        14         0
         5       -14         0       -15         0         0        15         0
         0       -12        -9         0        12         9         0       -12
         9         0        12        -9         0        -9       -12         0
         9        12         0        -9        12         0         9       -12
         0         0       -15         0         0        15         0       -15
        -1         0        15         1         0       -15         1         0
        15        -1         0        -1       -15         0         1        15
         0        -1        15         0         1       -15         0       -15
        -2         0        15         2         0       -15         2         0
        15        -2         0        -2       -15         0         2        15
         0        -2        15         0         2       -15         0       -14
        -6         0        14         6         0       -14         6         0
        14        -6         0        -6       -14         0         6        14
         0        -6        14         0         6       -14         0       -13
        -8         0        13         8         0       -13         8         0
        13        -8         0        -8       -13         0         8        13
         0        -8        13         0         8       -13         0       -15
        -3         0        15         3         0       -15         3         0
        15        -3         0        -3       -15         0         3        15
         0        -3        15         0         3       -15         0       -15
        -4         0        15         4         0       -15         4         0
        15        -4         0        -4       -15         0         4        15
         0        -4        15         0         4       -15         0       -11
       -11         0        11        11         0       -11        11         0
        11       -11         0       -12       -10         0        12        10
         0       -12        10         0        12       -10         0       -10
       -12         0        10        12         0       -10        12         0
        10       -12         0       -14        -7         0        14         7
         0       -14         7         0        14        -7         0        -7
       -14         0         7        14         0        -7        14         0
         7       -14         0       -15        -5         0        15         5
         0       -15         5         0        15        -5         0       -13
        -9         0        13         9         0       -13         9         0
        13        -9         0        -9       -13         0         9        13
         0        -9        13         0         9       -13         0        -5
       -15         0         5        15         0        -5        15         0
         5       -15         0       -16         0         0        16         0
         0         0       -16         0         0        16         0       -16
        -1         0        16         1         0       -16         1         0
        16        -1         0        -1       -16         0         1        16
         0        -1        16         0         1       -16         0       -16
        -2         0        16         2         0       -16         2         0
        16        -2         0       -14        -8         0        14         8
         0       -14         8         0        14        -8         0        -8
       -14         0         8        14         0        -8        14         0
         8       -14         0        -2       -16         0         2        16
         0        -2        16         0         2       -16         0       -15
        -6         0        15         6         0       -15         6         0
        15        -6         0        -6       -15         0         6        15
         0        -6        15         0         6       -15         0       -16
        -3         0        16         3         0       -16         3         0
        16        -3         0       -12       -11         0        12        11
         0       -12        11         0        12       -11         0       -11
       -12         0        11        12         0       -11        12         0
        11       -12         0        -3       -16         0         3        16
         0        -3        16         0         3       -16         0       -13
       -10         0        13        10         0       -13        10         0
        13       -10         0       -10       -13         0        10        13
         0       -10        13         0        10       -13         0       -16
        -4         0        16         4         0       -16         4         0
        16        -4         0        -4       -16         0         4        16
         0        -4        16         0         4       -16         0       -15
        -7         0        15         7         0       -15         7         0
        15        -7         0        -7       -15         0         7        15
         0        -7        15         0         7       -15         0       -14
        -9         0        14         9         0       -14         9         0
        14        -9         0        -9       -14         0         9        14
         0        -9        14         0         9       -14         0       -16
        -5         0        16         5         0       -16         5         0
        16        -5         0        -5       -16         0         5        16
         0        -5        16         0         5       -16         0       -12
       -12         0        12        12         0       -12        12         0
        12       -12         0       -17         0         0        17         0
         0       -15        -8         0        15         8         0       -15
         8         0        15        -8         0        -8       -15         0
         8        15         0        -8        15         0         8       -15
         0         0       -17         0         0        17         0       -17
        -1         0        17         1         0       -17         1         0
        17        -1         0       -13       -11         0        13        11
         0       -13        11         0        13       -11         0       -11
       -13         0        11        13         0       -11        13         0
        11       -13         0        -1       -17         0         1        17
         0        -1        17         0         1       -17         0       -16
        -6         0        16         6         0       -16         6         0
        16        -6         0        -6       -16         0         6        16
         0        -6        16         0         6       -16         0       -17
        -2         0        17         2         0       -17         2         0
        17        -2         0        -2       -17         0         2        17
         0        -2        17         0         2       -17         0       -14
       -10         0        14        10         0       -14        10         0
        14       -10         0       -10       -14         0        10        14
         0       -10        14         0        10       -14         0       -17
        -3         0        17         3         0       -17         3         0
        17        -3         0        -3       -17         0         3        17
         0        -3        17         0         3       -17         0       -17
        -4         0        17         4         0       -17         4         0
        17        -4         0       -16        -7         0        16         7
         0       -16         7         0        16        -7         0        -7
       -16         0         7        16         0        -7        16         0
         7       -16         0        -4       -17         0         4        17
         0        -4        17         0         4       -17         0       -15
        -9         0        15         9         0       -15         9         0
        15        -9         0        -9       -15         0         9        15
         0        -9        15         0         9       -15         0       -13
       -12         0        13        12         0       -13        12         0
        13       -12         0       -12       -13         0        12        13
         0       -12        13         0        12       -13         0       -17
        -5         0        17         5         0       -17         5         0
        17        -5         0        -5       -17         0         5        17
         0        -5        17         0         5       -17         0       -14
       -11         0        14        11         0       -14        11         0
        14       -11         0       -11       -14         0        11        14
         0       -11        14         0        11       -14         0       -16
        -8         0        16         8         0       -16         8         0
        16        -8         0        -8       -16         0         8        16
         0        -8        16         0         8       -16         0       -18
         0         0        18         0         0         0       -18         0
         0        18         0       -18        -1         0        18         1
         0       -18         1         0        18        -1         0       -17
        -6         0        17         6         0       -17         6         0
        17        -6         0       -15       -10         0        15        10
         0       -15        10         0        15       -10         0       -10
       -15         0        10        15         0       -10        15         0
        10       -15         0        -6       -17         0         6        17
         0        -6        17         0         6       -17         0        -1
       -18         0         1        18         0        -1        18         0
         1       -18         0       -18        -2         0        18         2
         0       -18         2         0        18        -2         0        -2
       -18         0         2        18         0        -2        18         0
         2       -18         0       -18        -3         0        18         3
         0       -18         3         0        18        -3         0        -3
       -18         0         3        18         0        -3        18         0
         3       -18         0       -16        -9         0        16         9
         0       -16         9         0        16        -9         0        -9
       -16         0         9        16         0        -9        16         0
         9       -16         0       -17        -7         0        17         7
         0       -17         7         0        17        -7         0       -13
       -13         0        13        13         0       -13        13         0
        13       -13         0        -7       -17         0         7        17
         0        -7        17         0         7       -17         0       -18
        -4         0        18         4         0       -18         4         0
        18        -4         0       -14       -12         0        14        12
         0       -14        12         0        14       -12         0       -12
       -14         0        12        14         0       -12        14         0
        12       -14         0        -4       -18         0         4        18
         0        -4        18         0         4       -18         0       -15
       -11         0        15        11         0       -15        11         0
        15       -11         0       -11       -15         0        11        15
         0       -11        15         0        11       -15         0       -18
        -5         0        18         5         0       -18         5         0
        18        -5         0        -5       -18         0         5        18
         0        -5        18         0         5       -18         0       -17
        -8         0        17         8         0       -17         8         0
        17        -8         0        -8       -17         0         8        17
         0        -8        17         0         8       -17         0       -16
       -10         0        16        10         0       -16        10         0
        16       -10         0       -10       -16         0        10        16
         0       -10        16         0        10       -16         0       -18
        -6         0        18         6         0       -18         6         0
        18        -6         0        -6       -18         0         6        18
         0        -6        18         0         6       -18         0       -19
         0         0        19         0         0         0       -19         0
         0        19         0       -19        -1         0        19         1
         0       -19         1         0        19        -1         0        -1
       -19         0         1        19         0        -1        19         0
         1       -19         0       -19        -2         0        19         2
         0       -19         2         0        19        -2         0       -14
       -13         0        14        13         0       -14        13         0
        14       -13         0       -13       -14         0        13        14
         0       -13        14         0        13       -14         0        -2
       -19         0         2        19         0        -2        19         0
         2       -19         0       -15       -12         0        15        12
         0       -15        12         0        15       -12         0       -12
       -15         0        12        15         0       -12        15         0
        12       -15         0       -19        -3         0        19         3
         0       -19         3         0        19        -3         0       -17
        -9         0        17         9         0       -17         9         0
        17        -9         0        -9       -17         0         9        17
         0        -9        17         0         9       -17         0        -3
       -19         0         3        19         0        -3        19         0
         3       -19         0       -18        -7         0        18         7
         0       -18         7         0        18        -7         0        -7
       -18         0         7        18         0        -7        18         0
         7       -18         0       -19        -4         0        19         4
         0       -19         4         0        19        -4         0       -16
       -11         0        16        11         0       -16        11         0
        16       -11         0       -11       -16         0        11        16
         0       -11        16         0        11       -16         0        -4
       -19         0         4        19         0        -4        19         0
         4       -19         0       -19        -5         0        19         5
         0       -19         5         0        19        -5         0        -5
       -19         0         5        19         0        -5        19         0
         5       -19         0       -18        -8         0        18         8
         0       -18         8         0        18        -8         0        -8
       -18         0         8        18         0        -8        18         0
         8       -18         0       -17       -10         0        17        10
         0       -17        10         0        17       -10         0       -10
       -17         0        10        17         0       -10        17         0
        10       -17         0       -14       -14         0        14        14
         0       -14        14         0        14       -14         0       -15
       -13         0        15        13         0       -15        13         0
        15       -13         0       -13       -15         0        13        15
         0       -13        15         0        13       -15         0       -19
        -6         0        19         6         0       -19         6         0
        19        -6         0        -6       -19         0         6        19
         0        -6        19         0         6       -19         0       -20
         0         0        20         0         0       -16       -12         0
        16        12         0       -16        12         0        16       -12
         0       -12       -16         0        12        16         0       -12
        16         0        12       -16         0         0       -20         0
         0        20         0       -20        -1         0        20         1
         0       -20         1         0        20        -1         0        -1
       -20         0         1        20         0        -1        20         0
         1       -20         0       -20        -2         0        20         2
         0       -20         2         0        20        -2         0        -2
       -20         0         2        20         0        -2        20         0
         2       -20         0       -18        -9         0        18         9
         0       -18         9         0        18        -9         0        -9
       -18         0         9        18         0        -9        18         0
         9       -18         0       -20        -3         0        20         3
         0       -20         3         0        20        -3         0        -3
       -20         0         3        20         0        -3        20         0
         3       -20         0       -19        -7         0        19         7
         0       -19         7         0        19        -7         0       -17
       -11         0        17        11         0       -17        11         0
        17       -11         0       -11       -17         0        11        17
         0       -11        17         0        11       -17         0        -7
       -19         0         7        19         0        -7        19         0
         7       -19         0       -20        -4         0        20         4
         0       -20         4         0        20        -4         0        -4
       -20         0         4        20         0        -4        20         0
         4       -20         0       -15       -14         0        15        14
         0       -15        14         0        15       -14         0       -14
       -15         0        14        15         0       -14        15         0
        14       -15         0       -18       -10         0        18        10
         0       -18        10         0        18       -10         0       -10
       -18         0        10        18         0       -10        18         0
        10       -18         0       -20        -5         0        20         5
         0       -20         5         0        20        -5         0       -19
        -8         0        19         8         0       -19         8         0
        19        -8         0       -16       -13         0        16        13
         0       -16        13         0        16       -13         0       -13
       -16         0        13        16         0       -13        16         0
        13       -16         0        -8       -19         0         8        19
         0        -8        19         0         8       -19         0        -5
       -20         0         5        20         0        -5        20         0
         5       -20         0       -17       -12         0        17        12
         0       -17        12         0        17       -12         0       -12
       -17         0        12        17         0       -12        17         0
        12       -17         0       -20        -6         0        20         6
         0       -20         6         0        20        -6         0        -6
       -20         0         6        20         0        -6        20         0
         6       -20         0       -21         0         0        21         0
         0         0       -21         0         0        21         0       -21
        -1         0        21         1         0       -21         1         0
        21        -1         0       -19        -9         0        19         9
         0       -19         9         0        19        -9         0        -9
       -19         0         9        19         0        -9        19         0
         9       -19         0        -1       -21         0         1        21
         0        -1        21         0         1       -21         0       -21
        -2         0        21         2         0       -21         2         0
        21        -2         0       -18       -11         0        18        11
         0       -18        11         0        18       -11         0       -11
       -18         0        11        18         0       -11        18         0
        11       -18         0        -2       -21         0         2        21
         0        -2        21         0         2       -21         0       -20
        -7         0        20         7         0       -20         7         0
        20        -7         0        -7       -20         0         7        20
         0        -7        20         0         7       -20         0       -21
        -3         0        21         3         0       -21         3         0
        21        -3         0       -15       -15         0        15        15
         0       -15        15         0        15       -15         0        -3
       -21         0         3        21         0        -3        21         0
         3       -21         0       -16       -14         0        16        14
         0       -16        14         0        16       -14         0       -14
       -16         0        14        16         0       -14        16         0
        14       -16         0       -21        -4         0        21         4
         0       -21         4         0        21        -4         0        -4
       -21         0         4        21         0        -4        21         0
         4       -21         0       -17       -13         0        17        13
         0       -17        13         0        17       -13         0       -13
       -17         0        13        17         0       -13        17         0
        13       -17         0       -19       -10         0        19        10
         0       -19        10         0        19       -10         0       -10
       -19         0        10        19         0       -10        19         0
        10       -19         0       -20        -8         0        20         8
         0       -20         8         0        20        -8         0        -8
       -20         0         8        20         0        -8        20         0
         8       -20         0       -21        -5         0        21         5
         0       -21         5         0        21        -5         0        -5
       -21         0         5        21         0        -5        21         0
         5       -21         0       -18       -12         0        18        12
         0       -18        12         0        18       -12         0       -12
       -18         0        12        18         0       -12        18         0
        12       -18         0       -21        -6         0        21         6
         0       -21         6         0        21        -6         0        -6
       -21         0         6        21         0        -6        21         0
         6       -21         0       -20        -9         0        20         9
         0       -20         9         0        20        -9         0       -16
       -15         0        16        15         0       -16        15         0
        16       -15         0       -15       -16         0        15        16
         0       -15        16         0        15       -16         0        -9
       -20         0         9        20         0        -9        20         0
         9       -20         0       -19       -11         0        19        11
         0       -19        11         0        19       -11         0       -11
       -19         0        11        19         0       -11        19         0
        11       -19         0       -22         0         0        22         0
         0         0       -22         0         0        22         0       -22
        -1         0        22         1         0       -22         1         0
        22        -1         0       -17       -14         0        17        14
         0       -17        14         0        17       -14         0       -14
       -17         0        14        17         0       -14        17         0
        14       -17         0        -1       -22         0         1        22
         0        -1        22         0         1       -22         0       -22
        -2         0        22         2         0       -22         2         0
        22        -2         0        -2       -22         0         2        22
         0        -2        22         0         2       -22         0       -21
        -7         0        21         7         0       -21         7         0
        21        -7         0        -7       -21         0         7        21
         0        -7        21         0         7       -21         0       -22
        -3         0        22         3         0       -22         3         0
        22        -3         0       -18       -13         0        18        13
         0       -18        13         0        18       -13         0       -13
       -18         0        13        18         0       -13        18         0
        13       -18         0        -3       -22         0         3        22
         0        -3        22         0         3       -22         0       -22
        -4         0        22         4         0       -22         4         0
        22        -4         0       -20       -10         0        20        10
         0       -20        10         0        20       -10         0       -10
       -20         0        10        20         0       -10        20         0
        10       -20         0        -4       -22         0         4        22
         0        -4        22         0         4       -22         0       -21
        -8         0        21         8         0       -21         8         0
        21        -8         0       -19       -12         0        19        12
         0       -19        12         0        19       -12         0       -12
       -19         0        12        19         0       -12        19         0
        12       -19         0        -8       -21         0         8        21
         0        -8        21         0         8       -21         0       -22
        -5         0        22         5         0       -22         5         0
        22        -5         0        -5       -22         0         5        22
         0        -5        22         0         5       -22         0       -16
       -16         0        16        16         0       -16        16         0
        16       -16         0       -17       -15         0        17        15
         0       -17        15         0        17       -15         0       -15
       -17         0        15        17         0       -15        17         0
        15       -17         0       -22        -6         0        22         6
         0       -22         6         0        22        -6         0       -18
       -14         0        18        14         0       -18        14         0
        18       -14         0       -14       -18         0        14        18
         0       -14        18         0        14       -18         0        -6
       -22         0         6        22         0        -6        22         0
         6       -22         0       -20       -11         0        20        11
         0       -20        11         0        20       -11         0       -11
       -20         0        11        20         0       -11        20         0
        11       -20         0       -21        -9         0        21         9
         0       -21         9         0        21        -9         0        -9
       -21         0         9        21         0        -9        21         0
         9       -21         0       -23         0         0        23         0
         0         0       -23         0         0        23         0       -23
        -1         0        23         1         0       -23         1         0
        23        -1         0       -19       -13         0        19        13
         0       -19        13         0        19       -13         0       -13
       -19         0        13        19         0       -13        19         0
        13       -19         0        -1       -23         0         1        23
         0        -1        23         0         1       -23         0       -23
        -2         0        23         2         0       -23         2         0
        23        -2         0       -22        -7         0        22         7
         0       -22         7         0        22        -7         0        -7
       -22         0         7        22         0        -7        22         0
         7       -22         0        -2       -23         0         2        23
         0        -2        23         0         2       -23         0       -23
        -3         0        23         3         0       -23         3         0
        23        -3         0        -3       -23         0         3        23
         0        -3        23         0         3       -23         0       -21
       -10         0        21        10         0       -21        10         0
        21       -10         0       -10       -21         0        10        21
         0       -10        21         0        10       -21         0       -20
       -12         0        20        12         0       -20        12         0
        20       -12         0       -12       -20         0        12        20
         0       -12        20         0        12       -20         0       -23
        -4         0        23         4         0       -23         4         0
        23        -4         0       -17       -16         0        17        16
         0       -17        16         0        17       -16         0       -16
       -17         0        16        17         0       -16        17         0
        16       -17         0        -4       -23         0         4        23
         0        -4        23         0         4       -23         0       -22
        -8         0        22         8         0       -22         8         0
        22        -8         0        -8       -22         0         8        22
         0        -8        22         0         8       -22         0       -18
       -15         0        18        15         0       -18        15         0
        18       -15         0       -15       -18         0        15        18
         0       -15        18         0        15       -18         0       -23
        -5         0        23         5         0       -23         5         0
        23        -5         0        -5       -23         0         5        23
         0        -5        23         0         5       -23         0       -19
       -14         0        19        14         0       -19        14         0
        19       -14         0       -14       -19         0        14        19
         0       -14        19         0        14       -19         0       -21
       -11         0        21        11         0       -21        11         0
        21       -11         0       -11       -21         0        11        21
         0       -11        21         0        11       -21         0       -23
        -6         0        23         6         0       -23         6         0
        23        -6         0       -22        -9         0        22         9
         0       -22         9         0        22        -9         0        -9
       -22         0         9        22         0        -9        22         0
         9       -22         0        -6       -23         0         6        23
         0        -6        23         0         6       -23         0       -20
       -13         0        20        13         0       -20        13         0
        20       -13         0       -13       -20         0        13        20
         0       -13        20         0        13       -20         0       -24
         0         0        24         0         0         0       -24         0
         0        24         0       -24        -1         0        24         1
         0       -24         1         0        24        -1         0        -1
       -24         0         1        24         0        -1        24         0
         1       -24         0       -23        -7         0        23         7
         0       -23         7         0        23        -7         0       -17
       -17         0        17        17         0       -17        17         0
        17       -17         0        -7       -23         0         7        23
         0        -7        23         0         7       -23         0       -24
        -2         0        24         2         0       -24         2         0
        24        -2         0       -18       -16         0        18        16
         0       -18        16         0        18       -16         0       -16
       -18         0        16        18         0       -16        18         0
        16       -18         0        -2       -24         0         2        24
         0        -2        24         0         2       -24         0       -22
       -10         0        22        10         0       -22        10         0
        22       -10         0       -10       -22         0        10        22
         0       -10        22         0        10       -22         0       -24
        -3         0        24         3         0       -24         3         0
        24        -3         0       -21       -12         0        21        12
         0       -21        12         0        21       -12         0       -12
       -21         0        12        21         0       -12        21         0
        12       -21         0        -3       -24         0         3        24
         0        -3        24         0         3       -24         0       -19
       -15         0        19        15         0       -19        15         0
        19       -15         0       -15       -19         0        15        19
         0       -15        19         0        15       -19         0       -24
        -4         0        24         4         0       -24         4         0
        24        -4         0        -4       -24         0         4        24
         0        -4        24         0         4       -24         0       -23
        -8         0        23         8         0       -23         8         0
        23        -8         0        -8       -23         0         8        23
         0        -8        23         0         8       -23         0       -20
       -14         0        20        14         0       -20        14         0
        20       -14         0       -14       -20         0        14        20
         0       -14        20         0        14       -20         0       -24
        -5         0        24         5         0       -24         5         0
        24        -5         0        -5       -24         0         5        24
         0        -5        24         0         5       -24         0       -22
       -11         0        22        11         0       -22        11         0
        22       -11         0       -11       -22         0        11        22
         0       -11        22         0        11       -22         0       -23
        -9         0        23         9         0       -23         9         0
        23        -9         0       -21       -13         0        21        13
         0       -21        13         0        21       -13         0       -13
       -21         0        13        21         0       -13        21         0
        13       -21         0        -9       -23         0         9        23
         0        -9        23         0         9       -23         0       -24
        -6         0        24         6         0       -24         6         0
        24        -6         0        -6       -24         0         6        24
         0        -6        24         0         6       -24         0       -18
       -17         0        18        17         0       -18        17         0
        18       -17         0       -17       -18         0        17        18
         0       -17        18         0        17       -18         0       -19
       -16         0        19        16         0       -19        16         0
        19       -16         0       -16       -19         0        16        19
         0       -16        19         0        16       -19         0       -25
         0         0        25         0         0       -24        -7         0
        24         7         0       -24         7         0        24        -7
         0       -20       -15         0        20        15         0       -20
        15         0        20       -15         0       -15       -20         0
        15        20         0       -15        20         0        15       -20
         0        -7       -24         0         7        24         0        -7
        24         0         7       -24         0         0       -25         0
         0        25         0       -25        -1         0        25         1
         0       -25         1         0        25        -1         0        -1
       -25         0         1        25         0        -1        25         0
         1       -25         0       -22       -12         0        22        12
         0       -22        12         0        22       -12         0       -12
       -22         0        12        22         0       -12        22         0
        12       -22         0       -25        -2         0        25         2
         0       -25         2         0        25        -2         0       -23
       -10         0        23        10         0       -23        10         0
        23       -10         0       -10       -23         0        10        23
         0       -10        23         0        10       -23         0        -2
       -25         0         2        25         0        -2        25         0
         2       -25         0       -25        -3         0        25         3
         0       -25         3         0        25        -3         0        -3
       -25         0         3        25         0        -3        25         0
         3       -25         0       -21       -14         0        21        14
         0       -21        14         0        21       -14         0       -14
       -21         0        14        21         0       -14        21         0
        14       -21         0       -24        -8         0        24         8
         0       -24         8         0        24        -8         0        -8
       -24         0         8        24         0        -8        24         0
         8       -24         0       -25        -4         0        25         4
         0       -25         4         0        25        -4         0        -4
       -25         0         4        25         0        -4        25         0
         4       -25         0       -18       -18         0        18        18
         0       -18        18         0        18       -18         0       -25
        -5         0        25         5         0       -25         5         0
        25        -5         0       -23       -11         0        23        11
         0       -23        11         0        23       -11         0       -19
       -17         0        19        17         0       -19        17         0
        19       -17         0       -17       -19         0        17        19
         0       -17        19         0        17       -19         0       -11
       -23         0        11        23         0       -11        23         0
        11       -23         0        -5       -25         0         5        25
         0        -5        25         0         5       -25         0       -22
       -13         0        22        13         0       -22        13         0
        22       -13         0       -13       -22         0        13        22
         0       -13        22         0        13       -22         0       -20
       -16         0        20        16         0       -20        16         0
        20       -16         0       -16       -20         0        16        20
         0       -16        20         0        16       -20         0       -24
        -9         0        24         9         0       -24         9         0
        24        -9         0        -9       -24         0         9        24
         0        -9        24         0         9       -24         0       -25
        -6         0        25         6         0       -25         6         0
        25        -6         0        -6       -25         0         6        25
         0        -6        25         0         6       -25         0       -21
       -15         0        21        15         0       -21        15         0
        21       -15         0       -15       -21         0        15        21
         0       -15        21         0        15       -21         0       -23
       -12         0        23        12         0       -23        12         0
        23       -12         0       -12       -23         0        12        23
         0       -12        23         0        12       -23         0       -25
        -7         0        25         7         0       -25         7         0
        25        -7         0        -7       -25         0         7        25
         0        -7        25         0         7       -25         0       -26
         0         0        26         0         0       -24       -10         0
        24        10         0       -24        10         0        24       -10
         0       -10       -24         0        10        24         0       -10
        24         0        10       -24         0         0       -26         0
         0        26         0       -26        -1         0        26         1
         0       -26         1         0        26        -1         0        -1
       -26         0         1        26         0        -1        26         0
         1       -26         0       -26        -2         0        26         2
         0       -26         2         0        26        -2         0       -22
       -14         0        22        14         0       -22        14         0
        22       -14         0       -14       -22         0        14        22
         0       -14        22         0        14       -22         0        -2
       -26         0         2        26         0        -2        26         0
         2       -26         0       -26        -3         0        26         3
         0       -26         3         0        26        -3         0       -19
       -18         0        19        18         0       -19        18         0
        19       -18         0       -18       -19         0        18        19
         0       -18        19         0        18       -19         0        -3
       -26         0         3        26         0        -3        26         0
         3       -26         0       -25        -8         0        25         8
         0       -25         8         0        25        -8         0       -20
       -17         0        20        17         0       -20        17         0
        20       -17         0       -17       -20         0        17        20
         0       -17        20         0        17       -20         0        -8
       -25         0         8        25         0        -8        25         0
         8       -25         0       -26        -4         0        26         4
         0       -26         4         0        26        -4         0        -4
       -26         0         4        26         0        -4        26         0
         4       -26         0       -24       -11         0        24        11
         0       -24        11         0        24       -11         0       -21
       -16         0        21        16         0       -21        16         0
        21       -16         0       -16       -21         0        16        21
         0       -16        21         0        16       -21         0       -11
       -24         0        11        24         0       -11        24         0
        11       -24         0       -23       -13         0        23        13
         0       -23        13         0        23       -13         0       -13
       -23         0        13        23         0       -13        23         0
        13       -23         0       -26        -5         0        26         5
         0       -26         5         0        26        -5         0        -5
       -26         0         5        26         0        -5        26         0
         5       -26         0       -25        -9         0        25         9
         0       -25         9         0        25        -9         0        -9
       -25         0         9        25         0        -9        25         0
         9       -25         0       -22       -15         0        22        15
         0       -22        15         0        22       -15         0       -15
       -22         0        15        22         0       -15        22         0
        15       -22         0       -26        -6         0        26         6
         0       -26         6         0        26        -6         0        -6
       -26         0         6        26         0        -6        26         0
         6       -26         0       -24       -12         0        24        12
         0       -24        12         0        24       -12         0       -12
       -24         0        12        24         0       -12        24         0
        12       -24         0       -19       -19         0        19        19
         0       -19        19         0        19       -19         0       -20
       -18         0        20        18         0       -20        18         0
        20       -18         0       -18       -20         0        18        20
         0       -18        20         0        18       -20         0       -26
        -7         0        26         7         0       -26         7         0
        26        -7         0       -25       -10         0        25        10
         0       -25        10         0        25       -10         0       -23
       -14         0        23        14         0       -23        14         0
        23       -14         0       -14       -23         0        14        23
         0       -14        23         0        14       -23         0       -10
       -25         0        10        25         0       -10        25         0
        10       -25         0        -7       -26         0         7        26
         0        -7        26         0         7       -26         0       -27
         0         0        27         0         0         0       -27         0
         0        27         0       -27        -1         0        27         1
         0       -27         1         0        27        -1         0       -21
       -17         0        21        17         0       -21        17         0
        21       -17         0       -17       -21         0        17        21
         0       -17        21         0        17       -21         0        -1
       -27         0         1        27         0        -1        27         0
         1       -27         0       -27        -2         0        27         2
         0       -27         2         0        27        -2         0        -2
       -27         0         2        27         0        -2        27         0
         2       -27         0       -27        -3         0        27         3
         0       -27         3         0        27        -3         0        -3
       -27         0         3        27         0        -3        27         0
         3       -27         0       -26        -8         0        26         8
         0       -26         8         0        26        -8         0       -22
       -16         0        22        16         0       -22        16         0
        22       -16         0       -16       -22         0        16        22
         0       -16        22         0        16       -22         0        -8
       -26         0         8        26         0        -8        26         0
         8       -26         0       -27        -4         0        27         4
         0       -27         4         0        27        -4         0       -24
       -13         0        24        13         0       -24        13         0
        24       -13         0       -13       -24         0        13        24
         0       -13        24         0        13       -24         0        -4
       -27         0         4        27         0        -4        27         0
         4       -27         0       -25       -11         0        25        11
         0       -25        11         0        25       -11         0       -11
       -25         0        11        25         0       -11        25         0
        11       -25         0       -27        -5         0        27         5
         0       -27         5         0        27        -5         0       -23
       -15         0        23        15         0       -23        15         0
        23       -15         0       -15       -23         0        15        23
         0       -15        23         0        15       -23         0        -5
       -27         0         5        27         0        -5        27         0
         5       -27         0       -26        -9         0        26         9
         0       -26         9         0        26        -9         0        -9
       -26         0         9        26         0        -9        26         0
         9       -26         0       -20       -19         0        20        19
         0       -20        19         0        20       -19         0       -19
       -20         0        19        20         0       -19        20         0
        19       -20         0       -27        -6         0        27         6
         0       -27         6         0        27        -6         0       -21
       -18         0        21        18         0       -21        18         0
        21       -18         0       -18       -21         0        18        21
         0       -18        21         0        18       -21         0        -6
       -27         0         6        27         0        -6        27         0
         6       -27         0       -25       -12         0        25        12
         0       -25        12         0        25       -12         0       -12
       -25         0        12        25         0       -12        25         0
        12       -25         0       -24       -14         0        24        14
         0       -24        14         0        24       -14         0       -14
       -24         0        14        24         0       -14        24         0
        14       -24         0       -22       -17         0        22        17
         0       -22        17         0        22       -17         0       -17
       -22         0        17        22         0       -17        22         0
        17       -22         0       -26       -10         0        26        10
         0       -26        10         0        26       -10         0       -10
       -26         0        10        26         0       -10        26         0
        10       -26         0       -27        -7         0        27         7
         0       -27         7         0        27        -7         0        -7
       -27         0         7        27         0        -7        27         0
         7       -27         0       -28         0         0        28         0
         0         0       -28         0         0        28         0       -28
        -1         0        28         1         0       -28         1         0
        28        -1         0       -23       -16         0        23        16
         0       -23        16         0        23       -16         0       -16
       -23         0        16        23         0       -16        23         0
        16       -23         0        -1       -28         0         1        28
         0        -1        28         0         1       -28         0       -28
        -2         0        28         2         0       -28         2         0
        28        -2         0        -2       -28         0         2        28
         0        -2        28         0         2       -28         0       -28
        -3         0        28         3         0       -28         3         0
        28        -3         0       -27        -8         0        27         8
         0       -27         8         0        27        -8         0        -8
       -27         0         8        27         0        -8        27         0
         8       -27         0        -3       -28         0         3        28
         0        -3        28         0         3       -28         0       -25
       -13         0        25        13         0       -25        13         0
        25       -13         0       -13       -25         0        13        25
         0       -13        25         0        13       -25         0       -26
       -11         0        26        11         0       -26        11         0
        26       -11         0       -11       -26         0        11        26
         0       -11        26         0        11       -26         0       -28
        -4         0        28         4         0       -28         4         0
        28        -4         0       -20       -20         0        20        20
         0       -20        20         0        20       -20         0        -4
       -28         0         4        28         0        -4        28         0
         4       -28         0       -24       -15         0        24        15
         0       -24        15         0        24       -15         0       -15
       -24         0        15        24         0       -15        24         0
        15       -24         0       -21       -19         0        21        19
         0       -21        19         0        21       -19         0       -19
       -21         0        19        21         0       -19        21         0
        19       -21         0       -22       -18         0        22        18
         0       -22        18         0        22       -18         0       -18
       -22         0        18        22         0       -18        22         0
        18       -22         0       -28        -5         0        28         5
         0       -28         5         0        28        -5         0        -5
       -28         0         5        28         0        -5        28         0
         5       -28         0       -27        -9         0        27         9
         0       -27         9         0        27        -9         0        -9
       -27         0         9        27         0        -9        27         0
         9       -27         0       -23       -17         0        23        17
         0       -23        17         0        23       -17         0       -17
       -23         0        17        23         0       -17        23         0
        17       -23         0       -28        -6         0        28         6
         0       -28         6         0        28        -6         0       -26
       -12         0        26        12         0       -26        12         0
        26       -12         0       -12       -26         0        12        26
         0       -12        26         0        12       -26         0        -6
       -28         0         6        28         0        -6        28         0
         6       -28         0       -25       -14         0        25        14
         0       -25        14         0        25       -14         0       -14
       -25         0        14        25         0       -14        25         0
        14       -25         0       -27       -10         0        27        10
         0       -27        10         0        27       -10         0       -10
       -27         0        10        27         0       -10        27         0
        10       -27         0       -24       -16         0        24        16
         0       -24        16         0        24       -16         0       -16
       -24         0        16        24         0       -16        24         0
        16       -24         0       -28        -7         0        28         7
         0       -28         7         0        28        -7         0        -7
       -28         0         7        28         0        -7        28         0
         7       -28         0       -29         0         0        29         0
         0       -21       -20         0        21        20         0       -21
        20         0        21       -20         0       -20       -21         0
        20        21         0       -20        21         0        20       -21
         0         0       -29         0         0        29         0       -29
        -1         0        29         1         0       -29         1         0
        29        -1         0        -1       -29         0         1        29
         0        -1        29         0         1       -29         0       -29
        -2         0        29         2         0       -29         2         0
        29        -2         0       -26       -13         0        26        13
         0       -26        13         0        26       -13         0       -22
       -19         0        22        19         0       -22        19         0
        22       -19         0       -19       -22         0        19        22
         0       -19        22         0        19       -22         0       -13
       -26         0        13        26         0       -13        26         0
        13       -26         0        -2       -29         0         2        29
         0        -2        29         0         2       -29         0       -28
        -8         0        28         8         0       -28         8         0
        28        -8         0        -8       -28         0         8        28
         0        -8        28         0         8       -28         0       -29
        -3         0        29         3         0       -29         3         0
        29        -3         0       -27       -11         0        27        11
         0       -27        11         0        27       -11         0       -25
       -15         0        25        15         0       -25        15         0
        25       -15         0       -15       -25         0        15        25
         0       -15        25         0        15       -25         0       -11
       -27         0        11        27         0       -11        27         0
        11       -27         0        -3       -29         0         3        29
         0        -3        29         0         3       -29         0       -23
       -18         0        23        18         0       -23        18         0
        23       -18         0       -18       -23         0        18        23
         0       -18        23         0        18       -23         0       -29
        -4         0        29         4         0       -29         4         0
        29        -4         0        -4       -29         0         4        29
         0        -4        29         0         4       -29         0       -28
        -9         0        28         9         0       -28         9         0
        28        -9         0       -24       -17         0        24        17
         0       -24        17         0        24       -17         0       -17
       -24         0        17        24         0       -17        24         0
        17       -24         0        -9       -28         0         9        28
         0        -9        28         0         9       -28         0       -29
        -5         0        29         5         0       -29         5         0
        29        -5         0        -5       -29         0         5        29
         0        -5        29         0         5       -29         0       -26
       -14         0        26        14         0       -26        14         0
        26       -14         0       -14       -26         0        14        26
         0       -14        26         0        14       -26         0       -27
       -12         0        27        12         0       -27        12         0
        27       -12         0       -12       -27         0        12        27
         0       -12        27         0        12       -27         0       -29
        -6         0        29         6         0       -29         6         0
        29        -6         0        -6       -29         0         6        29
         0        -6        29         0         6       -29         0       -25
       -16         0        25        16         0       -25        16         0
        25       -16         0       -16       -25         0        16        25
         0       -16        25         0        16       -25         0       -21
       -21         0        21        21         0       -21        21         0
        21       -21         0       -28       -10         0        28        10
         0       -28        10         0        28       -10         0       -22
       -20         0        22        20         0       -22        20         0
        22       -20         0       -20       -22         0        20        22
         0       -20        22         0        20       -22         0       -10
       -28         0        10        28         0       -10        28         0
        10       -28         0       -29        -7         0        29         7
         0       -29         7         0        29        -7         0       -23
       -19         0        23        19         0       -23        19         0
        23       -19         0       -19       -23         0        19        23
         0       -19        23         0        19       -23         0        -7
       -29         0         7        29         0        -7        29         0
         7       -29         0       -27       -13         0        27        13
         0       -27        13         0        27       -13         0       -13
       -27         0        13        27         0       -13        27         0
        13       -27         0       -30         0         0        30         0
         0       -24       -18         0        24        18         0       -24
        18         0        24       -18         0       -18       -24         0
        18        24         0       -18        24         0        18       -24
         0         0       -30         0         0        30         0       -30
        -1         0        30         1         0       -30         1         0
        30        -1         0       -26       -15         0        26        15
         0       -26        15         0        26       -15         0       -15
       -26         0        15        26         0       -15        26         0
        15       -26         0        -1       -30         0         1        30
         0        -1        30         0         1       -30         0       -30
        -2         0        30         2         0       -30         2         0
        30        -2         0        -2       -30         0         2        30
         0        -2        30         0         2       -30         0       -29
        -8         0        29         8         0       -29         8         0
        29        -8         0       -28       -11         0        28        11
         0       -28        11         0        28       -11         0       -11
       -28         0        11        28         0       -11        28         0
        11       -28         0        -8       -29         0         8        29
         0        -8        29         0         8       -29         0       -30
        -3         0        30         3         0       -30         3         0
        30        -3         0        -3       -30         0         3        30
         0        -3        30         0         3       -30         0       -25
       -17         0        25        17         0       -25        17         0
        25       -17         0       -17       -25         0        17        25
         0       -17        25         0        17       -25         0       -30
        -4         0        30         4         0       -30         4         0
        30        -4         0        -4       -30         0         4        30
         0        -4        30         0         4       -30         0       -29
        -9         0        29         9         0       -29         9         0
        29        -9         0        -9       -29         0         9        29
         0        -9        29         0         9       -29         0       -30
        -5         0        30         5         0       -30         5         0
        30        -5         0       -27       -14         0        27        14
         0       -27        14         0        27       -14         0       -22
       -21         0        22        21         0       -22        21         0
        22       -21         0       -21       -22         0        21        22
         0       -21        22         0        21       -22         0       -14
       -27         0        14        27         0       -14        27         0
        14       -27         0        -5       -30         0         5        30
         0        -5        30         0         5       -30         0       -28
       -12         0        28        12         0       -28        12         0
        28       -12         0       -12       -28         0        12        28
         0       -12        28         0        12       -28         0       -23
       -20         0        23        20         0       -23        20         0
        23       -20         0       -20       -23         0        20        23
         0       -20        23         0        20       -23         0       -26
       -16         0        26        16         0       -26        16         0
        26       -16         0       -16       -26         0        16        26
         0       -16        26         0        16       -26         0       -30
        -6         0        30         6         0       -30         6         0
        30        -6         0        -6       -30         0         6        30
         0        -6        30         0         6       -30         0       -24
       -19         0        24        19         0       -24        19         0
        24       -19         0       -19       -24         0        19        24
         0       -19        24         0        19       -24         0       -29
       -10         0        29        10         0       -29        10         0
        29       -10         0       -10       -29         0        10        29
         0       -10        29         0        10       -29         0       -30
        -7         0        30         7         0       -30         7         0
        30        -7         0       -25       -18         0        25        18
         0       -25        18         0        25       -18         0       -18
       -25         0        18        25         0       -18        25         0
        18       -25         0        -7       -30         0         7        30
         0        -7        30         0         7       -30         0       -28
       -13         0        28        13         0       -28        13         0
        28       -13         0       -13       -28         0        13        28
         0       -13        28         0        13       -28         0       -27
       -15         0        27        15         0       -27        15         0
        27       -15         0       -15       -27         0        15        27
         0       -15        27         0        15       -27         0       -31
         0         0        31         0         0         0       -31         0
         0        31         0       -31        -1         0        31         1
         0       -31         1         0        31        -1         0       -29
       -11         0        29        11         0       -29        11         0
        29       -11         0       -11       -29         0        11        29
         0       -11        29         0        11       -29         0        -1
       -31         0         1        31         0        -1        31         0
         1       -31         0       -30        -8         0        30         8
         0       -30         8         0        30        -8         0        -8
       -30         0         8        30         0        -8        30         0
         8       -30         0       -31        -2         0        31         2
         0       -31         2         0        31        -2         0       -26
       -17         0        26        17         0       -26        17         0
        26       -17         0       -17       -26         0        17        26
         0       -17        26         0        17       -26         0        -2
       -31         0         2        31         0        -2        31         0
         2       -31         0       -22       -22         0        22        22
         0       -22        22         0        22       -22         0       -31
        -3         0        31         3         0       -31         3         0
        31        -3         0       -23       -21         0        23        21
         0       -23        21         0        23       -21         0       -21
       -23         0        21        23         0       -21        23         0
        21       -23         0        -3       -31         0         3        31
         0        -3        31         0         3       -31         0       -24
       -20         0        24        20         0       -24        20         0
        24       -20         0       -20       -24         0        20        24
         0       -20        24         0        20       -24         0       -31
        -4         0        31         4         0       -31         4         0
        31        -4         0        -4       -31         0         4        31
         0        -4        31         0         4       -31         0       -28
       -14         0        28        14         0       -28        14         0
        28       -14         0       -14       -28         0        14        28
         0       -14        28         0        14       -28         0       -30
        -9         0        30         9         0       -30         9         0
        30        -9         0        -9       -30         0         9        30
         0        -9        30         0         9       -30         0       -29
       -12         0        29        12         0       -29        12         0
        29       -12         0       -27       -16         0        27        16
         0       -27        16         0        27       -16         0       -16
       -27         0        16        27         0       -16        27         0
        16       -27         0       -12       -29         0        12        29
         0       -12        29         0        12       -29         0       -31
        -5         0        31         5         0       -31         5         0
        31        -5         0       -25       -19         0        25        19
         0       -25        19         0        25       -19         0       -19
       -25         0        19        25         0       -19        25         0
        19       -25         0        -5       -31         0         5        31
         0        -5        31         0         5       -31         0       -31
        -6         0        31         6         0       -31         6         0
        31        -6         0        -6       -31         0         6        31
         0        -6        31         0         6       -31         0       -30
       -10         0        30        10         0       -30        10         0
        30       -10         0       -26       -18         0        26        18
         0       -26        18         0        26       -18         0       -18
       -26         0        18        26         0       -18        26         0
        18       -26         0       -10       -30         0        10        30
         0       -10        30         0        10       -30         0       -28
       -15         0        28        15         0       -28        15         0
        28       -15         0       -15       -28         0        15        28
         0       -15        28         0        15       -28         0       -31
        -7         0        31         7         0       -31         7         0
        31        -7         0       -29       -13         0        29        13
         0       -29        13         0        29       -13         0       -13
       -29         0        13        29         0       -13        29         0
        13       -29         0        -7       -31         0         7        31
         0        -7        31         0         7       -31         0       -23
       -22         0        23        22         0       -23        22         0
        23       -22         0       -22       -23         0        22        23
         0       -22        23         0        22       -23         0       -24
       -21         0        24        21         0       -24        21         0
        24       -21         0       -21       -24         0        21        24
         0       -21        24         0        21       -24         0       -27
       -17         0        27        17         0       -27        17         0
        27       -17         0       -17       -27         0        17        27
         0       -17        27         0        17       -27         0       -30
       -11         0        30        11         0       -30        11         0
        30       -11         0       -11       -30         0        11        30
         0       -11        30         0        11       -30         0       -32
         0         0        32         0         0         0       -32         0
         0        32         0       -32        -1         0        32         1
         0       -32         1         0        32        -1         0       -31
        -8         0        31         8         0       -31         8         0
        31        -8         0       -25       -20         0        25        20
         0       -25        20         0        25       -20         0       -20
       -25         0        20        25         0       -20        25         0
        20       -25         0        -8       -31         0         8        31
         0        -8        31         0         8       -31         0        -1
       -32         0         1        32         0        -1        32         0
         1       -32         0       -32        -2         0        32         2
         0       -32         2         0        32        -2         0        -2
       -32         0         2        32         0        -2        32         0
         2       -32         0       -32        -3         0        32         3
         0       -32         3         0        32        -3         0        -3
       -32         0         3        32         0        -3        32         0
         3       -32         0       -29       -14         0        29        14
         0       -29        14         0        29       -14         0       -26
       -19         0        26        19         0       -26        19         0
        26       -19         0       -19       -26         0        19        26
         0       -19        26         0        19       -26         0       -14
       -29         0        14        29         0       -14        29         0
        14       -29         0       -32        -4         0        32         4
         0       -32         4         0        32        -4         0       -28
       -16         0        28        16         0       -28        16         0
        28       -16         0       -16       -28         0        16        28
         0       -16        28         0        16       -28         0        -4
       -32         0         4        32         0        -4        32         0
         4       -32         0       -31        -9         0        31         9
         0       -31         9         0        31        -9         0        -9
       -31         0         9        31         0        -9        31         0
         9       -31         0       -30       -12         0        30        12
         0       -30        12         0        30       -12         0       -12
       -30         0        12        30         0       -12        30         0
        12       -30         0       -32        -5         0        32         5
         0       -32         5         0        32        -5         0        -5
       -32         0         5        32         0        -5        32         0
         5       -32         0       -27       -18         0        27        18
         0       -27        18         0        27       -18         0       -18
       -27         0        18        27         0       -18        27         0
        18       -27         0       -23       -23         0        23        23
         0       -23        23         0        23       -23         0       -32
        -6         0        32         6         0       -32         6         0
        32        -6         0       -24       -22         0        24        22
         0       -24        22         0        24       -22         0       -22
       -24         0        22        24         0       -22        24         0
        22       -24         0        -6       -32         0         6        32
         0        -6        32         0         6       -32         0       -31
       -10         0        31        10         0       -31        10         0
        31       -10         0       -10       -31         0        10        31
         0       -10        31         0        10       -31         0       -29
       -15         0        29        15         0       -29        15         0
        29       -15         0       -25       -21         0        25        21
         0       -25        21         0        25       -21         0       -21
       -25         0        21        25         0       -21        25         0
        21       -25         0       -15       -29         0        15        29
         0       -15        29         0        15       -29         0       -30
       -13         0        30        13         0       -30        13         0
        30       -13         0       -13       -30         0        13        30
         0       -13        30         0        13       -30         0       -32
        -7         0        32         7         0       -32         7         0
        32        -7         0       -28       -17         0        28        17
         0       -28        17         0        28       -17         0       -17
       -28         0        17        28         0       -17        28         0
        17       -28         0        -7       -32         0         7        32
         0        -7        32         0         7       -32         0       -26
       -20         0        26        20         0       -26        20         0
        26       -20         0       -20       -26         0        20        26
         0       -20        26         0        20       -26         0       -31
       -11         0        31        11         0       -31        11         0
        31       -11         0       -11       -31         0        11        31
         0       -11        31         0        11       -31         0       -32
        -8         0        32         8         0       -32         8         0
        32        -8         0        -8       -32         0         8        32
         0        -8        32         0         8       -32         0       -33
         0         0        33         0         0         0       -33         0
         0        33         0       -33        -1         0        33         1
         0       -33         1         0        33        -1         0       -27
       -19         0        27        19         0       -27        19         0
        27       -19         0       -19       -27         0        19        27
         0       -19        27         0        19       -27         0        -1
       -33         0         1        33         0        -1        33         0
         1       -33         0       -33        -2         0        33         2
         0       -33         2         0        33        -2         0        -2
       -33         0         2        33         0        -2        33         0
         2       -33         0       -30       -14         0        30        14
         0       -30        14         0        30       -14         0       -14
       -30         0        14        30         0       -14        30         0
        14       -30         0       -29       -16         0        29        16
         0       -29        16         0        29       -16         0       -16
       -29         0        16        29         0       -16        29         0
        16       -29         0       -33        -3         0        33         3
         0       -33         3         0        33        -3         0        -3
       -33         0         3        33         0        -3        33         0
         3       -33         0       -33        -4         0        33         4
         0       -33         4         0        33        -4         0       -32
        -9         0        32         9         0       -32         9         0
        32        -9         0       -31       -12         0        31        12
         0       -31        12         0        31       -12         0       -24
       -23         0        24        23         0       -24        23         0
        24       -23         0       -23       -24         0        23        24
         0       -23        24         0        23       -24         0       -12
       -31         0        12        31         0       -12        31         0
        12       -31         0        -9       -32         0         9        32
         0        -9        32         0         9       -32         0        -4
       -33         0         4        33         0        -4        33         0
         4       -33         0       -28       -18         0        28        18
         0       -28        18         0        28       -18         0       -18
       -28         0        18        28         0       -18        28         0
        18       -28         0       -25       -22         0        25        22
         0       -25        22         0        25       -22         0       -22
       -25         0        22        25         0       -22        25         0
        22       -25         0       -33        -5         0        33         5
         0       -33         5         0        33        -5         0        -5
       -33         0         5        33         0        -5        33         0
         5       -33         0       -26       -21         0        26        21
         0       -26        21         0        26       -21         0       -21
       -26         0        21        26         0       -21        26         0
        21       -26         0       -32       -10         0        32        10
         0       -32        10         0        32       -10         0       -10
       -32         0        10        32         0       -10        32         0
        10       -32         0       -33        -6         0        33         6
         0       -33         6         0        33        -6         0       -30
       -15         0        30        15         0       -30        15         0
        30       -15         0       -15       -30         0        15        30
         0       -15        30         0        15       -30         0        -6
       -33         0         6        33         0        -6        33         0
         6       -33         0       -27       -20         0        27        20
         0       -27        20         0        27       -20         0       -20
       -27         0        20        27         0       -20        27         0
        20       -27         0       -31       -13         0        31        13
         0       -31        13         0        31       -13         0       -29
       -17         0        29        17         0       -29        17         0
        29       -17         0       -17       -29         0        17        29
         0       -17        29         0        17       -29         0       -13
       -31         0        13        31         0       -13        31         0
        13       -31         0       -33        -7         0        33         7
         0       -33         7         0        33        -7         0        -7
       -33         0         7        33         0        -7        33         0
         7       -33         0       -32       -11         0        32        11
         0       -32        11         0        32       -11         0       -28
       -19         0        28        19         0       -28        19         0
        28       -19         0       -19       -28         0        19        28
         0       -19        28         0        19       -28         0       -11
       -32         0        11        32         0       -11        32         0
        11       -32         0       -24       -24         0        24        24
         0       -24        24         0        24       -24         0       -33
        -8         0        33         8         0       -33         8         0
        33        -8         0        -8       -33         0         8        33
         0        -8        33         0         8       -33         0       -25
       -23         0        25        23         0       -25        23         0
        25       -23         0       -23       -25         0        23        25
         0       -23        25         0        23       -25         0       -34
         0         0        34         0         0       -30       -16         0
        30        16         0       -30        16         0        30       -16
         0       -16       -30         0        16        30         0       -16
        30         0        16       -30         0         0       -34         0
         0        34         0       -34        -1         0        34         1
         0       -34         1         0        34        -1         0       -31
       -14         0        31        14         0       -31        14         0
        31       -14         0       -14       -31         0        14        31
         0       -14        31         0        14       -31         0        -1
       -34         0         1        34         0        -1        34         0
         1       -34         0       -34        -2         0        34         2
         0       -34         2         0        34        -2         0       -26
       -22         0        26        22         0       -26        22         0
        26       -22         0       -22       -26         0        22        26
         0       -22        26         0        22       -26         0        -2
       -34         0         2        34         0        -2        34         0
         2       -34         0       -34        -3         0        34         3
         0       -34         3         0        34        -3         0       -29
       -18         0        29        18         0       -29        18         0
        29       -18         0       -18       -29         0        18        29
         0       -18        29         0        18       -29         0        -3
       -34         0         3        34         0        -3        34         0
         3       -34         0       -32       -12         0        32        12
         0       -32        12         0        32       -12         0       -12
       -32         0        12        32         0       -12        32         0
        12       -32         0       -33        -9         0        33         9
         0       -33         9         0        33        -9         0       -27
       -21         0        27        21         0       -27        21         0
        27       -21         0       -21       -27         0        21        27
         0       -21        27         0        21       -27         0        -9
       -33         0         9        33         0        -9        33         0
         9       -33         0       -34        -4         0        34         4
         0       -34         4         0        34        -4         0        -4
       -34         0         4        34         0        -4        34         0
         4       -34         0       -34        -5         0        34         5
         0       -34         5         0        34        -5         0        -5
       -34         0         5        34         0        -5        34         0
         5       -34         0       -28       -20         0        28        20
         0       -28        20         0        28       -20         0       -20
       -28         0        20        28         0       -20        28         0
        20       -28         0       -31       -15         0        31        15
         0       -31        15         0        31       -15         0       -15
       -31         0        15        31         0       -15        31         0
        15       -31         0       -33       -10         0        33        10
         0       -33        10         0        33       -10         0       -30
       -17         0        30        17         0       -30        17         0
        30       -17         0       -17       -30         0        17        30
         0       -17        30         0        17       -30         0       -10
       -33         0        10        33         0       -10        33         0
        10       -33         0       -34        -6         0        34         6
         0       -34         6         0        34        -6         0        -6
       -34         0         6        34         0        -6        34         0
         6       -34         0       -32       -13         0        32        13
         0       -32        13         0        32       -13         0       -13
       -32         0        13        32         0       -13        32         0
        13       -32         0       -25       -24         0        25        24
         0       -25        24         0        25       -24         0       -24
       -25         0        24        25         0       -24        25         0
        24       -25         0       -29       -19         0        29        19
         0       -29        19         0        29       -19         0       -19
       -29         0        19        29         0       -19        29         0
        19       -29         0       -34        -7         0        34         7
         0       -34         7         0        34        -7         0       -26
       -23         0        26        23         0       -26        23         0
        26       -23         0       -23       -26         0        23        26
         0       -23        26         0        23       -26         0        -7
       -34         0         7        34         0        -7        34         0
         7       -34         0       -33       -11         0        33        11
         0       -33        11         0        33       -11         0       -11
       -33         0        11        33         0       -11        33         0
        11       -33         0       -27       -22         0        27        22
         0       -27        22         0        27       -22         0       -22
       -27         0        22        27         0       -22        27         0
        22       -27         0       -31       -16         0        31        16
         0       -31        16         0        31       -16         0       -16
       -31         0        16        31         0       -16        31         0
        16       -31         0       -34        -8         0        34         8
         0       -34         8         0        34        -8         0       -32
       -14         0        32        14         0       -32        14         0
        32       -14         0       -14       -32         0        14        32
         0       -14        32         0        14       -32         0        -8
       -34         0         8        34         0        -8        34         0
         8       -34         0       -30       -18         0        30        18
         0       -30        18         0        30       -18         0       -18
       -30         0        18        30         0       -18        30         0
        18       -30         0       -35         0         0        35         0
         0       -28       -21         0        28        21         0       -28
        21         0        28       -21         0       -21       -28         0
        21        28         0       -21        28         0        21       -28
         0         0       -35         0         0        35         0       -35
        -1         0        35         1         0       -35         1         0
        35        -1         0        -1       -35         0         1        35
         0        -1        35         0         1       -35         0       -35
        -2         0        35         2         0       -35         2         0
        35        -2         0        -2       -35         0         2        35
         0        -2        35         0         2       -35         0       -33
       -12         0        33        12         0       -33        12         0
        33       -12         0       -12       -33         0        12        33
         0       -12        33         0        12       -33         0       -35
        -3         0        35         3         0       -35         3         0
        35        -3         0        -3       -35         0         3        35
         0        -3        35         0         3       -35         0       -34
        -9         0        34         9         0       -34         9         0
        34        -9         0        -9       -34         0         9        34
         0        -9        34         0         9       -34         0       -35
        -4         0        35         4         0       -35         4         0
        35        -4         0       -29       -20         0        29        20
         0       -29        20         0        29       -20         0       -20
       -29         0        20        29         0       -20        29         0
        20       -29         0        -4       -35         0         4        35
         0        -4        35         0         4       -35         0       -32
       -15         0        32        15         0       -32        15         0
        32       -15         0       -15       -32         0        15        32
         0       -15        32         0        15       -32         0       -35
        -5         0        35         5         0       -35         5         0
        35        -5         0       -31       -17         0        31        17
         0       -31        17         0        31       -17         0       -25
       -25         0        25        25         0       -25        25         0
        25       -25         0       -17       -31         0        17        31
         0       -17        31         0        17       -31         0        -5
       -35         0         5        35         0        -5        35         0
         5       -35         0       -26       -24         0        26        24
         0       -26        24         0        26       -24         0       -24
       -26         0        24        26         0       -24        26         0
        24       -26         0       -34       -10         0        34        10
         0       -34        10         0        34       -10         0       -10
       -34         0        10        34         0       -10        34         0
        10       -34         0       -33       -13         0        33        13
         0       -33        13         0        33       -13         0       -27
       -23         0        27        23         0       -27        23         0
        27       -23         0       -23       -27         0        23        27
         0       -23        27         0        23       -27         0       -13
       -33         0        13        33         0       -13        33         0
        13       -33         0       -35        -6         0        35         6
         0       -35         6         0        35        -6         0       -30
       -19         0        30        19         0       -30        19         0
        30       -19         0       -19       -30         0        19        30
         0       -19        30         0        19       -30         0        -6
       -35         0         6        35         0        -6        35         0
         6       -35         0       -28       -22         0        28        22
         0       -28        22         0        28       -22         0       -22
       -28         0        22        28         0       -22        28         0
        22       -28         0       -35        -7         0        35         7
         0       -35         7         0        35        -7         0        -7
       -35         0         7        35         0        -7        35         0
         7       -35         0       -34       -11         0        34        11
         0       -34        11         0        34       -11         0       -11
       -34         0        11        34         0       -11        34         0
        11       -34         0       -32       -16         0        32        16
         0       -32        16         0        32       -16         0       -16
       -32         0        16        32         0       -16        32         0
        16       -32         0       -29       -21         0        29        21
         0       -29        21         0        29       -21         0       -21
       -29         0        21        29         0       -21        29         0
        21       -29         0       -33       -14         0        33        14
         0       -33        14         0        33       -14         0       -31
       -18         0        31        18         0       -31        18         0
        31       -18         0       -18       -31         0        18        31
         0       -18        31         0        18       -31         0       -14
       -33         0        14        33         0       -14        33         0
        14       -33         0       -35        -8         0        35         8
         0       -35         8         0        35        -8         0        -8
       -35         0         8        35         0        -8        35         0
         8       -35         0       -36         0         0        36         0
         0         0       -36         0         0        36         0       -36
        -1         0        36         1         0       -36         1         0
        36        -1         0        -1       -36         0         1        36
         0        -1        36         0         1       -36         0       -36
        -2         0        36         2         0       -36         2         0
        36        -2         0       -34       -12         0        34        12
         0       -34        12         0        34       -12         0       -30
       -20         0        30        20         0       -30        20         0
        30       -20         0       -20       -30         0        20        30
         0       -20        30         0        20       -30         0       -12
       -34         0        12        34         0       -12        34         0
        12       -34         0        -2       -36         0         2        36
         0        -2        36         0         2       -36         0       -26
       -25         0        26        25         0       -26        25         0
        26       -25         0       -25       -26         0        25        26
         0       -25        26         0        25       -26         0       -36
        -3         0        36         3         0       -36         3         0
        36        -3         0       -27       -24         0        27        24
         0       -27        24         0        27       -24         0       -24
       -27         0        24        27         0       -24        27         0
        24       -27         0        -3       -36         0         3        36
         0        -3        36         0         3       -36         0       -35
        -9         0        35         9         0       -35         9         0
        35        -9         0        -9       -35         0         9        35
         0        -9        35         0         9       -35         0       -36
        -4         0        36         4         0       -36         4         0
        36        -4         0        -4       -36         0         4        36
         0        -4        36         0         4       -36         0       -32
       -17         0        32        17         0       -32        17         0
        32       -17         0       -28       -23         0        28        23
         0       -28        23         0        28       -23         0       -23
       -28         0        23        28         0       -23        28         0
        23       -28         0       -17       -32         0        17        32
         0       -17        32         0        17       -32         0       -33
       -15         0        33        15         0       -33        15         0
        33       -15         0       -15       -33         0        15        33
         0       -15        33         0        15       -33         0       -36
        -5         0        36         5         0       -36         5         0
        36        -5         0        -5       -36         0         5        36
         0        -5        36         0         5       -36         0       -31
       -19         0        31        19         0       -31        19         0
        31       -19         0       -19       -31         0        19        31
         0       -19        31         0        19       -31         0       -35
       -10         0        35        10         0       -35        10         0
        35       -10         0       -34       -13         0        34        13
         0       -34        13         0        34       -13         0       -29
       -22         0        29        22         0       -29        22         0
        29       -22         0       -22       -29         0        22        29
         0       -22        29         0        22       -29         0       -13
       -34         0        13        34         0       -13        34         0
        13       -34         0       -10       -35         0        10        35
         0       -10        35         0        10       -35         0       -36
        -6         0        36         6         0       -36         6         0
        36        -6         0        -6       -36         0         6        36
         0        -6        36         0         6       -36         0       -30
       -21         0        30        21         0       -30        21         0
        30       -21         0       -21       -30         0        21        30
         0       -21        30         0        21       -30         0       -36
        -7         0        36         7         0       -36         7         0
        36        -7         0       -33       -16         0        33        16
         0       -33        16         0        33       -16         0       -16
       -33         0        16        33         0       -16        33         0
        16       -33         0        -7       -36         0         7        36
         0        -7        36         0         7       -36         0       -35
       -11         0        35        11         0       -35        11         0
        35       -11         0       -11       -35         0        11        35
         0       -11        35         0        11       -35         0       -32
       -18         0        32        18         0       -32        18         0
        32       -18         0       -18       -32         0        18        32
         0       -18        32         0        18       -32         0       -34
       -14         0        34        14         0       -34        14         0
        34       -14         0       -26       -26         0        26        26
         0       -26        26         0        26       -26         0       -14
       -34         0        14        34         0       -14        34         0
        14       -34         0       -27       -25         0        27        25
         0       -27        25         0        27       -25         0       -25
       -27         0        25        27         0       -25        27         0
        25       -27         0       -36        -8         0        36         8
         0       -36         8         0        36        -8         0       -28
       -24         0        28        24         0       -28        24         0
        28       -24         0       -24       -28         0        24        28
         0       -24        28         0        24       -28         0        -8
       -36         0         8        36         0        -8        36         0
         8       -36         0       -31       -20         0        31        20
         0       -31        20         0        31       -20         0       -20
       -31         0        20        31         0       -20        31         0
        20       -31         0       -37         0         0        37         0
         0       -35       -12         0        35        12         0       -35
        12         0        35       -12         0       -12       -35         0
        12        35         0       -12        35         0        12       -35
         0         0       -37         0         0        37         0       -37
        -1         0        37         1         0       -37         1         0
        37        -1         0       -29       -23         0        29        23
         0       -29        23         0        29       -23         0       -23
       -29         0        23        29         0       -23        29         0
        23       -29         0        -1       -37         0         1        37
         0        -1        37         0         1       -37         0       -37
        -2         0        37         2         0       -37         2         0
        37        -2         0        -2       -37         0         2        37
         0        -2        37         0         2       -37         0       -36
        -9         0        36         9         0       -36         9         0
        36        -9         0        -9       -36         0         9        36
         0        -9        36         0         9       -36         0       -37
        -3         0        37         3         0       -37         3         0
        37        -3         0       -33       -17         0        33        17
         0       -33        17         0        33       -17         0       -17
       -33         0        17        33         0       -17        33         0
        17       -33         0        -3       -37         0         3        37
         0        -3        37         0         3       -37         0       -34
       -15         0        34        15         0       -34        15         0
        34       -15         0       -15       -34         0        15        34
         0       -15        34         0        15       -34         0       -30
       -22         0        30        22         0       -30        22         0
        30       -22         0       -22       -30         0        22        30
         0       -22        30         0        22       -30         0       -37
        -4         0        37         4         0       -37         4         0
        37        -4         0       -32       -19         0        32        19
         0       -32        19         0        32       -19         0       -19
       -32         0        19        32         0       -19        32         0
        19       -32         0        -4       -37         0         4        37
         0        -4        37         0         4       -37         0       -37
        -5         0        37         5         0       -37         5         0
        37        -5         0       -35       -13         0        35        13
         0       -35        13         0        35       -13         0       -13
       -35         0        13        35         0       -13        35         0
        13       -35         0        -5       -37         0         5        37
         0        -5        37         0         5       -37         0       -36
       -10         0        36        10         0       -36        10         0
        36       -10         0       -10       -36         0        10        36
         0       -10        36         0        10       -36         0       -31
       -21         0        31        21         0       -31        21         0
        31       -21         0       -21       -31         0        21        31
         0       -21        31         0        21       -31         0       -37
        -6         0        37         6         0       -37         6         0
        37        -6         0       -27       -26         0        27        26
         0       -27        26         0        27       -26         0       -26
       -27         0        26        27         0       -26        27         0
        26       -27         0        -6       -37         0         6        37
         0        -6        37         0         6       -37         0       -28
       -25         0        28        25         0       -28        25         0
        28       -25         0       -25       -28         0        25        28
         0       -25        28         0        25       -28         0       -34
       -16         0        34        16         0       -34        16         0
        34       -16         0       -16       -34         0        16        34
         0       -16        34         0        16       -34         0       -33
       -18         0        33        18         0       -33        18         0
        33       -18         0       -18       -33         0        18        33
         0       -18        33         0        18       -33         0       -36
       -11         0        36        11         0       -36        11         0
        36       -11         0       -29       -24         0        29        24
         0       -29        24         0        29       -24         0       -24
       -29         0        24        29         0       -24        29         0
        24       -29         0       -11       -36         0        11        36
         0       -11        36         0        11       -36         0       -37
        -7         0        37         7         0       -37         7         0
        37        -7         0        -7       -37         0         7        37
         0        -7        37         0         7       -37         0       -35
       -14         0        35        14         0       -35        14         0
        35       -14         0       -14       -35         0        14        35
         0       -14        35         0        14       -35         0       -32
       -20         0        32        20         0       -32        20         0
        32       -20         0       -20       -32         0        20        32
         0       -20        32         0        20       -32         0       -30
       -23         0        30        23         0       -30        23         0
        30       -23         0       -23       -30         0        23        30
         0       -23        30         0        23       -30         0       -37
        -8         0        37         8         0       -37         8         0
        37        -8         0        -8       -37         0         8        37
         0        -8        37         0         8       -37         0       -36
       -12         0        36        12         0       -36        12         0
        36       -12         0       -12       -36         0        12        36
         0       -12        36         0        12       -36         0       -38
         0         0        38         0         0         0       -38         0
         0        38         0       -38        -1         0        38         1
         0       -38         1         0        38        -1         0       -34
       -17         0        34        17         0       -34        17         0
        34       -17         0       -31       -22         0        31        22
         0       -31        22         0        31       -22         0       -22
       -31         0        22        31         0       -22        31         0
        22       -31         0       -17       -34         0        17        34
         0       -17        34         0        17       -34         0        -1
       -38         0         1        38         0        -1        38         0
         1       -38         0       -38        -2         0        38         2
         0       -38         2         0        38        -2         0        -2
       -38         0         2        38         0        -2        38         0
         2       -38         0       -37        -9         0        37         9
         0       -37         9         0        37        -9         0       -35
       -15         0        35        15         0       -35        15         0
        35       -15         0       -33       -19         0        33        19
         0       -33        19         0        33       -19         0       -19
       -33         0        19        33         0       -19        33         0
        19       -33         0       -15       -35         0        15        35
         0       -15        35         0        15       -35         0        -9
       -37         0         9        37         0        -9        37         0
         9       -37         0       -38        -3         0        38         3
         0       -38         3         0        38        -3         0        -3
       -38         0         3        38         0        -3        38         0
         3       -38         0       -27       -27         0        27        27
         0       -27        27         0        27       -27         0       -38
        -4         0        38         4         0       -38         4         0
        38        -4         0       -28       -26         0        28        26
         0       -28        26         0        28       -26         0       -26
       -28         0        26        28         0       -26        28         0
        26       -28         0        -4       -38         0         4        38
         0        -4        38         0         4       -38         0       -36
       -13         0        36        13         0       -36        13         0
        36       -13         0       -32       -21         0        32        21
         0       -32        21         0        32       -21         0       -21
       -32         0        21        32         0       -21        32         0
        21       -32         0       -13       -36         0        13        36
         0       -13        36         0        13       -36         0       -29
       -25         0        29        25         0       -29        25         0
        29       -25         0       -25       -29         0        25        29
         0       -25        29         0        25       -29         0       -38
        -5         0        38         5         0       -38         5         0
        38        -5         0       -37       -10         0        37        10
         0       -37        10         0        37       -10         0       -10
       -37         0        10        37         0       -10        37         0
        10       -37         0        -5       -38         0         5        38
         0        -5        38         0         5       -38         0       -30
       -24         0        30        24         0       -30        24         0
        30       -24         0       -24       -30         0        24        30
         0       -24        30         0        24       -30         0       -38
        -6         0        38         6         0       -38         6         0
        38        -6         0       -34       -18         0        34        18
         0       -34        18         0        34       -18         0       -18
       -34         0        18        34         0       -18        34         0
        18       -34         0        -6       -38         0         6        38
         0        -6        38         0         6       -38         0       -35
       -16         0        35        16         0       -35        16         0
        35       -16         0       -16       -35         0        16        35
         0       -16        35         0        16       -35         0       -33
       -20         0        33        20         0       -33        20         0
        33       -20         0       -20       -33         0        20        33
         0       -20        33         0        20       -33         0       -37
       -11         0        37        11         0       -37        11         0
        37       -11         0       -31       -23         0        31        23
         0       -31        23         0        31       -23         0       -23
       -31         0        23        31         0       -23        31         0
        23       -31         0       -11       -37         0        11        37
         0       -11        37         0        11       -37         0       -36
       -14         0        36        14         0       -36        14         0
        36       -14         0       -14       -36         0        14        36
         0       -14        36         0        14       -36         0       -38
        -7         0        38         7         0       -38         7         0
        38        -7         0        -7       -38         0         7        38
         0        -7        38         0         7       -38         0       -38
        -8         0        38         8         0       -38         8         0
        38        -8         0       -32       -22         0        32        22
         0       -32        22         0        32       -22         0       -22
       -32         0        22        32         0       -22        32         0
        22       -32         0        -8       -38         0         8        38
         0        -8        38         0         8       -38         0       -37
       -12         0        37        12         0       -37        12         0
        37       -12         0       -28       -27         0        28        27
         0       -28        27         0        28       -27         0       -27
       -28         0        27        28         0       -27        28         0
        27       -28         0       -12       -37         0        12        37
         0       -12        37         0        12       -37         0       -35
       -17         0        35        17         0       -35        17         0
        35       -17         0       -17       -35         0        17        35
         0       -17        35         0        17       -35         0       -34
       -19         0        34        19         0       -34        19         0
        34       -19         0       -29       -26         0        29        26
         0       -29        26         0        29       -26         0       -26
       -29         0        26        29         0       -26        29         0
        26       -29         0       -19       -34         0        19        34
         0       -19        34         0        19       -34         0       -39
         0         0        39         0         0       -36       -15         0
        36        15         0       -36        15         0        36       -15
         0       -15       -36         0        15        36         0       -15
        36         0        15       -36         0         0       -39         0
         0        39         0       -39        -1         0        39         1
         0       -39         1         0        39        -1         0        -1
       -39         0         1        39         0        -1        39         0
         1       -39         0       -39        -2         0        39         2
         0       -39         2         0        39        -2         0       -38
        -9         0        38         9         0       -38         9         0
        38        -9         0       -30       -25         0        30        25
         0       -30        25         0        30       -25         0       -25
       -30         0        25        30         0       -25        30         0
        25       -30         0        -9       -38         0         9        38
         0        -9        38         0         9       -38         0        -2
       -39         0         2        39         0        -2        39         0
         2       -39         0       -39        -3         0        39         3
         0       -39         3         0        39        -3         0       -33
       -21         0        33        21         0       -33        21         0
        33       -21         0       -21       -33         0        21        33
         0       -21        33         0        21       -33         0        -3
       -39         0         3        39         0        -3        39         0
         3       -39         0       -39        -4         0        39         4
         0       -39         4         0        39        -4         0       -31
       -24         0        31        24         0       -31        24         0
        31       -24         0       -24       -31         0        24        31
         0       -24        31         0        24       -31         0        -4
       -39         0         4        39         0        -4        39         0
         4       -39         0       -37       -13         0        37        13
         0       -37        13         0        37       -13         0       -13
       -37         0        13        37         0       -13        37         0
        13       -37         0       -38       -10         0        38        10
         0       -38        10         0        38       -10         0       -10
       -38         0        10        38         0       -10        38         0
        10       -38         0       -39        -5         0        39         5
         0       -39         5         0        39        -5         0        -5
       -39         0         5        39         0        -5        39         0
         5       -39         0       -35       -18         0        35        18
         0       -35        18         0        35       -18         0       -18
       -35         0        18        35         0       -18        35         0
        18       -35         0       -36       -16         0        36        16
         0       -36        16         0        36       -16         0       -16
       -36         0        16        36         0       -16        36         0
        16       -36         0       -32       -23         0        32        23
         0       -32        23         0        32       -23         0       -23
       -32         0        23        32         0       -23        32         0
        23       -32         0       -34       -20         0        34        20
         0       -34        20         0        34       -20         0       -20
       -34         0        20        34         0       -20        34         0
        20       -34         0       -39        -6         0        39         6
         0       -39         6         0        39        -6         0        -6
       -39         0         6        39         0        -6        39         0
         6       -39         0       -38       -11         0        38        11
         0       -38        11         0        38       -11         0       -37
       -14         0        37        14         0       -37        14         0
        37       -14         0       -14       -37         0        14        37
         0       -14        37         0        14       -37         0       -11
       -38         0        11        38         0       -11        38         0
        11       -38         0       -28       -28         0        28        28
         0       -28        28         0        28       -28         0       -39
        -7         0        39         7         0       -39         7         0
        39        -7         0       -29       -27         0        29        27
         0       -29        27         0        29       -27         0       -27
       -29         0        27        29         0       -27        29         0
        27       -29         0        -7       -39         0         7        39
         0        -7        39         0         7       -39         0       -33
       -22         0        33        22         0       -33        22         0
        33       -22         0       -22       -33         0        22        33
         0       -22        33         0        22       -33         0       -30
       -26         0        30        26         0       -30        26         0
        30       -26         0       -26       -30         0        26        30
         0       -26        30         0        26       -30         0       -39
        -8         0        39         8         0       -39         8         0
        39        -8         0       -36       -17         0        36        17
         0       -36        17         0        36       -17         0       -17
       -36         0        17        36         0       -17        36         0
        17       -36         0        -8       -39         0         8        39
         0        -8        39         0         8       -39         0       -35
       -19         0        35        19         0       -35        19         0
        35       -19         0       -31       -25         0        31        25
         0       -31        25         0        31       -25         0       -25
       -31         0        25        31         0       -25        31         0
        25       -31         0       -19       -35         0        19        35
         0       -19        35         0        19       -35         0       -38
       -12         0        38        12         0       -38        12         0
        38       -12         0       -12       -38         0        12        38
         0       -12        38         0        12       -38         0       -37
       -15         0        37        15         0       -37        15         0
        37       -15         0       -15       -37         0        15        37
         0       -15        37         0        15       -37         0       -34
       -21         0        34        21         0       -34        21         0
        34       -21         0       -21       -34         0        21        34
         0       -21        34         0        21       -34         0       -40
         0         0        40         0         0       -32       -24         0
        32        24         0       -32        24         0        32       -24
         0       -24       -32         0        24        32         0       -24
        32         0        24       -32         0         0       -40         0
         0        40         0       -40        -1         0        40         1
         0       -40         1         0        40        -1         0        -1
       -40         0         1        40         0        -1        40         0
         1       -40         0       -39        -9         0        39         9
         0       -39         9         0        39        -9         0        -9
       -39         0         9        39         0        -9        39         0
         9       -39         0       -40        -2         0        40         2
         0       -40         2         0        40        -2         0        -2
       -40         0         2        40         0        -2        40         0
         2       -40         0       -40        -3         0        40         3
         0       -40         3         0        40        -3         0        -3
       -40         0         3        40         0        -3        40         0
         3       -40         0       -38       -13         0        38        13
         0       -38        13         0        38       -13         0       -13
       -38         0        13        38         0       -13        38         0
        13       -38         0       -40        -4         0        40         4
         0       -40         4         0        40        -4         0        -4
       -40         0         4        40         0        -4        40         0
         4       -40         0       -33       -23         0        33        23
         0       -33        23         0        33       -23         0       -23
       -33         0        23        33         0       -23        33         0
        23       -33         0       -36       -18         0        36        18
         0       -36        18         0        36       -18         0       -18
       -36         0        18        36         0       -18        36         0
        18       -36         0       -39       -10         0        39        10
         0       -39        10         0        39       -10         0       -10
       -39         0        10        39         0       -10        39         0
        10       -39         0       -40        -5         0        40         5
         0       -40         5         0        40        -5         0       -37
       -16         0        37        16         0       -37        16         0
        37       -16         0       -35       -20         0        35        20
         0       -35        20         0        35       -20         0       -29
       -28         0        29        28         0       -29        28         0
        29       -28         0       -28       -29         0        28        29
         0       -28        29         0        28       -29         0       -20
       -35         0        20        35         0       -20        35         0
        20       -35         0       -16       -37         0        16        37
         0       -16        37         0        16       -37         0        -5
       -40         0         5        40         0        -5        40         0
         5       -40         0       -30       -27         0        30        27
         0       -30        27         0        30       -27         0       -27
       -30         0        27        30         0       -27        30         0
        27       -30         0       -40        -6         0        40         6
         0       -40         6         0        40        -6         0        -6
       -40         0         6        40         0        -6        40         0
         6       -40         0       -31       -26         0        31        26
         0       -31        26         0        31       -26         0       -26
       -31         0        26        31         0       -26        31         0
        26       -31         0       -38       -14         0        38        14
         0       -38        14         0        38       -14         0       -34
       -22         0        34        22         0       -34        22         0
        34       -22         0       -22       -34         0        22        34
         0       -22        34         0        22       -34         0       -14
       -38         0        14        38         0       -14        38         0
        14       -38         0       -39       -11         0        39        11
         0       -39        11         0        39       -11         0       -11
       -39         0        11        39         0       -11        39         0
        11       -39         0       -40        -7         0        40         7
         0       -40         7         0        40        -7         0       -32
       -25         0        32        25         0       -32        25         0
        32       -25         0       -25       -32         0        25        32
         0       -25        32         0        25       -32         0        -7
       -40         0         7        40         0        -7        40         0
         7       -40         0       -36       -19         0        36        19
         0       -36        19         0        36       -19         0       -19
       -36         0        19        36         0       -19        36         0
        19       -36         0       -37       -17         0        37        17
         0       -37        17         0        37       -17         0       -17
       -37         0        17        37         0       -17        37         0
        17       -37         0       -40        -8         0        40         8
         0       -40         8         0        40        -8         0        -8
       -40         0         8        40         0        -8        40         0
         8       -40         0       -39       -12         0        39        12
         0       -39        12         0        39       -12         0       -33
       -24         0        33        24         0       -33        24         0
        33       -24         0       -24       -33         0        24        33
         0       -24        33         0        24       -33         0       -12
       -39         0        12        39         0       -12        39         0
        12       -39         0       -35       -21         0        35        21
         0       -35        21         0        35       -21         0       -21
       -35         0        21        35         0       -21        35         0
        21       -35         0       -38       -15         0        38        15
         0       -38        15         0        38       -15         0       -15
       -38         0        15        38         0       -15        38         0
        15       -38         0       -41         0         0        41         0
         0       -40        -9         0        40         9         0       -40
         9         0        40        -9         0        -9       -40         0
         9        40         0        -9        40         0         9       -40
         0         0       -41         0         0        41         0       -41
        -1         0        41         1         0       -41         1         0
        41        -1         0       -29       -29         0        29        29
         0       -29        29         0        29       -29         0        -1
       -41         0         1        41         0        -1        41         0
         1       -41         0       -30       -28         0        30        28
         0       -30        28         0        30       -28         0       -28
       -30         0        28        30         0       -28        30         0
        28       -30         0       -41        -2         0        41         2
         0       -41         2         0        41        -2         0       -34
       -23         0        34        23         0       -34        23         0
        34       -23         0       -23       -34         0        23        34
         0       -23        34         0        23       -34         0        -2
       -41         0         2        41         0        -2        41         0
         2       -41         0       -41        -3         0        41         3
         0       -41         3         0        41        -3         0       -39
       -13         0        39        13         0       -39        13         0
        39       -13         0       -31       -27         0        31        27
         0       -31        27         0        31       -27         0       -27
       -31         0        27        31         0       -27        31         0
        27       -31         0       -13       -39         0        13        39
         0       -13        39         0        13       -39         0        -3
       -41         0         3        41         0        -3        41         0
         3       -41         0       -37       -18         0        37        18
         0       -37        18         0        37       -18         0       -18
       -37         0        18        37         0       -18        37         0
        18       -37         0       -36       -20         0        36        20
         0       -36        20         0        36       -20         0       -20
       -36         0        20        36         0       -20        36         0
        20       -36         0       -41        -4         0        41         4
         0       -41         4         0        41        -4         0        -4
       -41         0         4        41         0        -4        41         0
         4       -41         0       -40       -10         0        40        10
         0       -40        10         0        40       -10         0       -38
       -16         0        38        16         0       -38        16         0
        38       -16         0       -32       -26         0        32        26
         0       -32        26         0        32       -26         0       -26
       -32         0        26        32         0       -26        32         0
        26       -32         0       -16       -38         0        16        38
         0       -16        38         0        16       -38         0       -10
       -40         0        10        40         0       -10        40         0
        10       -40         0       -41        -5         0        41         5
         0       -41         5         0        41        -5         0        -5
       -41         0         5        41         0        -5        41         0
         5       -41         0       -35       -22         0        35        22
         0       -35        22         0        35       -22         0       -22
       -35         0        22        35         0       -22        35         0
        22       -35         0       -33       -25         0        33        25
         0       -33        25         0        33       -25         0       -25
       -33         0        25        33         0       -25        33         0
        25       -33         0       -41        -6         0        41         6
         0       -41         6         0        41        -6         0       -39
       -14         0        39        14         0       -39        14         0
        39       -14         0       -14       -39         0        14        39
         0       -14        39         0        14       -39         0        -6
       -41         0         6        41         0        -6        41         0
         6       -41         0       -40       -11         0        40        11
         0       -40        11         0        40       -11         0       -11
       -40         0        11        40         0       -11        40         0
        11       -40         0       -41        -7         0        41         7
         0       -41         7         0        41        -7         0       -37
       -19         0        37        19         0       -37        19         0
        37       -19         0       -19       -37         0        19        37
         0       -19        37         0        19       -37         0        -7
       -41         0         7        41         0        -7        41         0
         7       -41         0       -34       -24         0        34        24
         0       -34        24         0        34       -24         0       -24
       -34         0        24        34         0       -24        34         0
        24       -34         0       -38       -17         0        38        17
         0       -38        17         0        38       -17         0       -17
       -38         0        17        38         0       -17        38         0
        17       -38         0       -36       -21         0        36        21
         0       -36        21         0        36       -21         0       -21
       -36         0        21        36         0       -21        36         0
        21       -36         0       -30       -29         0        30        29
         0       -30        29         0        30       -29         0       -29
       -30         0        29        30         0       -29        30         0
        29       -30         0       -40       -12         0        40        12
         0       -40        12         0        40       -12         0       -12
       -40         0        12        40         0       -12        40         0
        12       -40         0       -41        -8         0        41         8
         0       -41         8         0        41        -8         0       -31
       -28         0        31        28         0       -31        28         0
        31       -28         0       -28       -31         0        28        31
         0       -28        31         0        28       -31         0        -8
       -41         0         8        41         0        -8        41         0
         8       -41         0       -39       -15         0        39        15
         0       -39        15         0        39       -15         0       -15
       -39         0        15        39         0       -15        39         0
        15       -39         0       -32       -27         0        32        27
         0       -32        27         0        32       -27         0       -27
       -32         0        27        32         0       -27        32         0
        27       -32         0       -35       -23         0        35        23
         0       -35        23         0        35       -23         0       -23
       -35         0        23        35         0       -23        35         0
        23       -35         0       -41        -9         0        41         9
         0       -41         9         0        41        -9         0        -9
       -41         0         9        41         0        -9        41         0
         9       -41         0       -42         0         0        42         0
         0         0       -42         0         0        42         0       -42
        -1         0        42         1         0       -42         1         0
        42        -1         0       -33       -26         0        33        26
         0       -33        26         0        33       -26         0       -26
       -33         0        26        33         0       -26        33         0
        26       -33         0        -1       -42         0         1        42
         0        -1        42         0         1       -42         0       -42
        -2         0        42         2         0       -42         2         0
        42        -2         0       -38       -18         0        38        18
         0       -38        18         0        38       -18         0       -18
       -38         0        18        38         0       -18        38         0
        18       -38         0        -2       -42         0         2        42
         0        -2        42         0         2       -42         0       -40
       -13         0        40        13         0       -40        13         0
        40       -13         0       -37       -20         0        37        20
         0       -37        20         0        37       -20         0       -20
       -37         0        20        37         0       -20        37         0
        20       -37         0       -13       -40         0        13        40
         0       -13        40         0        13       -40         0       -42
        -3         0        42         3         0       -42         3         0
        42        -3         0        -3       -42         0         3        42
         0        -3        42         0         3       -42         0       -39
       -16         0        39        16         0       -39        16         0
        39       -16         0       -16       -39         0        16        39
         0       -16        39         0        16       -39         0       -42
        -4         0        42         4         0       -42         4         0
        42        -4         0       -36       -22         0        36        22
         0       -36        22         0        36       -22         0       -22
       -36         0        22        36         0       -22        36         0
        22       -36         0        -4       -42         0         4        42
         0        -4        42         0         4       -42         0       -41
       -10         0        41        10         0       -41        10         0
        41       -10         0       -34       -25         0        34        25
         0       -34        25         0        34       -25         0       -25
       -34         0        25        34         0       -25        34         0
        25       -34         0       -10       -41         0        10        41
         0       -10        41         0        10       -41         0       -42
        -5         0        42         5         0       -42         5         0
        42        -5         0        -5       -42         0         5        42
         0        -5        42         0         5       -42         0       -40
       -14         0        40        14         0       -40        14         0
        40       -14         0       -14       -40         0        14        40
         0       -14        40         0        14       -40         0       -42
        -6         0        42         6         0       -42         6         0
        42        -6         0       -30       -30         0        30        30
         0       -30        30         0        30       -30         0        -6
       -42         0         6        42         0        -6        42         0
         6       -42         0       -35       -24         0        35        24
         0       -35        24         0        35       -24         0       -24
       -35         0        24        35         0       -24        35         0
        24       -35         0       -41       -11         0        41        11
         0       -41        11         0        41       -11         0       -31
       -29         0        31        29         0       -31        29         0
        31       -29         0       -29       -31         0        29        31
         0       -29        31         0        29       -31         0       -11
       -41         0        11        41         0       -11        41         0
        11       -41         0       -38       -19         0        38        19
         0       -38        19         0        38       -19         0       -19
       -38         0        19        38         0       -19        38         0
        19       -38         0       -32       -28         0        32        28
         0       -32        28         0        32       -28         0       -28
       -32         0        28        32         0       -28        32         0
        28       -32         0       -39       -17         0        39        17
         0       -39        17         0        39       -17         0       -37
       -21         0        37        21         0       -37        21         0
        37       -21         0       -21       -37         0        21        37
         0       -21        37         0        21       -37         0       -17
       -39         0        17        39         0       -17        39         0
        17       -39         0       -42        -7         0        42         7
         0       -42         7         0        42        -7         0        -7
       -42         0         7        42         0        -7        42         0
         7       -42         0       -33       -27         0        33        27
         0       -33        27         0        33       -27         0       -27
       -33         0        27        33         0       -27        33         0
        27       -33         0       -41       -12         0        41        12
         0       -41        12         0        41       -12         0       -40
       -15         0        40        15         0       -40        15         0
        40       -15         0       -36       -23         0        36        23
         0       -36        23         0        36       -23         0       -23
       -36         0        23        36         0       -23        36         0
        23       -36         0       -15       -40         0        15        40
         0       -15        40         0        15       -40         0       -12
       -41         0        12        41         0       -12        41         0
        12       -41         0       -42        -8         0        42         8
         0       -42         8         0        42        -8         0        -8
       -42         0         8        42         0        -8        42         0
         8       -42         0       -34       -26         0        34        26
         0       -34        26         0        34       -26         0       -26
       -34         0        26        34         0       -26        34         0
        26       -34         0       -38       -20         0        38        20
         0       -38        20         0        38       -20         0       -20
       -38         0        20        38         0       -20        38         0
        20       -38         0       -42        -9         0        42         9
         0       -42         9         0        42        -9         0       -39
       -18         0        39        18         0       -39        18         0
        39       -18         0       -18       -39         0        18        39
         0       -18        39         0        18       -39         0        -9
       -42         0         9        42         0        -9        42         0
         9       -42         0       -43         0         0        43         0
         0         0       -43         0         0        43         0       -43
        -1         0        43         1         0       -43         1         0
        43        -1         0       -41       -13         0        41        13
         0       -41        13         0        41       -13         0       -35
       -25         0        35        25         0       -35        25         0
        35       -25         0       -25       -35         0        25        35
         0       -25        35         0        25       -35         0       -13
       -41         0        13        41         0       -13        41         0
        13       -41         0        -1       -43         0         1        43
         0        -1        43         0         1       -43         0       -43
        -2         0        43         2         0       -43         2         0
        43        -2         0       -37       -22         0        37        22
         0       -37        22         0        37       -22         0       -22
       -37         0        22        37         0       -22        37         0
        22       -37         0        -2       -43         0         2        43
         0        -2        43         0         2       -43         0       -40
       -16         0        40        16         0       -40        16         0
        40       -16         0       -16       -40         0        16        40
         0       -16        40         0        16       -40         0       -43
        -3         0        43         3         0       -43         3         0
        43        -3         0        -3       -43         0         3        43
         0        -3        43         0         3       -43         0       -31
       -30         0        31        30         0       -31        30         0
        31       -30         0       -30       -31         0        30        31
         0       -30        31         0        30       -31         0       -42
       -10         0        42        10         0       -42        10         0
        42       -10         0       -10       -42         0        10        42
         0       -10        42         0        10       -42         0       -43
        -4         0        43         4         0       -43         4         0
        43        -4         0       -32       -29         0        32        29
         0       -32        29         0        32       -29         0       -29
       -32         0        29        32         0       -29        32         0
        29       -32         0        -4       -43         0         4        43
         0        -4        43         0         4       -43         0       -36
       -24         0        36        24         0       -36        24         0
        36       -24         0       -24       -36         0        24        36
         0       -24        36         0        24       -36         0       -33
       -28         0        33        28         0       -33        28         0
        33       -28         0       -28       -33         0        28        33
         0       -28        33         0        28       -33         0       -43
        -5         0        43         5         0       -43         5         0
        43        -5         0        -5       -43         0         5        43
         0        -5        43         0         5       -43         0       -41
       -14         0        41        14         0       -41        14         0
        41       -14         0       -14       -41         0        14        41
         0       -14        41         0        14       -41         0       -39
       -19         0        39        19         0       -39        19         0
        39       -19         0       -19       -39         0        19        39
         0       -19        39         0        19       -39         0       -43
        -6         0        43         6         0       -43         6         0
        43        -6         0       -42       -11         0        42        11
         0       -42        11         0        42       -11         0       -38
       -21         0        38        21         0       -38        21         0
        38       -21         0       -34       -27         0        34        27
         0       -34        27         0        34       -27         0       -27
       -34         0        27        34         0       -27        34         0
        27       -34         0       -21       -38         0        21        38
         0       -21        38         0        21       -38         0       -11
       -42         0        11        42         0       -11        42         0
        11       -42         0        -6       -43         0         6        43
         0        -6        43         0         6       -43         0       -40
       -17         0        40        17         0       -40        17         0
        40       -17         0       -17       -40         0        17        40
         0       -17        40         0        17       -40         0       -43
        -7         0        43         7         0       -43         7         0
        43        -7         0       -37       -23         0        37        23
         0       -37        23         0        37       -23         0       -23
       -37         0        23        37         0       -23        37         0
        23       -37         0        -7       -43         0         7        43
         0        -7        43         0         7       -43         0       -35
       -26         0        35        26         0       -35        26         0
        35       -26         0       -26       -35         0        26        35
         0       -26        35         0        26       -35         0       -41
       -15         0        41        15         0       -41        15         0
        41       -15         0       -15       -41         0        15        41
         0       -15        41         0        15       -41         0       -42
       -12         0        42        12         0       -42        12         0
        42       -12         0       -12       -42         0        12        42
         0       -12        42         0        12       -42         0       -43
        -8         0        43         8         0       -43         8         0
        43        -8         0        -8       -43         0         8        43
         0        -8        43         0         8       -43         0       -39
       -20         0        39        20         0       -39        20         0
        39       -20         0       -36       -25         0        36        25
         0       -36        25         0        36       -25         0       -25
       -36         0        25        36         0       -25        36         0
        25       -36         0       -20       -39         0        20        39
         0       -20        39         0        20       -39         0       -31
       -31         0        31        31         0       -31        31         0
        31       -31         0       -40       -18         0        40        18
         0       -40        18         0        40       -18         0       -32
       -30         0        32        30         0       -32        30         0
        32       -30         0       -30       -32         0        30        32
         0       -30        32         0        30       -32         0       -18
       -40         0        18        40         0       -18        40         0
        18       -40         0       -38       -22         0        38        22
         0       -38        22         0        38       -22         0       -22
       -38         0        22        38         0       -22        38         0
        22       -38         0       -43        -9         0        43         9
         0       -43         9         0        43        -9         0       -33
       -29         0        33        29         0       -33        29         0
        33       -29         0       -29       -33         0        29        33
         0       -29        33         0        29       -33         0        -9
       -43         0         9        43         0        -9        43         0
         9       -43         0       -42       -13         0        42        13
         0       -42        13         0        42       -13         0       -13
       -42         0        13        42         0       -13        42         0
        13       -42         0       -44         0         0        44         0
         0         0       -44         0         0        44         0       -44
        -1         0        44         1         0       -44         1         0
        44        -1         0       -41       -16         0        41        16
         0       -41        16         0        41       -16         0       -16
       -41         0        16        41         0       -16        41         0
        16       -41         0        -1       -44         0         1        44
         0        -1        44         0         1       -44         0       -44
        -2         0        44         2         0       -44         2         0
        44        -2         0       -34       -28         0        34        28
         0       -34        28         0        34       -28         0       -28
       -34         0        28        34         0       -28        34         0
        28       -34         0        -2       -44         0         2        44
         0        -2        44         0         2       -44         0       -44
        -3         0        44         3         0       -44         3         0
        44        -3         0       -37       -24         0        37        24
         0       -37        24         0        37       -24         0       -24
       -37         0        24        37         0       -24        37         0
        24       -37         0        -3       -44         0         3        44
         0        -3        44         0         3       -44         0       -43
       -10         0        43        10         0       -43        10         0
        43       -10         0       -10       -43         0        10        43
         0       -10        43         0        10       -43         0       -44
        -4         0        44         4         0       -44         4         0
        44        -4         0        -4       -44         0         4        44
         0        -4        44         0         4       -44         0       -35
       -27         0        35        27         0       -35        27         0
        35       -27         0       -27       -35         0        27        35
         0       -27        35         0        27       -35         0       -42
       -14         0        42        14         0       -42        14         0
        42       -14         0       -14       -42         0        14        42
         0       -14        42         0        14       -42         0       -44
        -5         0        44         5         0       -44         5         0
        44        -5         0       -40       -19         0        40        19
         0       -40        19         0        40       -19         0       -19
       -40         0        19        40         0       -19        40         0
        19       -40         0        -5       -44         0         5        44
         0        -5        44         0         5       -44         0       -39
       -21         0        39        21         0       -39        21         0
        39       -21         0       -21       -39         0        21        39
         0       -21        39         0        21       -39         0       -43
       -11         0        43        11         0       -43        11         0
        43       -11         0       -41       -17         0        41        17
         0       -41        17         0        41       -17         0       -17
       -41         0        17        41         0       -17        41         0
        17       -41         0       -11       -43         0        11        43
         0       -11        43         0        11       -43         0       -44
        -6         0        44         6         0       -44         6         0
        44        -6         0       -36       -26         0        36        26
         0       -36        26         0        36       -26         0       -26
       -36         0        26        36         0       -26        36         0
        26       -36         0        -6       -44         0         6        44
         0        -6        44         0         6       -44         0       -38
       -23         0        38        23         0       -38        23         0
        38       -23         0       -23       -38         0        23        38
         0       -23        38         0        23       -38         0       -44
        -7         0        44         7         0       -44         7         0
        44        -7         0       -32       -31         0        32        31
         0       -32        31         0        32       -31         0       -31
       -32         0        31        32         0       -31        32         0
        31       -32         0        -7       -44         0         7        44
         0        -7        44         0         7       -44         0       -42
       -15         0        42        15         0       -42        15         0
        42       -15         0       -33       -30         0        33        30
         0       -33        30         0        33       -30         0       -30
       -33         0        30        33         0       -30        33         0
        30       -33         0       -15       -42         0        15        42
         0       -15        42         0        15       -42         0       -43
       -12         0        43        12         0       -43        12         0
        43       -12         0       -12       -43         0        12        43
         0       -12        43         0        12       -43         0       -37
       -25         0        37        25         0       -37        25         0
        37       -25         0       -25       -37         0        25        37
         0       -25        37         0        25       -37         0       -34
       -29         0        34        29         0       -34        29         0
        34       -29         0       -29       -34         0        29        34
         0       -29        34         0        29       -34         0       -44
        -8         0        44         8         0       -44         8         0
        44        -8         0       -40       -20         0        40        20
         0       -40        20         0        40       -20         0       -20
       -40         0        20        40         0       -20        40         0
        20       -40         0        -8       -44         0         8        44
         0        -8        44         0         8       -44         0       -41
       -18         0        41        18         0       -41        18         0
        41       -18         0       -39       -22         0        39        22
         0       -39        22         0        39       -22         0       -22
       -39         0        22        39         0       -22        39         0
        22       -39         0       -18       -41         0        18        41
         0       -18        41         0        18       -41         0       -35
       -28         0        35        28         0       -35        28         0
        35       -28         0       -28       -35         0        28        35
         0       -28        35         0        28       -35         0       -44
        -9         0        44         9         0       -44         9         0
        44        -9         0        -9       -44         0         9        44
         0        -9        44         0         9       -44         0       -43
       -13         0        43        13         0       -43        13         0
        43       -13         0       -13       -43         0        13        43
         0       -13        43         0        13       -43         0       -42
       -16         0        42        16         0       -42        16         0
        42       -16         0       -38       -24         0        38        24
         0       -38        24         0        38       -24         0       -24
       -38         0        24        38         0       -24        38         0
        24       -38         0       -16       -42         0        16        42
         0       -16        42         0        16       -42         0       -45
         0         0        45         0         0       -36       -27         0
        36        27         0       -36        27         0        36       -27
         0       -27       -36         0        27        36         0       -27
        36         0        27       -36         0         0       -45         0
         0        45         0       -45        -1         0        45         1
         0       -45         1         0        45        -1         0        -1
       -45         0         1        45         0        -1        45         0
         1       -45         0       -45        -2         0        45         2
         0       -45         2         0        45        -2         0        -2
       -45         0         2        45         0        -2        45         0
         2       -45         0       -45        -3         0        45         3
         0       -45         3         0        45        -3         0        -3
       -45         0         3        45         0        -3        45         0
         3       -45         0       -44       -10         0        44        10
         0       -44        10         0        44       -10         0       -10
       -44         0        10        44         0       -10        44         0
        10       -44         0       -45        -4         0        45         4
         0       -45         4         0        45        -4         0       -40
       -21         0        40        21         0       -40        21         0
        40       -21         0       -21       -40         0        21        40
         0       -21        40         0        21       -40         0        -4
       -45         0         4        45         0        -4        45         0
         4       -45         0       -41       -19         0        41        19
         0       -41        19         0        41       -19         0       -19
       -41         0        19        41         0       -19        41         0
        19       -41         0       -43       -14         0        43        14
         0       -43        14         0        43       -14         0       -37
       -26         0        37        26         0       -37        26         0
        37       -26         0       -26       -37         0        26        37
         0       -26        37         0        26       -37         0       -14
       -43         0        14        43         0       -14        43         0
        14       -43         0       -32       -32         0        32        32
         0       -32        32         0        32       -32         0       -45
        -5         0        45         5         0       -45         5         0
        45        -5         0       -39       -23         0        39        23
         0       -39        23         0        39       -23         0       -33
       -31         0        33        31         0       -33        31         0
        33       -31         0       -31       -33         0        31        33
         0       -31        33         0        31       -33         0       -23
       -39         0        23        39         0       -23        39         0
        23       -39         0        -5       -45         0         5        45
         0        -5        45         0         5       -45         0       -42
       -17         0        42        17         0       -42        17         0
        42       -17         0       -17       -42         0        17        42
         0       -17        42         0        17       -42         0       -34
       -30         0        34        30         0       -34        30         0
        34       -30         0       -30       -34         0        30        34
         0       -30        34         0        30       -34         0       -44
       -11         0        44        11         0       -44        11         0
        44       -11         0       -11       -44         0        11        44
         0       -11        44         0        11       -44         0       -45
        -6         0        45         6         0       -45         6         0
        45        -6         0        -6       -45         0         6        45
         0        -6        45         0         6       -45         0       -35
       -29         0        35        29         0       -35        29         0
        35       -29         0       -29       -35         0        29        35
         0       -29        35         0        29       -35         0       -38
       -25         0        38        25         0       -38        25         0
        38       -25         0       -25       -38         0        25        38
         0       -25        38         0        25       -38         0       -45
        -7         0        45         7         0       -45         7         0
        45        -7         0       -43       -15         0        43        15
         0       -43        15         0        43       -15         0       -15
       -43         0        15        43         0       -15        43         0
        15       -43         0        -7       -45         0         7        45
         0        -7        45         0         7       -45         0       -44
       -12         0        44        12         0       -44        12         0
        44       -12         0       -36       -28         0        36        28
         0       -36        28         0        36       -28         0       -28
       -36         0        28        36         0       -28        36         0
        28       -36         0       -12       -44         0        12        44
         0       -12        44         0        12       -44         0       -41
       -20         0        41        20         0       -41        20         0
        41       -20         0       -20       -41         0        20        41
         0       -20        41         0        20       -41         0       -40
       -22         0        40        22         0       -40        22         0
        40       -22         0       -22       -40         0        22        40
         0       -22        40         0        22       -40         0       -42
       -18         0        42        18         0       -42        18         0
        42       -18         0       -18       -42         0        18        42
         0       -18        42         0        18       -42         0       -45
        -8         0        45         8         0       -45         8         0
        45        -8         0        -8       -45         0         8        45
         0        -8        45         0         8       -45         0       -39
       -24         0        39        24         0       -39        24         0
        39       -24         0       -24       -39         0        24        39
         0       -24        39         0        24       -39         0       -37
       -27         0        37        27         0       -37        27         0
        37       -27         0       -27       -37         0        27        37
         0       -27        37         0        27       -37         0       -44
       -13         0        44        13         0       -44        13         0
        44       -13         0       -43       -16         0        43        16
         0       -43        16         0        43       -16         0       -16
       -43         0        16        43         0       -16        43         0
        16       -43         0       -13       -44         0        13        44
         0       -13        44         0        13       -44         0       -45
        -9         0        45         9         0       -45         9         0
        45        -9         0        -9       -45         0         9        45
         0        -9        45         0         9       -45         0       -33
       -32         0        33        32         0       -33        32         0
        33       -32         0       -32       -33         0        32        33
         0       -32        33         0        32       -33         0       -46
         0         0        46         0         0         0       -46         0
         0        46         0       -46        -1         0        46         1
         0       -46         1         0        46        -1         0       -34
       -31         0        34        31         0       -34        31         0
        34       -31         0       -31       -34         0        31        34
         0       -31        34         0        31       -34         0        -1
       -46         0         1        46         0        -1        46         0
         1       -46         0       -46        -2         0        46         2
         0       -46         2         0        46        -2         0       -38
       -26         0        38        26         0       -38        26         0
        38       -26         0       -26       -38         0        26        38
         0       -26        38         0        26       -38         0        -2
       -46         0         2        46         0        -2        46         0
         2       -46         0       -41       -21         0        41        21
         0       -41        21         0        41       -21         0       -21
       -41         0        21        41         0       -21        41         0
        21       -41         0       -46        -3         0        46         3
         0       -46         3         0        46        -3         0       -45
       -10         0        45        10         0       -45        10         0
        45       -10         0       -42       -19         0        42        19
         0       -42        19         0        42       -19         0       -35
       -30         0        35        30         0       -35        30         0
        35       -30         0       -30       -35         0        30        35
         0       -30        35         0        30       -35         0       -19
       -42         0        19        42         0       -19        42         0
        19       -42         0       -10       -45         0        10        45
         0       -10        45         0        10       -45         0        -3
       -46         0         3        46         0        -3        46         0
         3       -46         0       -40       -23         0        40        23
         0       -40        23         0        40       -23         0       -23
       -40         0        23        40         0       -23        40         0
        23       -40         0       -46        -4         0        46         4
         0       -46         4         0        46        -4         0       -44
       -14         0        44        14         0       -44        14         0
        44       -14         0       -14       -44         0        14        44
         0       -14        44         0        14       -44         0        -4
       -46         0         4        46         0        -4        46         0
         4       -46         0       -36       -29         0        36        29
         0       -36        29         0        36       -29         0       -29
       -36         0        29        36         0       -29        36         0
        29       -36         0       -43       -17         0        43        17
         0       -43        17         0        43       -17         0       -17
       -43         0        17        43         0       -17        43         0
        17       -43         0       -46        -5         0        46         5
         0       -46         5         0        46        -5         0        -5
       -46         0         5        46         0        -5        46         0
         5       -46         0       -45       -11         0        45        11
         0       -45        11         0        45       -11         0       -39
       -25         0        39        25         0       -39        25         0
        39       -25         0       -25       -39         0        25        39
         0       -25        39         0        25       -39         0       -11
       -45         0        11        45         0       -11        45         0
        11       -45         0       -46        -6         0        46         6
         0       -46         6         0        46        -6         0        -6
       -46         0         6        46         0        -6        46         0
         6       -46         0       -37       -28         0        37        28
         0       -37        28         0        37       -28         0       -28
       -37         0        28        37         0       -28        37         0
        28       -37         0       -44       -15         0        44        15
         0       -44        15         0        44       -15         0       -15
       -44         0        15        44         0       -15        44         0
        15       -44         0       -42       -20         0        42        20
         0       -42        20         0        42       -20         0       -20
       -42         0        20        42         0       -20        42         0
        20       -42         0       -46        -7         0        46         7
         0       -46         7         0        46        -7         0       -41
       -22         0        41        22         0       -41        22         0
        41       -22         0       -22       -41         0        22        41
         0       -22        41         0        22       -41         0        -7
       -46         0         7        46         0        -7        46         0
         7       -46         0       -45       -12         0        45        12
         0       -45        12         0        45       -12         0       -12
       -45         0        12        45         0       -12        45         0
        12       -45         0       -43       -18         0        43        18
         0       -43        18         0        43       -18         0       -38
       -27         0        38        27         0       -38        27         0
        38       -27         0       -27       -38         0        27        38
         0       -27        38         0        27       -38         0       -18
       -43         0        18        43         0       -18        43         0
        18       -43         0       -40       -24         0        40        24
         0       -40        24         0        40       -24         0       -24
       -40         0        24        40         0       -24        40         0
        24       -40         0       -33       -33         0        33        33
         0       -33        33         0        33       -33         0       -46
        -8         0        46         8         0       -46         8         0
        46        -8         0       -34       -32         0        34        32
         0       -34        32         0        34       -32         0       -32
       -34         0        32        34         0       -32        34         0
        32       -34         0        -8       -46         0         8        46
         0        -8        46         0         8       -46         0       -35
       -31         0        35        31         0       -35        31         0
        35       -31         0       -31       -35         0        31        35
         0       -31        35         0        31       -35         0       -44
       -16         0        44        16         0       -44        16         0
        44       -16         0       -16       -44         0        16        44
         0       -16        44         0        16       -44         0       -45
       -13         0        45        13         0       -45        13         0
        45       -13         0       -13       -45         0        13        45
         0       -13        45         0        13       -45         0       -36
       -30         0        36        30         0       -36        30         0
        36       -30         0       -30       -36         0        30        36
         0       -30        36         0        30       -36         0       -46
        -9         0        46         9         0       -46         9         0
        46        -9         0       -39       -26         0        39        26
         0       -39        26         0        39       -26         0       -26
       -39         0        26        39         0       -26        39         0
        26       -39         0        -9       -46         0         9        46
         0        -9        46         0         9       -46         0       -42
       -21         0        42        21         0       -42        21         0
        42       -21         0       -21       -42         0        21        42
         0       -21        42         0        21       -42         0       -47
         0         0        47         0         0         0       -47         0
         0        47         0       -47        -1         0        47         1
         0       -47         1         0        47        -1         0       -43
       -19         0        43        19         0       -43        19         0
        43       -19         0       -41       -23         0        41        23
         0       -41        23         0        41       -23         0       -37
       -29         0        37        29         0       -37        29         0
        37       -29         0       -29       -37         0        29        37
         0       -29        37         0        29       -37         0       -23
       -41         0        23        41         0       -23        41         0
        23       -41         0       -19       -43         0        19        43
         0       -19        43         0        19       -43         0        -1
       -47         0         1        47         0        -1        47         0
         1       -47         0       -47        -2         0        47         2
         0       -47         2         0        47        -2         0        -2
       -47         0         2        47         0        -2        47         0
         2       -47         0       -46       -10         0        46        10
         0       -46        10         0        46       -10         0       -10
       -46         0        10        46         0       -10        46         0
        10       -46         0       -47        -3         0        47         3
         0       -47         3         0        47        -3         0        -3
       -47         0         3        47         0        -3        47         0
         3       -47         0       -45       -14         0        45        14
         0       -45        14         0        45       -14         0       -14
       -45         0        14        45         0       -14        45         0
        14       -45         0       -47        -4         0        47         4
         0       -47         4         0        47        -4         0       -44
       -17         0        44        17         0       -44        17         0
        44       -17         0       -40       -25         0        40        25
         0       -40        25         0        40       -25         0       -25
       -40         0        25        40         0
 IDIME
         1         2         3         3         3         4         1         1
         2         2         1         2         2         3         3         2
         3         3         4         5         6         1         1         1
         2         3         1         1         1         2         2         3
         5         2         3         1         2         2         3         3
         5         3         3         4         1         2         3         1
         1         2         1         1         2         2         2         3
         3         1         2         3         1         2         2         3
         3         3         5         5         2         3         4         2
         3         3         4         5         6         1         1         1
         2         1         2         3         1         1         2         1
         3         2         3         5
 IDIMF
         1         1         2         2         2         3         0         1
         1         1         1         1         1         2         2         1
         2         2         3         3         4         0         1         0
         1         2         1         0         1         1         1         2
         3         1         2         1         1         1         1         2
         3         2         2         3         0         1         1         0
         1         1         0         1         1         1         1         2
         2         1         1         1         1         1         1         2
         2         2         3         3         1         1         2         1
         2         2         3         3         4         0         0         0
         0         0         1         1         0         0         1         0
         1         0         1         3
   LA3
         1        13         2        14         2        14         3        15
         3        15         3        15         4        16         4        16
         4        16         4        16         5        17         5        17
         5        17         5        17         5        17         6        18
         6        18         6        18         6        18         6        18
         6        18         7         7         7         7         7         7
         7         7         7         7         7         8         8         8
         8         8         8         8         8         8         8         8
         8         8         8         9         9         9         9         9
         9         9         9         9         9         9         9         9
         9         9        10        10        10        10        10        10
        10        10        10        10        10        10        10        10
        10        10        11        11        11        11        11        11
        11        11        11        11        11        11        11        11
        11        11        11        12        12        12        12        12
        12        12        12        12        12        12        12        12
        12        12        12        12        12        13         1        13
         1        14         2        14         2        14         2        14
         2        15         3        15         3        15         3        15
         3        16         4        16         4        17         5        17
         5        18         6
   LA4
         1        13         1        13         2        14         1        13
         2        14         3        15         1        13         2        14
         3        15         4        16         1        13         2        14
         3        15         4        16         5        17         1        13
         2        14         3        15         4        16         5        17
         6        18         2        14         3        15         4        16
         5        17         6        18         7         1        13         2
        14         3        15         4        16         5        17         6
        18         7         8         1        13         2        14         3
        15         4        16         5        17         6        18         7
         8         9         1        13         2        14         3        15
        16         4        17         5        18         6         7         8
         9        10         1        13         2        14         3        15
        16         4        17         5        18         6         7         8
         9        10        11         1        13         2        14         3
        15        16         4        17         5        18         6         7
         8         9        10        11        12         3        15         6
        18         2        14         3        15         5        17         6
        18         3        15         4        16         5        17         6
        18         5        17         6        18         5        17         6
        18         6        18
  IROF
         0         0         0         0         0         0         6         6
         6         0         6         6         6         0         0         6
         6         6         0         0         0        12        12        18
        18        18        24        12        12        12        18        18
        18        24        24        12        12        12        18        18
        18        24        24        24        18        18        18        30
        30        30        36        36        36        24        18        18
        18        30        30        30        36        36        36        24
        24        18        18        18        30        30        30        36
        36        36        24        24        24        42        48        42
        42        48        48        42        48        48        48        42
        42        42        42        42
  NNGI
         1         2         6        10        14        22         1         3
         7         0         0         0         1         3         7        11
         0         0         1         2         6        10        14         0
         1         2         6        10        14        22         1         2
         6        10         0         0         1         2         6         0
         0         0         1         2         6        10        14         0
         1         2         0         0         0         0
 NSHGI
         1         1         1         1         1         1         1         1
         1         0         0         0         1         1         1         1
         0         0         1         1         1         1         1         0
         1         1         1         1         1         1         1         1
         1         1         0         0         1         1         1         0
         0         0         1         1         1         1         1         0
         1         1         0         0         0         0
  NNNC
         0        22       406      1510      1804      3868      8785     12057
     16274     16934     21054     28906     28946         2        82       658
      1538      2044      4268      8428      8897     12297     16297     17138
     21498     28994     29170     29458     29970       370       514      1090
      1634      2812      5292      8492      9281     13065     16393     17714
     22842     28902     29090     30498     30674     30834     31346      1506
      1522      1586      1778      3424      6112      8541      9877     13677
     16513     18194     23994     30658     31738     31818      1788      1852
      2620      3388      3532      6604      8564     10081     13929     16565
     18786     24810     29394     30770     31734     31970     32338      3820
      4012      5036      6060      6268      7612      8660     10849     14697
     16725     19746     26218     28930     29778     31154     31782     32194
     32962      8412      8476      8540      8544      8624      8768     11877
     15741     16777     20018     26650      8444      8508      8542      8584
      8696      8769      8833      9089      9857      9937     10513     11857
     11897     15921     16797     20226     26954      8801      8961      9473
      9897     10225     11185     12041     12105     12873     13641     13785
     14361     15705     15777     16065     16861     20610     27466     12073
     12489     13257     13713     14073     15033     16273     16277     16357
     16509     16549     16677     16773     16781     16813     16909     20838
     27774     16275     16317     16429     16501     16517     16581     16914
     16994     17570     18178     18594     19490     20002     20034     20418
     20802     20874     28162     16954     17282     17858     18146     18210
     18978     21018     21162     22506     23946     24554     25834     26602
     26698     27210     27722     27826     28498     21090     21834     23178
     23850     24042     25066     28898     28914      8817     12089     16276
     16974     21126         1        62       478      1518      1836      3964
     28978     29010     29330     29586      8460      9025     12681     16337
     17426     22170        42       226       946      1570      2428      4780
     28910     29250     30354     30642     30706     30962      8524      9665
     13449     16465     18002     23514       442       802      1298      1730
      3196      5804     30690     31730     31746      8543      9917     13749
     16505     18162     23898      1514      1554      1682      1783      3496
      6216     29522     30898     31742     31890     32050      8604     10369
     14217     16533     18402     24298      1820      2236      3004      3460
      3676      7276     28962     30162     31538     31854     32482     32626
      8732     11521     15369     16629     19234     25450      3916      4524
      5548      6164      6940      8012
JPOINT
         1         2         4         7        11        16        28        36
        45        55        66        78        79         2         3         5
         8        12        17        22        29        37        46        56
        67        80        81        82        83         4         5         6
         9        13        18        23        30        38        47        57
        68        78        81        84        85        86        87         7
         8         9        10        14        19        24        31        39
        48        58        69        85        88        89        11        12
        13        14        15        20        25        32        40        49
        59        70        82        86        88        90        91        16
        17        18        19        20        21        26        33        41
        50        60        71        79        83        87        89        91
        92        22        23        24        25        26        27        34
        42        51        61        72        22        23        24        25
        26        28        29        30        31        32        33        34
        35        43        52        62        73        28        29        30
        31        32        33        36        37        38        39        40
        41        42        43        44        53        63        74        36
        37        38        39        40        41        45        46        47
        48        49        50        51        52        53        54        64
        75        45        46        47        48        49        50        55
        56        57        58        59        60        61        62        63
        64        65        76        55        56        57        58        59
        60        66        67        68        69        70        71        72
        73        74        75        76        77        66        67        68
        69        70        71        78        79        28        36        45
        55        66         1         2         4         7        11        16
        80        81        82        83        22        29        37        46
        56        67         2         3         5         8        12        17
        78        81        84        85        86        87        23        30
        38        47        57        68         4         5         6         9
        13        18        85        88        89        24        31        39
        48        58        69         7         8         9        10        14
        19        82        86        88        90        91        25        32
        40        49        59        70        11        12        13        14
        15        20        79        83        87        89        91        92
        26        33        41        50        60        71        16        17
        18        19        20        21
 LA34V
         0        26        26        78        78        78       130       130
       182       182       182       286       390         0         0        26
        78        78        78       130       130       130       182       182
       182       286       286       390       390         0         0         0
        78        78        78       130       130       130       182       182
       182       286       286       286       390       390       390        52
        52        52         0        26        26       182       182       182
       234       234       234       338       286       286        52        52
        52         0         0        26       182       182       182       234
       234       234       338       338       286       286       286        52
        52        52         0         0         0       182       182       182
       234       234       234       338       338       338       286       286
       286       104       104       156       156       156         0        26
        26        52        52        52       234       234       182       182
       182       104       104       104       156       156       156         0
         0        26        52        52        52       234       234       234
       182       182       182       104       104       104       156       156
       156         0         0         0        52        52        52       234
       234       234       182       182       182       156       156       156
       208       208       208        78        78        78         0        26
        26       182       182       182       130       130       130       156
       156       156       208       208       208        78        78        78
         0         0        26       182       182       182       130       130
       130       156       156       156       208       208       208        78
        78        78         0         0         0       182       182       182
       130       130       130       260       312       208       208       156
       156       156         0        26        26        78        78        78
       260       260       312       312       208       208       208       156
       156       156         0         0        26        78        78        78
       260       260       260       312       312       312       208       208
       208       156       156       156         0         0         0        78
        78        78       364       260       260       156       156       156
       104       104       104        52        52        52         0        26
        26       364       364       260       260       260       156       156
       156       104       104       104        52        52        52         0
         0        26       364       364       364       260       260       260
       156       156       156       104       104       104        52        52
        52         0         0         0
 LA34F
        16
 NGSHG
         0         1         5         9        13        21        25         0
         0         0         0         0         0         0         0         0
         0         0         0         0         0         0         0         0
         0         0        25        26        30        34        38        46
        50         0         0         0         0         0         0         0
         0         0         0         0         0         0         0         0
         0         0         0         0        50        54        62        66
         0         0         0         0         0         0         0         0
         0         0         0         0         0         0         0         0
         0         0         0         0         0         0        75        79
        87        91         0         0         0         0         0         0
         0         0         0         0         0         0         0         0
         0         0         0         0         0         0         0         0
       100       104       112       116       124         0         0         0
         0         0         0         0         0         0         0         0
         0         0         0         0         0         0         0         0
         0         0       125       129       137       141       149         0
         0         0         0         0         0         0         0         0
         0         0         0         0         0         0         0         0
         0         0         0         0       150       151       155       159
       163       171         0         0         0         0         0         0
         0         0         0         0         0         0         0         0
         0         0         0         0         0         0       175       176
       180       184       188       196         0         0         0         0
         0         0         0         0         0         0         0         0
         0         0         0         0         0         0         0         0
       200       204       212       216       224         0         0         0
         0         0         0         0         0         0         0         0
         0         0         0         0         0         0         0         0
         0         0       225       229       237       241       249         0
         0         0         0         0         0         0         0         0
         0         0         0         0         0         0         0         0
         0         0         0         0       250       251       255       259
       263       271         0         0         0         0         0         0
         0         0         0         0         0         0         0         0
         0         0         0         0         0         0       275       276
       280       284       288       296         0         0         0         0
         0         0         0         0         0         0         0         0
         0         0         0         0         0         0         0         0
       300       304       312         0         0         0         0         0
         0         0         0         0         0         0         0         0
         0         0         0         0         0         0         0         0
         0         0       325       329       337         0         0         0
         0         0         0         0         0         0         0         0
         0         0         0         0         0         0         0         0
         0         0         0         0       350       354       362         0
         0         0         0         0         0         0         0         0
         0         0         0         0         0         0         0         0
         0         0         0         0         0         0       375       379
       387         0         0         0         0         0         0         0
         0         0         0         0         0         0         0         0
         0         0         0         0         0         0         0         0
NQGSHG
         1         2         3         4         5         6         7         8
         9        10        11        12        13        14        15        16
        17        18        19        20        21        22        23        24
        25         1         3         2         5         4         7         6
         9         8        11        10        13        12        15        14
        17        16        19        18        21        20        23        22
        25        24         1         2         4         6         3         5
         8         9        10        12        14        18         7        16
        21        22         0         0         0         0         0         0
         0         0         0         1         3         5         7         2
         4         9         8        11        13        15        19         6
        17        20        23         0         0         0         0         0
         0         0         0         0         1         2         4         6
         3         5         8         9        10        12        14        18
         7        16        21        22        11        13        17        20
        26        28        30        34         0         1         3         5
         7         2         4         9         8        11        13        15
        19         6        17        20        23        10        12        16
        21        27        29        31        35         0         1         2
         3         4         5         6         7         8         9        10
        11        12        13        14        15        16        17        18
        19        20        21         0         0         0         0         1
         3         2         5         4         7         6         9         8
        11        10        13        12        15        14        17        16
        19        18        21        20         0         0         0         0
         7         3         5         1        19        15        11        13
         9         8         4         2        23        17        20         6
        35        31        29        27        21        16        12        10
         0         6         2         4         1        18        14        10
        12         8         9         5         3        22        16        21
         7        34        30        28        26        20        17        13
        11         0         1         2         3         4         5         6
         7         8         9        10        11        12        13        14
        15        16        17        18        19        20        21         0
         0         0         0         1         3         2         5         4
         7         6         9         8        11        10        13        12
        15        14        17        16        19        18        21        20
         0         0         0         0         1         3         5         7
         2         4         8         9        11        13        15        19
         0         0         0         0         0         0         0         0
         0         0         0         0         0         1         2         4
         6         3         5         9         8        10        12        14
        18         0         0         0         0         0         0         0
         0         0         0         0         0         0         6         2
         4         1        18        14        12        10         8         9
         5         3         0         0         0         0         0         0
         0         0         0         0         0         0         0         7
         3         5         1        19        15        13        11         9
         8         4         2         0         0         0         0         0
         0         0         0         0         0         0         0         0
