 INFORMATION **** EXCBUF **** EXCH. BIPO BUFFER: WORDS USED =      313479

 DFT PARAMETERS

     ATOM       ELECTRONS   NET CHARGE   R(ANGSTROM)
   1   6  C       6.0000      0.0000     0.77000000
   3   8  O       8.0000      0.0000     0.74000000
   5   7  N       7.0000      0.0000     0.74000000
   9   1  H       1.0000      0.0000     1.11000000

 SIZE OF GRID=      52659
 TTTTTTTTTTTTTTTTTTTTTTTTTTTTTT MAKE_GRID2  TELAPSE      257.78 TCPU      240.79
 BECKE WEIGHT FUNCTION
 RADSAFE =     2.00
 TOLERANCES - DENSITY:10**- 6; POTENTIAL:10**- 9; GRID WGT:10**-14

 RADIAL INTEGRATION  - INTERVALS (POINTS,UPPER LIMIT):            1( 75,  4.0*R)

 ANGULAR INTEGRATION - INTERVALS (ACCURACY LEVEL [N. POINTS] UPPER LIMIT):
  1(  4[  86]   0.2)  2(  8[ 194]   0.5)  3( 12[ 350]   0.9)  4( 16[ 974]   3.5)
  5( 12[ 350]9999.0)

 *******************************************************************************
 UREA BULK BASE 6-21 + POLARIZATION                                              
 CRYSTAL - SCF - TYPE OF CALCULATION :  RESTRICTED CLOSED SHELL
 *******************************************************************************

 CAPPA:IS1  2;IS2  2;IS3  2; K PTS MONK NET   6; SYMMOPS:K SPACE  16;G SPACE   8

 TTTTTTTTTTTTTTTTTTTTTTTTTTTTTT SDIK        TELAPSE      257.83 TCPU      240.83

 INFORMATION FROM INTEGRAL EVALUATION

 RESTART FROM A PREVIOUS DENSITY MATRIX - DEP ACTIVE
 NUMBER OF COUPLE SETS (NEW, OLD, FOUND):     361     361     361
 NUMBER OF IRREDUCIBLE G VECTORS        :    1564    1564    1564
 CHARGE NORMALIZATION FACTOR   1.00050910
 TOTAL ATOMIC CHARGES:
   5.0699435   5.0699435   8.6151875   8.6151875   7.5820389   7.5820389
   7.5820389   7.5820389   0.7866481   0.7866481   0.7866481   0.7866481
   0.7887475   0.7887475   0.7887475   0.7887475
 TTTTTTTTTTTTTTTTTTTTTTTTTTTTTT MOQGAD      TELAPSE      257.85 TCPU      240.86
 TTTTTTTTTTTTTTTTTTTTTTTTTTTTTT SHELLXN     TELAPSE      263.71 TCPU      246.72
 TTTTTTTTTTTTTTTTTTTTTTTTTTTTTT MONMO3      TELAPSE      263.89 TCPU      246.90
 NUMERICALLY INTEGRATED DENSITY     64.0000680553
 TTTTTTTTTTTTTTTTTTTTTTTTTTTTTT NUMDFT      TELAPSE      265.76 TCPU      248.77
 CYC   0 ETOT(AU) -4.500766469996E+02 DETOT -4.50E+02 tst  3.72E-13 PX  1.00E+00
 TTTTTTTTTTTTTTTTTTTTTTTTTTTTTT DIIS        TELAPSE      265.77 TCPU      248.77
 TTTTTTTTTTTTTTTTTTTTTTTTTTTTTT FDIK        TELAPSE      265.78 TCPU      248.79
 INSULATING STATE
 TOP OF VALENCE BANDS -    BAND     32; K    1; EIG -2.3177192E-01 AU
 BOTTOM OF VIRTUAL BANDS - BAND     33; K    1; EIG  5.7812210E-02 AU
 DIRECT ENERGY BAND GAP:   7.8800 eV
 TTTTTTTTTTTTTTTTTTTTTTTTTTTTTT PDIG        TELAPSE      265.79 TCPU      248.80
 CHARGE NORMALIZATION FACTOR   1.00000000
 TOTAL ATOMIC CHARGES:
   5.0931763   5.0931763   8.5942688   8.5942688   7.5862474   7.5862474
   7.5862474   7.5862474   0.7855603   0.7855603   0.7855603   0.7855603
   0.7844697   0.7844697   0.7844697   0.7844697
 TTTTTTTTTTTTTTTTTTTTTTTTTTTTTT MOQGAD      TELAPSE      265.82 TCPU      248.82
 TTTTTTTTTTTTTTTTTTTTTTTTTTTTTT SHELLXN     TELAPSE      272.19 TCPU      254.77
 TTTTTTTTTTTTTTTTTTTTTTTTTTTTTT MONMO3      TELAPSE      272.60 TCPU      255.06
 NUMERICALLY INTEGRATED DENSITY     64.0000680105
 TTTTTTTTTTTTTTTTTTTTTTTTTTTTTT NUMDFT      TELAPSE      274.61 TCPU      257.02
 CYC   1 ETOT(AU) -4.499781233329E+02 DETOT  9.85E-02 tst  0.00E+00 PX  8.42E-03
 TTTTTTTTTTTTTTTTTTTTTTTTTTTTTT DIIS        TELAPSE      274.62 TCPU      257.03
 DIIS TEST: 0.13564E-02 AT SCF   CYCLE   1 - MIX   30 %
 TTTTTTTTTTTTTTTTTTTTTTTTTTTTTT FDIK        TELAPSE      274.62 TCPU      257.04
 INSULATING STATE
 TOP OF VALENCE BANDS -    BAND     32; K    1; EIG -2.3187173E-01 AU
 BOTTOM OF VIRTUAL BANDS - BAND     33; K    1; EIG  5.6524841E-02 AU
 DIRECT ENERGY BAND GAP:   7.8477 eV
 TTTTTTTTTTTTTTTTTTTTTTTTTTTTTT PDIG        TELAPSE      274.63 TCPU      257.05
 CHARGE NORMALIZATION FACTOR   1.00000000
 TOTAL ATOMIC CHARGES:
   5.0742649   5.0742649   8.6220393   8.6220393   7.5839061   7.5839061
   7.5839061   7.5839061   0.7842097   0.7842097   0.7842097   0.7842097
   0.7837321   0.7837321   0.7837321   0.7837321
 TTTTTTTTTTTTTTTTTTTTTTTTTTTTTT MOQGAD      TELAPSE      274.65 TCPU      257.07
 TTTTTTTTTTTTTTTTTTTTTTTTTTTTTT SHELLXN     TELAPSE      280.32 TCPU      262.74
 TTTTTTTTTTTTTTTTTTTTTTTTTTTTTT MONMO3      TELAPSE      280.51 TCPU      262.92
 NUMERICALLY INTEGRATED DENSITY     64.0000678944
 TTTTTTTTTTTTTTTTTTTTTTTTTTTTTT NUMDFT      TELAPSE      282.38 TCPU      264.79
 CYC   2 ETOT(AU) -4.499781667468E+02 DETOT -4.34E-05 tst  1.13E-05 PX  6.14E-03
 TTTTTTTTTTTTTTTTTTTTTTTTTTTTTT DIIS        TELAPSE      282.39 TCPU      264.80
 DIIS TEST: 0.11122E-02 AT SCF   CYCLE   2 - DIIS ACTIVE - HISTORY:     2 CYCLES
 TTTTTTTTTTTTTTTTTTTTTTTTTTTTTT FDIK        TELAPSE      282.40 TCPU      264.81
 INSULATING STATE
 TOP OF VALENCE BANDS -    BAND     32; K    1; EIG -2.3261347E-01 AU
 BOTTOM OF VIRTUAL BANDS - BAND     33; K    1; EIG  5.6695220E-02 AU
 DIRECT ENERGY BAND GAP:   7.8725 eV
 TTTTTTTTTTTTTTTTTTTTTTTTTTTTTT PDIG        TELAPSE      282.41 TCPU      264.82
 CHARGE NORMALIZATION FACTOR   1.00000000
 TOTAL ATOMIC CHARGES:
   5.0823402   5.0823402   8.6075770   8.6075770   7.5873743   7.5873743
   7.5873743   7.5873743   0.7838850   0.7838850   0.7838850   0.7838850
   0.7837821   0.7837821   0.7837821   0.7837821
 TTTTTTTTTTTTTTTTTTTTTTTTTTTTTT MOQGAD      TELAPSE      282.43 TCPU      264.84
 TTTTTTTTTTTTTTTTTTTTTTTTTTTTTT SHELLXN     TELAPSE      289.90 TCPU      271.98
 TTTTTTTTTTTTTTTTTTTTTTTTTTTTTT MONMO3      TELAPSE      290.10 TCPU      272.17
 NUMERICALLY INTEGRATED DENSITY     64.0000679360
 TTTTTTTTTTTTTTTTTTTTTTTTTTTTTT NUMDFT      TELAPSE      293.97 TCPU      275.46
 CYC   3 ETOT(AU) -4.499783177586E+02 DETOT -1.51E-04 tst  2.34E-06 PX  3.06E-03
 TTTTTTTTTTTTTTTTTTTTTTTTTTTTTT DIIS        TELAPSE      293.98 TCPU      275.47
 DIIS TEST: 0.36768E-04 AT SCF   CYCLE   3 - DIIS ACTIVE - HISTORY:     3 CYCLES
 TTTTTTTTTTTTTTTTTTTTTTTTTTTTTT FDIK        TELAPSE      294.01 TCPU      275.48
 INSULATING STATE
 TOP OF VALENCE BANDS -    BAND     32; K    1; EIG -2.3213932E-01 AU
 BOTTOM OF VIRTUAL BANDS - BAND     33; K    1; EIG  5.6822327E-02 AU
 DIRECT ENERGY BAND GAP:   7.8630 eV
 TTTTTTTTTTTTTTTTTTTTTTTTTTTTTT PDIG        TELAPSE      294.03 TCPU      275.49
 CHARGE NORMALIZATION FACTOR   1.00000000
 TOTAL ATOMIC CHARGES:
   5.0838193   5.0838193   8.6086585   8.6086585   7.5852347   7.5852347
   7.5852347   7.5852347   0.7843976   0.7843976   0.7843976   0.7843976
   0.7841288   0.7841288   0.7841288   0.7841288
 TTTTTTTTTTTTTTTTTTTTTTTTTTTTTT MOQGAD      TELAPSE      294.06 TCPU      275.52
 TTTTTTTTTTTTTTTTTTTTTTTTTTTTTT SHELLXN     TELAPSE      303.05 TCPU      284.30
 TTTTTTTTTTTTTTTTTTTTTTTTTTTTTT MONMO3      TELAPSE      303.49 TCPU      284.66
 NUMERICALLY INTEGRATED DENSITY     64.0000679558
 TTTTTTTTTTTTTTTTTTTTTTTTTTTTTT NUMDFT      TELAPSE      306.63 TCPU      287.80
 CYC   4 ETOT(AU) -4.499783216506E+02 DETOT -3.89E-06 tst  9.46E-08 PX  5.03E-04
 TTTTTTTTTTTTTTTTTTTTTTTTTTTTTT DIIS        TELAPSE      306.63 TCPU      287.81
 DIIS TEST: 0.27208E-05 AT SCF   CYCLE   4 - DIIS ACTIVE - HISTORY:     4 CYCLES
 TTTTTTTTTTTTTTTTTTTTTTTTTTTTTT FDIK        TELAPSE      306.65 TCPU      287.82
 INSULATING STATE
 TOP OF VALENCE BANDS -    BAND     32; K    1; EIG -2.3220621E-01 AU
 BOTTOM OF VIRTUAL BANDS - BAND     33; K    1; EIG  5.6819086E-02 AU
 DIRECT ENERGY BAND GAP:   7.8648 eV
 TTTTTTTTTTTTTTTTTTTTTTTTTTTTTT PDIG        TELAPSE      306.67 TCPU      287.84
 CHARGE NORMALIZATION FACTOR   1.00000000
 TOTAL ATOMIC CHARGES:
   5.0830887   5.0830887   8.6085656   8.6085656   7.5857764   7.5857764
   7.5857764   7.5857764   0.7843339   0.7843339   0.7843339   0.7843339
   0.7840626   0.7840626   0.7840626   0.7840626
 TTTTTTTTTTTTTTTTTTTTTTTTTTTTTT MOQGAD      TELAPSE      306.71 TCPU      287.88
 TTTTTTTTTTTTTTTTTTTTTTTTTTTTTT SHELLXN     TELAPSE      316.86 TCPU      298.03
 TTTTTTTTTTTTTTTTTTTTTTTTTTTTTT MONMO3      TELAPSE      317.14 TCPU      298.30
 NUMERICALLY INTEGRATED DENSITY     64.0000679543
 TTTTTTTTTTTTTTTTTTTTTTTTTTTTTT NUMDFT      TELAPSE      320.08 TCPU      301.21
 CYC   5 ETOT(AU) -4.499783220898E+02 DETOT -4.39E-07 tst  7.70E-09 PX  1.33E-04
 TTTTTTTTTTTTTTTTTTTTTTTTTTTTTT DIIS        TELAPSE      320.08 TCPU      301.22
 DIIS TEST: 0.61942E-07 AT SCF   CYCLE   5 - DIIS ACTIVE - HISTORY:     5 CYCLES
 TTTTTTTTTTTTTTTTTTTTTTTTTTTTTT FDIK        TELAPSE      320.19 TCPU      301.23
 INSULATING STATE
 TOP OF VALENCE BANDS -    BAND     32; K    1; EIG -2.3221605E-01 AU
 BOTTOM OF VIRTUAL BANDS - BAND     33; K    1; EIG  5.6816780E-02 AU
 DIRECT ENERGY BAND GAP:   7.8650 eV
 TTTTTTTTTTTTTTTTTTTTTTTTTTTTTT PDIG        TELAPSE      320.20 TCPU      301.24
 CHARGE NORMALIZATION FACTOR   1.00000000
 TOTAL ATOMIC CHARGES:
   5.0831756   5.0831756   8.6085930   8.6085930   7.5857652   7.5857652
   7.5857652   7.5857652   0.7843100   0.7843100   0.7843100   0.7843100
   0.7840404   0.7840404   0.7840404   0.7840404
 TTTTTTTTTTTTTTTTTTTTTTTTTTTTTT MOQGAD      TELAPSE      320.22 TCPU      301.26
 TTTTTTTTTTTTTTTTTTTTTTTTTTTTTT SHELLXN     TELAPSE      326.12 TCPU      307.14
 TTTTTTTTTTTTTTTTTTTTTTTTTTTTTT MONMO3      TELAPSE      326.31 TCPU      307.33
 NUMERICALLY INTEGRATED DENSITY     64.0000679522
 TTTTTTTTTTTTTTTTTTTTTTTTTTTTTT NUMDFT      TELAPSE      328.18 TCPU      309.20
 CYC   6 ETOT(AU) -4.499783221044E+02 DETOT -1.45E-08 tst  2.85E-10 PX  1.95E-05
 TTTTTTTTTTTTTTTTTTTTTTTTTTTTTT DIIS        TELAPSE      328.18 TCPU      309.21
 DIIS TEST: 0.86296E-08 AT SCF   CYCLE   6 - DIIS ACTIVE - HISTORY:     6 CYCLES
 TTTTTTTTTTTTTTTTTTTTTTTTTTTTTT FDIK        TELAPSE      328.19 TCPU      309.22
 INSULATING STATE
 TOP OF VALENCE BANDS -    BAND     32; K    1; EIG -2.3221182E-01 AU
 BOTTOM OF VIRTUAL BANDS - BAND     33; K    1; EIG  5.6818665E-02 AU
 DIRECT ENERGY BAND GAP:   7.8649 eV
 TTTTTTTTTTTTTTTTTTTTTTTTTTTTTT PDIG        TELAPSE      328.20 TCPU      309.23
 CHARGE NORMALIZATION FACTOR   1.00000000
 TOTAL ATOMIC CHARGES:
   5.0831620   5.0831620   8.6085760   8.6085760   7.5857649   7.5857649
   7.5857649   7.5857649   0.7843163   0.7843163   0.7843163   0.7843163
   0.7840499   0.7840499   0.7840499   0.7840499
 TTTTTTTTTTTTTTTTTTTTTTTTTTTTTT MOQGAD      TELAPSE      328.22 TCPU      309.25
 TTTTTTTTTTTTTTTTTTTTTTTTTTTTTT SHELLXN     TELAPSE      333.90 TCPU      314.92
 +++ ENERGIES IN A.U. +++
 ::: EXT EL-POLE                                  -5.9430787141755E+02
 ::: EXT EL-SPHEROPOLE                             7.1283813361618E+00
 ::: BIELET ZONE E-E                               7.2948303692929E+02
 ::: TOTAL E-E                                     1.4230354684790E+02
 ::: TOTAL E-N + N-E                              -9.1565328937781E+02
 ::: TOTAL N-N                                    -7.6581975655670E+01
 ::: KINETIC ENERGY                                4.4727865592674E+02
 ::: PSEUDO TOTAL   ENERGY                        -4.0265306225884E+02
 ::: VIRIAL COEFFICIENT                            1.0525049162339E+00
 TTTTTTTTTTTTTTTTTTTTTTTTTTTTTT MONMO3      TELAPSE      334.10 TCPU      315.12
 NUMERICALLY INTEGRATED DENSITY     64.0000679533
 TTTTTTTTTTTTTTTTTTTTTTTTTTTTTT NUMDFT      TELAPSE      335.92 TCPU      316.94
 CYC   7 ETOT(AU) -4.499783220881E+02 DETOT  1.63E-08 tst  2.73E-11 PX  1.95E-05

 == SCF ENDED - CONVERGENCE ON ENERGY      E(AU) -4.4997832208813E+02 CYCLES   7


 ENERGY EXPRESSION=HARTREE+FOCK EXCH*0.20000+(BECKE      EXCH)*0.80000+LYP        CORR


 TOTAL ENERGY(DFT)(AU)(  7) -4.4997832208813E+02 DE 1.6E-08 tester 2.7E-11
 TTTTTTTTTTTTTTTTTTTTTTTTTTTTTT EDFT        TELAPSE      335.92 TCPU      316.94

 *******************************************************************************
 *                             FORCE CALCULATION                               *
 *******************************************************************************

 TTTTTTTTTTTTTTTTTTTTTTTTTTTTTT NUMDFG      TELAPSE      402.21 TCPU      380.91
 INFORMATION **** EXCPOG **** EXCH. BIPO BUFFER LENGTH (WORDS) =     1253916
 INFORMATION **** GENPOG **** BIPO BUFFER LENGTH (WORDS) =      288800
 TTTTTTTTTTTTTTTTTTTTTTTTTTTTTT SHELXG      TELAPSE      474.52 TCPU      445.65

 CARTESIAN FORCES IN HARTREE/BOHR (ANALYTICAL)
   ATOM                     X                   Y                   Z
   1   6             2.053912595557E-15  1.082467449010E-15 -4.189340564242E-03
   2   6            -4.163336342344E-16  2.498001805407E-16  4.189340564245E-03
   3   8             2.775557561563E-17 -2.220446049250E-16  1.984387552680E-03
   4   8            -5.551115123126E-17 -2.220446049250E-16 -1.984387552691E-03
   5   7            -1.203884950515E-03 -1.203884950508E-03  3.008681535972E-03
   6   7             1.203884950516E-03  1.203884950508E-03  3.008681535970E-03
   7   7            -1.203884950510E-03  1.203884950506E-03 -3.008681535965E-03
   8   7             1.203884950509E-03 -1.203884950509E-03 -3.008681535967E-03
   9   1             1.477014480149E-03  1.477014480148E-03 -7.648613277315E-04
  10   1            -1.477014480150E-03 -1.477014480149E-03 -7.648613277308E-04
  11   1             1.477014480149E-03 -1.477014480150E-03  7.648613277309E-04
  12   1            -1.477014480150E-03  1.477014480150E-03  7.648613277309E-04
  13   1            -4.165807932524E-04 -4.165807932527E-04 -2.018091043771E-03
  14   1             4.165807932517E-04  4.165807932529E-04 -2.018091043771E-03
  15   1            -4.165807932506E-04  4.165807932534E-04  2.018091043771E-03
  16   1             4.165807932524E-04 -4.165807932524E-04  2.018091043771E-03

 RESULTANT FORCE     1.609823385706E-15 -2.220446049250E-15  1.554312234475E-15

 ATOMIC PART

 SYMMETRY ALLOWED FORCES (ANALYTICAL) (DIRECTION, FORCE)

    1 -5.9217225E-03    2  2.8049743E-03    3 -3.3961288E-03    4  6.0144180E-03
    5  4.1666203E-03    6 -1.5289740E-03    7 -1.1751638E-03    8 -4.0342066E-03

 CELL PART

 GRADIENT WITH RESPECT TO THE CELL PARAMETER IN HARTREE/BOHR
ORDER: -D/DA1X, -D/DA1Y, -D/DA1Z
       -D/DA2X, -D/DA2Y, -D/DA2Z
       -D/DA3X, -D/DA3Y, -D/DA3Z
 -0.122122318667E-02 -0.142153973736E-14  0.108622935234E-14
 -0.824806229248E-15 -0.122122318667E-02  0.104755827134E-14
  0.875102881166E-15  0.581791085543E-15 -0.406216381608E-02

STRESS TENSOR, IN HARTREE/BOHR^3:
ORDER: 11 12 13
       21 22 23
       31 32 33
  0.131605391233E-04  0.888854287051E-17 -0.795467943801E-17
  0.153192549348E-16  0.131605391233E-04 -0.528847714365E-17
 -0.117057750331E-16 -0.112890352594E-16  0.369250423888E-04

PRESSURE FROM THE STRESS TENSOR,
IN HARTREE/BOHR^3: -0.21082E-04
PRESSURE IN GIGAPASCAL: -0.6203E+00
CONVERSION FACTOR: 1 HARTREE/BOHR^3= 29421 GIGAPASCAL
WHEN USING VALUES FOR BOHR RADIUS AND HARTREE
FROM IUPAC WEBSITE, APRIL 2009
ENTHALPY: -4.4999884090019E+02

 SYMMETRY ALLOWED FORCES (ANALYTICAL) (DIRECTION, FORCE)

    1 -3.1845712E-03    2  1.8785272E-03
 TTTTTTTTTTTTTTTTTTTTTTTTTTTTTT TOTGRA_C    TELAPSE      481.89 TCPU      453.01
 INFORMATION **** optc002 **** GEOMETRY OUTPUT FILE
 INFORMATION **** EXCBUF **** EXCH. BIPO BUFFER: WORDS USED =      313479

 DFT PARAMETERS

     ATOM       ELECTRONS   NET CHARGE   R(ANGSTROM)
   1   6  C       6.0000      0.0000     0.77000000
   3   8  O       8.0000      0.0000     0.74000000
   5   7  N       7.0000      0.0000     0.74000000
   9   1  H       1.0000      0.0000     1.11000000

 SIZE OF GRID=      52659
 TTTTTTTTTTTTTTTTTTTTTTTTTTTTTT MAKE_GRID2  TELAPSE      484.38 TCPU      455.50
 BECKE WEIGHT FUNCTION
 RADSAFE =     2.00
 TOLERANCES - DENSITY:10**- 6; POTENTIAL:10**- 9; GRID WGT:10**-14

 RADIAL INTEGRATION  - INTERVALS (POINTS,UPPER LIMIT):            1( 75,  4.0*R)

 ANGULAR INTEGRATION - INTERVALS (ACCURACY LEVEL [N. POINTS] UPPER LIMIT):
  1(  4[  86]   0.2)  2(  8[ 194]   0.5)  3( 12[ 350]   0.9)  4( 16[ 974]   3.5)
  5( 12[ 350]9999.0)

 *******************************************************************************
 UREA BULK BASE 6-21 + POLARIZATION                                              
 CRYSTAL - SCF - TYPE OF CALCULATION :  RESTRICTED CLOSED SHELL
 *******************************************************************************

 CAPPA:IS1  2;IS2  2;IS3  2; K PTS MONK NET   6; SYMMOPS:K SPACE  16;G SPACE   8

 TTTTTTTTTTTTTTTTTTTTTTTTTTTTTT SDIK        TELAPSE      484.45 TCPU      455.57

 INFORMATION FROM INTEGRAL EVALUATION

 RESTART FROM A PREVIOUS DENSITY MATRIX - DEP ACTIVE
 NUMBER OF COUPLE SETS (NEW, OLD, FOUND):     361     361     361
 NUMBER OF IRREDUCIBLE G VECTORS        :    1564    1564    1564
 CHARGE NORMALIZATION FACTOR   0.99981042
 TOTAL ATOMIC CHARGES:
   5.0823498   5.0823498   8.6113587   8.6113587   7.5816380   7.5816380
   7.5816380   7.5816380   0.7853997   0.7853997   0.7853997   0.7853997
   0.7861080   0.7861080   0.7861080   0.7861080
 TTTTTTTTTTTTTTTTTTTTTTTTTTTTTT MOQGAD      TELAPSE      484.49 TCPU      455.61
 TTTTTTTTTTTTTTTTTTTTTTTTTTTTTT SHELLXN     TELAPSE      493.03 TCPU      463.37
 TTTTTTTTTTTTTTTTTTTTTTTTTTTTTT MONMO3      TELAPSE      493.22 TCPU      463.56
 NUMERICALLY INTEGRATED DENSITY     64.0002889738
 TTTTTTTTTTTTTTTTTTTTTTTTTTTTTT NUMDFT      TELAPSE      495.59 TCPU      465.82
 CYC   0 ETOT(AU) -4.499357049730E+02 DETOT -4.50E+02 tst  2.73E-11 PX  1.00E+00
 TTTTTTTTTTTTTTTTTTTTTTTTTTTTTT DIIS        TELAPSE      495.60 TCPU      465.82
 TTTTTTTTTTTTTTTTTTTTTTTTTTTTTT FDIK        TELAPSE      495.62 TCPU      465.84
 INSULATING STATE
 TOP OF VALENCE BANDS -    BAND     32; K    1; EIG -2.3190717E-01 AU
 BOTTOM OF VIRTUAL BANDS - BAND     33; K    1; EIG  5.9024316E-02 AU
 DIRECT ENERGY BAND GAP:   7.9167 eV
 TTTTTTTTTTTTTTTTTTTTTTTTTTTTTT PDIG        TELAPSE      495.65 TCPU      465.87
 CHARGE NORMALIZATION FACTOR   1.00000000
 TOTAL ATOMIC CHARGES:
   5.0835614   5.0835614   8.6024949   8.6024949   7.5940443   7.5940443
   7.5940443   7.5940443   0.7817507   0.7817507   0.7817507   0.7817507
   0.7811769   0.7811769   0.7811769   0.7811769
 TTTTTTTTTTTTTTTTTTTTTTTTTTTTTT MOQGAD      TELAPSE      495.67 TCPU      465.88
 TTTTTTTTTTTTTTTTTTTTTTTTTTTTTT SHELLXN     TELAPSE      502.72 TCPU      472.48
 TTTTTTTTTTTTTTTTTTTTTTTTTTTTTT MONMO3      TELAPSE      502.91 TCPU      472.66
 NUMERICALLY INTEGRATED DENSITY     64.0002879393
 TTTTTTTTTTTTTTTTTTTTTTTTTTTTTT NUMDFT      TELAPSE      504.92 TCPU      474.62
 CYC   1 ETOT(AU) -4.499789118074E+02 DETOT -4.32E-02 tst  0.00E+00 PX  6.83E-03
 TTTTTTTTTTTTTTTTTTTTTTTTTTTTTT DIIS        TELAPSE      504.92 TCPU      474.63
 DIIS TEST: 0.46008E-03 AT SCF   CYCLE   1 - MIX   30 %
 TTTTTTTTTTTTTTTTTTTTTTTTTTTTTT FDIK        TELAPSE      504.93 TCPU      474.64
 INSULATING STATE
 TOP OF VALENCE BANDS -    BAND     32; K    1; EIG -2.2972052E-01 AU
 BOTTOM OF VIRTUAL BANDS - BAND     33; K    1; EIG  5.9292572E-02 AU
 DIRECT ENERGY BAND GAP:   7.8644 eV
 TTTTTTTTTTTTTTTTTTTTTTTTTTTTTT PDIG        TELAPSE      504.94 TCPU      474.65
 CHARGE NORMALIZATION FACTOR   1.00000000
 TOTAL ATOMIC CHARGES:
   5.0816201   5.0816201   8.6152478   8.6152478   7.5848885   7.5848885
   7.5848885   7.5848885   0.7837507   0.7837507   0.7837507   0.7837507
   0.7829268   0.7829268   0.7829268   0.7829268
 TTTTTTTTTTTTTTTTTTTTTTTTTTTTTT MOQGAD      TELAPSE      504.96 TCPU      474.67
 TTTTTTTTTTTTTTTTTTTTTTTTTTTTTT SHELLXN     TELAPSE      512.19 TCPU      481.35
 TTTTTTTTTTTTTTTTTTTTTTTTTTTTTT MONMO3      TELAPSE      512.39 TCPU      481.55
 NUMERICALLY INTEGRATED DENSITY     64.0002883863
 TTTTTTTTTTTTTTTTTTTTTTTTTTTTTT NUMDFT      TELAPSE      514.35 TCPU      483.46
 CYC   2 ETOT(AU) -4.499789258039E+02 DETOT -1.40E-05 tst  5.49E-06 PX  3.43E-03
 TTTTTTTTTTTTTTTTTTTTTTTTTTTTTT DIIS        TELAPSE      514.35 TCPU      483.46
 DIIS TEST: 0.36603E-03 AT SCF   CYCLE   2 - DIIS ACTIVE - HISTORY:     2 CYCLES
 TTTTTTTTTTTTTTTTTTTTTTTTTTTTTT FDIK        TELAPSE      514.36 TCPU      483.47
 INSULATING STATE
 TOP OF VALENCE BANDS -    BAND     32; K    1; EIG -2.3040560E-01 AU
 BOTTOM OF VIRTUAL BANDS - BAND     33; K    1; EIG  5.9371861E-02 AU
 DIRECT ENERGY BAND GAP:   7.8852 eV
 TTTTTTTTTTTTTTTTTTTTTTTTTTTTTT PDIG        TELAPSE      514.37 TCPU      483.48
 CHARGE NORMALIZATION FACTOR   1.00000000
 TOTAL ATOMIC CHARGES:
   5.0828136   5.0828136   8.6078301   8.6078301   7.5889314   7.5889314
   7.5889314   7.5889314   0.7832253   0.7832253   0.7832253   0.7832253
   0.7825214   0.7825214   0.7825214   0.7825214
 TTTTTTTTTTTTTTTTTTTTTTTTTTTTTT MOQGAD      TELAPSE      514.39 TCPU      483.50
 TTTTTTTTTTTTTTTTTTTTTTTTTTTTTT SHELLXN     TELAPSE      520.26 TCPU      489.25
 TTTTTTTTTTTTTTTTTTTTTTTTTTTTTT MONMO3      TELAPSE      520.45 TCPU      489.43
 NUMERICALLY INTEGRATED DENSITY     64.0002884577
 TTTTTTTTTTTTTTTTTTTTTTTTTTTTTT NUMDFT      TELAPSE      522.46 TCPU      491.40
 CYC   3 ETOT(AU) -4.499789726210E+02 DETOT -4.68E-05 tst  8.31E-07 PX  2.07E-03
 TTTTTTTTTTTTTTTTTTTTTTTTTTTTTT DIIS        TELAPSE      522.46 TCPU      491.41
 DIIS TEST: 0.13470E-04 AT SCF   CYCLE   3 - DIIS ACTIVE - HISTORY:     3 CYCLES
 TTTTTTTTTTTTTTTTTTTTTTTTTTTTTT FDIK        TELAPSE      522.48 TCPU      491.42
 INSULATING STATE
 TOP OF VALENCE BANDS -    BAND     32; K    1; EIG -2.3056595E-01 AU
 BOTTOM OF VIRTUAL BANDS - BAND     33; K    1; EIG  5.9260279E-02 AU
 DIRECT ENERGY BAND GAP:   7.8866 eV
 TTTTTTTTTTTTTTTTTTTTTTTTTTTTTT PDIG        TELAPSE      522.50 TCPU      491.44
 CHARGE NORMALIZATION FACTOR   1.00000000
 TOTAL ATOMIC CHARGES:
   5.0822433   5.0822433   8.6093499   8.6093499   7.5891202   7.5891202
   7.5891202   7.5891202   0.7829196   0.7829196   0.7829196   0.7829196
   0.7821636   0.7821636   0.7821636   0.7821636
 TTTTTTTTTTTTTTTTTTTTTTTTTTTTTT MOQGAD      TELAPSE      522.53 TCPU      491.48
 TTTTTTTTTTTTTTTTTTTTTTTTTTTTTT SHELLXN     TELAPSE      531.32 TCPU      499.86
 TTTTTTTTTTTTTTTTTTTTTTTTTTTTTT MONMO3      TELAPSE      531.54 TCPU      500.08
 NUMERICALLY INTEGRATED DENSITY     64.0002883445
 TTTTTTTTTTTTTTTTTTTTTTTTTTTTTT NUMDFT      TELAPSE      534.69 TCPU      503.00
 CYC   4 ETOT(AU) -4.499789754342E+02 DETOT -2.81E-06 tst  3.62E-08 PX  4.20E-04
 TTTTTTTTTTTTTTTTTTTTTTTTTTTTTT DIIS        TELAPSE      534.70 TCPU      503.01
 DIIS TEST: 0.64175E-06 AT SCF   CYCLE   4 - DIIS ACTIVE - HISTORY:     4 CYCLES
 TTTTTTTTTTTTTTTTTTTTTTTTTTTTTT FDIK        TELAPSE      534.74 TCPU      503.02
 INSULATING STATE
 TOP OF VALENCE BANDS -    BAND     32; K    1; EIG -2.3053100E-01 AU
 BOTTOM OF VIRTUAL BANDS - BAND     33; K    1; EIG  5.9280412E-02 AU
 DIRECT ENERGY BAND GAP:   7.8862 eV
 TTTTTTTTTTTTTTTTTTTTTTTTTTTTTT PDIG        TELAPSE      534.75 TCPU      503.04
 CHARGE NORMALIZATION FACTOR   1.00000000
 TOTAL ATOMIC CHARGES:
   5.0825226   5.0825226   8.6090393   8.6090393   7.5890205   7.5890205
   7.5890205   7.5890205   0.7829708   0.7829708   0.7829708   0.7829708
   0.7822277   0.7822277   0.7822277   0.7822277
 TTTTTTTTTTTTTTTTTTTTTTTTTTTTTT MOQGAD      TELAPSE      534.79 TCPU      503.08
 TTTTTTTTTTTTTTTTTTTTTTTTTTTTTT SHELLXN     TELAPSE      542.79 TCPU      510.60
 TTTTTTTTTTTTTTTTTTTTTTTTTTTTTT MONMO3      TELAPSE      543.23 TCPU      510.95
 NUMERICALLY INTEGRATED DENSITY     64.0002883649
 TTTTTTTTTTTTTTTTTTTTTTTTTTTTTT NUMDFT      TELAPSE      545.98 TCPU      513.65
 CYC   5 ETOT(AU) -4.499789753806E+02 DETOT  5.36E-08 tst  1.78E-09 PX  6.91E-05
 TTTTTTTTTTTTTTTTTTTTTTTTTTTTTT DIIS        TELAPSE      545.99 TCPU      513.66
 DIIS TEST: 0.41517E-07 AT SCF   CYCLE   5 - DIIS ACTIVE - HISTORY:     5 CYCLES
 TTTTTTTTTTTTTTTTTTTTTTTTTTTTTT FDIK        TELAPSE      546.00 TCPU      513.67
 INSULATING STATE
 TOP OF VALENCE BANDS -    BAND     32; K    1; EIG -2.3054221E-01 AU
 BOTTOM OF VIRTUAL BANDS - BAND     33; K    1; EIG  5.9276231E-02 AU
 DIRECT ENERGY BAND GAP:   7.8864 eV
 TTTTTTTTTTTTTTTTTTTTTTTTTTTTTT PDIG        TELAPSE      546.01 TCPU      513.68
 CHARGE NORMALIZATION FACTOR   1.00000000
 TOTAL ATOMIC CHARGES:
   5.0824012   5.0824012   8.6090548   8.6090548   7.5890934   7.5890934
   7.5890934   7.5890934   0.7829578   0.7829578   0.7829578   0.7829578
   0.7822207   0.7822207   0.7822207   0.7822207
 TTTTTTTTTTTTTTTTTTTTTTTTTTTTTT MOQGAD      TELAPSE      546.03 TCPU      513.70
 TTTTTTTTTTTTTTTTTTTTTTTTTTTTTT SHELLXN     TELAPSE      552.52 TCPU      520.13
 +++ ENERGIES IN A.U. +++
 ::: EXT EL-POLE                                  -5.9835427158154E+02
 ::: EXT EL-SPHEROPOLE                             7.2619890169352E+00
 ::: BIELET ZONE E-E                               7.3224116955292E+02
 ::: TOTAL E-E                                     1.4114888698831E+02
 ::: TOTAL E-N + N-E                              -9.1305518296336E+02
 ::: TOTAL N-N                                    -7.8021930125260E+01
 ::: KINETIC ENERGY                                4.4727327895185E+02
 ::: PSEUDO TOTAL   ENERGY                        -4.0265494714847E+02
 ::: VIRIAL COEFFICIENT                            1.0524965878685E+00
 TTTTTTTTTTTTTTTTTTTTTTTTTTTTTT MONMO3      TELAPSE      552.71 TCPU      520.32
 NUMERICALLY INTEGRATED DENSITY     64.0002883640
 TTTTTTTTTTTTTTTTTTTTTTTTTTTTTT NUMDFT      TELAPSE      554.72 TCPU      522.33
 CYC   6 ETOT(AU) -4.499789753973E+02 DETOT -1.67E-08 tst  2.18E-10 PX  6.91E-05

 == SCF ENDED - CONVERGENCE ON ENERGY      E(AU) -4.4997897539731E+02 CYCLES   6


 ENERGY EXPRESSION=HARTREE+FOCK EXCH*0.20000+(BECKE      EXCH)*0.80000+LYP        CORR


 TOTAL ENERGY(DFT)(AU)(  6) -4.4997897539731E+02 DE-1.7E-08 tester 2.2E-10
 TTTTTTTTTTTTTTTTTTTTTTTTTTTTTT EDFT        TELAPSE      554.72 TCPU      522.33

 *******************************************************************************
 *                             FORCE CALCULATION                               *
 *******************************************************************************

 TTTTTTTTTTTTTTTTTTTTTTTTTTTTTT NUMDFG      TELAPSE      625.49 TCPU      588.73
 INFORMATION **** EXCPOG **** EXCH. BIPO BUFFER LENGTH (WORDS) =     1253916
 INFORMATION **** GENPOG **** BIPO BUFFER LENGTH (WORDS) =      288800
 TTTTTTTTTTTTTTTTTTTTTTTTTTTTTT SHELXG      TELAPSE      686.24 TCPU      645.33

 CARTESIAN FORCES IN HARTREE/BOHR (ANALYTICAL)
   ATOM                     X                   Y                   Z
   1   6             3.233524559221E-15  2.636779683485E-16 -1.468698198084E-03
   2   6            -3.164135620182E-15  1.249000902703E-15  1.468698198087E-03
   3   8             9.020562075079E-16 -8.326672684689E-17  7.132747112770E-05
   4   8            -2.498001805407E-16 -6.106226635438E-16 -7.132747114014E-05
   5   7             3.870605199348E-04  3.870605199419E-04  1.034192737591E-03
   6   7            -3.870605199383E-04 -3.870605199410E-04  1.034192737587E-03
   7   7             3.870605199423E-04 -3.870605199476E-04 -1.034192737584E-03
   8   7            -3.870605199405E-04  3.870605199445E-04 -1.034192737583E-03
   9   1            -2.420706646642E-04 -2.420706646644E-04 -1.476080818954E-03
  10   1             2.420706646635E-04  2.420706646644E-04 -1.476080818953E-03
  11   1            -2.420706646640E-04  2.420706646640E-04  1.476080818953E-03
  12   1             2.420706646631E-04 -2.420706646633E-04  1.476080818953E-03
  13   1            -7.796988661857E-05 -7.796988661907E-05  5.622599466411E-04
  14   1             7.796988661823E-05  7.796988661940E-05  5.622599466417E-04
  15   1            -7.796988661729E-05  7.796988662001E-05 -5.622599466419E-04
  16   1             7.796988661896E-05 -7.796988661901E-05 -5.622599466417E-04

 RESULTANT FORCE    -1.276756478319E-15  5.967448757360E-16 -7.771561172376E-16

 ATOMIC PART

 SYMMETRY ALLOWED FORCES (ANALYTICAL) (DIRECTION, FORCE)

    1 -2.0591239E-03    2  1.0000155E-04    3  1.0859105E-03    4  2.0505313E-03
    5 -6.7913687E-04    6 -2.9266787E-03    7 -2.1874697E-04    8  1.1148131E-03

 CELL PART

 GRADIENT WITH RESPECT TO THE CELL PARAMETER IN HARTREE/BOHR
ORDER: -D/DA1X, -D/DA1Y, -D/DA1Z
       -D/DA2X, -D/DA2Y, -D/DA2Z
       -D/DA3X, -D/DA3Y, -D/DA3Z
 -0.922929647365E-03  0.232442328101E-15  0.796685899445E-15
 -0.669613879407E-15 -0.922929647362E-03  0.412233541922E-15
  0.143508136703E-14 -0.127655563676E-16 -0.438343376585E-02

STRESS TENSOR, IN HARTREE/BOHR^3:
ORDER: 11 12 13
       21 22 23
       31 32 33
  0.100828598812E-04  0.731542533044E-17 -0.131888867747E-16
 -0.253939553398E-17  0.100828598811E-04  0.117319812949E-18
 -0.870366697651E-17 -0.450358600288E-17  0.402852499866E-04

STRESS TENSOR DOES NOT CORRESPOND TO
HYDROSTATIC PRESSURE, NO PRESSURE COMPUTED!

 SYMMETRY ALLOWED FORCES (ANALYTICAL) (DIRECTION, FORCE)

    1 -2.9860689E-03    2  2.3421222E-03
 TTTTTTTTTTTTTTTTTTTTTTTTTTTTTT TOTGRA_C    TELAPSE      691.49 TCPU      650.37
 INFORMATION **** optc003 **** GEOMETRY OUTPUT FILE
 INFORMATION **** EXCBUF **** EXCH. BIPO BUFFER: WORDS USED =      313479

 DFT PARAMETERS

     ATOM       ELECTRONS   NET CHARGE   R(ANGSTROM)
   1   6  C       6.0000      0.0000     0.77000000
   3   8  O       8.0000      0.0000     0.74000000
   5   7  N       7.0000      0.0000     0.74000000
   9   1  H       1.0000      0.0000     1.11000000

 SIZE OF GRID=      52659
 TTTTTTTTTTTTTTTTTTTTTTTTTTTTTT MAKE_GRID2  TELAPSE      693.74 TCPU      652.55
 BECKE WEIGHT FUNCTION
 RADSAFE =     2.00
 TOLERANCES - DENSITY:10**- 6; POTENTIAL:10**- 9; GRID WGT:10**-14

 RADIAL INTEGRATION  - INTERVALS (POINTS,UPPER LIMIT):            1( 75,  4.0*R)

 ANGULAR INTEGRATION - INTERVALS (ACCURACY LEVEL [N. POINTS] UPPER LIMIT):
  1(  4[  86]   0.2)  2(  8[ 194]   0.5)  3( 12[ 350]   0.9)  4( 16[ 974]   3.5)
  5( 12[ 350]9999.0)

 *******************************************************************************
 UREA BULK BASE 6-21 + POLARIZATION                                              
 CRYSTAL - SCF - TYPE OF CALCULATION :  RESTRICTED CLOSED SHELL
 *******************************************************************************

 CAPPA:IS1  2;IS2  2;IS3  2; K PTS MONK NET   6; SYMMOPS:K SPACE  16;G SPACE   8

 TTTTTTTTTTTTTTTTTTTTTTTTTTTTTT SDIK        TELAPSE      693.77 TCPU      652.59

 INFORMATION FROM INTEGRAL EVALUATION

 RESTART FROM A PREVIOUS DENSITY MATRIX - DEP ACTIVE
 NUMBER OF COUPLE SETS (NEW, OLD, FOUND):     361     361     361
 NUMBER OF IRREDUCIBLE G VECTORS        :    1564    1564    1564
 CHARGE NORMALIZATION FACTOR   0.99964975
 TOTAL ATOMIC CHARGES:
   5.0806197   5.0806197   8.6096468   8.6096468   7.5858750   7.5858750
   7.5858750   7.5858750   0.7844216   0.7844216   0.7844216   0.7844216
   0.7845702   0.7845702   0.7845702   0.7845702
 TTTTTTTTTTTTTTTTTTTTTTTTTTTTTT MOQGAD      TELAPSE      693.79 TCPU      652.61
 TTTTTTTTTTTTTTTTTTTTTTTTTTTTTT SHELLXN     TELAPSE      699.84 TCPU      658.57
 TTTTTTTTTTTTTTTTTTTTTTTTTTTTTT MONMO3      TELAPSE      700.06 TCPU      658.79
 NUMERICALLY INTEGRATED DENSITY     64.0004764441
 TTTTTTTTTTTTTTTTTTTTTTTTTTTTTT NUMDFT      TELAPSE      702.39 TCPU      661.12
 CYC   0 ETOT(AU) -4.499027341031E+02 DETOT -4.50E+02 tst  2.18E-10 PX  1.00E+00
 TTTTTTTTTTTTTTTTTTTTTTTTTTTTTT DIIS        TELAPSE      702.39 TCPU      661.12
 TTTTTTTTTTTTTTTTTTTTTTTTTTTTTT FDIK        TELAPSE      702.41 TCPU      661.14
 INSULATING STATE
 TOP OF VALENCE BANDS -    BAND     32; K    1; EIG -2.3044736E-01 AU
 BOTTOM OF VIRTUAL BANDS - BAND     33; K    1; EIG  6.1850971E-02 AU
 DIRECT ENERGY BAND GAP:   7.9538 eV
 TTTTTTTTTTTTTTTTTTTTTTTTTTTTTT PDIG        TELAPSE      702.42 TCPU      661.15
 CHARGE NORMALIZATION FACTOR   1.00000000
 TOTAL ATOMIC CHARGES:
   5.0839114   5.0839114   8.6062869   8.6062869   7.5938197   7.5938197
   7.5938197   7.5938197   0.7810592   0.7810592   0.7810592   0.7810592
   0.7800220   0.7800220   0.7800220   0.7800220
 TTTTTTTTTTTTTTTTTTTTTTTTTTTTTT MOQGAD      TELAPSE      702.44 TCPU      661.17
 TTTTTTTTTTTTTTTTTTTTTTTTTTTTTT SHELLXN     TELAPSE      708.59 TCPU      667.30
 TTTTTTTTTTTTTTTTTTTTTTTTTTTTTT MONMO3      TELAPSE      708.77 TCPU      667.49
 NUMERICALLY INTEGRATED DENSITY     64.0004748149
 TTTTTTTTTTTTTTTTTTTTTTTTTTTTTT NUMDFT      TELAPSE      710.88 TCPU      669.59
 CYC   1 ETOT(AU) -4.499791285660E+02 DETOT -7.64E-02 tst  0.00E+00 PX  3.21E-03
 TTTTTTTTTTTTTTTTTTTTTTTTTTTTTT DIIS        TELAPSE      710.89 TCPU      669.60
 DIIS TEST: 0.29763E-03 AT SCF   CYCLE   1 - MIX   30 %
 TTTTTTTTTTTTTTTTTTTTTTTTTTTTTT FDIK        TELAPSE      710.90 TCPU      669.61
 INSULATING STATE
 TOP OF VALENCE BANDS -    BAND     32; K    1; EIG -2.2839972E-01 AU
 BOTTOM OF VIRTUAL BANDS - BAND     33; K    1; EIG  6.2414755E-02 AU
 DIRECT ENERGY BAND GAP:   7.9135 eV
 TTTTTTTTTTTTTTTTTTTTTTTTTTTTTT PDIG        TELAPSE      710.91 TCPU      669.62
 CHARGE NORMALIZATION FACTOR   1.00000000
 TOTAL ATOMIC CHARGES:
   5.0818253   5.0818253   8.6118174   8.6118174   7.5876426   7.5876426
   7.5876426   7.5876426   0.7833254   0.7833254   0.7833254   0.7833254
   0.7822107   0.7822107   0.7822107   0.7822107
 TTTTTTTTTTTTTTTTTTTTTTTTTTTTTT MOQGAD      TELAPSE      710.93 TCPU      669.64
 TTTTTTTTTTTTTTTTTTTTTTTTTTTTTT SHELLXN     TELAPSE      718.58 TCPU      677.14
 TTTTTTTTTTTTTTTTTTTTTTTTTTTTTT MONMO3      TELAPSE      718.78 TCPU      677.34
 NUMERICALLY INTEGRATED DENSITY     64.0004757793
 TTTTTTTTTTTTTTTTTTTTTTTTTTTTTT NUMDFT      TELAPSE      722.63 TCPU      680.46
 CYC   2 ETOT(AU) -4.499791525938E+02 DETOT -2.40E-05 tst  1.38E-06 PX  1.81E-03
 TTTTTTTTTTTTTTTTTTTTTTTTTTTTTT DIIS        TELAPSE      722.64 TCPU      680.47
 DIIS TEST: 0.11718E-03 AT SCF   CYCLE   2 - DIIS ACTIVE - HISTORY:     2 CYCLES
 TTTTTTTTTTTTTTTTTTTTTTTTTTTTTT FDIK        TELAPSE      722.65 TCPU      680.48
 INSULATING STATE
 TOP OF VALENCE BANDS -    BAND     32; K    1; EIG -2.2899995E-01 AU
 BOTTOM OF VIRTUAL BANDS - BAND     33; K    1; EIG  6.2430418E-02 AU
 DIRECT ENERGY BAND GAP:   7.9302 eV
 TTTTTTTTTTTTTTTTTTTTTTTTTTTTTT PDIG        TELAPSE      722.66 TCPU      680.49
 CHARGE NORMALIZATION FACTOR   1.00000000
 TOTAL ATOMIC CHARGES:
   5.0827632   5.0827632   8.6072906   8.6072906   7.5906218   7.5906218
   7.5906218   7.5906218   0.7827217   0.7827217   0.7827217   0.7827217
   0.7816297   0.7816297   0.7816297   0.7816297
 TTTTTTTTTTTTTTTTTTTTTTTTTTTTTT MOQGAD      TELAPSE      722.68 TCPU      680.51
 TTTTTTTTTTTTTTTTTTTTTTTTTTTTTT SHELLXN     TELAPSE      729.48 TCPU      687.00
 TTTTTTTTTTTTTTTTTTTTTTTTTTTTTT MONMO3      TELAPSE      729.73 TCPU      687.25
 NUMERICALLY INTEGRATED DENSITY     64.0004757540
 TTTTTTTTTTTTTTTTTTTTTTTTTTTTTT NUMDFT      TELAPSE      731.72 TCPU      689.24
 CYC   3 ETOT(AU) -4.499791637625E+02 DETOT -1.12E-05 tst  3.23E-07 PX  1.36E-03
 TTTTTTTTTTTTTTTTTTTTTTTTTTTTTT DIIS        TELAPSE      731.72 TCPU      689.25
 DIIS TEST: 0.22159E-04 AT SCF   CYCLE   3 - DIIS ACTIVE - HISTORY:     3 CYCLES
 TTTTTTTTTTTTTTTTTTTTTTTTTTTTTT FDIK        TELAPSE      731.73 TCPU      689.26
 INSULATING STATE
 TOP OF VALENCE BANDS -    BAND     32; K    1; EIG -2.2903314E-01 AU
 BOTTOM OF VIRTUAL BANDS - BAND     33; K    1; EIG  6.2336743E-02 AU
 DIRECT ENERGY BAND GAP:   7.9286 eV
 TTTTTTTTTTTTTTTTTTTTTTTTTTTTTT PDIG        TELAPSE      731.74 TCPU      689.27
 CHARGE NORMALIZATION FACTOR   1.00000000
 TOTAL ATOMIC CHARGES:
   5.0824131   5.0824131   8.6093088   8.6093088   7.5901904   7.5901904
   7.5901904   7.5901904   0.7825487   0.7825487   0.7825487   0.7825487
   0.7814000   0.7814000   0.7814000   0.7814000
 TTTTTTTTTTTTTTTTTTTTTTTTTTTTTT MOQGAD      TELAPSE      731.76 TCPU      689.29
 TTTTTTTTTTTTTTTTTTTTTTTTTTTTTT SHELLXN     TELAPSE      737.97 TCPU      695.48
 TTTTTTTTTTTTTTTTTTTTTTTTTTTTTT MONMO3      TELAPSE      738.18 TCPU      695.70
 NUMERICALLY INTEGRATED DENSITY     64.0004756190
 TTTTTTTTTTTTTTTTTTTTTTTTTTTTTT NUMDFT      TELAPSE      740.19 TCPU      697.71
 CYC   4 ETOT(AU) -4.499791678632E+02 DETOT -4.10E-06 tst  6.73E-08 PX  5.01E-04
 TTTTTTTTTTTTTTTTTTTTTTTTTTTTTT DIIS        TELAPSE      740.20 TCPU      697.72
 DIIS TEST: 0.28675E-06 AT SCF   CYCLE   4 - DIIS ACTIVE - HISTORY:     4 CYCLES
 TTTTTTTTTTTTTTTTTTTTTTTTTTTTTT FDIK        TELAPSE      740.21 TCPU      697.73
 INSULATING STATE
 TOP OF VALENCE BANDS -    BAND     32; K    1; EIG -2.2903655E-01 AU
 BOTTOM OF VIRTUAL BANDS - BAND     33; K    1; EIG  6.2339777E-02 AU
 DIRECT ENERGY BAND GAP:   7.9288 eV
 TTTTTTTTTTTTTTTTTTTTTTTTTTTTTT PDIG        TELAPSE      740.22 TCPU      697.74
 CHARGE NORMALIZATION FACTOR   1.00000000
 TOTAL ATOMIC CHARGES:
   5.0825093   5.0825093   8.6091034   8.6091034   7.5902302   7.5902302
   7.5902302   7.5902302   0.7825484   0.7825484   0.7825484   0.7825484
   0.7814150   0.7814150   0.7814150   0.7814150
 TTTTTTTTTTTTTTTTTTTTTTTTTTTTTT MOQGAD      TELAPSE      740.24 TCPU      697.76
 TTTTTTTTTTTTTTTTTTTTTTTTTTTTTT SHELLXN     TELAPSE      748.87 TCPU      706.32
 TTTTTTTTTTTTTTTTTTTTTTTTTTTTTT MONMO3      TELAPSE      749.06 TCPU      706.52
 NUMERICALLY INTEGRATED DENSITY     64.0004756287
 TTTTTTTTTTTTTTTTTTTTTTTTTTTTTT NUMDFT      TELAPSE      752.41 TCPU      709.64
 CYC   5 ETOT(AU) -4.499791678556E+02 DETOT  7.55E-09 tst  7.54E-10 PX  4.67E-05
 TTTTTTTTTTTTTTTTTTTTTTTTTTTTTT DIIS        TELAPSE      752.42 TCPU      709.65
 DIIS TEST: 0.68176E-08 AT SCF   CYCLE   5 - DIIS ACTIVE - HISTORY:     5 CYCLES
 TTTTTTTTTTTTTTTTTTTTTTTTTTTTTT FDIK        TELAPSE      752.43 TCPU      709.67
 INSULATING STATE
 TOP OF VALENCE BANDS -    BAND     32; K    1; EIG -2.2904424E-01 AU
 BOTTOM OF VIRTUAL BANDS - BAND     33; K    1; EIG  6.2336557E-02 AU
 DIRECT ENERGY BAND GAP:   7.9289 eV
 TTTTTTTTTTTTTTTTTTTTTTTTTTTTTT PDIG        TELAPSE      752.46 TCPU      709.70
 CHARGE NORMALIZATION FACTOR   1.00000000
 TOTAL ATOMIC CHARGES:
   5.0824603   5.0824603   8.6091086   8.6091086   7.5902682   7.5902682
   7.5902682   7.5902682   0.7825394   0.7825394   0.7825394   0.7825394
   0.7814079   0.7814079   0.7814079   0.7814079
 TTTTTTTTTTTTTTTTTTTTTTTTTTTTTT MOQGAD      TELAPSE      752.48 TCPU      709.72
 TTTTTTTTTTTTTTTTTTTTTTTTTTTTTT SHELLXN     TELAPSE      761.69 TCPU      718.63
 +++ ENERGIES IN A.U. +++
 ::: EXT EL-POLE                                  -6.0160567739672E+02
 ::: EXT EL-SPHEROPOLE                             7.3796501459757E+00
 ::: BIELET ZONE E-E                               7.3441433707288E+02
 ::: TOTAL E-E                                     1.4018830982214E+02
 ::: TOTAL E-N + N-E                              -9.1091675906213E+02
 ::: TOTAL N-N                                    -7.9229792606780E+01
 ::: KINETIC ENERGY                                4.4731069420907E+02
 ::: PSEUDO TOTAL   ENERGY                        -4.0264754763770E+02
 ::: VIRIAL COEFFICIENT                            1.0525474598309E+00
 TTTTTTTTTTTTTTTTTTTTTTTTTTTTTT MONMO3      TELAPSE      762.01 TCPU      718.94
 NUMERICALLY INTEGRATED DENSITY     64.0004756275
 TTTTTTTTTTTTTTTTTTTTTTTTTTTTTT NUMDFT      TELAPSE      765.30 TCPU      722.14
 CYC   6 ETOT(AU) -4.499791678617E+02 DETOT -6.07E-09 tst  3.52E-11 PX  4.67E-05

 == SCF ENDED - CONVERGENCE ON ENERGY      E(AU) -4.4997916786168E+02 CYCLES   6


 ENERGY EXPRESSION=HARTREE+FOCK EXCH*0.20000+(BECKE      EXCH)*0.80000+LYP        CORR


 TOTAL ENERGY(DFT)(AU)(  6) -4.4997916786168E+02 DE-6.1E-09 tester 3.5E-11
 TTTTTTTTTTTTTTTTTTTTTTTTTTTTTT EDFT        TELAPSE      765.30 TCPU      722.14

 *******************************************************************************
 *                             FORCE CALCULATION                               *
 *******************************************************************************

 TTTTTTTTTTTTTTTTTTTTTTTTTTTTTT NUMDFG      TELAPSE      835.12 TCPU      789.29
 INFORMATION **** EXCPOG **** EXCH. BIPO BUFFER LENGTH (WORDS) =     1253916
 INFORMATION **** GENPOG **** BIPO BUFFER LENGTH (WORDS) =      288800
 TTTTTTTTTTTTTTTTTTTTTTTTTTTTTT SHELXG      TELAPSE      910.98 TCPU      851.70

 CARTESIAN FORCES IN HARTREE/BOHR (ANALYTICAL)
   ATOM                     X                   Y                   Z
   1   6             9.159339953158E-16  6.383782391595E-16  3.160160785878E-04
   2   6            -2.053912595557E-15  1.165734175856E-15 -3.160160785862E-04
   3   8            -1.804112415016E-16  6.800116025829E-16 -1.046274323362E-03
   4   8            -8.326672684689E-17 -1.637578961322E-15  1.046274323349E-03
   5   7             4.019805648614E-05  4.019805648969E-05  3.162301266526E-04
   6   7            -4.019805648792E-05 -4.019805648792E-05  3.162301266517E-04
   7   7             4.019805649103E-05 -4.019805649813E-05 -3.162301266455E-04
   8   7            -4.019805648925E-05  4.019805649413E-05 -3.162301266473E-04
   9   1            -2.624921380303E-04 -2.624921380304E-04 -6.151043668673E-04
  10   1             2.624921380305E-04  2.624921380304E-04 -6.151043668674E-04
  11   1            -2.624921380298E-04  2.624921380302E-04  6.151043668674E-04
  12   1             2.624921380291E-04 -2.624921380300E-04  6.151043668668E-04
  13   1             1.205032036538E-04  1.205032036536E-04  3.206417175057E-04
  14   1            -1.205032036540E-04 -1.205032036535E-04  3.206417175063E-04
  15   1             1.205032036560E-04 -1.205032036524E-04 -3.206417175061E-04
  16   1            -1.205032036540E-04  1.205032036534E-04 -3.206417175063E-04

 RESULTANT FORCE    -6.938893903907E-17  1.387778780781E-17 -2.220446049250E-16

 ATOMIC PART

 SYMMETRY ALLOWED FORCES (ANALYTICAL) (DIRECTION, FORCE)

    1  4.3960159E-04    2 -1.4554445E-03    3  1.1223724E-04    4  6.2211163E-04
    5 -7.3290590E-04    6 -1.2100795E-03    7  3.3645773E-04    8  6.3079044E-04

 CELL PART

 GRADIENT WITH RESPECT TO THE CELL PARAMETER IN HARTREE/BOHR
ORDER: -D/DA1X, -D/DA1Y, -D/DA1Z
       -D/DA2X, -D/DA2Y, -D/DA2Z
       -D/DA3X, -D/DA3Y, -D/DA3Z
 -0.327868545016E-04 -0.511705604420E-15  0.101234603194E-14
  0.386795932866E-15 -0.327868545078E-04 -0.715897204480E-15
  0.825725088552E-15  0.373189973803E-15 -0.928444682856E-03

STRESS TENSOR, IN HARTREE/BOHR^3:
ORDER: 11 12 13
       21 22 23
       31 32 33
  0.362742092358E-06 -0.427937257588E-17 -0.766184838118E-17
  0.566132873800E-17  0.362742092427E-06 -0.346280503802E-17
 -0.112002362959E-16  0.792043194792E-17  0.861497669015E-05

PRESSURE FROM THE STRESS TENSOR,
IN HARTREE/BOHR^3: -0.31135E-05
PRESSURE IN GIGAPASCAL: -0.9160E-01
CONVERSION FACTOR: 1 HARTREE/BOHR^3= 29421 GIGAPASCAL
WHEN USING VALUES FOR BOHR RADIUS AND HARTREE
FROM IUPAC WEBSITE, APRIL 2009
ENTHALPY: -4.4998208932080E+02

 SYMMETRY ALLOWED FORCES (ANALYTICAL) (DIRECTION, FORCE)

    1 -4.5341780E-04    2  6.2888829E-04
 TTTTTTTTTTTTTTTTTTTTTTTTTTTTTT TOTGRA_C    TELAPSE      915.92 TCPU      856.60
 INFORMATION **** optc004 **** GEOMETRY OUTPUT FILE
 INFORMATION **** EXCBUF **** EXCH. BIPO BUFFER: WORDS USED =      313479

 DFT PARAMETERS

     ATOM       ELECTRONS   NET CHARGE   R(ANGSTROM)
   1   6  C       6.0000      0.0000     0.77000000
   3   8  O       8.0000      0.0000     0.74000000
   5   7  N       7.0000      0.0000     0.74000000
   9   1  H       1.0000      0.0000     1.11000000

 SIZE OF GRID=      52659
 TTTTTTTTTTTTTTTTTTTTTTTTTTTTTT MAKE_GRID2  TELAPSE      918.49 TCPU      859.02
 BECKE WEIGHT FUNCTION
 RADSAFE =     2.00
 TOLERANCES - DENSITY:10**- 6; POTENTIAL:10**- 9; GRID WGT:10**-14

 RADIAL INTEGRATION  - INTERVALS (POINTS,UPPER LIMIT):            1( 75,  4.0*R)

 ANGULAR INTEGRATION - INTERVALS (ACCURACY LEVEL [N. POINTS] UPPER LIMIT):
  1(  4[  86]   0.2)  2(  8[ 194]   0.5)  3( 12[ 350]   0.9)  4( 16[ 974]   3.5)
  5( 12[ 350]9999.0)

 *******************************************************************************
 UREA BULK BASE 6-21 + POLARIZATION                                              
 CRYSTAL - SCF - TYPE OF CALCULATION :  RESTRICTED CLOSED SHELL
 *******************************************************************************

 CAPPA:IS1  2;IS2  2;IS3  2; K PTS MONK NET   6; SYMMOPS:K SPACE  16;G SPACE   8

 TTTTTTTTTTTTTTTTTTTTTTTTTTTTTT SDIK        TELAPSE      918.53 TCPU      859.06

 INFORMATION FROM INTEGRAL EVALUATION

 RESTART FROM A PREVIOUS DENSITY MATRIX - DEP ACTIVE
 NUMBER OF COUPLE SETS (NEW, OLD, FOUND):     361     361     361
 NUMBER OF IRREDUCIBLE G VECTORS        :    1564    1564    1564
 CHARGE NORMALIZATION FACTOR   0.99998062
 TOTAL ATOMIC CHARGES:
   5.0827115   5.0827115   8.6087662   8.6087662   7.5904047   7.5904047
   7.5904047   7.5904047   0.7824651   0.7824651   0.7824651   0.7824651
   0.7813913   0.7813913   0.7813913   0.7813913
 TTTTTTTTTTTTTTTTTTTTTTTTTTTTTT MOQGAD      TELAPSE      918.56 TCPU      859.08
 TTTTTTTTTTTTTTTTTTTTTTTTTTTTTT SHELLXN     TELAPSE      924.71 TCPU      865.06
 TTTTTTTTTTTTTTTTTTTTTTTTTTTTTT MONMO3      TELAPSE      924.91 TCPU      865.25
 NUMERICALLY INTEGRATED DENSITY     64.0004654204
 TTTTTTTTTTTTTTTTTTTTTTTTTTTTTT NUMDFT      TELAPSE      926.82 TCPU      867.11
 CYC   0 ETOT(AU) -4.499754887550E+02 DETOT -4.50E+02 tst  3.52E-11 PX  1.00E+00
 TTTTTTTTTTTTTTTTTTTTTTTTTTTTTT DIIS        TELAPSE      926.83 TCPU      867.12
 TTTTTTTTTTTTTTTTTTTTTTTTTTTTTT FDIK        TELAPSE      926.84 TCPU      867.13
 INSULATING STATE
 TOP OF VALENCE BANDS -    BAND     32; K    1; EIG -2.2909813E-01 AU
 BOTTOM OF VIRTUAL BANDS - BAND     33; K    1; EIG  6.2328591E-02 AU
 DIRECT ENERGY BAND GAP:   7.9301 eV
 TTTTTTTTTTTTTTTTTTTTTTTTTTTTTT PDIG        TELAPSE      926.85 TCPU      867.14
 CHARGE NORMALIZATION FACTOR   1.00000000
 TOTAL ATOMIC CHARGES:
   5.0815957   5.0815957   8.6098111   8.6098111   7.5899195   7.5899195
   7.5899195   7.5899195   0.7827771   0.7827771   0.7827771   0.7827771
   0.7815999   0.7815999   0.7815999   0.7815999
 TTTTTTTTTTTTTTTTTTTTTTTTTTTTTT MOQGAD      TELAPSE      926.87 TCPU      867.16
 TTTTTTTTTTTTTTTTTTTTTTTTTTTTTT SHELLXN     TELAPSE      933.76 TCPU      873.68
 TTTTTTTTTTTTTTTTTTTTTTTTTTTTTT MONMO3      TELAPSE      934.28 TCPU      874.07
 NUMERICALLY INTEGRATED DENSITY     64.0004653942
 TTTTTTTTTTTTTTTTTTTTTTTTTTTTTT NUMDFT      TELAPSE      937.82 TCPU      877.44
 CYC   1 ETOT(AU) -4.499791750222E+02 DETOT -3.69E-03 tst  0.00E+00 PX  5.28E-04
 TTTTTTTTTTTTTTTTTTTTTTTTTTTTTT DIIS        TELAPSE      937.82 TCPU      877.44
 DIIS TEST: 0.37981E-05 AT SCF   CYCLE   1 - MIX   30 %
 TTTTTTTTTTTTTTTTTTTTTTTTTTTTTT FDIK        TELAPSE      937.83 TCPU      877.45
 INSULATING STATE
 TOP OF VALENCE BANDS -    BAND     32; K    1; EIG -2.2915403E-01 AU
 BOTTOM OF VIRTUAL BANDS - BAND     33; K    1; EIG  6.2376807E-02 AU
 DIRECT ENERGY BAND GAP:   7.9330 eV
 TTTTTTTTTTTTTTTTTTTTTTTTTTTTTT PDIG        TELAPSE      937.84 TCPU      877.46
 CHARGE NORMALIZATION FACTOR   1.00000000
 TOTAL ATOMIC CHARGES:
   5.0824850   5.0824850   8.6083174   8.6083174   7.5902473   7.5902473
   7.5902473   7.5902473   0.7827759   0.7827759   0.7827759   0.7827759
   0.7815756   0.7815756   0.7815756   0.7815756
 TTTTTTTTTTTTTTTTTTTTTTTTTTTTTT MOQGAD      TELAPSE      937.86 TCPU      877.48
 TTTTTTTTTTTTTTTTTTTTTTTTTTTTTT SHELLXN     TELAPSE      948.42 TCPU      887.61
 TTTTTTTTTTTTTTTTTTTTTTTTTTTTTT MONMO3      TELAPSE      948.68 TCPU      887.85
 NUMERICALLY INTEGRATED DENSITY     64.0004654216
 TTTTTTTTTTTTTTTTTTTTTTTTTTTTTT NUMDFT      TELAPSE      951.77 TCPU      890.74
 CYC   2 ETOT(AU) -4.499791748326E+02 DETOT  1.90E-07 tst  3.89E-08 PX  3.07E-04
 TTTTTTTTTTTTTTTTTTTTTTTTTTTTTT DIIS        TELAPSE      951.77 TCPU      890.75
 DIIS TEST: 0.33875E-05 AT SCF   CYCLE   2 - DIIS ACTIVE - HISTORY:     2 CYCLES
 TTTTTTTTTTTTTTTTTTTTTTTTTTTTTT FDIK        TELAPSE      951.78 TCPU      890.76
 INSULATING STATE
 TOP OF VALENCE BANDS -    BAND     32; K    1; EIG -2.2910916E-01 AU
 BOTTOM OF VIRTUAL BANDS - BAND     33; K    1; EIG  6.2367584E-02 AU
 DIRECT ENERGY BAND GAP:   7.9315 eV
 TTTTTTTTTTTTTTTTTTTTTTTTTTTTTT PDIG        TELAPSE      951.79 TCPU      890.77
 CHARGE NORMALIZATION FACTOR   1.00000000
 TOTAL ATOMIC CHARGES:
   5.0821300   5.0821300   8.6090790   8.6090790   7.5900196   7.5900196
   7.5900196   7.5900196   0.7827978   0.7827978   0.7827978   0.7827978
   0.7815781   0.7815781   0.7815781   0.7815781
 TTTTTTTTTTTTTTTTTTTTTTTTTTTTTT MOQGAD      TELAPSE      951.82 TCPU      890.79
 TTTTTTTTTTTTTTTTTTTTTTTTTTTTTT SHELLXN     TELAPSE      958.36 TCPU      897.05
 TTTTTTTTTTTTTTTTTTTTTTTTTTTTTT MONMO3      TELAPSE      958.57 TCPU      897.26
 NUMERICALLY INTEGRATED DENSITY     64.0004654045
 TTTTTTTTTTTTTTTTTTTTTTTTTTTTTT NUMDFT      TELAPSE      960.75 TCPU      899.36
 CYC   3 ETOT(AU) -4.499791754664E+02 DETOT -6.34E-07 tst  6.54E-09 PX  1.74E-04
 TTTTTTTTTTTTTTTTTTTTTTTTTTTTTT DIIS        TELAPSE      960.76 TCPU      899.37
 DIIS TEST: 0.63429E-07 AT SCF   CYCLE   3 - DIIS ACTIVE - HISTORY:     3 CYCLES
 TTTTTTTTTTTTTTTTTTTTTTTTTTTTTT FDIK        TELAPSE      960.77 TCPU      899.38
 INSULATING STATE
 TOP OF VALENCE BANDS -    BAND     32; K    1; EIG -2.2912323E-01 AU
 BOTTOM OF VIRTUAL BANDS - BAND     33; K    1; EIG  6.2364214E-02 AU
 DIRECT ENERGY BAND GAP:   7.9318 eV
 TTTTTTTTTTTTTTTTTTTTTTTTTTTTTT PDIG        TELAPSE      960.78 TCPU      899.39
 CHARGE NORMALIZATION FACTOR   1.00000000
 TOTAL ATOMIC CHARGES:
   5.0820382   5.0820382   8.6090380   8.6090380   7.5901019   7.5901019
   7.5901019   7.5901019   0.7827853   0.7827853   0.7827853   0.7827853
   0.7815747   0.7815747   0.7815747   0.7815747
 TTTTTTTTTTTTTTTTTTTTTTTTTTTTTT MOQGAD      TELAPSE      960.80 TCPU      899.41
 TTTTTTTTTTTTTTTTTTTTTTTTTTTTTT SHELLXN     TELAPSE      968.52 TCPU      906.71
 TTTTTTTTTTTTTTTTTTTTTTTTTTTTTT MONMO3      TELAPSE      968.71 TCPU      906.90
 NUMERICALLY INTEGRATED DENSITY     64.0004654026
 TTTTTTTTTTTTTTTTTTTTTTTTTTTTTT NUMDFT      TELAPSE      971.92 TCPU      909.76
 CYC   4 ETOT(AU) -4.499791754838E+02 DETOT -1.74E-08 tst  1.67E-10 PX  1.85E-05
 TTTTTTTTTTTTTTTTTTTTTTTTTTTTTT DIIS        TELAPSE      971.92 TCPU      909.77
 DIIS TEST: 0.83492E-08 AT SCF   CYCLE   4 - DIIS ACTIVE - HISTORY:     4 CYCLES
 TTTTTTTTTTTTTTTTTTTTTTTTTTTTTT FDIK        TELAPSE      971.93 TCPU      909.78
 INSULATING STATE
 TOP OF VALENCE BANDS -    BAND     32; K    1; EIG -2.2911962E-01 AU
 BOTTOM OF VIRTUAL BANDS - BAND     33; K    1; EIG  6.2364632E-02 AU
 DIRECT ENERGY BAND GAP:   7.9317 eV
 TTTTTTTTTTTTTTTTTTTTTTTTTTTTTT PDIG        TELAPSE      971.94 TCPU      909.79
 CHARGE NORMALIZATION FACTOR   1.00000000
 TOTAL ATOMIC CHARGES:
   5.0820775   5.0820775   8.6090415   8.6090415   7.5900738   7.5900738
   7.5900738   7.5900738   0.7827890   0.7827890   0.7827890   0.7827890
   0.7815776   0.7815776   0.7815776   0.7815776
 TTTTTTTTTTTTTTTTTTTTTTTTTTTTTT MOQGAD      TELAPSE      971.96 TCPU      909.81
 TTTTTTTTTTTTTTTTTTTTTTTTTTTTTT SHELLXN     TELAPSE      979.24 TCPU      916.77
 +++ ENERGIES IN A.U. +++
 ::: EXT EL-POLE                                  -6.0137091428864E+02
 ::: EXT EL-SPHEROPOLE                             7.3731067821681E+00
 ::: BIELET ZONE E-E                               7.3427135830898E+02
 ::: TOTAL E-E                                     1.4027355080251E+02
 ::: TOTAL E-N + N-E                              -9.1110773733886E+02
 ::: TOTAL N-N                                    -7.9130035288478E+01
 ::: KINETIC ENERGY                                4.4731815277582E+02
 ::: PSEUDO TOTAL   ENERGY                        -4.0264606904900E+02
 ::: VIRIAL COEFFICIENT                            1.0525576048730E+00
 TTTTTTTTTTTTTTTTTTTTTTTTTTTTTT MONMO3      TELAPSE      979.45 TCPU      916.97
 NUMERICALLY INTEGRATED DENSITY     64.0004654035
 TTTTTTTTTTTTTTTTTTTTTTTTTTTTTT NUMDFT      TELAPSE      981.65 TCPU      919.16
 CYC   5 ETOT(AU) -4.499791754789E+02 DETOT  4.93E-09 tst  2.39E-11 PX  1.85E-05

 == SCF ENDED - CONVERGENCE ON ENERGY      E(AU) -4.4997917547887E+02 CYCLES   5


 ENERGY EXPRESSION=HARTREE+FOCK EXCH*0.20000+(BECKE      EXCH)*0.80000+LYP        CORR


 TOTAL ENERGY(DFT)(AU)(  5) -4.4997917547887E+02 DE 4.9E-09 tester 2.4E-11
 TTTTTTTTTTTTTTTTTTTTTTTTTTTTTT EDFT        TELAPSE      981.65 TCPU      919.16

 *******************************************************************************
 *                             FORCE CALCULATION                               *
 *******************************************************************************

 TTTTTTTTTTTTTTTTTTTTTTTTTTTTTT NUMDFG      TELAPSE     1069.27 TCPU      993.16
 INFORMATION **** EXCPOG **** EXCH. BIPO BUFFER LENGTH (WORDS) =     1253916
 INFORMATION **** GENPOG **** BIPO BUFFER LENGTH (WORDS) =      288800
 TTTTTTTTTTTTTTTTTTTTTTTTTTTTTT SHELXG      TELAPSE     1157.79 TCPU     1066.24

 CARTESIAN FORCES IN HARTREE/BOHR (ANALYTICAL)
   ATOM                     X                   Y                   Z
   1   6            -4.163336342344E-16  1.290634266127E-15  2.481279607869E-04
   2   6            -4.163336342344E-16 -1.193489751472E-15 -2.481279607821E-04
   3   8            -5.412337245048E-16  9.159339953158E-16 -4.603658420770E-04
   4   8             3.330669073875E-16 -4.996003610813E-16  4.603658420734E-04
   5   7            -3.236119344407E-05 -3.236119344141E-05  1.006338632124E-04
   6   7             3.236119344541E-05  3.236119344097E-05  1.006338632124E-04
   7   7            -3.236119344097E-05  3.236119343963E-05 -1.006338632110E-04
   8   7             3.236119344363E-05 -3.236119343963E-05 -1.006338632115E-04
   9   1            -8.358382591733E-05 -8.358382591855E-05 -3.363334771708E-04
  10   1             8.358382591755E-05  8.358382591822E-05 -3.363334771709E-04
  11   1            -8.358382591744E-05  8.358382591733E-05  3.363334771707E-04
  12   1             8.358382591633E-05 -8.358382591700E-05  3.363334771702E-04
  13   1             7.467080823242E-05  7.467080823259E-05  3.416860498029E-05
  14   1            -7.467080823303E-05 -7.467080823237E-05  3.416860498029E-05
  15   1             7.467080823476E-05 -7.467080823148E-05 -3.416860498029E-05
  16   1            -7.467080823309E-05  7.467080823237E-05 -3.416860498029E-05

 RESULTANT FORCE     3.122502256758E-15  1.179611963664E-15  2.664535259100E-15

 ATOMIC PART

 SYMMETRY ALLOWED FORCES (ANALYTICAL) (DIRECTION, FORCE)

    1  3.4512973E-04    2 -6.4033872E-04    3 -9.0396202E-05    4  1.9795470E-04
    5 -2.3347904E-04    6 -6.6159432E-04    7  2.0858185E-04    8  6.7212325E-05

 CELL PART

 GRADIENT WITH RESPECT TO THE CELL PARAMETER IN HARTREE/BOHR
ORDER: -D/DA1X, -D/DA1Y, -D/DA1Z
       -D/DA2X, -D/DA2Y, -D/DA2Z
       -D/DA3X, -D/DA3Y, -D/DA3Z
  0.211114728339E-04 -0.275818569757E-15 -0.134630180002E-15
 -0.148578819557E-14  0.211114728348E-04  0.907668974012E-15
  0.805488952130E-15  0.144954607484E-15 -0.160836217287E-03

STRESS TENSOR, IN HARTREE/BOHR^3:
ORDER: 11 12 13
       21 22 23
       31 32 33
 -0.233488987886E-06  0.164325428512E-16 -0.746741324884E-17
  0.305050240688E-17 -0.233488987895E-06 -0.134382470864E-17
  0.148898490952E-17 -0.100386511043E-16  0.149105769444E-05

PRESSURE FROM THE STRESS TENSOR,
IN HARTREE/BOHR^3: -0.34136E-06
PRESSURE IN GIGAPASCAL: -0.1004E-01
CONVERSION FACTOR: 1 HARTREE/BOHR^3= 29421 GIGAPASCAL
WHEN USING VALUES FOR BOHR RADIUS AND HARTREE
FROM IUPAC WEBSITE, APRIL 2009
ENTHALPY: -4.4997949603888E+02

 SYMMETRY ALLOWED FORCES (ANALYTICAL) (DIRECTION, FORCE)

    1 -4.9751720E-05    2  1.3152883E-04
 TTTTTTTTTTTTTTTTTTTTTTTTTTTTTT TOTGRA_C    TELAPSE     1170.08 TCPU     1075.06
 INFORMATION **** optc005 **** GEOMETRY OUTPUT FILE
 INFORMATION **** EXCBUF **** EXCH. BIPO BUFFER: WORDS USED =      313479

 DFT PARAMETERS

     ATOM       ELECTRONS   NET CHARGE   R(ANGSTROM)
   1   6  C       6.0000      0.0000     0.77000000
   3   8  O       8.0000      0.0000     0.74000000
   5   7  N       7.0000      0.0000     0.74000000
   9   1  H       1.0000      0.0000     1.11000000

 SIZE OF GRID=      52659
 TTTTTTTTTTTTTTTTTTTTTTTTTTTTTT MAKE_GRID2  TELAPSE     1172.71 TCPU     1077.51
 BECKE WEIGHT FUNCTION
 RADSAFE =     2.00
 TOLERANCES - DENSITY:10**- 6; POTENTIAL:10**- 9; GRID WGT:10**-14

 RADIAL INTEGRATION  - INTERVALS (POINTS,UPPER LIMIT):            1( 75,  4.0*R)

 ANGULAR INTEGRATION - INTERVALS (ACCURACY LEVEL [N. POINTS] UPPER LIMIT):
  1(  4[  86]   0.2)  2(  8[ 194]   0.5)  3( 12[ 350]   0.9)  4( 16[ 974]   3.5)
  5( 12[ 350]9999.0)

 *******************************************************************************
 UREA BULK BASE 6-21 + POLARIZATION                                              
 CRYSTAL - SCF - TYPE OF CALCULATION :  RESTRICTED CLOSED SHELL
 *******************************************************************************

 CAPPA:IS1  2;IS2  2;IS3  2; K PTS MONK NET   6; SYMMOPS:K SPACE  16;G SPACE   8

 TTTTTTTTTTTTTTTTTTTTTTTTTTTTTT SDIK        TELAPSE     1172.78 TCPU     1077.58

 INFORMATION FROM INTEGRAL EVALUATION

 RESTART FROM A PREVIOUS DENSITY MATRIX - DEP ACTIVE
 NUMBER OF COUPLE SETS (NEW, OLD, FOUND):     361     361     361
 NUMBER OF IRREDUCIBLE G VECTORS        :    1564    1564    1564
 CHARGE NORMALIZATION FACTOR   0.99998754
 TOTAL ATOMIC CHARGES:
   5.0822793   5.0822793   8.6088130   8.6088130   7.5901897   7.5901897
   7.5901897   7.5901897   0.7826531   0.7826531   0.7826531   0.7826531
   0.7816110   0.7816110   0.7816110   0.7816110
 TTTTTTTTTTTTTTTTTTTTTTTTTTTTTT MOQGAD      TELAPSE     1172.83 TCPU     1077.63
 TTTTTTTTTTTTTTTTTTTTTTTTTTTTTT SHELLXN     TELAPSE     1181.38 TCPU     1085.60
 TTTTTTTTTTTTTTTTTTTTTTTTTTTTTT MONMO3      TELAPSE     1181.57 TCPU     1085.79
 NUMERICALLY INTEGRATED DENSITY     64.0004533741
 TTTTTTTTTTTTTTTTTTTTTTTTTTTTTT NUMDFT      TELAPSE     1184.21 TCPU     1088.16
 CYC   0 ETOT(AU) -4.499768366647E+02 DETOT -4.50E+02 tst  2.39E-11 PX  1.00E+00
 TTTTTTTTTTTTTTTTTTTTTTTTTTTTTT DIIS        TELAPSE     1184.21 TCPU     1088.16
 TTTTTTTTTTTTTTTTTTTTTTTTTTTTTT FDIK        TELAPSE     1184.23 TCPU     1088.18
 INSULATING STATE
 TOP OF VALENCE BANDS -    BAND     32; K    1; EIG -2.2912483E-01 AU
 BOTTOM OF VIRTUAL BANDS - BAND     33; K    1; EIG  6.2356000E-02 AU
 DIRECT ENERGY BAND GAP:   7.9316 eV
 TTTTTTTTTTTTTTTTTTTTTTTTTTTTTT PDIG        TELAPSE     1184.24 TCPU     1088.19
 CHARGE NORMALIZATION FACTOR   1.00000000
 TOTAL ATOMIC CHARGES:
   5.0813458   5.0813458   8.6094260   8.6094260   7.5898297   7.5898297
   7.5898297   7.5898297   0.7831219   0.7831219   0.7831219   0.7831219
   0.7816626   0.7816626   0.7816626   0.7816626
 TTTTTTTTTTTTTTTTTTTTTTTTTTTTTT MOQGAD      TELAPSE     1184.26 TCPU     1088.20
 TTTTTTTTTTTTTTTTTTTTTTTTTTTTTT SHELLXN     TELAPSE     1190.71 TCPU     1094.44
 TTTTTTTTTTTTTTTTTTTTTTTTTTTTTT MONMO3      TELAPSE     1190.90 TCPU     1094.63
 NUMERICALLY INTEGRATED DENSITY     64.0004533641
 TTTTTTTTTTTTTTTTTTTTTTTTTTTTTT NUMDFT      TELAPSE     1192.81 TCPU     1096.49
 CYC   1 ETOT(AU) -4.499791801886E+02 DETOT -2.34E-03 tst  0.00E+00 PX  5.15E-04
 TTTTTTTTTTTTTTTTTTTTTTTTTTTTTT DIIS        TELAPSE     1192.82 TCPU     1096.49
 DIIS TEST: 0.20355E-05 AT SCF   CYCLE   1 - MIX   30 %
 TTTTTTTTTTTTTTTTTTTTTTTTTTTTTT FDIK        TELAPSE     1192.83 TCPU     1096.50
 INSULATING STATE
 TOP OF VALENCE BANDS -    BAND     32; K    1; EIG -2.2917011E-01 AU
 BOTTOM OF VIRTUAL BANDS - BAND     33; K    1; EIG  6.2385796E-02 AU
 DIRECT ENERGY BAND GAP:   7.9336 eV
 TTTTTTTTTTTTTTTTTTTTTTTTTTTTTT PDIG        TELAPSE     1192.84 TCPU     1096.51
 CHARGE NORMALIZATION FACTOR   1.00000000
 TOTAL ATOMIC CHARGES:
   5.0821126   5.0821126   8.6084387   8.6084387   7.5899995   7.5899995
   7.5899995   7.5899995   0.7830940   0.7830940   0.7830940   0.7830940
   0.7816309   0.7816309   0.7816309   0.7816309
 TTTTTTTTTTTTTTTTTTTTTTTTTTTTTT MOQGAD      TELAPSE     1192.85 TCPU     1096.53
 TTTTTTTTTTTTTTTTTTTTTTTTTTTTTT SHELLXN     TELAPSE     1204.60 TCPU     1105.70
 TTTTTTTTTTTTTTTTTTTTTTTTTTTTTT MONMO3      TELAPSE     1204.79 TCPU     1105.89
 NUMERICALLY INTEGRATED DENSITY     64.0004533706
 TTTTTTTTTTTTTTTTTTTTTTTTTTTTTT NUMDFT      TELAPSE     1206.62 TCPU     1107.72
 CYC   2 ETOT(AU) -4.499791801364E+02 DETOT  5.22E-08 tst  1.75E-08 PX  1.93E-04
 TTTTTTTTTTTTTTTTTTTTTTTTTTTTTT DIIS        TELAPSE     1206.63 TCPU     1107.73
 DIIS TEST: 0.15514E-05 AT SCF   CYCLE   2 - DIIS ACTIVE - HISTORY:     2 CYCLES
 TTTTTTTTTTTTTTTTTTTTTTTTTTTTTT FDIK        TELAPSE     1206.64 TCPU     1107.74
 INSULATING STATE
 TOP OF VALENCE BANDS -    BAND     32; K    1; EIG -2.2914229E-01 AU
 BOTTOM OF VIRTUAL BANDS - BAND     33; K    1; EIG  6.2378908E-02 AU
 DIRECT ENERGY BAND GAP:   7.9327 eV
 TTTTTTTTTTTTTTTTTTTTTTTTTTTTTT PDIG        TELAPSE     1206.65 TCPU     1107.75
 CHARGE NORMALIZATION FACTOR   1.00000000
 TOTAL ATOMIC CHARGES:
   5.0818069   5.0818069   8.6089781   8.6089781   7.5898690   7.5898690
   7.5898690   7.5898690   0.7831040   0.7831040   0.7831040   0.7831040
   0.7816345   0.7816345   0.7816345   0.7816345
 TTTTTTTTTTTTTTTTTTTTTTTTTTTTTT MOQGAD      TELAPSE     1206.67 TCPU     1107.77
 TTTTTTTTTTTTTTTTTTTTTTTTTTTTTT SHELLXN     TELAPSE     1214.93 TCPU     1114.78
 +++ ENERGIES IN A.U. +++
 ::: EXT EL-POLE                                  -6.0115260930738E+02
 ::: EXT EL-SPHEROPOLE                             7.3666110114938E+00
 ::: BIELET ZONE E-E                               7.3414134980691E+02
 ::: TOTAL E-E                                     1.4035535151102E+02
 ::: TOTAL E-N + N-E                              -9.1128971245116E+02
 ::: TOTAL N-N                                    -7.9033865985630E+01
 ::: KINETIC ENERGY                                4.4732313835635E+02
 ::: PSEUDO TOTAL   ENERGY                        -4.0264508856942E+02
 ::: VIRIAL COEFFICIENT                            1.0525643763750E+00
 TTTTTTTTTTTTTTTTTTTTTTTTTTTTTT MONMO3      TELAPSE     1215.12 TCPU     1114.97
 NUMERICALLY INTEGRATED DENSITY     64.0004533571
 TTTTTTTTTTTTTTTTTTTTTTTTTTTTTT NUMDFT      TELAPSE     1219.12 TCPU     1118.28
 CYC   3 ETOT(AU) -4.499791804773E+02 DETOT -3.41E-07 tst  2.65E-09 PX  1.93E-04

 == SCF ENDED - CONVERGENCE ON ENERGY      E(AU) -4.4997918047733E+02 CYCLES   3


 ENERGY EXPRESSION=HARTREE+FOCK EXCH*0.20000+(BECKE      EXCH)*0.80000+LYP        CORR


 TOTAL ENERGY(DFT)(AU)(  3) -4.4997918047733E+02 DE-3.4E-07 tester 2.7E-09
 TTTTTTTTTTTTTTTTTTTTTTTTTTTTTT EDFT        TELAPSE     1219.12 TCPU     1118.28

 *******************************************************************************
 *                             FORCE CALCULATION                               *
 *******************************************************************************

 TTTTTTTTTTTTTTTTTTTTTTTTTTTTTT NUMDFG      TELAPSE     1288.91 TCPU     1181.07
 INFORMATION **** EXCPOG **** EXCH. BIPO BUFFER LENGTH (WORDS) =     1253916
 INFORMATION **** GENPOG **** BIPO BUFFER LENGTH (WORDS) =      288800
 TTTTTTTTTTTTTTTTTTTTTTTTTTTTTT SHELXG      TELAPSE     1354.65 TCPU     1241.12

 CARTESIAN FORCES IN HARTREE/BOHR (ANALYTICAL)
   ATOM                     X                   Y                   Z
   1   6             9.436895709314E-16  1.831867990632E-15  2.850047706970E-05
   2   6            -3.885780586188E-15  2.470246229791E-15 -2.850047706904E-05
   3   8             4.024558464266E-16  9.992007221626E-16 -2.472773224405E-05
   4   8             2.775557561563E-16 -1.387778780781E-15  2.472773223516E-05
   5   7            -1.641821794784E-05 -1.641821794518E-05 -4.911987692902E-05
   6   7             1.641821794740E-05  1.641821794474E-05 -4.911987692946E-05
   7   7            -1.641821794029E-05  1.641821793719E-05  4.911987693479E-05
   8   7             1.641821794296E-05 -1.641821794163E-05  4.911987693346E-05
   9   1             5.988703604509E-05  5.988703604332E-05 -4.826247631096E-05
  10   1            -5.988703604487E-05 -5.988703604287E-05 -4.826247631118E-05
  11   1             5.988703604398E-05 -5.988703604465E-05  4.826247631118E-05
  12   1            -5.988703604465E-05  5.988703604443E-05  4.826247631062E-05
  13   1             5.576801443974E-07  5.576801440643E-07 -1.261308213509E-04
  14   1            -5.576801450080E-07 -5.576801435092E-07 -1.261308213498E-04
  15   1             5.576801462293E-07 -5.576801434537E-07  1.261308213505E-04
  16   1            -5.576801443419E-07  5.576801445084E-07  1.261308213505E-04

 RESULTANT FORCE     7.910339050454E-16  8.604228440845E-16  1.443289932013E-15

 ATOMIC PART

 SYMMETRY ALLOWED FORCES (ANALYTICAL) (DIRECTION, FORCE)

    1  3.9635087E-05    2 -3.4388401E-05    3 -4.5885189E-05    4 -9.6605078E-05
    5  1.6737066E-04    6 -9.4918811E-05    7  1.5585893E-06    8 -2.4806410E-04

 CELL PART

 GRADIENT WITH RESPECT TO THE CELL PARAMETER IN HARTREE/BOHR
ORDER: -D/DA1X, -D/DA1Y, -D/DA1Z
       -D/DA2X, -D/DA2Y, -D/DA2Z
       -D/DA3X, -D/DA3Y, -D/DA3Z
  0.685967204692E-04  0.157029385702E-15  0.723901980994E-15
  0.119689411327E-14  0.685967204674E-04 -0.873874902021E-15
  0.462653309608E-15  0.147341055608E-15  0.362447382081E-03

STRESS TENSOR, IN HARTREE/BOHR^3:
ORDER: 11 12 13
       21 22 23
       31 32 33
 -0.758419256468E-06 -0.132331041083E-16 -0.428474087381E-17
 -0.173614874200E-17 -0.758419256448E-06 -0.136456009337E-17
 -0.800360714661E-17  0.966173818374E-17 -0.335671026308E-05

PRESSURE FROM THE STRESS TENSOR,
IN HARTREE/BOHR^3:  0.16245E-05
PRESSURE IN GIGAPASCAL:  0.4779E-01
CONVERSION FACTOR: 1 HARTREE/BOHR^3= 29421 GIGAPASCAL
WHEN USING VALUES FOR BOHR RADIUS AND HARTREE
FROM IUPAC WEBSITE, APRIL 2009
ENTHALPY: -4.4997765367216E+02

 SYMMETRY ALLOWED FORCES (ANALYTICAL) (DIRECTION, FORCE)

    1  2.3696400E-04    2 -1.9833371E-04
 TTTTTTTTTTTTTTTTTTTTTTTTTTTTTT TOTGRA_C    TELAPSE     1359.90 TCPU     1246.37
 INFORMATION **** optc006 **** GEOMETRY OUTPUT FILE
 INFORMATION **** EXCBUF **** EXCH. BIPO BUFFER: WORDS USED =      313479

 DFT PARAMETERS

     ATOM       ELECTRONS   NET CHARGE   R(ANGSTROM)
   1   6  C       6.0000      0.0000     0.77000000
   3   8  O       8.0000      0.0000     0.74000000
   5   7  N       7.0000      0.0000     0.74000000
   9   1  H       1.0000      0.0000     1.11000000

 SIZE OF GRID=      52659
 TTTTTTTTTTTTTTTTTTTTTTTTTTTTTT MAKE_GRID2  TELAPSE     1362.24 TCPU     1248.69
 BECKE WEIGHT FUNCTION
 RADSAFE =     2.00
 TOLERANCES - DENSITY:10**- 6; POTENTIAL:10**- 9; GRID WGT:10**-14

 RADIAL INTEGRATION  - INTERVALS (POINTS,UPPER LIMIT):            1( 75,  4.0*R)

 ANGULAR INTEGRATION - INTERVALS (ACCURACY LEVEL [N. POINTS] UPPER LIMIT):
  1(  4[  86]   0.2)  2(  8[ 194]   0.5)  3( 12[ 350]   0.9)  4( 16[ 974]   3.5)
  5( 12[ 350]9999.0)

 *******************************************************************************
 UREA BULK BASE 6-21 + POLARIZATION                                              
 CRYSTAL - SCF - TYPE OF CALCULATION :  RESTRICTED CLOSED SHELL
 *******************************************************************************

 CAPPA:IS1  2;IS2  2;IS3  2; K PTS MONK NET   6; SYMMOPS:K SPACE  16;G SPACE   8

 TTTTTTTTTTTTTTTTTTTTTTTTTTTTTT SDIK        TELAPSE     1362.28 TCPU     1248.73

 INFORMATION FROM INTEGRAL EVALUATION

 RESTART FROM A PREVIOUS DENSITY MATRIX - DEP ACTIVE
 NUMBER OF COUPLE SETS (NEW, OLD, FOUND):     361     361     361
 NUMBER OF IRREDUCIBLE G VECTORS        :    1564    1564    1564
 CHARGE NORMALIZATION FACTOR   1.00000678
 TOTAL ATOMIC CHARGES:
   5.0818168   5.0818168   8.6089508   8.6089508   7.5899568   7.5899568
   7.5899568   7.5899568   0.7829958   0.7829958   0.7829958   0.7829958
   0.7816636   0.7816636   0.7816636   0.7816636
 TTTTTTTTTTTTTTTTTTTTTTTTTTTTTT MOQGAD      TELAPSE     1362.30 TCPU     1248.75
 TTTTTTTTTTTTTTTTTTTTTTTTTTTTTT SHELLXN     TELAPSE     1370.60 TCPU     1256.57
 TTTTTTTTTTTTTTTTTTTTTTTTTTTTTT MONMO3      TELAPSE     1370.95 TCPU     1256.91
 NUMERICALLY INTEGRATED DENSITY     64.0004461928
 TTTTTTTTTTTTTTTTTTTTTTTTTTTTTT NUMDFT      TELAPSE     1374.42 TCPU     1260.10
 CYC   0 ETOT(AU) -4.499806213089E+02 DETOT -4.50E+02 tst  2.65E-09 PX  1.00E+00
 TTTTTTTTTTTTTTTTTTTTTTTTTTTTTT DIIS        TELAPSE     1374.42 TCPU     1260.11
 TTTTTTTTTTTTTTTTTTTTTTTTTTTTTT FDIK        TELAPSE     1374.46 TCPU     1260.14
 INSULATING STATE
 TOP OF VALENCE BANDS -    BAND     32; K    1; EIG -2.2911646E-01 AU
 BOTTOM OF VIRTUAL BANDS - BAND     33; K    1; EIG  6.2341287E-02 AU
 DIRECT ENERGY BAND GAP:   7.9310 eV
 TTTTTTTTTTTTTTTTTTTTTTTTTTTTTT PDIG        TELAPSE     1374.47 TCPU     1260.15
 CHARGE NORMALIZATION FACTOR   1.00000000
 TOTAL ATOMIC CHARGES:
   5.0816767   5.0816767   8.6087905   8.6087905   7.5898513   7.5898513
   7.5898513   7.5898513   0.7832814   0.7832814   0.7832814   0.7832814
   0.7816337   0.7816337   0.7816337   0.7816337
 TTTTTTTTTTTTTTTTTTTTTTTTTTTTTT MOQGAD      TELAPSE     1374.49 TCPU     1260.17
 TTTTTTTTTTTTTTTTTTTTTTTTTTTTTT SHELLXN     TELAPSE     1381.35 TCPU     1266.82
 TTTTTTTTTTTTTTTTTTTTTTTTTTTTTT MONMO3      TELAPSE     1381.55 TCPU     1267.01
 NUMERICALLY INTEGRATED DENSITY     64.0004462361
 TTTTTTTTTTTTTTTTTTTTTTTTTTTTTT NUMDFT      TELAPSE     1383.45 TCPU     1268.91
 CYC   1 ETOT(AU) -4.499791823119E+02 DETOT  1.44E-03 tst  0.00E+00 PX  2.70E-04
 TTTTTTTTTTTTTTTTTTTTTTTTTTTTTT DIIS        TELAPSE     1383.45 TCPU     1268.91
 DIIS TEST: 0.23070E-06 AT SCF   CYCLE   1 - MIX   30 %
 TTTTTTTTTTTTTTTTTTTTTTTTTTTTTT FDIK        TELAPSE     1383.46 TCPU     1268.92
 INSULATING STATE
 TOP OF VALENCE BANDS -    BAND     32; K    1; EIG -2.2914925E-01 AU
 BOTTOM OF VIRTUAL BANDS - BAND     33; K    1; EIG  6.2324511E-02 AU
 DIRECT ENERGY BAND GAP:   7.9314 eV
 TTTTTTTTTTTTTTTTTTTTTTTTTTTTTT PDIG        TELAPSE     1383.47 TCPU     1268.93
 CHARGE NORMALIZATION FACTOR   1.00000000
 TOTAL ATOMIC CHARGES:
   5.0817834   5.0817834   8.6088828   8.6088828   7.5898603   7.5898603
   7.5898603   7.5898603   0.7832291   0.7832291   0.7832291   0.7832291
   0.7815775   0.7815775   0.7815775   0.7815775
 TTTTTTTTTTTTTTTTTTTTTTTTTTTTTT MOQGAD      TELAPSE     1383.49 TCPU     1268.95
 TTTTTTTTTTTTTTTTTTTTTTTTTTTTTT SHELLXN     TELAPSE     1389.37 TCPU     1274.83
 TTTTTTTTTTTTTTTTTTTTTTTTTTTTTT MONMO3      TELAPSE     1389.56 TCPU     1275.02
 NUMERICALLY INTEGRATED DENSITY     64.0004462065
 TTTTTTTTTTTTTTTTTTTTTTTTTTTTTT NUMDFT      TELAPSE     1391.53 TCPU     1276.99
 CYC   2 ETOT(AU) -4.499791824944E+02 DETOT -1.83E-07 tst  6.20E-10 PX  4.32E-05
 TTTTTTTTTTTTTTTTTTTTTTTTTTTTTT DIIS        TELAPSE     1391.54 TCPU     1277.00
 DIIS TEST: 0.39923E-07 AT SCF   CYCLE   2 - DIIS ACTIVE - HISTORY:     2 CYCLES
 TTTTTTTTTTTTTTTTTTTTTTTTTTTTTT FDIK        TELAPSE     1391.55 TCPU     1277.01
 INSULATING STATE
 TOP OF VALENCE BANDS -    BAND     32; K    1; EIG -2.2914971E-01 AU
 BOTTOM OF VIRTUAL BANDS - BAND     33; K    1; EIG  6.2327697E-02 AU
 DIRECT ENERGY BAND GAP:   7.9315 eV
 TTTTTTTTTTTTTTTTTTTTTTTTTTTTTT PDIG        TELAPSE     1391.56 TCPU     1277.02
 CHARGE NORMALIZATION FACTOR   1.00000000
 TOTAL ATOMIC CHARGES:
   5.0817441   5.0817441   8.6087964   8.6087964   7.5899005   7.5899005
   7.5899005   7.5899005   0.7832372   0.7832372   0.7832372   0.7832372
   0.7815920   0.7815920   0.7815920   0.7815920
 TTTTTTTTTTTTTTTTTTTTTTTTTTTTTT MOQGAD      TELAPSE     1391.58 TCPU     1277.04
 TTTTTTTTTTTTTTTTTTTTTTTTTTTTTT SHELLXN     TELAPSE     1397.72 TCPU     1283.18
 TTTTTTTTTTTTTTTTTTTTTTTTTTTTTT MONMO3      TELAPSE     1397.91 TCPU     1283.36
 NUMERICALLY INTEGRATED DENSITY     64.0004462105
 TTTTTTTTTTTTTTTTTTTTTTTTTTTTTT NUMDFT      TELAPSE     1399.81 TCPU     1285.26
 CYC   3 ETOT(AU) -4.499791824955E+02 DETOT -1.07E-09 tst  3.56E-10 PX  2.08E-05
 TTTTTTTTTTTTTTTTTTTTTTTTTTTTTT DIIS        TELAPSE     1399.81 TCPU     1285.27
 DIIS TEST: 0.12420E-07 AT SCF   CYCLE   3 - DIIS ACTIVE - HISTORY:     3 CYCLES
 TTTTTTTTTTTTTTTTTTTTTTTTTTTTTT FDIK        TELAPSE     1399.82 TCPU     1285.28
 INSULATING STATE
 TOP OF VALENCE BANDS -    BAND     32; K    1; EIG -2.2914377E-01 AU
 BOTTOM OF VIRTUAL BANDS - BAND     33; K    1; EIG  6.2328038E-02 AU
 DIRECT ENERGY BAND GAP:   7.9314 eV
 TTTTTTTTTTTTTTTTTTTTTTTTTTTTTT PDIG        TELAPSE     1399.83 TCPU     1285.29
 CHARGE NORMALIZATION FACTOR   1.00000000
 TOTAL ATOMIC CHARGES:
   5.0817444   5.0817444   8.6088389   8.6088389   7.5898699   7.5898699
   7.5898699   7.5898699   0.7832427   0.7832427   0.7832427   0.7832427
   0.7815958   0.7815958   0.7815958   0.7815958
 TTTTTTTTTTTTTTTTTTTTTTTTTTTTTT MOQGAD      TELAPSE     1399.85 TCPU     1285.31
 TTTTTTTTTTTTTTTTTTTTTTTTTTTTTT SHELLXN     TELAPSE     1406.42 TCPU     1291.74
 +++ ENERGIES IN A.U. +++
 ::: EXT EL-POLE                                  -6.0107367493216E+02
 ::: EXT EL-SPHEROPOLE                             7.3637123487670E+00
 ::: BIELET ZONE E-E                               7.3409394061344E+02
 ::: TOTAL E-E                                     1.4038397803005E+02
 ::: TOTAL E-N + N-E                              -9.1135269099768E+02
 ::: TOTAL N-N                                    -7.8997957404137E+01
 ::: KINETIC ENERGY                                4.4732126959865E+02
 ::: PSEUDO TOTAL   ENERGY                        -4.0264540077312E+02
 ::: VIRIAL COEFFICIENT                            1.0525619066992E+00
 TTTTTTTTTTTTTTTTTTTTTTTTTTTTTT MONMO3      TELAPSE     1406.61 TCPU     1291.92
 NUMERICALLY INTEGRATED DENSITY     64.0004462111
 TTTTTTTTTTTTTTTTTTTTTTTTTTTTTT NUMDFT      TELAPSE     1409.67 TCPU     1294.35
 CYC   4 ETOT(AU) -4.499791824976E+02 DETOT -2.05E-09 tst  4.05E-11 PX  2.08E-05

 == SCF ENDED - CONVERGENCE ON ENERGY      E(AU) -4.4997918249756E+02 CYCLES   4


 ENERGY EXPRESSION=HARTREE+FOCK EXCH*0.20000+(BECKE      EXCH)*0.80000+LYP        CORR


 TOTAL ENERGY(DFT)(AU)(  4) -4.4997918249756E+02 DE-2.1E-09 tester 4.1E-11
 TTTTTTTTTTTTTTTTTTTTTTTTTTTTTT EDFT        TELAPSE     1409.67 TCPU     1294.35

 *******************************************************************************
 *                             FORCE CALCULATION                               *
 *******************************************************************************

 TTTTTTTTTTTTTTTTTTTTTTTTTTTTTT NUMDFG      TELAPSE     1479.83 TCPU     1359.66
 INFORMATION **** EXCPOG **** EXCH. BIPO BUFFER LENGTH (WORDS) =     1253916
 INFORMATION **** GENPOG **** BIPO BUFFER LENGTH (WORDS) =      288800
 TTTTTTTTTTTTTTTTTTTTTTTTTTTTTT SHELXG      TELAPSE     1577.25 TCPU     1432.40

 CARTESIAN FORCES IN HARTREE/BOHR (ANALYTICAL)
   ATOM                     X                   Y                   Z
   1   6            -2.831068712794E-15 -2.525757381022E-15  5.458077308929E-05
   2   6            -1.387778780781E-15 -1.193489751472E-15 -5.458077309184E-05
   3   8            -4.996003610813E-16  2.220446049250E-16 -6.032187718752E-05
   4   8            -1.110223024625E-16 -6.106226635438E-16  6.032187718219E-05
   5   7            -3.933530750766E-05 -3.933530750544E-05 -6.242863978656E-05
   6   7             3.933530751166E-05  3.933530750810E-05 -6.242863978123E-05
   7   7            -3.933530750544E-05  3.933530750544E-05  6.242863978656E-05
   8   7             3.933530750766E-05 -3.933530750500E-05  6.242863978789E-05
   9   1             5.996603858560E-05  5.996603858449E-05  3.192869319169E-05
  10   1            -5.996603858560E-05 -5.996603858427E-05  3.192869319169E-05
  11   1             5.996603858471E-05 -5.996603858560E-05 -3.192869319169E-05
  12   1            -5.996603858560E-05  5.996603858582E-05 -3.192869319213E-05
  13   1            -3.013896839377E-05 -3.013896839443E-05 -1.110555731227E-04
  14   1             3.013896839338E-05  3.013896839432E-05 -1.110555731227E-04
  15   1            -3.013896839221E-05  3.013896839499E-05  1.110555731227E-04
  16   1             3.013896839377E-05 -3.013896839399E-05  1.110555731227E-04

 RESULTANT FORCE     1.665334536938E-15  3.330669073875E-16 -1.665334536938E-15

 ATOMIC PART

 SYMMETRY ALLOWED FORCES (ANALYTICAL) (DIRECTION, FORCE)

    1  7.5897891E-05    2 -8.3881246E-05    3 -1.0996282E-04    4 -1.2276905E-04
    5  1.6763653E-04    6  6.2789376E-05    7 -8.4254226E-05    8 -2.1839635E-04

 CELL PART

 GRADIENT WITH RESPECT TO THE CELL PARAMETER IN HARTREE/BOHR
ORDER: -D/DA1X, -D/DA1Y, -D/DA1Z
       -D/DA2X, -D/DA2Y, -D/DA2Z
       -D/DA3X, -D/DA3Y, -D/DA3Z
 -0.171337204868E-05 -0.103307161889E-14  0.223096838782E-15
 -0.712147780889E-15 -0.171337204957E-05 -0.322181821860E-15
  0.261743929903E-16 -0.378185267221E-15  0.292106411306E-03

STRESS TENSOR, IN HARTREE/BOHR^3:
ORDER: 11 12 13
       21 22 23
       31 32 33
  0.189399374403E-07  0.787221574479E-17 -0.242276842759E-18
  0.114197683149E-16  0.189399374502E-07  0.350057907949E-17
 -0.246615448928E-17  0.356145856070E-17 -0.270381128254E-05

PRESSURE FROM THE STRESS TENSOR,
IN HARTREE/BOHR^3:  0.88864E-06
PRESSURE IN GIGAPASCAL:  0.2614E-01
CONVERSION FACTOR: 1 HARTREE/BOHR^3= 29421 GIGAPASCAL
WHEN USING VALUES FOR BOHR RADIUS AND HARTREE
FROM IUPAC WEBSITE, APRIL 2009
ENTHALPY: -4.4997834692684E+02

 SYMMETRY ALLOWED FORCES (ANALYTICAL) (DIRECTION, FORCE)

    1  1.2968268E-04    2 -2.0792784E-04
 TTTTTTTTTTTTTTTTTTTTTTTTTTTTTT TOTGRA_C    TELAPSE     1582.92 TCPU     1437.89
 INFORMATION **** optc007 **** GEOMETRY OUTPUT FILE
 INFORMATION **** EXCBUF **** EXCH. BIPO BUFFER: WORDS USED =      313479

 DFT PARAMETERS

     ATOM       ELECTRONS   NET CHARGE   R(ANGSTROM)
   1   6  C       6.0000      0.0000     0.77000000
   3   8  O       8.0000      0.0000     0.74000000
   5   7  N       7.0000      0.0000     0.74000000
   9   1  H       1.0000      0.0000     1.11000000

 SIZE OF GRID=      52659
 TTTTTTTTTTTTTTTTTTTTTTTTTTTTTT MAKE_GRID2  TELAPSE     1585.84 TCPU     1440.58
 BECKE WEIGHT FUNCTION
 RADSAFE =     2.00
 TOLERANCES - DENSITY:10**- 6; POTENTIAL:10**- 9; GRID WGT:10**-14

 RADIAL INTEGRATION  - INTERVALS (POINTS,UPPER LIMIT):            1( 75,  4.0*R)

 ANGULAR INTEGRATION - INTERVALS (ACCURACY LEVEL [N. POINTS] UPPER LIMIT):
  1(  4[  86]   0.2)  2(  8[ 194]   0.5)  3( 12[ 350]   0.9)  4( 16[ 974]   3.5)
  5( 12[ 350]9999.0)

 *******************************************************************************
 UREA BULK BASE 6-21 + POLARIZATION                                              
 CRYSTAL - SCF - TYPE OF CALCULATION :  RESTRICTED CLOSED SHELL
 *******************************************************************************

 CAPPA:IS1  2;IS2  2;IS3  2; K PTS MONK NET   6; SYMMOPS:K SPACE  16;G SPACE   8

 TTTTTTTTTTTTTTTTTTTTTTTTTTTTTT SDIK        TELAPSE     1585.94 TCPU     1440.64

 INFORMATION FROM INTEGRAL EVALUATION

 RESTART FROM A PREVIOUS DENSITY MATRIX - DEP ACTIVE
 NUMBER OF COUPLE SETS (NEW, OLD, FOUND):     361     361     361
 NUMBER OF IRREDUCIBLE G VECTORS        :    1564    1564    1564
 CHARGE NORMALIZATION FACTOR   1.00000718
 TOTAL ATOMIC CHARGES:
   5.0818310   5.0818310   8.6088788   8.6088788   7.5898942   7.5898942
   7.5898942   7.5898942   0.7831245   0.7831245   0.7831245   0.7831245
   0.7816264   0.7816264   0.7816264   0.7816264
 TTTTTTTTTTTTTTTTTTTTTTTTTTTTTT MOQGAD      TELAPSE     1586.03 TCPU     1440.68
 TTTTTTTTTTTTTTTTTTTTTTTTTTTTTT SHELLXN     TELAPSE     1598.83 TCPU     1449.79
 TTTTTTTTTTTTTTTTTTTTTTTTTTTTTT MONMO3      TELAPSE     1599.15 TCPU     1450.04
 NUMERICALLY INTEGRATED DENSITY     64.0004427488
 TTTTTTTTTTTTTTTTTTTTTTTTTTTTTT NUMDFT      TELAPSE     1602.71 TCPU     1453.22
 CYC   0 ETOT(AU) -4.499807344987E+02 DETOT -4.50E+02 tst  4.05E-11 PX  1.00E+00
 TTTTTTTTTTTTTTTTTTTTTTTTTTTTTT DIIS        TELAPSE     1602.72 TCPU     1453.22
 TTTTTTTTTTTTTTTTTTTTTTTTTTTTTT FDIK        TELAPSE     1602.74 TCPU     1453.25
 INSULATING STATE
 TOP OF VALENCE BANDS -    BAND     32; K    1; EIG -2.2907026E-01 AU
 BOTTOM OF VIRTUAL BANDS - BAND     33; K    1; EIG  6.2295913E-02 AU
 DIRECT ENERGY BAND GAP:   7.9285 eV
 TTTTTTTTTTTTTTTTTTTTTTTTTTTTTT PDIG        TELAPSE     1602.76 TCPU     1453.27
 CHARGE NORMALIZATION FACTOR   1.00000000
 TOTAL ATOMIC CHARGES:
   5.0816146   5.0816146   8.6086882   8.6086882   7.5899287   7.5899287
   7.5899287   7.5899287   0.7834108   0.7834108   0.7834108   0.7834108
   0.7815092   0.7815092   0.7815092   0.7815092
 TTTTTTTTTTTTTTTTTTTTTTTTTTTTTT MOQGAD      TELAPSE     1602.80 TCPU     1453.31
 TTTTTTTTTTTTTTTTTTTTTTTTTTTTTT SHELLXN     TELAPSE     1611.80 TCPU     1462.00
 TTTTTTTTTTTTTTTTTTTTTTTTTTTTTT MONMO3      TELAPSE     1612.04 TCPU     1462.24
 NUMERICALLY INTEGRATED DENSITY     64.0004427633
 TTTTTTTTTTTTTTTTTTTTTTTTTTTTTT NUMDFT      TELAPSE     1615.09 TCPU     1465.16
 CYC   1 ETOT(AU) -4.499791835802E+02 DETOT  1.55E-03 tst  0.00E+00 PX  3.16E-04
 TTTTTTTTTTTTTTTTTTTTTTTTTTTTTT DIIS        TELAPSE     1615.10 TCPU     1465.17
 DIIS TEST: 0.23539E-06 AT SCF   CYCLE   1 - MIX   30 %
 TTTTTTTTTTTTTTTTTTTTTTTTTTTTTT FDIK        TELAPSE     1615.11 TCPU     1465.18
 INSULATING STATE
 TOP OF VALENCE BANDS -    BAND     32; K    1; EIG -2.2908685E-01 AU
 BOTTOM OF VIRTUAL BANDS - BAND     33; K    1; EIG  6.2283915E-02 AU
 DIRECT ENERGY BAND GAP:   7.9286 eV
 TTTTTTTTTTTTTTTTTTTTTTTTTTTTTT PDIG        TELAPSE     1615.12 TCPU     1465.19
 CHARGE NORMALIZATION FACTOR   1.00000000
 TOTAL ATOMIC CHARGES:
   5.0817462   5.0817462   8.6088381   8.6088381   7.5898690   7.5898690
   7.5898690   7.5898690   0.7833665   0.7833665   0.7833665   0.7833665
   0.7814724   0.7814724   0.7814724   0.7814724
 TTTTTTTTTTTTTTTTTTTTTTTTTTTTTT MOQGAD      TELAPSE     1615.14 TCPU     1465.21
 TTTTTTTTTTTTTTTTTTTTTTTTTTTTTT SHELLXN     TELAPSE     1622.34 TCPU     1472.41
 TTTTTTTTTTTTTTTTTTTTTTTTTTTTTT MONMO3      TELAPSE     1622.62 TCPU     1472.69
 NUMERICALLY INTEGRATED DENSITY     64.0004427403
 TTTTTTTTTTTTTTTTTTTTTTTTTTTTTT NUMDFT      TELAPSE     1625.53 TCPU     1475.60
 CYC   2 ETOT(AU) -4.499791837230E+02 DETOT -1.43E-07 tst  7.26E-10 PX  4.90E-05
 TTTTTTTTTTTTTTTTTTTTTTTTTTTTTT DIIS        TELAPSE     1625.53 TCPU     1475.61
 DIIS TEST: 0.71380E-07 AT SCF   CYCLE   2 - DIIS ACTIVE - HISTORY:     2 CYCLES
 TTTTTTTTTTTTTTTTTTTTTTTTTTTTTT FDIK        TELAPSE     1625.54 TCPU     1475.62
 INSULATING STATE
 TOP OF VALENCE BANDS -    BAND     32; K    1; EIG -2.2909427E-01 AU
 BOTTOM OF VIRTUAL BANDS - BAND     33; K    1; EIG  6.2286623E-02 AU
 DIRECT ENERGY BAND GAP:   7.9289 eV
 TTTTTTTTTTTTTTTTTTTTTTTTTTTTTT PDIG        TELAPSE     1625.56 TCPU     1475.63
 CHARGE NORMALIZATION FACTOR   1.00000000
 TOTAL ATOMIC CHARGES:
   5.0816938   5.0816938   8.6087230   8.6087230   7.5899454   7.5899454
   7.5899454   7.5899454   0.7833648   0.7833648   0.7833648   0.7833648
   0.7814814   0.7814814   0.7814814   0.7814814
 TTTTTTTTTTTTTTTTTTTTTTTTTTTTTT MOQGAD      TELAPSE     1625.59 TCPU     1475.67
 TTTTTTTTTTTTTTTTTTTTTTTTTTTTTT SHELLXN     TELAPSE     1633.26 TCPU     1483.30
 TTTTTTTTTTTTTTTTTTTTTTTTTTTTTT MONMO3      TELAPSE     1633.59 TCPU     1483.62
 NUMERICALLY INTEGRATED DENSITY     64.0004427433
 TTTTTTTTTTTTTTTTTTTTTTTTTTTTTT NUMDFT      TELAPSE     1635.94 TCPU     1485.97
 CYC   3 ETOT(AU) -4.499791837285E+02 DETOT -5.50E-09 tst  5.24E-10 PX  2.85E-05
 TTTTTTTTTTTTTTTTTTTTTTTTTTTTTT DIIS        TELAPSE     1635.95 TCPU     1485.97
 DIIS TEST: 0.18940E-07 AT SCF   CYCLE   3 - DIIS ACTIVE - HISTORY:     3 CYCLES
 TTTTTTTTTTTTTTTTTTTTTTTTTTTTTT FDIK        TELAPSE     1635.96 TCPU     1485.98
 INSULATING STATE
 TOP OF VALENCE BANDS -    BAND     32; K    1; EIG -2.2908671E-01 AU
 BOTTOM OF VIRTUAL BANDS - BAND     33; K    1; EIG  6.2287344E-02 AU
 DIRECT ENERGY BAND GAP:   7.9287 eV
 TTTTTTTTTTTTTTTTTTTTTTTTTTTTTT PDIG        TELAPSE     1635.97 TCPU     1485.99
 CHARGE NORMALIZATION FACTOR   1.00000000
 TOTAL ATOMIC CHARGES:
   5.0816844   5.0816844   8.6087687   8.6087687   7.5899130   7.5899130
   7.5899130   7.5899130   0.7833730   0.7833730   0.7833730   0.7833730
   0.7814875   0.7814875   0.7814875   0.7814875
 TTTTTTTTTTTTTTTTTTTTTTTTTTTTTT MOQGAD      TELAPSE     1635.99 TCPU     1486.02
 TTTTTTTTTTTTTTTTTTTTTTTTTTTTTT SHELLXN     TELAPSE     1643.38 TCPU     1493.30
 +++ ENERGIES IN A.U. +++
 ::: EXT EL-POLE                                  -6.0106331283008E+02
 ::: EXT EL-SPHEROPOLE                             7.3632093460918E+00
 ::: BIELET ZONE E-E                               7.3409291341577E+02
 ::: TOTAL E-E                                     1.4039280993178E+02
 ::: TOTAL E-N + N-E                              -9.1137089479181E+02
 ::: TOTAL N-N                                    -7.8987416859023E+01
 ::: KINETIC ENERGY                                4.4731980940530E+02
 ::: PSEUDO TOTAL   ENERGY                        -4.0264569231376E+02
 ::: VIRIAL COEFFICIENT                            1.0525599180216E+00
 TTTTTTTTTTTTTTTTTTTTTTTTTTTTTT MONMO3      TELAPSE     1643.59 TCPU     1493.51
 NUMERICALLY INTEGRATED DENSITY     64.0004427447
 TTTTTTTTTTTTTTTTTTTTTTTTTTTTTT NUMDFT      TELAPSE     1646.50 TCPU     1496.07
 CYC   4 ETOT(AU) -4.499791837300E+02 DETOT -1.52E-09 tst  4.36E-11 PX  2.85E-05

 == SCF ENDED - CONVERGENCE ON ENERGY      E(AU) -4.4997918372999E+02 CYCLES   4


 ENERGY EXPRESSION=HARTREE+FOCK EXCH*0.20000+(BECKE      EXCH)*0.80000+LYP        CORR


 TOTAL ENERGY(DFT)(AU)(  4) -4.4997918372999E+02 DE-1.5E-09 tester 4.4E-11
 TTTTTTTTTTTTTTTTTTTTTTTTTTTTTT EDFT        TELAPSE     1646.50 TCPU     1496.07

 *******************************************************************************
 *                             FORCE CALCULATION                               *
 *******************************************************************************

 TTTTTTTTTTTTTTTTTTTTTTTTTTTTTT NUMDFG      TELAPSE     1715.83 TCPU     1563.58
 INFORMATION **** EXCPOG **** EXCH. BIPO BUFFER LENGTH (WORDS) =     1253916
 INFORMATION **** GENPOG **** BIPO BUFFER LENGTH (WORDS) =      288800
 TTTTTTTTTTTTTTTTTTTTTTTTTTTTTT SHELXG      TELAPSE     1781.80 TCPU     1626.00

 CARTESIAN FORCES IN HARTREE/BOHR (ANALYTICAL)
   ATOM                     X                   Y                   Z
   1   6            -9.714451465470E-17  2.095545958980E-15 -4.432167744883E-05
   2   6            -2.109423746788E-15  1.082467449010E-15  4.432167745372E-05
   3   8            -3.747002708110E-16  1.207367539280E-15 -2.136035687972E-05
   4   8            -4.163336342344E-16 -6.383782391595E-16  2.136035687617E-05
   5   7             5.797881972924E-05  5.797881972969E-05 -7.314989008655E-05
   6   7            -5.797881972835E-05 -5.797881973146E-05 -7.314989008478E-05
   7   7             5.797881973191E-05 -5.797881973502E-05  7.314989008522E-05
   8   7            -5.797881972969E-05  5.797881973146E-05  7.314989008389E-05
   9   1             3.709852700462E-05  3.709852700307E-05  4.082992385035E-05
  10   1            -3.709852700462E-05 -3.709852700284E-05  4.082992385057E-05
  11   1             3.709852700418E-05 -3.709852700440E-05 -4.082992385057E-05
  12   1            -3.709852700462E-05  3.709852700462E-05 -4.082992385090E-05
  13   1            -4.315322315090E-05 -4.315322315163E-05  2.020315267992E-05
  14   1             4.315322315029E-05  4.315322315174E-05  2.020315268014E-05
  15   1            -4.315322314907E-05  4.315322315224E-05 -2.020315267992E-05
  16   1             4.315322315113E-05 -4.315322315107E-05 -2.020315268014E-05

 RESULTANT FORCE     1.110223024625E-15  1.387778780781E-16 -1.443289932013E-15

 ATOMIC PART

 SYMMETRY ALLOWED FORCES (ANALYTICAL) (DIRECTION, FORCE)

    1 -6.1627343E-05    2 -2.9700637E-05    3  1.6209695E-04    4 -1.4384207E-04
    5  1.0371991E-04    6  8.0288034E-05    7 -1.2064761E-04    8  3.9727515E-05

 CELL PART

 GRADIENT WITH RESPECT TO THE CELL PARAMETER IN HARTREE/BOHR
ORDER: -D/DA1X, -D/DA1Y, -D/DA1Z
       -D/DA2X, -D/DA2Y, -D/DA2Z
       -D/DA3X, -D/DA3Y, -D/DA3Z
  0.249252700613E-05  0.129060112891E-14  0.130330365605E-15
 -0.513511286110E-15  0.249252700613E-05  0.629163752071E-15
  0.661857805032E-15  0.281745232981E-15  0.124548920955E-03

STRESS TENSOR, IN HARTREE/BOHR^3:
ORDER: 11 12 13
       21 22 23
       31 32 33
 -0.275522665958E-07  0.567632760651E-17 -0.612513466312E-17
 -0.142662391561E-16 -0.275522665958E-07 -0.260739917182E-17
 -0.144066522443E-17 -0.695474407573E-17 -0.115263264586E-05

PRESSURE FROM THE STRESS TENSOR,
IN HARTREE/BOHR^3:  0.40258E-06
PRESSURE IN GIGAPASCAL:  0.1184E-01
CONVERSION FACTOR: 1 HARTREE/BOHR^3= 29421 GIGAPASCAL
WHEN USING VALUES FOR BOHR RADIUS AND HARTREE
FROM IUPAC WEBSITE, APRIL 2009
ENTHALPY: -4.4997880514948E+02

 SYMMETRY ALLOWED FORCES (ANALYTICAL) (DIRECTION, FORCE)

    1  5.8756647E-05    2 -8.5929008E-05
 TTTTTTTTTTTTTTTTTTTTTTTTTTTTTT TOTGRA_C    TELAPSE     1787.89 TCPU     1631.81
 INFORMATION **** optc008 **** GEOMETRY OUTPUT FILE
 INFORMATION **** EXCBUF **** EXCH. BIPO BUFFER: WORDS USED =      313479

 DFT PARAMETERS

     ATOM       ELECTRONS   NET CHARGE   R(ANGSTROM)
   1   6  C       6.0000      0.0000     0.77000000
   3   8  O       8.0000      0.0000     0.74000000
   5   7  N       7.0000      0.0000     0.74000000
   9   1  H       1.0000      0.0000     1.11000000

 SIZE OF GRID=      52659
 TTTTTTTTTTTTTTTTTTTTTTTTTTTTTT MAKE_GRID2  TELAPSE     1790.50 TCPU     1634.32
 BECKE WEIGHT FUNCTION
 RADSAFE =     2.00
 TOLERANCES - DENSITY:10**- 6; POTENTIAL:10**- 9; GRID WGT:10**-14

 RADIAL INTEGRATION  - INTERVALS (POINTS,UPPER LIMIT):            1( 75,  4.0*R)

 ANGULAR INTEGRATION - INTERVALS (ACCURACY LEVEL [N. POINTS] UPPER LIMIT):
  1(  4[  86]   0.2)  2(  8[ 194]   0.5)  3( 12[ 350]   0.9)  4( 16[ 974]   3.5)
  5( 12[ 350]9999.0)

 *******************************************************************************
 UREA BULK BASE 6-21 + POLARIZATION                                              
 CRYSTAL - SCF - TYPE OF CALCULATION :  RESTRICTED CLOSED SHELL
 *******************************************************************************

 CAPPA:IS1  2;IS2  2;IS3  2; K PTS MONK NET   6; SYMMOPS:K SPACE  16;G SPACE   8

 TTTTTTTTTTTTTTTTTTTTTTTTTTTTTT SDIK        TELAPSE     1790.54 TCPU     1634.36

 INFORMATION FROM INTEGRAL EVALUATION

 RESTART FROM A PREVIOUS DENSITY MATRIX - DEP ACTIVE
 NUMBER OF COUPLE SETS (NEW, OLD, FOUND):     361     361     361
 NUMBER OF IRREDUCIBLE G VECTORS        :    1564    1564    1564
 CHARGE NORMALIZATION FACTOR   1.00000462
 TOTAL ATOMIC CHARGES:
   5.0816222   5.0816222   8.6087921   8.6087921   7.5899354   7.5899354
   7.5899354   7.5899354   0.7833703   0.7833703   0.7833703   0.7833703
   0.7814872   0.7814872   0.7814872   0.7814872
 TTTTTTTTTTTTTTTTTTTTTTTTTTTTTT MOQGAD      TELAPSE     1790.57 TCPU     1634.39
 TTTTTTTTTTTTTTTTTTTTTTTTTTTTTT SHELLXN     TELAPSE     1798.48 TCPU     1641.85
 TTTTTTTTTTTTTTTTTTTTTTTTTTTTTT MONMO3      TELAPSE     1798.69 TCPU     1642.05
 NUMERICALLY INTEGRATED DENSITY     64.0004439343
 TTTTTTTTTTTTTTTTTTTTTTTTTTTTTT NUMDFT      TELAPSE     1801.24 TCPU     1644.53
 CYC   0 ETOT(AU) -4.499800851120E+02 DETOT -4.50E+02 tst  4.36E-11 PX  1.00E+00
 TTTTTTTTTTTTTTTTTTTTTTTTTTTTTT DIIS        TELAPSE     1801.25 TCPU     1644.54
 TTTTTTTTTTTTTTTTTTTTTTTTTTTTTT FDIK        TELAPSE     1801.28 TCPU     1644.56
 INSULATING STATE
 TOP OF VALENCE BANDS -    BAND     32; K    1; EIG -2.2906035E-01 AU
 BOTTOM OF VIRTUAL BANDS - BAND     33; K    1; EIG  6.2273675E-02 AU
 DIRECT ENERGY BAND GAP:   7.9276 eV
 TTTTTTTTTTTTTTTTTTTTTTTTTTTTTT PDIG        TELAPSE     1801.29 TCPU     1644.58
 CHARGE NORMALIZATION FACTOR   1.00000000
 TOTAL ATOMIC CHARGES:
   5.0818949   5.0818949   8.6086958   8.6086958   7.5898753   7.5898753
   7.5898753   7.5898753   0.7833561   0.7833561   0.7833561   0.7833561
   0.7814733   0.7814733   0.7814733   0.7814733
 TTTTTTTTTTTTTTTTTTTTTTTTTTTTTT MOQGAD      TELAPSE     1801.31 TCPU     1644.60
 TTTTTTTTTTTTTTTTTTTTTTTTTTTTTT SHELLXN     TELAPSE     1808.68 TCPU     1651.74
 TTTTTTTTTTTTTTTTTTTTTTTTTTTTTT MONMO3      TELAPSE     1808.89 TCPU     1651.94
 NUMERICALLY INTEGRATED DENSITY     64.0004439529
 TTTTTTTTTTTTTTTTTTTTTTTTTTTTTT NUMDFT      TELAPSE     1811.34 TCPU     1654.31
 CYC   1 ETOT(AU) -4.499791838252E+02 DETOT  9.01E-04 tst  0.00E+00 PX  6.56E-05
 TTTTTTTTTTTTTTTTTTTTTTTTTTTTTT DIIS        TELAPSE     1811.35 TCPU     1654.32
 DIIS TEST: 0.74516E-07 AT SCF   CYCLE   1 - MIX   30 %
 TTTTTTTTTTTTTTTTTTTTTTTTTTTTTT FDIK        TELAPSE     1811.36 TCPU     1654.34
 INSULATING STATE
 TOP OF VALENCE BANDS -    BAND     32; K    1; EIG -2.2907530E-01 AU
 BOTTOM OF VIRTUAL BANDS - BAND     33; K    1; EIG  6.2262260E-02 AU
 DIRECT ENERGY BAND GAP:   7.9277 eV
 TTTTTTTTTTTTTTTTTTTTTTTTTTTTTT PDIG        TELAPSE     1811.38 TCPU     1654.35
 CHARGE NORMALIZATION FACTOR   1.00000000
 TOTAL ATOMIC CHARGES:
   5.0816863   5.0816863   8.6088082   8.6088082   7.5899516   7.5899516
   7.5899516   7.5899516   0.7833409   0.7833409   0.7833409   0.7833409
   0.7814602   0.7814602   0.7814602   0.7814602
 TTTTTTTTTTTTTTTTTTTTTTTTTTTTTT MOQGAD      TELAPSE     1811.41 TCPU     1654.39
 TTTTTTTTTTTTTTTTTTTTTTTTTTTTTT SHELLXN     TELAPSE     1818.40 TCPU     1661.19
 TTTTTTTTTTTTTTTTTTTTTTTTTTTTTT MONMO3      TELAPSE     1818.62 TCPU     1661.40
 NUMERICALLY INTEGRATED DENSITY     64.0004439432
 TTTTTTTTTTTTTTTTTTTTTTTTTTTTTT NUMDFT      TELAPSE     1820.98 TCPU     1663.69
 CYC   2 ETOT(AU) -4.499791839024E+02 DETOT -7.71E-08 tst  5.73E-10 PX  2.55E-05
 TTTTTTTTTTTTTTTTTTTTTTTTTTTTTT DIIS        TELAPSE     1820.98 TCPU     1663.70
 DIIS TEST: 0.34007E-07 AT SCF   CYCLE   2 - DIIS ACTIVE - HISTORY:     2 CYCLES
 TTTTTTTTTTTTTTTTTTTTTTTTTTTTTT FDIK        TELAPSE     1820.99 TCPU     1663.71
 INSULATING STATE
 TOP OF VALENCE BANDS -    BAND     32; K    1; EIG -2.2907324E-01 AU
 BOTTOM OF VIRTUAL BANDS - BAND     33; K    1; EIG  6.2263852E-02 AU
 DIRECT ENERGY BAND GAP:   7.9277 eV
 TTTTTTTTTTTTTTTTTTTTTTTTTTTTTT PDIG        TELAPSE     1821.00 TCPU     1663.72
 CHARGE NORMALIZATION FACTOR   1.00000000
 TOTAL ATOMIC CHARGES:
   5.0817775   5.0817775   8.6087413   8.6087413   7.5899290   7.5899290
   7.5899290   7.5899290   0.7833465   0.7833465   0.7833465   0.7833465
   0.7814651   0.7814651   0.7814651   0.7814651
 TTTTTTTTTTTTTTTTTTTTTTTTTTTTTT MOQGAD      TELAPSE     1821.03 TCPU     1663.74
 TTTTTTTTTTTTTTTTTTTTTTTTTTTTTT SHELLXN     TELAPSE     1829.12 TCPU     1671.53
 +++ ENERGIES IN A.U. +++
 ::: EXT EL-POLE                                  -6.0109871647381E+02
 ::: EXT EL-SPHEROPOLE                             7.3642960639480E+00
 ::: BIELET ZONE E-E                               7.3411097468371E+02
 ::: TOTAL E-E                                     1.4037655427385E+02
 ::: TOTAL E-N + N-E                              -9.1133512032841E+02
 ::: TOTAL N-N                                    -7.9005658128219E+01
 ::: KINETIC ENERGY                                4.4731822827323E+02
 ::: PSEUDO TOTAL   ENERGY                        -4.0264599590955E+02
 ::: VIRIAL COEFFICIENT                            1.0525577796014E+00
 TTTTTTTTTTTTTTTTTTTTTTTTTTTTTT MONMO3      TELAPSE     1829.36 TCPU     1671.76
 NUMERICALLY INTEGRATED DENSITY     64.0004439458
 TTTTTTTTTTTTTTTTTTTTTTTTTTTTTT NUMDFT      TELAPSE     1832.54 TCPU     1674.56
 CYC   3 ETOT(AU) -4.499791838868E+02 DETOT  1.56E-08 tst  8.98E-11 PX  2.55E-05

 == SCF ENDED - CONVERGENCE ON ENERGY      E(AU) -4.4997918388679E+02 CYCLES   3


 ENERGY EXPRESSION=HARTREE+FOCK EXCH*0.20000+(BECKE      EXCH)*0.80000+LYP        CORR


 TOTAL ENERGY(DFT)(AU)(  3) -4.4997918388679E+02 DE 1.6E-08 tester 9.0E-11
 TTTTTTTTTTTTTTTTTTTTTTTTTTTTTT EDFT        TELAPSE     1832.54 TCPU     1674.56

 *******************************************************************************
 *                             FORCE CALCULATION                               *
 *******************************************************************************

 TTTTTTTTTTTTTTTTTTTTTTTTTTTTTT NUMDFG      TELAPSE     1914.97 TCPU     1746.54
 INFORMATION **** EXCPOG **** EXCH. BIPO BUFFER LENGTH (WORDS) =     1253916
 INFORMATION **** GENPOG **** BIPO BUFFER LENGTH (WORDS) =      288800
 TTTTTTTTTTTTTTTTTTTTTTTTTTTTTT SHELXG      TELAPSE     2006.85 TCPU     1821.11

 CARTESIAN FORCES IN HARTREE/BOHR (ANALYTICAL)
   ATOM                     X                   Y                   Z
   1   6            -1.665334536938E-15 -2.636779683485E-16 -2.032748708269E-05
   2   6            -1.054711873394E-15 -6.383782391595E-16  2.032748708958E-05
   3   8            -3.608224830032E-16 -8.049116928532E-16 -7.386759255201E-05
   4   8            -4.996003610813E-16  2.220446049250E-16  7.386759254668E-05
   5   7             9.229786285925E-06  9.229786289477E-06 -2.070852687597E-05
   6   7            -9.229786284148E-06 -9.229786289477E-06 -2.070852687552E-05
   7   7             9.229786292586E-06 -9.229786291254E-06  2.070852687774E-05
   8   7            -9.229786291254E-06  9.229786291698E-06  2.070852687819E-05
   9   1             1.599204707725E-05  1.599204707481E-05  2.400487105647E-06
  10   1            -1.599204707770E-05 -1.599204707525E-05  2.400487105425E-06
  11   1             1.599204707570E-05 -1.599204707703E-05 -2.400487105425E-06
  12   1            -1.599204707636E-05  1.599204707747E-05 -2.400487105647E-06
  13   1            -2.315210356441E-05 -2.315210356613E-05  4.466792421320E-05
  14   1             2.315210356429E-05  2.315210356624E-05  4.466792421387E-05
  15   1            -2.315210356352E-05  2.315210356585E-05 -4.466792421387E-05
  16   1             2.315210356535E-05 -2.315210356474E-05 -4.466792421387E-05

 RESULTANT FORCE     1.387778780781E-16  1.804112415016E-16  5.329070518201E-15

 ATOMIC PART

 SYMMETRY ALLOWED FORCES (ANALYTICAL) (DIRECTION, FORCE)

    1 -2.8265973E-05    2 -1.0271507E-04    3  2.5802453E-05    4 -4.0723439E-05
    5  4.4706782E-05    6  4.7205719E-06    7 -6.4723174E-05    8  8.7839734E-05

 CELL PART

 GRADIENT WITH RESPECT TO THE CELL PARAMETER IN HARTREE/BOHR
ORDER: -D/DA1X, -D/DA1Y, -D/DA1Z
       -D/DA2X, -D/DA2Y, -D/DA2Z
       -D/DA3X, -D/DA3Y, -D/DA3Z
 -0.307168095812E-04  0.378126082802E-15 -0.527558601649E-15
  0.624064112725E-16 -0.307168095830E-04  0.396585616739E-15
 -0.837536771002E-17 -0.202709512177E-15  0.431104863852E-05

STRESS TENSOR, IN HARTREE/BOHR^3:
ORDER: 11 12 13
       21 22 23
       31 32 33
  0.339552327513E-06 -0.689858174994E-18  0.775223795645E-19
 -0.417991299420E-17  0.339552327533E-06  0.187627866482E-17
  0.583178245175E-17 -0.438396991934E-17 -0.399030538654E-07

PRESSURE FROM THE STRESS TENSOR,
IN HARTREE/BOHR^3: -0.21307E-06
PRESSURE IN GIGAPASCAL: -0.6269E-02
CONVERSION FACTOR: 1 HARTREE/BOHR^3= 29421 GIGAPASCAL
WHEN USING VALUES FOR BOHR RADIUS AND HARTREE
FROM IUPAC WEBSITE, APRIL 2009
ENTHALPY: -4.4997938422989E+02

 SYMMETRY ALLOWED FORCES (ANALYTICAL) (DIRECTION, FORCE)

    1 -3.1093753E-05    2 -2.8977952E-05
 TTTTTTTTTTTTTTTTTTTTTTTTTTTTTT TOTGRA_C    TELAPSE     2018.72 TCPU     1830.59
 INFORMATION **** optc009 **** GEOMETRY OUTPUT FILE

 GCALCO - MAX INDICES DIRECT LATTICE VECTOR    14    14    16
 NO.OF VECTORS CREATED 6999 STARS  525 RMAX   116.18915 BOHR
 TTTTTTTTTTTTTTTTTTTTTTTTTTTTTT gordsh1     TELAPSE     2018.90 TCPU     1830.71

 MATRIX SIZE: P(G)  112264, F(G)   19066, P(G) IRR   11250, F(G) IRR    4419
 MAX G-VECTOR INDEX FOR 1- AND 2-ELECTRON INTEGRALS  81

 TTTTTTTTTTTTTTTTTTTTTTTTTTTTTT INPUT       TELAPSE     2018.90 TCPU     1830.72

 NEIGHBORS OF THE NON-EQUIVALENT ATOMS

 N = NUMBER OF NEIGHBORS AT DISTANCE R
    ATOM  N     R/ANG      R/AU   NEIGHBORS (ATOM LABELS AND CELL INDICES)
   1 C    1     1.2773     2.4138    3 O    0 0 1
   1 C    2     1.3447     2.5412    5 N    0 1 0    6 N    0 0 0
   1 C    2     2.0501     3.8741    9 H    0 1 0   10 H    0 0 0
   1 C    2     2.0502     3.8743   13 H    0 1 0   14 H    0 0 0
   1 C    2     2.6319     4.9736   11 H    0 1 1   12 H    0 0 1
   1 C    2     3.0272     5.7206   15 H    0 1 0   16 H    0 0 0

   3 O    1     1.2773     2.4138    1 C    0 0-1
   3 O    2     1.9428     3.6714   11 H    0 1 0   12 H    0 0 0
   3 O    2     1.9640     3.7114   13 H    0 1 0   14 H    0 0 0
   3 O    2     2.2870     4.3217    5 N    0 1-1    6 N    0 0-1
   3 O    2     2.5242     4.7700    9 H    0 1-1   10 H    0 0-1
   3 O    2     2.8676     5.4190    5 N    0 1 0    6 N    0 0 0

   5 N    1     1.0159     1.9197   13 H    0 0 0
   5 N    1     1.0176     1.9230    9 H    0 0 0
   5 N    1     1.3447     2.5412    1 C    0-1 0
   5 N    1     2.2870     4.3217    3 O    0-1 1
   5 N    1     2.2954     4.3376    6 N    0-1 0
   5 N    1     2.4859     4.6977   14 H    0-1 0

   9 H    1     1.0176     1.9230    5 N    0 0 0
   9 H    1     1.7638     3.3331   13 H    0 0 0
   9 H    1     1.9428     3.6714    4 O    0 0 0
   9 H    1     2.0501     3.8741    1 C    0-1 0
   9 H    2     2.3900     4.5164   15 H    1 0 0   16 H    0 0 0
   9 H    1     2.5242     4.7700    3 O    0-1 1

  13 H    1     1.0159     1.9197    5 N    0 0 0
  13 H    1     1.7638     3.3331    9 H    0 0 0
  13 H    1     1.9640     3.7114    3 O    0-1 0
  13 H    1     2.0502     3.8743    1 C    0-1 0
  13 H    1     2.2427     4.2381   14 H    0-1 0
  13 H    2     2.3900     4.5164   11 H    0 0 0   12 H    0-1 0

 TTTTTTTTTTTTTTTTTTTTTTTTTTTTTT SYMM        TELAPSE     2018.92 TCPU     1830.72

 ***** NEW REFERENCE GEOMETRY *****
 TTTTTTTTTTTTTTTTTTTTTTTTTTTTTT INT_SCREEN  TELAPSE     2018.92 TCPU     1830.73
 INFORMATION **** EXCBUF **** EXCH. BIPO BUFFER: WORDS USED =      332145

 DFT PARAMETERS

     ATOM       ELECTRONS   NET CHARGE   R(ANGSTROM)
   1   6  C       6.0000      0.0000     0.77000000
   3   8  O       8.0000      0.0000     0.74000000
   5   7  N       7.0000      0.0000     0.74000000
   9   1  H       1.0000      0.0000     1.11000000

 SIZE OF GRID=      51836
 TTTTTTTTTTTTTTTTTTTTTTTTTTTTTT MAKE_GRID2  TELAPSE     2026.98 TCPU     1837.55
 BECKE WEIGHT FUNCTION
 RADSAFE =     2.00
 TOLERANCES - DENSITY:10**- 6; POTENTIAL:10**- 9; GRID WGT:10**-14

 RADIAL INTEGRATION  - INTERVALS (POINTS,UPPER LIMIT):            1( 75,  4.0*R)

 ANGULAR INTEGRATION - INTERVALS (ACCURACY LEVEL [N. POINTS] UPPER LIMIT):
  1(  4[  86]   0.2)  2(  8[ 194]   0.5)  3( 12[ 350]   0.9)  4( 16[ 974]   3.5)
  5( 12[ 350]9999.0)

 *******************************************************************************
 UREA BULK BASE 6-21 + POLARIZATION                                              
 CRYSTAL - SCF - TYPE OF CALCULATION :  RESTRICTED CLOSED SHELL
 *******************************************************************************

 CAPPA:IS1  2;IS2  2;IS3  2; K PTS MONK NET   6; SYMMOPS:K SPACE  16;G SPACE   8

 TTTTTTTTTTTTTTTTTTTTTTTTTTTTTT SDIK        TELAPSE     2027.03 TCPU     1837.60

 INFORMATION FROM INTEGRAL EVALUATION

 RESTART FROM A PREVIOUS DENSITY MATRIX - DEP ACTIVE
 NUMBER OF COUPLE SETS (NEW, OLD, FOUND):     363     361     361
 NUMBER OF IRREDUCIBLE G VECTORS        :    1619    1564    1563
 CHARGE NORMALIZATION FACTOR   1.00000019
 TOTAL ATOMIC CHARGES:
   5.0817547   5.0817547   8.6087359   8.6087359   7.5899354   7.5899354
   7.5899354   7.5899354   0.7833691   0.7833691   0.7833691   0.7833691
   0.7814502   0.7814502   0.7814502   0.7814502
 TTTTTTTTTTTTTTTTTTTTTTTTTTTTTT MOQGAD      TELAPSE     2027.08 TCPU     1837.64
 TTTTTTTTTTTTTTTTTTTTTTTTTTTTTT SHELLXN     TELAPSE     2034.32 TCPU     1844.53
 TTTTTTTTTTTTTTTTTTTTTTTTTTTTTT MONMO3      TELAPSE     2034.53 TCPU     1844.74
 NUMERICALLY INTEGRATED DENSITY     64.0000038472
 TTTTTTTTTTTTTTTTTTTTTTTTTTTTTT NUMDFT      TELAPSE     2036.41 TCPU     1846.57
 CYC   0 ETOT(AU) -4.499810116196E+02 DETOT -4.50E+02 tst  8.98E-11 PX  1.00E+00
 TTTTTTTTTTTTTTTTTTTTTTTTTTTTTT DIIS        TELAPSE     2036.42 TCPU     1846.58
 TTTTTTTTTTTTTTTTTTTTTTTTTTTTTT FDIK        TELAPSE     2036.44 TCPU     1846.60
 INSULATING STATE
 TOP OF VALENCE BANDS -    BAND     32; K    1; EIG -2.2904589E-01 AU
 BOTTOM OF VIRTUAL BANDS - BAND     33; K    1; EIG  6.2342096E-02 AU
 DIRECT ENERGY BAND GAP:   7.9291 eV
 TTTTTTTTTTTTTTTTTTTTTTTTTTTTTT PDIG        TELAPSE     2036.45 TCPU     1846.61
 CHARGE NORMALIZATION FACTOR   1.00000000
 TOTAL ATOMIC CHARGES:
   5.0834433   5.0834433   8.6015471   8.6015471   7.5905112   7.5905112
   7.5905112   7.5905112   0.7843840   0.7843840   0.7843840   0.7843840
   0.7826096   0.7826096   0.7826096   0.7826096
 TTTTTTTTTTTTTTTTTTTTTTTTTTTTTT MOQGAD      TELAPSE     2036.47 TCPU     1846.63
 TTTTTTTTTTTTTTTTTTTTTTTTTTTTTT SHELLXN     TELAPSE     2042.62 TCPU     1852.65
 TTTTTTTTTTTTTTTTTTTTTTTTTTTTTT MONMO3      TELAPSE     2042.82 TCPU     1852.84
 NUMERICALLY INTEGRATED DENSITY     64.0000038223
 TTTTTTTTTTTTTTTTTTTTTTTTTTTTTT NUMDFT      TELAPSE     2044.86 TCPU     1854.82
 CYC   1 ETOT(AU) -4.499757265658E+02 DETOT  5.29E-03 tst  0.00E+00 PX  2.08E+00
 TTTTTTTTTTTTTTTTTTTTTTTTTTTTTT DIIS        TELAPSE     2044.86 TCPU     1854.82
 DIIS TEST: 0.36007E-02 AT SCF   CYCLE   1 - MIX   30 %
 TTTTTTTTTTTTTTTTTTTTTTTTTTTTTT FDIK        TELAPSE     2044.88 TCPU     1854.84
 INSULATING STATE
 TOP OF VALENCE BANDS -    BAND     32; K    1; EIG -2.2866692E-01 AU
 BOTTOM OF VIRTUAL BANDS - BAND     33; K    1; EIG  6.2223537E-02 AU
 DIRECT ENERGY BAND GAP:   7.9155 eV
 TTTTTTTTTTTTTTTTTTTTTTTTTTTTTT PDIG        TELAPSE     2044.89 TCPU     1854.85
 CHARGE NORMALIZATION FACTOR   1.00000000
 TOTAL ATOMIC CHARGES:
   5.0804517   5.0804517   8.6131809   8.6131809   7.5876588   7.5876588
   7.5876588   7.5876588   0.7836511   0.7836511   0.7836511   0.7836511
   0.7818739   0.7818739   0.7818739   0.7818739
 TTTTTTTTTTTTTTTTTTTTTTTTTTTTTT MOQGAD      TELAPSE     2044.92 TCPU     1854.88
 TTTTTTTTTTTTTTTTTTTTTTTTTTTTTT SHELLXN     TELAPSE     2052.13 TCPU     1861.81
 TTTTTTTTTTTTTTTTTTTTTTTTTTTTTT MONMO3      TELAPSE     2052.35 TCPU     1862.02
 NUMERICALLY INTEGRATED DENSITY     64.0000038517
 TTTTTTTTTTTTTTTTTTTTTTTTTTTTTT NUMDFT      TELAPSE     2054.65 TCPU     1864.23
 CYC   2 ETOT(AU) -4.499788236388E+02 DETOT -3.10E-03 tst  7.23E-05 PX  2.80E-02
 TTTTTTTTTTTTTTTTTTTTTTTTTTTTTT DIIS        TELAPSE     2054.67 TCPU     1864.23
 DIIS TEST: 0.58956E-03 AT SCF   CYCLE   2 - DIIS ACTIVE - HISTORY:     2 CYCLES
 TTTTTTTTTTTTTTTTTTTTTTTTTTTTTT FDIK        TELAPSE     2054.73 TCPU     1864.26
 INSULATING STATE
 TOP OF VALENCE BANDS -    BAND     32; K    1; EIG -2.2997386E-01 AU
 BOTTOM OF VIRTUAL BANDS - BAND     33; K    1; EIG  6.2590452E-02 AU
 DIRECT ENERGY BAND GAP:   7.9611 eV
 TTTTTTTTTTTTTTTTTTTTTTTTTTTTTT PDIG        TELAPSE     2054.81 TCPU     1864.27
 CHARGE NORMALIZATION FACTOR   1.00000000
 TOTAL ATOMIC CHARGES:
   5.0850585   5.0850585   8.5951790   8.5951790   7.5957031   7.5957031
   7.5957031   7.5957031   0.7828140   0.7828140   0.7828140   0.7828140
   0.7813641   0.7813641   0.7813641   0.7813641
 TTTTTTTTTTTTTTTTTTTTTTTTTTTTTT MOQGAD      TELAPSE     2054.87 TCPU     1864.31
 TTTTTTTTTTTTTTTTTTTTTTTTTTTTTT SHELLXN     TELAPSE     2063.12 TCPU     1871.80
 TTTTTTTTTTTTTTTTTTTTTTTTTTTTTT MONMO3      TELAPSE     2063.31 TCPU     1871.99
 NUMERICALLY INTEGRATED DENSITY     64.0000038115
 TTTTTTTTTTTTTTTTTTTTTTTTTTTTTT NUMDFT      TELAPSE     2065.44 TCPU     1874.06
 CYC   3 ETOT(AU) -4.499790254548E+02 DETOT -2.02E-04 tst  1.46E-05 PX  1.28E-02
 TTTTTTTTTTTTTTTTTTTTTTTTTTTTTT DIIS        TELAPSE     2065.45 TCPU     1874.07
 DIIS TEST: 0.12351E-02 AT SCF   CYCLE   3 - DIIS ACTIVE - HISTORY:     3 CYCLES
 TTTTTTTTTTTTTTTTTTTTTTTTTTTTTT FDIK        TELAPSE     2065.46 TCPU     1874.07
 INSULATING STATE
 TOP OF VALENCE BANDS -    BAND     32; K    1; EIG -2.2899591E-01 AU
 BOTTOM OF VIRTUAL BANDS - BAND     33; K    1; EIG  6.2398269E-02 AU
 DIRECT ENERGY BAND GAP:   7.9292 eV
 TTTTTTTTTTTTTTTTTTTTTTTTTTTTTT PDIG        TELAPSE     2065.47 TCPU     1874.09
 CHARGE NORMALIZATION FACTOR   1.00000000
 TOTAL ATOMIC CHARGES:
   5.0815577   5.0815577   8.6087190   8.6087190   7.5899058   7.5899058
   7.5899058   7.5899058   0.7833468   0.7833468   0.7833468   0.7833468
   0.7816090   0.7816090   0.7816090   0.7816090
 TTTTTTTTTTTTTTTTTTTTTTTTTTTTTT MOQGAD      TELAPSE     2065.49 TCPU     1874.10
 TTTTTTTTTTTTTTTTTTTTTTTTTTTTTT SHELLXN     TELAPSE     2071.68 TCPU     1880.15
 TTTTTTTTTTTTTTTTTTTTTTTTTTTTTT MONMO3      TELAPSE     2071.87 TCPU     1880.33
 NUMERICALLY INTEGRATED DENSITY     64.0000038463
 TTTTTTTTTTTTTTTTTTTTTTTTTTTTTT NUMDFT      TELAPSE     2073.81 TCPU     1882.22
 CYC   4 ETOT(AU) -4.499792062637E+02 DETOT -1.81E-04 tst  3.26E-06 PX  3.31E-03
 TTTTTTTTTTTTTTTTTTTTTTTTTTTTTT DIIS        TELAPSE     2073.81 TCPU     1882.23
 DIIS TEST: 0.53577E-06 AT SCF   CYCLE   4 - DIIS ACTIVE - HISTORY:     4 CYCLES
 TTTTTTTTTTTTTTTTTTTTTTTTTTTTTT FDIK        TELAPSE     2073.82 TCPU     1882.24
 INSULATING STATE
 TOP OF VALENCE BANDS -    BAND     32; K    1; EIG -2.2907384E-01 AU
 BOTTOM OF VIRTUAL BANDS - BAND     33; K    1; EIG  6.2374889E-02 AU
 DIRECT ENERGY BAND GAP:   7.9307 eV
 TTTTTTTTTTTTTTTTTTTTTTTTTTTTTT PDIG        TELAPSE     2073.83 TCPU     1882.25
 CHARGE NORMALIZATION FACTOR   1.00000000
 TOTAL ATOMIC CHARGES:
   5.0814855   5.0814855   8.6087831   8.6087831   7.5901285   7.5901285
   7.5901285   7.5901285   0.7832296   0.7832296   0.7832296   0.7832296
   0.7815076   0.7815076   0.7815076   0.7815076
 TTTTTTTTTTTTTTTTTTTTTTTTTTTTTT MOQGAD      TELAPSE     2073.85 TCPU     1882.27
 TTTTTTTTTTTTTTTTTTTTTTTTTTTTTT SHELLXN     TELAPSE     2080.03 TCPU     1888.31
 TTTTTTTTTTTTTTTTTTTTTTTTTTTTTT MONMO3      TELAPSE     2080.23 TCPU     1888.50
 NUMERICALLY INTEGRATED DENSITY     64.0000038435
 TTTTTTTTTTTTTTTTTTTTTTTTTTTTTT NUMDFT      TELAPSE     2082.18 TCPU     1890.40
 CYC   5 ETOT(AU) -4.499792065756E+02 DETOT -3.12E-07 tst  1.72E-09 PX  6.63E-05
 TTTTTTTTTTTTTTTTTTTTTTTTTTTTTT DIIS        TELAPSE     2082.18 TCPU     1890.40
 DIIS TEST: 0.13389E-06 AT SCF   CYCLE   5 - DIIS ACTIVE - HISTORY:     5 CYCLES
 TTTTTTTTTTTTTTTTTTTTTTTTTTTTTT FDIK        TELAPSE     2082.19 TCPU     1890.41
 INSULATING STATE
 TOP OF VALENCE BANDS -    BAND     32; K    1; EIG -2.2904086E-01 AU
 BOTTOM OF VIRTUAL BANDS - BAND     33; K    1; EIG  6.2389402E-02 AU
 DIRECT ENERGY BAND GAP:   7.9302 eV
 TTTTTTTTTTTTTTTTTTTTTTTTTTTTTT PDIG        TELAPSE     2082.21 TCPU     1890.42
 CHARGE NORMALIZATION FACTOR   1.00000000
 TOTAL ATOMIC CHARGES:
   5.0815443   5.0815443   8.6087025   8.6087025   7.5900425   7.5900425
   7.5900425   7.5900425   0.7832762   0.7832762   0.7832762   0.7832762
   0.7815579   0.7815579   0.7815579   0.7815579
 TTTTTTTTTTTTTTTTTTTTTTTTTTTTTT MOQGAD      TELAPSE     2082.22 TCPU     1890.44
 TTTTTTTTTTTTTTTTTTTTTTTTTTTTTT SHELLXN     TELAPSE     2088.46 TCPU     1896.54
 TTTTTTTTTTTTTTTTTTTTTTTTTTTTTT MONMO3      TELAPSE     2088.66 TCPU     1896.73
 NUMERICALLY INTEGRATED DENSITY     64.0000038445
 TTTTTTTTTTTTTTTTTTTTTTTTTTTTTT NUMDFT      TELAPSE     2090.59 TCPU     1898.61
 CYC   6 ETOT(AU) -4.499792065114E+02 DETOT  6.42E-08 tst  3.16E-10 PX  2.67E-05
 TTTTTTTTTTTTTTTTTTTTTTTTTTTTTT DIIS        TELAPSE     2090.60 TCPU     1898.62
 DIIS TEST: 0.40494E-08 AT SCF   CYCLE   6 - DIIS ACTIVE - HISTORY:     6 CYCLES
 TTTTTTTTTTTTTTTTTTTTTTTTTTTTTT FDIK        TELAPSE     2090.60 TCPU     1898.63
 INSULATING STATE
 TOP OF VALENCE BANDS -    BAND     32; K    1; EIG -2.2904501E-01 AU
 BOTTOM OF VIRTUAL BANDS - BAND     33; K    1; EIG  6.2387825E-02 AU
 DIRECT ENERGY BAND GAP:   7.9303 eV
 TTTTTTTTTTTTTTTTTTTTTTTTTTTTTT PDIG        TELAPSE     2090.61 TCPU     1898.64
 CHARGE NORMALIZATION FACTOR   1.00000000
 TOTAL ATOMIC CHARGES:
   5.0815087   5.0815087   8.6087176   8.6087176   7.5900633   7.5900633
   7.5900633   7.5900633   0.7832719   0.7832719   0.7832719   0.7832719
   0.7815517   0.7815517   0.7815517   0.7815517
 TTTTTTTTTTTTTTTTTTTTTTTTTTTTTT MOQGAD      TELAPSE     2090.63 TCPU     1898.65
 TTTTTTTTTTTTTTTTTTTTTTTTTTTTTT SHELLXN     TELAPSE     2096.85 TCPU     1904.72
 +++ ENERGIES IN A.U. +++
 ::: EXT EL-POLE                                  -6.0809104758867E+02
 ::: EXT EL-SPHEROPOLE                             7.3660625077981E+00
 ::: BIELET ZONE E-E                               7.4107953162422E+02
 ::: TOTAL E-E                                     1.4035454654335E+02
 ::: TOTAL E-N + N-E                              -9.1128777972818E+02
 ::: TOTAL N-N                                    -7.9031590894659E+01
 ::: KINETIC ENERGY                                4.4731869349346E+02
 ::: PSEUDO TOTAL   ENERGY                        -4.0264613058604E+02
 ::: VIRIAL COEFFICIENT                            1.0525581313977E+00
 TTTTTTTTTTTTTTTTTTTTTTTTTTTTTT MONMO3      TELAPSE     2097.04 TCPU     1904.91
 NUMERICALLY INTEGRATED DENSITY     64.0000038444
 TTTTTTTTTTTTTTTTTTTTTTTTTTTTTT NUMDFT      TELAPSE     2098.95 TCPU     1906.77
 CYC   7 ETOT(AU) -4.499792065261E+02 DETOT -1.47E-08 tst  1.39E-11 PX  2.67E-05

 == SCF ENDED - CONVERGENCE ON ENERGY      E(AU) -4.4997920652613E+02 CYCLES   7


 ENERGY EXPRESSION=HARTREE+FOCK EXCH*0.20000+(BECKE      EXCH)*0.80000+LYP        CORR


 TOTAL ENERGY(DFT)(AU)(  7) -4.4997920652613E+02 DE-1.5E-08 tester 1.4E-11
 TTTTTTTTTTTTTTTTTTTTTTTTTTTTTT EDFT        TELAPSE     2098.95 TCPU     1906.77

 *******************************************************************************
 *                             FORCE CALCULATION                               *
 *******************************************************************************

 TTTTTTTTTTTTTTTTTTTTTTTTTTTTTT NUMDFG      TELAPSE     2159.83 TCPU     1966.28
 INFORMATION **** EXCPOG **** EXCH. BIPO BUFFER LENGTH (WORDS) =     1328580
 INFORMATION **** GENPOG **** BIPO BUFFER LENGTH (WORDS) =      299600
 TTTTTTTTTTTTTTTTTTTTTTTTTTTTTT SHELXG      TELAPSE     2207.17 TCPU     2012.69

 CARTESIAN FORCES IN HARTREE/BOHR (ANALYTICAL)
   ATOM                     X                   Y                   Z
   1   6            -2.081668171172E-15 -1.346145417358E-15 -1.833793069916E-05
   2   6            -2.331468351713E-15 -1.415534356397E-15  1.833793069617E-05
   3   8             7.632783294298E-16  3.191891195797E-16 -1.105852562144E-04
   4   8            -9.436895709314E-16 -6.661338147751E-16  1.105852562118E-04
   5   7            -1.168993625456E-06 -1.168993620571E-06  2.678732460693E-05
   6   7             1.168993628564E-06  1.168993622347E-06  2.678732460870E-05
   7   7            -1.168993621459E-06  1.168993622347E-06 -2.678732460693E-05
   8   7             1.168993621459E-06 -1.168993623679E-06 -2.678732460470E-05
   9   1             1.841621843957E-05  1.841621843779E-05 -3.566285099799E-05
  10   1            -1.841621844001E-05 -1.841621843779E-05 -3.566285099810E-05
  11   1             1.841621843957E-05 -1.841621844023E-05  3.566285099788E-05
  12   1            -1.841621844001E-05  1.841621844045E-05  3.566285099721E-05
  13   1            -1.504284076714E-05 -1.504284076864E-05  2.597504894397E-05
  14   1             1.504284076687E-05  1.504284076864E-05  2.597504894375E-05
  15   1            -1.504284076675E-05  1.504284076814E-05 -2.597504894419E-05
  16   1             1.504284076820E-05 -1.504284076703E-05 -2.597504894397E-05

 RESULTANT FORCE    -1.207367539280E-15 -1.332267629550E-15 -3.108624468950E-15

 ATOMIC PART

 SYMMETRY ALLOWED FORCES (ANALYTICAL) (DIRECTION, FORCE)

    1 -2.5502164E-05    2 -1.5378852E-04    3 -3.2674102E-06    4  5.2683066E-05
    5  5.1474481E-05    6 -7.0138707E-05    7 -4.2045680E-05    8  5.1085550E-05

 CELL PART

 GRADIENT WITH RESPECT TO THE CELL PARAMETER IN HARTREE/BOHR
ORDER: -D/DA1X, -D/DA1Y, -D/DA1Z
       -D/DA2X, -D/DA2Y, -D/DA2Z
       -D/DA3X, -D/DA3Y, -D/DA3Z
 -0.210872886095E-04 -0.616310631988E-16  0.333955614914E-15
 -0.190556230665E-14 -0.210872886086E-04  0.944029948863E-15
  0.342336306707E-15  0.230051142386E-15 -0.421653338361E-04

STRESS TENSOR, IN HARTREE/BOHR^3:
ORDER: 11 12 13
       21 22 23
       31 32 33
  0.233121710152E-06  0.210661480455E-16 -0.316979981055E-17
  0.681336473240E-18  0.233121710142E-06 -0.213011606793E-17
 -0.369190679302E-17 -0.104363287376E-16  0.390422121718E-06

PRESSURE FROM THE STRESS TENSOR,
IN HARTREE/BOHR^3: -0.28556E-06
PRESSURE IN GIGAPASCAL: -0.8401E-02
CONVERSION FACTOR: 1 HARTREE/BOHR^3= 29421 GIGAPASCAL
WHEN USING VALUES FOR BOHR RADIUS AND HARTREE
FROM IUPAC WEBSITE, APRIL 2009
ENTHALPY: -4.4997947496082E+02

 SYMMETRY ALLOWED FORCES (ANALYTICAL) (DIRECTION, FORCE)

    1 -4.1661738E-05    2  1.2009575E-05
 TTTTTTTTTTTTTTTTTTTTTTTTTTTTTT TOTGRA_C    TELAPSE     2211.84 TCPU     2017.36
 INFORMATION **** optc010 **** GEOMETRY OUTPUT FILE
 INFORMATION **** EXCBUF **** EXCH. BIPO BUFFER: WORDS USED =      332145

 DFT PARAMETERS

     ATOM       ELECTRONS   NET CHARGE   R(ANGSTROM)
   1   6  C       6.0000      0.0000     0.77000000
   3   8  O       8.0000      0.0000     0.74000000
   5   7  N       7.0000      0.0000     0.74000000
   9   1  H       1.0000      0.0000     1.11000000

 SIZE OF GRID=      51836
 TTTTTTTTTTTTTTTTTTTTTTTTTTTTTT MAKE_GRID2  TELAPSE     2217.20 TCPU     2022.71
 BECKE WEIGHT FUNCTION
 RADSAFE =     2.00
 TOLERANCES - DENSITY:10**- 6; POTENTIAL:10**- 9; GRID WGT:10**-14

 RADIAL INTEGRATION  - INTERVALS (POINTS,UPPER LIMIT):            1( 75,  4.0*R)

 ANGULAR INTEGRATION - INTERVALS (ACCURACY LEVEL [N. POINTS] UPPER LIMIT):
  1(  4[  86]   0.2)  2(  8[ 194]   0.5)  3( 12[ 350]   0.9)  4( 16[ 974]   3.5)
  5( 12[ 350]9999.0)

 *******************************************************************************
 UREA BULK BASE 6-21 + POLARIZATION                                              
 CRYSTAL - SCF - TYPE OF CALCULATION :  RESTRICTED CLOSED SHELL
 *******************************************************************************

 CAPPA:IS1  2;IS2  2;IS3  2; K PTS MONK NET   6; SYMMOPS:K SPACE  16;G SPACE   8

 TTTTTTTTTTTTTTTTTTTTTTTTTTTTTT SDIK        TELAPSE     2217.24 TCPU     2022.75

 INFORMATION FROM INTEGRAL EVALUATION

 RESTART FROM A PREVIOUS DENSITY MATRIX - DEP ACTIVE
 NUMBER OF COUPLE SETS (NEW, OLD, FOUND):     363     363     363
 NUMBER OF IRREDUCIBLE G VECTORS        :    1621    1621    1621
 CHARGE NORMALIZATION FACTOR   0.99999868
 TOTAL ATOMIC CHARGES:
   5.0815119   5.0815119   8.6087129   8.6087129   7.5900569   7.5900569
   7.5900569   7.5900569   0.7832697   0.7832697   0.7832697   0.7832697
   0.7815610   0.7815610   0.7815610   0.7815610
 TTTTTTTTTTTTTTTTTTTTTTTTTTTTTT MOQGAD      TELAPSE     2217.26 TCPU     2022.77
 TTTTTTTTTTTTTTTTTTTTTTTTTTTTTT SHELLXN     TELAPSE     2224.27 TCPU     2029.70
 TTTTTTTTTTTTTTTTTTTTTTTTTTTTTT MONMO3      TELAPSE     2224.59 TCPU     2030.02
 NUMERICALLY INTEGRATED DENSITY     64.0000063242
 TTTTTTTTTTTTTTTTTTTTTTTTTTTTTT NUMDFT      TELAPSE     2228.22 TCPU     2033.65
 CYC   0 ETOT(AU) -4.499789229801E+02 DETOT -4.50E+02 tst  1.39E-11 PX  1.00E+00
 TTTTTTTTTTTTTTTTTTTTTTTTTTTTTT DIIS        TELAPSE     2228.23 TCPU     2033.66
 TTTTTTTTTTTTTTTTTTTTTTTTTTTTTT FDIK        TELAPSE     2228.26 TCPU     2033.69
 INSULATING STATE
 TOP OF VALENCE BANDS -    BAND     32; K    1; EIG -2.2901726E-01 AU
 BOTTOM OF VIRTUAL BANDS - BAND     33; K    1; EIG  6.2402862E-02 AU
 DIRECT ENERGY BAND GAP:   7.9299 eV
 TTTTTTTTTTTTTTTTTTTTTTTTTTTTTT PDIG        TELAPSE     2228.28 TCPU     2033.70
 CHARGE NORMALIZATION FACTOR   1.00000000
 TOTAL ATOMIC CHARGES:
   5.0815185   5.0815185   8.6087212   8.6087212   7.5900793   7.5900793
   7.5900793   7.5900793   0.7832662   0.7832662   0.7832662   0.7832662
   0.7815346   0.7815346   0.7815346   0.7815346
 TTTTTTTTTTTTTTTTTTTTTTTTTTTTTT MOQGAD      TELAPSE     2228.32 TCPU     2033.74
 TTTTTTTTTTTTTTTTTTTTTTTTTTTTTT SHELLXN     TELAPSE     2234.78 TCPU     2040.20
 TTTTTTTTTTTTTTTTTTTTTTTTTTTTTT MONMO3      TELAPSE     2234.97 TCPU     2040.39
 NUMERICALLY INTEGRATED DENSITY     64.0000063227
 TTTTTTTTTTTTTTTTTTTTTTTTTTTTTT NUMDFT      TELAPSE     2236.85 TCPU     2042.26
 CYC   1 ETOT(AU) -4.499792065608E+02 DETOT -2.84E-04 tst  0.00E+00 PX  9.09E-05
 TTTTTTTTTTTTTTTTTTTTTTTTTTTTTT DIIS        TELAPSE     2236.85 TCPU     2042.27
 DIIS TEST: 0.39969E-08 AT SCF   CYCLE   1 - MIX   30 %
 TTTTTTTTTTTTTTTTTTTTTTTTTTTTTT FDIK        TELAPSE     2236.86 TCPU     2042.28
 INSULATING STATE
 TOP OF VALENCE BANDS -    BAND     32; K    1; EIG -2.2901341E-01 AU
 BOTTOM OF VIRTUAL BANDS - BAND     33; K    1; EIG  6.2405666E-02 AU
 DIRECT ENERGY BAND GAP:   7.9299 eV
 TTTTTTTTTTTTTTTTTTTTTTTTTTTTTT PDIG        TELAPSE     2236.87 TCPU     2042.29
 CHARGE NORMALIZATION FACTOR   1.00000000
 TOTAL ATOMIC CHARGES:
   5.0815108   5.0815108   8.6086980   8.6086980   7.5900824   7.5900824
   7.5900824   7.5900824   0.7832737   0.7832737   0.7832737   0.7832737
   0.7815394   0.7815394   0.7815394   0.7815394
 TTTTTTTTTTTTTTTTTTTTTTTTTTTTTT MOQGAD      TELAPSE     2236.89 TCPU     2042.31
 TTTTTTTTTTTTTTTTTTTTTTTTTTTTTT SHELLXN     TELAPSE     2244.17 TCPU     2048.91
 TTTTTTTTTTTTTTTTTTTTTTTTTTTTTT MONMO3      TELAPSE     2244.37 TCPU     2049.10
 NUMERICALLY INTEGRATED DENSITY     64.0000063228
 TTTTTTTTTTTTTTTTTTTTTTTTTTTTTT NUMDFT      TELAPSE     2247.33 TCPU     2051.47
 CYC   2 ETOT(AU) -4.499792065491E+02 DETOT  1.17E-08 tst  1.63E-11 PX  7.27E-06
 TTTTTTTTTTTTTTTTTTTTTTTTTTTTTT DIIS        TELAPSE     2247.33 TCPU     2051.48
 DIIS TEST: 0.85644E-09 AT SCF   CYCLE   2 - DIIS ACTIVE - HISTORY:     2 CYCLES
 TTTTTTTTTTTTTTTTTTTTTTTTTTTTTT FDIK        TELAPSE     2247.34 TCPU     2051.49
 INSULATING STATE
 TOP OF VALENCE BANDS -    BAND     32; K    1; EIG -2.2901291E-01 AU
 BOTTOM OF VIRTUAL BANDS - BAND     33; K    1; EIG  6.2405267E-02 AU
 DIRECT ENERGY BAND GAP:   7.9299 eV
 TTTTTTTTTTTTTTTTTTTTTTTTTTTTTT PDIG        TELAPSE     2247.35 TCPU     2051.50
 CHARGE NORMALIZATION FACTOR   1.00000000
 TOTAL ATOMIC CHARGES:
   5.0815059   5.0815059   8.6087167   8.6087167   7.5900779   7.5900779
   7.5900779   7.5900779   0.7832732   0.7832732   0.7832732   0.7832732
   0.7815377   0.7815377   0.7815377   0.7815377
 TTTTTTTTTTTTTTTTTTTTTTTTTTTTTT MOQGAD      TELAPSE     2247.37 TCPU     2051.52
 TTTTTTTTTTTTTTTTTTTTTTTTTTTTTT SHELLXN     TELAPSE     2253.56 TCPU     2057.57
 +++ ENERGIES IN A.U. +++
 ::: EXT EL-POLE                                  -6.0814031045836E+02
 ::: EXT EL-SPHEROPOLE                             7.3679101921731E+00
 ::: BIELET ZONE E-E                               7.4110927915528E+02
 ::: TOTAL E-E                                     1.4033687888909E+02
 ::: TOTAL E-N + N-E                              -9.1124898712879E+02
 ::: TOTAL N-N                                    -7.9052761783279E+01
 ::: KINETIC ENERGY                                4.4731875320910E+02
 ::: PSEUDO TOTAL   ENERGY                        -4.0264611681388E+02
 ::: VIRIAL COEFFICIENT                            1.0525582150166E+00
 TTTTTTTTTTTTTTTTTTTTTTTTTTTTTT MONMO3      TELAPSE     2253.75 TCPU     2057.75
 NUMERICALLY INTEGRATED DENSITY     64.0000063227
 TTTTTTTTTTTTTTTTTTTTTTTTTTTTTT NUMDFT      TELAPSE     2255.66 TCPU     2059.61
 CYC   3 ETOT(AU) -4.499792065565E+02 DETOT -7.36E-09 tst  5.40E-12 PX  7.27E-06

 == SCF ENDED - CONVERGENCE ON ENERGY      E(AU) -4.4997920655646E+02 CYCLES   3


 ENERGY EXPRESSION=HARTREE+FOCK EXCH*0.20000+(BECKE      EXCH)*0.80000+LYP        CORR


 TOTAL ENERGY(DFT)(AU)(  3) -4.4997920655646E+02 DE-7.4E-09 tester 5.4E-12
 TTTTTTTTTTTTTTTTTTTTTTTTTTTTTT EDFT        TELAPSE     2255.66 TCPU     2059.61

 *******************************************************************************
 *                             FORCE CALCULATION                               *
 *******************************************************************************

 TTTTTTTTTTTTTTTTTTTTTTTTTTTTTT NUMDFG      TELAPSE     2324.63 TCPU     2126.83
 INFORMATION **** EXCPOG **** EXCH. BIPO BUFFER LENGTH (WORDS) =     1328580
 INFORMATION **** GENPOG **** BIPO BUFFER LENGTH (WORDS) =      299600
 TTTTTTTTTTTTTTTTTTTTTTTTTTTTTT SHELXG      TELAPSE     2371.39 TCPU     2173.22

 CARTESIAN FORCES IN HARTREE/BOHR (ANALYTICAL)
   ATOM                     X                   Y                   Z
   1   6             2.789435349371E-15  1.804112415016E-16 -1.438150540323E-06
   2   6            -1.998401444325E-15  1.498801083244E-15  1.438150532440E-06
   3   8             1.137978600241E-15 -1.040834085586E-15 -6.428412177950E-05
   4   8            -3.053113317719E-16  6.383782391595E-16  6.428412177950E-05
   5   7            -5.571673772131E-06 -5.571673765026E-06  2.233376436100E-05
   6   7             5.571673770799E-06  5.571673765914E-06  2.233376435834E-05
   7   7            -5.571673765470E-06  5.571673761029E-06 -2.233376435568E-05
   8   7             5.571673764582E-06 -5.571673765470E-06 -2.233376435656E-05
   9   1             7.913430093875E-06  7.913430092321E-06 -3.527763487920E-05
  10   1            -7.913430094542E-06 -7.913430092987E-06 -3.527763487898E-05
  11   1             7.913430093875E-06 -7.913430094542E-06  3.527763487887E-05
  12   1            -7.913430093653E-06  7.913430094098E-06  3.527763487887E-05
  13   1             4.468011274295E-07  4.468011262082E-07  3.747857309122E-05
  14   1            -4.468011278180E-07 -4.468011261527E-07  3.747857309189E-05
  15   1             4.468011285952E-07 -4.468011262637E-07 -3.747857309166E-05
  16   1            -4.468011268188E-07  4.468011273739E-07 -3.747857309166E-05

 RESULTANT FORCE     3.469446951954E-16 -2.220446049250E-15 -1.443289932013E-15

 ATOMIC PART

 SYMMETRY ALLOWED FORCES (ANALYTICAL) (DIRECTION, FORCE)

    1 -1.9999996E-06    2 -8.9398303E-05    3 -1.5571265E-05    4  4.3924061E-05
    5  2.2115817E-05    6 -6.9380914E-05    7  1.2486838E-06    8  7.3709524E-05

 CELL PART

 GRADIENT WITH RESPECT TO THE CELL PARAMETER IN HARTREE/BOHR
ORDER: -D/DA1X, -D/DA1Y, -D/DA1Z
       -D/DA2X, -D/DA2Y, -D/DA2Z
       -D/DA3X, -D/DA3Y, -D/DA3Z
 -0.133562865345E-04  0.593305802135E-15  0.968947074222E-15
 -0.287066361923E-15 -0.133562865345E-04 -0.184976316177E-15
  0.865948052015E-15 -0.279196445508E-15 -0.402373772070E-04

STRESS TENSOR, IN HARTREE/BOHR^3:
ORDER: 11 12 13
       21 22 23
       31 32 33
  0.147673358817E-06  0.317394013365E-17 -0.802005457276E-17
 -0.655986679981E-17  0.147673358817E-06  0.258580260593E-17
 -0.107131326208E-16  0.204518477802E-17  0.372662032456E-06

PRESSURE FROM THE STRESS TENSOR,
IN HARTREE/BOHR^3: -0.22267E-06
PRESSURE IN GIGAPASCAL: -0.6551E-02
CONVERSION FACTOR: 1 HARTREE/BOHR^3= 29421 GIGAPASCAL
WHEN USING VALUES FOR BOHR RADIUS AND HARTREE
FROM IUPAC WEBSITE, APRIL 2009
ENTHALPY: -4.4997941582393E+02

 SYMMETRY ALLOWED FORCES (ANALYTICAL) (DIRECTION, FORCE)

    1 -3.2478838E-05    2  1.7173178E-05
 TTTTTTTTTTTTTTTTTTTTTTTTTTTTTT TOTGRA_C    TELAPSE     2376.06 TCPU     2177.89
 INFORMATION **** optc011 **** GEOMETRY OUTPUT FILE

 GCALCO - MAX INDICES DIRECT LATTICE VECTOR    14    14    16
 NO.OF VECTORS CREATED 6999 STARS  525 RMAX   116.16818 BOHR
 TTTTTTTTTTTTTTTTTTTTTTTTTTTTTT gordsh1     TELAPSE     2376.26 TCPU     2178.09

 MATRIX SIZE: P(G)  112304, F(G)   19194, P(G) IRR   11255, F(G) IRR    4451
 MAX G-VECTOR INDEX FOR 1- AND 2-ELECTRON INTEGRALS  81

 TTTTTTTTTTTTTTTTTTTTTTTTTTTTTT INPUT       TELAPSE     2376.26 TCPU     2178.09

 NEIGHBORS OF THE NON-EQUIVALENT ATOMS

 N = NUMBER OF NEIGHBORS AT DISTANCE R
    ATOM  N     R/ANG      R/AU   NEIGHBORS (ATOM LABELS AND CELL INDICES)
   1 C    1     1.2773     2.4138    3 O    0 0 1
   1 C    2     1.3447     2.5412    5 N    0 1 0    6 N    0 0 0
   1 C    2     2.0501     3.8740    9 H    0 1 0   10 H    0 0 0
   1 C    2     2.0501     3.8741   13 H    0 1 0   14 H    0 0 0
   1 C    2     2.6327     4.9752   11 H    0 1 1   12 H    0 0 1
   1 C    2     3.0260     5.7183   15 H    0 1 0   16 H    0 0 0

   3 O    1     1.2773     2.4138    1 C    0 0-1
   3 O    2     1.9427     3.6712   11 H    0 1 0   12 H    0 0 0
   3 O    2     1.9641     3.7116   13 H    0 1 0   14 H    0 0 0
   3 O    2     2.2869     4.3216    5 N    0 1-1    6 N    0 0-1
   3 O    2     2.5241     4.7698    9 H    0 1-1   10 H    0 0-1
   3 O    2     2.8678     5.4194    5 N    0 1 0    6 N    0 0 0

   5 N    1     1.0159     1.9197   13 H    0 0 0
   5 N    1     1.0176     1.9231    9 H    0 0 0
   5 N    1     1.3447     2.5412    1 C    0-1 0
   5 N    1     2.2869     4.3216    3 O    0-1 1
   5 N    1     2.2954     4.3377    6 N    0-1 0
   5 N    1     2.4859     4.6976   14 H    0-1 0

   9 H    1     1.0176     1.9231    5 N    0 0 0
   9 H    1     1.7639     3.3333   13 H    0 0 0
   9 H    1     1.9427     3.6712    4 O    0 0 0
   9 H    1     2.0501     3.8740    1 C    0-1 0
   9 H    2     2.3887     4.5140   15 H    1 0 0   16 H    0 0 0
   9 H    1     2.5241     4.7698    3 O    0-1 1

  13 H    1     1.0159     1.9197    5 N    0 0 0
  13 H    1     1.7639     3.3333    9 H    0 0 0
  13 H    1     1.9641     3.7116    3 O    0-1 0
  13 H    1     2.0501     3.8741    1 C    0-1 0
  13 H    1     2.2425     4.2377   14 H    0-1 0
  13 H    2     2.3887     4.5140   11 H    0 0 0   12 H    0-1 0

 TTTTTTTTTTTTTTTTTTTTTTTTTTTTTT SYMM        TELAPSE     2376.27 TCPU     2178.09

 ***** NEW REFERENCE GEOMETRY *****
 TTTTTTTTTTTTTTTTTTTTTTTTTTTTTT INT_SCREEN  TELAPSE     2376.27 TCPU     2178.09
 INFORMATION **** EXCBUF **** EXCH. BIPO BUFFER: WORDS USED =      334449

 DFT PARAMETERS

     ATOM       ELECTRONS   NET CHARGE   R(ANGSTROM)
   1   6  C       6.0000      0.0000     0.77000000
   3   8  O       8.0000      0.0000     0.74000000
   5   7  N       7.0000      0.0000     0.74000000
   9   1  H       1.0000      0.0000     1.11000000

 SIZE OF GRID=      51831
 TTTTTTTTTTTTTTTTTTTTTTTTTTTTTT MAKE_GRID2  TELAPSE     2381.54 TCPU     2183.36
 BECKE WEIGHT FUNCTION
 RADSAFE =     2.00
 TOLERANCES - DENSITY:10**- 6; POTENTIAL:10**- 9; GRID WGT:10**-14

 RADIAL INTEGRATION  - INTERVALS (POINTS,UPPER LIMIT):            1( 75,  4.0*R)

 ANGULAR INTEGRATION - INTERVALS (ACCURACY LEVEL [N. POINTS] UPPER LIMIT):
  1(  4[  86]   0.2)  2(  8[ 194]   0.5)  3( 12[ 350]   0.9)  4( 16[ 974]   3.5)
  5( 12[ 350]9999.0)

 *******************************************************************************
 UREA BULK BASE 6-21 + POLARIZATION                                              
 CRYSTAL - SCF - TYPE OF CALCULATION :  RESTRICTED CLOSED SHELL
 *******************************************************************************

 CAPPA:IS1  2;IS2  2;IS3  2; K PTS MONK NET   6; SYMMOPS:K SPACE  16;G SPACE   8

 TTTTTTTTTTTTTTTTTTTTTTTTTTTTTT SDIK        TELAPSE     2381.58 TCPU     2183.40

 INFORMATION FROM INTEGRAL EVALUATION

 RESTART FROM A PREVIOUS DENSITY MATRIX - DEP ACTIVE
 NUMBER OF COUPLE SETS (NEW, OLD, FOUND):     363     363     363
 NUMBER OF IRREDUCIBLE G VECTORS        :    1622    1621    1621
 CHARGE NORMALIZATION FACTOR   0.99999902
 TOTAL ATOMIC CHARGES:
   5.0815088   5.0815088   8.6087072   8.6087072   7.5900803   7.5900803
   7.5900803   7.5900803   0.7832818   0.7832818   0.7832818   0.7832818
   0.7815298   0.7815298   0.7815298   0.7815298
 TTTTTTTTTTTTTTTTTTTTTTTTTTTTTT MOQGAD      TELAPSE     2381.60 TCPU     2183.42
 TTTTTTTTTTTTTTTTTTTTTTTTTTTTTT SHELLXN     TELAPSE     2387.71 TCPU     2189.53
 TTTTTTTTTTTTTTTTTTTTTTTTTTTTTT MONMO3      TELAPSE     2387.90 TCPU     2189.72
 NUMERICALLY INTEGRATED DENSITY     64.0000079055
 TTTTTTTTTTTTTTTTTTTTTTTTTTTTTT NUMDFT      TELAPSE     2389.78 TCPU     2191.61
 CYC   0 ETOT(AU) -4.499789876345E+02 DETOT -4.50E+02 tst  5.40E-12 PX  1.00E+00
 TTTTTTTTTTTTTTTTTTTTTTTTTTTTTT DIIS        TELAPSE     2389.79 TCPU     2191.61
 TTTTTTTTTTTTTTTTTTTTTTTTTTTTTT FDIK        TELAPSE     2389.81 TCPU     2191.63
 INSULATING STATE
 TOP OF VALENCE BANDS -    BAND     32; K    1; EIG -2.2901206E-01 AU
 BOTTOM OF VIRTUAL BANDS - BAND     33; K    1; EIG  6.2410979E-02 AU
 DIRECT ENERGY BAND GAP:   7.9300 eV
 TTTTTTTTTTTTTTTTTTTTTTTTTTTTTT PDIG        TELAPSE     2389.81 TCPU     2191.64
 CHARGE NORMALIZATION FACTOR   1.00000000
 TOTAL ATOMIC CHARGES:
   5.0813991   5.0813991   8.6087292   8.6087292   7.5901352   7.5901352
   7.5901352   7.5901352   0.7832596   0.7832596   0.7832596   0.7832596
   0.7815410   0.7815410   0.7815410   0.7815410
 TTTTTTTTTTTTTTTTTTTTTTTTTTTTTT MOQGAD      TELAPSE     2389.83 TCPU     2191.66
 TTTTTTTTTTTTTTTTTTTTTTTTTTTTTT SHELLXN     TELAPSE     2396.24 TCPU     2198.06
 TTTTTTTTTTTTTTTTTTTTTTTTTTTTTT MONMO3      TELAPSE     2396.43 TCPU     2198.25
 NUMERICALLY INTEGRATED DENSITY     64.0000079041
 TTTTTTTTTTTTTTTTTTTTTTTTTTTTTT NUMDFT      TELAPSE     2398.31 TCPU     2200.13
 CYC   1 ETOT(AU) -4.499791899069E+02 DETOT -2.02E-04 tst  0.00E+00 PX  6.51E-04
 TTTTTTTTTTTTTTTTTTTTTTTTTTTTTT DIIS        TELAPSE     2398.32 TCPU     2200.14
 DIIS TEST: 0.71351E-08 AT SCF   CYCLE   1 - MIX   30 %
 TTTTTTTTTTTTTTTTTTTTTTTTTTTTTT FDIK        TELAPSE     2398.33 TCPU     2200.15
 INSULATING STATE
 TOP OF VALENCE BANDS -    BAND     32; K    1; EIG -2.2900578E-01 AU
 BOTTOM OF VIRTUAL BANDS - BAND     33; K    1; EIG  6.2413511E-02 AU
 DIRECT ENERGY BAND GAP:   7.9299 eV
 TTTTTTTTTTTTTTTTTTTTTTTTTTTTTT PDIG        TELAPSE     2398.34 TCPU     2200.16
 CHARGE NORMALIZATION FACTOR   1.00000000
 TOTAL ATOMIC CHARGES:
   5.0814547   5.0814547   8.6087060   8.6087060   7.5901059   7.5901059
   7.5901059   7.5901059   0.7832682   0.7832682   0.7832682   0.7832682
   0.7815456   0.7815456   0.7815456   0.7815456
 TTTTTTTTTTTTTTTTTTTTTTTTTTTTTT MOQGAD      TELAPSE     2398.36 TCPU     2200.18
 TTTTTTTTTTTTTTTTTTTTTTTTTTTTTT SHELLXN     TELAPSE     2404.44 TCPU     2206.26
 TTTTTTTTTTTTTTTTTTTTTTTTTTTTTT MONMO3      TELAPSE     2404.63 TCPU     2206.46
 NUMERICALLY INTEGRATED DENSITY     64.0000079041
 TTTTTTTTTTTTTTTTTTTTTTTTTTTTTT NUMDFT      TELAPSE     2406.54 TCPU     2208.36
 CYC   2 ETOT(AU) -4.499791898890E+02 DETOT  1.79E-08 tst  4.04E-11 PX  6.90E-06
 TTTTTTTTTTTTTTTTTTTTTTTTTTTTTT DIIS        TELAPSE     2406.55 TCPU     2208.37
 DIIS TEST: 0.22463E-08 AT SCF   CYCLE   2 - DIIS ACTIVE - HISTORY:     2 CYCLES
 TTTTTTTTTTTTTTTTTTTTTTTTTTTTTT FDIK        TELAPSE     2406.56 TCPU     2208.38
 INSULATING STATE
 TOP OF VALENCE BANDS -    BAND     32; K    1; EIG -2.2900741E-01 AU
 BOTTOM OF VIRTUAL BANDS - BAND     33; K    1; EIG  6.2412723E-02 AU
 DIRECT ENERGY BAND GAP:   7.9299 eV
 TTTTTTTTTTTTTTTTTTTTTTTTTTTTTT PDIG        TELAPSE     2406.57 TCPU     2208.39
 CHARGE NORMALIZATION FACTOR   1.00000000
 TOTAL ATOMIC CHARGES:
   5.0814277   5.0814277   8.6087162   8.6087162   7.5901183   7.5901183
   7.5901183   7.5901183   0.7832662   0.7832662   0.7832662   0.7832662
   0.7815435   0.7815435   0.7815435   0.7815435
 TTTTTTTTTTTTTTTTTTTTTTTTTTTTTT MOQGAD      TELAPSE     2406.59 TCPU     2208.41
 TTTTTTTTTTTTTTTTTTTTTTTTTTTTTT SHELLXN     TELAPSE     2413.06 TCPU     2214.87
 +++ ENERGIES IN A.U. +++
 ::: EXT EL-POLE                                  -6.1322030920595E+02
 ::: EXT EL-SPHEROPOLE                             7.3684608346678E+00
 ::: BIELET ZONE E-E                               7.4618257458963E+02
 ::: TOTAL E-E                                     1.4033072621834E+02
 ::: TOTAL E-N + N-E                              -9.1123571646152E+02
 ::: TOTAL N-N                                    -7.9059927349352E+01
 ::: KINETIC ENERGY                                4.4731886365644E+02
 ::: PSEUDO TOTAL   ENERGY                        -4.0264605393610E+02
 ::: VIRIAL COEFFICIENT                            1.0525584159954E+00
 TTTTTTTTTTTTTTTTTTTTTTTTTTTTTT MONMO3      TELAPSE     2413.25 TCPU     2215.07
 NUMERICALLY INTEGRATED DENSITY     64.0000079041
 TTTTTTTTTTTTTTTTTTTTTTTTTTTTTT NUMDFT      TELAPSE     2415.16 TCPU     2216.98
 CYC   3 ETOT(AU) -4.499791898954E+02 DETOT -6.47E-09 tst  8.87E-12 PX  6.90E-06

 == SCF ENDED - CONVERGENCE ON ENERGY      E(AU) -4.4997918989545E+02 CYCLES   3


 ENERGY EXPRESSION=HARTREE+FOCK EXCH*0.20000+(BECKE      EXCH)*0.80000+LYP        CORR


 TOTAL ENERGY(DFT)(AU)(  3) -4.4997918989545E+02 DE-6.5E-09 tester 8.9E-12
 TTTTTTTTTTTTTTTTTTTTTTTTTTTTTT EDFT        TELAPSE     2415.16 TCPU     2216.98

 *******************************************************************************
 *                             FORCE CALCULATION                               *
 *******************************************************************************

 TTTTTTTTTTTTTTTTTTTTTTTTTTTTTT NUMDFG      TELAPSE     2519.63 TCPU     2299.43
 INFORMATION **** EXCPOG **** EXCH. BIPO BUFFER LENGTH (WORDS) =     1337796
 INFORMATION **** GENPOG **** BIPO BUFFER LENGTH (WORDS) =      300400
 TTTTTTTTTTTTTTTTTTTTTTTTTTTTTT SHELXG      TELAPSE     2583.87 TCPU     2360.96

 CARTESIAN FORCES IN HARTREE/BOHR (ANALYTICAL)
   ATOM                     X                   Y                   Z
   1   6             4.163336342344E-17 -8.326672684689E-17  1.711923454739E-05
   2   6             1.110223024625E-16 -3.275157922644E-15 -1.711923454939E-05
   3   8            -5.551115123126E-17  4.857225732735E-16 -6.174010663607E-05
   4   8            -8.604228440845E-16 -3.053113317719E-16  6.174010663429E-05
   5   7             1.258373430346E-06  1.258373434787E-06  1.636305595110E-05
   6   7            -1.258373429902E-06 -1.258373434343E-06  1.636305595021E-05
   7   7             1.258373435675E-06 -1.258373434343E-06 -1.636305594754E-05
   8   7            -1.258373436563E-06  1.258373435231E-06 -1.636305594488E-05
   9   1            -7.366781837659E-06 -7.366781839213E-06 -3.039533808646E-05
  10   1             7.366781837437E-06  7.366781839213E-06 -3.039533808646E-05
  11   1            -7.366781838103E-06  7.366781837215E-06  3.039533808646E-05
  12   1             7.366781838103E-06 -7.366781837437E-06  3.039533808635E-05
  13   1             3.285204018377E-06  3.285204016212E-06  2.662215378724E-05
  14   1            -3.285204018599E-06 -3.285204016101E-06  2.662215378924E-05
  15   1             3.285204018433E-06 -3.285204016490E-06 -2.662215378857E-05
  16   1            -3.285204016767E-06  3.285204017711E-06 -2.662215378879E-05

 RESULTANT FORCE     1.387778780781E-17 -7.355227538142E-16  4.107825191113E-15

 ATOMIC PART

 SYMMETRY ALLOWED FORCES (ANALYTICAL) (DIRECTION, FORCE)

    1  2.3808221E-05    2 -8.5863775E-05    3  3.5165977E-06    4  3.2182666E-05
    5 -2.0586900E-05    6 -5.9781193E-05    7  9.1806937E-06    8  5.2360139E-05

 CELL PART

 GRADIENT WITH RESPECT TO THE CELL PARAMETER IN HARTREE/BOHR
ORDER: -D/DA1X, -D/DA1Y, -D/DA1Z
       -D/DA2X, -D/DA2Y, -D/DA2Z
       -D/DA3X, -D/DA3Y, -D/DA3Z
 -0.319218948608E-05 -0.687797884203E-15  0.607236123886E-15
  0.299259771212E-15 -0.319218948430E-05  0.791965575058E-15
  0.800370898985E-15  0.106651525320E-14 -0.288368454973E-04

STRESS TENSOR, IN HARTREE/BOHR^3:
ORDER: 11 12 13
       21 22 23
       31 32 33
  0.352949934797E-07 -0.330881726154E-17 -0.741356151330E-17
  0.760475590317E-17  0.352949934601E-07 -0.987876551295E-17
 -0.671401090903E-17 -0.875650393867E-17  0.267105823331E-06

PRESSURE FROM THE STRESS TENSOR,
IN HARTREE/BOHR^3: -0.11257E-06
PRESSURE IN GIGAPASCAL: -0.3312E-02
CONVERSION FACTOR: 1 HARTREE/BOHR^3= 29421 GIGAPASCAL
WHEN USING VALUES FOR BOHR RADIUS AND HARTREE
FROM IUPAC WEBSITE, APRIL 2009
ENTHALPY: -4.4997929567755E+02

 SYMMETRY ALLOWED FORCES (ANALYTICAL) (DIRECTION, FORCE)

    1 -1.6417648E-05    2  1.7692559E-05
 TTTTTTTTTTTTTTTTTTTTTTTTTTTTTT TOTGRA_C    TELAPSE     2588.87 TCPU     2365.83
 INFORMATION **** optc012 **** GEOMETRY OUTPUT FILE
